{"type": "FeatureCollection", "crs": {"type": "name", "properties": {"name": "EPSG:4326"}}, "features": [{"type": "Feature", "geometry": {"type": "Polygon", "coordinates": [[[76.89805073540278, 43.182135620867925], [76.89799982642874, 43.18213442313556], [76.89799736439305, 43.18219006486597], [76.89804827325226, 43.182191265192664], [76.89805073540278, 43.182135620867925]]]}, "properties": {"id": 0, "class": "building", "confidence": 100.0, "source": "Almaty_5", "source_model": "msft-buildings", "centroid_wkt": "POINT (76.89802405006701 43.182162843520196)", "bbox": [76.89799736439305, 43.18213442313556, 76.89805073540278, 43.182191265192664], "pixel_bbox": [4078, 3558, 4158, 3643], "area_m2": 25.612}}, {"type": "Feature", "geometry": {"type": "Polygon", "coordinates": [[[76.89838123643992, 43.18269932843952], [76.89848146903039, 43.182701804235265], [76.89848418604844, 43.18264319730468], [76.89838395907687, 43.182640721645356], [76.89838123643992, 43.18269932843952]]]}, "properties": {"id": 1, "class": "building", "confidence": 100.0, "source": "Almaty_5", "source_model": "msft-buildings", "centroid_wkt": "POINT (76.89843271263585 43.18267126317998)", "bbox": [76.89838123643992, 43.182640721645356, 76.89848418604844, 43.182701804235265], "pixel_bbox": [4651, 2796, 4804, 2888], "area_m2": 53.116}}, {"type": "Feature", "geometry": {"type": "Polygon", "coordinates": [[[76.89866951667692, 43.18342646844944], [76.8986078528737, 43.183425527520484], [76.89860622582624, 43.183482220208354], [76.89866788962946, 43.18348316113643], [76.89866951667692, 43.18342646844944]]]}, "properties": {"id": 2, "class": "building", "confidence": 100.0, "source": "Almaty_5", "source_model": "msft-buildings", "centroid_wkt": "POINT (76.89863787125151 43.18345434432867)", "bbox": [76.89860622582624, 43.183425527520484, 76.89866951667692, 43.18348316113643], "pixel_bbox": [4986, 1631, 5081, 1717], "area_m2": 31.588}}, {"type": "Feature", "geometry": {"type": "Polygon", "coordinates": [[[76.90162277168126, 43.18447546359241], [76.90162372140568, 43.18450981905069], [76.90164651721716, 43.18450948517516], [76.90164651721716, 43.184475114594896], [76.90162277168126, 43.18447546359241]]]}, "properties": {"id": 3, "class": "building", "confidence": 100.0, "source": "Almaty_5", "source_model": "msft-buildings", "centroid_wkt": "POINT (76.90163488033227 43.18449235373146)", "bbox": [76.90162277168126, 43.184475114594896, 76.90164651721716, 43.18450981905069], "pixel_bbox": [9485, 100, 9521, 152], "area_m2": 7.224}}, {"type": "Feature", "geometry": {"type": "Polygon", "coordinates": [[[76.895780310814, 43.182940700438806], [76.89578144970726, 43.18296496518469], [76.8958874832446, 43.18296232446869], [76.89588634642449, 43.18293805425872], [76.895780310814, 43.182940700438806]]]}, "properties": {"id": 4, "class": "building", "confidence": 100.0, "source": "Almaty_5", "source_model": "msft-buildings", "centroid_wkt": "POINT (76.89583389951396 43.18295151099427)", "bbox": [76.895780310814, 43.18293805425872, 76.8958874832446, 43.18296496518469], "pixel_bbox": [772, 2404, 932, 2444], "area_m2": 23.268}}, {"type": "Feature", "geometry": {"type": "Polygon", "coordinates": [[[76.8956891398479, 43.182737271732265], [76.89569386524546, 43.182856475777854], [76.89587878316472, 43.18285257825698], [76.89587405776716, 43.182733374203785], [76.8956891398479, 43.182737271732265]]]}, "properties": {"id": 5, "class": "building", "confidence": 100.0, "source": "Almaty_5", "source_model": "msft-buildings", "centroid_wkt": "POINT (76.89578396150729 43.182794924992685)", "bbox": [76.8956891398479, 43.182733374203785, 76.89587878316472, 43.182856475777854], "pixel_bbox": [636, 2566, 919, 2749], "area_m2": 199.258}}, {"type": "Feature", "geometry": {"type": "Polygon", "coordinates": [[[76.8988645373317, 43.18425046817807], [76.8988830715067, 43.184387998359334], [76.89901855594653, 43.18437829091175], [76.89902273266202, 43.184409283590796], [76.89908243414477, 43.184405005986775], [76.89905970723326, 43.184236484240685], [76.8988645373317, 43.18425046817807]]]}, "properties": {"id": 6, "class": "building", "confidence": 100.0, "source": "Almaty_5", "source_model": "msft-buildings", "centroid_wkt": "POINT (76.89897649361401 43.18431736238945)", "bbox": [76.8988645373317, 43.184236484240685, 76.89908243414477, 43.184409283590796], "pixel_bbox": [5372, 250, 5697, 508], "area_m2": 261.65}}, {"type": "Feature", "geometry": {"type": "Polygon", "coordinates": [[[76.90120084891225, 43.182108150803494], [76.90119427721811, 43.18226446926449], [76.90135935479799, 43.18226815925959], [76.90136594148191, 43.182111841143104], [76.90120084891225, 43.182108150803494]]]}, "properties": {"id": 7, "class": "building", "confidence": 100.0, "source": "Almaty_5", "source_model": "msft-buildings", "centroid_wkt": "POINT (76.90128010565152 43.1821881539348)", "bbox": [76.90119427721811, 43.182108150803494, 76.90136594148191, 43.18226815925959], "pixel_bbox": [8846, 3443, 9102, 3682], "area_m2": 233.3}}, {"type": "Feature", "geometry": {"type": "Polygon", "coordinates": [[[76.89544405359453, 43.18283287955161], [76.8953946764988, 43.182833625445085], [76.89539663668286, 43.18290285268541], [76.89544602049197, 43.182902109211625], [76.89544405359453, 43.18283287955161]]]}, "properties": {"id": 8, "class": "building", "confidence": 100.0, "source": "Almaty_5", "source_model": "msft-buildings", "centroid_wkt": "POINT (76.89542034698884 43.18286786749714)", "bbox": [76.8953946764988, 43.18283287955161, 76.89544602049197, 43.18290285268541], "pixel_bbox": [197, 2497, 274, 2601], "area_m2": 30.889}}, {"type": "Feature", "geometry": {"type": "Polygon", "coordinates": [[[76.8959495468714, 43.18098709101936], [76.89588252238812, 43.18098604430641], [76.89587781416208, 43.181146350714016], [76.89594483864536, 43.181147397424205], [76.8959495468714, 43.18098709101936]]]}, "properties": {"id": 9, "class": "building", "confidence": 100.0, "source": "Almaty_5", "source_model": "msft-buildings", "centroid_wkt": "POINT (76.89591368051664 43.18106672086598)", "bbox": [76.89587781416208, 43.18098604430641, 76.8959495468714, 43.181147397424205], "pixel_bbox": [918, 5115, 1025, 5355], "area_m2": 97.091}}, {"type": "Feature", "geometry": {"type": "Polygon", "coordinates": [[[76.90045894432014, 43.182760086996325], [76.90046305252315, 43.1826839284215], [76.90039988105114, 43.18268211981338], [76.90039578014685, 43.18275827859943], [76.90045894432014, 43.182760086996325]]]}, "properties": {"id": 10, "class": "building", "confidence": 100.0, "source": "Almaty_5", "source_model": "msft-buildings", "centroid_wkt": "POINT (76.90042941454969 43.18272110272432)", "bbox": [76.90039578014685, 43.18268211981338, 76.90046305252315, 43.182760086996325], "pixel_bbox": [7655, 2710, 7756, 2826], "area_m2": 43.518}}, {"type": "Feature", "geometry": {"type": "Polygon", "coordinates": [[[76.89535081620137, 43.18103578897026], [76.89535413140959, 43.1809525592894], [76.89526218920946, 43.180950607283336], [76.89526218920946, 43.181033911874394], [76.89535081620137, 43.18103578897026]]]}, "properties": {"id": 11, "class": "building", "confidence": 100.0, "source": "Almaty_5", "source_model": "msft-buildings", "centroid_wkt": "POINT (76.89530733616357 43.18099296204429)", "bbox": [76.89526218920946, 43.180950607283336, 76.89535413140959, 43.18103578897026], "pixel_bbox": [0, 5281, 137, 5408], "area_m2": 67.931}}, {"type": "Feature", "geometry": {"type": "Polygon", "coordinates": [[[76.90008435868303, 43.18424056918973], [76.89994493640555, 43.1842425471907], [76.89994693919024, 43.184317873490485], [76.90008636165682, 43.184315902604375], [76.90008435868303, 43.18424056918973]]]}, "properties": {"id": 12, "class": "building", "confidence": 100.0, "source": "Almaty_5", "source_model": "msft-buildings", "centroid_wkt": "POINT (76.90001565008126 43.184279223103275)", "bbox": [76.89994493640555, 43.18424056918973, 76.90008636165682, 43.184317873490485], "pixel_bbox": [6983, 386, 7194, 502], "area_m2": 94.894}}, {"type": "Feature", "geometry": {"type": "Polygon", "coordinates": [[[76.90091684377349, 43.183551974735025], [76.90093389629996, 43.183597469859194], [76.90098630681433, 43.18358702254122], [76.90096925428786, 43.18354152740924], [76.90091684377349, 43.183551974735025]]]}, "properties": {"id": 13, "class": "building", "confidence": 100.0, "source": "Almaty_5", "source_model": "msft-buildings", "centroid_wkt": "POINT (76.90095157529453 43.183569498635826)", "bbox": [76.90091684377349, 43.18354152740924, 76.90098630681433, 43.183597469859194], "pixel_bbox": [8432, 1461, 8536, 1544], "area_m2": 23.145}}, {"type": "Feature", "geometry": {"type": "Polygon", "coordinates": [[[76.90121086317788, 43.18160805623503], [76.90129928875254, 43.18161008248253], [76.90130088865111, 43.181572958259004], [76.90121246307645, 43.18157093201027], [76.90121086317788, 43.18160805623503]]]}, "properties": {"id": 14, "class": "building", "confidence": 100.0, "source": "Almaty_5", "source_model": "msft-buildings", "centroid_wkt": "POINT (76.90125587591425 43.1815905072467)", "bbox": [76.90121086317788, 43.18157093201027, 76.90130088865111, 43.18161008248253], "pixel_bbox": [8871, 4425, 9005, 4483], "area_m2": 29.679}}, {"type": "Feature", "geometry": {"type": "Polygon", "coordinates": [[[76.89635858440825, 43.18394353294037], [76.89635665133882, 43.18387706693174], [76.89628012048789, 43.183878250331006], [76.89628205993421, 43.18394471623974], [76.89635858440825, 43.18394353294037]]]}, "properties": {"id": 15, "class": "building", "confidence": 100.0, "source": "Almaty_5", "source_model": "msft-buildings", "centroid_wkt": "POINT (76.89631935402898 43.183910891149175)", "bbox": [76.89628012048789, 43.18387706693174, 76.89635858440825, 43.18394471623974], "pixel_bbox": [1518, 943, 1635, 1044], "area_m2": 45.961}}, {"type": "Feature", "geometry": {"type": "Polygon", "coordinates": [[[76.89628778226634, 43.1816590893104], [76.89637085497941, 43.18165726203682], [76.89636952324418, 43.18162514429011], [76.89631760609203, 43.18162628891386], [76.89631598938054, 43.181587207846654], [76.8962848302476, 43.181587894816246], [76.89628778226634, 43.1816590893104]]]}, "properties": {"id": 16, "class": "building", "confidence": 100.0, "source": "Almaty_5", "source_model": "msft-buildings", "centroid_wkt": "POINT (76.89632005630493 43.18163114133944)", "bbox": [76.8962848302476, 43.181587207846654, 76.89637085497941, 43.1816590893104], "pixel_bbox": [1525, 4352, 1653, 4459], "area_m2": 35.127}}, {"type": "Feature", "geometry": {"type": "Polygon", "coordinates": [[[76.89799356911563, 43.18268261972452], [76.89804977265534, 43.182680703701344], [76.8980427054912, 43.182570480599445], [76.89798650213496, 43.18257239948812], [76.89799356911563, 43.18268261972452]]]}, "properties": {"id": 17, "class": "building", "confidence": 100.0, "source": "Almaty_5", "source_model": "msft-buildings", "centroid_wkt": "POINT (76.89801813747104 43.18262655087416)", "bbox": [76.89798650213496, 43.182570480599445, 76.89804977265534, 43.18268261972452], "pixel_bbox": [4062, 2825, 4157, 2992], "area_m2": 56.074}}, {"type": "Feature", "geometry": {"type": "Polygon", "coordinates": [[[76.89880565352351, 43.18223565059941], [76.89881709197338, 43.18216624351353], [76.89858970568677, 43.1821463184859], [76.89856460464405, 43.18229862842622], [76.89867300973415, 43.182308127544424], [76.89868667232706, 43.18222522472552], [76.89880565352351, 43.18223565059941]]]}, "properties": {"id": 18, "class": "building", "confidence": 100.0, "source": "Almaty_5", "source_model": "msft-buildings", "centroid_wkt": "POINT (76.89867154080468 43.182216724555424)", "bbox": [76.89856460464405, 43.1821463184859, 76.89881709197338, 43.182308127544424], "pixel_bbox": [4924, 3384, 5301, 3625], "area_m2": 226.949}}, {"type": "Feature", "geometry": {"type": "Polygon", "coordinates": [[[76.9012510401005, 43.183139899561745], [76.90125055083652, 43.183118391799816], [76.90131222474649, 43.18311764900134], [76.9013115324185, 43.18308721464773], [76.90135597492977, 43.18308667711529], [76.90135358322281, 43.182981093392], [76.9012677760437, 43.18298213123216], [76.90126842110982, 43.18301060818374], [76.9011692064443, 43.183011803123925], [76.90117212964509, 43.18314084995627], [76.9012510401005, 43.183139899561745]]]}, "properties": {"id": 19, "class": "building", "confidence": 100.0, "source": "Almaty_5", "source_model": "msft-buildings", "centroid_wkt": "POINT (76.90126001036141 43.18305969490043)", "bbox": [76.9011692064443, 43.182981093392, 76.90135597492977, 43.18314084995627], "pixel_bbox": [8809, 2142, 9087, 2380], "area_m2": 204.949}}, {"type": "Feature", "geometry": {"type": "Polygon", "coordinates": [[[76.89561583754347, 43.1812736398479], [76.8956964107509, 43.18128193390779], [76.89571312477518, 43.18119564128993], [76.89563254344714, 43.181187346382394], [76.89561583754347, 43.1812736398479]]]}, "properties": {"id": 20, "class": "building", "confidence": 100.0, "source": "Almaty_5", "source_model": "msft-buildings", "centroid_wkt": "POINT (76.89566447926866 43.18123463963199)", "bbox": [76.89561583754347, 43.181187346382394, 76.89571312477518, 43.18128193390779], "pixel_bbox": [527, 4914, 672, 5055], "area_m2": 64.055}}, {"type": "Feature", "geometry": {"type": "Polygon", "coordinates": [[[76.89763248740638, 43.184464943334994], [76.8975682068886, 43.1844631653561], [76.89756257134968, 43.184571489838625], [76.89762685169704, 43.184573271090045], [76.89763248740638, 43.184464943334994]]]}, "properties": {"id": 21, "class": "building", "confidence": 100.0, "source": "Almaty_5", "source_model": "msft-buildings", "centroid_wkt": "POINT (76.89759752949726 43.184518217409405)", "bbox": [76.89756257134968, 43.1844631653561, 76.89763248740638, 43.184573271090045], "pixel_bbox": [3430, 6, 3534, 170], "area_m2": 62.981}}, {"type": "Feature", "geometry": {"type": "Polygon", "coordinates": [[[76.90017846631096, 43.183082050658946], [76.9001773592976, 43.18305860899054], [76.90009698832576, 43.183060626995676], [76.90009772633465, 43.18307625477509], [76.90003610858959, 43.1830778019119], [76.90004247391657, 43.18321259133996], [76.900235364249, 43.18320774813961], [76.90022936792649, 43.18308077258949], [76.90017846631096, 43.183082050658946]]]}, "properties": {"id": 22, "class": "building", "confidence": 100.0, "source": "Almaty_5", "source_model": "msft-buildings", "centroid_wkt": "POINT (76.90013481393785 43.183140218159444)", "bbox": [76.90003610858959, 43.18305860899054, 76.900235364249, 43.18321259133996], "pixel_bbox": [7119, 2035, 7416, 2264], "area_m2": 242.866}}, {"type": "Feature", "geometry": {"type": "Polygon", "coordinates": [[[76.90062611665276, 43.182498439307906], [76.90062961381972, 43.182609861843055], [76.90060390228561, 43.18261029092167], [76.90060519465362, 43.18265134121209], [76.90072473041943, 43.18264934637943], [76.90071994482255, 43.18249687348395], [76.90062611665276, 43.182498439307906]]]}, "properties": {"id": 23, "class": "building", "confidence": 100.0, "source": "Almaty_5", "source_model": "msft-buildings", "centroid_wkt": "POINT (76.90067143738207 43.18257778885022)", "bbox": [76.90060390228561, 43.18249687348395, 76.90072473041943, 43.18265134121209], "pixel_bbox": [7966, 2872, 8146, 3102], "area_m2": 138.819}}, {"type": "Feature", "geometry": {"type": "Polygon", "coordinates": [[[76.89549282784469, 43.18260478000745], [76.89564289436395, 43.18260147152569], [76.89563803298653, 43.182484230369596], [76.89548796646727, 43.18248753885771], [76.89549282784469, 43.18260478000745]]]}, "properties": {"id": 24, "class": "building", "confidence": 100.0, "source": "Almaty_5", "source_model": "msft-buildings", "centroid_wkt": "POINT (76.89556543041628 43.18254450519007)", "bbox": [76.89548796646727, 43.182484230369596, 76.89564289436395, 43.18260478000745], "pixel_bbox": [336, 2941, 567, 3121], "area_m2": 159.055}}, {"type": "Feature", "geometry": {"type": "Polygon", "coordinates": [[[76.89981812010753, 43.18287103436228], [76.89982047452027, 43.18285162828462], [76.89976458552971, 43.182848023056295], [76.89975540331992, 43.182923706728744], [76.89976072608096, 43.18292405008341], [76.8997531919601, 43.18298614943654], [76.89984480382552, 43.18299205902509], [76.89984986826136, 43.18295028280165], [76.89995254178216, 43.18295690070623], [76.8999618346547, 43.18288030494545], [76.89981812010753, 43.18287103436228]]]}, "properties": {"id": 25, "class": "building", "confidence": 100.0, "source": "Almaty_5", "source_model": "msft-buildings", "centroid_wkt": "POINT (76.89984372370958 43.18291988337962)", "bbox": [76.8997531919601, 43.182848023056295, 76.8999618346547, 43.18299205902509], "pixel_bbox": [6697, 2364, 7008, 2578], "area_m2": 182.9}}, {"type": "Feature", "geometry": {"type": "Polygon", "coordinates": [[[76.89984125581515, 43.182225845422316], [76.89983939750024, 43.182372518906476], [76.89996545056528, 43.18237336806773], [76.89996730888018, 43.18222669458561], [76.89984125581515, 43.182225845422316]]]}, "properties": {"id": 26, "class": "building", "confidence": 100.0, "source": "Almaty_5", "source_model": "msft-buildings", "centroid_wkt": "POINT (76.89990335319007 43.182299606745524)", "bbox": [76.89983939750024, 43.182225845422316, 76.89996730888018, 43.18237336806773], "pixel_bbox": [6826, 3286, 7016, 3506], "area_m2": 167.005}}, {"type": "Feature", "geometry": {"type": "Polygon", "coordinates": [[[76.90046806017433, 43.18302417258045], [76.90039300974446, 43.18302560504201], [76.90039511457225, 43.18308423854272], [76.90047016500212, 43.18308280608253], [76.90046806017433, 43.18302417258045]]]}, "properties": {"id": 27, "class": "building", "confidence": 100.0, "source": "Almaty_5", "source_model": "msft-buildings", "centroid_wkt": "POINT (76.90043158737343 43.18305420556192)", "bbox": [76.90039300974446, 43.18302417258045, 76.90047016500212, 43.18308423854272], "pixel_bbox": [7651, 2226, 7766, 2316], "area_m2": 39.772}}, {"type": "Feature", "geometry": {"type": "Polygon", "coordinates": [[[76.90066749525778, 43.18111696176846], [76.90065775373975, 43.18127310651258], [76.90058548366562, 43.18127070910146], [76.90057598568553, 43.18142294984847], [76.90076870588325, 43.18142934292864], [76.9007792451767, 43.18126041122479], [76.90072838829627, 43.1812587267475], [76.9007370886625, 43.181119270392394], [76.90066749525778, 43.18111696176846]]]}, "properties": {"id": 28, "class": "building", "confidence": 100.0, "source": "Almaty_5", "source_model": "msft-buildings", "centroid_wkt": "POINT (76.90068405024557 43.181307610208414)", "bbox": [76.90057598568553, 43.18111696176846, 76.9007792451767, 43.18142934292864], "pixel_bbox": [7924, 4694, 8227, 5160], "area_m2": 371.588}}, {"type": "Feature", "geometry": {"type": "Polygon", "coordinates": [[[76.8999392546432, 43.1844053743889], [76.90001814881009, 43.184402789580844], [76.90001309720307, 43.18432081370038], [76.89993421088892, 43.18432339825463], [76.8999392546432, 43.1844053743889]]]}, "properties": {"id": 29, "class": "building", "confidence": 100.0, "source": "Almaty_5", "source_model": "msft-buildings", "centroid_wkt": "POINT (76.89997617792847 43.18436309466115)", "bbox": [76.89993421088892, 43.18432081370038, 76.90001814881009, 43.1844053743889], "pixel_bbox": [6967, 256, 7092, 382], "area_m2": 58.527}}, {"type": "Feature", "geometry": {"type": "Polygon", "coordinates": [[[76.9016327002701, 43.18388574269858], [76.9016297916206, 43.18392474274953], [76.90164651721716, 43.18392540511109], [76.90164651721716, 43.18388628987311], [76.9016327002701, 43.18388574269858]]]}, "properties": {"id": 30, "class": "building", "confidence": 100.0, "source": "Almaty_5", "source_model": "msft-buildings", "centroid_wkt": "POINT (76.90163885849803 43.183906165035694)", "bbox": [76.9016297916206, 43.18388574269858, 76.90164651721716, 43.18392540511109], "pixel_bbox": [9496, 972, 9521, 1031], "area_m2": 5.395}}, {"type": "Feature", "geometry": {"type": "Polygon", "coordinates": [[[76.90091800286504, 43.1837725870425], [76.90091333365957, 43.18385066894976], [76.9010406207679, 43.18385472236701], [76.90104529745382, 43.18377664070314], [76.90091800286504, 43.1837725870425]]]}, "properties": {"id": 31, "class": "building", "confidence": 100.0, "source": "Almaty_5", "source_model": "msft-buildings", "centroid_wkt": "POINT (76.90097931370876 43.18381365438318)", "bbox": [76.90091333365957, 43.1837725870425, 76.90104529745382, 43.18385472236701], "pixel_bbox": [8427, 1077, 8624, 1200], "area_m2": 89.94}}, {"type": "Feature", "geometry": {"type": "Polygon", "coordinates": [[[76.89885859728273, 43.18106112054988], [76.8987918721824, 43.18106454292369], [76.89880182210533, 43.181167692703426], [76.89885425196462, 43.18116500354639], [76.8988506814794, 43.18112802552302], [76.89886498025216, 43.18112729213044], [76.89885859728273, 43.18106112054988]]]}, "properties": {"id": 32, "class": "building", "confidence": 100.0, "source": "Almaty_5", "source_model": "msft-buildings", "centroid_wkt": "POINT (76.89882776304545 43.18111176569547)", "bbox": [76.8987918721824, 43.18106112054988, 76.89886498025216, 43.181167692703426], "pixel_bbox": [5263, 5084, 5372, 5243], "area_m2": 57.675}}, {"type": "Feature", "geometry": {"type": "Polygon", "coordinates": [[[76.89930898239345, 43.18355857533422], [76.89930454536119, 43.183464809790344], [76.89916105636195, 43.1834684199015], [76.89916550238358, 43.18356218521365], [76.89930898239345, 43.18355857533422]]]}, "properties": {"id": 33, "class": "building", "confidence": 100.0, "source": "Almaty_5", "source_model": "msft-buildings", "centroid_wkt": "POINT (76.89923502160255 43.183513497070365)", "bbox": [76.89916105636195, 43.183464809790344, 76.89930898239345, 43.18356218521365], "pixel_bbox": [5814, 1513, 6035, 1659], "area_m2": 121.659}}, {"type": "Feature", "geometry": {"type": "Polygon", "coordinates": [[[76.89571973514676, 43.18378476627191], [76.89571746027595, 43.18382381110597], [76.89581238012785, 43.18382675145063], [76.8958146512577, 43.183787706502564], [76.89571973514676, 43.18378476627191]]]}, "properties": {"id": 34, "class": "building", "confidence": 100.0, "source": "Almaty_5", "source_model": "msft-buildings", "centroid_wkt": "POINT (76.8957660566942 43.183805758960986)", "bbox": [76.89571746027595, 43.18378476627191, 76.8958146512577, 43.18382675145063], "pixel_bbox": [678, 1119, 823, 1181], "area_m2": 33.533}}, {"type": "Feature", "geometry": {"type": "Polygon", "coordinates": [[[76.89989935035689, 43.184577091786124], [76.89989934060426, 43.1845773383975], [76.89991107956682, 43.1845773383975], [76.89989935035689, 43.184577091786124]]]}, "properties": {"id": 35, "class": "building", "confidence": 100.0, "source": "Almaty_5", "source_model": "msft-buildings", "centroid_wkt": "POINT (76.89990325684266 43.18457725619372)", "bbox": [76.89989934060426, 43.184577091786124, 76.89991107956682, 43.1845773383975], "pixel_bbox": [6915, 0, 6932, 0], "area_m2": 0.013}}, {"type": "Feature", "geometry": {"type": "Polygon", "coordinates": [[[76.89606077766871, 43.18248415938517], [76.8960086549944, 43.18249345623622], [76.89602722669055, 43.18254881788867], [76.89607934435094, 43.182539521940356], [76.89606077766871, 43.18248415938517]]]}, "properties": {"id": 36, "class": "building", "confidence": 100.0, "source": "Almaty_5", "source_model": "msft-buildings", "centroid_wkt": "POINT (76.89604400077783 43.18251648841844)", "bbox": [76.8960086549944, 43.18248415938517, 76.89607934435094, 43.18254881788867], "pixel_bbox": [1113, 3025, 1218, 3121], "area_m2": 27.621}}, {"type": "Feature", "geometry": {"type": "Polygon", "coordinates": [[[76.8962029562606, 43.18233385830593], [76.89621646649789, 43.18239398500141], [76.89628438078768, 43.18238587118302], [76.89627087130887, 43.18232574785494], [76.8962029562606, 43.18233385830593]]]}, "properties": {"id": 37, "class": "building", "confidence": 100.0, "source": "Almaty_5", "source_model": "msft-buildings", "centroid_wkt": "POINT (76.89624366839675 43.18235986562406)", "bbox": [76.8962029562606, 43.18232574785494, 76.89628438078768, 43.18239398500141], "pixel_bbox": [1402, 3256, 1524, 3357], "area_m2": 37.871}}, {"type": "Feature", "geometry": {"type": "Polygon", "coordinates": [[[76.89676517677667, 43.18274563449278], [76.89691535516819, 43.18274421661317], [76.89691462203947, 43.182703151739666], [76.89676444364795, 43.182704569620235], [76.89676517677667, 43.18274563449278]]]}, "properties": {"id": 38, "class": "building", "confidence": 100.0, "source": "Almaty_5", "source_model": "msft-buildings", "centroid_wkt": "POINT (76.89683989940835 43.182724393116466)", "bbox": [76.89676444364795, 43.182703151739666, 76.89691535516819, 43.18274563449278], "pixel_bbox": [2240, 2731, 2465, 2794], "area_m2": 55.71}}, {"type": "Feature", "geometry": {"type": "Polygon", "coordinates": [[[76.89758190741671, 43.1825114296105], [76.89750630649517, 43.18250206180969], [76.89749455179141, 43.18255250094337], [76.89757015358683, 43.18256186498644], [76.89758190741671, 43.1825114296105]]]}, "properties": {"id": 39, "class": "building", "confidence": 100.0, "source": "Almaty_5", "source_model": "msft-buildings", "centroid_wkt": "POINT (76.8975382293532 43.182531964279256)", "bbox": [76.89749455179141, 43.18250206180969, 76.89758190741671, 43.18256186498644], "pixel_bbox": [3329, 3005, 3459, 3094], "area_m2": 35.435}}, {"type": "Feature", "geometry": {"type": "Polygon", "coordinates": [[[76.89823571897072, 43.181754794737664], [76.898236385842, 43.18171764030528], [76.89822297709372, 43.18171751233848], [76.89822434593472, 43.181641247906235], [76.89813048469702, 43.18164035213747], [76.89812844898475, 43.181753771003834], [76.89823571897072, 43.181754794737664]]]}, "properties": {"id": 40, "class": "building", "confidence": 100.0, "source": "Almaty_5", "source_model": "msft-buildings", "centroid_wkt": "POINT (76.89817876466034 43.18169923707143)", "bbox": [76.89812844898475, 43.18164035213747, 76.898236385842, 43.181754794737664], "pixel_bbox": [4274, 4209, 4435, 4379], "area_m2": 100.67}}, {"type": "Feature", "geometry": {"type": "Polygon", "coordinates": [[[76.8997314344482, 43.18378507943879], [76.89968589002396, 43.183783945191315], [76.89968341944675, 43.18383668931751], [76.89972896387093, 43.18383782356402], [76.8997314344482, 43.18378507943879]]]}, "properties": {"id": 41, "class": "building", "confidence": 100.0, "source": "Almaty_5", "source_model": "msft-buildings", "centroid_wkt": "POINT (76.89970742694739 43.1838108843779)", "bbox": [76.89968341944675, 43.183783945191315, 76.8997314344482, 43.18383782356402], "pixel_bbox": [6593, 1102, 6665, 1183], "area_m2": 21.722}}, {"type": "Feature", "geometry": {"type": "Polygon", "coordinates": [[[76.90102661400988, 43.18176048068576], [76.90100880956476, 43.18188539482831], [76.90110964355047, 43.18189304184454], [76.90113765302074, 43.181696530211646], [76.9010862374385, 43.18169263358439], [76.90107602634086, 43.18176422548868], [76.90102661400988, 43.18176048068576]]]}, "properties": {"id": 42, "class": "building", "confidence": 100.0, "source": "Almaty_5", "source_model": "msft-buildings", "centroid_wkt": "POINT (76.90107688432587 43.18180496261786)", "bbox": [76.90100880956476, 43.18169263358439, 76.90113765302074, 43.18189304184454], "pixel_bbox": [8569, 4003, 8762, 4301], "area_m2": 148.606}}, {"type": "Feature", "geometry": {"type": "Polygon", "coordinates": [[[76.89773485742676, 43.18297474033613], [76.89757401596373, 43.18297753117952], [76.89757797095866, 43.1830987215157], [76.89773881242165, 43.183095930677844], [76.89773485742676, 43.18297474033613]]]}, "properties": {"id": 43, "class": "building", "confidence": 100.0, "source": "Almaty_5", "source_model": "msft-buildings", "centroid_wkt": "POINT (76.89765641419332 43.18303673092728)", "bbox": [76.89757401596373, 43.18297474033613, 76.89773881242165, 43.1830987215157], "pixel_bbox": [3447, 2205, 3693, 2389], "area_m2": 176.155}}, {"type": "Feature", "geometry": {"type": "Polygon", "coordinates": [[[76.89563563613548, 43.1841239891716], [76.89563443901389, 43.18399801057411], [76.89532476940585, 43.18399957510824], [76.8953259542872, 43.18412553796036], [76.89563563613548, 43.1841239891716]]]}, "properties": {"id": 44, "class": "building", "confidence": 100.0, "source": "Almaty_5", "source_model": "msft-buildings", "centroid_wkt": "POINT (76.89548020295253 43.18406177859716)", "bbox": [76.89532476940585, 43.18399801057411, 76.89563563613548, 43.18412553796036], "pixel_bbox": [93, 673, 556, 863], "area_m2": 352.349}}, {"type": "Feature", "geometry": {"type": "Polygon", "coordinates": [[[76.89605179755469, 43.18423427512068], [76.89605281854078, 43.184297968691716], [76.89608768246661, 43.184297669785664], [76.89608666150902, 43.1842339779933], [76.89605179755469, 43.18423427512068]]]}, "properties": {"id": 45, "class": "building", "confidence": 100.0, "source": "Almaty_5", "source_model": "msft-buildings", "centroid_wkt": "POINT (76.89606973993664 43.18426597289854)", "bbox": [76.89605179755469, 43.1842339779933, 76.89608768246661, 43.184297968691716], "pixel_bbox": [1177, 416, 1231, 512], "area_m2": 20.059}}, {"type": "Feature", "geometry": {"type": "Polygon", "coordinates": [[[76.89872587108026, 43.181811887307944], [76.89880086915274, 43.181813923545974], [76.89880878291501, 43.18165864955376], [76.89873378464775, 43.181656617132795], [76.89872587108026, 43.181811887307944]]]}, "properties": {"id": 46, "class": "building", "confidence": 100.0, "source": "Almaty_5", "source_model": "msft-buildings", "centroid_wkt": "POINT (76.89876732710259 43.18173526938925)", "bbox": [76.89872587108026, 43.181656617132795, 76.89880878291501, 43.181813923545974], "pixel_bbox": [5165, 4121, 5289, 4355], "area_m2": 105.326}}, {"type": "Feature", "geometry": {"type": "Polygon", "coordinates": [[[76.90143890485521, 43.18105415992242], [76.90144110317343, 43.181019872936844], [76.90150362596597, 43.18102200444637], [76.90150888913023, 43.180940037941696], [76.90140986416928, 43.18093666200593], [76.9014023995225, 43.18105291353046], [76.90143890485521, 43.18105415992242]]]}, "properties": {"id": 47, "class": "building", "confidence": 100.0, "source": "Almaty_5", "source_model": "msft-buildings", "centroid_wkt": "POINT (76.90145207016946 43.180986956319956)", "bbox": [76.9014023995225, 43.18093666200593, 76.90150888913023, 43.18105415992242], "pixel_bbox": [9156, 5254, 9315, 5429], "area_m2": 84.802}}, {"type": "Feature", "geometry": {"type": "Polygon", "coordinates": [[[76.89581849897795, 43.183683357094466], [76.8958236603439, 43.183534813819], [76.89575664813431, 43.18353357582917], [76.89575148676838, 43.18368211910765], [76.89581849897795, 43.183683357094466]]]}, "properties": {"id": 48, "class": "building", "confidence": 100.0, "source": "Almaty_5", "source_model": "msft-buildings", "centroid_wkt": "POINT (76.89578757355603 43.18360846646256)", "bbox": [76.89575148676838, 43.18353357582917, 76.8958236603439, 43.183683357094466], "pixel_bbox": [729, 1333, 837, 1556], "area_m2": 89.963}}, {"type": "Feature", "geometry": {"type": "Polygon", "coordinates": [[[76.89638499237087, 43.18410841890404], [76.89638928201371, 43.184178686829654], [76.89642551363302, 43.18417751086344], [76.89642123072154, 43.18410724271798], [76.89638499237087, 43.18410841890404]]]}, "properties": {"id": 49, "class": "building", "confidence": 100.0, "source": "Almaty_5", "source_model": "msft-buildings", "centroid_wkt": "POINT (76.89640525461849 43.18414296374095)", "bbox": [76.89638499237087, 43.18410724271798, 76.89642551363302, 43.184178686829654], "pixel_bbox": [1674, 594, 1734, 701], "area_m2": 23.042}}, {"type": "Feature", "geometry": {"type": "Polygon", "coordinates": [[[76.89934864716504, 43.18115113227046], [76.89945413475894, 43.18114908111825], [76.89945160535397, 43.1810797306448], [76.89934611091172, 43.18108177654853], [76.89934864716504, 43.18115113227046]]]}, "properties": {"id": 50, "class": "building", "confidence": 100.0, "source": "Almaty_5", "source_model": "msft-buildings", "centroid_wkt": "POINT (76.89940012385246 43.18111542979432)", "bbox": [76.89934611091172, 43.1810797306448, 76.89945413475894, 43.18115113227046], "pixel_bbox": [6090, 5109, 6251, 5216], "area_m2": 66.128}}, {"type": "Feature", "geometry": {"type": "Polygon", "coordinates": [[[76.9001240038949, 43.182150624819435], [76.90027417167296, 43.18215231850752], [76.9002769921234, 43.18201935454445], [76.90012682434534, 43.182017660852686], [76.9001240038949, 43.182150624819435]]]}, "properties": {"id": 51, "class": "building", "confidence": 100.0, "source": "Almaty_5", "source_model": "msft-buildings", "centroid_wkt": "POINT (76.90020049800881 43.18208498968101)", "bbox": [76.9001240038949, 43.182017660852686, 76.9002769921234, 43.18215231850752], "pixel_bbox": [7250, 3616, 7478, 3817], "area_m2": 180.386}}, {"type": "Feature", "geometry": {"type": "Polygon", "coordinates": [[[76.89583862508985, 43.183307476226474], [76.89570098019328, 43.18331225289593], [76.89570818656055, 43.18342266231215], [76.89581908027613, 43.18341880833246], [76.89581423334982, 43.183344657191526], [76.89584099464628, 43.18334372713321], [76.89583862508985, 43.183307476226474]]]}, "properties": {"id": 52, "class": "building", "confidence": 100.0, "source": "Almaty_5", "source_model": "msft-buildings", "centroid_wkt": "POINT (76.89576490273036 43.183362635227226)", "bbox": [76.89570098019328, 43.183307476226474, 76.89584099464628, 43.18342266231215], "pixel_bbox": [654, 1721, 863, 1893], "area_m2": 119.609}}, {"type": "Feature", "geometry": {"type": "Polygon", "coordinates": [[[76.89801339888774, 43.18399676076288], [76.89801513539403, 43.18403583489944], [76.89813302879412, 43.18403304928188], [76.89813129228781, 43.183993975143544], [76.89801339888774, 43.18399676076288]]]}, "properties": {"id": 53, "class": "building", "confidence": 100.0, "source": "Almaty_5", "source_model": "msft-buildings", "centroid_wkt": "POINT (76.89807321384137 43.184014905021925)", "bbox": [76.89801339888774, 43.183993975143544, 76.89813302879412, 43.18403583489944], "pixel_bbox": [4102, 807, 4281, 869], "area_m2": 41.65}}, {"type": "Feature", "geometry": {"type": "Polygon", "coordinates": [[[76.90111962938491, 43.18125121845174], [76.90112791787745, 43.181213058763184], [76.90106773675568, 43.18120610826499], [76.90105944826315, 43.181244267957894], [76.90111962938491, 43.18125121845174]]]}, "properties": {"id": 54, "class": "building", "confidence": 100.0, "source": "Almaty_5", "source_model": "msft-buildings", "centroid_wkt": "POINT (76.90109368306975 43.181228663359335)", "bbox": [76.90105944826315, 43.18120610826499, 76.90112791787745, 43.18125121845174], "pixel_bbox": [8645, 4960, 8747, 5027], "area_m2": 21.263}}, {"type": "Feature", "geometry": {"type": "Polygon", "coordinates": [[[76.89602282417131, 43.1817416825366], [76.89621036581838, 43.1817462958405], [76.89621698892351, 43.1816028370211], [76.8960294468351, 43.18159823326672], [76.89602282417131, 43.1817416825366]]]}, "properties": {"id": 55, "class": "building", "confidence": 100.0, "source": "Almaty_5", "source_model": "msft-buildings", "centroid_wkt": "POINT (76.89611990747743 43.18167226219176)", "bbox": [76.89602282417131, 43.18159823326672, 76.89621698892351, 43.1817462958405], "pixel_bbox": [1134, 4221, 1423, 4442], "area_m2": 243.274}}, {"type": "Feature", "geometry": {"type": "Polygon", "coordinates": [[[76.89616724943414, 43.18356779024156], [76.89616270166482, 43.18367721292223], [76.89627793082576, 43.18367975918861], [76.89628247859508, 43.18357033651249], [76.89616724943414, 43.18356779024156]]]}, "properties": {"id": 56, "class": "building", "confidence": 100.0, "source": "Almaty_5", "source_model": "msft-buildings", "centroid_wkt": "POINT (76.89622259012957 43.1836237747162)", "bbox": [76.89616270166482, 43.18356779024156, 76.89628247859508, 43.18367975918861], "pixel_bbox": [1342, 1338, 1521, 1505], "area_m2": 113.985}}, {"type": "Feature", "geometry": {"type": "Polygon", "coordinates": [[[76.89909656471329, 43.181799874407304], [76.89909512904079, 43.18170696929234], [76.89898249056412, 43.18170789480041], [76.89898428878597, 43.181824261152556], [76.89903524432752, 43.18182384507132], [76.89903488168936, 43.18180037808479], [76.89909656471329, 43.181799874407304]]]}, "properties": {"id": 57, "class": "building", "confidence": 100.0, "source": "Almaty_5", "source_model": "msft-buildings", "centroid_wkt": "POINT (76.89903645748322 43.18175987594481)", "bbox": [76.89898249056412, 43.18170696929234, 76.89909656471329, 43.181824261152556], "pixel_bbox": [5548, 4105, 5718, 4280], "area_m2": 105.329}}, {"type": "Feature", "geometry": {"type": "Polygon", "coordinates": [[[76.90009486954149, 43.180998439102915], [76.90021000520018, 43.18100192945217], [76.90021513434253, 43.18091211554988], [76.90016060521263, 43.18091046249134], [76.90016303503623, 43.18086784332991], [76.90010232766882, 43.18086784332991], [76.90009486954149, 43.180998439102915]]]}, "properties": {"id": 58, "class": "building", "confidence": 100.0, "source": "Almaty_5", "source_model": "msft-buildings", "centroid_wkt": "POINT (76.90015042833187 43.18094220120612)", "bbox": [76.90009486954149, 43.18086784332991, 76.90021513434253, 43.18100192945217], "pixel_bbox": [7207, 5332, 7386, 5532], "area_m2": 116.429}}, {"type": "Feature", "geometry": {"type": "Polygon", "coordinates": [[[76.90062246762112, 43.181008542735704], [76.90075346910542, 43.18101399160434], [76.90075789699571, 43.180957455969875], [76.90069543457707, 43.180954857909065], [76.90070145075032, 43.18087794862024], [76.90074787934373, 43.18087988214236], [76.90074882222548, 43.18086784332991], [76.90063348723278, 43.18086784332991], [76.90062246762112, 43.181008542735704]]]}, "properties": {"id": 59, "class": "building", "confidence": 100.0, "source": "Almaty_5", "source_model": "msft-buildings", "centroid_wkt": "POINT (76.90068066927773 43.18094812544869)", "bbox": [76.90062246762112, 43.18086784332991, 76.90075789699571, 43.18101399160434], "pixel_bbox": [7993, 5314, 8195, 5532], "area_m2": 124.926}}, {"type": "Feature", "geometry": {"type": "Polygon", "coordinates": [[[76.89925633645034, 43.183178013839616], [76.89918304451281, 43.18317471484278], [76.89918040539996, 43.18320588860893], [76.8992537003183, 43.18320918773824], [76.89925633645034, 43.183178013839616]]]}, "properties": {"id": 60, "class": "building", "confidence": 100.0, "source": "Almaty_5", "source_model": "msft-buildings", "centroid_wkt": "POINT (76.89921837166108 43.18319195136303)", "bbox": [76.89918040539996, 43.18317471484278, 76.89925633645034, 43.18320918773824], "pixel_bbox": [5843, 2040, 5956, 2091], "area_m2": 20.715}}, {"type": "Feature", "geometry": {"type": "Polygon", "coordinates": [[[76.900428021296, 43.18390426521311], [76.90038376664573, 43.183905956793566], [76.90038741237593, 43.18395666722817], [76.90043166217208, 43.18395497583466], [76.900428021296, 43.18390426521311]]]}, "properties": {"id": 61, "class": "building", "confidence": 100.0, "source": "Almaty_5", "source_model": "msft-buildings", "centroid_wkt": "POINT (76.90040771558924 43.18393046580382)", "bbox": [76.90038376664573, 43.18390426521311, 76.90043166217208, 43.18395666722817], "pixel_bbox": [7637, 925, 7709, 1003], "area_m2": 20.324}}, {"type": "Feature", "geometry": {"type": "Polygon", "coordinates": [[[76.89791181893736, 43.184293208217234], [76.89790991655983, 43.18425516728368], [76.89783348948065, 43.1842572032341], [76.8978392119224, 43.18437141287797], [76.89794903618552, 43.18436849286594], [76.89794521957266, 43.18429232015864], [76.89791181893736, 43.184293208217234]]]}, "properties": {"id": 62, "class": "building", "confidence": 100.0, "source": "Almaty_5", "source_model": "msft-buildings", "centroid_wkt": "POINT (76.89788717139517 43.18431725391808)", "bbox": [76.89783348948065, 43.18425516728368, 76.89794903618552, 43.18437141287797], "pixel_bbox": [3834, 307, 4006, 480], "area_m2": 101.949}}, {"type": "Feature", "geometry": {"type": "Polygon", "coordinates": [[[76.89818736910469, 43.18195920036006], [76.89818468348928, 43.182054048785346], [76.89835522821994, 43.18205661637374], [76.89835792268806, 43.181961776789905], [76.89818736910469, 43.18195920036006]]]}, "properties": {"id": 63, "class": "building", "confidence": 100.0, "source": "Almaty_5", "source_model": "msft-buildings", "centroid_wkt": "POINT (76.89827129958312 43.1820079101359)", "bbox": [76.89818468348928, 43.18195920036006, 76.89835792268806, 43.18205661637374], "pixel_bbox": [4358, 3759, 4616, 3904], "area_m2": 146.162}}, {"type": "Feature", "geometry": {"type": "Polygon", "coordinates": [[[76.89980372588411, 43.181092012258894], [76.89969920811959, 43.18108979326867], [76.89969695076304, 43.181146465028284], [76.89980146852757, 43.18114868401646], [76.89980372588411, 43.181092012258894]]]}, "properties": {"id": 64, "class": "building", "confidence": 100.0, "source": "Almaty_5", "source_model": "msft-buildings", "centroid_wkt": "POINT (76.89975033832327 43.18111923864307)", "bbox": [76.89969695076304, 43.18108979326867, 76.89980372588411, 43.18114868401646], "pixel_bbox": [6613, 5113, 6772, 5201], "area_m2": 53.545}}, {"type": "Feature", "geometry": {"type": "Polygon", "coordinates": [[[76.90021255872585, 43.18434109050725], [76.90020326986841, 43.184450191825555], [76.90029678677587, 43.184454424957345], [76.90029844550043, 43.184434942594734], [76.9003999781428, 43.18443953856756], [76.90040843763798, 43.184340178428975], [76.9004431724893, 43.18434175073793], [76.9004461581935, 43.18430668241603], [76.90034195363947, 43.1843019654863], [76.900338138573, 43.18434677500862], [76.90021255872585, 43.18434109050725]]]}, "properties": {"id": 65, "class": "building", "confidence": 100.0, "source": "Almaty_5", "source_model": "msft-buildings", "centroid_wkt": "POINT (76.90031725911703 43.18438241653083)", "bbox": [76.90020326986841, 43.1843019654863, 76.9004461581935, 43.184454424957345], "pixel_bbox": [7368, 183, 7730, 410], "area_m2": 214.271}}, {"type": "Feature", "geometry": {"type": "Polygon", "coordinates": [[[76.90084883220955, 43.18412579704428], [76.90080058913193, 43.18412482702227], [76.90079822409865, 43.18418736359289], [76.90084646717627, 43.18418833361392], [76.90084883220955, 43.18412579704428]]]}, "properties": {"id": 66, "class": "building", "confidence": 100.0, "source": "Almaty_5", "source_model": "msft-buildings", "centroid_wkt": "POINT (76.90082352815405 43.18415658031834)", "bbox": [76.90079822409865, 43.18412482702227, 76.90084883220955, 43.18418833361392], "pixel_bbox": [8255, 580, 8331, 674], "area_m2": 27.269}}, {"type": "Feature", "geometry": {"type": "Polygon", "coordinates": [[[76.89623395463155, 43.181059745542406], [76.89634644732212, 43.181062840004905], [76.89635210554908, 43.18095346778744], [76.89623961285852, 43.18095037331938], [76.89623395463155, 43.181059745542406]]]}, "properties": {"id": 67, "class": "building", "confidence": 100.0, "source": "Almaty_5", "source_model": "msft-buildings", "centroid_wkt": "POINT (76.89629303008985 43.181006606663495)", "bbox": [76.89623395463155, 43.18095037331938, 76.89635210554908, 43.181062840004905], "pixel_bbox": [1449, 5241, 1625, 5408], "area_m2": 111.287}}, {"type": "Feature", "geometry": {"type": "Polygon", "coordinates": [[[76.89906676083149, 43.18195783748354], [76.89902923346507, 43.1819585231247], [76.8990334647492, 43.182081662623006], [76.89907099211561, 43.182080976983215], [76.89906676083149, 43.18195783748354]]]}, "properties": {"id": 68, "class": "building", "confidence": 100.0, "source": "Almaty_5", "source_model": "msft-buildings", "centroid_wkt": "POINT (76.89905011279036 43.182019750053605)", "bbox": [76.89902923346507, 43.18195783748354, 76.89907099211561, 43.182081662623006], "pixel_bbox": [5617, 3721, 5680, 3906], "area_m2": 41.765}}, {"type": "Feature", "geometry": {"type": "Polygon", "coordinates": [[[76.89702746701775, 43.183361171238545], [76.89693633586337, 43.18336293387144], [76.89693870790205, 43.183428311385704], [76.89702983922506, 43.183426553402185], [76.89702746701775, 43.183361171238545]]]}, "properties": {"id": 69, "class": "building", "confidence": 100.0, "source": "Almaty_5", "source_model": "msft-buildings", "centroid_wkt": "POINT (76.8969830880421 43.18339474246404)", "bbox": [76.89693633586337, 43.183361171238545, 76.89702983922506, 43.183428311385704], "pixel_bbox": [2496, 1713, 2636, 1813], "area_m2": 53.851}}, {"type": "Feature", "geometry": {"type": "Polygon", "coordinates": [[[76.90003015026564, 43.18126695990575], [76.90009279944783, 43.1812663907828], [76.90009158993931, 43.18119599125731], [76.90002894751309, 43.18119656031955], [76.90003015026564, 43.18126695990575]]]}, "properties": {"id": 70, "class": "building", "confidence": 100.0, "source": "Almaty_5", "source_model": "msft-buildings", "centroid_wkt": "POINT (76.90006087180234 43.181231476199024)", "bbox": [76.90002894751309, 43.18119599125731, 76.90009279944783, 43.18126695990575], "pixel_bbox": [7108, 4936, 7203, 5042], "area_m2": 39.84}}, {"type": "Feature", "geometry": {"type": "Polygon", "coordinates": [[[76.89693008799395, 43.18089044246025], [76.89711417254951, 43.18089125041897], [76.89711436351277, 43.18086784332991], [76.89693027453453, 43.18086784332991], [76.89693008799395, 43.18089044246025]]]}, "properties": {"id": 71, "class": "building", "confidence": 100.0, "source": "Almaty_5", "source_model": "msft-buildings", "centroid_wkt": "POINT (76.89702276346456 43.18087934609018)", "bbox": [76.89693008799395, 43.18086784332991, 76.89711436351277, 43.18089125041897], "pixel_bbox": [2487, 5497, 2762, 5532], "area_m2": 38.248}}, {"type": "Feature", "geometry": {"type": "Polygon", "coordinates": [[[76.9010444842002, 43.1832153030729], [76.90104740044673, 43.18315975911497], [76.90097776526007, 43.183157811663975], [76.90097484882725, 43.183213359172214], [76.9010444842002, 43.1832153030729]]]}, "properties": {"id": 72, "class": "building", "confidence": 100.0, "source": "Almaty_5", "source_model": "msft-buildings", "centroid_wkt": "POINT (76.90101112431266 43.18318655824564)", "bbox": [76.90097484882725, 43.183157811663975, 76.90104740044673, 43.1832153030729], "pixel_bbox": [8519, 2031, 8627, 2116], "area_m2": 34.986}}, {"type": "Feature", "geometry": {"type": "Polygon", "coordinates": [[[76.89972355080805, 43.18116981311104], [76.89972110487928, 43.181201004585816], [76.89975757444844, 43.181202527078085], [76.89975527859265, 43.18123176895371], [76.89979901553244, 43.18123359483538], [76.89980047177872, 43.181215024205], [76.89984763398047, 43.18121699067436], [76.89984595034619, 43.181238434798416], [76.89992080714352, 43.181241556017], [76.89992791983488, 43.18115096299674], [76.89986375712198, 43.18114828439867], [76.89986819577645, 43.18109175001587], [76.89981032795308, 43.181089334207954], [76.89980375451948, 43.1811731613708], [76.89972355080805, 43.18116981311104]]]}, "properties": {"id": 73, "class": "building", "confidence": 100.0, "source": "Almaty_5", "source_model": "msft-buildings", "centroid_wkt": "POINT (76.89983956059248 43.1811782776454)", "bbox": [76.89972110487928, 43.181089334207954, 76.89992791983488, 43.181241556017], "pixel_bbox": [6649, 4974, 6958, 5201], "area_m2": 154.914}}, {"type": "Feature", "geometry": {"type": "Polygon", "coordinates": [[[76.9013084210234, 43.18155562485522], [76.90129879194271, 43.1816134473286], [76.9014256671518, 43.181624681587806], [76.9014314446002, 43.18158998811673], [76.90133628819336, 43.18158156241774], [76.90134013982566, 43.18155843342287], [76.9013084210234, 43.18155562485522]]]}, "properties": {"id": 74, "class": "building", "confidence": 100.0, "source": "Almaty_5", "source_model": "msft-buildings", "centroid_wkt": "POINT (76.90135900917193 43.18159698570659)", "bbox": [76.90129879194271, 43.18155562485522, 76.9014314446002, 43.181624681587806], "pixel_bbox": [9002, 4403, 9200, 4506], "area_m2": 47.067}}, {"type": "Feature", "geometry": {"type": "Polygon", "coordinates": [[[76.89668256573454, 43.18165412629161], [76.89668544954473, 43.18173621739977], [76.8968409156547, 43.18173331348287], [76.89683803184452, 43.1816512223708], [76.89668256573454, 43.18165412629161]]]}, "properties": {"id": 75, "class": "building", "confidence": 100.0, "source": "Almaty_5", "source_model": "msft-buildings", "centroid_wkt": "POINT (76.89676174069523 43.18169371988624)", "bbox": [76.89668256573454, 43.1816512223708, 76.8968409156547, 43.18173621739977], "pixel_bbox": [2118, 4236, 2354, 4363], "area_m2": 115.348}}, {"type": "Feature", "geometry": {"type": "Polygon", "coordinates": [[[76.89801806056994, 43.18313620015236], [76.89807974967752, 43.18313596403541], [76.89807983415126, 43.183147698430325], [76.89822735158242, 43.18314713380297], [76.89822616895006, 43.18298285206721], [76.89801696241133, 43.18298365281363], [76.89801806056994, 43.18313620015236]]]}, "properties": {"id": 76, "class": "building", "confidence": 100.0, "source": "Almaty_5", "source_model": "msft-buildings", "centroid_wkt": "POINT (76.89812373213222 43.18306374617459)", "bbox": [76.89801696241133, 43.18298285206721, 76.89822735158242, 43.183147698430325], "pixel_bbox": [4108, 2132, 4421, 2377], "area_m2": 303.888}}, {"type": "Feature", "geometry": {"type": "Polygon", "coordinates": [[[76.90008128212969, 43.18116570936759], [76.90012142934073, 43.18116706370929], [76.9001256392531, 43.18110070680436], [76.89994096208231, 43.18109447682553], [76.89993526631854, 43.18118425380648], [76.90007979627825, 43.181189129434976], [76.90008128212969, 43.18116570936759]]]}, "properties": {"id": 77, "class": "building", "confidence": 100.0, "source": "Almaty_5", "source_model": "msft-buildings", "centroid_wkt": "POINT (76.90002623474952 43.181140339045776)", "bbox": [76.89993526631854, 43.18109447682553, 76.9001256392531, 43.181189129434976], "pixel_bbox": [6968, 5052, 7252, 5194], "area_m2": 141.562}}, {"type": "Feature", "geometry": {"type": "Polygon", "coordinates": [[[76.90125721354399, 43.1844359326282], [76.9012624517995, 43.184321523747194], [76.9011352686821, 43.18431842777665], [76.90113001975467, 43.18443282991263], [76.90125721354399, 43.1844359326282]]]}, "properties": {"id": 78, "class": "building", "confidence": 100.0, "source": "Almaty_5", "source_model": "msft-buildings", "centroid_wkt": "POINT (76.9011962390075 43.18437717935299)", "bbox": [76.90113001975467, 43.18431842777665, 76.9012624517995, 43.1844359326282], "pixel_bbox": [8750, 210, 8948, 386], "area_m2": 131.569}}, {"type": "Feature", "geometry": {"type": "Polygon", "coordinates": [[[76.89552873373032, 43.184554055519634], [76.89533829689026, 43.184554055519634], [76.89533829689026, 43.1845773383975], [76.89552873373032, 43.1845773383975], [76.89552873373032, 43.184554055519634]]]}, "properties": {"id": 79, "class": "building", "confidence": 100.0, "source": "Almaty_5", "source_model": "msft-buildings", "centroid_wkt": "POINT (76.8954335153103 43.18456569695858)", "bbox": [76.89533829689026, 43.184554055519634, 76.89552873373032, 43.1845773383975], "pixel_bbox": [113, 0, 397, 34], "area_m2": 40.046}}, {"type": "Feature", "geometry": {"type": "Polygon", "coordinates": [[[76.89705505374681, 43.184349797852185], [76.89705673016977, 43.18430983155133], [76.89692936295656, 43.184306997594746], [76.896927690638, 43.18434695748907], [76.89705505374681, 43.184349797852185]]]}, "properties": {"id": 80, "class": "building", "confidence": 100.0, "source": "Almaty_5", "source_model": "msft-buildings", "centroid_wkt": "POINT (76.89699221110617 43.18432839606003)", "bbox": [76.896927690638, 43.184306997594746, 76.89705673016977, 43.184349797852185], "pixel_bbox": [2483, 339, 2676, 403], "area_m2": 46.014}}, {"type": "Feature", "geometry": {"type": "Polygon", "coordinates": [[[76.89545121310232, 43.182154705470374], [76.89545453577453, 43.182213279765705], [76.8955080883302, 43.18221166454583], [76.89550476565799, 43.182153090248946], [76.89545121310232, 43.182154705470374]]]}, "properties": {"id": 81, "class": "building", "confidence": 100.0, "source": "Almaty_5", "source_model": "msft-buildings", "centroid_wkt": "POINT (76.89547965071638 43.182183185007695)", "bbox": [76.89545121310232, 43.182153090248946, 76.8955080883302, 43.182213279765705], "pixel_bbox": [281, 3525, 366, 3615], "area_m2": 28.38}}, {"type": "Feature", "geometry": {"type": "Polygon", "coordinates": [[[76.8978284090198, 43.18256951088326], [76.89782131114939, 43.18268560027395], [76.89795940635601, 43.18269009662147], [76.89796651577767, 43.18257400056728], [76.8978284090198, 43.18256951088326]]]}, "properties": {"id": 82, "class": "building", "confidence": 100.0, "source": "Almaty_5", "source_model": "msft-buildings", "centroid_wkt": "POINT (76.8978939113198 43.182629801330066)", "bbox": [76.89782131114939, 43.18256951088326, 76.89796651577767, 43.18269009662147], "pixel_bbox": [3816, 2814, 4032, 2994], "area_m2": 145.094}}, {"type": "Feature", "geometry": {"type": "Polygon", "coordinates": [[[76.89985830757504, 43.184375747508696], [76.89974854602167, 43.18437924280021], [76.89975088062438, 43.184418283378356], [76.89992348341904, 43.18441278694826], [76.89991962515317, 43.18434837017165], [76.89985679008326, 43.184350371118065], [76.89985830757504, 43.184375747508696]]]}, "properties": {"id": 83, "class": "building", "confidence": 100.0, "source": "Almaty_5", "source_model": "msft-buildings", "centroid_wkt": "POINT (76.89984614663047 43.184389517320845)", "bbox": [76.89974854602167, 43.18434837017165, 76.89992348341904, 43.184418283378356], "pixel_bbox": [6690, 237, 6951, 341], "area_m2": 75.405}}, {"type": "Feature", "geometry": {"type": "Polygon", "coordinates": [[[76.89655735696402, 43.18317239885554], [76.89654114706272, 43.18327556360952], [76.89661412879326, 43.18328166437651], [76.89663034904636, 43.183178496773124], [76.89655735696402, 43.18317239885554]]]}, "properties": {"id": 84, "class": "building", "confidence": 100.0, "source": "Almaty_5", "source_model": "msft-buildings", "centroid_wkt": "POINT (76.89658574586373 43.18322702977027)", "bbox": [76.89654114706272, 43.18317239885554, 76.89663034904636, 43.18328166437651], "pixel_bbox": [1907, 1932, 2040, 2095], "area_m2": 68.902}}, {"type": "Feature", "geometry": {"type": "Polygon", "coordinates": [[[76.89572559160315, 43.18409451556317], [76.89571374605626, 43.18416384670132], [76.89575600552539, 43.184167685489165], [76.89576785107224, 43.18409835435537], [76.89572559160315, 43.18409451556317]]]}, "properties": {"id": 85, "class": "building", "confidence": 100.0, "source": "Almaty_5", "source_model": "msft-buildings", "centroid_wkt": "POINT (76.89574079856406 43.18413110052714)", "bbox": [76.89571374605626, 43.18409451556317, 76.89576785107224, 43.184167685489165], "pixel_bbox": [673, 610, 754, 720], "area_m2": 26.873}}, {"type": "Feature", "geometry": {"type": "Polygon", "coordinates": [[[76.89845361777009, 43.18293652897683], [76.89845353835229, 43.18307443007059], [76.89849491312103, 43.18307444062815], [76.89849487229847, 43.183159501598524], [76.8986263005209, 43.18315954184215], [76.8986264075239, 43.18293658188563], [76.89845361777009, 43.18293652897683]]]}, "properties": {"id": 86, "class": "building", "confidence": 100.0, "source": "Almaty_5", "source_model": "msft-buildings", "centroid_wkt": "POINT (76.89854656431767 43.18304110761305)", "bbox": [76.89845353835229, 43.18293652897683, 76.8986264075239, 43.18315954184215], "pixel_bbox": [4759, 2114, 5017, 2446], "area_m2": 316.19}}, {"type": "Feature", "geometry": {"type": "Polygon", "coordinates": [[[76.90009489731396, 43.18180899695493], [76.90014847898954, 43.18181033140689], [76.90015213910398, 43.18173218935083], [76.90009855742845, 43.181730854897154], [76.90009489731396, 43.18180899695493]]]}, "properties": {"id": 87, "class": "building", "confidence": 100.0, "source": "Almaty_5", "source_model": "msft-buildings", "centroid_wkt": "POINT (76.90012351820889 43.18177059315244)", "bbox": [76.90009489731396, 43.181730854897154, 76.90015213910398, 43.18181033140689], "pixel_bbox": [7207, 4126, 7292, 4244], "area_m2": 37.862}}, {"type": "Feature", "geometry": {"type": "Polygon", "coordinates": [[[76.8978300010587, 43.18337749046783], [76.89782830818422, 43.18345765834052], [76.89797579471332, 43.18345931422539], [76.89797748758781, 43.18337914635489], [76.8978300010587, 43.18337749046783]]]}, "properties": {"id": 88, "class": "building", "confidence": 100.0, "source": "Almaty_5", "source_model": "msft-buildings", "centroid_wkt": "POINT (76.89790289788569 43.18341840234715)", "bbox": [76.89782830818422, 43.18337749046783, 76.89797748758781, 43.18345931422539], "pixel_bbox": [3826, 1667, 4049, 1789], "area_m2": 106.816}}, {"type": "Feature", "geometry": {"type": "Polygon", "coordinates": [[[76.89913224026145, 43.18355330950091], [76.89912658971146, 43.1834831435653], [76.89905976490533, 43.183486004807285], [76.89906541545531, 43.1835561707396], [76.89913224026145, 43.18355330950091]]]}, "properties": {"id": 89, "class": "building", "confidence": 100.0, "source": "Almaty_5", "source_model": "msft-buildings", "centroid_wkt": "POINT (76.89909600258363 43.183519657153234)", "bbox": [76.89905976490533, 43.1834831435653, 76.89913224026145, 43.1835561707396], "pixel_bbox": [5663, 1522, 5771, 1631], "area_m2": 42.495}}, {"type": "Feature", "geometry": {"type": "Polygon", "coordinates": [[[76.89958316019504, 43.18221012738128], [76.89957948931988, 43.182269699252714], [76.899665147069, 43.18227250575394], [76.899668818213, 43.18221292952255], [76.89958316019504, 43.18221012738128]]]}, "properties": {"id": 90, "class": "building", "confidence": 100.0, "source": "Almaty_5", "source_model": "msft-buildings", "centroid_wkt": "POINT (76.89962415422164 43.18224131549471)", "bbox": [76.89957948931988, 43.18221012738128, 76.899668818213, 43.18227250575394], "pixel_bbox": [6438, 3437, 6571, 3530], "area_m2": 46.184}}, {"type": "Feature", "geometry": {"type": "Polygon", "coordinates": [[[76.90118994327882, 43.1811572060887], [76.90119380355848, 43.181232522843956], [76.90132869009194, 43.18122884679909], [76.90132482224043, 43.18115352336206], [76.90118994327882, 43.1811572060887]]]}, "properties": {"id": 91, "class": "building", "confidence": 100.0, "source": "Almaty_5", "source_model": "msft-buildings", "centroid_wkt": "POINT (76.9012593158362 43.18119302508138)", "bbox": [76.90118994327882, 43.18115352336206, 76.90132869009194, 43.181232522843956], "pixel_bbox": [8840, 4988, 9047, 5105], "area_m2": 91.89}}, {"type": "Feature", "geometry": {"type": "Polygon", "coordinates": [[[76.8956471197431, 43.18261208654687], [76.895799825324, 43.18261591300982], [76.89580673012821, 43.1824694006113], [76.89565402454728, 43.18246557413915], [76.8956471197431, 43.18261208654687]]]}, "properties": {"id": 92, "class": "building", "confidence": 100.0, "source": "Almaty_5", "source_model": "msft-buildings", "centroid_wkt": "POINT (76.89572692493485 43.18254074357672)", "bbox": [76.8956471197431, 43.18246557413915, 76.89580673012821, 43.18261591300982], "pixel_bbox": [574, 2925, 812, 3149], "area_m2": 202.315}}, {"type": "Feature", "geometry": {"type": "Polygon", "coordinates": [[[76.89803515191907, 43.18376325274927], [76.89798157114222, 43.183761910159184], [76.89797931296893, 43.18380972776454], [76.8980328936168, 43.18381107308475], [76.89803515191907, 43.18376325274927]]]}, "properties": {"id": 93, "class": "building", "confidence": 100.0, "source": "Almaty_5", "source_model": "msft-buildings", "centroid_wkt": "POINT (76.89800723266669 43.18378649094583)", "bbox": [76.89797931296893, 43.183761910159184, 76.89803515191907, 43.18381107308475], "pixel_bbox": [4052, 1142, 4135, 1216], "area_m2": 23.169}}, {"type": "Feature", "geometry": {"type": "Polygon", "coordinates": [[[76.89853963286649, 43.181743956971445], [76.89823843308821, 43.181732105388264], [76.8982341092241, 43.181790610171284], [76.89853530340326, 43.181802461522786], [76.89853963286649, 43.181743956971445]]]}, "properties": {"id": 94, "class": "building", "confidence": 100.0, "source": "Almaty_5", "source_model": "msft-buildings", "centroid_wkt": "POINT (76.89838686964737 43.181767283422616)", "bbox": [76.8982341092241, 43.181732105388264, 76.89853963286649, 43.181802461522786], "pixel_bbox": [4432, 4138, 4887, 4243], "area_m2": 159.623}}, {"type": "Feature", "geometry": {"type": "Polygon", "coordinates": [[[76.90033258972348, 43.181217241442226], [76.90033500543234, 43.18114491792599], [76.90015808459029, 43.181141775754995], [76.90015566888145, 43.18121409927497], [76.90033258972348, 43.181217241442226]]]}, "properties": {"id": 95, "class": "building", "confidence": 100.0, "source": "Almaty_5", "source_model": "msft-buildings", "centroid_wkt": "POINT (76.90024533715612 43.18117950859953)", "bbox": [76.90015566888145, 43.181141775754995, 76.90033500543234, 43.181217241442226], "pixel_bbox": [7297, 5010, 7565, 5123], "area_m2": 115.641}}, {"type": "Feature", "geometry": {"type": "Polygon", "coordinates": [[[76.90106356751389, 43.183720889697476], [76.90106811966331, 43.183824438905944], [76.901169938985, 43.18382205906361], [76.90116538683559, 43.183718509851104], [76.90106356751389, 43.183720889697476]]]}, "properties": {"id": 96, "class": "building", "confidence": 100.0, "source": "Almaty_5", "source_model": "msft-buildings", "centroid_wkt": "POINT (76.90111675324978 43.18377147437951)", "bbox": [76.90106356751389, 43.183718509851104, 76.901169938985, 43.183824438905944], "pixel_bbox": [8651, 1122, 8810, 1280], "area_m2": 95.324}}, {"type": "Feature", "geometry": {"type": "Polygon", "coordinates": [[[76.89668494173138, 43.18291264582387], [76.8966884594921, 43.18294962816341], [76.89681813550575, 43.1829430764696], [76.89681462127776, 43.182906093947594], [76.89668494173138, 43.18291264582387]]]}, "properties": {"id": 97, "class": "building", "confidence": 100.0, "source": "Almaty_5", "source_model": "msft-buildings", "centroid_wkt": "POINT (76.89675153949491 43.182927861017085)", "bbox": [76.89668494173138, 43.182906093947594, 76.89681813550575, 43.18294962816341], "pixel_bbox": [2121, 2427, 2320, 2492], "area_m2": 43.524}}, {"type": "Feature", "geometry": {"type": "Polygon", "coordinates": [[[76.89814573464305, 43.182485978308854], [76.8980492412332, 43.182484136556276], [76.89804696238852, 43.182547618149236], [76.8981059304755, 43.18254874667086], [76.89810477154273, 43.18258103094138], [76.89814229675767, 43.182581747177366], [76.89814573464305, 43.182485978308854]]]}, "properties": {"id": 98, "class": "building", "confidence": 100.0, "source": "Almaty_5", "source_model": "msft-buildings", "centroid_wkt": "POINT (76.89810093321614 43.18252479862935)", "bbox": [76.89804696238852, 43.182484136556276, 76.89814573464305, 43.182581747177366], "pixel_bbox": [4152, 2976, 4300, 3121], "area_m2": 66.316}}, {"type": "Feature", "geometry": {"type": "Polygon", "coordinates": [[[76.89912423184512, 43.184121715759396], [76.89888031087945, 43.18412627172657], [76.89888319468965, 43.18420835951062], [76.89901989764843, 43.184205806169864], [76.89901859306762, 43.18416867123204], [76.8991258110745, 43.18416666861054], [76.89912423184512, 43.184121715759396]]]}, "properties": {"id": 99, "class": "building", "confidence": 100.0, "source": "Almaty_5", "source_model": "msft-buildings", "centroid_wkt": "POINT (76.89898655219497 43.18415977577954)", "bbox": [76.89888031087945, 43.184121715759396, 76.8991258110745, 43.18420835951062], "pixel_bbox": [5395, 550, 5761, 679], "area_m2": 144.978}}, {"type": "Feature", "geometry": {"type": "Polygon", "coordinates": [[[76.89647674499305, 43.18087014280184], [76.89657301892987, 43.18086784332991], [76.89647664170326, 43.18086784332991], [76.89647674499305, 43.18087014280184]]]}, "properties": {"id": 100, "class": "building", "confidence": 100.0, "source": "Almaty_5", "source_model": "msft-buildings", "centroid_wkt": "POINT (76.89650880187538 43.18086860982055)", "bbox": [76.89647664170326, 43.18086784332991, 76.89657301892987, 43.18087014280184], "pixel_bbox": [1811, 5528, 1954, 5532], "area_m2": 1.001}}, {"type": "Feature", "geometry": {"type": "Polygon", "coordinates": [[[76.89656307974636, 43.1845402953934], [76.89642242976113, 43.18453746736783], [76.89642091806412, 43.1845773383975], [76.89656167882858, 43.1845773383975], [76.89656307974636, 43.1845402953934]]]}, "properties": {"id": 101, "class": "building", "confidence": 100.0, "source": "Almaty_5", "source_model": "msft-buildings", "centroid_wkt": "POINT (76.89649116432768 43.18455810130765)", "bbox": [76.89642091806412, 43.18453746736783, 76.89656307974636, 43.1845773383975], "pixel_bbox": [1728, 0, 1940, 59], "area_m2": 48.89}}, {"type": "Feature", "geometry": {"type": "Polygon", "coordinates": [[[76.90150666185619, 43.1832207016562], [76.9015035120158, 43.18331060897405], [76.90164651721716, 43.18331327276933], [76.90164651721716, 43.1832233067824], [76.90150666185619, 43.1832207016562]]]}, "properties": {"id": 102, "class": "building", "confidence": 100.0, "source": "Almaty_5", "source_model": "msft-buildings", "centroid_wkt": "POINT (76.90157579915311 43.18326713946288)", "bbox": [76.9015035120158, 43.1832207016562, 76.90164651721716, 43.18331327276933], "pixel_bbox": [9307, 1885, 9521, 2023], "area_m2": 114.922}}, {"type": "Feature", "geometry": {"type": "Polygon", "coordinates": [[[76.89589072184592, 43.18274515050054], [76.89596841527545, 43.182743215574796], [76.89596704273254, 43.182713912763255], [76.89588934930296, 43.18271584768991], [76.89589072184592, 43.18274515050054]]]}, "properties": {"id": 103, "class": "building", "confidence": 100.0, "source": "Almaty_5", "source_model": "msft-buildings", "centroid_wkt": "POINT (76.89592888228943 43.18272953163213)", "bbox": [76.89588934930296, 43.182713912763255, 76.89596841527545, 43.18274515050054], "pixel_bbox": [935, 2732, 1053, 2778], "area_m2": 20.587}}, {"type": "Feature", "geometry": {"type": "Polygon", "coordinates": [[[76.89606723979998, 43.1821638000395], [76.89622647763001, 43.18216142706306], [76.8962253542336, 43.18212148111167], [76.89606612046374, 43.182123862155585], [76.89606723979998, 43.1821638000395]]]}, "properties": {"id": 104, "class": "building", "confidence": 100.0, "source": "Almaty_5", "source_model": "msft-buildings", "centroid_wkt": "POINT (76.89614630073329 43.182142642632265)", "bbox": [76.89606612046374, 43.18212148111167, 76.89622647763001, 43.1821638000395], "pixel_bbox": [1198, 3599, 1438, 3662], "area_m2": 57.47}}, {"type": "Feature", "geometry": {"type": "Polygon", "coordinates": [[[76.8959800989366, 43.183460700359326], [76.89598430765474, 43.183386507758385], [76.89590933407679, 43.18338424649398], [76.89590512535867, 43.1834584390977], [76.8959800989366, 43.183460700359326]]]}, "properties": {"id": 105, "class": "building", "confidence": 100.0, "source": "Almaty_5", "source_model": "msft-buildings", "centroid_wkt": "POINT (76.89594471650648 43.18342247342733)", "bbox": [76.89590512535867, 43.18338424649398, 76.89598430765474, 43.183460700359326], "pixel_bbox": [958, 1665, 1076, 1779], "area_m2": 50.326}}, {"type": "Feature", "geometry": {"type": "Polygon", "coordinates": [[[76.8997581061104, 43.18264762753926], [76.89982356572588, 43.182648329081154], [76.8998226057316, 43.182696183929096], [76.89992608430306, 43.182697287644814], [76.89992677288765, 43.18266312578347], [76.89998418909293, 43.182663741122596], [76.89998648502497, 43.1825492908604], [76.89976013689704, 43.18254687659631], [76.8997581061104, 43.18264762753926]]]}, "properties": {"id": 106, "class": "building", "confidence": 100.0, "source": "Almaty_5", "source_model": "msft-buildings", "centroid_wkt": "POINT (76.8998750320699 43.18261296038919)", "bbox": [76.8997581061104, 43.18254687659631, 76.89998648502497, 43.182697287644814], "pixel_bbox": [6704, 2803, 7045, 3028], "area_m2": 257.868}}, {"type": "Feature", "geometry": {"type": "Polygon", "coordinates": [[[76.89656859477255, 43.18258911660276], [76.8965661528221, 43.182645778939126], [76.89663314189384, 43.18264731394903], [76.89663558384427, 43.18259065161407], [76.89656859477255, 43.18258911660276]]]}, "properties": {"id": 107, "class": "building", "confidence": 100.0, "source": "Almaty_5", "source_model": "msft-buildings", "centroid_wkt": "POINT (76.89660086833304 43.18261821527624)", "bbox": [76.8965661528221, 43.18258911660276, 76.89663558384427, 43.18264731394903], "pixel_bbox": [1944, 2878, 2048, 2965], "area_m2": 34.317}}, {"type": "Feature", "geometry": {"type": "Polygon", "coordinates": [[[76.89703098070241, 43.182947391048586], [76.89703695242748, 43.183032153804575], [76.8970744045154, 43.183030750893195], [76.89707970164389, 43.18310593831793], [76.89724288515603, 43.18309981733386], [76.89723161616814, 43.18293986522887], [76.89703098070241, 43.182947391048586]]]}, "properties": {"id": 108, "class": "building", "confidence": 100.0, "source": "Almaty_5", "source_model": "msft-buildings", "centroid_wkt": "POINT (76.89714449372 43.18301923326866)", "bbox": [76.89703098070241, 43.18293986522887, 76.89724288515603, 43.18310593831793], "pixel_bbox": [2637, 2194, 2953, 2441], "area_m2": 265.12}}, {"type": "Feature", "geometry": {"type": "Polygon", "coordinates": [[[76.90152130752978, 43.18377326277968], [76.9015196427808, 43.183877743473474], [76.90164651721716, 43.183878811815205], [76.90164651721716, 43.1837743234951], [76.90152130752978, 43.18377326277968]]]}, "properties": {"id": 109, "class": "building", "confidence": 100.0, "source": "Almaty_5", "source_model": "msft-buildings", "centroid_wkt": "POINT (76.90158349462337 43.18382615038347)", "bbox": [76.9015196427808, 43.18377326277968, 76.90164651721716, 43.183878811815205], "pixel_bbox": [9331, 1041, 9521, 1199], "area_m2": 118.952}}, {"type": "Feature", "geometry": {"type": "Polygon", "coordinates": [[[76.89597250706683, 43.184504110362006], [76.89584649094914, 43.18450232256352], [76.89584448920972, 43.1845773383975], [76.8959705530334, 43.1845773383975], [76.89597250706683, 43.184504110362006]]]}, "properties": {"id": 110, "class": "building", "confidence": 100.0, "source": "Almaty_5", "source_model": "msft-buildings", "centroid_wkt": "POINT (76.89590825672764 43.18454027563342)", "bbox": [76.89584448920972, 43.18450232256352, 76.89597250706683, 43.1845773383975], "pixel_bbox": [868, 0, 1059, 111], "area_m2": 84.393}}, {"type": "Feature", "geometry": {"type": "Polygon", "coordinates": [[[76.90132748762765, 43.18323538608893], [76.90130336948933, 43.18323485805994], [76.90130505917692, 43.18319382358793], [76.90116570993321, 43.183190772751615], [76.90116080179304, 43.18330996805237], [76.90132426917506, 43.18331354691106], [76.90132748762765, 43.18323538608893]]]}, "properties": {"id": 111, "class": "building", "confidence": 100.0, "source": "Almaty_5", "source_model": "msft-buildings", "centroid_wkt": "POINT (76.90124117509833 43.18325416943058)", "bbox": [76.90116080179304, 43.183190772751615, 76.90132748762765, 43.18331354691106], "pixel_bbox": [8796, 1884, 9045, 2067], "area_m2": 167.195}}, {"type": "Feature", "geometry": {"type": "Polygon", "coordinates": [[[76.89542815632694, 43.183181870803516], [76.89542725218439, 43.18322212590067], [76.89551305995596, 43.18322314622755], [76.89551396400023, 43.183182895508985], [76.89542815632694, 43.183181870803516]]]}, "properties": {"id": 112, "class": "building", "confidence": 100.0, "source": "Almaty_5", "source_model": "msft-buildings", "centroid_wkt": "POINT (76.89547060733906 43.18320250960092)", "bbox": [76.89542725218439, 43.183181870803516, 76.89551396400023, 43.18322314622755], "pixel_bbox": [246, 2019, 375, 2081], "area_m2": 31.205}}, {"type": "Feature", "geometry": {"type": "Polygon", "coordinates": [[[76.89828645717331, 43.18171723252756], [76.89829133042592, 43.181631322843806], [76.89824045549805, 43.18162978837031], [76.89823558224545, 43.181715698056216], [76.89828645717331, 43.18171723252756]]]}, "properties": {"id": 113, "class": "building", "confidence": 100.0, "source": "Almaty_5", "source_model": "msft-buildings", "centroid_wkt": "POINT (76.89826345633558 43.18167351044946)", "bbox": [76.89823558224545, 43.18162978837031, 76.89829133042592, 43.18171723252756], "pixel_bbox": [4434, 4265, 4517, 4395], "area_m2": 39.544}}, {"type": "Feature", "geometry": {"type": "Polygon", "coordinates": [[[76.90076469046582, 43.18302735699666], [76.90077262043278, 43.18290441405627], [76.90068965547624, 43.182901568789326], [76.90068172550932, 43.183024511735454], [76.90076469046582, 43.18302735699666]]]}, "properties": {"id": 114, "class": "building", "confidence": 100.0, "source": "Almaty_5", "source_model": "msft-buildings", "centroid_wkt": "POINT (76.90072717297072 43.18296446289437)", "bbox": [76.90068172550932, 43.182901568789326, 76.90077262043278, 43.18302735699666], "pixel_bbox": [8082, 2311, 8217, 2499], "area_m2": 92.33}}, {"type": "Feature", "geometry": {"type": "Polygon", "coordinates": [[[76.90039706337426, 43.183372170588214], [76.9004522547213, 43.183377941821796], [76.90046431541244, 43.18331661802799], [76.90040912406533, 43.183310846788615], [76.90039706337426, 43.183372170588214]]]}, "properties": {"id": 115, "class": "building", "confidence": 100.0, "source": "Almaty_5", "source_model": "msft-buildings", "centroid_wkt": "POINT (76.90043068939293 43.1833443943065)", "bbox": [76.90039706337426, 43.183310846788615, 76.90046431541244, 43.183377941821796], "pixel_bbox": [7657, 1788, 7757, 1888], "area_m2": 31.198}}, {"type": "Feature", "geometry": {"type": "Polygon", "coordinates": [[[76.89723444886653, 43.181628673293304], [76.8971128404765, 43.181626209398424], [76.89710959777558, 43.18171130891758], [76.89723121456306, 43.181713766772454], [76.89723444886653, 43.181628673293304]]]}, "properties": {"id": 116, "class": "building", "confidence": 100.0, "source": "Almaty_5", "source_model": "msft-buildings", "centroid_wkt": "POINT (76.89717202466332 43.181669990056385)", "bbox": [76.89710959777558, 43.181626209398424, 76.89723444886653, 43.181713766772454], "pixel_bbox": [2755, 4270, 2941, 4401], "area_m2": 93.544}}, {"type": "Feature", "geometry": {"type": "Polygon", "coordinates": [[[76.89962187929592, 43.18252439820553], [76.89974674013175, 43.182527150986914], [76.89975200662396, 43.182400139569694], [76.89962713360826, 43.18239738651404], [76.89962187929592, 43.18252439820553]]]}, "properties": {"id": 117, "class": "building", "confidence": 100.0, "source": "Almaty_5", "source_model": "msft-buildings", "centroid_wkt": "POINT (76.89968693995726 43.18246226778658)", "bbox": [76.89962187929592, 43.18239738651404, 76.89975200662396, 43.182527150986914], "pixel_bbox": [6501, 3057, 6695, 3250], "area_m2": 143.375}}, {"type": "Feature", "geometry": {"type": "Polygon", "coordinates": [[[76.9003669877118, 43.184172831614106], [76.90041375997036, 43.1841714901635], [76.90040960352357, 43.18409443901818], [76.9003628385211, 43.18409577787581], [76.9003669877118, 43.184172831614106]]]}, "properties": {"id": 118, "class": "building", "confidence": 100.0, "source": "Almaty_5", "source_model": "msft-buildings", "centroid_wkt": "POINT (76.90038829736591 43.18413363568519)", "bbox": [76.9003628385211, 43.18409443901818, 76.90041375997036, 43.184172831614106], "pixel_bbox": [7606, 603, 7682, 720], "area_m2": 32.598}}, {"type": "Feature", "geometry": {"type": "Polygon", "coordinates": [[[76.90046047547726, 43.18165067834079], [76.90054499296375, 43.181658360413785], [76.90055223585148, 43.18161599038319], [76.900467718365, 43.18160830830487], [76.90046047547726, 43.18165067834079]]]}, "properties": {"id": 119, "class": "building", "confidence": 100.0, "source": "Almaty_5", "source_model": "msft-buildings", "centroid_wkt": "POINT (76.90050635566351 43.18163333436054)", "bbox": [76.90046047547726, 43.18160830830487, 76.90055223585148, 43.181658360413785], "pixel_bbox": [7752, 4353, 7889, 4427], "area_m2": 32.847}}, {"type": "Feature", "geometry": {"type": "Polygon", "coordinates": [[[76.9015291270043, 43.184362914954434], [76.90152505608249, 43.18444494887725], [76.90164651721716, 43.18444815349288], [76.90164651721716, 43.18436601216753], [76.9015291270043, 43.184362914954434]]]}, "properties": {"id": 120, "class": "building", "confidence": 100.0, "source": "Almaty_5", "source_model": "msft-buildings", "centroid_wkt": "POINT (76.90158679859779 43.18440574055311)", "bbox": [76.90152505608249, 43.184362914954434, 76.90164651721716, 43.18444815349288], "pixel_bbox": [9339, 192, 9521, 319], "area_m2": 88.6}}, {"type": "Feature", "geometry": {"type": "Polygon", "coordinates": [[[76.8953192845348, 43.181619117473545], [76.8953165868273, 43.181680485228426], [76.89538089362324, 43.181681991618], [76.89538359147487, 43.18162062058612], [76.8953192845348, 43.181619117473545]]]}, "properties": {"id": 121, "class": "building", "confidence": 100.0, "source": "Almaty_5", "source_model": "msft-buildings", "centroid_wkt": "POINT (76.89535008940119 43.18165055373321)", "bbox": [76.8953165868273, 43.181619117473545, 76.89538359147487, 43.181681991618], "pixel_bbox": [81, 4317, 181, 4411], "area_m2": 35.682}}, {"type": "Feature", "geometry": {"type": "Polygon", "coordinates": [[[76.89754679806724, 43.18451144851897], [76.8974290238652, 43.184507547819464], [76.89742561955772, 43.18456219583726], [76.89740152938003, 43.1845613979676], [76.89740053636703, 43.1845773383975], [76.89754269344252, 43.1845773383975], [76.89754679806724, 43.18451144851897]]]}, "properties": {"id": 122, "class": "building", "confidence": 100.0, "source": "Almaty_5", "source_model": "msft-buildings", "centroid_wkt": "POINT (76.89748199915795 43.18454457977135)", "bbox": [76.89740053636703, 43.184507547819464, 76.89754679806724, 43.1845773383975], "pixel_bbox": [3188, 0, 3407, 104], "area_m2": 75.699}}, {"type": "Feature", "geometry": {"type": "Polygon", "coordinates": [[[76.8983009905975, 43.18348641563134], [76.8984537843016, 43.18348367867739], [76.89844904298697, 43.183342947614584], [76.89829624928288, 43.183345684574846], [76.8983009905975, 43.18348641563134]]]}, "properties": {"id": 123, "class": "building", "confidence": 100.0, "source": "Almaty_5", "source_model": "msft-buildings", "centroid_wkt": "POINT (76.89837501679281 43.18341468162452)", "bbox": [76.89829624928288, 43.183342947614584, 76.8984537843016, 43.18348641563134], "pixel_bbox": [4524, 1626, 4759, 1840], "area_m2": 194.329}}, {"type": "Feature", "geometry": {"type": "Polygon", "coordinates": [[[76.89936006357098, 43.18255408936205], [76.89945917902331, 43.18255666908502], [76.89946156946627, 43.1825078361546], [76.89936245401395, 43.18250525642955], [76.89936006357098, 43.18255408936205]]]}, "properties": {"id": 124, "class": "building", "confidence": 100.0, "source": "Almaty_5", "source_model": "msft-buildings", "centroid_wkt": "POINT (76.89941081651827 43.18253096275779)", "bbox": [76.89936006357098, 43.18250525642955, 76.89946156946627, 43.18255666908502], "pixel_bbox": [6111, 3013, 6262, 3090], "area_m2": 43.772}}, {"type": "Feature", "geometry": {"type": "Polygon", "coordinates": [[[76.89986218799642, 43.18092620107535], [76.90003104583222, 43.18092950167691], [76.90003212353567, 43.18090018487662], [76.90008840948093, 43.180901285077624], [76.90008963881837, 43.18086784332991], [76.8998643332609, 43.18086784332991], [76.89986218799642, 43.18092620107535]]]}, "properties": {"id": 125, "class": "building", "confidence": 100.0, "source": "Almaty_5", "source_model": "msft-buildings", "centroid_wkt": "POINT (76.89996587858225 43.18089575948841)", "bbox": [76.89986218799642, 43.18086784332991, 76.90008963881837, 43.18092950167691], "pixel_bbox": [6860, 5440, 7199, 5532], "area_m2": 108.322}}, {"type": "Feature", "geometry": {"type": "Polygon", "coordinates": [[[76.90049295753838, 43.182254393645366], [76.90043509360474, 43.182252807854496], [76.90043529493657, 43.182248901742255], [76.90032977571285, 43.18224600993335], [76.9003224134361, 43.182388582500245], [76.90048579696784, 43.18239306009995], [76.90049295753838, 43.182254393645366]]]}, "properties": {"id": 126, "class": "building", "confidence": 100.0, "source": "Almaty_5", "source_model": "msft-buildings", "centroid_wkt": "POINT (76.90040723431277 43.18232020018812)", "bbox": [76.9003224134361, 43.18224600993335, 76.90049295753838, 43.18239306009995], "pixel_bbox": [7546, 3257, 7800, 3476], "area_m2": 208.647}}, {"type": "Feature", "geometry": {"type": "Polygon", "coordinates": [[[76.89650106508051, 43.18120082700748], [76.8964943300957, 43.181083681871414], [76.8964273925173, 43.18108572816908], [76.89643412750212, 43.18120287330124], [76.89650106508051, 43.18120082700748]]]}, "properties": {"id": 127, "class": "building", "confidence": 100.0, "source": "Almaty_5", "source_model": "msft-buildings", "centroid_wkt": "POINT (76.89646422879909 43.18114327758727)", "bbox": [76.8964273925173, 43.181083681871414, 76.89650106508051, 43.18120287330124], "pixel_bbox": [1737, 5032, 1847, 5210], "area_m2": 70.95}}, {"type": "Feature", "geometry": {"type": "Polygon", "coordinates": [[[76.8974673622141, 43.18368059610888], [76.89746880289839, 43.18371968324591], [76.89759597819665, 43.18371719102094], [76.89759518375828, 43.18369569313819], [76.89769047318475, 43.18369382577256], [76.8976870536585, 43.18360105068757], [76.8974297479298, 43.18360610618924], [76.89743251866449, 43.183681278930294], [76.8974673622141, 43.18368059610888]]]}, "properties": {"id": 128, "class": "building", "confidence": 100.0, "source": "Almaty_5", "source_model": "msft-buildings", "centroid_wkt": "POINT (76.8975597458283 43.18365509699356)", "bbox": [76.8974297479298, 43.18360105068757, 76.89769047318475, 43.18371968324591], "pixel_bbox": [3232, 1279, 3621, 1455], "area_m2": 234.917}}, {"type": "Feature", "geometry": {"type": "Polygon", "coordinates": [[[76.89913974429804, 43.18219757767717], [76.89914646932482, 43.18208827184499], [76.89898586003787, 43.18208301780282], [76.8989810564473, 43.18216109342393], [76.89904635222304, 43.18216322945438], [76.8990444337784, 43.18219445977165], [76.89913974429804, 43.18219757767717]]]}, "properties": {"id": 129, "class": "building", "confidence": 100.0, "source": "Almaty_5", "source_model": "msft-buildings", "centroid_wkt": "POINT (76.89906938108085 43.18213537202171)", "bbox": [76.8989810564473, 43.18208301780282, 76.89914646932482, 43.18219757767717], "pixel_bbox": [5545, 3548, 5792, 3719], "area_m2": 140.427}}, {"type": "Feature", "geometry": {"type": "Polygon", "coordinates": [[[76.90121327644178, 43.181429532960685], [76.90121178450556, 43.181462746618465], [76.901290471271, 43.18146462600816], [76.90129196002272, 43.18143141227534], [76.90121327644178, 43.181429532960685]]]}, "properties": {"id": 130, "class": "building", "confidence": 100.0, "source": "Almaty_5", "source_model": "msft-buildings", "centroid_wkt": "POINT (76.90125187305503 43.181447079577666)", "bbox": [76.90121178450556, 43.181429532960685, 76.90129196002272, 43.18146462600816], "pixel_bbox": [8872, 4642, 8992, 4694], "area_m2": 23.63}}, {"type": "Feature", "geometry": {"type": "Polygon", "coordinates": [[[76.89748307791513, 43.18266865139803], [76.89753820114059, 43.1826703674292], [76.89754431263017, 43.182565986488804], [76.89748917923988, 43.18256427295195], [76.89748307791513, 43.18266865139803]]]}, "properties": {"id": 131, "class": "building", "confidence": 100.0, "source": "Almaty_5", "source_model": "msft-buildings", "centroid_wkt": "POINT (76.89751369294723 43.1826173179929)", "bbox": [76.89748307791513, 43.18256427295195, 76.89754431263017, 43.1826703674292], "pixel_bbox": [3312, 2843, 3403, 3002], "area_m2": 52.067}}, {"type": "Feature", "geometry": {"type": "Polygon", "coordinates": [[[76.898586302755, 43.18368646735915], [76.89864679307068, 43.18368652601251], [76.89864691434056, 43.183620029950404], [76.89857032441515, 43.18361995568626], [76.89857027201947, 43.1836502819925], [76.89848056236085, 43.18365019958524], [76.89848035548869, 43.18376363395502], [76.89858616926387, 43.183763731155324], [76.898586302755, 43.18368646735915]]]}, "properties": {"id": 132, "class": "building", "confidence": 100.0, "source": "Almaty_5", "source_model": "msft-buildings", "centroid_wkt": "POINT (76.89855497089668 43.18369175722711)", "bbox": [76.89848035548869, 43.18361995568626, 76.89864691434056, 43.183763731155324], "pixel_bbox": [4799, 1213, 5047, 1427], "area_m2": 149.143}}, {"type": "Feature", "geometry": {"type": "Polygon", "coordinates": [[[76.9005684470178, 43.18155115232747], [76.90057215605061, 43.18160970248752], [76.90064174499909, 43.181607358515215], [76.9006380359663, 43.18154880835292], [76.9005684470178, 43.18155115232747]]]}, "properties": {"id": 133, "class": "building", "confidence": 100.0, "source": "Almaty_5", "source_model": "msft-buildings", "centroid_wkt": "POINT (76.90060509600868 43.181579255420765)", "bbox": [76.9005684470178, 43.18154880835292, 76.90064174499909, 43.18160970248752], "pixel_bbox": [7913, 4425, 8022, 4516], "area_m2": 36.88}}, {"type": "Feature", "geometry": {"type": "Polygon", "coordinates": [[[76.89635852952252, 43.18274790320762], [76.89618967263804, 43.182751212309554], [76.8961937170514, 43.18286065769057], [76.8960800252729, 43.1828628857134], [76.89608276257304, 43.18293715224708], [76.8963653183592, 43.182931614995404], [76.89635852952252, 43.18274790320762]]]}, "properties": {"id": 134, "class": "building", "confidence": 100.0, "source": "Almaty_5", "source_model": "msft-buildings", "centroid_wkt": "POINT (76.89624770120638 43.18285371437409)", "bbox": [76.8960800252729, 43.18274790320762, 76.8963653183592, 43.18293715224708], "pixel_bbox": [1219, 2446, 1645, 2728], "area_m2": 356.703}}, {"type": "Feature", "geometry": {"type": "Polygon", "coordinates": [[[76.89643532037735, 43.18174554665161], [76.89662039279938, 43.18174554665161], [76.89662039279938, 43.18169860668703], [76.89649164676666, 43.18169860668703], [76.89649164676666, 43.18166731335724], [76.89650774002075, 43.18166731335724], [76.89650774002075, 43.181620373332485], [76.89643532037735, 43.181620373332485], [76.89643532037735, 43.18174554665161]]]}, "properties": {"id": 135, "class": "building", "confidence": 100.0, "source": "Almaty_5", "source_model": "msft-buildings", "centroid_wkt": "POINT (76.89650583807648 43.18169789544363)", "bbox": [76.89643532037735, 43.181620373332485, 76.89662039279938, 43.18174554665161], "pixel_bbox": [1749, 4223, 2025, 4409], "area_m2": 125.089}}, {"type": "Feature", "geometry": {"type": "Polygon", "coordinates": [[[76.8998985425505, 43.18207546418462], [76.8999025417233, 43.18196405864437], [76.89981037487435, 43.181962299457055], [76.89980636501595, 43.182073704796565], [76.8998985425505, 43.18207546418462]]]}, "properties": {"id": 136, "class": "building", "confidence": 100.0, "source": "Almaty_5", "source_model": "msft-buildings", "centroid_wkt": "POINT (76.89985445600213 43.18201888284691)", "bbox": [76.89980636501595, 43.181962299457055, 76.8999025417233, 43.18207546418462], "pixel_bbox": [6776, 3731, 6920, 3899], "area_m2": 92.81}}, {"type": "Feature", "geometry": {"type": "Polygon", "coordinates": [[[76.89629835260986, 43.184082952942205], [76.89629608503493, 43.184150258020985], [76.89637382218261, 43.184151650491145], [76.89637608989115, 43.18408434144913], [76.89629835260986, 43.184082952942205]]]}, "properties": {"id": 137, "class": "building", "confidence": 100.0, "source": "Almaty_5", "source_model": "msft-buildings", "centroid_wkt": "POINT (76.89633608781108 43.18411730073267)", "bbox": [76.89629608503493, 43.184082952942205, 76.89637608989115, 43.184151650491145], "pixel_bbox": [1541, 634, 1661, 737], "area_m2": 47.285}}, {"type": "Feature", "geometry": {"type": "Polygon", "coordinates": [[[76.89844090249805, 43.18090771417106], [76.89859996577988, 43.180911464636345], [76.8986019042677, 43.18086784332991], [76.89844267049196, 43.18086784332991], [76.89844090249805, 43.18090771417106]]]}, "properties": {"id": 138, "class": "building", "confidence": 100.0, "source": "Almaty_5", "source_model": "msft-buildings", "centroid_wkt": "POINT (76.89852255226958 43.180888730318856)", "bbox": [76.89844090249805, 43.18086784332991, 76.8986019042677, 43.180911464636345], "pixel_bbox": [4740, 5466, 4980, 5532], "area_m2": 60.04}}, {"type": "Feature", "geometry": {"type": "Polygon", "coordinates": [[[76.89963510358139, 43.182682962403376], [76.89959755828751, 43.18268262708745], [76.89959655577825, 43.18274231050019], [76.89963410103994, 43.182742647731565], [76.89963510358139, 43.182682962403376]]]}, "properties": {"id": 139, "class": "building", "confidence": 100.0, "source": "Almaty_5", "source_model": "msft-buildings", "centroid_wkt": "POINT (76.89961582977219 43.18271263693155)", "bbox": [76.89959655577825, 43.18268262708745, 76.89963510358139, 43.182742647731565], "pixel_bbox": [6463, 2736, 6521, 2825], "area_m2": 20.243}}, {"type": "Feature", "geometry": {"type": "Polygon", "coordinates": [[[76.8977751091757, 43.18275405773344], [76.89769634046797, 43.18275175835807], [76.89769119454881, 43.182845486414976], [76.89758139994576, 43.18284228135251], [76.89757711167978, 43.18292038796077], [76.89782615797448, 43.182927657970964], [76.89782755166092, 43.18290227333726], [76.89796948126975, 43.18290641646271], [76.89797580646209, 43.18279120915415], [76.89777339686329, 43.18278530052128], [76.8977751091757, 43.18275405773344]]]}, "properties": {"id": 140, "class": "building", "confidence": 100.0, "source": "Almaty_5", "source_model": "msft-buildings", "centroid_wkt": "POINT (76.89778519358858 43.18285283217613)", "bbox": [76.89757711167978, 43.18275175835807, 76.89797580646209, 43.182927657970964], "pixel_bbox": [3452, 2460, 4046, 2722], "area_m2": 424.873}}, {"type": "Feature", "geometry": {"type": "Polygon", "coordinates": [[[76.8980632862758, 43.18365387833702], [76.89806601033678, 43.18361094327334], [76.8979964218376, 43.183608595841676], [76.89799369777667, 43.18365153090701], [76.8980632862758, 43.18365387833702]]]}, "properties": {"id": 141, "class": "building", "confidence": 100.0, "source": "Almaty_5", "source_model": "msft-buildings", "centroid_wkt": "POINT (76.8980298540565 43.18363123708974)", "bbox": [76.89799369777667, 43.183608595841676, 76.89806601033678, 43.18365387833702], "pixel_bbox": [4073, 1377, 4181, 1444], "area_m2": 27.043}}, {"type": "Feature", "geometry": {"type": "Polygon", "coordinates": [[[76.89975675032048, 43.18275355353634], [76.89982909562802, 43.18275524450655], [76.89983248596204, 43.182678122153675], [76.89976014081664, 43.18267642749305], [76.89975675032048, 43.18275355353634]]]}, "properties": {"id": 142, "class": "building", "confidence": 100.0, "source": "Almaty_5", "source_model": "msft-buildings", "centroid_wkt": "POINT (76.89979461789332 43.18271583691565)", "bbox": [76.89975675032048, 43.18267642749305, 76.89983248596204, 43.18275524450655], "pixel_bbox": [6702, 2717, 6815, 2834], "area_m2": 50.447}}, {"type": "Feature", "geometry": {"type": "Polygon", "coordinates": [[[76.89976684198274, 43.18372435312927], [76.89968914110645, 43.183726204937464], [76.89969137698313, 43.1837759784053], [76.89976907768148, 43.18377412263753], [76.89976684198274, 43.18372435312927]]]}, "properties": {"id": 143, "class": "building", "confidence": 100.0, "source": "Almaty_5", "source_model": "msft-buildings", "centroid_wkt": "POINT (76.89972910892332 43.18375016478968)", "bbox": [76.89968914110645, 43.18372435312927, 76.89976907768148, 43.1837759784053], "pixel_bbox": [6601, 1195, 6721, 1272], "area_m2": 34.966}}, {"type": "Feature", "geometry": {"type": "Polygon", "coordinates": [[[76.89553714254109, 43.182362955814256], [76.89560299374266, 43.182356462988515], [76.89559572203794, 43.182317249535984], [76.89552987144832, 43.18232374566621], [76.89553714254109, 43.182362955814256]]]}, "properties": {"id": 144, "class": "building", "confidence": 100.0, "source": "Almaty_5", "source_model": "msft-buildings", "centroid_wkt": "POINT (76.89556643290494 43.1823401034556)", "bbox": [76.89552987144832, 43.182317249535984, 76.89560299374266, 43.182362955814256], "pixel_bbox": [399, 3302, 508, 3370], "area_m2": 23.749}}, {"type": "Feature", "geometry": {"type": "Polygon", "coordinates": [[[76.89777922390094, 43.181203868110714], [76.89788102908446, 43.18120133262676], [76.89787983954727, 43.181175936216185], [76.89777803436374, 43.18117847170118], [76.89777922390094, 43.181203868110714]]]}, "properties": {"id": 145, "class": "building", "confidence": 100.0, "source": "Almaty_5", "source_model": "msft-buildings", "centroid_wkt": "POINT (76.89782953172445 43.181189902163695)", "bbox": [76.89777803436374, 43.181175936216185, 76.89788102908446, 43.181203868110714], "pixel_bbox": [3751, 5030, 3905, 5072], "area_m2": 23.38}}, {"type": "Feature", "geometry": {"type": "Polygon", "coordinates": [[[76.89822613700011, 43.18394499533818], [76.89822902923699, 43.18398791844229], [76.89834408648025, 43.18398379649506], [76.89834119424336, 43.18394087338804], [76.89822613700011, 43.18394499533818]]]}, "properties": {"id": 146, "class": "building", "confidence": 100.0, "source": "Almaty_5", "source_model": "msft-buildings", "centroid_wkt": "POINT (76.89828511174082 43.18396439591586)", "bbox": [76.89822613700011, 43.18394087338804, 76.89834408648025, 43.18398791844229], "pixel_bbox": [4420, 879, 4596, 949], "area_m2": 44.712}}, {"type": "Feature", "geometry": {"type": "Polygon", "coordinates": [[[76.89879564563739, 43.184237124204714], [76.89876346851315, 43.184236723534895], [76.89876282743288, 43.18426409606422], [76.89858853467645, 43.184261925770336], [76.89858679460148, 43.18433622257641], [76.89875304307684, 43.18433829270036], [76.8987535925742, 43.18431483056163], [76.89879381397952, 43.18431533139826], [76.89879564563739, 43.184237124204714]]]}, "properties": {"id": 147, "class": "building", "confidence": 100.0, "source": "Almaty_5", "source_model": "msft-buildings", "centroid_wkt": "POINT (76.89869089457387 43.184295857473764)", "bbox": [76.89858679460148, 43.184236723534895, 76.89879564563739, 43.18433829270036], "pixel_bbox": [4958, 356, 5269, 507], "area_m2": 138.02}}, {"type": "Feature", "geometry": {"type": "Polygon", "coordinates": [[[76.9009179232351, 43.18289966711486], [76.90079623206276, 43.18291012539342], [76.90080808034759, 43.18298342725869], [76.90092977151993, 43.1829729689927], [76.9009179232351, 43.18289966711486]]]}, "properties": {"id": 148, "class": "building", "confidence": 100.0, "source": "Almaty_5", "source_model": "msft-buildings", "centroid_wkt": "POINT (76.90086300179306 43.18294154718968)", "bbox": [76.90079623206276, 43.18289966711486, 76.90092977151993, 43.18298342725869], "pixel_bbox": [8252, 2377, 8452, 2501], "area_m2": 81.686}}, {"type": "Feature", "geometry": {"type": "Polygon", "coordinates": [[[76.9014066147583, 43.18261063714981], [76.90125119335804, 43.18260715508791], [76.901248970357, 43.18265991195562], [76.90132668105713, 43.182661652985075], [76.90132297605538, 43.18274958099407], [76.90140068675554, 43.182751322020984], [76.9014066147583, 43.18261063714981]]]}, "properties": {"id": 149, "class": "building", "confidence": 100.0, "source": "Almaty_5", "source_model": "msft-buildings", "centroid_wkt": "POINT (76.90134410679573 43.18266764405478)", "bbox": [76.901248970357, 43.18260715508791, 76.9014066147583, 43.182751322020984], "pixel_bbox": [8928, 2723, 9163, 2938], "area_m2": 135.902}}, {"type": "Feature", "geometry": {"type": "Polygon", "coordinates": [[[76.8960146866266, 43.18263260961755], [76.8960129809771, 43.182573961883755], [76.89595667990753, 43.18257483248778], [76.89595838555704, 43.18263348022072], [76.8960146866266, 43.18263260961755]]]}, "properties": {"id": 150, "class": "building", "confidence": 100.0, "source": "Almaty_5", "source_model": "msft-buildings", "centroid_wkt": "POINT (76.89598568326714 43.18260372105245)", "bbox": [76.89595667990753, 43.182573961883755, 76.8960146866266, 43.18263348022072], "pixel_bbox": [1035, 2898, 1122, 2987], "area_m2": 29.837}}, {"type": "Feature", "geometry": {"type": "Polygon", "coordinates": [[[76.896171240681, 43.18114968459819], [76.89622310782454, 43.18114849606803], [76.8962211711052, 43.18110355587587], [76.8961692996525, 43.18110474450563], [76.896171240681, 43.18114968459819]]]}, "properties": {"id": 151, "class": "building", "confidence": 100.0, "source": "Almaty_5", "source_model": "msft-buildings", "centroid_wkt": "POINT (76.89619620480246 43.1811266199508)", "bbox": [76.8961692996525, 43.18110355587587, 76.89622310782454, 43.18114968459819], "pixel_bbox": [1352, 5111, 1433, 5180], "area_m2": 21.075}}, {"type": "Feature", "geometry": {"type": "Polygon", "coordinates": [[[76.89910559569628, 43.18114422943428], [76.89903597239673, 43.18114217565385], [76.89902870191514, 43.18127300302479], [76.89909832521471, 43.18127505680082], [76.89910559569628, 43.18114422943428]]]}, "properties": {"id": 152, "class": "building", "confidence": 100.0, "source": "Almaty_5", "source_model": "msft-buildings", "centroid_wkt": "POINT (76.89906714880553 43.181208616228396)", "bbox": [76.89902870191514, 43.18114217565385, 76.89910559569628, 43.18127505680082], "pixel_bbox": [5617, 4924, 5731, 5122], "area_m2": 82.406}}, {"type": "Feature", "geometry": {"type": "Polygon", "coordinates": [[[76.90015125675087, 43.18438205683976], [76.9001561958921, 43.18429811418776], [76.9000785547431, 43.18429568533287], [76.90007361560188, 43.184379627988214], [76.90015125675087, 43.18438205683976]]]}, "properties": {"id": 153, "class": "building", "confidence": 100.0, "source": "Almaty_5", "source_model": "msft-buildings", "centroid_wkt": "POINT (76.90011490574673 43.18433887108712)", "bbox": [76.90007361560188, 43.18429568533287, 76.9001561958921, 43.18438205683976], "pixel_bbox": [7175, 291, 7298, 420], "area_m2": 58.972}}, {"type": "Feature", "geometry": {"type": "Polygon", "coordinates": [[[76.90122248144023, 43.181876484333046], [76.9012420677448, 43.18181205050849], [76.90116439817092, 43.181799496978996], [76.90114480712049, 43.18186392608565], [76.90122248144023, 43.181876484333046]]]}, "properties": {"id": 154, "class": "building", "confidence": 100.0, "source": "Almaty_5", "source_model": "msft-buildings", "centroid_wkt": "POINT (76.9011934388736 43.18183798994491)", "bbox": [76.90114480712049, 43.181799496978996, 76.9012420677448, 43.181876484333046], "pixel_bbox": [8772, 4027, 8917, 4142], "area_m2": 47.423}}, {"type": "Feature", "geometry": {"type": "Polygon", "coordinates": [[[76.90126191089709, 43.18094398425755], [76.90116908559388, 43.1809420514014], [76.90116501961141, 43.1810456270624], [76.90125785484778, 43.18104756012213], [76.90126191089709, 43.18094398425755]]]}, "properties": {"id": 155, "class": "building", "confidence": 100.0, "source": "Almaty_5", "source_model": "msft-buildings", "centroid_wkt": "POINT (76.90121346770108 43.18099480663443)", "bbox": [76.90116501961141, 43.1809420514014, 76.90126191089709, 43.18104756012213], "pixel_bbox": [8802, 5263, 8947, 5421], "area_m2": 86.916}}, {"type": "Feature", "geometry": {"type": "Polygon", "coordinates": [[[76.89637613833987, 43.18403837878293], [76.89629309156015, 43.18403625972034], [76.89629140410528, 43.18407142029126], [76.89637445088498, 43.18407353935264], [76.89637613833987, 43.18403837878293]]]}, "properties": {"id": 156, "class": "building", "confidence": 100.0, "source": "Almaty_5", "source_model": "msft-buildings", "centroid_wkt": "POINT (76.89633377122232 43.18405489953678)", "bbox": [76.89629140410528, 43.18403625972034, 76.89637613833987, 43.18407353935264], "pixel_bbox": [1534, 751, 1661, 806], "area_m2": 26.405}}, {"type": "Feature", "geometry": {"type": "Polygon", "coordinates": [[[76.89713974637445, 43.18286539021608], [76.89702825082281, 43.18286684118143], [76.89702935579189, 43.18291181007442], [76.89714084702861, 43.18291035916631], [76.89713974637445, 43.18286539021608]]]}, "properties": {"id": 157, "class": "building", "confidence": 100.0, "source": "Almaty_5", "source_model": "msft-buildings", "centroid_wkt": "POINT (76.8970845500011 43.18288860001452)", "bbox": [76.89702825082281, 43.18286539021608, 76.89714084702861, 43.18291181007442], "pixel_bbox": [2633, 2483, 2801, 2553], "area_m2": 45.298}}, {"type": "Feature", "geometry": {"type": "Polygon", "coordinates": [[[76.8981725838087, 43.18457494059386], [76.89817245353993, 43.1845773383975], [76.89825559755901, 43.1845773383975], [76.8981725838087, 43.18457494059386]]]}, "properties": {"id": 158, "class": "building", "confidence": 100.0, "source": "Almaty_5", "source_model": "msft-buildings", "centroid_wkt": "POINT (76.89820021163588 43.184576539129615)", "bbox": [76.89817245353993, 43.18457494059386, 76.89825559755901, 43.1845773383975], "pixel_bbox": [4340, 0, 4464, 3], "area_m2": 0.9}}, {"type": "Feature", "geometry": {"type": "Polygon", "coordinates": [[[76.89580845417257, 43.18377630735582], [76.89581258207154, 43.18368726882683], [76.89572149105933, 43.183685023517704], [76.89571736294508, 43.18377406669334], [76.89580845417257, 43.18377630735582]]]}, "properties": {"id": 159, "class": "building", "confidence": 100.0, "source": "Almaty_5", "source_model": "msft-buildings", "centroid_wkt": "POINT (76.89576497216599 43.18373066658866)", "bbox": [76.89571736294508, 43.183685023517704, 76.89581258207154, 43.18377630735582], "pixel_bbox": [678, 1194, 820, 1330], "area_m2": 73.34}}, {"type": "Feature", "geometry": {"type": "Polygon", "coordinates": [[[76.9006417674106, 43.18314886551584], [76.90065024923797, 43.18310584364101], [76.90059769174357, 43.183100331705695], [76.9005892093981, 43.18314335621231], [76.9006417674106, 43.18314886551584]]]}, "properties": {"id": 160, "class": "building", "confidence": 100.0, "source": "Almaty_5", "source_model": "msft-buildings", "centroid_wkt": "POINT (76.90061972917967 43.18312459924058)", "bbox": [76.9005892093981, 43.183100331705695, 76.90065024923797, 43.18314886551584], "pixel_bbox": [7944, 2130, 8035, 2202], "area_m2": 20.845}}, {"type": "Feature", "geometry": {"type": "Polygon", "coordinates": [[[76.90098102424791, 43.181322217496536], [76.9009830175772, 43.18120488470996], [76.9008677002865, 43.181203843019134], [76.90086570695719, 43.18132117580773], [76.90098102424791, 43.181322217496536]]]}, "properties": {"id": 161, "class": "building", "confidence": 100.0, "source": "Almaty_5", "source_model": "msft-buildings", "centroid_wkt": "POINT (76.90092436226703 43.18126303025834)", "bbox": [76.90086570695719, 43.181203843019134, 76.9009830175772, 43.181322217496536], "pixel_bbox": [8356, 4854, 8531, 5030], "area_m2": 122.229}}, {"type": "Feature", "geometry": {"type": "Polygon", "coordinates": [[[76.89697393725285, 43.1838958483142], [76.89709966509803, 43.18390680732344], [76.89710141879098, 43.1838961166188], [76.89717402084997, 43.18390244864887], [76.89719772937693, 43.183757834079586], [76.89699939949816, 43.18374053658332], [76.89697393725285, 43.1838958483142]]]}, "properties": {"id": 162, "class": "building", "confidence": 100.0, "source": "Almaty_5", "source_model": "msft-buildings", "centroid_wkt": "POINT (76.89708451429433 43.18382482808999)", "bbox": [76.89697393725285, 43.18374053658332, 76.89719772937693, 43.18390680732344], "pixel_bbox": [2552, 999, 2886, 1247], "area_m2": 275.067}}, {"type": "Feature", "geometry": {"type": "Polygon", "coordinates": [[[76.89735209912479, 43.181249193843016], [76.89735337551194, 43.181214013144846], [76.89739454305679, 43.18121480522181], [76.89739708908243, 43.18114444363572], [76.89727379330739, 43.1811420713821], [76.89726997426895, 43.18124761373493], [76.89735209912479, 43.181249193843016]]]}, "properties": {"id": 163, "class": "building", "confidence": 100.0, "source": "Almaty_5", "source_model": "msft-buildings", "centroid_wkt": "POINT (76.89732854827788 43.18119152360292)", "bbox": [76.89726997426895, 43.1811420713821, 76.89739708908243, 43.181249193843016], "pixel_bbox": [2994, 4963, 3183, 5123], "area_m2": 104.527}}, {"type": "Feature", "geometry": {"type": "Polygon", "coordinates": [[[76.89963921262793, 43.18275033656763], [76.89972745507501, 43.182753898733644], [76.8997324883141, 43.18268760471983], [76.89964424586704, 43.182684042549944], [76.89963921262793, 43.18275033656763]]]}, "properties": {"id": 164, "class": "building", "confidence": 100.0, "source": "Almaty_5", "source_model": "msft-buildings", "centroid_wkt": "POINT (76.89968585047059 43.18271897064273)", "bbox": [76.89963921262793, 43.182684042549944, 76.8997324883141, 43.182753898733644], "pixel_bbox": [6527, 2719, 6666, 2823], "area_m2": 52.999}}, {"type": "Feature", "geometry": {"type": "Polygon", "coordinates": [[[76.89566817349889, 43.18161496849257], [76.89566239292303, 43.18172629140119], [76.89574274399591, 43.18172850988552], [76.89574852457176, 43.18161718698092], [76.89566817349889, 43.18161496849257]]]}, "properties": {"id": 165, "class": "building", "confidence": 100.0, "source": "Almaty_5", "source_model": "msft-buildings", "centroid_wkt": "POINT (76.89570545874716 43.18167173919002)", "bbox": [76.89566239292303, 43.18161496849257, 76.89574852457176, 43.18172850988552], "pixel_bbox": [596, 4248, 725, 4417], "area_m2": 80.908}}, {"type": "Feature", "geometry": {"type": "Polygon", "coordinates": [[[76.89624288637366, 43.1820140623364], [76.89638310403514, 43.18198677664257], [76.89635341161298, 43.181905645504834], [76.8962131963963, 43.18193293791502], [76.89624288637366, 43.1820140623364]]]}, "properties": {"id": 166, "class": "building", "confidence": 100.0, "source": "Almaty_5", "source_model": "msft-buildings", "centroid_wkt": "POINT (76.89629815057131 43.181959855410916)", "bbox": [76.8962131963963, 43.181905645504834, 76.89638310403514, 43.1820140623364], "pixel_bbox": [1418, 3822, 1671, 3984], "area_m2": 110.063}}, {"type": "Feature", "geometry": {"type": "Polygon", "coordinates": [[[76.8970087156901, 43.184521895861764], [76.89710652463437, 43.184523168679696], [76.89710762528853, 43.18447820091746], [76.89700982065918, 43.184476928154744], [76.8970087156901, 43.184521895861764]]]}, "properties": {"id": 167, "class": "building", "confidence": 100.0, "source": "Almaty_5", "source_model": "msft-buildings", "centroid_wkt": "POINT (76.89705817156383 43.18450004856873)", "bbox": [76.8970087156901, 43.184476928154744, 76.89710762528853, 43.184523168679696], "pixel_bbox": [2604, 80, 2752, 149], "area_m2": 39.736}}, {"type": "Feature", "geometry": {"type": "Polygon", "coordinates": [[[76.89709091131888, 43.18162192505837], [76.89692731496194, 43.181623194127795], [76.89692861875038, 43.1817131523588], [76.89696616545528, 43.18171286109741], [76.89696671678958, 43.18175090178481], [76.89709276653491, 43.18174993041147], [76.89709091131888, 43.18162192505837]]]}, "properties": {"id": 168, "class": "building", "confidence": 100.0, "source": "Almaty_5", "source_model": "msft-buildings", "centroid_wkt": "POINT (76.89701460726249 43.18168323210545)", "bbox": [76.89692731496194, 43.18162192505837, 76.89709276653491, 43.18175090178481], "pixel_bbox": [2483, 4215, 2729, 4407], "area_m2": 176.258}}, {"type": "Feature", "geometry": {"type": "Polygon", "coordinates": [[[76.89725800210337, 43.18291224225857], [76.89726071108429, 43.18285061929808], [76.89714817419144, 43.182847983166745], [76.89714546495833, 43.1829096118672], [76.89725800210337, 43.18291224225857]]]}, "properties": {"id": 169, "class": "building", "confidence": 100.0, "source": "Almaty_5", "source_model": "msft-buildings", "centroid_wkt": "POINT (76.89720308721085 43.1828801141272)", "bbox": [76.89714546495833, 43.182847983166745, 76.89726071108429, 43.18291224225857], "pixel_bbox": [2808, 2483, 2980, 2579], "area_m2": 62.703}}, {"type": "Feature", "geometry": {"type": "Polygon", "coordinates": [[[76.89787549703635, 43.181728024793884], [76.89795693174466, 43.181726644997354], [76.89795437781639, 43.181646499117285], [76.8978729507965, 43.18164787878535], [76.89787549703635, 43.181728024793884]]]}, "properties": {"id": 170, "class": "building", "confidence": 100.0, "source": "Almaty_5", "source_model": "msft-buildings", "centroid_wkt": "POINT (76.8979149393687 43.181687262554064)", "bbox": [76.8978729507965, 43.181646499117285, 76.89795693174466, 43.181728024793884], "pixel_bbox": [3893, 4249, 4018, 4370], "area_m2": 58.979}}, {"type": "Feature", "geometry": {"type": "Polygon", "coordinates": [[[76.89806269787375, 43.18203455603302], [76.89799732793884, 43.18203330831946], [76.89799384717996, 43.18213001365808], [76.89805922627086, 43.18213126488101], [76.89806269787375, 43.18203455603302]]]}, "properties": {"id": 171, "class": "building", "confidence": 100.0, "source": "Almaty_5", "source_model": "msft-buildings", "centroid_wkt": "POINT (76.89802827496246 43.18208228686993)", "bbox": [76.89799384717996, 43.18203330831946, 76.89806269787375, 43.18213126488101], "pixel_bbox": [4073, 3647, 4176, 3793], "area_m2": 57.142}}, {"type": "Feature", "geometry": {"type": "Polygon", "coordinates": [[[76.90062147132451, 43.18293780024827], [76.9004766781573, 43.18293591596121], [76.90047356761292, 43.18306300189261], [76.90061836078009, 43.18306488617575], [76.90062147132451, 43.18293780024827]]]}, "properties": {"id": 172, "class": "building", "confidence": 100.0, "source": "Almaty_5", "source_model": "msft-buildings", "centroid_wkt": "POINT (76.90054751946833 43.18300040106945)", "bbox": [76.90047356761292, 43.18293591596121, 76.90062147132451, 43.18306488617575], "pixel_bbox": [7771, 2255, 7992, 2447], "area_m2": 166.252}}, {"type": "Feature", "geometry": {"type": "Polygon", "coordinates": [[[76.90143715677434, 43.18165566706816], [76.90150948426657, 43.18165754959642], [76.9015113420565, 43.18161959736122], [76.90143901474471, 43.18161771114528], [76.90143715677434, 43.18165566706816]]]}, "properties": {"id": 173, "class": "building", "confidence": 100.0, "source": "Almaty_5", "source_model": "msft-buildings", "centroid_wkt": "POINT (76.90147424887492 43.18163763127751)", "bbox": [76.90143715677434, 43.18161771114528, 76.9015113420565, 43.18165754959642], "pixel_bbox": [9208, 4354, 9319, 4413], "area_m2": 24.826}}, {"type": "Feature", "geometry": {"type": "Polygon", "coordinates": [[[76.89575693566003, 43.18188528165438], [76.89570329217658, 43.18188514203252], [76.89570351260117, 43.181840978273016], [76.89556135740628, 43.18184060102003], [76.8955603755444, 43.182037324340634], [76.89575617425896, 43.18203783395917], [76.89575693566003, 43.18188528165438]]]}, "properties": {"id": 174, "class": "building", "confidence": 100.0, "source": "Almaty_5", "source_model": "msft-buildings", "centroid_wkt": "POINT (76.89565408182797 43.18194420661463)", "bbox": [76.8955603755444, 43.18184060102003, 76.89575693566003, 43.18203783395917], "pixel_bbox": [444, 3787, 737, 4081], "area_m2": 326.499}}, {"type": "Feature", "geometry": {"type": "Polygon", "coordinates": [[[76.8964582857334, 43.18099054604651], [76.8964557382581, 43.18107374819605], [76.89662367055992, 43.181076473615924], [76.8966262097919, 43.18099327990641], [76.8964582857334, 43.18099054604651]]]}, "properties": {"id": 175, "class": "building", "confidence": 100.0, "source": "Almaty_5", "source_model": "msft-buildings", "centroid_wkt": "POINT (76.89654097463432 43.18103351224732)", "bbox": [76.8964557382581, 43.18099054604651, 76.8966262097919, 43.181076473615924], "pixel_bbox": [1779, 5220, 2034, 5349], "area_m2": 126.255}}, {"type": "Feature", "geometry": {"type": "Polygon", "coordinates": [[[76.89748389756267, 43.18337189825045], [76.89748030363407, 43.183420651846525], [76.89753111878956, 43.18342264348197], [76.89753471271815, 43.18337388988748], [76.89748389756267, 43.18337189825045]]]}, "properties": {"id": 176, "class": "building", "confidence": 100.0, "source": "Almaty_5", "source_model": "msft-buildings", "centroid_wkt": "POINT (76.89750750817598 43.1833972708666)", "bbox": [76.89748030363407, 43.18337189825045, 76.89753471271815, 43.18342264348197], "pixel_bbox": [3307, 1722, 3389, 1797], "area_m2": 22.441}}, {"type": "Feature", "geometry": {"type": "Polygon", "coordinates": [[[76.90131738963638, 43.184014604732354], [76.90113164454354, 43.184005836536116], [76.9011148133621, 43.184195610246555], [76.90130054115345, 43.18420436812059], [76.90131738963638, 43.184014604732354]]]}, "properties": {"id": 177, "class": "building", "confidence": 100.0, "source": "Almaty_5", "source_model": "msft-buildings", "centroid_wkt": "POINT (76.90121609653885 43.184105103327866)", "bbox": [76.9011148133621, 43.184005836536116, 76.90131738963638, 43.18420436812059], "pixel_bbox": [8728, 556, 9030, 852], "area_m2": 319.676}}, {"type": "Feature", "geometry": {"type": "Polygon", "coordinates": [[[76.89629447384152, 43.18338486062016], [76.89629344431837, 43.183456366723554], [76.89638462944194, 43.18345706009407], [76.8963856588981, 43.18338555864448], [76.89629447384152, 43.18338486062016]]]}, "properties": {"id": 178, "class": "building", "confidence": 100.0, "source": "Almaty_5", "source_model": "msft-buildings", "centroid_wkt": "POINT (76.89633955113042 43.18342096151679)", "bbox": [76.89629344431837, 43.18338486062016, 76.8963856588981, 43.18345706009407], "pixel_bbox": [1537, 1670, 1675, 1778], "area_m2": 58.895}}, {"type": "Feature", "geometry": {"type": "Polygon", "coordinates": [[[76.89679509080264, 43.183178041697516], [76.89678121380949, 43.1833063252519], [76.89683070370235, 43.18330917165634], [76.89682712617336, 43.18334221416356], [76.8968656050395, 43.183344427268985], [76.89686896915907, 43.18331332826967], [76.89692912082324, 43.18331678788401], [76.89694322049631, 43.18318656137413], [76.89679509080264, 43.183178041697516]]]}, "properties": {"id": 179, "class": "building", "confidence": 100.0, "source": "Almaty_5", "source_model": "msft-buildings", "centroid_wkt": "POINT (76.89686154924942 43.18325184067158)", "bbox": [76.89678121380949, 43.183178041697516, 76.89694322049631, 43.183344427268985], "pixel_bbox": [2265, 1838, 2506, 2086], "area_m2": 185.308}}, {"type": "Feature", "geometry": {"type": "Polygon", "coordinates": [[[76.89629773752564, 43.183039163255955], [76.89608704900857, 43.18306003335043], [76.89610350646844, 43.18314836936012], [76.89631419498551, 43.18312749929584], [76.89629773752564, 43.183039163255955]]]}, "properties": {"id": 180, "class": "building", "confidence": 100.0, "source": "Almaty_5", "source_model": "msft-buildings", "centroid_wkt": "POINT (76.8962006220029 43.183093766314805)", "bbox": [76.89608704900857, 43.183039163255955, 76.89631419498551, 43.18314836936012], "pixel_bbox": [1230, 2131, 1568, 2293], "area_m2": 171.199}}, {"type": "Feature", "geometry": {"type": "Polygon", "coordinates": [[[76.89804725030689, 43.181117810414044], [76.89804675947643, 43.18113344903048], [76.89811646040258, 43.18113461224], [76.89811977350813, 43.18102905150319], [76.89799913728983, 43.18102703825248], [76.89799631501474, 43.181116960376094], [76.89804725030689, 43.181117810414044]]]}, "properties": {"id": 181, "class": "building", "confidence": 100.0, "source": "Almaty_5", "source_model": "msft-buildings", "centroid_wkt": "POINT (76.89806021840654 43.18107786402139)", "bbox": [76.89799631501474, 43.18102703825248, 76.89811977350813, 43.18113461224], "pixel_bbox": [4077, 5134, 4261, 5294], "area_m2": 107.882}}, {"type": "Feature", "geometry": {"type": "Polygon", "coordinates": [[[76.89995761674228, 43.18318713784334], [76.89995977777136, 43.18307568027854], [76.8997908323715, 43.18307393864984], [76.89978867134242, 43.18318539621781], [76.89995761674228, 43.18318713784334]]]}, "properties": {"id": 182, "class": "building", "confidence": 100.0, "source": "Almaty_5", "source_model": "msft-buildings", "centroid_wkt": "POINT (76.89987422455648 43.18313053824737)", "bbox": [76.89978867134242, 43.18307393864984, 76.89995977777136, 43.18318713784334], "pixel_bbox": [6750, 2073, 7005, 2242], "area_m2": 170.108}}, {"type": "Feature", "geometry": {"type": "Polygon", "coordinates": [[[76.90151582359431, 43.18450060351317], [76.9015202089733, 43.18434029617158], [76.90143046876364, 43.184338990960434], [76.90142606800356, 43.18449929808175], [76.90151582359431, 43.18450060351317]]]}, "properties": {"id": 183, "class": "building", "confidence": 100.0, "source": "Almaty_5", "source_model": "msft-buildings", "centroid_wkt": "POINT (76.9014731422708 43.18441979947119)", "bbox": [76.90142606800356, 43.184338990960434, 76.9015202089733, 43.18450060351317], "pixel_bbox": [9192, 114, 9332, 355], "area_m2": 129.994}}, {"type": "Feature", "geometry": {"type": "Polygon", "coordinates": [[[76.89709928673156, 43.18198379416615], [76.89710493134886, 43.18210972313624], [76.89726138102228, 43.18210599444645], [76.89725572397269, 43.18198005778124], [76.89709928673156, 43.18198379416615]]]}, "properties": {"id": 184, "class": "building", "confidence": 100.0, "source": "Almaty_5", "source_model": "msft-buildings", "centroid_wkt": "POINT (76.89718033163165 43.182044893172744)", "bbox": [76.89709928673156, 43.18198005778124, 76.89726138102228, 43.18210972313624], "pixel_bbox": [2739, 3679, 2981, 3873], "area_m2": 178.135}}, {"type": "Feature", "geometry": {"type": "Polygon", "coordinates": [[[76.89927635814112, 43.182102538126074], [76.8994023714748, 43.18210437740365], [76.89940301548756, 43.182080916963756], [76.8994673627218, 43.18208185616967], [76.89946956309875, 43.1820016995999], [76.89927920253088, 43.181998921112054], [76.89927635814112, 43.182102538126074]]]}, "properties": {"id": 185, "class": "building", "confidence": 100.0, "source": "Almaty_5", "source_model": "msft-buildings", "centroid_wkt": "POINT (76.8993678299566 43.18204872105067)", "bbox": [76.89927635814112, 43.181998921112054, 76.89946956309875, 43.18210437740365], "pixel_bbox": [5986, 3687, 6274, 3845], "area_m2": 164.586}}, {"type": "Feature", "geometry": {"type": "Polygon", "coordinates": [[[76.90071684343373, 43.181741988358574], [76.90056138935715, 43.18174505865555], [76.90056512472269, 43.18184562020657], [76.90072057850477, 43.18184254198692], [76.90071684343373, 43.181741988358574]]]}, "properties": {"id": 186, "class": "building", "confidence": 100.0, "source": "Almaty_5", "source_model": "msft-buildings", "centroid_wkt": "POINT (76.90064098298393 43.181793802322076)", "bbox": [76.90056138935715, 43.181741988358574, 76.90072057850477, 43.18184562020657], "pixel_bbox": [7902, 4073, 8140, 4228], "area_m2": 141.295}}, {"type": "Feature", "geometry": {"type": "Polygon", "coordinates": [[[76.89834640147924, 43.184021102176594], [76.89837713167638, 43.18402143150996], [76.89837744548444, 43.18400578880546], [76.89840839427218, 43.18400612048153], [76.89841241446456, 43.18380667585379], [76.89835073698083, 43.18380601485817], [76.89834640147924, 43.184021102176594]]]}, "properties": {"id": 187, "class": "building", "confidence": 100.0, "source": "Almaty_5", "source_model": "msft-buildings", "centroid_wkt": "POINT (76.89837890217092 43.18391010583889)", "bbox": [76.89834640147924, 43.18380601485817, 76.89841241446456, 43.18402143150996], "pixel_bbox": [4599, 829, 4697, 1150], "area_m2": 115.469}}, {"type": "Feature", "geometry": {"type": "Polygon", "coordinates": [[[76.89836621245973, 43.1836215079109], [76.89836131487236, 43.18379745431553], [76.89842176956505, 43.183798352107466], [76.89842024061929, 43.183853090806686], [76.89847386255697, 43.18385388712698], [76.89848030597138, 43.183623202279435], [76.89836621245973, 43.1836215079109]]]}, "properties": {"id": 188, "class": "building", "confidence": 100.0, "source": "Almaty_5", "source_model": "msft-buildings", "centroid_wkt": "POINT (76.89842425197342 43.18372509815645)", "bbox": [76.89836131487236, 43.1836215079109, 76.89848030597138, 43.18385388712698], "pixel_bbox": [4621, 1078, 4799, 1425], "area_m2": 207.892}}, {"type": "Feature", "geometry": {"type": "Polygon", "coordinates": [[[76.90077649285617, 43.182767408236124], [76.9009517700811, 43.182771487204484], [76.90095501966299, 43.182697242448945], [76.90077974955707, 43.18269316364129], [76.90077649285617, 43.182767408236124]]]}, "properties": {"id": 189, "class": "building", "confidence": 100.0, "source": "Almaty_5", "source_model": "msft-buildings", "centroid_wkt": "POINT (76.90086575802735 43.18273232563398)", "bbox": [76.90077649285617, 43.18269316364129, 76.90095501966299, 43.182771487204484], "pixel_bbox": [8223, 2693, 8489, 2809], "area_m2": 117.655}}, {"type": "Feature", "geometry": {"type": "Polygon", "coordinates": [[[76.90105106345798, 43.18349739072651], [76.90104877220311, 43.183586461659125], [76.90120309483986, 43.18358858019637], [76.90120539484441, 43.18349950151087], [76.90105106345798, 43.18349739072651]]]}, "properties": {"id": 190, "class": "building", "confidence": 100.0, "source": "Almaty_5", "source_model": "msft-buildings", "centroid_wkt": "POINT (76.9011270824832 43.1835429831277)", "bbox": [76.90104877220311, 43.18349739072651, 76.90120539484441, 43.18358858019637], "pixel_bbox": [8629, 1474, 8863, 1610], "area_m2": 124.202}}, {"type": "Feature", "geometry": {"type": "Polygon", "coordinates": [[[76.89641210233134, 43.18155747772064], [76.89640854633925, 43.18145192594242], [76.89624502998899, 43.18145484672073], [76.89624858598104, 43.181560398493914], [76.89641210233134, 43.18155747772064]]]}, "properties": {"id": 191, "class": "building", "confidence": 100.0, "source": "Almaty_5", "source_model": "msft-buildings", "centroid_wkt": "POINT (76.8963285661608 43.18150616221941)", "bbox": [76.89624502998899, 43.18145192594242, 76.89641210233134, 43.181560398493914], "pixel_bbox": [1465, 4499, 1714, 4660], "area_m2": 155.984}}, {"type": "Feature", "geometry": {"type": "Polygon", "coordinates": [[[76.8991524958895, 43.182626944806216], [76.89915271928145, 43.18249003864558], [76.89896496491619, 43.182489875753134], [76.89896474152424, 43.18262678191411], [76.8991524958895, 43.182626944806216]]]}, "properties": {"id": 192, "class": "building", "confidence": 100.0, "source": "Almaty_5", "source_model": "msft-buildings", "centroid_wkt": "POINT (76.8990587304028 43.18255841027976)", "bbox": [76.89896474152424, 43.182489875753134, 76.89915271928145, 43.182626944806216], "pixel_bbox": [5521, 2908, 5801, 3113], "area_m2": 232.166}}, {"type": "Feature", "geometry": {"type": "Polygon", "coordinates": [[[76.89555708004885, 43.181841071063516], [76.89543377476802, 43.18183883080417], [76.89542707549928, 43.182035441824475], [76.89555038099442, 43.182037675787626], [76.89555708004885, 43.181841071063516]]]}, "properties": {"id": 193, "class": "building", "confidence": 100.0, "source": "Almaty_5", "source_model": "msft-buildings", "centroid_wkt": "POINT (76.8954920774986 43.18193825486395)", "bbox": [76.89542707549928, 43.18183883080417, 76.89555708004885, 43.182037675787626], "pixel_bbox": [245, 3787, 439, 4083], "area_m2": 219.099}}, {"type": "Feature", "geometry": {"type": "Polygon", "coordinates": [[[76.90071990958143, 43.1822355791018], [76.90079647817213, 43.18223808389849], [76.90079311042356, 43.18229273653367], [76.90084771131902, 43.18229452269706], [76.90085479661508, 43.18217936137263], [76.9007236323641, 43.18217507057797], [76.90071990958143, 43.1822355791018]]]}, "properties": {"id": 194, "class": "building", "confidence": 100.0, "source": "Almaty_5", "source_model": "msft-buildings", "centroid_wkt": "POINT (76.90079684563715 43.182223546054125)", "bbox": [76.90071990958143, 43.18217507057797, 76.90085479661508, 43.18229452269706], "pixel_bbox": [8139, 3404, 8340, 3582], "area_m2": 98.833}}, {"type": "Feature", "geometry": {"type": "Polygon", "coordinates": [[[76.89632384127876, 43.18239561925527], [76.8962665475087, 43.18239744380057], [76.89627716995112, 43.18257508399603], [76.89633448073918, 43.18257325891412], [76.89632384127876, 43.18239561925527]]]}, "properties": {"id": 195, "class": "building", "confidence": 100.0, "source": "Almaty_5", "source_model": "msft-buildings", "centroid_wkt": "POINT (76.89630051013268 43.18248535588779)", "bbox": [76.8962665475087, 43.18239561925527, 76.89633448073918, 43.18257508399603], "pixel_bbox": [1497, 2985, 1599, 3253], "area_m2": 92.114}}, {"type": "Feature", "geometry": {"type": "Polygon", "coordinates": [[[76.89839309628601, 43.184151471692346], [76.89831932942644, 43.18414959318879], [76.89831647702205, 43.1842091461569], [76.89819467622036, 43.18420603823621], [76.8981893326132, 43.184317379665046], [76.89834597024316, 43.18432137648963], [76.89834938408228, 43.18425010191893], [76.89838831515213, 43.18425109331307], [76.89839309628601, 43.184151471692346]]]}, "properties": {"id": 196, "class": "building", "confidence": 100.0, "source": "Almaty_5", "source_model": "msft-buildings", "centroid_wkt": "POINT (76.8982928168459 43.18424583605249)", "bbox": [76.8981893326132, 43.18414959318879, 76.89839309628601, 43.18432137648963], "pixel_bbox": [4365, 381, 4669, 637], "area_m2": 211.535}}, {"type": "Feature", "geometry": {"type": "Polygon", "coordinates": [[[76.90124456696364, 43.18253027712779], [76.9012435219018, 43.18258698523439], [76.90139101676364, 43.182588430472556], [76.90139206182545, 43.1825317223673], [76.90124456696364, 43.18253027712779]]]}, "properties": {"id": 197, "class": "building", "confidence": 100.0, "source": "Almaty_5", "source_model": "msft-buildings", "centroid_wkt": "POINT (76.90131779186333 43.182559353800514)", "bbox": [76.9012435219018, 43.18253027712779, 76.90139206182545, 43.182588430472556], "pixel_bbox": [8920, 2966, 9141, 3052], "area_m2": 75.559}}, {"type": "Feature", "geometry": {"type": "Polygon", "coordinates": [[[76.90150821251886, 43.18302588608428], [76.90150928900596, 43.18307281189841], [76.90164651721716, 43.18307113811537], [76.90164651721716, 43.18302419916996], [76.90150821251886, 43.18302588608428]]]}, "properties": {"id": 198, "class": "building", "confidence": 100.0, "source": "Almaty_5", "source_model": "msft-buildings", "centroid_wkt": "POINT (76.90157763363962 43.18304847825676)", "bbox": [76.90150821251886, 43.18302419916996, 76.90164651721716, 43.18307281189841], "pixel_bbox": [9314, 2243, 9521, 2316], "area_m2": 58.406}}, {"type": "Feature", "geometry": {"type": "Polygon", "coordinates": [[[76.9002058130444, 43.183254092108164], [76.90021415041863, 43.183318055095604], [76.90031099943484, 43.18331134310854], [76.9002987272158, 43.18321726187336], [76.90024024767146, 43.18322131770803], [76.90024417604602, 43.1832514334107], [76.9002058130444, 43.183254092108164]]]}, "properties": {"id": 199, "class": "building", "confidence": 100.0, "source": "Almaty_5", "source_model": "msft-buildings", "centroid_wkt": "POINT (76.90026129321116 43.18327200994586)", "bbox": [76.9002058130444, 43.18321726187336, 76.90031099943484, 43.183318055095604], "pixel_bbox": [7372, 1877, 7529, 2028], "area_m2": 72.506}}, {"type": "Feature", "geometry": {"type": "Polygon", "coordinates": [[[76.89767076640943, 43.18380139227173], [76.89750059396101, 43.18380011565876], [76.89749874751841, 43.18393009346374], [76.89766893231891, 43.18393137885172], [76.89767076640943, 43.18380139227173]]]}, "properties": {"id": 200, "class": "building", "confidence": 100.0, "source": "Almaty_5", "source_model": "msft-buildings", "centroid_wkt": "POINT (76.89758476098783 43.183865745862654)", "bbox": [76.89749874751841, 43.18380011565876, 76.89767076640943, 43.18393137885172], "pixel_bbox": [3335, 963, 3591, 1159], "area_m2": 199.807}}, {"type": "Feature", "geometry": {"type": "Polygon", "coordinates": [[[76.8980790541542, 43.18265921731715], [76.89821315606801, 43.18265843712672], [76.89821363788045, 43.182702469963466], [76.89837834789655, 43.18270150329326], [76.8983775381466, 43.18262814373414], [76.89827988603628, 43.182628711863835], [76.89827939385376, 43.182583731246], [76.89807824098303, 43.18258490153308], [76.8980790541542, 43.18265921731715]]]}, "properties": {"id": 201, "class": "building", "confidence": 100.0, "source": "Almaty_5", "source_model": "msft-buildings", "centroid_wkt": "POINT (76.89823003977138 43.1826408698998)", "bbox": [76.89807824098303, 43.182583731246, 76.89837834789655, 43.182702469963466], "pixel_bbox": [4199, 2796, 4647, 2973], "area_m2": 226.405}}, {"type": "Feature", "geometry": {"type": "Polygon", "coordinates": [[[76.89766295580918, 43.18102667783486], [76.89766030388842, 43.181098072310654], [76.89771926922784, 43.18109923691835], [76.89772192103688, 43.18102784545103], [76.89766295580918, 43.18102667783486]]]}, "properties": {"id": 202, "class": "building", "confidence": 100.0, "source": "Almaty_5", "source_model": "msft-buildings", "centroid_wkt": "POINT (76.89769111228351 43.18106295812462)", "bbox": [76.89766030388842, 43.18102667783486, 76.89772192103688, 43.18109923691835], "pixel_bbox": [3576, 5186, 3668, 5295], "area_m2": 38.051}}, {"type": "Feature", "geometry": {"type": "Polygon", "coordinates": [[[76.89716883037545, 43.184563492028204], [76.89697182950067, 43.18456804624378], [76.89697223354113, 43.1845773383975], [76.89716943111273, 43.1845773383975], [76.89716883037545, 43.184563492028204]]]}, "properties": {"id": 203, "class": "building", "confidence": 100.0, "source": "Almaty_5", "source_model": "msft-buildings", "centroid_wkt": "POINT (76.89707704675618 43.1845714790635)", "bbox": [76.89697182950067, 43.184563492028204, 76.89716943111273, 43.1845773383975], "pixel_bbox": [2549, 0, 2844, 20], "area_m2": 20.605}}, {"type": "Feature", "geometry": {"type": "Polygon", "coordinates": [[[76.90018697411841, 43.181693470511455], [76.90018623392778, 43.181726710895646], [76.90024254547038, 43.18172737762999], [76.9002432421204, 43.18169609256337], [76.90028882765486, 43.18169663230098], [76.90029150371308, 43.18157645608752], [76.90015474726499, 43.18157482989397], [76.90015211459207, 43.18169305777092], [76.90018697411841, 43.181693470511455]]]}, "properties": {"id": 204, "class": "building", "confidence": 100.0, "source": "Almaty_5", "source_model": "msft-buildings", "centroid_wkt": "POINT (76.90022129828931 43.181642866113705)", "bbox": [76.90015211459207, 43.18157482989397, 76.90029150371308, 43.18172737762999], "pixel_bbox": [7292, 4250, 7500, 4477], "area_m2": 163.787}}, {"type": "Feature", "geometry": {"type": "Polygon", "coordinates": [[[76.89609589181353, 43.182639356684504], [76.89625679766958, 43.182637845732714], [76.8962543456421, 43.18249900662108], [76.89609343978607, 43.18250051757631], [76.89609589181353, 43.182639356684504]]]}, "properties": {"id": 205, "class": "building", "confidence": 100.0, "source": "Almaty_5", "source_model": "msft-buildings", "centroid_wkt": "POINT (76.89617511872815 43.18256918165365)", "bbox": [76.89609343978607, 43.18249900662108, 76.89625679766958, 43.182639356684504], "pixel_bbox": [1239, 2890, 1483, 3099], "area_m2": 201.809}}, {"type": "Feature", "geometry": {"type": "Polygon", "coordinates": [[[76.89650296361589, 43.18292704404106], [76.89665838233282, 43.18292353033083], [76.89665489288345, 43.18284146584373], [76.89649947416652, 43.18284497955869], [76.89650296361589, 43.18292704404106]]]}, "properties": {"id": 206, "class": "building", "confidence": 100.0, "source": "Almaty_5", "source_model": "msft-buildings", "centroid_wkt": "POINT (76.89657892825042 43.182884254943545)", "bbox": [76.89649947416652, 43.18284146584373, 76.89665838233282, 43.18292704404106], "pixel_bbox": [1845, 2461, 2082, 2588], "area_m2": 115.308}}, {"type": "Feature", "geometry": {"type": "Polygon", "coordinates": [[[76.89913552291627, 43.182184955245496], [76.89913165083087, 43.18231593398208], [76.89922548454327, 43.182317408916944], [76.89922935662871, 43.18218643018353], [76.89913552291627, 43.182184955245496]]]}, "properties": {"id": 207, "class": "building", "confidence": 100.0, "source": "Almaty_5", "source_model": "msft-buildings", "centroid_wkt": "POINT (76.8991805037296 43.182251182082)", "bbox": [76.89913165083087, 43.182184955245496, 76.89922935662871, 43.182317408916944], "pixel_bbox": [5770, 3370, 5916, 3567], "area_m2": 111.058}}, {"type": "Feature", "geometry": {"type": "Polygon", "coordinates": [[[76.89912657510885, 43.182198529885035], [76.89905580806699, 43.18219955556872], [76.89905698050705, 43.18224256652482], [76.89912775167558, 43.18224154078204], [76.89912657510885, 43.182198529885035]]]}, "properties": {"id": 208, "class": "building", "confidence": 100.0, "source": "Almaty_5", "source_model": "msft-buildings", "centroid_wkt": "POINT (76.89909177884543 43.182220548399144)", "bbox": [76.89905580806699, 43.182198529885035, 76.89912775167558, 43.18224256652482], "pixel_bbox": [5657, 3481, 5764, 3547], "area_m2": 27.503}}, {"type": "Feature", "geometry": {"type": "Polygon", "coordinates": [[[76.89541278089706, 43.18132399880024], [76.89541502832043, 43.18127630996227], [76.89526218920946, 43.18127248006924], [76.89526218920946, 43.181320217541355], [76.89541278089706, 43.18132399880024]]]}, "properties": {"id": 209, "class": "building", "confidence": 100.0, "source": "Almaty_5", "source_model": "msft-buildings", "centroid_wkt": "POINT (76.89533805034571 43.18129819274989)", "bbox": [76.89526218920946, 43.18127248006924, 76.89541502832043, 43.18132399880024], "pixel_bbox": [0, 4851, 227, 4928], "area_m2": 65.421}}, {"type": "Feature", "geometry": {"type": "Polygon", "coordinates": [[[76.89995005356589, 43.183847892234695], [76.89995824067532, 43.18372300859349], [76.8998057033192, 43.1837176917955], [76.89979751620977, 43.18384257544759], [76.89995005356589, 43.183847892234695]]]}, "properties": {"id": 210, "class": "building", "confidence": 100.0, "source": "Almaty_5", "source_model": "msft-buildings", "centroid_wkt": "POINT (76.89987787844144 43.18378279201773)", "bbox": [76.89979751620977, 43.1837176917955, 76.89995824067532, 43.183847892234695], "pixel_bbox": [6763, 1087, 7003, 1281], "area_m2": 172.445}}, {"type": "Feature", "geometry": {"type": "Polygon", "coordinates": [[[76.8958445951547, 43.18338637870179], [76.89584103039044, 43.183453903980876], [76.89589877520618, 43.18345552478607], [76.8959023462866, 43.183388002633315], [76.8958445951547, 43.18338637870179]]]}, "properties": {"id": 211, "class": "building", "confidence": 100.0, "source": "Almaty_5", "source_model": "msft-buildings", "centroid_wkt": "POINT (76.89587168658295 43.183420951889005)", "bbox": [76.89584103039044, 43.18338637870179, 76.8959023462866, 43.18345552478607], "pixel_bbox": [863, 1672, 954, 1776], "area_m2": 35.271}}, {"type": "Feature", "geometry": {"type": "Polygon", "coordinates": [[[76.89694602992265, 43.18301681390991], [76.8969677181816, 43.183013583058056], [76.8969287803705, 43.18287465488368], [76.89681291839804, 43.18289191462209], [76.89685027764921, 43.18302521054164], [76.8968734500437, 43.183021758601875], [76.89688502614969, 43.183063061506154], [76.89695602418206, 43.18305248509409], [76.89694602992265, 43.18301681390991]]]}, "properties": {"id": 212, "class": "building", "confidence": 100.0, "source": "Almaty_5", "source_model": "msft-buildings", "centroid_wkt": "POINT (76.89689396477846 43.182964166771285)", "bbox": [76.89681291839804, 43.18287465488368, 76.8969677181816, 43.183063061506154], "pixel_bbox": [2312, 2258, 2543, 2539], "area_m2": 174.055}}, {"type": "Feature", "geometry": {"type": "Polygon", "coordinates": [[[76.89912899060059, 43.18331748492513], [76.89892782564282, 43.183317207738554], [76.89892748349962, 43.18344922864203], [76.89912864843078, 43.18344951609413], [76.89912899060059, 43.18331748492513]]]}, "properties": {"id": 213, "class": "building", "confidence": 100.0, "source": "Almaty_5", "source_model": "msft-buildings", "centroid_wkt": "POINT (76.8990282383469 43.18338335935179)", "bbox": [76.89892748349962, 43.183317207738554, 76.89912899060059, 43.18344951609413], "pixel_bbox": [5466, 1681, 5766, 1879], "area_m2": 239.88}}, {"type": "Feature", "geometry": {"type": "Polygon", "coordinates": [[[76.89930542924304, 43.18281173319613], [76.8991698193391, 43.1828095462494], [76.89916682453281, 43.18290828415376], [76.8993024247537, 43.182910477861], [76.89930542924304, 43.18281173319613]]]}, "properties": {"id": 214, "class": "building", "confidence": 100.0, "source": "Almaty_5", "source_model": "msft-buildings", "centroid_wkt": "POINT (76.89923612527583 43.182860009803036)", "bbox": [76.89916682453281, 43.1828095462494, 76.89930542924304, 43.182910477861], "pixel_bbox": [5823, 2485, 6029, 2636], "area_m2": 120.996}}, {"type": "Feature", "geometry": {"type": "Polygon", "coordinates": [[[76.9003204775865, 43.181654634298695], [76.90031595287546, 43.181724889567526], [76.90036513659287, 43.18172657132583], [76.9003696545755, 43.18165631582887], [76.9003204775865, 43.181654634298695]]]}, "properties": {"id": 215, "class": "building", "confidence": 100.0, "source": "Almaty_5", "source_model": "msft-buildings", "centroid_wkt": "POINT (76.90034280535592 43.18169060355619)", "bbox": [76.90031595287546, 43.181654634298695, 76.9003696545755, 43.18172657132583], "pixel_bbox": [7536, 4251, 7616, 4358], "area_m2": 31.276}}, {"type": "Feature", "geometry": {"type": "Polygon", "coordinates": [[[76.89547268195761, 43.18261392630798], [76.8954749886746, 43.182569005796786], [76.89538927815691, 43.18256666561637], [76.89538697143989, 43.18261158612928], [76.89547268195761, 43.18261392630798]]]}, "properties": {"id": 216, "class": "building", "confidence": 100.0, "source": "Almaty_5", "source_model": "msft-buildings", "centroid_wkt": "POINT (76.89543098005699 43.1825902959626)", "bbox": [76.89538697143989, 43.18256666561637, 76.8954749886746, 43.18261392630798], "pixel_bbox": [186, 2928, 317, 2998], "area_m2": 34.824}}, {"type": "Feature", "geometry": {"type": "Polygon", "coordinates": [[[76.89921132449916, 43.18199335225681], [76.89913897409346, 43.181991720224424], [76.89914088067715, 43.18194677928127], [76.8990765692054, 43.1819453285847], [76.89907118103413, 43.182072335515635], [76.89920784291158, 43.182075418239364], [76.89921132449916, 43.18199335225681]]]}, "properties": {"id": 217, "class": "building", "confidence": 100.0, "source": "Almaty_5", "source_model": "msft-buildings", "centroid_wkt": "POINT (76.89913439248662 43.18201966482683)", "bbox": [76.89907118103413, 43.1819453285847, 76.89921132449916, 43.182075418239364], "pixel_bbox": [5680, 3731, 5889, 3925], "area_m2": 127.524}}, {"type": "Feature", "geometry": {"type": "Polygon", "coordinates": [[[76.89990291284012, 43.18457149051264], [76.89980380238195, 43.18456886042618], [76.89980337922097, 43.1845773383975], [76.89990262095463, 43.1845773383975], [76.89990291284012, 43.18457149051264]]]}, "properties": {"id": 218, "class": "building", "confidence": 100.0, "source": "Almaty_5", "source_model": "msft-buildings", "centroid_wkt": "POINT (76.89985014422327 43.1845737166953)", "bbox": [76.89980337922097, 43.18456886042618, 76.89990291284012, 43.1845773383975], "pixel_bbox": [6772, 0, 6920, 12], "area_m2": 6.42}}, {"type": "Feature", "geometry": {"type": "Polygon", "coordinates": [[[76.90028352748672, 43.18373324680188], [76.90025674169877, 43.18373252777797], [76.90025250149054, 43.18381651189868], [76.90041857337579, 43.18382096984055], [76.90042527882134, 43.18368815769929], [76.90028599272405, 43.183684418772174], [76.90028352748672, 43.18373324680188]]]}, "properties": {"id": 219, "class": "building", "confidence": 100.0, "source": "Almaty_5", "source_model": "msft-buildings", "centroid_wkt": "POINT (76.90034314652172 43.18375509964497)", "bbox": [76.90025250149054, 43.183684418772174, 76.90042527882134, 43.18382096984055], "pixel_bbox": [7442, 1127, 7699, 1331], "area_m2": 187.651}}, {"type": "Feature", "geometry": {"type": "Polygon", "coordinates": [[[76.89601224527016, 43.1808716171982], [76.89608026715581, 43.180870846516314], [76.89608020316487, 43.18086784332991], [76.89601216449556, 43.18086784332991], [76.89601224527016, 43.1808716171982]]]}, "properties": {"id": 220, "class": "building", "confidence": 100.0, "source": "Almaty_5", "source_model": "msft-buildings", "centroid_wkt": "POINT (76.89604493062599 43.180869544895714)", "bbox": [76.89601216449556, 43.18086784332991, 76.89608026715581, 43.1808716171982], "pixel_bbox": [1118, 5526, 1220, 5532], "area_m2": 2.082}}, {"type": "Feature", "geometry": {"type": "Polygon", "coordinates": [[[76.89673189965569, 43.182068634515666], [76.89682463344077, 43.182066429107905], [76.89681913987985, 43.181943342920356], [76.8967263942932, 43.18194554861326], [76.89673189965569, 43.182068634515666]]]}, "properties": {"id": 221, "class": "building", "confidence": 100.0, "source": "Almaty_5", "source_model": "msft-buildings", "centroid_wkt": "POINT (76.89677551675935 43.18200598748399)", "bbox": [76.8967263942932, 43.181943342920356, 76.89682463344077, 43.182068634515666], "pixel_bbox": [2183, 3741, 2330, 3928], "area_m2": 103.211}}, {"type": "Feature", "geometry": {"type": "Polygon", "coordinates": [[[76.89823528863252, 43.183283431931216], [76.89808776866575, 43.183283085621255], [76.89808718146931, 43.183416077263765], [76.89823470143607, 43.18341642357295], [76.89823528863252, 43.183283431931216]]]}, "properties": {"id": 222, "class": "building", "confidence": 100.0, "source": "Almaty_5", "source_model": "msft-buildings", "centroid_wkt": "POINT (76.89816123505084 43.183349754597295)", "bbox": [76.89808718146931, 43.183283085621255, 76.89823528863252, 43.18341642357295], "pixel_bbox": [4212, 1731, 4433, 1930], "area_m2": 177.198}}, {"type": "Feature", "geometry": {"type": "Polygon", "coordinates": [[[76.89834132134409, 43.18363243213056], [76.89812694241944, 43.18362768396665], [76.89812238416654, 43.183737106075704], [76.89828316836002, 43.18374066719228], [76.8982817032073, 43.18377583854076], [76.89833529793847, 43.18377702557889], [76.89834132134409, 43.18363243213056]]]}, "properties": {"id": 223, "class": "building", "confidence": 100.0, "source": "Almaty_5", "source_model": "msft-buildings", "centroid_wkt": "POINT (76.89823760831366 43.18369027897536)", "bbox": [76.89812238416654, 43.18362768396665, 76.89834132134409, 43.18377702557889], "pixel_bbox": [4265, 1193, 4591, 1416], "area_m2": 229.104}}, {"type": "Feature", "geometry": {"type": "Polygon", "coordinates": [[[76.89881200634318, 43.18294365375368], [76.89881741331581, 43.1828049046197], [76.89868229673297, 43.18280209813407], [76.89867687645351, 43.182940846998015], [76.89881200634318, 43.18294365375368]]]}, "properties": {"id": 224, "class": "building", "confidence": 100.0, "source": "Almaty_5", "source_model": "msft-buildings", "centroid_wkt": "POINT (76.89874714816642 43.182872877014994)", "bbox": [76.89867687645351, 43.18280209813407, 76.89881741331581, 43.18294365375368], "pixel_bbox": [5092, 2436, 5301, 2647], "area_m2": 169.471}}, {"type": "Feature", "geometry": {"type": "Polygon", "coordinates": [[[76.89775460456569, 43.18205225377853], [76.89756710164326, 43.18205725844132], [76.89757383394908, 43.182191115114904], [76.89776133639086, 43.18218610090682], [76.89775460456569, 43.18205225377853]]]}, "properties": {"id": 225, "class": "building", "confidence": 100.0, "source": "Almaty_5", "source_model": "msft-buildings", "centroid_wkt": "POINT (76.89766421802295 43.18212168209013)", "bbox": [76.89756710164326, 43.18205225377853, 76.89776133639086, 43.182191115114904], "pixel_bbox": [3437, 3558, 3726, 3765], "area_m2": 226.988}}, {"type": "Feature", "geometry": {"type": "Polygon", "coordinates": [[[76.89796199012481, 43.183627163738656], [76.89782524611489, 43.18362527954303], [76.89782219078467, 43.183743611557915], [76.89795893497468, 43.18374548877386], [76.89796199012481, 43.183627163738656]]]}, "properties": {"id": 226, "class": "building", "confidence": 100.0, "source": "Almaty_5", "source_model": "msft-buildings", "centroid_wkt": "POINT (76.89789208982761 43.18368538589411)", "bbox": [76.89782219078467, 43.18362527954303, 76.89796199012481, 43.18374548877386], "pixel_bbox": [3817, 1240, 4026, 1419], "area_m2": 146.194}}, {"type": "Feature", "geometry": {"type": "Polygon", "coordinates": [[[76.89956533918478, 43.18290719904657], [76.89973280995622, 43.18291878835966], [76.89974113527094, 43.18285482326838], [76.89957366449948, 43.18284323394314], [76.89956533918478, 43.18290719904657]]]}, "properties": {"id": 227, "class": "building", "confidence": 100.0, "source": "Almaty_5", "source_model": "msft-buildings", "centroid_wkt": "POINT (76.89965323722525 43.18288101115421)", "bbox": [76.89956533918478, 43.18284323394314, 76.89974113527094, 43.18291878835966], "pixel_bbox": [6417, 2473, 6679, 2586], "area_m2": 97.625}}, {"type": "Feature", "geometry": {"type": "Polygon", "coordinates": [[[76.89747778293659, 43.18402819660759], [76.89742690727506, 43.184026667364876], [76.89741891414718, 43.18416829006711], [76.89743641329063, 43.18416881516971], [76.89742791383625, 43.18431915295622], [76.89758589615369, 43.18432389357215], [76.8975950579032, 43.184161841149965], [76.89747045112763, 43.18415810203259], [76.89747778293659, 43.18402819660759]]]}, "properties": {"id": 228, "class": "building", "confidence": 100.0, "source": "Almaty_5", "source_model": "msft-buildings", "centroid_wkt": "POINT (76.89749815238484 43.184209807012536)", "bbox": [76.89741891414718, 43.184026667364876, 76.8975950579032, 43.18432389357215], "pixel_bbox": [3216, 377, 3479, 821], "area_m2": 293.267}}, {"type": "Feature", "geometry": {"type": "Polygon", "coordinates": [[[76.89671769089264, 43.18113431775584], [76.89676860631883, 43.181135440303436], [76.8967722075454, 43.18104858796363], [76.8967212920116, 43.181047468010554], [76.89671769089264, 43.18113431775584]]]}, "properties": {"id": 229, "class": "building", "confidence": 100.0, "source": "Almaty_5", "source_model": "msft-buildings", "centroid_wkt": "POINT (76.89674494931887 43.18109145351115)", "bbox": [76.89671769089264, 43.181047468010554, 76.8967722075454, 43.181135440303436], "pixel_bbox": [2170, 5132, 2251, 5264], "area_m2": 39.978}}, {"type": "Feature", "geometry": {"type": "Polygon", "coordinates": [[[76.89962682254337, 43.18332946562323], [76.89951693342749, 43.18332728409765], [76.89951459836259, 43.18338982268367], [76.89961912703379, 43.18339189779124], [76.89961956485844, 43.18338017181164], [76.89978037819877, 43.18338336428532], [76.89978424565004, 43.183279784706464], [76.89962879275441, 43.18327669864334], [76.89962682254337, 43.18332946562323]]]}, "properties": {"id": 230, "class": "building", "confidence": 100.0, "source": "Almaty_5", "source_model": "msft-buildings", "centroid_wkt": "POINT (76.89966465560413 43.183338760124634)", "bbox": [76.89951459836259, 43.18327669864334, 76.89978424565004, 43.18339189779124], "pixel_bbox": [6341, 1767, 6743, 1939], "area_m2": 207.086}}, {"type": "Feature", "geometry": {"type": "Polygon", "coordinates": [[[76.90046324695327, 43.18342904876228], [76.90040843678887, 43.183429580221585], [76.90040925700028, 43.18347455512658], [76.90046407148087, 43.18347402362581], [76.90046324695327, 43.18342904876228]]]}, "properties": {"id": 231, "class": "building", "confidence": 100.0, "source": "Almaty_5", "source_model": "msft-buildings", "centroid_wkt": "POINT (76.90043625306126 43.18345180222919)", "bbox": [76.90040843678887, 43.18342904876228, 76.90046407148087, 43.18347455512658], "pixel_bbox": [7674, 1644, 7757, 1712], "area_m2": 22.269}}, {"type": "Feature", "geometry": {"type": "Polygon", "coordinates": [[[76.90056001634468, 43.18211636524776], [76.90055779491888, 43.18215345505921], [76.90061774260059, 43.182155364127055], [76.90061996047315, 43.18211827420361], [76.90056001634468, 43.18211636524776]]]}, "properties": {"id": 232, "class": "building", "confidence": 100.0, "source": "Almaty_5", "source_model": "msft-buildings", "centroid_wkt": "POINT (76.9005888785732 43.18213586484261)", "bbox": [76.90055779491888, 43.18211636524776, 76.90061996047315, 43.182155364127055], "pixel_bbox": [7897, 3611, 7990, 3670], "area_m2": 20.12}}, {"type": "Feature", "geometry": {"type": "Polygon", "coordinates": [[[76.89967355290672, 43.18385964641981], [76.89968060257792, 43.18370727009365], [76.89949574053321, 43.183702722850875], [76.89949402330565, 43.1837398401989], [76.89947794834521, 43.18373944478671], [76.89946746421884, 43.1839660554761], [76.89955855566114, 43.18396829613685], [76.89956370734394, 43.183856944441764], [76.89967355290672, 43.18385964641981]]]}, "properties": {"id": 233, "class": "building", "confidence": 100.0, "source": "Almaty_5", "source_model": "msft-buildings", "centroid_wkt": "POINT (76.89956253182409 43.183814836660325)", "bbox": [76.89946746421884, 43.183702722850875, 76.89968060257792, 43.18396829613685], "pixel_bbox": [6271, 908, 6589, 1304], "area_m2": 363.173}}, {"type": "Feature", "geometry": {"type": "Polygon", "coordinates": [[[76.9012382009411, 43.182545969113804], [76.9011647234271, 43.182547105323984], [76.90116622657922, 43.18259879033298], [76.90123970894253, 43.18259765029867], [76.9012382009411, 43.182545969113804]]]}, "properties": {"id": 234, "class": "building", "confidence": 100.0, "source": "Almaty_5", "source_model": "msft-buildings", "centroid_wkt": "POINT (76.90120221453698 43.182572379064865)", "bbox": [76.9011647234271, 43.182545969113804, 76.90123970894253, 43.18259879033298], "pixel_bbox": [8802, 2950, 8914, 3029], "area_m2": 34.316}}, {"type": "Feature", "geometry": {"type": "Polygon", "coordinates": [[[76.89705140555374, 43.183315886735976], [76.89721876804452, 43.18331291443007], [76.89721435830045, 43.18318089628223], [76.89704700818955, 43.1831838598342], [76.89705140555374, 43.183315886735976]]]}, "properties": {"id": 235, "class": "building", "confidence": 100.0, "source": "Almaty_5", "source_model": "msft-buildings", "centroid_wkt": "POINT (76.89713288414882 43.18324839016914)", "bbox": [76.89704700818955, 43.18318089628223, 76.89721876804452, 43.183315886735976], "pixel_bbox": [2661, 1881, 2917, 2082], "area_m2": 199.677}}, {"type": "Feature", "geometry": {"type": "Polygon", "coordinates": [[[76.89724655165563, 43.18112148984508], [76.8973725879929, 43.181122847064145], [76.89737470813661, 43.181018158843926], [76.89726304895687, 43.181016950744265], [76.89726366408517, 43.18098672024532], [76.89720637815489, 43.18098610336189], [76.89720142799825, 43.181230531496226], [76.89724433398541, 43.181230993527436], [76.89724655165563, 43.18112148984508]]]}, "properties": {"id": 236, "class": "building", "confidence": 100.0, "source": "Almaty_5", "source_model": "msft-buildings", "centroid_wkt": "POINT (76.89727256614087 43.18108543608823)", "bbox": [76.89720142799825, 43.18098610336189, 76.89737470813661, 43.181230993527436], "pixel_bbox": [2892, 4990, 3150, 5355], "area_m2": 217.878}}, {"type": "Feature", "geometry": {"type": "Polygon", "coordinates": [[[76.89816880689152, 43.18453771383198], [76.89811381569704, 43.18453646781617], [76.89811207387453, 43.1845773383975], [76.89816711436823, 43.1845773383975], [76.89816880689152, 43.18453771383198]]]}, "properties": {"id": 237, "class": "building", "confidence": 100.0, "source": "Almaty_5", "source_model": "msft-buildings", "centroid_wkt": "POINT (76.89814031078755 43.1845572127682)", "bbox": [76.89811207387453, 43.18453646781617, 76.89816880689152, 43.1845773383975], "pixel_bbox": [4250, 0, 4334, 60], "area_m2": 20.008}}, {"type": "Feature", "geometry": {"type": "Polygon", "coordinates": [[[76.89672837330828, 43.183778674176196], [76.89673054368703, 43.183869483735734], [76.89679879605195, 43.18386861643595], [76.8967966168759, 43.18377780350422], [76.89672837330828, 43.183778674176196]]]}, "properties": {"id": 238, "class": "building", "confidence": 100.0, "source": "Almaty_5", "source_model": "msft-buildings", "centroid_wkt": "POINT (76.89676358272207 43.18382364542647)", "bbox": [76.89672837330828, 43.18377780350422, 76.89679879605195, 43.183869483735734], "pixel_bbox": [2186, 1055, 2291, 1192], "area_m2": 55.994}}, {"type": "Feature", "geometry": {"type": "Polygon", "coordinates": [[[76.89905599817165, 43.182898508601454], [76.89905696470638, 43.18293174214751], [76.89913739480579, 43.18293049843474], [76.89913642827106, 43.18289726488801], [76.89905599817165, 43.182898508601454]]]}, "properties": {"id": 239, "class": "building", "confidence": 100.0, "source": "Almaty_5", "source_model": "msft-buildings", "centroid_wkt": "POINT (76.89909669648885 43.18291450351792)", "bbox": [76.89905599817165, 43.18289726488801, 76.89913739480579, 43.18293174214751], "pixel_bbox": [5657, 2454, 5779, 2505], "area_m2": 24.153}}, {"type": "Feature", "geometry": {"type": "Polygon", "coordinates": [[[76.89593691646328, 43.18201999492586], [76.89581521849038, 43.182021640792144], [76.89581820228504, 43.18213894966173], [76.89587987187852, 43.18213811563216], [76.89587763403253, 43.18205013399989], [76.89593766522586, 43.18204932212712], [76.89593691646328, 43.18201999492586]]]}, "properties": {"id": 240, "class": "building", "confidence": 100.0, "source": "Almaty_5", "source_model": "msft-buildings", "centroid_wkt": "POINT (76.89585923586613 43.18207110715379)", "bbox": [76.89581521849038, 43.18201999492586, 76.89593766522586, 43.18213894966173], "pixel_bbox": [824, 3636, 1007, 3813], "area_m2": 81.271}}, {"type": "Feature", "geometry": {"type": "Polygon", "coordinates": [[[76.89937949187626, 43.182961685507266], [76.89938102681585, 43.18291186731671], [76.89925770744529, 43.182909847112235], [76.89925361186006, 43.183042773852996], [76.89937270773166, 43.183044724864324], [76.89937210731506, 43.183064272920134], [76.89943262691216, 43.183065264343064], [76.89943578993828, 43.182962604902094], [76.89937949187626, 43.182961685507266]]]}, "properties": {"id": 241, "class": "building", "confidence": 100.0, "source": "Almaty_5", "source_model": "msft-buildings", "centroid_wkt": "POINT (76.8993405771834 43.18298699600598)", "bbox": [76.89925361186006, 43.182909847112235, 76.89943578993828, 43.183065264343064], "pixel_bbox": [5952, 2254, 6224, 2486], "area_m2": 201.103}}, {"type": "Feature", "geometry": {"type": "Polygon", "coordinates": [[[76.90110619085254, 43.18309380167338], [76.90115976677274, 43.183092407240814], [76.90115718509433, 43.183039668137056], [76.90110360917416, 43.18304106257084], [76.90110619085254, 43.18309380167338]]]}, "properties": {"id": 242, "class": "building", "confidence": 100.0, "source": "Almaty_5", "source_model": "msft-buildings", "centroid_wkt": "POINT (76.90113168797355 43.1830667349055)", "bbox": [76.90110360917416, 43.183039668137056, 76.90115976677274, 43.18309380167338], "pixel_bbox": [8711, 2212, 8795, 2293], "area_m2": 25.553}}, {"type": "Feature", "geometry": {"type": "Polygon", "coordinates": [[[76.90119892954512, 43.1809204247313], [76.90135710152663, 43.180917857707804], [76.90135557499632, 43.18086784332991], [76.90119732466395, 43.18086784332991], [76.90119892954512, 43.1809204247313]]]}, "properties": {"id": 243, "class": "building", "confidence": 100.0, "source": "Almaty_5", "source_model": "msft-buildings", "centroid_wkt": "POINT (76.90127657292267 43.180893497627125)", "bbox": [76.90119732466395, 43.18086784332991, 76.90135710152663, 43.1809204247313], "pixel_bbox": [8851, 5453, 9089, 5532], "area_m2": 73.323}}, {"type": "Feature", "geometry": {"type": "Polygon", "coordinates": [[[76.89591297604449, 43.18163010544199], [76.89575649907714, 43.181632908458376], [76.89575925696906, 43.18171500405829], [76.89591574181134, 43.1817122009046], [76.89591297604449, 43.18163010544199]]]}, "properties": {"id": 244, "class": "building", "confidence": 100.0, "source": "Almaty_5", "source_model": "msft-buildings", "centroid_wkt": "POINT (76.89583611848768 43.18167255506008)", "bbox": [76.89575649907714, 43.18163010544199, 76.89591574181134, 43.18171500405829], "pixel_bbox": [737, 4268, 974, 4395], "area_m2": 116.101}}, {"type": "Feature", "geometry": {"type": "Polygon", "coordinates": [[[76.89640952181082, 43.183277462024655], [76.89640480471823, 43.183363378675814], [76.89654405640992, 43.18336744359835], [76.8965466293695, 43.18332057998856], [76.89660554354676, 43.18332229976473], [76.89660768767975, 43.183283246730184], [76.89640952181082, 43.183277462024655]]]}, "properties": {"id": 245, "class": "building", "confidence": 100.0, "source": "Almaty_5", "source_model": "msft-buildings", "centroid_wkt": "POINT (76.89649297772962 43.183319139996826)", "bbox": [76.89640480471823, 43.183277462024655, 76.89660768767975, 43.18336744359835], "pixel_bbox": [1703, 1804, 2006, 1938], "area_m2": 129.045}}, {"type": "Feature", "geometry": {"type": "Polygon", "coordinates": [[[76.90052314292797, 43.18172210801656], [76.90037319577212, 43.1817175853644], [76.90036799025233, 43.18180935239251], [76.90051793740815, 43.181813875037875], [76.90052314292797, 43.18172210801656]]]}, "properties": {"id": 246, "class": "building", "confidence": 100.0, "source": "Almaty_5", "source_model": "msft-buildings", "centroid_wkt": "POINT (76.90044556658923 43.18176573020279)", "bbox": [76.90036799025233, 43.1817175853644, 76.90052314292797, 43.181813875037875], "pixel_bbox": [7614, 4121, 7845, 4264], "area_m2": 124.497}}, {"type": "Feature", "geometry": {"type": "Polygon", "coordinates": [[[76.89798804893836, 43.183713347391524], [76.89805239377654, 43.18371432922578], [76.89805402082395, 43.18365763675347], [76.89798967598581, 43.183656654918295], [76.89798804893836, 43.183713347391524]]]}, "properties": {"id": 247, "class": "building", "confidence": 100.0, "source": "Almaty_5", "source_model": "msft-buildings", "centroid_wkt": "POINT (76.89802103488108 43.183685492072264)", "bbox": [76.89798804893836, 43.183656654918295, 76.89805402082395, 43.18371432922578], "pixel_bbox": [4065, 1287, 4163, 1373], "area_m2": 32.961}}, {"type": "Feature", "geometry": {"type": "Polygon", "coordinates": [[[76.90024228309609, 43.18182534225146], [76.90030228690026, 43.181826263999014], [76.90030684659105, 43.18166791172713], [76.90028707326667, 43.18166760797872], [76.90028586113024, 43.181709564125], [76.90024564578339, 43.181708948408755], [76.90024228309609, 43.18182534225146]]]}, "properties": {"id": 248, "class": "building", "confidence": 100.0, "source": "Almaty_5", "source_model": "msft-buildings", "centroid_wkt": "POINT (76.90027634137736 43.18175923209528)", "bbox": [76.90024228309609, 43.18166760797872, 76.90030684659105, 43.181826263999014], "pixel_bbox": [7426, 4102, 7523, 4339], "area_m2": 70.601}}, {"type": "Feature", "geometry": {"type": "Polygon", "coordinates": [[[76.89693048130657, 43.184199737546514], [76.89699838644009, 43.18420432226069], [76.89700972235273, 43.184115122948654], [76.89713062667009, 43.18412328599117], [76.89713678287856, 43.18407480774452], [76.89694796493863, 43.18406205939785], [76.89693048130657, 43.184199737546514]]]}, "properties": {"id": 249, "class": "building", "confidence": 100.0, "source": "Almaty_5", "source_model": "msft-buildings", "centroid_wkt": "POINT (76.8970117398701 43.184118460683536)", "bbox": [76.89693048130657, 43.18406205939785, 76.89713678287856, 43.18420432226069], "pixel_bbox": [2487, 556, 2795, 768], "area_m2": 138.561}}, {"type": "Feature", "geometry": {"type": "Polygon", "coordinates": [[[76.8956809970446, 43.181399124283516], [76.89568178715896, 43.18127982057485], [76.89556913700753, 43.18127942388464], [76.89556903338593, 43.18129507028605], [76.89551539045667, 43.181294881385995], [76.89551470396384, 43.18139853869437], [76.8956809970446, 43.181399124283516]]]}, "properties": {"id": 250, "class": "building", "confidence": 100.0, "source": "Almaty_5", "source_model": "msft-buildings", "centroid_wkt": "POINT (76.89560071853221 43.181341477902464)", "bbox": [76.89551470396384, 43.18127942388464, 76.89568178715896, 43.181399124283516], "pixel_bbox": [376, 4739, 625, 4918], "area_m2": 171.617}}, {"type": "Feature", "geometry": {"type": "Polygon", "coordinates": [[[76.89833203929824, 43.182528978380496], [76.89845532380504, 43.182531501364984], [76.89845931037576, 43.18242792514703], [76.8983360258689, 43.18242540215826], [76.89833203929824, 43.182528978380496]]]}, "properties": {"id": 251, "class": "building", "confidence": 100.0, "source": "Almaty_5", "source_model": "msft-buildings", "centroid_wkt": "POINT (76.89839567483656 43.18247845176267)", "bbox": [76.89833203929824, 43.18242540215826, 76.89845931037576, 43.182531501364984], "pixel_bbox": [4578, 3050, 4767, 3209], "area_m2": 115.424}}, {"type": "Feature", "geometry": {"type": "Polygon", "coordinates": [[[76.9005082198042, 43.182406633033345], [76.9006463387101, 43.18241115131948], [76.90065367559093, 43.18229208681809], [76.90051554527977, 43.18228756815004], [76.9005082198042, 43.182406633033345]]]}, "properties": {"id": 252, "class": "building", "confidence": 100.0, "source": "Almaty_5", "source_model": "msft-buildings", "centroid_wkt": "POINT (76.90058094489585 43.182349359010885)", "bbox": [76.9005082198042, 43.18228756815004, 76.90065367559093, 43.18241115131948], "pixel_bbox": [7823, 3230, 8040, 3414], "area_m2": 148.838}}, {"type": "Feature", "geometry": {"type": "Polygon", "coordinates": [[[76.89558838161271, 43.1814662701354], [76.89558929843504, 43.18159535197998], [76.89573145169973, 43.18159481512508], [76.89573053487739, 43.18146573327937], [76.89558838161271, 43.1814662701354]]]}, "properties": {"id": 253, "class": "building", "confidence": 100.0, "source": "Almaty_5", "source_model": "msft-buildings", "centroid_wkt": "POINT (76.89565991665633 43.18153054262996)", "bbox": [76.89558838161271, 43.18146573327937, 76.89573145169973, 43.18159535197998], "pixel_bbox": [486, 4447, 699, 4640], "area_m2": 165.74}}, {"type": "Feature", "geometry": {"type": "Polygon", "coordinates": [[[76.89813776595966, 43.184268330819975], [76.89814472666531, 43.18419239575072], [76.89805126688069, 43.18418784085912], [76.89804805424731, 43.184222887828504], [76.8979211265427, 43.184216701834615], [76.89791425810212, 43.18429170888677], [76.89801839997448, 43.18429677906138], [76.89801590385285, 43.184324038022204], [76.89809475663567, 43.1843278769888], [76.89809127958459, 43.18436580843203], [76.89816070685316, 43.18436919205597], [76.89816980931438, 43.18426989249508], [76.89813776595966, 43.184268330819975]]]}, "properties": {"id": 254, "class": "building", "confidence": 100.0, "source": "Almaty_5", "source_model": "msft-buildings", "centroid_wkt": "POINT (76.89805978125611 43.18427093583484)", "bbox": [76.89791425810212, 43.18418784085912, 76.89816980931438, 43.18436919205597], "pixel_bbox": [3955, 310, 4336, 580], "area_m2": 250.146}}, {"type": "Feature", "geometry": {"type": "Polygon", "coordinates": [[[76.89838825672675, 43.18114439820955], [76.89838382176266, 43.181292972491], [76.89854296782768, 43.18129549033082], [76.89854738853815, 43.18114691583001], [76.89838825672675, 43.18114439820955]]]}, "properties": {"id": 255, "class": "building", "confidence": 100.0, "source": "Almaty_5", "source_model": "msft-buildings", "centroid_wkt": "POINT (76.8984656086802 43.18121994532427)", "bbox": [76.89838382176266, 43.18114439820955, 76.89854738853815, 43.18129549033082], "pixel_bbox": [4655, 4894, 4899, 5119], "area_m2": 213.658}}, {"type": "Feature", "geometry": {"type": "Polygon", "coordinates": [[[76.89714211911149, 43.18114954104741], [76.8971380884224, 43.18108513207838], [76.89705339640963, 43.181087950214895], [76.89705742092954, 43.181152359386246], [76.89714211911149, 43.18114954104741]]]}, "properties": {"id": 256, "class": "building", "confidence": 100.0, "source": "Almaty_5", "source_model": "msft-buildings", "centroid_wkt": "POINT (76.89709775624304 43.18111874607268)", "bbox": [76.89705339640963, 43.18108513207838, 76.89714211911149, 43.181152359386246], "pixel_bbox": [2671, 5107, 2803, 5207], "area_m2": 49.375}}, {"type": "Feature", "geometry": {"type": "Polygon", "coordinates": [[[76.90091857463962, 43.18353734363019], [76.90102036888793, 43.18353999303273], [76.90102547889255, 43.18343560543746], [76.9009236848982, 43.183432950842096], [76.90091857463962, 43.18353734363019]]]}, "properties": {"id": 257, "class": "building", "confidence": 100.0, "source": "Almaty_5", "source_model": "msft-buildings", "centroid_wkt": "POINT (76.90097202640762 43.18348647322461)", "bbox": [76.90091857463962, 43.183432950842096, 76.90102547889255, 43.18353999303273], "pixel_bbox": [8435, 1547, 8594, 1706], "area_m2": 96.098}}, {"type": "Feature", "geometry": {"type": "Polygon", "coordinates": [[[76.89856889685828, 43.18230031957935], [76.89857199357992, 43.18215366817183], [76.89846473064966, 43.18215246386617], [76.89846163392802, 43.18229911527657], [76.89856889685828, 43.18230031957935]]]}, "properties": {"id": 258, "class": "building", "confidence": 100.0, "source": "Almaty_5", "source_model": "msft-buildings", "centroid_wkt": "POINT (76.89851681375379 43.182226391723475)", "bbox": [76.89846163392802, 43.18215246386617, 76.89857199357992, 43.18230031957935], "pixel_bbox": [4771, 3395, 4935, 3616], "area_m2": 142.111}}, {"type": "Feature", "geometry": {"type": "Polygon", "coordinates": [[[76.89551448161714, 43.183280249795594], [76.89566185168805, 43.18328369433478], [76.89566597438939, 43.18318991309639], [76.89551860431853, 43.18318646855191], [76.89551448161714, 43.183280249795594]]]}, "properties": {"id": 259, "class": "building", "confidence": 100.0, "source": "Almaty_5", "source_model": "msft-buildings", "centroid_wkt": "POINT (76.89559022800259 43.18323508144464)", "bbox": [76.89551448161714, 43.18318646855191, 76.89566597438939, 43.18328369433478], "pixel_bbox": [376, 1929, 602, 2074], "area_m2": 124.955}}, {"type": "Feature", "geometry": {"type": "Polygon", "coordinates": [[[76.89867484615147, 43.18351739153786], [76.89883027448035, 43.18351398869286], [76.89883147858927, 43.183543298940656], [76.89891723215005, 43.18354142150976], [76.89890992722266, 43.183363605784706], [76.89885901104596, 43.183364720512564], [76.89886137924759, 43.183422367067834], [76.89867111313607, 43.183426522924485], [76.89867484615147, 43.18351739153786]]]}, "properties": {"id": 260, "class": "building", "confidence": 100.0, "source": "Almaty_5", "source_model": "msft-buildings", "centroid_wkt": "POINT (76.89881081141405 43.183466495036235)", "bbox": [76.89867111313607, 43.183363605784706, 76.89891723215005, 43.183543298940656], "pixel_bbox": [5083, 1542, 5450, 1810], "area_m2": 247.363}}, {"type": "Feature", "geometry": {"type": "Polygon", "coordinates": [[[76.90119448370677, 43.18377298920437], [76.90119040817002, 43.18386089816002], [76.90132168639352, 43.18386413403736], [76.90132576193027, 43.18377622508637], [76.90119448370677, 43.18377298920437]]]}, "properties": {"id": 261, "class": "building", "confidence": 100.0, "source": "Almaty_5", "source_model": "msft-buildings", "centroid_wkt": "POINT (76.90125808504956 43.183818561622)", "bbox": [76.90119040817002, 43.18377298920437, 76.90132576193027, 43.18386413403736], "pixel_bbox": [8840, 1063, 9042, 1199], "area_m2": 104.351}}, {"type": "Feature", "geometry": {"type": "Polygon", "coordinates": [[[76.89670565459532, 43.182206264043025], [76.8966305604768, 43.18220570834616], [76.89662941735176, 43.18228784411911], [76.89660259802372, 43.18228764565622], [76.89660182076794, 43.18234349294282], [76.89670105235213, 43.182344222191176], [76.89670107956944, 43.182342266579234], [76.89682551990715, 43.18234318108556], [76.89682853510021, 43.18212502901875], [76.89670679772036, 43.182124128160325], [76.89670565459532, 43.182206264043025]]]}, "properties": {"id": 262, "class": "building", "confidence": 100.0, "source": "Almaty_5", "source_model": "msft-buildings", "centroid_wkt": "POINT (76.89673358743306 43.182247986330495)", "bbox": [76.89660182076794, 43.182124128160325, 76.89682853510021, 43.182344222191176], "pixel_bbox": [1997, 3330, 2335, 3658], "area_m2": 346.993}}, {"type": "Feature", "geometry": {"type": "Polygon", "coordinates": [[[76.89732067441759, 43.18357720775932], [76.8971786146753, 43.18357449633871], [76.89717454534158, 43.18368785337005], [76.89731660508389, 43.18369056478564], [76.89732067441759, 43.18357720775932]]]}, "properties": {"id": 263, "class": "building", "confidence": 100.0, "source": "Almaty_5", "source_model": "msft-buildings", "centroid_wkt": "POINT (76.89724760987906 43.18363253056341)", "bbox": [76.89717454534158, 43.18357449633871, 76.89732067441759, 43.18369056478564], "pixel_bbox": [2851, 1322, 3069, 1495], "area_m2": 145.544}}, {"type": "Feature", "geometry": {"type": "Polygon", "coordinates": [[[76.89936772825223, 43.18088578543784], [76.89936593539393, 43.18096595436189], [76.8995151257371, 43.1809677208126], [76.89951691090275, 43.1808875517998], [76.89936772825223, 43.18088578543784]]]}, "properties": {"id": 264, "class": "building", "confidence": 100.0, "source": "Almaty_5", "source_model": "msft-buildings", "centroid_wkt": "POINT (76.89944142506344 43.180926753447515)", "bbox": [76.89936593539393, 43.18088578543784, 76.89951691090275, 43.1809677208126], "pixel_bbox": [6119, 5383, 6345, 5505], "area_m2": 108.056}}, {"type": "Feature", "geometry": {"type": "Polygon", "coordinates": [[[76.9011490857145, 43.182089950248816], [76.90122767605277, 43.1820867776841], [76.90122456728744, 43.18204583094251], [76.90114598086735, 43.18204900335119], [76.9011490857145, 43.182089950248816]]]}, "properties": {"id": 265, "class": "building", "confidence": 100.0, "source": "Almaty_5", "source_model": "msft-buildings", "centroid_wkt": "POINT (76.90118682749376 43.182067890726756)", "bbox": [76.90114598086735, 43.18204583094251, 76.90122767605277, 43.182089950248816], "pixel_bbox": [8774, 3709, 8896, 3775], "area_m2": 29.154}}, {"type": "Feature", "geometry": {"type": "Polygon", "coordinates": [[[76.8959399088177, 43.183380318665144], [76.8960819597888, 43.183383145916785], [76.89608596232159, 43.18327649685389], [76.89594391162234, 43.18327366235336], [76.8959399088177, 43.183380318665144]]]}, "properties": {"id": 266, "class": "building", "confidence": 100.0, "source": "Almaty_5", "source_model": "msft-buildings", "centroid_wkt": "POINT (76.89601293483304 43.18332840593125)", "bbox": [76.8959399088177, 43.18327366235336, 76.89608596232159, 43.183383145916785], "pixel_bbox": [1010, 1780, 1228, 1944], "area_m2": 136.937}}, {"type": "Feature", "geometry": {"type": "Polygon", "coordinates": [[[76.89855556287807, 43.18177535664993], [76.89871533610601, 43.181778830256874], [76.89872026163347, 43.18165864941748], [76.89856047721373, 43.181655167405786], [76.89855556287807, 43.18177535664993]]]}, "properties": {"id": 267, "class": "building", "confidence": 100.0, "source": "Almaty_5", "source_model": "msft-buildings", "centroid_wkt": "POINT (76.89863790858405 43.181717000190396)", "bbox": [76.89855556287807, 43.181655167405786, 76.89872026163347, 43.181778830256874], "pixel_bbox": [4911, 4173, 5157, 4357], "area_m2": 173.599}}, {"type": "Feature", "geometry": {"type": "Polygon", "coordinates": [[[76.8997174652948, 43.181293863423605], [76.8997130896305, 43.181428741139484], [76.89991146208507, 43.18143216304172], [76.89991583774938, 43.18129728533341], [76.8997174652948, 43.181293863423605]]]}, "properties": {"id": 268, "class": "building", "confidence": 100.0, "source": "Almaty_5", "source_model": "msft-buildings", "centroid_wkt": "POINT (76.89981446368903 43.18136301323453)", "bbox": [76.8997130896305, 43.181293863423605, 76.89991583774938, 43.18143216304172], "pixel_bbox": [6637, 4690, 6940, 4896], "area_m2": 241.801}}, {"type": "Feature", "geometry": {"type": "Polygon", "coordinates": [[[76.90128728040087, 43.181472041642316], [76.90128415623954, 43.18151409536676], [76.90133665409164, 43.18151617177224], [76.90133978247627, 43.18147411553682], [76.90128728040087, 43.181472041642316]]]}, "properties": {"id": 269, "class": "building", "confidence": 100.0, "source": "Almaty_5", "source_model": "msft-buildings", "centroid_wkt": "POINT (76.90131196859981 43.18149410582184)", "bbox": [76.90128415623954, 43.181472041642316, 76.90133978247627, 43.18151617177224], "pixel_bbox": [8980, 4565, 9063, 4630], "area_m2": 20.001}}, {"type": "Feature", "geometry": {"type": "Polygon", "coordinates": [[[76.8959489626863, 43.18189363826759], [76.89581055261223, 43.18189199948278], [76.89580780955276, 43.18201518394462], [76.89594620780646, 43.182016822586164], [76.8959489626863, 43.18189363826759]]]}, "properties": {"id": 270, "class": "building", "confidence": 100.0, "source": "Almaty_5", "source_model": "msft-buildings", "centroid_wkt": "POINT (76.89587838318369 43.181954410193576)", "bbox": [76.89580780955276, 43.18189199948278, 76.8959489626863, 43.182016822586164], "pixel_bbox": [813, 3818, 1024, 4004], "area_m2": 154.031}}, {"type": "Feature", "geometry": {"type": "Polygon", "coordinates": [[[76.8971927494939, 43.184027646867044], [76.8971882932313, 43.184135115218425], [76.89731156215784, 43.18413783283161], [76.89731512716793, 43.18405185816948], [76.89724813318612, 43.184050381203726], [76.89724902443864, 43.18402888751876], [76.8971927494939, 43.184027646867044]]]}, "properties": {"id": 271, "class": "building", "confidence": 100.0, "source": "Almaty_5", "source_model": "msft-buildings", "centroid_wkt": "POINT (76.89724850704499 43.184087906562574)", "bbox": [76.8971882932313, 43.184027646867044, 76.89731512716793, 43.18413783283161], "pixel_bbox": [2872, 655, 3061, 819], "area_m2": 106.741}}, {"type": "Feature", "geometry": {"type": "Polygon", "coordinates": [[[76.90022871428762, 43.18127522927982], [76.9002143464465, 43.181275534318914], [76.90021193341022, 43.181214954288194], [76.90013517757609, 43.18121658386857], [76.90014009329519, 43.181339697807516], [76.90023121116081, 43.181337763315014], [76.90022871428762, 43.18127522927982]]]}, "properties": {"id": 272, "class": "building", "confidence": 100.0, "source": "Almaty_5", "source_model": "msft-buildings", "centroid_wkt": "POINT (76.90018007193419 43.181279871462046)", "bbox": [76.90013517757609, 43.181214954288194, 76.90023121116081, 43.181339697807516], "pixel_bbox": [7267, 4828, 7410, 5014], "area_m2": 93.542}}, {"type": "Feature", "geometry": {"type": "Polygon", "coordinates": [[[76.89930585501574, 43.18120937089452], [76.89928441491196, 43.18120892336542], [76.89929024536569, 43.18106040041592], [76.89919376489867, 43.18105838652996], [76.89918532608402, 43.18127335384697], [76.89930324665485, 43.18127581525447], [76.89930585501574, 43.18120937089452]]]}, "properties": {"id": 273, "class": "building", "confidence": 100.0, "source": "Almaty_5", "source_model": "msft-buildings", "centroid_wkt": "POINT (76.899241387861 43.18117172917355)", "bbox": [76.89918532608402, 43.18105838652996, 76.89930585501574, 43.18127581525447], "pixel_bbox": [5850, 4923, 6030, 5247], "area_m2": 200.361}}, {"type": "Feature", "geometry": {"type": "Polygon", "coordinates": [[[76.89939976248446, 43.1820913008698], [76.8993973353618, 43.18221057963912], [76.89947242076177, 43.1822113881799], [76.89947484788439, 43.18209210941217], [76.89939976248446, 43.1820913008698]]]}, "properties": {"id": 274, "class": "building", "confidence": 100.0, "source": "Almaty_5", "source_model": "msft-buildings", "centroid_wkt": "POINT (76.899436091623 43.182151344525245)", "bbox": [76.8993973353618, 43.1820913008698, 76.89947484788439, 43.1822113881799], "pixel_bbox": [6166, 3528, 6282, 3707], "area_m2": 80.91}}, {"type": "Feature", "geometry": {"type": "Polygon", "coordinates": [[[76.89623788442232, 43.183392334495814], [76.89612261899644, 43.18339439921856], [76.89612498965376, 43.18346476473122], [76.89624025507963, 43.18346270001085], [76.89623788442232, 43.183392334495814]]]}, "properties": {"id": 275, "class": "building", "confidence": 100.0, "source": "Almaty_5", "source_model": "msft-buildings", "centroid_wkt": "POINT (76.89618143703836 43.183428549614106)", "bbox": [76.89612261899644, 43.183392334495814, 76.89624025507963, 43.18346476473122], "pixel_bbox": [1283, 1659, 1458, 1767], "area_m2": 73.299}}, {"type": "Feature", "geometry": {"type": "Polygon", "coordinates": [[[76.89693948229429, 43.182602182328495], [76.89683599834407, 43.18260337588403], [76.89683410869016, 43.18251626383825], [76.89671503295857, 43.18251763115011], [76.89671659537836, 43.182589978002206], [76.89666296449762, 43.182590593829204], [76.89666421256815, 43.18264838487724], [76.89694041129964, 43.182645199279044], [76.89693948229429, 43.182602182328495]]]}, "properties": {"id": 276, "class": "building", "confidence": 100.0, "source": "Almaty_5", "source_model": "msft-buildings", "centroid_wkt": "POINT (76.89678614711603 43.182595177473516)", "bbox": [76.89666296449762, 43.18251626383825, 76.89694041129964, 43.18264838487724], "pixel_bbox": [2088, 2876, 2502, 3073], "area_m2": 208.215}}, {"type": "Feature", "geometry": {"type": "Polygon", "coordinates": [[[76.89778998591622, 43.184506824830095], [76.89772972984832, 43.18450581929741], [76.8977274781722, 43.1845773383975], [76.89778777266618, 43.1845773383975], [76.89778998591622, 43.184506824830095]]]}, "properties": {"id": 277, "class": "building", "confidence": 100.0, "source": "Almaty_5", "source_model": "msft-buildings", "centroid_wkt": "POINT (76.897758670505 43.18454183030642)", "bbox": [76.8977274781722, 43.18450581929741, 76.89778998591622, 43.1845773383975], "pixel_bbox": [3676, 0, 3769, 106], "area_m2": 38.671}}, {"type": "Feature", "geometry": {"type": "Polygon", "coordinates": [[[76.89786999419645, 43.1816413594003], [76.89781907233493, 43.18164031728281], [76.89781598838404, 43.18172044333067], [76.89786691024553, 43.181721485446765], [76.89786999419645, 43.1816413594003]]]}, "properties": {"id": 278, "class": "building", "confidence": 100.0, "source": "Almaty_5", "source_model": "msft-buildings", "centroid_wkt": "POINT (76.89784299129015 43.18168090136512)", "bbox": [76.89781598838404, 43.18164031728281, 76.89786999419645, 43.181721485446765], "pixel_bbox": [3808, 4258, 3889, 4380], "area_m2": 36.882}}, {"type": "Feature", "geometry": {"type": "Polygon", "coordinates": [[[76.90038283898946, 43.181005160167025], [76.90047125539881, 43.18100729000919], [76.90047550385093, 43.180913511248846], [76.90032010531333, 43.18090976788408], [76.90031656493653, 43.18098791686585], [76.90038354706482, 43.180989530383094], [76.90038283898946, 43.181005160167025]]]}, "properties": {"id": 279, "class": "building", "confidence": 100.0, "source": "Almaty_5", "source_model": "msft-buildings", "centroid_wkt": "POINT (76.9003992390521 43.18095558703295)", "bbox": [76.90031656493653, 43.18090976788408, 76.90047550385093, 43.18100729000919], "pixel_bbox": [7537, 5324, 7774, 5469], "area_m2": 122.305}}, {"type": "Feature", "geometry": {"type": "Polygon", "coordinates": [[[76.90068537888168, 43.183074790052906], [76.90076302692711, 43.18307242037372], [76.90076056154098, 43.18302946824859], [76.90068291349554, 43.18303183792945], [76.90068537888168, 43.183074790052906]]]}, "properties": {"id": 280, "class": "building", "confidence": 100.0, "source": "Almaty_5", "source_model": "msft-buildings", "centroid_wkt": "POINT (76.90072297021158 43.183052129151164)", "bbox": [76.90068291349554, 43.18302946824859, 76.90076302692711, 43.183074790052906], "pixel_bbox": [8083, 2240, 8203, 2308], "area_m2": 30.176}}, {"type": "Feature", "geometry": {"type": "Polygon", "coordinates": [[[76.89605023285044, 43.18098525567396], [76.89604515927452, 43.18105939351752], [76.8960852924696, 43.181060853896014], [76.89608355677258, 43.18108621682123], [76.89620663190423, 43.18109069531322], [76.89621344117714, 43.180991194553535], [76.89605023285044, 43.18098525567396]]]}, "properties": {"id": 281, "class": "building", "confidence": 100.0, "source": "Almaty_5", "source_model": "msft-buildings", "centroid_wkt": "POINT (76.89613271718123 43.18103564635251)", "bbox": [76.89604515927452, 43.18098525567396, 76.89621344117714, 43.18109069531322], "pixel_bbox": [1167, 5199, 1418, 5356], "area_m2": 137.826}}, {"type": "Feature", "geometry": {"type": "Polygon", "coordinates": [[[76.8967169802704, 43.18454820678043], [76.89666333831408, 43.18454845862916], [76.89666276840585, 43.184483921807455], [76.8965769412758, 43.18448432476587], [76.89657751118403, 43.184548861587146], [76.89659628586872, 43.18454877344009], [76.89659653811907, 43.1845773383975], [76.89671723752451, 43.1845773383975], [76.8967169802704, 43.18454820678043]]]}, "properties": {"id": 282, "class": "building", "confidence": 100.0, "source": "Almaty_5", "source_model": "msft-buildings", "centroid_wkt": "POINT (76.8966343507447 43.18453434810973)", "bbox": [76.8965769412758, 43.184483921807455, 76.89671723752451, 43.1845773383975], "pixel_bbox": [1960, 0, 2169, 139], "area_m2": 81.477}}, {"type": "Feature", "geometry": {"type": "Polygon", "coordinates": [[[76.90143614884276, 43.18158886748323], [76.90143330217734, 43.18160622172293], [76.90149147846161, 43.18161129579119], [76.90150666067728, 43.18151873979675], [76.90137708622592, 43.181507438445195], [76.9013647506757, 43.1815826402153], [76.90143614884276, 43.18158886748323]]]}, "properties": {"id": 283, "class": "building", "confidence": 100.0, "source": "Almaty_5", "source_model": "msft-buildings", "centroid_wkt": "POINT (76.90143834454342 43.18155532705129)", "bbox": [76.9013647506757, 43.181507438445195, 76.90150666067728, 43.18161129579119], "pixel_bbox": [9100, 4423, 9312, 4578], "area_m2": 98.52}}, {"type": "Feature", "geometry": {"type": "Polygon", "coordinates": [[[76.89720110277804, 43.18144064983009], [76.89720944649676, 43.18130793142049], [76.89703814511819, 43.18130220514048], [76.89702980139948, 43.18143492356253], [76.89720110277804, 43.18144064983009]]]}, "properties": {"id": 284, "class": "building", "confidence": 100.0, "source": "Almaty_5", "source_model": "msft-buildings", "centroid_wkt": "POINT (76.89711962394678 43.18137142748831)", "bbox": [76.89702980139948, 43.18130220514048, 76.89720944649676, 43.18144064983009], "pixel_bbox": [2636, 4677, 2903, 4884], "area_m2": 205.777}}, {"type": "Feature", "geometry": {"type": "Polygon", "coordinates": [[[76.8977191056504, 43.18341491753148], [76.89757438437115, 43.18341793087025], [76.89757690983579, 43.183482418910295], [76.89772163111503, 43.18347940557471], [76.8977191056504, 43.18341491753148]]]}, "properties": {"id": 285, "class": "building", "confidence": 100.0, "source": "Almaty_5", "source_model": "msft-buildings", "centroid_wkt": "POINT (76.8976480077437 43.183448668221665)", "bbox": [76.89757438437115, 43.18341491753148, 76.89772163111503, 43.183482418910295], "pixel_bbox": [3448, 1632, 3667, 1733], "area_m2": 84.362}}, {"type": "Feature", "geometry": {"type": "Polygon", "coordinates": [[[76.898413310999, 43.18108965304775], [76.89842354964306, 43.181039921707466], [76.89836584165639, 43.18103360434855], [76.89835560301233, 43.18108333569399], [76.898413310999, 43.18108965304775]]]}, "properties": {"id": 286, "class": "building", "confidence": 100.0, "source": "Almaty_5", "source_model": "msft-buildings", "centroid_wkt": "POINT (76.89838957632722 43.18106162869931)", "bbox": [76.89835560301233, 43.18103360434855, 76.89842354964306, 43.18108965304775], "pixel_bbox": [4613, 5201, 4714, 5284], "area_m2": 26.506}}, {"type": "Feature", "geometry": {"type": "Polygon", "coordinates": [[[76.89871195423459, 43.184020868709496], [76.89878950539632, 43.184017769855], [76.89878716062434, 43.18398657140837], [76.89870960946264, 43.18398967026445], [76.89871195423459, 43.184020868709496]]]}, "properties": {"id": 287, "class": "building", "confidence": 100.0, "source": "Almaty_5", "source_model": "msft-buildings", "centroid_wkt": "POINT (76.8987495574298 43.184003720059316)", "bbox": [76.89870960946264, 43.18398657140837, 76.89878950539632, 43.184020868709496], "pixel_bbox": [5141, 829, 5260, 881], "area_m2": 21.918}}, {"type": "Feature", "geometry": {"type": "Polygon", "coordinates": [[[76.89771205186844, 43.18388518838787], [76.89771205186844, 43.18401622433885], [76.89779251813889, 43.18401622433885], [76.89779251813889, 43.18405142797924], [76.89791858196259, 43.18405142797924], [76.89791858196259, 43.18388518838787], [76.89771205186844, 43.18388518838787]]]}, "properties": {"id": 288, "class": "building", "confidence": 100.0, "source": "Almaty_5", "source_model": "msft-buildings", "centroid_wkt": "POINT (76.89782098505749 43.18396241648241)", "bbox": [76.89771205186844, 43.18388518838787, 76.89791858196259, 43.18405142797924], "pixel_bbox": [3653, 784, 3961, 1032], "area_m2": 284.51}}, {"type": "Feature", "geometry": {"type": "Polygon", "coordinates": [[[76.89777119174887, 43.18103165060022], [76.8978409093482, 43.18103079310475], [76.8978400952305, 43.180995597735844], [76.89777037763122, 43.1809964552318], [76.89777119174887, 43.18103165060022]]]}, "properties": {"id": 289, "class": "building", "confidence": 100.0, "source": "Almaty_5", "source_model": "msft-buildings", "centroid_wkt": "POINT (76.8978056434898 43.18101362416816)", "bbox": [76.89777037763122, 43.180995597735844, 76.8978409093482, 43.18103165060022], "pixel_bbox": [3740, 5287, 3845, 5341], "area_m2": 22.169}}, {"type": "Feature", "geometry": {"type": "Polygon", "coordinates": [[[76.90044591879004, 43.18374666032151], [76.90044273993036, 43.183840479636864], [76.90052194241464, 43.18384191048797], [76.90052087979481, 43.183873183506115], [76.90060933839182, 43.18387478157486], [76.90061163279888, 43.183807256903876], [76.9005821465488, 43.18380672571756], [76.90058410267206, 43.18374915671876], [76.90044591879004, 43.18374666032151]]]}, "properties": {"id": 290, "class": "building", "confidence": 100.0, "source": "Almaty_5", "source_model": "msft-buildings", "centroid_wkt": "POINT (76.90052729043371 43.18380720693232)", "bbox": [76.90044273993036, 43.18374666032151, 76.90061163279888, 43.18387478157486], "pixel_bbox": [7725, 1047, 7977, 1238], "area_m2": 151.82}}, {"type": "Feature", "geometry": {"type": "Polygon", "coordinates": [[[76.8962716276411, 43.18423466471932], [76.89621801581508, 43.18423562504225], [76.89622048081097, 43.18430878968963], [76.89627409272912, 43.18430783210218], [76.8962716276411, 43.18423466471932]]]}, "properties": {"id": 291, "class": "building", "confidence": 100.0, "source": "Almaty_5", "source_model": "msft-buildings", "centroid_wkt": "POINT (76.8962460544161 43.184271727885346)", "bbox": [76.89621801581508, 43.18423466471932, 76.89627409272912, 43.18430878968963], "pixel_bbox": [1425, 400, 1509, 511], "area_m2": 35.449}}, {"type": "Feature", "geometry": {"type": "Polygon", "coordinates": [[[76.89532779868004, 43.18144185312226], [76.89532529246956, 43.181482844290656], [76.89540390938842, 43.18148540007733], [76.89541189286557, 43.1813546182326], [76.89526218920946, 43.18134975145008], [76.89526218920946, 43.18143972019799], [76.89532779868004, 43.18144185312226]]]}, "properties": {"id": 292, "class": "building", "confidence": 100.0, "source": "Almaty_5", "source_model": "msft-buildings", "centroid_wkt": "POINT (76.89534160162056 43.181409952851794)", "bbox": [76.89526218920946, 43.18134975145008, 76.89541189286557, 43.18148540007733], "pixel_bbox": [0, 4611, 223, 4813], "area_m2": 148.589}}, {"type": "Feature", "geometry": {"type": "Polygon", "coordinates": [[[76.89757573672466, 43.182483213343154], [76.89758009750996, 43.18239923396329], [76.89749974643708, 43.182397015503334], [76.8974953856518, 43.18248099488625], [76.89757573672466, 43.182483213343154]]]}, "properties": {"id": 293, "class": "building", "confidence": 100.0, "source": "Almaty_5", "source_model": "msft-buildings", "centroid_wkt": "POINT (76.89753774158062 43.18244011442399)", "bbox": [76.8974953856518, 43.182397015503334, 76.89758009750996, 43.182483213343154], "pixel_bbox": [3330, 3122, 3456, 3251], "area_m2": 61.034}}, {"type": "Feature", "geometry": {"type": "Polygon", "coordinates": [[[76.89804549855842, 43.18223828770382], [76.8980442081434, 43.182193323691585], [76.89791551865545, 43.18219529397374], [76.89791689192971, 43.182243145180394], [76.8979839178028, 43.18224212241171], [76.89798383484548, 43.18223923179668], [76.89804549855842, 43.18223828770382]]]}, "properties": {"id": 294, "class": "building", "confidence": 100.0, "source": "Almaty_5", "source_model": "msft-buildings", "centroid_wkt": "POINT (76.89797953273072 43.18221758085001)", "bbox": [76.89791551865545, 43.182193323691585, 76.89804549855842, 43.182243145180394], "pixel_bbox": [3956, 3481, 4150, 3555], "area_m2": 54.036}}, {"type": "Feature", "geometry": {"type": "Polygon", "coordinates": [[[76.89706188296024, 43.18245515063438], [76.89705530638025, 43.182285130328495], [76.89685430061414, 43.18228926439062], [76.89686087719417, 43.18245928468499], [76.89706188296024, 43.18245515063438]]]}, "properties": {"id": 295, "class": "building", "confidence": 100.0, "source": "Almaty_5", "source_model": "msft-buildings", "centroid_wkt": "POINT (76.89695809178833 43.18237220750956)", "bbox": [76.89685430061414, 43.182285130328495, 76.89706188296024, 43.18245928468499], "pixel_bbox": [2374, 3158, 2683, 3418], "area_m2": 308.917}}, {"type": "Feature", "geometry": {"type": "Polygon", "coordinates": [[[76.89849335305455, 43.18191595947822], [76.89848900626482, 43.181984266259484], [76.89852915295623, 43.181985624663255], [76.8985226948686, 43.182087108880594], [76.8985012832999, 43.18208638439981], [76.89849799116836, 43.18213811782274], [76.89856595226918, 43.182140413880894], [76.89856948724011, 43.182084780504624], [76.89863639860927, 43.182087044514475], [76.89864693921047, 43.18192115622623], [76.89849335305455, 43.18191595947822]]]}, "properties": {"id": 296, "class": "building", "confidence": 100.0, "source": "Almaty_5", "source_model": "msft-buildings", "centroid_wkt": "POINT (76.89856952109055 43.1820126855173)", "bbox": [76.89848900626482, 43.18191595947822, 76.89864693921047, 43.182140413880894], "pixel_bbox": [4812, 3634, 5047, 3968], "area_m2": 228.634}}, {"type": "Feature", "geometry": {"type": "Polygon", "coordinates": [[[76.89960721450694, 43.182383269179184], [76.89982422851539, 43.18238858526203], [76.89982710871459, 43.1823260698486], [76.89961009470613, 43.182320753760315], [76.89960721450694, 43.182383269179184]]]}, "properties": {"id": 297, "class": "building", "confidence": 100.0, "source": "Almaty_5", "source_model": "msft-buildings", "centroid_wkt": "POINT (76.8997171616092 43.182354669512485)", "bbox": [76.89960721450694, 43.182320753760315, 76.89982710871459, 43.18238858526203], "pixel_bbox": [6479, 3264, 6807, 3365], "area_m2": 122.674}}, {"type": "Feature", "geometry": {"type": "Polygon", "coordinates": [[[76.89658166600044, 43.18302419746719], [76.89656788106653, 43.18293449285939], [76.89647251887787, 43.18294228445396], [76.89646255726525, 43.182877459799926], [76.89636189639758, 43.182885679195095], [76.89638564220549, 43.1830402036183], [76.89658166600044, 43.18302419746719]]]}, "properties": {"id": 298, "class": "building", "confidence": 100.0, "source": "Almaty_5", "source_model": "msft-buildings", "centroid_wkt": "POINT (76.89646064356451 43.182967492132825)", "bbox": [76.89636189639758, 43.182877459799926, 76.89658166600044, 43.1830402036183], "pixel_bbox": [1640, 2292, 1967, 2535], "area_m2": 220.483}}, {"type": "Feature", "geometry": {"type": "Polygon", "coordinates": [[[76.89893700660181, 43.183648874074464], [76.89889147076231, 43.18365009641675], [76.89889511931356, 43.18372236192746], [76.89894065515307, 43.18372113958661], [76.89893700660181, 43.183648874074464]]]}, "properties": {"id": 299, "class": "building", "confidence": 100.0, "source": "Almaty_5", "source_model": "msft-buildings", "centroid_wkt": "POINT (76.89891606295775 43.183685618001306)", "bbox": [76.89889147076231, 43.183648874074464, 76.89894065515307, 43.18372236192746], "pixel_bbox": [5412, 1275, 5485, 1384], "area_m2": 29.761}}, {"type": "Feature", "geometry": {"type": "Polygon", "coordinates": [[[76.89898930988191, 43.18265749216369], [76.89899009298318, 43.182712248597376], [76.89914832599172, 43.182711037305616], [76.89914754289045, 43.18265628087086], [76.89898930988191, 43.18265749216369]]]}, "properties": {"id": 300, "class": "building", "confidence": 100.0, "source": "Almaty_5", "source_model": "msft-buildings", "centroid_wkt": "POINT (76.89906881793708 43.182684264734384)", "bbox": [76.89898930988191, 43.18265628087086, 76.89914832599172, 43.182712248597376], "pixel_bbox": [5558, 2781, 5795, 2864], "area_m2": 78.264}}, {"type": "Feature", "geometry": {"type": "Polygon", "coordinates": [[[76.90078416245532, 43.18217983483901], [76.90079365903604, 43.18212795198719], [76.90062763735824, 43.18211179426569], [76.90061849250269, 43.1821617555444], [76.9005499756198, 43.1821550872826], [76.90053977558861, 43.1822108132821], [76.90071266125855, 43.18222763900026], [76.90072251463835, 43.18217383509643], [76.90078416245532, 43.18217983483901]]]}, "properties": {"id": 301, "class": "building", "confidence": 100.0, "source": "Almaty_5", "source_model": "msft-buildings", "centroid_wkt": "POINT (76.90066647981895 43.1821698856832)", "bbox": [76.90053977558861, 43.18211179426569, 76.90079365903604, 43.18222763900026], "pixel_bbox": [7870, 3504, 8249, 3676], "area_m2": 165.91}}, {"type": "Feature", "geometry": {"type": "Polygon", "coordinates": [[[76.90113704859299, 43.18168724032252], [76.90114712924967, 43.18174497895665], [76.90120619353029, 43.18173949285791], [76.90119610742026, 43.181681754725126], [76.90113704859299, 43.18168724032252]]]}, "properties": {"id": 302, "class": "building", "confidence": 100.0, "source": "Almaty_5", "source_model": "msft-buildings", "centroid_wkt": "POINT (76.90117161977629 43.1817133671597)", "bbox": [76.90113704859299, 43.181681754725126, 76.90120619353029, 43.18174497895665], "pixel_bbox": [8761, 4223, 8864, 4318], "area_m2": 31.3}}, {"type": "Feature", "geometry": {"type": "Polygon", "coordinates": [[[76.89771819301767, 43.18114249003266], [76.89783155694016, 43.18114633743917], [76.89783405201878, 43.1811073051], [76.89784112286868, 43.18110754507448], [76.89784355504642, 43.181069439500114], [76.89783017303317, 43.181068984650544], [76.89783234979159, 43.18103488077845], [76.89772529333769, 43.181031247431605], [76.89771819301767, 43.18114249003266]]]}, "properties": {"id": 303, "class": "building", "confidence": 100.0, "source": "Almaty_5", "source_model": "msft-buildings", "centroid_wkt": "POINT (76.89777875962662 43.18108940787984)", "bbox": [76.89771819301767, 43.181031247431605, 76.89784355504642, 43.18114633743917], "pixel_bbox": [3662, 5116, 3849, 5288], "area_m2": 114.645}}, {"type": "Feature", "geometry": {"type": "Polygon", "coordinates": [[[76.9004971982946, 43.18211100144218], [76.90049890751233, 43.18215701584945], [76.90055251236629, 43.18215595713351], [76.90055080304704, 43.18210993999176], [76.9004971982946, 43.18211100144218]]]}, "properties": {"id": 304, "class": "building", "confidence": 100.0, "source": "Almaty_5", "source_model": "msft-buildings", "centroid_wkt": "POINT (76.90052485557051 43.18213347859897)", "bbox": [76.9004971982946, 43.18210993999176, 76.90055251236629, 43.18215701584945], "pixel_bbox": [7807, 3609, 7889, 3679], "area_m2": 22.296}}, {"type": "Feature", "geometry": {"type": "Polygon", "coordinates": [[[76.90087899658687, 43.18380895970941], [76.90075570172439, 43.18380657499261], [76.90075523596956, 43.183819378048376], [76.90069773710896, 43.183818262995736], [76.9006939268815, 43.183922725964145], [76.90087473073112, 43.183926222988624], [76.90087899658687, 43.18380895970941]]]}, "properties": {"id": 305, "class": "building", "confidence": 100.0, "source": "Almaty_5", "source_model": "msft-buildings", "centroid_wkt": "POINT (76.90078861335056 43.18386776501038)", "bbox": [76.9006939268815, 43.18380657499261, 76.90087899658687, 43.183926222988624], "pixel_bbox": [8100, 971, 8376, 1149], "area_m2": 184.966}}, {"type": "Feature", "geometry": {"type": "Polygon", "coordinates": [[[76.89528856989138, 43.18293818343892], [76.89528628324463, 43.18289717957493], [76.89526218920946, 43.18289789398038], [76.89526218920946, 43.18293896564457], [76.89528856989138, 43.18293818343892]]]}, "properties": {"id": 306, "class": "building", "confidence": 100.0, "source": "Almaty_5", "source_model": "msft-buildings", "centroid_wkt": "POINT (76.89527481652136 43.18291836551406)", "bbox": [76.89526218920946, 43.18289717957493, 76.89528856989138, 43.18293896564457], "pixel_bbox": [0, 2443, 39, 2505], "area_m2": 9.362}}, {"type": "Feature", "geometry": {"type": "Polygon", "coordinates": [[[76.89554512605058, 43.18112050653254], [76.89550128392705, 43.181119636144494], [76.89549898497577, 43.18118136844227], [76.89557135125415, 43.18118280141939], [76.89557331640786, 43.181130032383415], [76.89569928733687, 43.18113252682717], [76.89570107642439, 43.18108448554784], [76.89571983801648, 43.18108485801783], [76.8957223854331, 43.18101645372334], [76.8956938714497, 43.181015887640534], [76.89569660193773, 43.180942755834465], [76.89560279397725, 43.18094089826773], [76.8956013041711, 43.18098080038327], [76.89555037994666, 43.18097978939352], [76.89554512605058, 43.18112050653254]]]}, "properties": {"id": 307, "class": "building", "confidence": 100.0, "source": "Almaty_5", "source_model": "msft-buildings", "centroid_wkt": "POINT (76.89561855704123 43.1810581828539)", "bbox": [76.89549898497577, 43.18094089826773, 76.8957223854331, 43.18118280141939], "pixel_bbox": [353, 5062, 686, 5423], "area_m2": 289.583}}, {"type": "Feature", "geometry": {"type": "Polygon", "coordinates": [[[76.89635482565706, 43.18188284286836], [76.89638080190274, 43.18193330639557], [76.8964348757913, 43.181918509165776], [76.8964088983005, 43.18186804320749], [76.89635482565706, 43.18188284286836]]]}, "properties": {"id": 308, "class": "building", "confidence": 100.0, "source": "Almaty_5", "source_model": "msft-buildings", "centroid_wkt": "POINT (76.89639485062963 43.18190067534949)", "bbox": [76.89635482565706, 43.18186804320749, 76.8964348757913, 43.18193330639557], "pixel_bbox": [1629, 3943, 1748, 4040], "area_m2": 28.119}}, {"type": "Feature", "geometry": {"type": "Polygon", "coordinates": [[[76.89894273088494, 43.18127568895361], [76.89894681346033, 43.18140079213872], [76.8990201724395, 43.18139951921626], [76.89901607786335, 43.18127441623678], [76.89894273088494, 43.18127568895361]]]}, "properties": {"id": 309, "class": "building", "confidence": 100.0, "source": "Almaty_5", "source_model": "msft-buildings", "centroid_wkt": "POINT (76.89898144871789 43.18133760584194)", "bbox": [76.89894273088494, 43.18127441623678, 76.8990201724395, 43.18140079213872], "pixel_bbox": [5488, 4737, 5604, 4925], "area_m2": 82.933}}, {"type": "Feature", "geometry": {"type": "Polygon", "coordinates": [[[76.90009106199182, 43.18286960099729], [76.9000321207486, 43.18286814813076], [76.900027139537, 43.182975593985184], [76.90008608078021, 43.18297704684916], [76.90009106199182, 43.18286960099729]]]}, "properties": {"id": 310, "class": "building", "confidence": 100.0, "source": "Almaty_5", "source_model": "msft-buildings", "centroid_wkt": "POINT (76.9000591007643 43.18292259749059)", "bbox": [76.900027139537, 43.18286814813076, 76.90009106199182, 43.18297704684916], "pixel_bbox": [7106, 2386, 7201, 2548], "area_m2": 57.265}}, {"type": "Feature", "geometry": {"type": "Polygon", "coordinates": [[[76.89913212065257, 43.18175144492918], [76.8991275862103, 43.18181874207662], [76.89918912866783, 43.18182094378408], [76.89919221678052, 43.1817751120985], [76.8992403802777, 43.181776837627254], [76.89924471863303, 43.18171245062788], [76.89910290389135, 43.18170736989885], [76.89910001165447, 43.18175029457622], [76.89913212065257, 43.18175144492918]]]}, "properties": {"id": 311, "class": "building", "confidence": 100.0, "source": "Almaty_5", "source_model": "msft-buildings", "centroid_wkt": "POINT (76.89917214643003 43.18175464092844)", "bbox": [76.89910001165447, 43.18170736989885, 76.89924471863303, 43.18182094378408], "pixel_bbox": [5723, 4110, 5939, 4280], "area_m2": 101.971}}, {"type": "Feature", "geometry": {"type": "Polygon", "coordinates": [[[76.89584175497409, 43.18319106270046], [76.89584807746965, 43.18333647117011], [76.89590166778083, 43.1833352322581], [76.89589534516648, 43.18318982105335], [76.89584175497409, 43.18319106270046]]]}, "properties": {"id": 312, "class": "building", "confidence": 100.0, "source": "Almaty_5", "source_model": "msft-buildings", "centroid_wkt": "POINT (76.89587171143177 43.183263146793536)", "bbox": [76.89584175497409, 43.18318982105335, 76.89590166778083, 43.18333647117011], "pixel_bbox": [864, 1850, 953, 2069], "area_m2": 70.453}}, {"type": "Feature", "geometry": {"type": "Polygon", "coordinates": [[[76.89689615061049, 43.181015980769615], [76.89681841644742, 43.18101454464217], [76.8968148849865, 43.18111618374958], [76.8968926191496, 43.18111761987464], [76.89689615061049, 43.181015980769615]]]}, "properties": {"id": 313, "class": "building", "confidence": 100.0, "source": "Almaty_5", "source_model": "msft-buildings", "centroid_wkt": "POINT (76.89685551779834 43.18106608225899)", "bbox": [76.8968148849865, 43.18101454464217, 76.89689615061049, 43.18111761987464], "pixel_bbox": [2315, 5159, 2436, 5313], "area_m2": 71.408}}, {"type": "Feature", "geometry": {"type": "Polygon", "coordinates": [[[76.90011631726921, 43.18349184441435], [76.90010915853664, 43.183583468395746], [76.9004486970476, 43.183597573217746], [76.9004558557802, 43.18350594925754], [76.90011631726921, 43.18349184441435]]]}, "properties": {"id": 314, "class": "building", "confidence": 100.0, "source": "Almaty_5", "source_model": "msft-buildings", "centroid_wkt": "POINT (76.90028250715191 43.18354470882104)", "bbox": [76.90010915853664, 43.18349184441435, 76.9004558557802, 43.183597573217746], "pixel_bbox": [7228, 1461, 7745, 1618], "area_m2": 281.893}}, {"type": "Feature", "geometry": {"type": "Polygon", "coordinates": [[[76.89698003630244, 43.18111222870711], [76.89704594383699, 43.181114795148716], [76.89705371119838, 43.181008592933125], [76.89698781358261, 43.181006030236404], [76.89698003630244, 43.18111222870711]]]}, "properties": {"id": 315, "class": "building", "confidence": 100.0, "source": "Almaty_5", "source_model": "msft-buildings", "centroid_wkt": "POINT (76.89701687630341 43.18106041312798)", "bbox": [76.89698003630244, 43.181006030236404, 76.89705371119838, 43.181114795148716], "pixel_bbox": [2561, 5163, 2671, 5325], "area_m2": 63.396}}, {"type": "Feature", "geometry": {"type": "Polygon", "coordinates": [[[76.89805330306311, 43.18453777735995], [76.8979058825758, 43.18453496366585], [76.89790436136765, 43.1845773383975], [76.89805188286353, 43.1845773383975], [76.89805330306311, 43.18453777735995]]]}, "properties": {"id": 316, "class": "building", "confidence": 100.0, "source": "Almaty_5", "source_model": "msft-buildings", "centroid_wkt": "POINT (76.89797801343593 43.18455684640329)", "bbox": [76.89790436136765, 43.18453496366585, 76.89805330306311, 43.1845773383975], "pixel_bbox": [3940, 0, 4162, 63], "area_m2": 54.585}}, {"type": "Feature", "geometry": {"type": "Polygon", "coordinates": [[[76.89847595010906, 43.182809593335556], [76.898566891287, 43.182813097360864], [76.8985694353606, 43.18277799103133], [76.8984784941827, 43.182774487004004], [76.89847595010906, 43.182809593335556]]]}, "properties": {"id": 317, "class": "building", "confidence": 100.0, "source": "Almaty_5", "source_model": "msft-buildings", "centroid_wkt": "POINT (76.8985226927344 43.182793792182906)", "bbox": [76.89847595010906, 43.182774487004004, 76.8985694353606, 43.182813097360864], "pixel_bbox": [4792, 2631, 4932, 2688], "area_m2": 28.916}}, {"type": "Feature", "geometry": {"type": "Polygon", "coordinates": [[[76.89909569138169, 43.18367119194727], [76.8990899441404, 43.183760961642925], [76.89918361731782, 43.18376415019875], [76.89917811995657, 43.18385001673615], [76.89936546631144, 43.183856393838376], [76.89937321259322, 43.18373540005896], [76.89925009927427, 43.18373120938355], [76.89925359759506, 43.1836765669492], [76.89909569138169, 43.18367119194727]]]}, "properties": {"id": 318, "class": "building", "confidence": 100.0, "source": "Almaty_5", "source_model": "msft-buildings", "centroid_wkt": "POINT (76.89923692158973 43.18376534021557)", "bbox": [76.8990899441404, 43.18367119194727, 76.89937321259322, 43.183856393838376], "pixel_bbox": [5708, 1075, 6130, 1351], "area_m2": 313.062}}, {"type": "Feature", "geometry": {"type": "Polygon", "coordinates": [[[76.90035628179201, 43.181279725846714], [76.90023562081936, 43.18127815556486], [76.90023408947444, 43.18134072267841], [76.9003547504471, 43.181342292958654], [76.90035628179201, 43.181279725846714]]]}, "properties": {"id": 319, "class": "building", "confidence": 100.0, "source": "Almaty_5", "source_model": "msft-buildings", "centroid_wkt": "POINT (76.90029518563297 43.18131022426215)", "bbox": [76.90023408947444, 43.18127815556486, 76.90035628179201, 43.181342292958654], "pixel_bbox": [7414, 4824, 7596, 4920], "area_m2": 68.21}}, {"type": "Feature", "geometry": {"type": "Polygon", "coordinates": [[[76.89529081873062, 43.18203241542961], [76.89528556053334, 43.18191634985588], [76.89526218920946, 43.18191691283382], [76.89526218920946, 43.182033103606734], [76.89529081873062, 43.18203241542961]]]}, "properties": {"id": 320, "class": "building", "confidence": 100.0, "source": "Almaty_5", "source_model": "msft-buildings", "centroid_wkt": "POINT (76.89527523375298 43.18197665251896)", "bbox": [76.89526218920946, 43.18191634985588, 76.89529081873062, 43.182033103606734], "pixel_bbox": [0, 3794, 42, 3968], "area_m2": 27.286}}, {"type": "Feature", "geometry": {"type": "Polygon", "coordinates": [[[76.89920371710298, 43.18430164978999], [76.8993136691396, 43.18430269346509], [76.89931601341962, 43.18417067636021], [76.89923287887757, 43.18416989148019], [76.8992317152616, 43.18423542004176], [76.89920489769167, 43.18423516548659], [76.89920371710298, 43.18430164978999]]]}, "properties": {"id": 321, "class": "building", "confidence": 100.0, "source": "Almaty_5", "source_model": "msft-buildings", "centroid_wkt": "POINT (76.89926550990147 43.18424079750704)", "bbox": [76.89920371710298, 43.18416989148019, 76.89931601341962, 43.18430269346509], "pixel_bbox": [5878, 409, 6045, 607], "area_m2": 115.246}}, {"type": "Feature", "geometry": {"type": "Polygon", "coordinates": [[[76.89985960978818, 43.18349457932823], [76.89972050403114, 43.18348935443061], [76.89971554324352, 43.183559575968715], [76.89985464900059, 43.183564800860324], [76.89985960978818, 43.18349457932823]]]}, "properties": {"id": 322, "class": "building", "confidence": 100.0, "source": "Almaty_5", "source_model": "msft-buildings", "centroid_wkt": "POINT (76.89978757651487 43.18352707764692)", "bbox": [76.89971554324352, 43.18348935443061, 76.89985960978818, 43.183564800860324], "pixel_bbox": [6641, 1510, 6856, 1622], "area_m2": 88.46}}, {"type": "Feature", "geometry": {"type": "Polygon", "coordinates": [[[76.89707426773757, 43.182613371111906], [76.89725124401396, 43.1826155297213], [76.89725431830091, 43.182481515478166], [76.89718351611488, 43.182480648276766], [76.89718551854618, 43.18239372188813], [76.89734372442634, 43.18239565155879], [76.89734521078749, 43.18233112791492], [76.89708081636725, 43.18232790303668], [76.89707426773757, 43.182613371111906]]]}, "properties": {"id": 323, "class": "building", "confidence": 100.0, "source": "Almaty_5", "source_model": "msft-buildings", "centroid_wkt": "POINT (76.89717459471817 43.182463634348295)", "bbox": [76.89707426773757, 43.18232790303668, 76.89734521078749, 43.1826155297213], "pixel_bbox": [2702, 2925, 3106, 3354], "area_m2": 451.792}}, {"type": "Feature", "geometry": {"type": "Polygon", "coordinates": [[[76.8958811797717, 43.18285418789336], [76.89576857434652, 43.182855871677184], [76.89577082853415, 43.1829360255348], [76.8958834339593, 43.18293434175319], [76.8958811797717, 43.18285418789336]]]}, "properties": {"id": 324, "class": "building", "confidence": 100.0, "source": "Almaty_5", "source_model": "msft-buildings", "centroid_wkt": "POINT (76.89582600415318 43.182895106714625)", "bbox": [76.89576857434652, 43.18285418789336, 76.8958834339593, 43.1829360255348], "pixel_bbox": [755, 2447, 926, 2569], "area_m2": 81.555}}, {"type": "Feature", "geometry": {"type": "Polygon", "coordinates": [[[76.89674049537759, 43.18347214302488], [76.89674867395556, 43.18335510021852], [76.89658013233698, 43.183348838487596], [76.896571953759, 43.183465881305956], [76.89674049537759, 43.18347214302488]]]}, "properties": {"id": 325, "class": "building", "confidence": 100.0, "source": "Almaty_5", "source_model": "msft-buildings", "centroid_wkt": "POINT (76.89666031385583 43.18341049075914)", "bbox": [76.896571953759, 43.183348838487596, 76.89674867395556, 43.18347214302488], "pixel_bbox": [1953, 1648, 2216, 1832], "area_m2": 178.631}}, {"type": "Feature", "geometry": {"type": "Polygon", "coordinates": [[[76.89680440137444, 43.184492490031914], [76.89676370805448, 43.18449700890086], [76.89677688852923, 43.18456008473455], [76.896817575932, 43.18455556652736], [76.89680440137444, 43.184492490031914]]]}, "properties": {"id": 326, "class": "building", "confidence": 100.0, "source": "Almaty_5", "source_model": "msft-buildings", "centroid_wkt": "POINT (76.89679064331307 43.18452628678414)", "bbox": [76.89676370805448, 43.184492490031914, 76.896817575932, 43.18456008473455], "pixel_bbox": [2239, 25, 2319, 126], "area_m2": 23.719}}, {"type": "Feature", "geometry": {"type": "Polygon", "coordinates": [[[76.8975750486093, 43.18264263394843], [76.89769410571907, 43.18264459041354], [76.89769919334219, 43.182479464868464], [76.89758015188599, 43.182477514730486], [76.8975750486093, 43.18264263394843]]]}, "properties": {"id": 327, "class": "building", "confidence": 100.0, "source": "Almaty_5", "source_model": "msft-buildings", "centroid_wkt": "POINT (76.89763712519716 43.18256105282716)", "bbox": [76.8975750486093, 43.182477514730486, 76.89769919334219, 43.18264459041354], "pixel_bbox": [3449, 2882, 3634, 3131], "area_m2": 177.639}}, {"type": "Feature", "geometry": {"type": "Polygon", "coordinates": [[[76.89858089144784, 43.182684690601214], [76.89858378098305, 43.18263196815334], [76.89849115051703, 43.18262926885461], [76.89848826603422, 43.18268199145204], [76.89858089144784, 43.182684690601214]]]}, "properties": {"id": 328, "class": "building", "confidence": 100.0, "source": "Almaty_5", "source_model": "msft-buildings", "centroid_wkt": "POINT (76.89853602225831 43.182656979525646)", "bbox": [76.89848826603422, 43.18262926885461, 76.89858378098305, 43.182684690601214], "pixel_bbox": [4811, 2822, 4953, 2905], "area_m2": 44.179}}, {"type": "Feature", "geometry": {"type": "Polygon", "coordinates": [[[76.89706362392019, 43.18428157058871], [76.8971304809184, 43.18428422504579], [76.89712669485078, 43.18433492419882], [76.8972550602873, 43.184340020751875], [76.8972653991643, 43.18420157297687], [76.89707017672956, 43.18419382195132], [76.89706362392019, 43.18428157058871]]]}, "properties": {"id": 329, "class": "building", "confidence": 100.0, "source": "Almaty_5", "source_model": "msft-buildings", "centroid_wkt": "POINT (76.8971722916585 43.18426099550004)", "bbox": [76.89706362392019, 43.18419382195132, 76.8972653991643, 43.184340020751875], "pixel_bbox": [2686, 353, 2987, 571], "area_m2": 214.131}}, {"type": "Feature", "geometry": {"type": "Polygon", "coordinates": [[[76.89727075612905, 43.18277348182657], [76.89714968316628, 43.18276129096847], [76.89713643304391, 43.182831258330815], [76.89725750485849, 43.18284345523809], [76.89727075612905, 43.18277348182657]]]}, "properties": {"id": 330, "class": "building", "confidence": 100.0, "source": "Almaty_5", "source_model": "msft-buildings", "centroid_wkt": "POINT (76.89720359517175 43.18280237167872)", "bbox": [76.89713643304391, 43.18276129096847, 76.89727075612905, 43.18284345523809], "pixel_bbox": [2795, 2585, 2995, 2708], "area_m2": 77.974}}, {"type": "Feature", "geometry": {"type": "Polygon", "coordinates": [[[76.90089882101853, 43.180926953854666], [76.90097470202049, 43.18092978474819], [76.90097190396133, 43.180969664766344], [76.90103246301584, 43.180971920951556], [76.90103594044966, 43.18092229008436], [76.90108774503886, 43.180924222759], [76.90109170072272, 43.18086784332991], [76.90090296264742, 43.18086784332991], [76.90089882101853, 43.180926953854666]]]}, "properties": {"id": 331, "class": "building", "confidence": 100.0, "source": "Almaty_5", "source_model": "msft-buildings", "centroid_wkt": "POINT (76.90099569298125 43.18090722803406)", "bbox": [76.90089882101853, 43.18086784332991, 76.90109170072272, 43.180971920951556], "pixel_bbox": [8405, 5376, 8693, 5532], "area_m2": 124.045}}, {"type": "Feature", "geometry": {"type": "Polygon", "coordinates": [[[76.90155641125682, 43.18415473252531], [76.90156050335696, 43.18408641141062], [76.9014587734471, 43.1840831718665], [76.90145468134698, 43.18415149298481], [76.90155641125682, 43.18415473252531]]]}, "properties": {"id": 332, "class": "building", "confidence": 100.0, "source": "Almaty_5", "source_model": "msft-buildings", "centroid_wkt": "POINT (76.90150759235152 43.18411895219678)", "bbox": [76.90145468134698, 43.1840831718665, 76.90156050335696, 43.18415473252531], "pixel_bbox": [9234, 630, 9392, 736], "area_m2": 62.894}}, {"type": "Feature", "geometry": {"type": "Polygon", "coordinates": [[[76.89594721483856, 43.183587454607085], [76.89595422065881, 43.183665350792765], [76.89606105007148, 43.18366024785419], [76.89605404425124, 43.183582351662], [76.89594721483856, 43.183587454607085]]]}, "properties": {"id": 333, "class": "building", "confidence": 100.0, "source": "Almaty_5", "source_model": "msft-buildings", "centroid_wkt": "POINT (76.89600413245576 43.18362385122893)", "bbox": [76.89594721483856, 43.183582351662, 76.89606105007148, 43.183665350792765], "pixel_bbox": [1021, 1360, 1191, 1483], "area_m2": 75.483}}, {"type": "Feature", "geometry": {"type": "Polygon", "coordinates": [[[76.89650903438968, 43.18112734641687], [76.89651045739696, 43.18117426387158], [76.89656943714604, 43.18117331269454], [76.89656801413877, 43.1811263952391], [76.89650903438968, 43.18112734641687]]]}, "properties": {"id": 334, "class": "building", "confidence": 100.0, "source": "Almaty_5", "source_model": "msft-buildings", "centroid_wkt": "POINT (76.89653923576795 43.18115032955553)", "bbox": [76.89650903438968, 43.1811263952391, 76.89656943714604, 43.18117426387158], "pixel_bbox": [1859, 5075, 1949, 5146], "area_m2": 25.006}}, {"type": "Feature", "geometry": {"type": "Polygon", "coordinates": [[[76.89670404122816, 43.182723557005765], [76.89662898862335, 43.182724958873955], [76.89663187243355, 43.182807048542266], [76.89670692503836, 43.18280564667595], [76.89670404122816, 43.182723557005765]]]}, "properties": {"id": 335, "class": "building", "confidence": 100.0, "source": "Almaty_5", "source_model": "msft-buildings", "centroid_wkt": "POINT (76.896667956831 43.18276530277447)", "bbox": [76.89662898862335, 43.182723557005765, 76.89670692503836, 43.182807048542266], "pixel_bbox": [2038, 2640, 2154, 2764], "area_m2": 55.683}}, {"type": "Feature", "geometry": {"type": "Polygon", "coordinates": [[[76.89727068929024, 43.18449346515796], [76.89719026775911, 43.1844920820694], [76.897187514674, 43.18457719196692], [76.89719605442806, 43.1845773383975], [76.89726797620776, 43.1845773383975], [76.89727068929024, 43.18449346515796]]]}, "properties": {"id": 336, "class": "building", "confidence": 100.0, "source": "Almaty_5", "source_model": "msft-buildings", "centroid_wkt": "POINT (76.89722900471064 43.184535051179815)", "bbox": [76.897187514674, 43.1844920820694, 76.89727068929024, 43.1845773383975], "pixel_bbox": [2871, 0, 2995, 127], "area_m2": 61.452}}, {"type": "Feature", "geometry": {"type": "Polygon", "coordinates": [[[76.90125600787721, 43.18299982235718], [76.90125798333828, 43.182954885322815], [76.90117915029168, 43.182953042716804], [76.9011771705218, 43.182997979651816], [76.90125600787721, 43.18299982235718]]]}, "properties": {"id": 337, "class": "building", "confidence": 100.0, "source": "Almaty_5", "source_model": "msft-buildings", "centroid_wkt": "POINT (76.90121757799804 43.18297643271682)", "bbox": [76.9011771705218, 43.182953042716804, 76.90125798333828, 43.18299982235718], "pixel_bbox": [8821, 2352, 8941, 2422], "area_m2": 32.03}}, {"type": "Feature", "geometry": {"type": "Polygon", "coordinates": [[[76.896059568557, 43.181999688307954], [76.8960559482424, 43.182111945714105], [76.89619697760807, 43.182114371230014], [76.89620060892412, 43.182002106819574], [76.896059568557, 43.181999688307954]]]}, "properties": {"id": 338, "class": "building", "confidence": 100.0, "source": "Almaty_5", "source_model": "msft-buildings", "centroid_wkt": "POINT (76.89612827660864 43.1820570273165)", "bbox": [76.8960559482424, 43.181999688307954, 76.89620060892412, 43.182114371230014], "pixel_bbox": [1183, 3673, 1399, 3844], "area_m2": 143.082}}, {"type": "Feature", "geometry": {"type": "Polygon", "coordinates": [[[76.90058913219862, 43.18375517794776], [76.90058638360215, 43.18380114203601], [76.9006601333975, 43.183803490576594], [76.90066288662243, 43.18375752287357], [76.90058913219862, 43.18375517794776]]]}, "properties": {"id": 339, "class": "building", "confidence": 100.0, "source": "Almaty_5", "source_model": "msft-buildings", "centroid_wkt": "POINT (76.90062463447093 43.18377933314574)", "bbox": [76.90058638360215, 43.18375517794776, 76.90066288662243, 43.183803490576594], "pixel_bbox": [7940, 1154, 8054, 1226], "area_m2": 30.677}}, {"type": "Feature", "geometry": {"type": "Polygon", "coordinates": [[[76.90150939490105, 43.18307436741343], [76.90150522264048, 43.18319750680409], [76.90164651721716, 43.1832000522106], [76.90164651721716, 43.18307683766209], [76.90150939490105, 43.18307436741343]]]}, "properties": {"id": 340, "class": "building", "confidence": 100.0, "source": "Almaty_5", "source_model": "msft-buildings", "centroid_wkt": "POINT (76.90157690778314 43.18313749867054)", "bbox": [76.90150522264048, 43.18307436741343, 76.90164651721716, 43.1832000522106], "pixel_bbox": [9310, 2053, 9521, 2241], "area_m2": 154.921}}, {"type": "Feature", "geometry": {"type": "Polygon", "coordinates": [[[76.90152538677077, 43.1835425641897], [76.90152205897253, 43.18361876203797], [76.90164531559292, 43.18362162407737], [76.90164651721716, 43.183594110036275], [76.90164651721716, 43.18354537686248], [76.90152538677077, 43.1835425641897]]]}, "properties": {"id": 341, "class": "building", "confidence": 100.0, "source": "Almaty_5", "source_model": "msft-buildings", "centroid_wkt": "POINT (76.90158500832378 43.1835822074866)", "bbox": [76.90152205897253, 43.1835425641897, 76.90164651721716, 43.18362162407737], "pixel_bbox": [9335, 1425, 9521, 1543], "area_m2": 84.445}}, {"type": "Feature", "geometry": {"type": "Polygon", "coordinates": [[[76.89579257935358, 43.184277694541684], [76.8959587166027, 43.18428145049342], [76.89596370153033, 43.184164218085726], [76.89579756428121, 43.18416046212676], [76.89579257935358, 43.184277694541684]]]}, "properties": {"id": 342, "class": "building", "confidence": 100.0, "source": "Almaty_5", "source_model": "msft-buildings", "centroid_wkt": "POINT (76.89587814044113 43.18422095631187)", "bbox": [76.89579257935358, 43.18416046212676, 76.89596370153033, 43.18428145049342], "pixel_bbox": [790, 441, 1046, 621], "area_m2": 176.078}}, {"type": "Feature", "geometry": {"type": "Polygon", "coordinates": [[[76.8959871646511, 43.181150165348306], [76.89587729038318, 43.181152537311114], [76.89588157463336, 43.181258060637234], [76.8959914489013, 43.181255688678505], [76.8959871646511, 43.181150165348306]]]}, "properties": {"id": 343, "class": "building", "confidence": 100.0, "source": "Almaty_5", "source_model": "msft-buildings", "centroid_wkt": "POINT (76.89593436964257 43.18120411299377)", "bbox": [76.89587729038318, 43.181150165348306, 76.8959914489013, 43.181258060637234], "pixel_bbox": [917, 4950, 1087, 5110], "area_m2": 104.814}}, {"type": "Feature", "geometry": {"type": "Polygon", "coordinates": [[[76.89569750478353, 43.18405036183541], [76.8957804036668, 43.184053678607455], [76.89578495242974, 43.1839932321008], [76.89570205354642, 43.18398991532545], [76.89569750478353, 43.18405036183541]]]}, "properties": {"id": 344, "class": "building", "confidence": 100.0, "source": "Almaty_5", "source_model": "msft-buildings", "centroid_wkt": "POINT (76.89574122860624 43.18402179696725)", "bbox": [76.89569750478353, 43.18398991532545, 76.89578495242974, 43.184053678607455], "pixel_bbox": [649, 780, 779, 876], "area_m2": 45.394}}, {"type": "Feature", "geometry": {"type": "Polygon", "coordinates": [[[76.89594645337567, 43.1829649734178], [76.89605630202789, 43.18296230496018], [76.89605041101025, 43.18283336564901], [76.89601558094981, 43.18283421174712], [76.89601201063608, 43.18275606657858], [76.89588608657135, 43.182759125552536], [76.89589251313608, 43.182899786776815], [76.89594341860904, 43.18289855017319], [76.89594645337567, 43.1829649734178]]]}, "properties": {"id": 345, "class": "building", "confidence": 100.0, "source": "Almaty_5", "source_model": "msft-buildings", "centroid_wkt": "POINT (76.89597161722278 43.18285840954579)", "bbox": [76.89588608657135, 43.18275606657858, 76.89605630202789, 43.1829649734178], "pixel_bbox": [930, 2404, 1184, 2716], "area_m2": 245.821}}, {"type": "Feature", "geometry": {"type": "Polygon", "coordinates": [[[76.8970511337737, 43.18218768848021], [76.8970564382843, 43.18205765239694], [76.89691708700079, 43.18205462279442], [76.89691425328552, 43.18212408922837], [76.89687137587833, 43.1821231592303], [76.89686890479317, 43.182183735992446], [76.8970511337737, 43.18218768848021]]]}, "properties": {"id": 346, "class": "building", "confidence": 100.0, "source": "Almaty_5", "source_model": "msft-buildings", "centroid_wkt": "POINT (76.896972509635 43.18212526373743)", "bbox": [76.89686890479317, 43.18205462279442, 76.8970564382843, 43.18218768848021], "pixel_bbox": [2396, 3563, 2675, 3762], "area_m2": 187.298}}, {"type": "Feature", "geometry": {"type": "Polygon", "coordinates": [[[76.89701090058809, 43.184475255132575], [76.89695370550865, 43.184471212573946], [76.89694056901624, 43.18457002693742], [76.89699775469919, 43.18457406882535], [76.89701090058809, 43.184475255132575]]]}, "properties": {"id": 347, "class": "building", "confidence": 100.0, "source": "Almaty_5", "source_model": "msft-buildings", "centroid_wkt": "POINT (76.89697573263265 43.18452263951422)", "bbox": [76.89694056901624, 43.184471212573946, 76.89701090058809, 43.18457406882535], "pixel_bbox": [2502, 4, 2607, 158], "area_m2": 51.52}}, {"type": "Feature", "geometry": {"type": "Polygon", "coordinates": [[[76.900575577125, 43.18359780627708], [76.90057918199703, 43.18352838544264], [76.90048008234047, 43.18352564939262], [76.9004764777307, 43.18359506518004], [76.900575577125, 43.18359780627708]]]}, "properties": {"id": 348, "class": "building", "confidence": 100.0, "source": "Almaty_5", "source_model": "msft-buildings", "centroid_wkt": "POINT (76.90052783039873 43.18356172658968)", "bbox": [76.9004764777307, 43.18352564939262, 76.90057918199703, 43.18359780627708], "pixel_bbox": [7776, 1460, 7929, 1568], "area_m2": 62.222}}, {"type": "Feature", "geometry": {"type": "Polygon", "coordinates": [[[76.89572612219285, 43.18107548734149], [76.89587069925265, 43.181070993800034], [76.89586573456727, 43.180985918512036], [76.89572115707765, 43.18099040469453], [76.89572612219285, 43.18107548734149]]]}, "properties": {"id": 349, "class": "building", "confidence": 100.0, "source": "Almaty_5", "source_model": "msft-buildings", "centroid_wkt": "POINT (76.8957959272305 43.18103070111937)", "bbox": [76.89572115707765, 43.180985918512036, 76.89587069925265, 43.18107548734149], "pixel_bbox": [684, 5222, 907, 5355], "area_m2": 111.302}}, {"type": "Feature", "geometry": {"type": "Polygon", "coordinates": [[[76.89599650683145, 43.18240324378679], [76.89584632154904, 43.18241462572962], [76.89586690288075, 43.18255892348093], [76.89596930991345, 43.18255115725318], [76.8959662762246, 43.182529873456645], [76.8960140396915, 43.182526251223706], [76.89599650683145, 43.18240324378679]]]}, "properties": {"id": 350, "class": "building", "confidence": 100.0, "source": "Almaty_5", "source_model": "msft-buildings", "centroid_wkt": "POINT (76.89592874830427 43.18247824464206)", "bbox": [76.89584632154904, 43.18240324378679, 76.8960140396915, 43.18255892348093], "pixel_bbox": [871, 3010, 1121, 3242], "area_m2": 188.558}}, {"type": "Feature", "geometry": {"type": "Polygon", "coordinates": [[[76.89650935522609, 43.18378639400409], [76.89667833289914, 43.183786756189875], [76.89667838133167, 43.18377502169827], [76.8967976063827, 43.18377527724461], [76.89679787445111, 43.18370878173616], [76.89671888856188, 43.183708612438025], [76.89671938903123, 43.1835873557608], [76.89651017857886, 43.18358690733884], [76.89650935522609, 43.18378639400409]]]}, "properties": {"id": 351, "class": "building", "confidence": 100.0, "source": "Almaty_5", "source_model": "msft-buildings", "centroid_wkt": "POINT (76.89662976457875 43.18369213871781)", "bbox": [76.89650935522609, 43.18358690733884, 76.89679787445111, 43.183786756189875], "pixel_bbox": [1859, 1179, 2290, 1477], "area_m2": 420.121}}, {"type": "Feature", "geometry": {"type": "Polygon", "coordinates": [[[76.89770034807998, 43.18371824828486], [76.89770274375324, 43.183782741277575], [76.89776438933536, 43.183781523786685], [76.8977619936621, 43.18371703079267], [76.89770034807998, 43.18371824828486]]]}, "properties": {"id": 352, "class": "building", "confidence": 100.0, "source": "Almaty_5", "source_model": "msft-buildings", "centroid_wkt": "POINT (76.89773236870778 43.18374988603544)", "bbox": [76.89770034807998, 43.18371703079267, 76.89776438933536, 43.183782741277575], "pixel_bbox": [3636, 1184, 3731, 1282], "area_m2": 35.934}}, {"type": "Feature", "geometry": {"type": "Polygon", "coordinates": [[[76.899339979218, 43.18343013098025], [76.89938771588115, 43.18343384370126], [76.89939591922803, 43.18337776415754], [76.89934818256488, 43.1833740514331], [76.899339979218, 43.18343013098025]]]}, "properties": {"id": 353, "class": "building", "confidence": 100.0, "source": "Almaty_5", "source_model": "msft-buildings", "centroid_wkt": "POINT (76.89936794922279 43.183403947567975)", "bbox": [76.899339979218, 43.1833740514331, 76.89939591922803, 43.18343384370126], "pixel_bbox": [6081, 1705, 6164, 1794], "area_m2": 24.454}}, {"type": "Feature", "geometry": {"type": "Polygon", "coordinates": [[[76.89904510974884, 43.182166048891354], [76.89898610115051, 43.182166048891354], [76.89898610115051, 43.182234502470216], [76.89904510974884, 43.182234502470216], [76.89904510974884, 43.182166048891354]]]}, "properties": {"id": 354, "class": "building", "confidence": 100.0, "source": "Almaty_5", "source_model": "msft-buildings", "centroid_wkt": "POINT (76.89901560544968 43.18220027568079)", "bbox": [76.89898610115051, 43.182166048891354, 76.89904510974884, 43.182234502470216], "pixel_bbox": [5553, 3493, 5641, 3595], "area_m2": 36.484}}, {"type": "Feature", "geometry": {"type": "Polygon", "coordinates": [[[76.89534184196637, 43.18118508809705], [76.89533700059543, 43.18125059567779], [76.89541017485396, 43.18125346748624], [76.89541500968078, 43.18118796338589], [76.89534184196637, 43.18118508809705]]]}, "properties": {"id": 355, "class": "building", "confidence": 100.0, "source": "Almaty_5", "source_model": "msft-buildings", "centroid_wkt": "POINT (76.89537600639271 43.1812192791158)", "bbox": [76.89533700059543, 43.18118508809705, 76.89541500968078, 43.18125346748624], "pixel_bbox": [111, 4956, 227, 5058], "area_m2": 43.418}}, {"type": "Feature", "geometry": {"type": "Polygon", "coordinates": [[[76.89542362119951, 43.18281862135112], [76.89558983110028, 43.182821395081795], [76.89559292432719, 43.1827228427513], [76.89542671416032, 43.18272007749411], [76.89542362119951, 43.18281862135112]]]}, "properties": {"id": 356, "class": "building", "confidence": 100.0, "source": "Almaty_5", "source_model": "msft-buildings", "centroid_wkt": "POINT (76.89550827388777 43.182770734189425)", "bbox": [76.89542362119951, 43.18272007749411, 76.89559292432719, 43.182821395081795], "pixel_bbox": [240, 2618, 493, 2769], "area_m2": 148.019}}, {"type": "Feature", "geometry": {"type": "Polygon", "coordinates": [[[76.90100750536241, 43.18254575836306], [76.90100600223846, 43.182444068207325], [76.90096040998174, 43.18244442652988], [76.90096191310568, 43.182546116685], [76.90100750536241, 43.18254575836306]]]}, "properties": {"id": 357, "class": "building", "confidence": 100.0, "source": "Almaty_5", "source_model": "msft-buildings", "centroid_wkt": "POINT (76.90098395767211 43.18249509244633)", "bbox": [76.90096040998174, 43.182444068207325, 76.90100750536241, 43.182546116685], "pixel_bbox": [8497, 3029, 8568, 3181], "area_m2": 41.88}}, {"type": "Feature", "geometry": {"type": "Polygon", "coordinates": [[[76.90049472923752, 43.18439662101397], [76.90050611759315, 43.1844620626725], [76.90060240083729, 43.18445315433801], [76.90059100629973, 43.18438771324189], [76.90049472923752, 43.18439662101397]]]}, "properties": {"id": 358, "class": "building", "confidence": 100.0, "source": "Almaty_5", "source_model": "msft-buildings", "centroid_wkt": "POINT (76.90054856355401 43.184424888166554)", "bbox": [76.90049472923752, 43.18438771324189, 76.90060240083729, 43.1844620626725], "pixel_bbox": [7803, 171, 7963, 282], "area_m2": 57.823}}, {"type": "Feature", "geometry": {"type": "Polygon", "coordinates": [[[76.9007963692186, 43.184108438738626], [76.90070257528103, 43.18410639965585], [76.90069985869287, 43.18417283624714], [76.90079365263048, 43.18417487532769], [76.9007963692186, 43.184108438738626]]]}, "properties": {"id": 359, "class": "building", "confidence": 100.0, "source": "Almaty_5", "source_model": "msft-buildings", "centroid_wkt": "POINT (76.90074811395549 43.18414063749233)", "bbox": [76.90069985869287, 43.18410639965585, 76.9007963692186, 43.18417487532769], "pixel_bbox": [8109, 600, 8253, 702], "area_m2": 56.33}}, {"type": "Feature", "geometry": {"type": "Polygon", "coordinates": [[[76.90119323523916, 43.18347837799041], [76.90135132384121, 43.183482064978286], [76.90135792293093, 43.18333162398714], [76.90119983432884, 43.183327936990175], [76.90119323523916, 43.18347837799041]]]}, "properties": {"id": 360, "class": "building", "confidence": 100.0, "source": "Almaty_5", "source_model": "msft-buildings", "centroid_wkt": "POINT (76.90127557908426 43.18340500098645)", "bbox": [76.90119323523916, 43.183327936990175, 76.90135792293093, 43.183482064978286], "pixel_bbox": [8845, 1633, 9090, 1863], "area_m2": 215.026}}, {"type": "Feature", "geometry": {"type": "Polygon", "coordinates": [[[76.89936696179117, 43.1838631507539], [76.89924903245796, 43.18386080361559], [76.89924391139195, 43.1839976049721], [76.89936184072516, 43.183999952105154], [76.89936696179117, 43.1838631507539]]]}, "properties": {"id": 361, "class": "building", "confidence": 100.0, "source": "Almaty_5", "source_model": "msft-buildings", "centroid_wkt": "POINT (76.89930543659118 43.18393037786166)", "bbox": [76.89924391139195, 43.18386080361559, 76.89936696179117, 43.183999952105154], "pixel_bbox": [5937, 861, 6121, 1068], "area_m2": 145.818}}, {"type": "Feature", "geometry": {"type": "Polygon", "coordinates": [[[76.8956659365864, 43.18374354883371], [76.89568498694013, 43.18359227434042], [76.89554135871033, 43.18358265760142], [76.89552572765085, 43.18370678030973], [76.89556562438138, 43.18370945162083], [76.89556220508709, 43.18373660342844], [76.8956659365864, 43.18374354883371]]]}, "properties": {"id": 362, "class": "building", "confidence": 100.0, "source": "Almaty_5", "source_model": "msft-buildings", "centroid_wkt": "POINT (76.89560677934556 43.18366002885936)", "bbox": [76.89552572765085, 43.18358265760142, 76.89568498694013, 43.18374354883371], "pixel_bbox": [393, 1243, 630, 1483], "area_m2": 188.026}}, {"type": "Feature", "geometry": {"type": "Polygon", "coordinates": [[[76.8985931304861, 43.18104299080084], [76.89859027317523, 43.18127376227967], [76.89867341487744, 43.18127430964749], [76.89867464981687, 43.18117456954], [76.89877388346142, 43.18117522285105], [76.89877550583284, 43.18104419148319], [76.8985931304861, 43.18104299080084]]]}, "properties": {"id": 363, "class": "building", "confidence": 100.0, "source": "Almaty_5", "source_model": "msft-buildings", "centroid_wkt": "POINT (76.89867035677152 43.18113874804485)", "bbox": [76.89859027317523, 43.18104299080084, 76.89877550583284, 43.18127430964749], "pixel_bbox": [4963, 4925, 5239, 5270], "area_m2": 290.767}}, {"type": "Feature", "geometry": {"type": "Polygon", "coordinates": [[[76.90068061026074, 43.18437221553831], [76.90068405249859, 43.18444253279829], [76.90082067109503, 43.18443897707373], [76.90081722885718, 43.184368659809635], [76.90068061026074, 43.18437221553831]]]}, "properties": {"id": 364, "class": "building", "confidence": 100.0, "source": "Almaty_5", "source_model": "msft-buildings", "centroid_wkt": "POINT (76.90075064067855 43.18440559630497)", "bbox": [76.90068061026074, 43.184368659809635, 76.90082067109503, 43.18444253279829], "pixel_bbox": [8080, 201, 8289, 311], "area_m2": 86.876}}, {"type": "Feature", "geometry": {"type": "Polygon", "coordinates": [[[76.90074033405433, 43.181863225534045], [76.90080733451279, 43.18186462405034], [76.90081204506167, 43.18174433638286], [76.90082979204607, 43.18174470591484], [76.9008305592126, 43.1817251635745], [76.90074580976174, 43.181723398900466], [76.90074033405433, 43.181863225534045]]]}, "properties": {"id": 365, "class": "building", "confidence": 100.0, "source": "Almaty_5", "source_model": "msft-buildings", "centroid_wkt": "POINT (76.90077816912807 43.18179189503651)", "bbox": [76.90074033405433, 43.181723398900466, 76.9008305592126, 43.18186462405034], "pixel_bbox": [8169, 4045, 8304, 4256], "area_m2": 87.823}}, {"type": "Feature", "geometry": {"type": "Polygon", "coordinates": [[[76.90117931187615, 43.18130067344683], [76.90112315050715, 43.18129845213336], [76.90111981842466, 43.18134330477009], [76.90117597979365, 43.18134552608193], [76.90117931187615, 43.18130067344683]]]}, "properties": {"id": 366, "class": "building", "confidence": 100.0, "source": "Almaty_5", "source_model": "msft-buildings", "centroid_wkt": "POINT (76.90114956515025 43.18132198910804)", "bbox": [76.90111981842466, 43.18129845213336, 76.90117931187615, 43.18134552608193], "pixel_bbox": [8735, 4819, 8824, 4889], "area_m2": 22.819}}, {"type": "Feature", "geometry": {"type": "Polygon", "coordinates": [[[76.89868644235546, 43.18137097632785], [76.89869737869302, 43.18132745368524], [76.89863156092869, 43.181318656395014], [76.89862062054954, 43.1813621785037], [76.89868644235546, 43.18137097632785]]]}, "properties": {"id": 367, "class": "building", "confidence": 100.0, "source": "Almaty_5", "source_model": "msft-buildings", "centroid_wkt": "POINT (76.89865900057497 43.18134481645047)", "bbox": [76.89862062054954, 43.181318656395014, 76.89869737869302, 43.18137097632785], "pixel_bbox": [5008, 4781, 5122, 4859], "area_m2": 26.743}}, {"type": "Feature", "geometry": {"type": "Polygon", "coordinates": [[[76.8989909284609, 43.18290101197347], [76.89893039917568, 43.182902096229206], [76.89893217716863, 43.18295487079687], [76.89899270139142, 43.18295378663276], [76.8989909284609, 43.18290101197347]]]}, "properties": {"id": 368, "class": "building", "confidence": 100.0, "source": "Almaty_5", "source_model": "msft-buildings", "centroid_wkt": "POINT (76.89896155153687 43.182927941040234)", "bbox": [76.89893039917568, 43.18290101197347, 76.89899270139142, 43.18295487079687], "pixel_bbox": [5470, 2419, 5563, 2499], "area_m2": 28.868}}, {"type": "Feature", "geometry": {"type": "Polygon", "coordinates": [[[76.90040794053411, 43.1829825243846], [76.90041010563296, 43.18293261975445], [76.90036723319412, 43.18293163080186], [76.90036879791603, 43.18289556458514], [76.90026585298362, 43.18289318466551], [76.9002621150144, 43.18297915314022], [76.90040794053411, 43.1829825243846]]]}, "properties": {"id": 369, "class": "building", "confidence": 100.0, "source": "Almaty_5", "source_model": "msft-buildings", "centroid_wkt": "POINT (76.90032950030798 43.18294119805054)", "bbox": [76.9002621150144, 43.18289318466551, 76.90041010563296, 43.1829825243846], "pixel_bbox": [7456, 2378, 7677, 2511], "area_m2": 99.36}}, {"type": "Feature", "geometry": {"type": "Polygon", "coordinates": [[[76.90157202229716, 43.18210025846422], [76.90159460863565, 43.18239775090885], [76.90154807664743, 43.1823996269456], [76.90155331472995, 43.18246870665817], [76.90162926729771, 43.182465640595005], [76.90163112867508, 43.182490157345505], [76.90164651721716, 43.18248953692436], [76.90164651721716, 43.18231434684157], [76.90162856454569, 43.182315071559174], [76.90161997843191, 43.182201980914705], [76.90164651721716, 43.182200909588836], [76.90164651721716, 43.18209725122525], [76.90157202229716, 43.18210025846422]]]}, "properties": {"id": 370, "class": "building", "confidence": 100.0, "source": "Almaty_5", "source_model": "msft-buildings", "centroid_wkt": "POINT (76.90160821591294 43.18229610118477)", "bbox": [76.90154807664743, 43.18209725122525, 76.90164651721716, 43.182490157345505], "pixel_bbox": [9374, 3112, 9521, 3698], "area_m2": 211.142}}, {"type": "Feature", "geometry": {"type": "Polygon", "coordinates": [[[76.89610912224093, 43.18446302167556], [76.89599111153943, 43.1844636600496], [76.89599226816631, 43.1845773383975], [76.89611028536378, 43.1845773383975], [76.89610912224093, 43.18446302167556]]]}, "properties": {"id": 371, "class": "building", "confidence": 100.0, "source": "Almaty_5", "source_model": "msft-buildings", "centroid_wkt": "POINT (76.89605075189975 43.18452033948116)", "bbox": [76.89599111153943, 43.18446302167556, 76.89611028536378, 43.1845773383975], "pixel_bbox": [1087, 0, 1264, 170], "area_m2": 121.51}}, {"type": "Feature", "geometry": {"type": "Polygon", "coordinates": [[[76.89912951390575, 43.184167504288176], [76.89933976189089, 43.18417236477855], [76.89934133126025, 43.18413619217486], [76.89913108627762, 43.18413134248041], [76.89912951390575, 43.184167504288176]]]}, "properties": {"id": 372, "class": "building", "confidence": 100.0, "source": "Almaty_5", "source_model": "msft-buildings", "centroid_wkt": "POINT (76.89923542852254 43.184151851100076)", "bbox": [76.89912951390575, 43.18413134248041, 76.89934133126025, 43.18417236477855], "pixel_bbox": [5767, 603, 6083, 665], "area_m2": 68.747}}, {"type": "Feature", "geometry": {"type": "Polygon", "coordinates": [[[76.90034164919777, 43.18429694040394], [76.90044344344611, 43.18429429103425], [76.9004410530031, 43.1842454594937], [76.90040354985899, 43.18424643557809], [76.90040005582938, 43.18417506009749], [76.90033576488557, 43.18417673666368], [76.90034164919777, 43.18429694040394]]]}, "properties": {"id": 373, "class": "building", "confidence": 100.0, "source": "Almaty_5", "source_model": "msft-buildings", "centroid_wkt": "POINT (76.90038093785623 43.18424258394193)", "bbox": [76.90033576488557, 43.18417506009749, 76.90044344344611, 43.18429694040394], "pixel_bbox": [7566, 418, 7726, 599], "area_m2": 86.449}}, {"type": "Feature", "geometry": {"type": "Polygon", "coordinates": [[[76.90060683032254, 43.180992624401775], [76.9006036277224, 43.18092424919242], [76.90049914345508, 43.180926851411435], [76.90050234605522, 43.18099522661788], [76.90060683032254, 43.180992624401775]]]}, "properties": {"id": 374, "class": "building", "confidence": 100.0, "source": "Almaty_5", "source_model": "msft-buildings", "centroid_wkt": "POINT (76.90055298688918 43.18095973790586)", "bbox": [76.90049914345508, 43.18092424919242, 76.90060683032254, 43.18099522661788], "pixel_bbox": [7809, 5342, 7970, 5447], "area_m2": 64.603}}, {"type": "Feature", "geometry": {"type": "Polygon", "coordinates": [[[76.89866290890939, 43.18381160100529], [76.89866410483206, 43.18384482617401], [76.89873257976451, 43.18384351923422], [76.89873138702876, 43.183810294003976], [76.89866290890939, 43.18381160100529]]]}, "properties": {"id": 375, "class": "building", "confidence": 100.0, "source": "Almaty_5", "source_model": "msft-buildings", "centroid_wkt": "POINT (76.89869774512916 43.183827559975505)", "bbox": [76.89866290890939, 43.183810294003976, 76.89873257976451, 43.18384482617401], "pixel_bbox": [5071, 1092, 5175, 1143], "area_m2": 20.563}}, {"type": "Feature", "geometry": {"type": "Polygon", "coordinates": [[[76.89715709597121, 43.18089745204176], [76.89742795168821, 43.18090006464297], [76.8974285361937, 43.18086784332991], [76.89715763308298, 43.18086784332991], [76.89715709597121, 43.18089745204176]]]}, "properties": {"id": 376, "class": "building", "confidence": 100.0, "source": "Almaty_5", "source_model": "msft-buildings", "centroid_wkt": "POINT (76.89729471188296 43.18088331003567)", "bbox": [76.89715709597121, 43.18086784332991, 76.8974285361937, 43.18090006464297], "pixel_bbox": [2825, 5483, 3230, 5532], "area_m2": 75.645}}, {"type": "Feature", "geometry": {"type": "Polygon", "coordinates": [[[76.8995097738321, 43.18357820791493], [76.89962233639392, 43.18357588141388], [76.89961877473391, 43.18348403365291], [76.89950621217208, 43.183486360157445], [76.8995097738321, 43.18357820791493]]]}, "properties": {"id": 377, "class": "building", "confidence": 100.0, "source": "Almaty_5", "source_model": "msft-buildings", "centroid_wkt": "POINT (76.89956427428336 43.18353112078478)", "bbox": [76.89950621217208, 43.18348403365291, 76.89962233639392, 43.18357820791493], "pixel_bbox": [6329, 1490, 6502, 1630], "area_m2": 93.452}}, {"type": "Feature", "geometry": {"type": "Polygon", "coordinates": [[[76.89965151295881, 43.18438878497274], [76.89965020834958, 43.184416132327485], [76.89970378770118, 43.184417491273265], [76.89970863339255, 43.18431591532474], [76.89956932707842, 43.18431238205979], [76.89956578599627, 43.18438661065846], [76.89965151295881, 43.18438878497274]]]}, "properties": {"id": 378, "class": "building", "confidence": 100.0, "source": "Almaty_5", "source_model": "msft-buildings", "centroid_wkt": "POINT (76.89964222891768 43.184357701388656)", "bbox": [76.89956578599627, 43.18431238205979, 76.89970863339255, 43.184417491273265], "pixel_bbox": [6417, 238, 6631, 395], "area_m2": 106.756}}, {"type": "Feature", "geometry": {"type": "Polygon", "coordinates": [[[76.90004200463592, 43.18349662741686], [76.89999768381543, 43.18349513459988], [76.89999261480393, 43.18357515058999], [76.90003692796044, 43.183576643146885], [76.90004200463592, 43.18349662741686]]]}, "properties": {"id": 379, "class": "building", "confidence": 100.0, "source": "Almaty_5", "source_model": "msft-buildings", "centroid_wkt": "POINT (76.90001730787695 43.18353588778525)", "bbox": [76.89999261480393, 43.18349513459988, 76.90004200463592, 43.183576643146885], "pixel_bbox": [7054, 1492, 7128, 1613], "area_m2": 32.096}}, {"type": "Feature", "geometry": {"type": "Polygon", "coordinates": [[[76.90039565860722, 43.18268526144781], [76.90014447944328, 43.18267400662216], [76.90013856816597, 43.182744150558634], [76.90038974732992, 43.182755405371346], [76.90039565860722, 43.18268526144781]]]}, "properties": {"id": 380, "class": "building", "confidence": 100.0, "source": "Almaty_5", "source_model": "msft-buildings", "centroid_wkt": "POINT (76.90026711338277 43.182714705999786)", "bbox": [76.90013856816597, 43.18267400662216, 76.90039565860722, 43.182755405371346], "pixel_bbox": [7272, 2717, 7655, 2838], "area_m2": 159.733}}, {"type": "Feature", "geometry": {"type": "Polygon", "coordinates": [[[76.90083979301716, 43.182156086642145], [76.90088256850055, 43.18215787017594], [76.90088073404664, 43.182181263498244], [76.9009582646103, 43.1821844961519], [76.90096697826633, 43.182073377797025], [76.90084667221933, 43.18206836160111], [76.90083979301716, 43.182156086642145]]]}, "properties": {"id": 381, "class": "building", "confidence": 100.0, "source": "Almaty_5", "source_model": "msft-buildings", "centroid_wkt": "POINT (76.90090588321895 43.1821230107317)", "bbox": [76.90083979301716, 43.18206836160111, 76.90096697826633, 43.1821844961519], "pixel_bbox": [8317, 3568, 8507, 3741], "area_m2": 112.07}}, {"type": "Feature", "geometry": {"type": "Polygon", "coordinates": [[[76.89569723830365, 43.18342176819725], [76.89570018766337, 43.183349468359715], [76.89544024338227, 43.183343830359384], [76.8954422361929, 43.18329497906481], [76.89539516079172, 43.183293958033104], [76.89539317266595, 43.183342809430094], [76.89541880467866, 43.183343365369645], [76.89541585531894, 43.1834156652144], [76.89569723830365, 43.18342176819725]]]}, "properties": {"id": 382, "class": "building", "confidence": 100.0, "source": "Almaty_5", "source_model": "msft-buildings", "centroid_wkt": "POINT (76.89554377136909 43.18337610042992)", "bbox": [76.89539317266595, 43.183293958033104, 76.89570018766337, 43.18342176819725], "pixel_bbox": [195, 1723, 653, 1913], "area_m2": 204.695}}, {"type": "Feature", "geometry": {"type": "Polygon", "coordinates": [[[76.89834636091669, 43.184083967804625], [76.89840135953946, 43.18408558168116], [76.8984037896361, 43.1840416280516], [76.89834878695589, 43.184040011247895], [76.89834636091669, 43.184083967804625]]]}, "properties": {"id": 383, "class": "building", "confidence": 100.0, "source": "Almaty_5", "source_model": "msft-buildings", "centroid_wkt": "POINT (76.8983750739852 43.184062796907206)", "bbox": [76.89834636091669, 43.184040011247895, 76.8984037896361, 43.18408558168116], "pixel_bbox": [4599, 733, 4685, 801], "area_m2": 21.87}}, {"type": "Feature", "geometry": {"type": "Polygon", "coordinates": [[[76.89858776054018, 43.18254625801943], [76.89848319570086, 43.18254474248568], [76.8984812238699, 43.18261707866729], [76.89858578870916, 43.18261859419926], [76.89858776054018, 43.18254625801943]]]}, "properties": {"id": 384, "class": "building", "confidence": 100.0, "source": "Almaty_5", "source_model": "msft-buildings", "centroid_wkt": "POINT (76.89853449220482 43.182581668342905)", "bbox": [76.8984812238699, 43.18254474248568, 76.89858776054018, 43.18261859419926], "pixel_bbox": [4800, 2921, 4959, 3031], "area_m2": 68.344}}, {"type": "Feature", "geometry": {"type": "Polygon", "coordinates": [[[76.89622673895298, 43.184094874769706], [76.89610618424169, 43.18409182940034], [76.89610033706822, 43.18421489419337], [76.89622089177948, 43.18421793955658], [76.89622673895298, 43.184094874769706]]]}, "properties": {"id": 385, "class": "building", "confidence": 100.0, "source": "Almaty_5", "source_model": "msft-buildings", "centroid_wkt": "POINT (76.89616353801009 43.184154884479966)", "bbox": [76.89610033706822, 43.18409182940034, 76.89622673895298, 43.18421793955658], "pixel_bbox": [1249, 535, 1438, 724], "area_m2": 134.157}}, {"type": "Feature", "geometry": {"type": "Polygon", "coordinates": [[[76.8962860667068, 43.18394904214595], [76.89628281911337, 43.184022435200596], [76.89634857310638, 43.184023982143], [76.89635182758846, 43.183950592608255], [76.8962860667068, 43.18394904214595]]]}, "properties": {"id": 386, "class": "building", "confidence": 100.0, "source": "Almaty_5", "source_model": "msft-buildings", "centroid_wkt": "POINT (76.89631732140731 43.18398651236404)", "bbox": [76.89628281911337, 43.18394904214595, 76.89635182758846, 43.184023982143], "pixel_bbox": [1522, 825, 1624, 936], "area_m2": 43.633}}, {"type": "Feature", "geometry": {"type": "Polygon", "coordinates": [[[76.89933980766494, 43.18166847806088], [76.89933868219947, 43.18169779258223], [76.89924923008051, 43.18169596650871], [76.89924592046818, 43.18178195552437], [76.89923085660322, 43.1817816480114], [76.89922901751027, 43.1818295499887], [76.89937272145428, 43.18183249088519], [76.89937388845726, 43.18180217032247], [76.8994874717382, 43.18180448900493], [76.89949257384842, 43.18167159662765], [76.89933980766494, 43.18166847806088]]]}, "properties": {"id": 387, "class": "building", "confidence": 100.0, "source": "Almaty_5", "source_model": "msft-buildings", "centroid_wkt": "POINT (76.89936500739401 43.18175032070085)", "bbox": [76.89922901751027, 43.18166847806088, 76.89949257384842, 43.18183249088519], "pixel_bbox": [5915, 4093, 6308, 4338], "area_m2": 309.041}}, {"type": "Feature", "geometry": {"type": "Polygon", "coordinates": [[[76.89577128947825, 43.184172903770055], [76.8957203546776, 43.18417376155529], [76.89572431730721, 43.184298862905315], [76.89577525210787, 43.184298005121825], [76.89577128947825, 43.184172903770055]]]}, "properties": {"id": 388, "class": "building", "confidence": 100.0, "source": "Almaty_5", "source_model": "msft-buildings", "centroid_wkt": "POINT (76.89574780339278 43.184235883338104)", "bbox": [76.8957203546776, 43.184172903770055, 76.89577525210787, 43.184298862905315], "pixel_bbox": [683, 415, 765, 603], "area_m2": 57.581}}, {"type": "Feature", "geometry": {"type": "Polygon", "coordinates": [[[76.90095197236181, 43.18176344467639], [76.90102159268771, 43.181761362579955], [76.90101687034684, 43.18167740303488], [76.90104900280492, 43.18167644206597], [76.9010457081485, 43.18161786556987], [76.90092888962106, 43.18162135920486], [76.90093284994416, 43.181691650787975], [76.90086590751493, 43.18169365280031], [76.90086843772137, 43.18173856126792], [76.90081756147515, 43.18174008279613], [76.90082405200471, 43.18185528262431], [76.90095691434647, 43.18185130918996], [76.90095197236181, 43.18176344467639]]]}, "properties": {"id": 389, "class": "building", "confidence": 100.0, "source": "Almaty_5", "source_model": "msft-buildings", "centroid_wkt": "POINT (76.90092963481537 43.18174039541887)", "bbox": [76.90081756147515, 43.18161786556987, 76.90104900280492, 43.18185528262431], "pixel_bbox": [8284, 4059, 8629, 4413], "area_m2": 288.187}}, {"type": "Feature", "geometry": {"type": "Polygon", "coordinates": [[[76.90145050097156, 43.181451710551244], [76.90153638940973, 43.18146035885908], [76.90154402566115, 43.18142005511267], [76.90145813342698, 43.181411406416885], [76.90145050097156, 43.181451710551244]]]}, "properties": {"id": 390, "class": "building", "confidence": 100.0, "source": "Almaty_5", "source_model": "msft-buildings", "centroid_wkt": "POINT (76.9014972623945 43.18143588258639)", "bbox": [76.90145050097156, 43.181411406416885, 76.90154402566115, 43.18146035885908], "pixel_bbox": [9228, 4648, 9368, 4721], "area_m2": 31.863}}, {"type": "Feature", "geometry": {"type": "Polygon", "coordinates": [[[76.89876483783505, 43.18240230942184], [76.8985277520781, 43.182393948654095], [76.89851999838876, 43.182511023730044], [76.89875707293471, 43.182519384086405], [76.89876483783505, 43.18240230942184]]]}, "properties": {"id": 391, "class": "building", "confidence": 100.0, "source": "Almaty_5", "source_model": "msft-buildings", "centroid_wkt": "POINT (76.89864241533704 43.182456666011596)", "bbox": [76.89851999838876, 43.182393948654095, 76.89876483783505, 43.182519384086405], "pixel_bbox": [4858, 3069, 5223, 3256], "area_m2": 251.281}}, {"type": "Feature", "geometry": {"type": "Polygon", "coordinates": [[[76.89911815328539, 43.18412774144572], [76.89932449735781, 43.18413225896086], [76.8993261870454, 43.184091225092025], [76.8992699113893, 43.18408999304166], [76.89927216430611, 43.18403528117254], [76.89912209588982, 43.1840319957018], [76.89911815328539, 43.18412774144572]]]}, "properties": {"id": 392, "class": "building", "confidence": 100.0, "source": "Almaty_5", "source_model": "msft-buildings", "centroid_wkt": "POINT (76.89920928817708 43.18408561180213)", "bbox": [76.89911815328539, 43.1840319957018, 76.8993261870454, 43.18413225896086], "pixel_bbox": [5750, 663, 6060, 813], "area_m2": 150.765}}, {"type": "Feature", "geometry": {"type": "Polygon", "coordinates": [[[76.89979784212251, 43.181979062380975], [76.89970670201834, 43.181980694990244], [76.89970861171449, 43.182037379638814], [76.89979975181868, 43.18203574703106], [76.89979784212251, 43.181979062380975]]]}, "properties": {"id": 393, "class": "building", "confidence": 100.0, "source": "Almaty_5", "source_model": "msft-buildings", "centroid_wkt": "POINT (76.89975322691872 43.182008221010264)", "bbox": [76.89970670201834, 43.181979062380975, 76.89979975181868, 43.182037379638814], "pixel_bbox": [6628, 3787, 6766, 3874], "area_m2": 46.69}}, {"type": "Feature", "geometry": {"type": "Polygon", "coordinates": [[[76.9006097785285, 43.18265867980702], [76.90050534505974, 43.182655583267405], [76.90050028659094, 43.18274629141971], [76.90060472035643, 43.18274938263386], [76.9006097785285, 43.18265867980702]]]}, "properties": {"id": 394, "class": "building", "confidence": 100.0, "source": "Almaty_5", "source_model": "msft-buildings", "centroid_wkt": "POINT (76.90055503212295 43.18270248426685)", "bbox": [76.90050028659094, 43.182655583267405, 76.9006097785285, 43.18274938263386], "pixel_bbox": [7811, 2726, 7974, 2865], "area_m2": 85.699}}, {"type": "Feature", "geometry": {"type": "Polygon", "coordinates": [[[76.89743235133834, 43.183921500936535], [76.897436224777, 43.184011377139264], [76.89754072772888, 43.18400898257731], [76.89753803316287, 43.18394646001305], [76.89750587840845, 43.1839471968021], [76.89750469953582, 43.183919843160425], [76.89743235133834, 43.183921500936535]]]}, "properties": {"id": 395, "class": "building", "confidence": 100.0, "source": "Almaty_5", "source_model": "msft-buildings", "centroid_wkt": "POINT (76.89748294118914 43.183968557347434)", "bbox": [76.89743235133834, 43.183919843160425, 76.89754072772888, 43.184011377139264], "pixel_bbox": [3236, 844, 3398, 980], "area_m2": 76.962}}, {"type": "Feature", "geometry": {"type": "Polygon", "coordinates": [[[76.9016314147765, 43.18223255725666], [76.90162880561489, 43.18230682946511], [76.90164651721716, 43.18230716029308], [76.90164651721716, 43.18223283934948], [76.9016314147765, 43.18223255725666]]]}, "properties": {"id": 396, "class": "building", "confidence": 100.0, "source": "Almaty_5", "source_model": "msft-buildings", "centroid_wkt": "POINT (76.90163829641777 43.18227083118872)", "bbox": [76.90162880561489, 43.18223255725666, 76.90164651721716, 43.18230716029308], "pixel_bbox": [9494, 3385, 9521, 3496], "area_m2": 11.014}}, {"type": "Feature", "geometry": {"type": "Polygon", "coordinates": [[[76.89526319503784, 43.18339820156774], [76.89526319503784, 43.18329454523712], [76.89526218920946, 43.18329454523712], [76.89526218920946, 43.18339820156774], [76.89526319503784, 43.18339820156774]]]}, "properties": {"id": 397, "class": "building", "confidence": 100.0, "source": "Almaty_5", "source_model": "msft-buildings", "centroid_wkt": "POINT (76.89526269212364 43.18334637340242)", "bbox": [76.89526218920946, 43.18329454523712, 76.89526319503784, 43.18339820156774], "pixel_bbox": [0, 1758, 1, 1913], "area_m2": 0.942}}, {"type": "Feature", "geometry": {"type": "Polygon", "coordinates": [[[76.89896854137608, 43.181142544365315], [76.8989349438251, 43.18104087609785], [76.89885889358212, 43.181054239279845], [76.89888332816467, 43.18112817983861], [76.89885290806747, 43.181133525104116], [76.89887734265002, 43.18120746556686], [76.89900916307117, 43.18118430277432], [76.89899389145707, 43.18113808997808], [76.89896854137608, 43.181142544365315]]]}, "properties": {"id": 398, "class": "building", "confidence": 100.0, "source": "Almaty_5", "source_model": "msft-buildings", "centroid_wkt": "POINT (76.89892045428961 43.181131950949855)", "bbox": [76.89885290806747, 43.18104087609785, 76.89900916307117, 43.18120746556686], "pixel_bbox": [5354, 5025, 5587, 5273], "area_m2": 140.17}}, {"type": "Feature", "geometry": {"type": "Polygon", "coordinates": [[[76.90100284990119, 43.181537623930474], [76.90100490629888, 43.181480944279414], [76.9008682093144, 43.18147830722], [76.90086615291666, 43.18153498687351], [76.90100284990119, 43.181537623930474]]]}, "properties": {"id": 399, "class": "building", "confidence": 100.0, "source": "Almaty_5", "source_model": "msft-buildings", "centroid_wkt": "POINT (76.9009355296073 43.18150796557584)", "bbox": [76.90086615291666, 43.18147830722, 76.90100490629888, 43.181537623930474], "pixel_bbox": [8357, 4533, 8564, 4621], "area_m2": 70.03}}, {"type": "Feature", "geometry": {"type": "Polygon", "coordinates": [[[76.8952890545274, 43.18303055892152], [76.89528786252326, 43.18294371427283], [76.89526218920946, 43.182943901632775], [76.89526218920946, 43.18303075360921], [76.8952890545274, 43.18303055892152]]]}, "properties": {"id": 400, "class": "building", "confidence": 100.0, "source": "Almaty_5", "source_model": "msft-buildings", "centroid_wkt": "POINT (76.89527532615486 43.18298756051084)", "bbox": [76.89526218920946, 43.18294371427283, 76.8952890545274, 43.18303075360921], "pixel_bbox": [0, 2306, 40, 2436], "area_m2": 20.607}}, {"type": "Feature", "geometry": {"type": "Polygon", "coordinates": [[[76.89563565297956, 43.18234883682188], [76.8956034720429, 43.182348528062946], [76.89560237817334, 43.18240914770323], [76.89567478528089, 43.18240984241014], [76.89567400898635, 43.18245286276301], [76.89580809622254, 43.18245414925635], [76.89581102497006, 43.18229184504263], [76.89563671156303, 43.18229017259685], [76.89563565297956, 43.18234883682188]]]}, "properties": {"id": 401, "class": "building", "confidence": 100.0, "source": "Almaty_5", "source_model": "msft-buildings", "centroid_wkt": "POINT (76.89571946460232 43.18236904739265)", "bbox": [76.89560237817334, 43.18229017259685, 76.89581102497006, 43.18245414925635], "pixel_bbox": [507, 3166, 818, 3410], "area_m2": 257.567}}, {"type": "Feature", "geometry": {"type": "Polygon", "coordinates": [[[76.89623151325262, 43.18109676612593], [76.89622356208437, 43.18121579054438], [76.89637876193675, 43.18122130333608], [76.89638671310499, 43.18110227892837], [76.89623151325262, 43.18109676612593]]]}, "properties": {"id": 402, "class": "building", "confidence": 100.0, "source": "Almaty_5", "source_model": "msft-buildings", "centroid_wkt": "POINT (76.89630513759353 43.181159034733604)", "bbox": [76.89622356208437, 43.18109676612593, 76.89638671310499, 43.18122130333608], "pixel_bbox": [1433, 5004, 1677, 5190], "area_m2": 167.245}}, {"type": "Feature", "geometry": {"type": "Polygon", "coordinates": [[[76.89696246734758, 43.18379966598243], [76.89695694521595, 43.18369029126068], [76.8969810524251, 43.183689644138724], [76.89697691082635, 43.183607612967954], [76.89684030330785, 43.18361127999721], [76.89684474073505, 43.183699170527845], [76.89687956225939, 43.18369823579624], [76.89688478856255, 43.1838017511494], [76.89696246734758, 43.18379966598243]]]}, "properties": {"id": 403, "class": "building", "confidence": 100.0, "source": "Almaty_5", "source_model": "msft-buildings", "centroid_wkt": "POINT (76.89691452771223 43.183691711751116)", "bbox": [76.89684030330785, 43.183607612967954, 76.8969810524251, 43.1838017511494], "pixel_bbox": [2353, 1156, 2563, 1446], "area_m2": 180.034}}, {"type": "Feature", "geometry": {"type": "Polygon", "coordinates": [[[76.89917519729238, 43.18102823562446], [76.89895802416466, 43.181031383349634], [76.89896052892294, 43.181123272113574], [76.89917770205066, 43.18112012439314], [76.89917519729238, 43.18102823562446]]]}, "properties": {"id": 404, "class": "building", "confidence": 100.0, "source": "Almaty_5", "source_model": "msft-buildings", "centroid_wkt": "POINT (76.8990678631086 43.18107575387018)", "bbox": [76.89895802416466, 43.18102823562446, 76.89917770205066, 43.181123272113574], "pixel_bbox": [5511, 5151, 5839, 5292], "area_m2": 180.317}}, {"type": "Feature", "geometry": {"type": "Polygon", "coordinates": [[[76.8999816812436, 43.182457124296185], [76.8999834864832, 43.182410221822494], [76.89979855972294, 43.18240643733819], [76.89979675448338, 43.182453339814785], [76.8999816812436, 43.182457124296185]]]}, "properties": {"id": 405, "class": "building", "confidence": 100.0, "source": "Almaty_5", "source_model": "msft-buildings", "centroid_wkt": "POINT (76.89989012048231 43.18243178081789)", "bbox": [76.89979675448338, 43.18240643733819, 76.8999834864832, 43.182457124296185], "pixel_bbox": [6762, 3161, 7040, 3237], "area_m2": 78.401}}, {"type": "Feature", "geometry": {"type": "Polygon", "coordinates": [[[76.90024635721078, 43.183828585646665], [76.90025018990595, 43.18374759161789], [76.90014450383913, 43.183744927228204], [76.90014066312358, 43.183825926452236], [76.90024635721078, 43.183828585646665]]]}, "properties": {"id": 406, "class": "building", "confidence": 100.0, "source": "Almaty_5", "source_model": "msft-buildings", "centroid_wkt": "POINT (76.90019542791019 43.18378675821739)", "bbox": [76.90014066312358, 43.183744927228204, 76.90025018990595, 43.183828585646665], "pixel_bbox": [7275, 1116, 7438, 1241], "area_m2": 77.41}}, {"type": "Feature", "geometry": {"type": "Polygon", "coordinates": [[[76.90111001373799, 43.183841968022506], [76.9010471430122, 43.183840880343986], [76.90104631617537, 43.18386629096599], [76.90096053377658, 43.183864806910655], [76.90095589076977, 43.18400749713344], [76.90110456002049, 43.184010069139816], [76.90111001373799, 43.183841968022506]]]}, "properties": {"id": 407, "class": "building", "confidence": 100.0, "source": "Almaty_5", "source_model": "msft-buildings", "centroid_wkt": "POINT (76.90103573877902 43.183931604129896)", "bbox": [76.90095589076977, 43.183840880343986, 76.90111001373799, 43.184010069139816], "pixel_bbox": [8491, 845, 8720, 1098], "area_m2": 206.135}}, {"type": "Feature", "geometry": {"type": "Polygon", "coordinates": [[[76.8963930765878, 43.18426514080914], [76.89638981424481, 43.18417328207173], [76.89628259778306, 43.18417530655041], [76.89628586012606, 43.18426716528476], [76.8963930765878, 43.18426514080914]]]}, "properties": {"id": 408, "class": "building", "confidence": 100.0, "source": "Almaty_5", "source_model": "msft-buildings", "centroid_wkt": "POINT (76.89633783718573 43.18422022367899)", "bbox": [76.89628259778306, 43.18417328207173, 76.8963930765878, 43.18426716528476], "pixel_bbox": [1521, 462, 1686, 602], "area_m2": 89.012}}, {"type": "Feature", "geometry": {"type": "Polygon", "coordinates": [[[76.8984882678568, 43.18351521388386], [76.89859403671004, 43.18351630962643], [76.8985974488578, 43.18334032502779], [76.89849169689298, 43.18333922945704], [76.8984882678568, 43.18351521388386]]]}, "properties": {"id": 409, "class": "building", "confidence": 100.0, "source": "Almaty_5", "source_model": "msft-buildings", "centroid_wkt": "POINT (76.89854286253374 43.18342777184063)", "bbox": [76.8984882678568, 43.18333922945704, 76.8985974488578, 43.18351630962643], "pixel_bbox": [4811, 1582, 4973, 1846], "area_m2": 168.137}}, {"type": "Feature", "geometry": {"type": "Polygon", "coordinates": [[[76.90096380093601, 43.18299787821976], [76.90096689037051, 43.1829147076674], [76.90094008789276, 43.18291417968284], [76.90093699850901, 43.18299734886909], [76.90096380093601, 43.18299787821976]]]}, "properties": {"id": 410, "class": "building", "confidence": 100.0, "source": "Almaty_5", "source_model": "msft-buildings", "centroid_wkt": "POINT (76.90095194446377 43.1829560286105)", "bbox": [76.90093699850901, 43.18291417968284, 76.90096689037051, 43.18299787821976], "pixel_bbox": [8462, 2355, 8507, 2480], "area_m2": 20.148}}, {"type": "Feature", "geometry": {"type": "Polygon", "coordinates": [[[76.90162500476782, 43.181683679440134], [76.90162183798274, 43.18188006937505], [76.90164651721716, 43.18188027971147], [76.90164651721716, 43.18168386388513], [76.90162500476782, 43.181683679440134]]]}, "properties": {"id": 411, "class": "building", "confidence": 100.0, "source": "Almaty_5", "source_model": "msft-buildings", "centroid_wkt": "POINT (76.90163495119255 43.18178421724365)", "bbox": [76.90162183798274, 43.181683679440134, 76.90164651721716, 43.18188027971147], "pixel_bbox": [9484, 4022, 9521, 4315], "area_m2": 40.973}}, {"type": "Feature", "geometry": {"type": "Polygon", "coordinates": [[[76.89994536415367, 43.18212764426678], [76.89997860129255, 43.182127693457836], [76.89997846216255, 43.18217946247693], [76.89999886401701, 43.18217949163051], [76.89999870324948, 43.182237248966885], [76.90010330897013, 43.182237403783375], [76.9001036820682, 43.1821033644936], [76.90006613129135, 43.18210331083473], [76.9000662891671, 43.18204659226426], [76.89994559024149, 43.18204641978909], [76.89994536415367, 43.18212764426678]]]}, "properties": {"id": 412, "class": "building", "confidence": 100.0, "source": "Almaty_5", "source_model": "msft-buildings", "centroid_wkt": "POINT (76.90003053115926 43.18213832608211)", "bbox": [76.89994536415367, 43.18204641978909, 76.9001036820682, 43.182237403783375], "pixel_bbox": [6984, 3489, 7220, 3774], "area_m2": 209.887}}, {"type": "Feature", "geometry": {"type": "Polygon", "coordinates": [[[76.90016166762148, 43.181754357415294], [76.90015636097448, 43.1818176158808], [76.9002338550689, 43.18182107246233], [76.90023916138537, 43.181757817940536], [76.90016166762148, 43.181754357415294]]]}, "properties": {"id": 413, "class": "building", "confidence": 100.0, "source": "Almaty_5", "source_model": "msft-buildings", "centroid_wkt": "POINT (76.90019776085995 43.181787715906744)", "bbox": [76.90015636097448, 43.181754357415294, 76.90023916138537, 43.18182107246233], "pixel_bbox": [7298, 4110, 7422, 4209], "area_m2": 44.441}}, {"type": "Feature", "geometry": {"type": "Polygon", "coordinates": [[[76.89864964394778, 43.18375420518888], [76.89880396091493, 43.183756111009586], [76.89880598194404, 43.18366910417349], [76.89865165644574, 43.183667206120454], [76.89864964394778, 43.18375420518888]]]}, "properties": {"id": 414, "class": "building", "confidence": 100.0, "source": "Almaty_5", "source_model": "msft-buildings", "centroid_wkt": "POINT (76.89872781198558 43.18371165624521)", "bbox": [76.89864964394778, 43.183667206120454, 76.89880598194404, 43.183756111009586], "pixel_bbox": [5051, 1224, 5284, 1357], "area_m2": 121.3}}, {"type": "Feature", "geometry": {"type": "Polygon", "coordinates": [[[76.896071569656, 43.18144919176543], [76.89601429218956, 43.181448165734835], [76.89601290930611, 43.18148921360227], [76.89607019071, 43.18149023970272], [76.896071569656, 43.18144919176543]]]}, "properties": {"id": 415, "class": "building", "confidence": 100.0, "source": "Almaty_5", "source_model": "msft-buildings", "centroid_wkt": "POINT (76.89604224045743 43.18146920293645)", "bbox": [76.89601290930611, 43.181448165734835, 76.896071569656, 43.18149023970272], "pixel_bbox": [1119, 4603, 1207, 4666], "area_m2": 21.249}}, {"type": "Feature", "geometry": {"type": "Polygon", "coordinates": [[[76.89639539280242, 43.18263305978272], [76.89647741184483, 43.182634206684504], [76.89647710333904, 43.182645937185264], [76.8965548588055, 43.1826470244677], [76.89655794386331, 43.18252971936084], [76.89639815922476, 43.18252748503088], [76.89639539280242, 43.18263305978272]]]}, "properties": {"id": 416, "class": "building", "confidence": 100.0, "source": "Almaty_5", "source_model": "msft-buildings", "centroid_wkt": "POINT (76.89647869050432 43.182584427157934)", "bbox": [76.89639539280242, 43.18252748503088, 76.89655794386331, 43.1826470244677], "pixel_bbox": [1689, 2878, 1932, 3056], "area_m2": 160.656}}, {"type": "Feature", "geometry": {"type": "Polygon", "coordinates": [[[76.89760480970745, 43.1811806378981], [76.89759872022677, 43.181291944057236], [76.89773529552684, 43.181295917047684], [76.89774138500752, 43.18118461089579], [76.89760480970745, 43.1811806378981]]]}, "properties": {"id": 417, "class": "building", "confidence": 100.0, "source": "Almaty_5", "source_model": "msft-buildings", "centroid_wkt": "POINT (76.8976700526164 43.18123827747466)", "bbox": [76.89759872022677, 43.1811806378981, 76.89774138500752, 43.181295917047684], "pixel_bbox": [3484, 4893, 3697, 5065], "area_m2": 137.523}}, {"type": "Feature", "geometry": {"type": "Polygon", "coordinates": [[[76.89882784725992, 43.18094026120606], [76.89900301308448, 43.180944051633944], [76.89900603504196, 43.18086979442346], [76.89891586989334, 43.18086784332991], [76.89883078741332, 43.18086784332991], [76.89882784725992, 43.18094026120606]]]}, "properties": {"id": 418, "class": "building", "confidence": 100.0, "source": "Almaty_5", "source_model": "msft-buildings", "centroid_wkt": "POINT (76.89891728869853 43.18090525608807)", "bbox": [76.89882784725992, 43.18086784332991, 76.89900603504196, 43.180944051633944], "pixel_bbox": [5317, 5418, 5583, 5532], "area_m2": 116.885}}, {"type": "Feature", "geometry": {"type": "Polygon", "coordinates": [[[76.89898336840076, 43.18280910662166], [76.89897878913048, 43.18288915496327], [76.89915550743535, 43.18289453006801], [76.89916008670563, 43.18281448173346], [76.89898336840076, 43.18280910662166]]]}, "properties": {"id": 419, "class": "building", "confidence": 100.0, "source": "Almaty_5", "source_model": "msft-buildings", "centroid_wkt": "POINT (76.89906943791676 43.18285181834654)", "bbox": [76.89897878913048, 43.18280910662166, 76.89916008670563, 43.18289453006801], "pixel_bbox": [5542, 2509, 5812, 2636], "area_m2": 127.989}}, {"type": "Feature", "geometry": {"type": "Polygon", "coordinates": [[[76.89676287226365, 43.184295694505025], [76.89676247523008, 43.18420377512532], [76.8966042264679, 43.18420413854014], [76.89660448834111, 43.18426476623129], [76.89649577476685, 43.18426501588941], [76.89649609047322, 43.18433651777617], [76.89659801335932, 43.1843362785116], [76.89659783583984, 43.18429607350699], [76.89676287226365, 43.184295694505025]]]}, "properties": {"id": 420, "class": "building", "confidence": 100.0, "source": "Almaty_5", "source_model": "msft-buildings", "centroid_wkt": "POINT (76.89663758311411 43.184266980175174)", "bbox": [76.89649577476685, 43.18420377512532, 76.89676287226365, 43.18433651777617], "pixel_bbox": [1839, 359, 2237, 557], "area_m2": 199.117}}, {"type": "Feature", "geometry": {"type": "Polygon", "coordinates": [[[76.89603234696432, 43.18225006356282], [76.89597563541113, 43.182254584372814], [76.89596752718725, 43.18220046788844], [76.89589066119471, 43.182206595331735], [76.89589876941865, 43.18226071181068], [76.89583355710745, 43.18226591026495], [76.89584613942465, 43.18234983418721], [76.89604493078458, 43.18233399753221], [76.89603234696432, 43.18225006356282]]]}, "properties": {"id": 421, "class": "building", "confidence": 100.0, "source": "Almaty_5", "source_model": "msft-buildings", "centroid_wkt": "POINT (76.89593802876415 43.18228610922195)", "bbox": [76.89583355710745, 43.18220046788844, 76.89604493078458, 43.18234983418721], "pixel_bbox": [852, 3321, 1167, 3544], "area_m2": 190.514}}, {"type": "Feature", "geometry": {"type": "Polygon", "coordinates": [[[76.89968157525298, 43.18364778990209], [76.89952878959318, 43.18365064366196], [76.89953002551182, 43.18368582442846], [76.89968281117167, 43.183682970670226], [76.89968157525298, 43.18364778990209]]]}, "properties": {"id": 422, "class": "building", "confidence": 100.0, "source": "Almaty_5", "source_model": "msft-buildings", "centroid_wkt": "POINT (76.89960580038299 43.183666807165665)", "bbox": [76.89952878959318, 43.18364778990209, 76.89968281117167, 43.18368582442846], "pixel_bbox": [6362, 1329, 6592, 1386], "area_m2": 48.579}}, {"type": "Feature", "geometry": {"type": "Polygon", "coordinates": [[[76.90054861023008, 43.18206910571993], [76.90054964608332, 43.182108207531655], [76.90061399508832, 43.18210730114056], [76.90061295923508, 43.18206819932826], [76.90054861023008, 43.18206910571993]]]}, "properties": {"id": 423, "class": "building", "confidence": 100.0, "source": "Almaty_5", "source_model": "msft-buildings", "centroid_wkt": "POINT (76.90058130265928 43.18208820343011)", "bbox": [76.90054861023008, 43.18206819932826, 76.90061399508832, 43.182108207531655], "pixel_bbox": [7883, 3682, 7981, 3741], "area_m2": 22.735}}, {"type": "Feature", "geometry": {"type": "Polygon", "coordinates": [[[76.89551367282219, 43.184139269223635], [76.89552808348365, 43.184178684624506], [76.895595697854, 43.18416554145805], [76.8955812883704, 43.184126129270346], [76.89551367282219, 43.184139269223635]]]}, "properties": {"id": 424, "class": "building", "confidence": 100.0, "source": "Almaty_5", "source_model": "msft-buildings", "centroid_wkt": "POINT (76.89555468517307 43.18415240623329)", "bbox": [76.89551367282219, 43.184126129270346, 76.895595697854, 43.184178684624506], "pixel_bbox": [375, 594, 497, 672], "area_m2": 25.78}}, {"type": "Feature", "geometry": {"type": "Polygon", "coordinates": [[[76.89773926513728, 43.18322723558898], [76.89757309421617, 43.18322390282669], [76.8975685512911, 43.183344029260226], [76.89765548355876, 43.183345777226876], [76.8976541912501, 43.18338003604385], [76.89773342645006, 43.18338162519923], [76.89773926513728, 43.18322723558898]]]}, "properties": {"id": 425, "class": "building", "confidence": 100.0, "source": "Almaty_5", "source_model": "msft-buildings", "centroid_wkt": "POINT (76.89765876246129 43.1832949792594)", "bbox": [76.8975685512911, 43.18322390282669, 76.89773926513728, 43.18338162519923], "pixel_bbox": [3439, 1783, 3694, 2018], "area_m2": 204.969}}, {"type": "Feature", "geometry": {"type": "Polygon", "coordinates": [[[76.90085803921934, 43.180916022107105], [76.90085567474888, 43.180872187834524], [76.90076194219277, 43.180874871490325], [76.90076594505724, 43.18094907948118], [76.90083289688306, 43.18094716258652], [76.90083125856262, 43.18091679023002], [76.90085803921934, 43.180916022107105]]]}, "properties": {"id": 426, "class": "building", "confidence": 100.0, "source": "Almaty_5", "source_model": "msft-buildings", "centroid_wkt": "POINT (76.90080622017473 43.1809078580945)", "bbox": [76.90076194219277, 43.180872187834524, 76.90085803921934, 43.18094907948118], "pixel_bbox": [8201, 5410, 8345, 5525], "area_m2": 55.565}}, {"type": "Feature", "geometry": {"type": "Polygon", "coordinates": [[[76.89601103452178, 43.18420832832631], [76.89596157810102, 43.184209721520084], [76.89596670750292, 43.184306531459896], [76.8960161730684, 43.18430513548635], [76.89601103452178, 43.18420832832631]]]}, "properties": {"id": 427, "class": "building", "confidence": 100.0, "source": "Almaty_5", "source_model": "msft-buildings", "centroid_wkt": "POINT (76.89598887327156 43.184257430714524)", "bbox": [76.89596157810102, 43.18420832832631, 76.8960161730684, 43.184306531459896], "pixel_bbox": [1043, 403, 1124, 550], "area_m2": 43.311}}, {"type": "Feature", "geometry": {"type": "Polygon", "coordinates": [[[76.8963762037767, 43.18174415503993], [76.89642983812006, 43.18174362401857], [76.89642813558255, 43.18165171674093], [76.89637450123914, 43.1816522477631], [76.8963762037767, 43.18174415503993]]]}, "properties": {"id": 428, "class": "building", "confidence": 100.0, "source": "Almaty_5", "source_model": "msft-buildings", "centroid_wkt": "POINT (76.89640216967963 43.18169793589062)", "bbox": [76.89637450123914, 43.18165171674093, 76.89642983812006, 43.18174415503993], "pixel_bbox": [1658, 4225, 1741, 4363], "area_m2": 44.531}}, {"type": "Feature", "geometry": {"type": "Polygon", "coordinates": [[[76.90158570866792, 43.1842374086788], [76.901604465608, 43.18423783847037], [76.90160741278962, 43.18416945466878], [76.90144663901745, 43.184165770736804], [76.9014421761425, 43.18426932332706], [76.90158419297455, 43.18427257746147], [76.90158570866792, 43.1842374086788]]]}, "properties": {"id": 429, "class": "building", "confidence": 100.0, "source": "Almaty_5", "source_model": "msft-buildings", "centroid_wkt": "POINT (76.90152192564335 43.18421791120087)", "bbox": [76.9014421761425, 43.184165770736804, 76.90160741278962, 43.18427257746147], "pixel_bbox": [9216, 454, 9462, 613], "area_m2": 144.551}}, {"type": "Feature", "geometry": {"type": "Polygon", "coordinates": [[[76.89660944100966, 43.18248066157899], [76.89660516560416, 43.18257443684655], [76.89670003216068, 43.18257673168894], [76.89670429857523, 43.182482956207416], [76.89660944100966, 43.18248066157899]]]}, "properties": {"id": 430, "class": "building", "confidence": 100.0, "source": "Almaty_5", "source_model": "msft-buildings", "centroid_wkt": "POINT (76.89665473430341 43.18252869732113)", "bbox": [76.89660516560416, 43.18248066157899, 76.89670429857523, 43.18257673168894], "pixel_bbox": [2002, 2983, 2150, 3126], "area_m2": 80.435}}, {"type": "Feature", "geometry": {"type": "Polygon", "coordinates": [[[76.89704699848667, 43.1834455237273], [76.8972569243713, 43.183452723030015], [76.89726232885181, 43.1833688099304], [76.89705241100383, 43.183361610893385], [76.89704699848667, 43.1834455237273]]]}, "properties": {"id": 431, "class": "building", "confidence": 100.0, "source": "Almaty_5", "source_model": "msft-buildings", "centroid_wkt": "POINT (76.8971546656591 43.18340716716289)", "bbox": [76.89704699848667, 43.183361610893385, 76.89726232885181, 43.183452723030015], "pixel_bbox": [2661, 1677, 2982, 1813], "area_m2": 159.45}}, {"type": "Feature", "geometry": {"type": "Polygon", "coordinates": [[[76.8953154657134, 43.18159011521813], [76.89532118650715, 43.18148154877463], [76.89526218920946, 43.18147989276066], [76.89526218920946, 43.18158862250461], [76.8953154657134, 43.18159011521813]]]}, "properties": {"id": 432, "class": "building", "confidence": 100.0, "source": "Almaty_5", "source_model": "msft-buildings", "centroid_wkt": "POINT (76.89529028182854 43.18153412212399)", "bbox": [76.89526218920946, 43.18147989276066, 76.89532118650715, 43.18159011521813], "pixel_bbox": [0, 4454, 87, 4619], "area_m2": 55.129}}, {"type": "Feature", "geometry": {"type": "Polygon", "coordinates": [[[76.89651326059791, 43.18187827946373], [76.89650642125677, 43.181833855297036], [76.8964349029419, 43.18183970977638], [76.89647041967494, 43.182070404323454], [76.89654988508583, 43.182063903375976], [76.89654334305655, 43.182021410494954], [76.8967171406848, 43.18200719235629], [76.89669501698668, 43.18186340091925], [76.89651326059791, 43.18187827946373]]]}, "properties": {"id": 433, "class": "building", "confidence": 100.0, "source": "Almaty_5", "source_model": "msft-buildings", "centroid_wkt": "POINT (76.89656595326808 43.18194712882083)", "bbox": [76.8964349029419, 43.181833855297036, 76.8967171406848, 43.182070404323454], "pixel_bbox": [1748, 3738, 2169, 4091], "area_m2": 392.999}}, {"type": "Feature", "geometry": {"type": "Polygon", "coordinates": [[[76.89774891126545, 43.18364889851936], [76.89775315437936, 43.18358750125165], [76.89770499673624, 43.1835857342038], [76.89770075379177, 43.18364712902188], [76.89774891126545, 43.18364889851936]]]}, "properties": {"id": 434, "class": "building", "confidence": 100.0, "source": "Almaty_5", "source_model": "msft-buildings", "centroid_wkt": "POINT (76.89772695420334 43.18361731575503)", "bbox": [76.89770075379177, 43.1835857342038, 76.89775315437936, 43.18364889851936], "pixel_bbox": [3636, 1384, 3714, 1478], "area_m2": 26.772}}, {"type": "Feature", "geometry": {"type": "Polygon", "coordinates": [[[76.89984857036852, 43.181612613202304], [76.89973872274184, 43.181609933498336], [76.89973558562048, 43.18167831117158], [76.89984543324715, 43.181680990872536], [76.89984857036852, 43.181612613202304]]]}, "properties": {"id": 435, "class": "building", "confidence": 100.0, "source": "Almaty_5", "source_model": "msft-buildings", "centroid_wkt": "POINT (76.89979207799409 43.181645462186175)", "bbox": [76.89973558562048, 43.181609933498336, 76.89984857036852, 43.181680990872536], "pixel_bbox": [6671, 4319, 6839, 4425], "area_m2": 67.918}}, {"type": "Feature", "geometry": {"type": "Polygon", "coordinates": [[[76.9001325325435, 43.18383236766087], [76.89996919724877, 43.18382744137076], [76.89996111207971, 43.183969968152866], [76.90012444737444, 43.183974894431486], [76.9001325325435, 43.18383236766087]]]}, "properties": {"id": 436, "class": "building", "confidence": 100.0, "source": "Almaty_5", "source_model": "msft-buildings", "centroid_wkt": "POINT (76.9000468223105 43.18390116790391)", "bbox": [76.89996111207971, 43.18382744137076, 76.9001325325435, 43.183974894431486], "pixel_bbox": [7007, 898, 7263, 1118], "area_m2": 210.618}}, {"type": "Feature", "geometry": {"type": "Polygon", "coordinates": [[[76.89548256539939, 43.182564229281965], [76.89548402900812, 43.18251340066748], [76.89538323699378, 43.18251186265753], [76.89538177826161, 43.1825626913477], [76.89548256539939, 43.182564229281965]]]}, "properties": {"id": 437, "class": "building", "confidence": 100.0, "source": "Almaty_5", "source_model": "msft-buildings", "centroid_wkt": "POINT (76.8954329024214 43.18253804578373)", "bbox": [76.89538177826161, 43.18251186265753, 76.89548402900812, 43.182564229281965], "pixel_bbox": [178, 3002, 330, 3080], "area_m2": 46.291}}, {"type": "Feature", "geometry": {"type": "Polygon", "coordinates": [[[76.8962656854811, 43.18454643835307], [76.89612908938084, 43.18454266015287], [76.89612728525611, 43.1845773383975], [76.89626407791596, 43.1845773383975], [76.8962656854811, 43.18454643835307]]]}, "properties": {"id": 438, "class": "building", "confidence": 100.0, "source": "Almaty_5", "source_model": "msft-buildings", "centroid_wkt": "POINT (76.896195221933 43.184560925685595)", "bbox": [76.89612728525611, 43.18454266015287, 76.8962656854811, 43.1845773383975], "pixel_bbox": [1290, 0, 1496, 51], "area_m2": 40.51}}, {"type": "Feature", "geometry": {"type": "Polygon", "coordinates": [[[76.89899260098666, 43.18381267300085], [76.89899054196623, 43.183771656880474], [76.89893964818567, 43.18377301525419], [76.89893753979857, 43.183731015711324], [76.89888784932124, 43.1837323445052], [76.89889428398268, 43.183860279689895], [76.89885946201137, 43.18386120909979], [76.89886201614256, 43.18391199075462], [76.89903490604807, 43.18390737626982], [76.89903010166711, 43.18381167209454], [76.89899260098666, 43.18381267300085]]]}, "properties": {"id": 439, "class": "building", "confidence": 100.0, "source": "Almaty_5", "source_model": "msft-buildings", "centroid_wkt": "POINT (76.89894713591518 43.18383952319747)", "bbox": [76.89885946201137, 43.183731015711324, 76.89903490604807, 43.18391199075462], "pixel_bbox": [5364, 992, 5626, 1262], "area_m2": 191.683}}, {"type": "Feature", "geometry": {"type": "Polygon", "coordinates": [[[76.90075727481589, 43.181024451041104], [76.90084723272881, 43.1810280366491], [76.9008526412466, 43.180955885581724], [76.90076269023815, 43.18095230024466], [76.90075727481589, 43.181024451041104]]]}, "properties": {"id": 440, "class": "building", "confidence": 100.0, "source": "Almaty_5", "source_model": "msft-buildings", "centroid_wkt": "POINT (76.90080495972232 43.1809901688406)", "bbox": [76.90075727481589, 43.18095230024466, 76.9008526412466, 43.1810280366491], "pixel_bbox": [8194, 5293, 8337, 5406], "area_m2": 58.797}}, {"type": "Feature", "geometry": {"type": "Polygon", "coordinates": [[[76.90115193223954, 43.182608824487254], [76.90096688449546, 43.182610382707644], [76.90096902145498, 43.18274531499863], [76.90115406919908, 43.18274375678169], [76.90115193223954, 43.182608824487254]]]}, "properties": {"id": 441, "class": "building", "confidence": 100.0, "source": "Almaty_5", "source_model": "msft-buildings", "centroid_wkt": "POINT (76.90106047684765 43.1826770697438)", "bbox": [76.90096688449546, 43.182608824487254, 76.90115406919908, 43.18274531499863], "pixel_bbox": [8507, 2732, 8786, 2935], "area_m2": 225.55}}, {"type": "Feature", "geometry": {"type": "Polygon", "coordinates": [[[76.89801336923414, 43.18277259705928], [76.89800761641013, 43.182891752957744], [76.89809869863413, 43.182894091045135], [76.89810445145814, 43.18277493515123], [76.89801336923414, 43.18277259705928]]]}, "properties": {"id": 442, "class": "building", "confidence": 100.0, "source": "Almaty_5", "source_model": "msft-buildings", "centroid_wkt": "POINT (76.89805603393384 43.182833344053314)", "bbox": [76.89800761641013, 43.18277259705928, 76.89810445145814, 43.182894091045135], "pixel_bbox": [4094, 2510, 4238, 2691], "area_m2": 98.146}}, {"type": "Feature", "geometry": {"type": "Polygon", "coordinates": [[[76.90026086628345, 43.18287940865342], [76.90018846758122, 43.182878510818924], [76.90018600497137, 43.182984093108], [76.9002584036736, 43.18298499094093], [76.90026086628345, 43.18287940865342]]]}, "properties": {"id": 443, "class": "building", "confidence": 100.0, "source": "Almaty_5", "source_model": "msft-buildings", "centroid_wkt": "POINT (76.90022343562732 43.182931750880314)", "bbox": [76.90018600497137, 43.182878510818924, 76.90026086628345, 43.18298499094093], "pixel_bbox": [7342, 2374, 7454, 2533], "area_m2": 69.061}}, {"type": "Feature", "geometry": {"type": "Polygon", "coordinates": [[[76.90141968020363, 43.18239739992761], [76.90142376394385, 43.182311447380734], [76.90127641929674, 43.182307725153876], [76.9012723355565, 43.18239367770598], [76.90141968020363, 43.18239739992761]]]}, "properties": {"id": 444, "class": "building", "confidence": 100.0, "source": "Almaty_5", "source_model": "msft-buildings", "centroid_wkt": "POINT (76.90134804974944 43.182352562542015)", "bbox": [76.9012723355565, 43.182307725153876, 76.90142376394385, 43.18239739992761], "pixel_bbox": [8962, 3250, 9188, 3384], "area_m2": 114.525}}, {"type": "Feature", "geometry": {"type": "Polygon", "coordinates": [[[76.89559152398076, 43.18273260330224], [76.89559848280847, 43.18286736189898], [76.89555027152826, 43.18286868806147], [76.89555218772718, 43.1829057954481], [76.89566200230989, 43.18290277474648], [76.89565992655884, 43.18286257761415], [76.89565312728325, 43.18273090875752], [76.89559152398076, 43.18273260330224]]]}, "properties": {"id": 445, "class": "building", "confidence": 100.0, "source": "Almaty_5", "source_model": "msft-buildings", "centroid_wkt": "POINT (76.89561932936722 43.18282764685821)", "bbox": [76.89555027152826, 43.18273090875752, 76.89566200230989, 43.1829057954481], "pixel_bbox": [429, 2492, 596, 2753], "area_m2": 111.943}}, {"type": "Feature", "geometry": {"type": "Polygon", "coordinates": [[[76.89695952491373, 43.18399234237263], [76.89695744113794, 43.184044031083545], [76.89710483496995, 43.184047197823006], [76.89710691904871, 43.18399550159933], [76.89695952491373, 43.18399234237263]]]}, "properties": {"id": 446, "class": "building", "confidence": 100.0, "source": "Almaty_5", "source_model": "msft-buildings", "centroid_wkt": "POINT (76.89703218180273 43.18401976825793)", "bbox": [76.89695744113794, 43.18399234237263, 76.89710691904871, 43.184047197823006], "pixel_bbox": [2528, 790, 2751, 872], "area_m2": 68.874}}, {"type": "Feature", "geometry": {"type": "Polygon", "coordinates": [[[76.89830345704532, 43.181114824411736], [76.89830575374438, 43.181036626059154], [76.8981600136239, 43.181034357493765], [76.89815781123642, 43.181109590576355], [76.89813368238626, 43.18110921375988], [76.89813116427342, 43.181195231839936], [76.89820623180717, 43.181196404156154], [76.89820866318667, 43.18111334886889], [76.89830345704532, 43.181114824411736]]]}, "properties": {"id": 447, "class": "building", "confidence": 100.0, "source": "Almaty_5", "source_model": "msft-buildings", "centroid_wkt": "POINT (76.89820961602047 43.18110280697649)", "bbox": [76.89813116427342, 43.181034357493765, 76.89830575374438, 43.181196404156154], "pixel_bbox": [4278, 5042, 4538, 5283], "area_m2": 159.967}}, {"type": "Feature", "geometry": {"type": "Polygon", "coordinates": [[[76.8988856270791, 43.18269818646731], [76.89898447790566, 43.18269365626944], [76.89897951819458, 43.18263617844534], [76.89888066780162, 43.182640713672356], [76.8988856270791, 43.18269818646731]]]}, "properties": {"id": 448, "class": "building", "confidence": 100.0, "source": "Almaty_5", "source_model": "msft-buildings", "centroid_wkt": "POINT (76.89893257346603 43.18266718368055)", "bbox": [76.89888066780162, 43.18263617844534, 76.89898447790566, 43.18269818646731], "pixel_bbox": [5396, 2802, 5551, 2894], "area_m2": 51.518}}, {"type": "Feature", "geometry": {"type": "Polygon", "coordinates": [[[76.90071873827237, 43.183500228381305], [76.90072426444178, 43.183601768686344], [76.90088226595412, 43.18359719676864], [76.90087673978472, 43.183495656456], [76.90071873827237, 43.183500228381305]]]}, "properties": {"id": 449, "class": "building", "confidence": 100.0, "source": "Almaty_5", "source_model": "msft-buildings", "centroid_wkt": "POINT (76.90080050211425 43.183548712573035)", "bbox": [76.90071873827237, 43.183495656456, 76.90088226595412, 43.183601768686344], "pixel_bbox": [8137, 1454, 8381, 1613], "area_m2": 145.132}}, {"type": "Feature", "geometry": {"type": "Polygon", "coordinates": [[[76.89637532422826, 43.18322219412983], [76.89611012673961, 43.18322913707175], [76.89611621546761, 43.18335303264601], [76.89638141362057, 43.183346103234776], [76.89637532422826, 43.18322219412983]]]}, "properties": {"id": 450, "class": "building", "confidence": 100.0, "source": "Almaty_5", "source_model": "msft-buildings", "centroid_wkt": "POINT (76.89624577242742 43.18328761670745)", "bbox": [76.89611012673961, 43.18322219412983, 76.89638141362057, 43.18335303264601], "pixel_bbox": [1264, 1825, 1669, 2020], "area_m2": 297.158}}, {"type": "Feature", "geometry": {"type": "Polygon", "coordinates": [[[76.8984017427462, 43.18420110513795], [76.89839839711692, 43.18432426909889], [76.89853781728968, 43.18432628264226], [76.89854116291897, 43.18420311868539], [76.8984017427462, 43.18420110513795]]]}, "properties": {"id": 451, "class": "building", "confidence": 100.0, "source": "Almaty_5", "source_model": "msft-buildings", "centroid_wkt": "POINT (76.89846978001756 43.184263693891104)", "bbox": [76.89839839711692, 43.18420110513795, 76.89854116291897, 43.18432628264226], "pixel_bbox": [4677, 374, 4889, 561], "area_m2": 155.151}}, {"type": "Feature", "geometry": {"type": "Polygon", "coordinates": [[[76.8988004552622, 43.18425668478191], [76.898795019104, 43.184353331349975], [76.89884998831963, 43.18435497801921], [76.89885543389674, 43.18425832893019], [76.8988004552622, 43.18425668478191]]]}, "properties": {"id": 452, "class": "building", "confidence": 100.0, "source": "Almaty_5", "source_model": "msft-buildings", "centroid_wkt": "POINT (76.89882522435465 43.18430582941745)", "bbox": [76.898795019104, 43.18425668478191, 76.89885543389674, 43.18435497801921], "pixel_bbox": [5268, 331, 5358, 478], "area_m2": 48.068}}, {"type": "Feature", "geometry": {"type": "Polygon", "coordinates": [[[76.89550213034994, 43.1836543674381], [76.89536537757184, 43.18365266457515], [76.89536299641661, 43.18375433488058], [76.8954997491947, 43.18375603774072], [76.89550213034994, 43.1836543674381]]]}, "properties": {"id": 453, "class": "building", "confidence": 100.0, "source": "Almaty_5", "source_model": "msft-buildings", "centroid_wkt": "POINT (76.89543256338295 43.183704351158624)", "bbox": [76.89536299641661, 43.18365266457515, 76.89550213034994, 43.18375603774072], "pixel_bbox": [150, 1224, 357, 1378], "area_m2": 125.613}}, {"type": "Feature", "geometry": {"type": "Polygon", "coordinates": [[[76.89708110029785, 43.18226262109611], [76.8972280047526, 43.18226956349461], [76.89723839110546, 43.18215270536098], [76.89709148665067, 43.18214576294919], [76.89708110029785, 43.18226262109611]]]}, "properties": {"id": 454, "class": "building", "confidence": 100.0, "source": "Almaty_5", "source_model": "msft-buildings", "centroid_wkt": "POINT (76.89715974570028 43.18220766322508)", "bbox": [76.89708110029785, 43.18214576294919, 76.89723839110546, 43.18226956349461], "pixel_bbox": [2712, 3441, 2947, 3626], "area_m2": 155.705}}, {"type": "Feature", "geometry": {"type": "Polygon", "coordinates": [[[76.89871508354803, 43.182015743819186], [76.89879819987934, 43.18201455186912], [76.89879732982199, 43.18198229294115], [76.8987142133763, 43.18198348065166], [76.89871508354803, 43.182015743819186]]]}, "properties": {"id": 455, "class": "building", "confidence": 100.0, "source": "Almaty_5", "source_model": "msft-buildings", "centroid_wkt": "POINT (76.89875620574618 43.181999017333304)", "bbox": [76.8987142133763, 43.18198229294115, 76.89879819987934, 43.182015743819186], "pixel_bbox": [5148, 3820, 5273, 3870], "area_m2": 24.228}}, {"type": "Feature", "geometry": {"type": "Polygon", "coordinates": [[[76.90112044327175, 43.18300195750848], [76.90112266423984, 43.18291397666616], [76.90097251140972, 43.18291196132648], [76.90097029044166, 43.18299994217171], [76.90112044327175, 43.18300195750848]]]}, "properties": {"id": 456, "class": "building", "confidence": 100.0, "source": "Almaty_5", "source_model": "msft-buildings", "centroid_wkt": "POINT (76.90104647734032 43.18295695941819)", "bbox": [76.90097029044166, 43.18291196132648, 76.90112266423984, 43.18300195750848], "pixel_bbox": [8512, 2349, 8739, 2483], "area_m2": 119.358}}, {"type": "Feature", "geometry": {"type": "Polygon", "coordinates": [[[76.89748305827379, 43.18277556449175], [76.89748305827379, 43.18281713873148], [76.89745757728815, 43.18281713873148], [76.89745757728815, 43.18277556449175], [76.89748305827379, 43.18277556449175]]]}, "properties": {"id": 457, "class": "small vehicle", "confidence": 90.5, "source": "Almaty_5", "source_model": "yolo26-obb", "centroid_wkt": "POINT (76.89747031778097 43.182796351611614)", "bbox": [76.89745757728815, 43.18277556449175, 76.89748305827379, 43.18281713873148], "pixel_bbox": [3274, 2625, 3312, 2687], "area_m2": 9.568}}, {"type": "Feature", "geometry": {"type": "Polygon", "coordinates": [[[76.89746227115393, 43.18243693560362], [76.89746227115393, 43.182486556470394], [76.89743209630251, 43.182486556470394], [76.89743209630251, 43.18243693560362], [76.89746227115393, 43.18243693560362]]]}, "properties": {"id": 458, "class": "small vehicle", "confidence": 88.0, "source": "Almaty_5", "source_model": "yolo26-obb", "centroid_wkt": "POINT (76.89744718372822 43.18246174603701)", "bbox": [76.89743209630251, 43.18243693560362, 76.89746227115393, 43.182486556470394], "pixel_bbox": [3236, 3118, 3281, 3192], "area_m2": 13.524}}, {"type": "Feature", "geometry": {"type": "Polygon", "coordinates": [[[76.8973482772708, 43.18421456962824], [76.8973482772708, 43.184261508286], [76.89732145518064, 43.184261508286], [76.89732145518064, 43.18421456962824], [76.8973482772708, 43.18421456962824]]]}, "properties": {"id": 459, "class": "small vehicle", "confidence": 86.0, "source": "Almaty_5", "source_model": "yolo26-obb", "centroid_wkt": "POINT (76.89733486622573 43.18423803895712)", "bbox": [76.89732145518064, 43.18421456962824, 76.8973482772708, 43.184261508286], "pixel_bbox": [3071, 471, 3111, 541], "area_m2": 11.371}}, {"type": "Feature", "geometry": {"type": "Polygon", "coordinates": [[[76.90112214535475, 43.182801716029644], [76.90112214535475, 43.18282853811979], [76.9010591134429, 43.18282853811979], [76.9010591134429, 43.182801716029644], [76.90112214535475, 43.182801716029644]]]}, "properties": {"id": 460, "class": "small vehicle", "confidence": 84.8, "source": "Almaty_5", "source_model": "yolo26-obb", "centroid_wkt": "POINT (76.90109062939882 43.18281512707472)", "bbox": [76.9010591134429, 43.182801716029644, 76.90112214535475, 43.18282853811979], "pixel_bbox": [8645, 2608, 8739, 2648], "area_m2": 15.27}}, {"type": "Feature", "geometry": {"type": "Polygon", "coordinates": [[[76.89942497760057, 43.18360101431608], [76.89942497760057, 43.18365801125765], [76.89936462789774, 43.18365801125765], [76.89936462789774, 43.18360101431608], [76.89942497760057, 43.18360101431608]]]}, "properties": {"id": 461, "class": "small vehicle", "confidence": 83.4, "source": "Almaty_5", "source_model": "yolo26-obb", "centroid_wkt": "POINT (76.89939480274916 43.183629512786865)", "bbox": [76.89936462789774, 43.18360101431608, 76.89942497760057, 43.18365801125765], "pixel_bbox": [6118, 1371, 6208, 1456], "area_m2": 31.067}}, {"type": "Feature", "geometry": {"type": "Polygon", "coordinates": [[[76.89959462732077, 43.18174693733454], [76.89959462732077, 43.181803934276104], [76.89954701811075, 43.181803934276104], [76.89954701811075, 43.18174693733454], [76.89959462732077, 43.18174693733454]]]}, "properties": {"id": 462, "class": "small vehicle", "confidence": 82.5, "source": "Almaty_5", "source_model": "yolo26-obb", "centroid_wkt": "POINT (76.89957082271576 43.18177543580533)", "bbox": [76.89954701811075, 43.18174693733454, 76.89959462732077, 43.181803934276104], "pixel_bbox": [6390, 4136, 6461, 4221], "area_m2": 24.509}}, {"type": "Feature", "geometry": {"type": "Polygon", "coordinates": [[[76.8973932042718, 43.18215865641832], [76.8973932042718, 43.18220894783735], [76.89736101776361, 43.18220894783735], [76.89736101776361, 43.18215865641832], [76.8973932042718, 43.18215865641832]]]}, "properties": {"id": 463, "class": "small vehicle", "confidence": 81.6, "source": "Almaty_5", "source_model": "yolo26-obb", "centroid_wkt": "POINT (76.8973771110177 43.18218380212784)", "bbox": [76.89736101776361, 43.18215865641832, 76.8973932042718, 43.18220894783735], "pixel_bbox": [3130, 3532, 3178, 3607], "area_m2": 14.62}}, {"type": "Feature", "geometry": {"type": "Polygon", "coordinates": [[[76.89985413104296, 43.184442557394505], [76.89985413104296, 43.18448077887297], [76.89977701753378, 43.18448077887297], [76.89977701753378, 43.184442557394505], [76.89985413104296, 43.184442557394505]]]}, "properties": {"id": 464, "class": "large vehicle", "confidence": 79.4, "source": "Almaty_5", "source_model": "yolo26-obb", "centroid_wkt": "POINT (76.89981557428837 43.184461668133736)", "bbox": [76.89977701753378, 43.184442557394505, 76.89985413104296, 43.18448077887297], "pixel_bbox": [6733, 144, 6848, 201], "area_m2": 26.62}}, {"type": "Feature", "geometry": {"type": "Polygon", "coordinates": [[[76.89760778099298, 43.18354468792677], [76.89760778099298, 43.183567486703396], [76.89754877239466, 43.183567486703396], [76.89754877239466, 43.18354468792677], [76.89760778099298, 43.18354468792677]]]}, "properties": {"id": 465, "class": "small vehicle", "confidence": 75.5, "source": "Almaty_5", "source_model": "yolo26-obb", "centroid_wkt": "POINT (76.8975782766938 43.18355608731508)", "bbox": [76.89754877239466, 43.18354468792677, 76.89760778099298, 43.183567486703396], "pixel_bbox": [3410, 1506, 3498, 1540], "area_m2": 12.151}}, {"type": "Feature", "geometry": {"type": "Polygon", "coordinates": [[[76.89958658069372, 43.18109381943941], [76.89958658069372, 43.18114344030619], [76.89955707639456, 43.18114344030619], [76.89955707639456, 43.18109381943941], [76.89958658069372, 43.18109381943941]]]}, "properties": {"id": 466, "class": "small vehicle", "confidence": 74.7, "source": "Almaty_5", "source_model": "yolo26-obb", "centroid_wkt": "POINT (76.89957182854414 43.1811186298728)", "bbox": [76.89955707639456, 43.18109381943941, 76.89958658069372, 43.18114344030619], "pixel_bbox": [6405, 5121, 6449, 5195], "area_m2": 13.223}}, {"type": "Feature", "geometry": {"type": "Polygon", "coordinates": [[[76.90080028027296, 43.18205740302801], [76.90080028027296, 43.182105012238026], [76.90077010542154, 43.182105012238026], [76.90077010542154, 43.18205740302801], [76.90080028027296, 43.18205740302801]]]}, "properties": {"id": 467, "class": "small vehicle", "confidence": 70.6, "source": "Almaty_5", "source_model": "yolo26-obb", "centroid_wkt": "POINT (76.90078519284725 43.18208120763302)", "bbox": [76.90077010542154, 43.18205740302801, 76.90080028027296, 43.182105012238026], "pixel_bbox": [8214, 3687, 8259, 3758], "area_m2": 12.976}}, {"type": "Feature", "geometry": {"type": "Polygon", "coordinates": [[[76.89983535557985, 43.18185690790415], [76.89983535557985, 43.181892447173595], [76.89976628869772, 43.181892447173595], [76.89976628869772, 43.18185690790415], [76.89983535557985, 43.18185690790415]]]}, "properties": {"id": 468, "class": "small vehicle", "confidence": 65.9, "source": "Almaty_5", "source_model": "yolo26-obb", "centroid_wkt": "POINT (76.89980082213879 43.18187467753888)", "bbox": [76.89976628869772, 43.18185690790415, 76.89983535557985, 43.181892447173595], "pixel_bbox": [6717, 4004, 6820, 4057], "area_m2": 22.17}}, {"type": "Feature", "geometry": {"type": "Polygon", "coordinates": [[[76.89674276858568, 43.184384889900684], [76.89674276858568, 43.18441104143858], [76.89667906612158, 43.18441104143858], [76.89667906612158, 43.184384889900684], [76.89674276858568, 43.184384889900684]]]}, "properties": {"id": 469, "class": "small vehicle", "confidence": 57.8, "source": "Almaty_5", "source_model": "yolo26-obb", "centroid_wkt": "POINT (76.89671091735363 43.184397965669625)", "bbox": [76.89667906612158, 43.184384889900684, 76.89674276858568, 43.18441104143858], "pixel_bbox": [2113, 248, 2208, 287], "area_m2": 15.046}}, {"type": "Feature", "geometry": {"type": "Polygon", "coordinates": [[[76.89569134265184, 43.18092081695795], [76.89569134265184, 43.1809389218688], [76.89564172178507, 43.1809389218688], [76.89564172178507, 43.18092081695795], [76.89569134265184, 43.18092081695795]]]}, "properties": {"id": 470, "class": "large vehicle", "confidence": 54.7, "source": "Almaty_5", "source_model": "yolo26-obb", "centroid_wkt": "POINT (76.89566653221847 43.180929869413376)", "bbox": [76.89564172178507, 43.18092081695795, 76.89569134265184, 43.1809389218688], "pixel_bbox": [566, 5426, 640, 5453], "area_m2": 8.114}}, {"type": "Feature", "geometry": {"type": "Polygon", "coordinates": [[[76.897430755198, 43.1826676055789], [76.897430755198, 43.18272527307272], [76.89739588648081, 43.18272527307272], [76.89739588648081, 43.1826676055789], [76.897430755198, 43.1826676055789]]]}, "properties": {"id": 471, "class": "small vehicle", "confidence": 44.8, "source": "Almaty_5", "source_model": "yolo26-obb", "centroid_wkt": "POINT (76.8974133208394 43.18269643932581)", "bbox": [76.89739588648081, 43.1826676055789, 76.897430755198, 43.18272527307272], "pixel_bbox": [3182, 2762, 3234, 2848], "area_m2": 18.161}}, {"type": "Feature", "geometry": {"type": "Polygon", "coordinates": [[[76.89607959240675, 43.18263676017523], [76.89607959240675, 43.182659558951855], [76.89602259546518, 43.182659558951855], [76.89602259546518, 43.18263676017523], [76.89607959240675, 43.18263676017523]]]}, "properties": {"id": 472, "class": "small vehicle", "confidence": 42.2, "source": "Almaty_5", "source_model": "yolo26-obb", "centroid_wkt": "POINT (76.89605109393597 43.18264815956354)", "bbox": [76.89602259546518, 43.18263676017523, 76.89607959240675, 43.182659558951855], "pixel_bbox": [1134, 2860, 1219, 2894], "area_m2": 11.737}}, {"type": "Feature", "geometry": {"type": "Polygon", "coordinates": [[[76.89972806721926, 43.18281043320894], [76.89972806721926, 43.18284060806036], [76.89967442303896, 43.18284060806036], [76.89967442303896, 43.18281043320894], [76.89972806721926, 43.18281043320894]]]}, "properties": {"id": 473, "class": "small vehicle", "confidence": 39.1, "source": "Almaty_5", "source_model": "yolo26-obb", "centroid_wkt": "POINT (76.89970124512911 43.18282552063465)", "bbox": [76.89967442303896, 43.18281043320894, 76.89972806721926, 43.18284060806036], "pixel_bbox": [6580, 2590, 6660, 2635], "area_m2": 14.62}}, {"type": "Feature", "geometry": {"type": "Polygon", "coordinates": [[[76.8973932042718, 43.18250063806772], [76.8973932042718, 43.18251874297857], [76.89736973494291, 43.18251874297857], [76.89736973494291, 43.18250063806772], [76.8973932042718, 43.18250063806772]]]}, "properties": {"id": 474, "class": "small vehicle", "confidence": 36.0, "source": "Almaty_5", "source_model": "yolo26-obb", "centroid_wkt": "POINT (76.89738146960734 43.18250969052315)", "bbox": [76.89736973494291, 43.18250063806772, 76.8973932042718, 43.18251874297857], "pixel_bbox": [3143, 3070, 3178, 3097], "area_m2": 3.838}}, {"type": "Feature", "geometry": {"type": "Polygon", "coordinates": [[[76.90146412700415, 43.182656206190586], [76.90146412700415, 43.182704485952854], [76.90143663436174, 43.182704485952854], [76.90143663436174, 43.182656206190586], [76.90146412700415, 43.182656206190586]]]}, "properties": {"id": 475, "class": "small vehicle", "confidence": 34.4, "source": "Almaty_5", "source_model": "yolo26-obb", "centroid_wkt": "POINT (76.90145038068293 43.18268034607173)", "bbox": [76.90143663436174, 43.182656206190586, 76.90146412700415, 43.182704485952854], "pixel_bbox": [9208, 2793, 9249, 2865], "area_m2": 11.989}}, {"type": "Feature", "geometry": {"type": "Polygon", "coordinates": [[[76.89711157232523, 43.18268772214651], [76.89711157232523, 43.18271320313215], [76.8970512226224, 43.18271320313215], [76.8970512226224, 43.18268772214651], [76.89711157232523, 43.18268772214651]]]}, "properties": {"id": 476, "class": "small vehicle", "confidence": 33.5, "source": "Almaty_5", "source_model": "yolo26-obb", "centroid_wkt": "POINT (76.89708139747381 43.18270046263934)", "bbox": [76.8970512226224, 43.18268772214651, 76.89711157232523, 43.18271320313215], "pixel_bbox": [2668, 2780, 2758, 2818], "area_m2": 13.889}}, {"type": "Feature", "geometry": {"type": "Polygon", "coordinates": [[[76.89569871872663, 43.18263407796621], [76.89569871872663, 43.1826588883996], [76.89563903957605, 43.1826588883996], [76.89563903957605, 43.18263407796621], [76.89569871872663, 43.18263407796621]]]}, "properties": {"id": 477, "class": "small vehicle", "confidence": 29.2, "source": "Almaty_5", "source_model": "yolo26-obb", "centroid_wkt": "POINT (76.89566887915134 43.1826464831829)", "bbox": [76.89563903957605, 43.18263407796621, 76.89569871872663, 43.1826588883996], "pixel_bbox": [562, 2861, 651, 2898], "area_m2": 13.373}}, {"type": "Feature", "geometry": {"type": "Polygon", "coordinates": [[[76.898149587214, 43.18443048745394], [76.898149587214, 43.18445596843958], [76.89809057861567, 43.18445596843958], [76.89809057861567, 43.18443048745394], [76.898149587214, 43.18443048745394]]]}, "properties": {"id": 478, "class": "small vehicle", "confidence": 27.2, "source": "Almaty_5", "source_model": "yolo26-obb", "centroid_wkt": "POINT (76.89812008291484 43.18444322794676)", "bbox": [76.89809057861567, 43.18443048745394, 76.898149587214, 43.18445596843958], "pixel_bbox": [4218, 181, 4306, 219], "area_m2": 13.58}}, {"type": "Feature", "geometry": {"type": "Polygon", "coordinates": [[[76.89955372363329, 43.1845773383975], [76.89955372363329, 43.184568621218204], [76.8995550647378, 43.184565268456936], [76.89957652240992, 43.184565268456936], [76.89958523958921, 43.1845672801137], [76.89959529787302, 43.18457197397947], [76.89959462732077, 43.18457465618849], [76.89958993345499, 43.184575997292995], [76.89959932118654, 43.18457666784525], [76.89955372363329, 43.1845773383975]]]}, "properties": {"id": 479, "class": "road", "confidence": 100.0, "source": "Almaty_5", "source_model": "unet-roads", "centroid_wkt": "POINT (76.8995726530282 43.18457125563104)", "bbox": [76.89955372363329, 43.184565268456936, 76.89959932118654, 43.1845773383975], "pixel_bbox": [6400, 0, 6468, 18], "area_m2": 3.874}}, {"type": "Feature", "geometry": {"type": "Polygon", "coordinates": [[[76.90116237848997, 43.1845773383975], [76.901167742908, 43.184575997292995], [76.90116439014673, 43.18457532674074], [76.90116439014673, 43.18457331508398], [76.90116841346025, 43.18457197397947], [76.90116908401251, 43.18456996232271], [76.90117109566927, 43.18456929177046], [76.90117109566927, 43.18456660956144], [76.90117243677378, 43.184565268456936], [76.90117847174406, 43.18456258624792], [76.9011851772666, 43.18456124514341], [76.9012314453721, 43.184563256800175], [76.90124150365591, 43.18456795066595], [76.9012401625514, 43.184568621218204], [76.9012401625514, 43.184570632874966], [76.90125223249197, 43.184570632874966], [76.90125491470098, 43.18456795066595], [76.90125692635775, 43.184568621218204], [76.90126430243254, 43.18456660956144], [76.90126899629831, 43.1845672801137], [76.90127033740282, 43.18456392735243], [76.90127033740282, 43.18457130342722], [76.90127167850733, 43.18456795066595], [76.90127570182085, 43.18456795066595], [76.9012763723731, 43.18456660956144], [76.90128643065691, 43.18456660956144], [76.90129112452269, 43.184568621218204], [76.90128978341818, 43.18457197397947], [76.90130319446325, 43.18457331508398], [76.90130319446325, 43.18457532674074], [76.90128978341818, 43.184575997292995], [76.90130453556776, 43.18457666784525], [76.90116237848997, 43.1845773383975]], [[76.90127033740282, 43.18457666784525], [76.90127167850733, 43.184575997292995], [76.90127167850733, 43.18457331508398], [76.90127033740282, 43.18457331508398], [76.90127033740282, 43.18457666784525]], [[76.90126363188028, 43.184575997292995], [76.90126966685057, 43.184575997292995], [76.90126832574606, 43.18457532674074], [76.90126966685057, 43.18457331508398], [76.90126832574606, 43.18457197397947], [76.9012676551938, 43.18457331508398], [76.90126497298479, 43.18457264453173], [76.90126430243254, 43.184573985636234], [76.9012663140893, 43.18457532674074], [76.90126363188028, 43.184575997292995]], [[76.90127234905958, 43.18457465618849], [76.90127570182085, 43.18457465618849], [76.90127570182085, 43.18457264453173], [76.90127234905958, 43.18457331508398], [76.90127234905958, 43.18457465618849]], [[76.90125893801451, 43.18457331508398], [76.90125960856676, 43.184573985636234], [76.90125960856676, 43.18457331508398], [76.90125893801451, 43.18457331508398]], [[76.90126027911901, 43.18457331508398], [76.90126094967127, 43.184573985636234], [76.90126094967127, 43.18457331508398], [76.90126027911901, 43.18457331508398]], [[76.90126229077578, 43.18457331508398], [76.90126363188028, 43.184573985636234], [76.90126363188028, 43.18457331508398], [76.90126229077578, 43.18457331508398]]]}, "properties": {"id": 480, "class": "road", "confidence": 100.0, "source": "Almaty_5", "source_model": "unet-roads", "centroid_wkt": "POINT (76.90122421082893 43.18457046611957)", "bbox": [76.90116237848997, 43.18456124514341, 76.90130453556776, 43.1845773383975], "pixel_bbox": [8799, 0, 9011, 24], "area_m2": 13.369}}, {"type": "Feature", "geometry": {"type": "Polygon", "coordinates": [[[76.89723562449217, 43.1845773383975], [76.89726378768682, 43.184575997292995], [76.89725037664175, 43.18457532674074], [76.897251047194, 43.184573985636234], [76.89724903553724, 43.184573985636234], [76.89724836498499, 43.18457264453173], [76.89724367111921, 43.184570632874966], [76.89724501222372, 43.184565268456936], [76.89724903553724, 43.18456258624792], [76.89724903553724, 43.18455655127764], [76.89724702388048, 43.184552527964115], [76.89724769443274, 43.18454850465059], [76.89725037664175, 43.184547163546085], [76.89725171774626, 43.18454381078482], [76.89725305885077, 43.18454381078482], [76.8972584232688, 43.18453911691904], [76.89726512879133, 43.18453576415777], [76.8972671404481, 43.18453576415777], [76.89726982265711, 43.18453375250101], [76.89729329198599, 43.18452972918749], [76.8972946330905, 43.18452838808298], [76.89729731529951, 43.18452838808298], [76.89729865640402, 43.184527046978474], [76.89730871468782, 43.184523694217205], [76.8973134085536, 43.184523694217205], [76.89731609076262, 43.184525705873966], [76.8973221257329, 43.18452436476946], [76.8973221257329, 43.184554539620876], [76.89732078462839, 43.18455386906862], [76.89731877297163, 43.184555880725384], [76.89731743186712, 43.184554539620876], [76.89731609076262, 43.184555880725384], [76.89731609076262, 43.184557892382145], [76.89731474965811, 43.184557892382145], [76.89731474965811, 43.18455923348665], [76.89730938524008, 43.184563256800175], [76.89730938524008, 43.184565268456936], [76.89731273800135, 43.18457130342722], [76.89731005579233, 43.18457197397947], [76.89730737358332, 43.18457465618849], [76.8972946330905, 43.18457532674074], [76.89731609076262, 43.1845773383975], [76.89723562449217, 43.1845773383975]]]}, "properties": {"id": 481, "class": "road", "confidence": 100.0, "source": "Almaty_5", "source_model": "unet-roads", "centroid_wkt": "POINT (76.89728589025995 43.18455266981879)", "bbox": [76.89723562449217, 43.184523694217205, 76.8973221257329, 43.1845773383975], "pixel_bbox": [2943, 0, 3072, 80], "area_m2": 28.336}}, {"type": "Feature", "geometry": {"type": "Polygon", "coordinates": [[[76.89703714102507, 43.1845773383975], [76.89704719930887, 43.18457666784525], [76.8970512226224, 43.18457532674074], [76.8970438465476, 43.18457465618849], [76.89704116433859, 43.18457331508398], [76.89703982323408, 43.18457130342722], [76.89703781157732, 43.18457130342722], [76.89703781157732, 43.184568621218204], [76.89703647047281, 43.1845672801137], [76.89702842384577, 43.184565268456936], [76.89702372997999, 43.184565268456936], [76.89702037721872, 43.184563256800175], [76.89701568335295, 43.18456258624792], [76.89701300114393, 43.18456057459116], [76.89701098948717, 43.18456057459116], [76.89700562506914, 43.18455722182989], [76.89700361341238, 43.18455722182989], [76.89700093120337, 43.18455521017313], [76.89699690788984, 43.184554539620876], [76.89699355512857, 43.184552527964115], [76.89698550850153, 43.184550516307354], [76.89698081463575, 43.184550516307354], [76.8969801440835, 43.18455185741186], [76.89697880297899, 43.18454045802355], [76.89697880297899, 43.184523694217205], [76.8969801440835, 43.18451028317213], [76.89698081463575, 43.1845136359334], [76.89698282629251, 43.184512965381145], [76.89698349684477, 43.18451497703791], [76.89698483794928, 43.1845136359334], [76.89698617905378, 43.18451497703791], [76.89699422568083, 43.184516318142414], [76.89699959009886, 43.18451967090368], [76.89700428396463, 43.184520341455936], [76.89701031893492, 43.18452302366495], [76.8970163539052, 43.184523694217205], [76.89701836556196, 43.18452503532171], [76.89702171832323, 43.18452503532171], [76.89704585820436, 43.184531070291996], [76.89707133919, 43.184531070291996], [76.89709011465311, 43.18452972918749], [76.89714174717665, 43.18452972918749], [76.89714979380369, 43.184531070291996], [76.8971511349082, 43.18452838808298], [76.8971511349082, 43.18452436476946], [76.8971524760127, 43.184523694217205], [76.8971524760127, 43.18452503532171], [76.89715515822172, 43.18452637642622], [76.89716521650553, 43.18452637642622], [76.89717460423708, 43.18452972918749], [76.89719941467047, 43.18453509360552], [76.89721282571554, 43.184541799128056], [76.89721684902906, 43.18454582244158], [76.89721684902906, 43.1845498457551], [76.89721282571554, 43.184554539620876], [76.89720880240202, 43.18456258624792], [76.89720746129751, 43.184568621218204], [76.89720813184977, 43.184570632874966], [76.89720075577497, 43.18457465618849], [76.89714979380369, 43.18457532674074], [76.89714778214693, 43.18457264453173], [76.89714711159468, 43.184573985636234], [76.89714509993792, 43.184573985636234], [76.89714577049017, 43.18457532674074], [76.89713973551989, 43.18457532674074], [76.89714711159468, 43.18457666784525], [76.89719874411821, 43.184575997292995], [76.8972134962678, 43.1845773383975], [76.89703714102507, 43.1845773383975]]]}, "properties": {"id": 482, "class": "road", "confidence": 100.0, "source": "Almaty_5", "source_model": "unet-roads", "centroid_wkt": "POINT (76.89709893089598 43.18455017884037)", "bbox": [76.89697880297899, 43.18451028317213, 76.89721684902906, 43.1845773383975], "pixel_bbox": [2560, 0, 2915, 100], "area_m2": 91.771}}, {"type": "Feature", "geometry": {"type": "Polygon", "coordinates": [[[76.89982932060957, 43.1845773383975], [76.89983401447535, 43.184575997292995], [76.89983066171408, 43.184573985636234], [76.89983066171408, 43.18457130342722], [76.89983267337084, 43.18456996232271], [76.89983267337084, 43.184568621218204], [76.89983401447535, 43.184568621218204], [76.89984071999788, 43.18456258624792], [76.8998434022069, 43.18456191569567], [76.89984407275915, 43.18456057459116], [76.89984809607267, 43.18455923348665], [76.89984876662493, 43.184557892382145], [76.89985614269972, 43.18455386906862], [76.89985815435648, 43.18455118685961], [76.89985949546099, 43.18455118685961], [76.89985949546099, 43.1845498457551], [76.8998608365655, 43.1845498457551], [76.89986418932676, 43.18454649299383], [76.89986418932676, 43.184545151889324], [76.89986888319254, 43.18454045802355], [76.89987022429705, 43.18454045802355], [76.89987022429705, 43.18453911691904], [76.89987625926733, 43.18453777581453], [76.89987625926733, 43.184536434710026], [76.89987424761057, 43.18453576415777], [76.89987424761057, 43.1845324113965], [76.89987625926733, 43.18452972918749], [76.89987625926733, 43.18452436476946], [76.89988028258085, 43.184516318142414], [76.89988497644663, 43.18451430648565], [76.89989168196917, 43.18451430648565], [76.89989369362593, 43.18451229482889], [76.89989369362593, 43.18451028317213], [76.8998970463872, 43.18451028317213], [76.8998970463872, 43.184550516307354], [76.89990978688002, 43.18456392735243], [76.89991179853678, 43.184568621218204], [76.89991179853678, 43.18457130342722], [76.89990777522326, 43.18457532674074], [76.89990844577551, 43.18457666784525], [76.89991112798452, 43.1845773383975], [76.89982932060957, 43.1845773383975]]]}, "properties": {"id": 483, "class": "road", "confidence": 100.0, "source": "Almaty_5", "source_model": "unet-roads", "centroid_wkt": "POINT (76.89987770194024 43.18455476710544)", "bbox": [76.89982932060957, 43.18451028317213, 76.89991179853678, 43.1845773383975], "pixel_bbox": [6811, 0, 6934, 100], "area_m2": 23.739}}, {"type": "Feature", "geometry": {"type": "Polygon", "coordinates": [[[76.89735699445009, 43.184527046978474], [76.89735230058432, 43.18452503532171], [76.89735230058432, 43.184523694217205], [76.89735095947981, 43.184523694217205], [76.89734894782305, 43.18451967090368], [76.89734894782305, 43.1845136359334], [76.89735095947981, 43.18450827151537], [76.89735230058432, 43.184507600963116], [76.89735364168882, 43.18450424820185], [76.89735498279333, 43.18450424820185], [76.89735632389784, 43.184502236545086], [76.89736168831587, 43.18449955433607], [76.89736772328615, 43.18449888378382], [76.89737375825644, 43.184500224888325], [76.89737509936094, 43.184502236545086], [76.8973771110177, 43.18450290709734], [76.89737979322672, 43.18450894206762], [76.89737979322672, 43.1845136359334], [76.8973771110177, 43.184520341455936], [76.89737107604742, 43.184525705873966], [76.89736638218164, 43.184527046978474], [76.89735699445009, 43.184527046978474]]]}, "properties": {"id": 484, "class": "road", "confidence": 100.0, "source": "Almaty_5", "source_model": "unet-roads", "centroid_wkt": "POINT (76.89736470113377 43.18451306539881)", "bbox": [76.89734894782305, 43.18449888378382, 76.89737979322672, 43.184527046978474], "pixel_bbox": [3112, 75, 3158, 117], "area_m2": 6.224}}, {"type": "Feature", "geometry": {"type": "Polygon", "coordinates": [[[76.895268894732, 43.18450290709734], [76.89526755362749, 43.184500224888325], [76.89526487141848, 43.184500224888325], [76.89526487141848, 43.184498213231564], [76.89526420086622, 43.18450156599283], [76.89526353031397, 43.18449955433607], [76.89526218920946, 43.18450156599283], [76.89526218920946, 43.18447541445494], [76.89526285976171, 43.18447943776846], [76.89526420086622, 43.184476755559444], [76.89526420086622, 43.184482119977474], [76.89526554197073, 43.18447943776846], [76.89526755362749, 43.18447943776846], [76.89526822417974, 43.184476755559444], [76.8952702358365, 43.184476755559444], [76.89527291804552, 43.18448010832071], [76.89527425915003, 43.18448010832071], [76.89527560025454, 43.18448279052973], [76.8952776119113, 43.184484131634235], [76.89528029412031, 43.184491507709026], [76.89527962356806, 43.18449553102255], [76.89527828246355, 43.1844962015748], [76.89527694135904, 43.18449955433607], [76.895268894732, 43.18450290709734]]]}, "properties": {"id": 485, "class": "road", "confidence": 100.0, "source": "Almaty_5", "source_model": "unet-roads", "centroid_wkt": "POINT (76.89527048524397 43.184489845280254)", "bbox": [76.89526218920946, 43.18447541445494, 76.89528029412031, 43.18450290709734], "pixel_bbox": [0, 111, 27, 152], "area_m2": 3.155}}, {"type": "Feature", "geometry": {"type": "Polygon", "coordinates": [[[76.89869608730078, 43.184507600963116], [76.89869608730078, 43.184453286230564], [76.89869742840528, 43.184453286230564], [76.89869742840528, 43.18445462733507], [76.89869876950979, 43.18445462733507], [76.89869944006205, 43.18445596843958], [76.89870078116655, 43.18445596843958], [76.89870145171881, 43.18445462733507], [76.89870815724134, 43.18445462733507], [76.89871151000261, 43.18445663899183], [76.89872089773417, 43.18445932120085], [76.89872156828642, 43.184460662305355], [76.89872693270445, 43.184462673962116], [76.89872693270445, 43.184464015066624], [76.89872894436121, 43.18446468561888], [76.89872961491346, 43.184468038380146], [76.89873095601797, 43.1844687089324], [76.89873095601797, 43.18447072058916], [76.89873229712248, 43.18447206169367], [76.89873229712248, 43.18448010832071], [76.89872827380896, 43.184489496052265], [76.89872425049543, 43.18449418991804], [76.89872425049543, 43.1844962015748], [76.89872290939093, 43.1844962015748], [76.89872290939093, 43.18449754267931], [76.89872022718191, 43.18449888378382], [76.89871821552515, 43.18450089544058], [76.89871821552515, 43.184502236545086], [76.89871285110712, 43.18450625985861], [76.89870815724134, 43.18450693041086], [76.89870614558458, 43.184505589306355], [76.89870145171881, 43.1845049187541], [76.89869608730078, 43.184507600963116]]]}, "properties": {"id": 486, "class": "road", "confidence": 100.0, "source": "Almaty_5", "source_model": "unet-roads", "centroid_wkt": "POINT (76.89871189400766 43.18447967992336)", "bbox": [76.89869608730078, 43.184453286230564, 76.89873229712248, 43.184507600963116], "pixel_bbox": [5121, 104, 5175, 185], "area_m2": 13.71}}, {"type": "Feature", "geometry": {"type": "Polygon", "coordinates": [[[76.89836014062166, 43.1845773383975], [76.89837288111448, 43.184575997292995], [76.8983668461442, 43.18457532674074], [76.89836550503969, 43.184570632874966], [76.8983681872487, 43.18456795066595], [76.89837086945772, 43.1845672801137], [76.89837221056223, 43.184565268456936], [76.89837824553251, 43.18456258624792], [76.89837891608477, 43.18456124514341], [76.89838025718927, 43.18456124514341], [76.89838495105505, 43.18455722182989], [76.89838897436857, 43.184555880725384], [76.89838964492083, 43.184554539620876], [76.89841579645872, 43.18454314023256], [76.89841646701097, 43.184541799128056], [76.89841914921999, 43.1845411285758], [76.89842250198126, 43.18453777581453], [76.89842384308577, 43.18453777581453], [76.89842518419027, 43.18453576415777], [76.89842652529478, 43.18453576415777], [76.89842987805605, 43.18453174084425], [76.89843121916056, 43.18453174084425], [76.89844261854887, 43.184520341455936], [76.89844261854887, 43.18451900035143], [76.89844999462366, 43.18451162427664], [76.89845133572817, 43.18451162427664], [76.89845200628042, 43.18450961261988], [76.89845334738493, 43.18450961261988], [76.89845334738493, 43.18450693041086], [76.89845938235521, 43.184505589306355], [76.8984580412507, 43.184502236545086], [76.8984567001462, 43.184502236545086], [76.89845871180296, 43.18448882550001], [76.89846005290747, 43.18448681384325], [76.89846005290747, 43.184484131634235], [76.89846139401197, 43.18448346108198], [76.89846407622099, 43.1844774261117], [76.89846608787775, 43.18447608500719], [76.89846675843, 43.184473402798176], [76.8984741345048, 43.18446736782789], [76.89848553389311, 43.184464015066624], [76.89850699156523, 43.18446334451437], [76.898511685431, 43.18446468561888], [76.89851302653551, 43.18446669727564], [76.89851503819227, 43.18446669727564], [76.89851839095354, 43.18446937948465], [76.8985204026103, 43.1844687089324], [76.89852107316256, 43.18447005003691], [76.89852308481932, 43.18447005003691], [76.89852375537157, 43.184468038380146], [76.89852375537157, 43.18449016660452], [76.89852509647608, 43.184492848813534], [76.89853113144636, 43.18449418991804], [76.89853515475988, 43.18449754267931], [76.89853850752115, 43.184498213231564], [76.89854051917791, 43.184500224888325], [76.89854722470045, 43.184502236545086], [76.8985478952527, 43.18450424820185], [76.89855057746172, 43.18450424820185], [76.89855258911848, 43.184505589306355], [76.898556612432, 43.184505589306355], [76.89855795353651, 43.18450357764959], [76.89856197685003, 43.18450357764959], [76.89856264740229, 43.1845049187541], [76.89856130629778, 43.184505589306355], [76.89856600016356, 43.18450693041086], [76.89858209341764, 43.18450693041086], [76.89858611673117, 43.18450625985861], [76.89858611673117, 43.1845049187541], [76.89858812838793, 43.18450424820185], [76.89859215170145, 43.18450625985861], [76.89860556274652, 43.18450693041086], [76.89861159771681, 43.18450894206762], [76.89861159771681, 43.18451028317213], [76.8986189737916, 43.18451162427664], [76.89861964434385, 43.184512965381145], [76.89862366765738, 43.18451430648565], [76.89862433820963, 43.18451564759016], [76.89862970262766, 43.184518329799175], [76.89863439649343, 43.184523694217205], [76.89863573759794, 43.184523694217205], [76.89863573759794, 43.18452503532171], [76.89863707870245, 43.18452503532171], [76.89863909035921, 43.18452771753073], [76.89864043146372, 43.18452771753073], [76.89864244312048, 43.18453039973974], [76.89864378422499, 43.18453039973974], [76.89865183085203, 43.18453777581453], [76.8986652418971, 43.18454448133707], [76.89867060631514, 43.18454582244158], [76.8986826762557, 43.18454448133707], [76.89869407564402, 43.184545151889324], [76.89869407564402, 43.18454381078482], [76.89869541674852, 43.18454381078482], [76.89869608730078, 43.18453911691904], [76.89869608730078, 43.184518329799175], [76.89869742840528, 43.18451564759016], [76.89869742840528, 43.18451900035143], [76.89869809895754, 43.18451765924692], [76.89869944006205, 43.18451900035143], [76.8987088277936, 43.184518329799175], [76.89871285110712, 43.184520341455936], [76.89871218055487, 43.184521682560444], [76.89871352165937, 43.18452302366495], [76.89871352165937, 43.18452637642622], [76.89871218055487, 43.18452838808298], [76.89871218055487, 43.18453174084425], [76.89871687442064, 43.18453844636679], [76.89871821552515, 43.18453844636679], [76.8987188860774, 43.184539787471294], [76.8987262621522, 43.18454381078482], [76.8987276032567, 43.18454582244158], [76.89873296767473, 43.18454850465059], [76.89873766154051, 43.18454917520285], [76.89874168485403, 43.18455118685961], [76.89874839037657, 43.18455118685961], [76.89875107258558, 43.184550516307354], [76.89876180142164, 43.18453911691904], [76.89876180142164, 43.18453777581453], [76.89876314252615, 43.18453777581453], [76.89876716583967, 43.18453308194876], [76.89876984804869, 43.1845324113965], [76.89877454191446, 43.18452838808298], [76.89878527075052, 43.18452302366495], [76.89879398792982, 43.184521682560444], [76.89879599958658, 43.184520341455936], [76.89880270510912, 43.184520341455936], [76.89881276339293, 43.18451765924692], [76.898826174438, 43.18451765924692], [76.89883422106504, 43.18451967090368], [76.89885903149843, 43.18451765924692], [76.89886573702097, 43.184518329799175], [76.89886707812548, 43.18451698869467], [76.89886707812548, 43.18450961261988], [76.89886841922998, 43.1845049187541], [76.89886908978224, 43.18450625985861], [76.89887043088675, 43.18450625985861], [76.89887043088675, 43.18450827151537], [76.89887311309576, 43.18450827151537], [76.89887445420027, 43.18450961261988], [76.89888317137957, 43.18450894206762], [76.89888786524534, 43.18451162427664], [76.8988985940814, 43.18451162427664], [76.89890060573816, 43.18451229482889], [76.89889993518591, 43.1845136359334], [76.89890261739492, 43.18451430648565], [76.89892742782831, 43.18451497703791], [76.89893882721663, 43.1845136359334], [76.8989421799779, 43.184510953724384], [76.89895357936621, 43.18450693041086], [76.89895961433649, 43.18450693041086], [76.8989622965455, 43.184505589306355], [76.89897503703833, 43.18450357764959], [76.89897637814283, 43.184502236545086], [76.8989783897996, 43.184502236545086], [76.89898241311312, 43.18449955433607], [76.8989871069789, 43.184498213231564], [76.89898777753115, 43.184496872127056], [76.89899180084467, 43.1844962015748], [76.8989971652627, 43.18449351936579], [76.8989985063672, 43.184491507709026], [76.89899984747171, 43.184491507709026], [76.89900521188974, 43.18448681384325], [76.8990072235465, 43.18447809666395], [76.89900655299425, 43.1844687089324], [76.89900789409876, 43.18446736782789], [76.89900856465101, 43.184462673962116], [76.89901258796453, 43.18445932120085], [76.89901325851679, 43.18445730954409], [76.89901795238256, 43.184455297887325], [76.89901929348707, 43.184453286230564], [76.8990246579051, 43.1844512745738], [76.89903605729342, 43.1844512745738], [76.89903672784567, 43.18445261567831], [76.89903873950243, 43.18445194512606], [76.89903941005468, 43.18450693041086], [76.8990420922637, 43.18450961261988], [76.89904544502497, 43.184510953724384], [76.89904544502497, 43.18451229482889], [76.89904678612947, 43.18451229482889], [76.89904879778624, 43.18451430648565], [76.89904879778624, 43.184516318142414], [76.89905013889074, 43.184516318142414], [76.899050809443, 43.18451765924692], [76.89905416220427, 43.18451765924692], [76.89905416220427, 43.18451900035143], [76.89905550330877, 43.18451900035143], [76.89905617386103, 43.18452101200819], [76.89905818551779, 43.184521682560444], [76.89905885607004, 43.18452436476946], [76.89906489104033, 43.18452838808298], [76.89906757324934, 43.18453308194876], [76.89907025545835, 43.18454381078482], [76.89907159656286, 43.18454448133707], [76.89907561987638, 43.184552527964115], [76.89908299595118, 43.18456057459116], [76.89908366650343, 43.184563256800175], [76.89908634871244, 43.18456660956144], [76.89908634871244, 43.18457197397947], [76.89908165484667, 43.18457465618849], [76.89908232539892, 43.18457666784525], [76.89908567816019, 43.1845773383975], [76.89836014062166, 43.1845773383975]], [[76.89888585358858, 43.184512965381145], [76.89888652414083, 43.1845136359334], [76.89888652414083, 43.184512965381145], [76.89888585358858, 43.184512965381145]], [[76.89855996519327, 43.1845049187541], [76.89856063574553, 43.184505589306355], [76.89856063574553, 43.1845049187541], [76.89855996519327, 43.1845049187541]]]}, "properties": {"id": 487, "class": "road", "confidence": 100.0, "source": "Almaty_5", "source_model": "unet-roads", "centroid_wkt": "POINT (76.89873738140393 43.184540035397056)", "bbox": [76.89836014062166, 43.1844512745738, 76.89908634871244, 43.1845773383975], "pixel_bbox": [4620, 0, 5703, 188], "area_m2": 406.279}}, {"type": "Feature", "geometry": {"type": "Polygon", "coordinates": [[[76.90035235136747, 43.1845773383975], [76.900356374681, 43.184575997292995], [76.90035436302423, 43.18457532674074], [76.90035302191973, 43.184570632874966], [76.90035570412874, 43.184565268456936], [76.90035704523325, 43.18456459790468], [76.90035838633776, 43.18455923348665], [76.90036039799452, 43.18455655127764], [76.90036106854677, 43.184550516307354], [76.90036308020353, 43.18454917520285], [76.90036173909903, 43.184547163546085], [76.90036039799452, 43.184547163546085], [76.90035905689001, 43.184545151889324], [76.9003577157855, 43.184545151889324], [76.90035704523325, 43.18454381078482], [76.90035570412874, 43.18454381078482], [76.90035503357649, 43.18454246968031], [76.90035369247198, 43.18454246968031], [76.90035302191973, 43.1845411285758], [76.90034698694944, 43.18453777581453], [76.90033961087465, 43.18453576415777], [76.9003389403224, 43.184534423053265], [76.90033692866564, 43.184534423053265], [76.90033558756113, 43.18453308194876], [76.9003288820386, 43.18453174084425], [76.90032754093409, 43.18453039973974], [76.90032083541155, 43.18453039973974], [76.90031480044127, 43.18452838808298], [76.90028663724661, 43.18452771753073], [76.90028596669436, 43.184525705873966], [76.90028462558985, 43.184525705873966], [76.9002839550376, 43.18452436476946], [76.9002839550376, 43.184521682560444], [76.90028864890337, 43.18451698869467], [76.90031345933676, 43.1845136359334], [76.90032821148634, 43.184505589306355], [76.90033491700888, 43.18449888378382], [76.90033759921789, 43.184498213231564], [76.90033961087465, 43.18449553102255], [76.90034095197916, 43.18449553102255], [76.90034296363592, 43.184492848813534], [76.90034564584494, 43.184491507709026], [76.90034564584494, 43.18449016660452], [76.90034966915846, 43.184486143291], [76.90035235136747, 43.18448077887297], [76.90036308020353, 43.18446937948465], [76.9003650918603, 43.184464015066624], [76.90036844462156, 43.184460662305355], [76.90037045627832, 43.184460662305355], [76.90037447959185, 43.18445596843958], [76.90037649124861, 43.18445596843958], [76.90037984400988, 43.184453286230564], [76.90038654953241, 43.1844512745738], [76.90039794892073, 43.1844512745738], [76.90040733665228, 43.184453286230564], [76.9004113599658, 43.18445194512606], [76.90041203051805, 43.184449933469296], [76.90041270107031, 43.184498213231564], [76.90041471272707, 43.18449553102255], [76.90042745321989, 43.184489496052265], [76.90042745321989, 43.18448815494776], [76.90043348819017, 43.18448547273874], [76.90043549984694, 43.18448279052973], [76.90044019371271, 43.18448144942522], [76.90044086426497, 43.18448010832071], [76.900446228683, 43.18448010832071], [76.90045159310102, 43.18448480218649], [76.9004562869668, 43.18448681384325], [76.90045829862356, 43.184489496052265], [76.90046098083258, 43.18449016660452], [76.9004650041461, 43.18449418991804], [76.9004737213254, 43.18449888378382], [76.90047573298216, 43.18450156599283], [76.90047774463892, 43.18450156599283], [76.90047841519117, 43.18450290709734], [76.90048109740019, 43.18450357764959], [76.90048646181822, 43.18450894206762], [76.90048847347498, 43.18450894206762], [76.90048914402723, 43.184510953724384], [76.90049048513174, 43.184510953724384], [76.90049048513174, 43.18451229482889], [76.90049182623625, 43.184512965381145], [76.90049383789301, 43.18451900035143], [76.90049316734076, 43.18452771753073], [76.9004824385047, 43.184539787471294], [76.90047774463892, 43.184541799128056], [76.90047305077314, 43.18454582244158], [76.90046835690737, 43.18454783409834], [76.90046567469835, 43.18454783409834], [76.90046232193708, 43.1845498457551], [76.9004388526082, 43.18455118685961], [76.90043348819017, 43.18455185741186], [76.90043214708567, 43.18455319851637], [76.90043281763792, 43.184554539620876], [76.90043549984694, 43.18455521017313], [76.90045025199652, 43.184555880725384], [76.900446228683, 43.18455655127764], [76.90044555813074, 43.184557892382145], [76.90044958144426, 43.184557892382145], [76.9004562869668, 43.18456057459116], [76.90046232193708, 43.18456124514341], [76.90046366304159, 43.18456258624792], [76.90046366304159, 43.184568621218204], [76.90046098083258, 43.18457197397947], [76.90045896917582, 43.18457197397947], [76.90045829862356, 43.18457331508398], [76.90044824033976, 43.18457465618849], [76.90044824033976, 43.184575997292995], [76.90045025199652, 43.18457666784525], [76.90045829862356, 43.1845773383975], [76.90035235136747, 43.1845773383975]], [[76.90043080598116, 43.184552527964115], [76.90043214708567, 43.184552527964115], [76.90043147653341, 43.184550516307354], [76.90043080598116, 43.184550516307354], [76.90043080598116, 43.184552527964115]], [[76.90041538327932, 43.18455118685961], [76.90042946487665, 43.18455118685961], [76.90042946487665, 43.1845498457551], [76.90041471272707, 43.1845498457551], [76.90041538327932, 43.18455118685961]]]}, "properties": {"id": 488, "class": "road", "confidence": 100.0, "source": "Almaty_5", "source_model": "unet-roads", "centroid_wkt": "POINT (76.90040184697718 43.18452088449662)", "bbox": [76.9002839550376, 43.184449933469296, 76.90049383789301, 43.1845773383975], "pixel_bbox": [7489, 0, 7802, 190], "area_m2": 126.826}}, {"type": "Feature", "geometry": {"type": "Polygon", "coordinates": [[[76.89800474792719, 43.18447072058916], [76.89800474792719, 43.1844687089324], [76.89799267798662, 43.1844687089324], [76.89798664301634, 43.18446535617113], [76.89798597246408, 43.184464015066624], [76.89798463135958, 43.184464015066624], [76.89798396080732, 43.184462673962116], [76.89798127859831, 43.18446200340986], [76.89797524362803, 43.18445663899183], [76.89797591418028, 43.18445194512606], [76.89798127859831, 43.18444859236479], [76.89798932522535, 43.18444658070803], [76.89800810068846, 43.184447921812534], [76.89800877124071, 43.18444591015577], [76.89800877124071, 43.18447072058916], [76.89800810068846, 43.18446937948465], [76.8980074301362, 43.18447072058916], [76.89800675958395, 43.18446937948465], [76.8980060890317, 43.18447072058916], [76.89800474792719, 43.18447072058916]]]}, "properties": {"id": 489, "class": "road", "confidence": 100.0, "source": "Almaty_5", "source_model": "unet-roads", "centroid_wkt": "POINT (76.89799475744505 43.18445700163744)", "bbox": [76.89797524362803, 43.18444591015577, 76.89800877124071, 43.18447072058916], "pixel_bbox": [4046, 159, 4096, 196], "area_m2": 5.472}}, {"type": "Feature", "geometry": {"type": "Polygon", "coordinates": [[[76.89753200858831, 43.1845773383975], [76.89753871411085, 43.18457666784525], [76.89754005521536, 43.18457532674074], [76.8975306674838, 43.18457331508398], [76.8975293263793, 43.18456929177046], [76.8975293263793, 43.18456459790468], [76.8975306674838, 43.184563256800175], [76.8975306674838, 43.18456124514341], [76.89753670245409, 43.18455521017313], [76.8975467607379, 43.1845498457551], [76.8975554779172, 43.1845411285758], [76.8975568190217, 43.1845411285758], [76.89757291227579, 43.18452436476946], [76.89757693558931, 43.18451564759016], [76.89757626503706, 43.18450894206762], [76.8975742533803, 43.1845049187541], [76.89757224172354, 43.18450357764959], [76.89757224172354, 43.184502236545086], [76.89756218343973, 43.18449217826128], [76.8975568190217, 43.184489496052265], [76.8975554779172, 43.18448681384325], [76.89755279570818, 43.184486143291], [76.89755346626043, 43.184484131634235], [76.89755212515593, 43.184484131634235], [76.89755212515593, 43.18448144942522], [76.8975568190217, 43.18448144942522], [76.89755748957396, 43.18448010832071], [76.89754877239466, 43.18448010832071], [76.8975481018424, 43.184478767216206], [76.89754407852888, 43.184476755559444], [76.89754273742437, 43.18447206169367], [76.89754072576761, 43.18447072058916], [76.89754072576761, 43.18446736782789], [76.8975393846631, 43.18446535617113], [76.8975393846631, 43.18445798009634], [76.8975380435586, 43.18445663899183], [76.8975380435586, 43.18445462733507], [76.89754005521536, 43.184453286230564], [76.89754273742437, 43.18444859236479], [76.89754407852888, 43.18444859236479], [76.8975481018424, 43.18444523960352], [76.89755279570818, 43.184444569051266], [76.89756486564875, 43.18444523960352], [76.89756821841002, 43.18444725126028], [76.89757023006678, 43.18444725126028], [76.89757090061903, 43.18444859236479], [76.89757626503706, 43.1844512745738], [76.89757693558931, 43.184453286230564], [76.89757827669382, 43.184453286230564], [76.89758028835058, 43.18445596843958], [76.89758162945509, 43.18445596843958], [76.89758565276861, 43.184460662305355], [76.89758699387312, 43.184460662305355], [76.89758967608213, 43.18446334451437], [76.89759772270918, 43.184466026723385], [76.89759839326143, 43.18446736782789], [76.8976004049182, 43.18446736782789], [76.89760375767946, 43.18446937948465], [76.89760643988848, 43.18446937948465], [76.89761113375425, 43.184471391141415], [76.8976191803813, 43.18447206169367], [76.89763728529215, 43.18447072058916], [76.89765941351652, 43.184466026723385], [76.8976654484868, 43.184466026723385], [76.89766611903906, 43.18446937948465], [76.89768020063639, 43.18446937948465], [76.89768422394991, 43.184468038380146], [76.89768891781569, 43.184468038380146], [76.89769763499498, 43.18446468561888], [76.89770098775625, 43.18446200340986], [76.89770098775625, 43.184460662305355], [76.89770232886076, 43.184460662305355], [76.89770769327879, 43.18445596843958], [76.89773116260767, 43.18445261567831], [76.89774055033922, 43.184453286230564], [76.89774591475725, 43.18445596843958], [76.89774926751852, 43.1844599917531], [76.8977553024888, 43.18446334451437], [76.89775597304106, 43.18446535617113], [76.89775798469782, 43.184466026723385], [76.89775865525007, 43.184468038380146], [76.89776737242937, 43.184476755559444], [76.89777005463839, 43.18447809666395], [76.89777005463839, 43.18447943776846], [76.89777206629515, 43.18448077887297], [76.8977713957429, 43.184486143291], [76.89777676016092, 43.18448882550001], [76.89778346568346, 43.1845049187541], [76.89778480678797, 43.1845049187541], [76.89778883010149, 43.18450961261988], [76.89780358225107, 43.18451698869467], [76.89782571047544, 43.18452302366495], [76.8978263810277, 43.18452436476946], [76.89782906323671, 43.18452503532171], [76.89782906323671, 43.18452637642622], [76.89783107489347, 43.18452771753073], [76.89783241599798, 43.18453375250101], [76.89783174544573, 43.184539787471294], [76.89783308655024, 43.184539787471294], [76.89783375710249, 43.184534423053265], [76.89783375710249, 43.1845411285758], [76.89783174544573, 43.18454045802355], [76.89783174544573, 43.18454314023256], [76.89782906323671, 43.18454582244158], [76.89782906323671, 43.184547163546085], [76.89782705157995, 43.18454783409834], [76.8978263810277, 43.1845498457551], [76.89781833440065, 43.18455655127764], [76.89781833440065, 43.184557892382145], [76.89781431108713, 43.18456124514341], [76.89781431108713, 43.18456258624792], [76.89781296998262, 43.18456258624792], [76.89781162887812, 43.18456660956144], [76.89780961722136, 43.184568621218204], [76.89780961722136, 43.184570632874966], [76.89780693501234, 43.18457264453173], [76.89780693501234, 43.184573985636234], [76.89780291169882, 43.18457532674074], [76.89781028777361, 43.1845773383975], [76.89753200858831, 43.1845773383975]]]}, "properties": {"id": 490, "class": "road", "confidence": 100.0, "source": "Almaty_5", "source_model": "unet-roads", "centroid_wkt": "POINT (76.89767697206271 43.18452206175231)", "bbox": [76.8975293263793, 43.184444569051266, 76.89783375710249, 43.1845773383975], "pixel_bbox": [3381, 0, 3835, 198], "area_m2": 257.768}}, {"type": "Feature", "geometry": {"type": "Polygon", "coordinates": [[[76.90044287592173, 43.18446468561888], [76.90043952316046, 43.184464015066624], [76.90043818205595, 43.18446133285761], [76.90043482929468, 43.184458650648594], [76.90043549984694, 43.18444926291704], [76.90043818205595, 43.18444658070803], [76.90044287592173, 43.18444523960352], [76.90044555813074, 43.18444322794676], [76.90045293420553, 43.184442557394505], [76.90045561641455, 43.18444389849901], [76.90045829862356, 43.184447921812534], [76.90045829862356, 43.18445261567831], [76.90045695751905, 43.184453286230564], [76.90045561641455, 43.18445730954409], [76.90045025199652, 43.184462673962116], [76.90044287592173, 43.18446468561888]]]}, "properties": {"id": 491, "class": "road", "confidence": 100.0, "source": "Almaty_5", "source_model": "unet-roads", "centroid_wkt": "POINT (76.90044672468191 43.18445290389124)", "bbox": [76.90043482929468, 43.184442557394505, 76.90045829862356, 43.18446468561888], "pixel_bbox": [7714, 168, 7749, 201], "area_m2": 3.462}}, {"type": "Feature", "geometry": {"type": "Polygon", "coordinates": [[[76.90088544040918, 43.184484131634235], [76.90088275820017, 43.18448279052973], [76.9008794054389, 43.18448279052973], [76.90087605267763, 43.18448077887297], [76.90086800605059, 43.18447943776846], [76.90086733549833, 43.18447809666395], [76.9008619710803, 43.18447541445494], [76.90085928887129, 43.18447541445494], [76.90085660666227, 43.184473402798176], [76.90084856003523, 43.18447072058916], [76.90084788948298, 43.18446937948465], [76.90084386616945, 43.184468038380146], [76.9008431956172, 43.18446669727564], [76.90084185451269, 43.18446669727564], [76.90084118396044, 43.18446535617113], [76.90083850175142, 43.18446468561888], [76.90083514899015, 43.18446200340986], [76.90083112567663, 43.18446133285761], [76.9008257612586, 43.18445798009634], [76.90082240849733, 43.18445798009634], [76.90081972628832, 43.18445663899183], [76.9008170440793, 43.18445395678282], [76.9008157029748, 43.18444591015577], [76.90082240849733, 43.18444054573774], [76.90082844346762, 43.18442914634943], [76.90084051340818, 43.18442311137915], [76.90086733549833, 43.18442042917013], [76.90088141709566, 43.18442042917013], [76.9008968397975, 43.18442311137915], [76.90090823918581, 43.184428475797176], [76.90090890973806, 43.184429816901684], [76.90091226249933, 43.18443115800619], [76.90091695636511, 43.18443652242422], [76.90091829746962, 43.18443652242422], [76.90092165023088, 43.18443987518549], [76.90092165023088, 43.18444121629], [76.9009243324399, 43.184442557394505], [76.9009243324399, 43.18444389849901], [76.90092701464891, 43.18444389849901], [76.90092701464891, 43.18447206169367], [76.90092165023088, 43.18447474390268], [76.90092030912638, 43.1844774261117], [76.90091159194708, 43.18448077887297], [76.90090890973806, 43.18448077887297], [76.90090756863356, 43.184482119977474], [76.90090421587229, 43.18448144942522], [76.90089482814074, 43.184484131634235], [76.90088544040918, 43.184484131634235]]]}, "properties": {"id": 492, "class": "road", "confidence": 100.0, "source": "Almaty_5", "source_model": "unet-roads", "centroid_wkt": "POINT (76.90087648046126 43.18445046790966)", "bbox": [76.9008157029748, 43.18442042917013, 76.90092701464891, 43.184484131634235], "pixel_bbox": [8282, 139, 8448, 234], "area_m2": 47.281}}, {"type": "Feature", "geometry": {"type": "Polygon", "coordinates": [[[76.89597833901644, 43.184547163546085], [76.89596090465784, 43.18454582244158], [76.89595688134432, 43.18454448133707], [76.89595017582178, 43.184545151889324], [76.89594816416502, 43.18453576415777], [76.8959166482091, 43.18453576415777], [76.89589854329824, 43.18453844636679], [76.89586970955133, 43.184539787471294], [76.89581338316202, 43.184539787471294], [76.89579997211695, 43.18453844636679], [76.89578387886286, 43.18453509360552], [76.89577985554934, 43.18453509360552], [76.89577851444483, 43.184536434710026], [76.89577717334032, 43.184527046978474], [76.89577784389257, 43.18442914634943], [76.89577918499708, 43.184428475797176], [76.89577918499708, 43.18443048745394], [76.89578253775835, 43.18443316966295], [76.89578253775835, 43.184431828558445], [76.89578454941511, 43.184431828558445], [76.89578521996737, 43.18442914634943], [76.89578656107187, 43.18442914634943], [76.89578723162413, 43.18442780524492], [76.89578924328089, 43.18442780524492], [76.89578991383314, 43.184426464140415], [76.89579796046019, 43.18442311137915], [76.89583148807287, 43.1844237819314], [76.89585227519274, 43.18442780524492], [76.89587239176035, 43.184428475797176], [76.89587775617838, 43.18442713469267], [76.89590524882078, 43.18442512303591], [76.89591061323881, 43.1844237819314], [76.89592335373163, 43.1844237819314], [76.89593207091093, 43.18442177027464], [76.89594682306051, 43.18442177027464], [76.89594883471727, 43.18441975861788], [76.89594950526953, 43.18442579358816], [76.89598839730024, 43.18442713469267], [76.89601186662912, 43.184433840215206], [76.89601588994265, 43.184433840215206], [76.89602326601744, 43.18443652242422], [76.89604338258505, 43.184439204633236], [76.8960514292121, 43.184442557394505], [76.89605209976435, 43.18444389849901], [76.89606819301844, 43.18444725126028], [76.89607355743647, 43.184449933469296], [76.89607556909323, 43.18445261567831], [76.89607691019773, 43.18445261567831], [76.896080262959, 43.184460662305355], [76.896080262959, 43.18447005003691], [76.89607691019773, 43.18448010832071], [76.89607691019773, 43.184486143291], [76.89607959240675, 43.18449083715677], [76.89608093351126, 43.18449083715677], [76.89608495682478, 43.184494860470295], [76.89608965069056, 43.1844962015748], [76.89609099179506, 43.18449754267931], [76.89610909670591, 43.18450156599283], [76.89610976725817, 43.18450290709734], [76.89611312001944, 43.18450424820185], [76.89611312001944, 43.184505589306355], [76.89611446112394, 43.184505589306355], [76.89611580222845, 43.18450961261988], [76.89611714333296, 43.18450693041086], [76.89612049609423, 43.184507600963116], [76.89612049609423, 43.18451967090368], [76.89611915498972, 43.18451900035143], [76.89611915498972, 43.184520341455936], [76.8961164727807, 43.18452101200819], [76.89611580222845, 43.18451900035143], [76.89611580222845, 43.18452101200819], [76.89611446112394, 43.184521682560444], [76.89611312001944, 43.18452503532171], [76.89611043781042, 43.184525705873966], [76.89610842615366, 43.18452838808298], [76.89609434455633, 43.18453576415777], [76.89609233289957, 43.18453576415777], [76.89609099179506, 43.18453710526228], [76.89607959240675, 43.1845411285758], [76.89606685191393, 43.18454381078482], [76.89605813473463, 43.18454381078482], [76.89605008810759, 43.184545151889324], [76.89601186662912, 43.18454582244158], [76.89600247889757, 43.184547163546085], [76.89597833901644, 43.184547163546085]]]}, "properties": {"id": 493, "class": "road", "confidence": 100.0, "source": "Almaty_5", "source_model": "unet-roads", "centroid_wkt": "POINT (76.89593301028187 43.18448604849652)", "bbox": [76.89577717334032, 43.18441975861788, 76.89612049609423, 43.184547163546085], "pixel_bbox": [768, 45, 1280, 235], "area_m2": 316.524}}, {"type": "Feature", "geometry": {"type": "Polygon", "coordinates": [[[76.9007446244359, 43.18448882550001], [76.9007345661521, 43.18448681384325], [76.900718472898, 43.18447943776846], [76.90071512013674, 43.18447608500719], [76.90071310847998, 43.18447206169367], [76.90071176737547, 43.184466026723385], [76.90071176737547, 43.18445932120085], [76.90071780234575, 43.18444121629], [76.90072249621153, 43.18443585187197], [76.90072249621153, 43.18443451076746], [76.9007271900773, 43.18443048745394], [76.9007271900773, 43.18442914634943], [76.90073121339083, 43.18442579358816], [76.90073121339083, 43.184424452483654], [76.90073322504759, 43.18442244082689], [76.9007345661521, 43.18442244082689], [76.90074194222689, 43.18441439419985], [76.9007432833314, 43.18441439419985], [76.9007446244359, 43.18441238254309], [76.90075065940619, 43.18441238254309], [76.90075267106295, 43.1844150647521], [76.90075401216745, 43.18441305309534], [76.90075535327196, 43.184413723647594], [76.90075535327196, 43.184421099722385], [76.90075669437647, 43.1844237819314], [76.90075803548098, 43.1844237819314], [76.90076004713774, 43.184426464140415], [76.90076272934675, 43.184426464140415], [76.90076675266027, 43.184428475797176], [76.9007721170783, 43.18443451076746], [76.90077614039183, 43.18443585187197], [76.90077614039183, 43.184437192976475], [76.90078150480986, 43.18443853408098], [76.90078150480986, 43.18443987518549], [76.90078284591436, 43.18443987518549], [76.90078686922789, 43.18444389849901], [76.90079156309366, 43.18444523960352], [76.90079290419817, 43.18444725126028], [76.90079424530268, 43.18444725126028], [76.90079491585493, 43.18444926291704], [76.90079692751169, 43.18444926291704], [76.9007996097207, 43.18445194512606], [76.90080229192972, 43.18445261567831], [76.90080430358648, 43.18445663899183], [76.90080296248198, 43.18445798009634], [76.90080296248198, 43.18446133285761], [76.90080229192972, 43.18446334451437], [76.90080028027296, 43.18446468561888], [76.90080028027296, 43.18446669727564], [76.90079893916845, 43.18446669727564], [76.90079759806395, 43.18446937948465], [76.90079558640718, 43.18447005003691], [76.90079223364592, 43.18447407335043], [76.90078753978014, 43.18447541445494], [76.9007808342576, 43.18448077887297], [76.90077748149633, 43.18448144942522], [76.90076876431704, 43.184486143291], [76.90076474100351, 43.184486143291], [76.90075870603323, 43.18448815494776], [76.90075535327196, 43.184486143291], [76.90075535327196, 43.18448882550001], [76.9007446244359, 43.18448882550001]]]}, "properties": {"id": 494, "class": "road", "confidence": 100.0, "source": "Almaty_5", "source_model": "unet-roads", "centroid_wkt": "POINT (76.90075355933268 43.184455511559904)", "bbox": [76.90071176737547, 43.18441238254309, 76.90080430358648, 43.18448882550001], "pixel_bbox": [8127, 132, 8265, 246], "area_m2": 40.73}}, {"type": "Feature", "geometry": {"type": "Polygon", "coordinates": [[[76.8998983874917, 43.18445395678282], [76.8998970463872, 43.18444389849901], [76.8998970463872, 43.1844063475728], [76.89991850405931, 43.18440567702055], [76.89992386847734, 43.18440970033407], [76.8999258801341, 43.1844150647521], [76.89992789179087, 43.18441640585661], [76.89992856234312, 43.18442042917013], [76.89993124455214, 43.18442244082689], [76.89993258565664, 43.184426464140415], [76.89993258565664, 43.1844324991107], [76.89993124455214, 43.18443451076746], [76.89993124455214, 43.184437192976475], [76.89992722123861, 43.18444121629], [76.8999258801341, 43.18444523960352], [76.89991917461157, 43.18444859236479], [76.89991783350706, 43.18445060402155], [76.89991381019354, 43.18445261567831], [76.89990174025297, 43.18445194512606], [76.89990106970072, 43.184453286230564], [76.8998983874917, 43.18445395678282]]]}, "properties": {"id": 495, "class": "road", "confidence": 100.0, "source": "Almaty_5", "source_model": "unet-roads", "centroid_wkt": "POINT (76.89991286791353 43.18442853567306)", "bbox": [76.8998970463872, 43.18440567702055, 76.89993258565664, 43.18445395678282], "pixel_bbox": [6912, 184, 6965, 256], "area_m2": 12.605}}, {"type": "Feature", "geometry": {"type": "Polygon", "coordinates": [[[76.89924124628305, 43.18441640585661], [76.89922783523798, 43.18441439419985], [76.89922716468573, 43.18441305309534], [76.89922381192446, 43.18441305309534], [76.89921576529741, 43.18440902978182], [76.89921576529741, 43.18440567702055], [76.89923454076052, 43.184405006468296], [76.89923454076052, 43.18440366536379], [76.89923118799925, 43.18440165370703], [76.8992318585515, 43.18439427763224], [76.89923387020826, 43.184392265975475], [76.89923454076052, 43.18438824266195], [76.89923655241728, 43.18438623100519], [76.89923856407404, 43.18438623100519], [76.8992392346263, 43.184384889900684], [76.89926873892546, 43.184384889900684], [76.89928349107504, 43.18438623100519], [76.89928617328405, 43.1843875721097], [76.89928952604532, 43.1843875721097], [76.8992955610156, 43.184392265975475], [76.89929690212011, 43.184396289289], [76.8992955610156, 43.184400983154774], [76.89929153770208, 43.18440366536379], [76.89928885549307, 43.18440366536379], [76.89928751438856, 43.18440567702055], [76.89927142113447, 43.18440567702055], [76.89927142113447, 43.18440701812506], [76.89926873892546, 43.18440970033407], [76.89926337450743, 43.18441238254309], [76.89926069229841, 43.18441238254309], [76.89925197511911, 43.184415735304356], [76.89924124628305, 43.18441640585661]]]}, "properties": {"id": 496, "class": "road", "confidence": 100.0, "source": "Almaty_5", "source_model": "unet-roads", "centroid_wkt": "POINT (76.89925795025411 43.18439914441566)", "bbox": [76.89921576529741, 43.184384889900684, 76.89929690212011, 43.18441640585661], "pixel_bbox": [5896, 240, 6017, 287], "area_m2": 15.087}}, {"type": "Feature", "geometry": {"type": "Polygon", "coordinates": [[[76.89742874354124, 43.18440567702055], [76.8974294140935, 43.18440366536379], [76.89742673188448, 43.18440031260252], [76.89742740243673, 43.184396289289], [76.89743008464575, 43.18439360707998], [76.897430755198, 43.18439092487097], [76.89743343740702, 43.18438824266195], [76.89743477851152, 43.18438824266195], [76.89743477851152, 43.184386901557446], [76.89743611961603, 43.184386901557446], [76.89743746072054, 43.184384889900684], [76.89744148403406, 43.18438287824392], [76.89744282513857, 43.18438086658716], [76.8974495306611, 43.18437818437815], [76.89745623618364, 43.1843788549304], [76.8974569067359, 43.18438019603491], [76.89745891839266, 43.18438019603491], [76.89746093004942, 43.18438220769167], [76.89746227115393, 43.18438220769167], [76.89746361225843, 43.18438556045294], [76.8974656239152, 43.184386901557446], [76.8974669650197, 43.184396289289], [76.89746629446745, 43.18439897149801], [76.89746160060167, 43.18440366536379], [76.89745958894491, 43.18440433591604], [76.89746093004942, 43.18440567702055], [76.89742874354124, 43.18440567702055]]]}, "properties": {"id": 497, "class": "road", "confidence": 100.0, "source": "Almaty_5", "source_model": "unet-roads", "centroid_wkt": "POINT (76.89744837243994 43.184393410451875)", "bbox": [76.89742673188448, 43.18437818437815, 76.8974669650197, 43.18440567702055], "pixel_bbox": [3228, 256, 3288, 297], "area_m2": 7.562}}, {"type": "Feature", "geometry": {"type": "Polygon", "coordinates": [[[76.89654227346182, 43.18444322794676], [76.89653221517801, 43.18444188684225], [76.89652282744646, 43.184439204633236], [76.89651947468519, 43.184437192976475], [76.89651679247618, 43.184437192976475], [76.89651411026716, 43.184435181319714], [76.89650740474463, 43.184433840215206], [76.89650472253561, 43.1844324991107], [76.89650271087885, 43.184429816901684], [76.89649734646082, 43.18442780524492], [76.89649533480406, 43.18442579358816], [76.8964933231473, 43.18442579358816], [76.89648795872927, 43.184421099722385], [76.89648661762476, 43.184421099722385], [76.89648527652025, 43.18441841751337], [76.8964859470725, 43.18441104143858], [76.89648997038603, 43.18440567702055], [76.89646985381842, 43.18440567702055], [76.89647387713194, 43.184405006468296], [76.89647320657969, 43.18440366536379], [76.89647186547518, 43.18440366536379], [76.89647253602743, 43.18439695984125], [76.89648058265448, 43.18439293652773], [76.89649801701307, 43.184390254318714], [76.89650271087885, 43.18438824266195], [76.8965120986104, 43.1843875721097], [76.89651545137167, 43.18438623100519], [76.89652886241674, 43.18438556045294], [76.8965382501483, 43.18438354879618], [76.89655769616365, 43.18437281996012], [76.89657177776098, 43.184370808303356], [76.89658988267183, 43.184370808303356], [76.89660061150789, 43.18437483161688], [76.89660128206015, 43.184376172721386], [76.89660463482141, 43.18437751382589], [76.89660597592592, 43.18438019603491], [76.89660731703043, 43.18438019603491], [76.89661134034395, 43.18438891321421], [76.89661335200071, 43.184390254318714], [76.89661402255297, 43.18439494818449], [76.89661603420973, 43.184397630393505], [76.89661603420973, 43.184399642050266], [76.89661335200071, 43.18440232425928], [76.89661469310522, 43.184402994811535], [76.89661469310522, 43.184405006468296], [76.89663279801607, 43.18440567702055], [76.89663145691156, 43.18440970033407], [76.89663212746382, 43.18441774696112], [76.89663011580706, 43.184421099722385], [76.89662676304579, 43.18442042917013], [76.89662408083677, 43.18442311137915], [76.89662005752325, 43.18442311137915], [76.89661335200071, 43.18442579358816], [76.89660329371691, 43.184426464140415], [76.89660061150789, 43.184428475797176], [76.89659591764212, 43.184429816901684], [76.89658921211958, 43.18443585187197], [76.89658049494028, 43.184439204633236], [76.89656239002943, 43.184442557394505], [76.89654227346182, 43.18444322794676]]]}, "properties": {"id": 498, "class": "road", "confidence": 100.0, "source": "Almaty_5", "source_model": "unet-roads", "centroid_wkt": "POINT (76.89655552841991 43.1844076732582)", "bbox": [76.89646985381842, 43.184370808303356, 76.89663279801607, 43.18444322794676], "pixel_bbox": [1801, 200, 2044, 308], "area_m2": 68.465}}, {"type": "Feature", "geometry": {"type": "Polygon", "coordinates": [[[76.89732547849417, 43.18445060402155], [76.89732480794191, 43.18444859236479], [76.8973221257329, 43.18444725126028], [76.8973221257329, 43.184426464140415], [76.89732480794191, 43.184426464140415], [76.89732547849417, 43.184424452483654], [76.89732681959867, 43.184424452483654], [76.89733017235994, 43.18442042917013], [76.89733285456896, 43.18441975861788], [76.8973395600915, 43.18441305309534], [76.8973395600915, 43.18441171199083], [76.89734224230051, 43.18440970033407], [76.89734425395727, 43.18440567702055], [76.89735364168882, 43.18440567702055], [76.89735565334558, 43.18440433591604], [76.89735431224108, 43.18440165370703], [76.89735632389784, 43.18439830094576], [76.89735632389784, 43.18439427763224], [76.89735967665911, 43.18438891321421], [76.89736168831587, 43.18438287824392], [76.89736235886812, 43.18437684327364], [76.89736571162939, 43.1843701377511], [76.89737174659967, 43.18436410278082], [76.89737509936094, 43.184363432228565], [76.89737644046545, 43.18436209112406], [76.89738113433123, 43.18436209112406], [76.89738783985376, 43.18436477333307], [76.89739856868982, 43.184376172721386], [76.89740125089884, 43.18438220769167], [76.89740393310785, 43.18438421934843], [76.89740393310785, 43.18438556045294], [76.89740594476461, 43.184386901557446], [76.89740594476461, 43.18438824266195], [76.89741063863039, 43.18439427763224], [76.89741466194391, 43.184395618736744], [76.89741533249617, 43.18439830094576], [76.89742270857096, 43.18439695984125], [76.89742337912321, 43.18439897149801], [76.8974220380187, 43.18440165370703], [76.89742002636194, 43.18440232425928], [76.89742002636194, 43.18440366536379], [76.89741868525743, 43.18440366536379], [76.89741868525743, 43.18440232425928], [76.89741533249617, 43.18440232425928], [76.89741399139166, 43.184405006468296], [76.89742136746645, 43.184405006468296], [76.89742404967546, 43.18440567702055], [76.89742404967546, 43.18440701812506], [76.89742136746645, 43.18441171199083], [76.89741935580969, 43.18441305309534], [76.89741801470518, 43.18441841751337], [76.89741667360067, 43.184419088065624], [76.89741667360067, 43.184421099722385], [76.8974133208394, 43.18442780524492], [76.89740661531687, 43.18443316966295], [76.89739253371954, 43.18443786352873], [76.89736973494291, 43.184439204633236], [76.89734894782305, 43.18444658070803], [76.89734224230051, 43.18444725126028], [76.89733620733023, 43.184449933469296], [76.89732547849417, 43.18445060402155]]]}, "properties": {"id": 499, "class": "road", "confidence": 100.0, "source": "Almaty_5", "source_model": "unet-roads", "centroid_wkt": "POINT (76.89737449474084 43.18441085229362)", "bbox": [76.8973221257329, 43.18436209112406, 76.89742404967546, 43.18445060402155], "pixel_bbox": [3072, 189, 3224, 321], "area_m2": 44.696}}, {"type": "Feature", "geometry": {"type": "Polygon", "coordinates": [[[76.89802017062902, 43.1845773383975], [76.89802888780832, 43.18457666784525], [76.89803022891283, 43.18457532674074], [76.89801681786776, 43.18457331508398], [76.89801681786776, 43.184570632874966], [76.8980161473155, 43.18457197397947], [76.89801547676325, 43.184570632874966], [76.89801413565874, 43.18457197397947], [76.89801413565874, 43.18456996232271], [76.89801279455423, 43.18457331508398], [76.89801145344973, 43.18457331508398], [76.89801078289747, 43.18457465618849], [76.89800944179296, 43.184573985636234], [76.89801011234522, 43.18456795066595], [76.89800877124071, 43.18453375250101], [76.89800675958395, 43.18453308194876], [76.89800675958395, 43.18453174084425], [76.89800072461367, 43.18453039973974], [76.89799670130014, 43.18452771753073], [76.89799536019564, 43.18452503532171], [76.89799536019564, 43.184521682560444], [76.89799670130014, 43.18451900035143], [76.89800072461367, 43.18451497703791], [76.89800675958395, 43.18451229482889], [76.89800810068846, 43.18450894206762], [76.89800877124071, 43.18451028317213], [76.89801212400198, 43.18451028317213], [76.89801815897226, 43.18450693041086], [76.89803626388311, 43.18450625985861], [76.89805369824171, 43.18450424820185], [76.89805638045073, 43.18450290709734], [76.89806241542101, 43.184502236545086], [76.89806643873453, 43.184500224888325], [76.89806710928679, 43.18449754267931], [76.89807247370481, 43.184496872127056], [76.89807381480932, 43.18449553102255], [76.89807448536158, 43.18449016660452], [76.89807783812284, 43.184487484395504], [76.89808052033186, 43.184482119977474], [76.89808923751116, 43.184455297887325], [76.89809191972017, 43.184449933469296], [76.89809326082468, 43.18444926291704], [76.89809527248144, 43.18444389849901], [76.89809661358595, 43.18444322794676], [76.89809862524271, 43.184437192976475], [76.89809996634722, 43.18443652242422], [76.89810130745173, 43.18443048745394], [76.89809996634722, 43.18441640585661], [76.89809795469046, 43.184408359229565], [76.8980959430337, 43.18440567702055], [76.89810331910849, 43.18440567702055], [76.898104660213, 43.184405006468296], [76.898104660213, 43.18440366536379], [76.89809661358595, 43.184396289289], [76.89809460192919, 43.184392265975475], [76.89809393137693, 43.18439360707998], [76.89808990806341, 43.18439360707998], [76.89808454364538, 43.18439159542322], [76.89808119088411, 43.18439159542322], [76.8980785086751, 43.18438958376646], [76.89806912094355, 43.1843875721097], [76.89806845039129, 43.18438623100519], [76.89806643873453, 43.18438623100519], [76.89806576818228, 43.184384889900684], [76.89805906265974, 43.184381537139416], [76.89805772155523, 43.18438019603491], [76.89805772155523, 43.18437684327364], [76.89805570989847, 43.184374161064625], [76.89805638045073, 43.184368796646595], [76.89806509763002, 43.18435940891504], [76.89807247370481, 43.184356056153774], [76.89807582646608, 43.184352703392506], [76.89808052033186, 43.184350691735744], [76.89808186143637, 43.18434868007898], [76.89808387309313, 43.18434868007898], [76.89808588474989, 43.18434666842222], [76.8980872258544, 43.18434666842222], [76.8980885669589, 43.18434398621321], [76.89809191972017, 43.18434130400419], [76.89809460192919, 43.184339962899685], [76.89810063689947, 43.18433929234743], [76.89810734242201, 43.184332586824894], [76.89811270684004, 43.18433124572039], [76.89811337739229, 43.18432990461588], [76.89811740070581, 43.184329234063625], [76.8981247767806, 43.1843252107501], [76.89813550561666, 43.18432454019785], [76.89813818782568, 43.184327222406864], [76.89813952893019, 43.184327222406864], [76.89814288169146, 43.18433191627264], [76.89814288169146, 43.184339962899685], [76.89814422279596, 43.18434599786997], [76.89814355224371, 43.18435940891504], [76.89813952893019, 43.18437147885561], [76.89813684672117, 43.184376172721386], [76.89813684672117, 43.18437818437815], [76.89813550561666, 43.1843788549304], [76.89813148230314, 43.18438623100519], [76.89813014119864, 43.18438623100519], [76.89813014119864, 43.1843875721097], [76.89812880009413, 43.1843875721097], [76.89812611788511, 43.184390254318714], [76.8981247767806, 43.184395618736744], [76.89812209457159, 43.18439830094576], [76.89812075346708, 43.18439830094576], [76.89811941236258, 43.18440433591604], [76.89812209457159, 43.18440567702055], [76.89812947064638, 43.18440567702055], [76.89813014119864, 43.184415735304356], [76.89813416451216, 43.1844237819314], [76.89813416451216, 43.184431828558445], [76.89813684672117, 43.18443451076746], [76.89813818782568, 43.18443853408098], [76.89813952893019, 43.184439204633236], [76.89814154058695, 43.18444591015577], [76.89814355224371, 43.184447921812534], [76.89814355224371, 43.18445060402155], [76.89814623445272, 43.18445261567831], [76.89814690500498, 43.18445462733507], [76.89814690500498, 43.18446200340986], [76.89814556390047, 43.18446334451437], [76.89814489334822, 43.18447005003691], [76.89814154058695, 43.18447474390268], [76.89813952893019, 43.184484131634235], [76.89814019948244, 43.184489496052265], [76.8981422111392, 43.184491507709026], [76.8981422111392, 43.18449418991804], [76.8981408700347, 43.18449418991804], [76.8981408700347, 43.18449553102255], [76.89814288169146, 43.184496872127056], [76.89814757555723, 43.184496872127056], [76.89815025776625, 43.18449955433607], [76.89815495163202, 43.18450089544058], [76.89815629273653, 43.18450156599283], [76.89815629273653, 43.18450290709734], [76.89815830439329, 43.18450290709734], [76.8981596454978, 43.18450424820185], [76.89817439764738, 43.18450625985861], [76.89818043261766, 43.1845049187541], [76.89818110316992, 43.18451765924692], [76.89821060746908, 43.184516318142414], [76.89821597188711, 43.18451497703791], [76.89823407679796, 43.1845136359334], [76.89824346452951, 43.18451497703791], [76.8982508406043, 43.184518329799175], [76.89825620502234, 43.184523694217205], [76.89825620502234, 43.18453375250101], [76.89824882894754, 43.184541799128056], [76.89824614673853, 43.18454246968031], [76.89824145287275, 43.18454649299383], [76.89823742955923, 43.18454783409834], [76.89823407679796, 43.18455319851637], [76.89823944121599, 43.18456258624792], [76.89824480563402, 43.18456795066595], [76.89824547618628, 43.18457532674074], [76.898242123425, 43.184575997292995], [76.89825218170881, 43.1845773383975], [76.89802017062902, 43.1845773383975]]]}, "properties": {"id": 500, "class": "road", "confidence": 100.0, "source": "Almaty_5", "source_model": "unet-roads", "centroid_wkt": "POINT (76.8981189965091 43.18449621518814)", "bbox": [76.89799536019564, 43.18432454019785, 76.89825620502234, 43.1845773383975], "pixel_bbox": [4076, 0, 4465, 377], "area_m2": 235.841}}, {"type": "Feature", "geometry": {"type": "Polygon", "coordinates": [[[76.89803894609213, 43.184345327317715], [76.89803022891283, 43.1843426451087], [76.89802955836058, 43.18434130400419], [76.89802620559931, 43.184339962899685], [76.8980248644948, 43.184337951242924], [76.89802218228579, 43.184336610138416], [76.89802218228579, 43.18433526903391], [76.89802017062902, 43.1843339279294], [76.89801882952452, 43.18433124572039], [76.89801882952452, 43.18432319909334], [76.89802084118128, 43.18432118743658], [76.89802084118128, 43.18431984633207], [76.89802553504705, 43.18431582301855], [76.8980349227786, 43.18431448191404], [76.8980422988534, 43.18431582301855], [76.89805034548044, 43.18431984633207], [76.89805503934622, 43.18432454019785], [76.89805638045073, 43.18432856351137], [76.89805638045073, 43.18433526903391], [76.89805503934622, 43.184337951242924], [76.89804833382368, 43.18434398621321], [76.89804431051016, 43.184345327317715], [76.89803894609213, 43.184345327317715]]]}, "properties": {"id": 501, "class": "road", "confidence": 100.0, "source": "Almaty_5", "source_model": "unet-roads", "centroid_wkt": "POINT (76.89803802505203 43.184329365432085)", "bbox": [76.89801882952452, 43.18431448191404, 76.89805638045073, 43.184345327317715], "pixel_bbox": [4111, 346, 4167, 392], "area_m2": 8.077}}, {"type": "Feature", "geometry": {"type": "Polygon", "coordinates": [[[76.8966918066144, 43.184447921812534], [76.8966830894351, 43.18444591015577], [76.89668241888285, 43.184444569051266], [76.89667906612158, 43.18444322794676], [76.89667504280806, 43.184439204633236], [76.89667504280806, 43.18443786352873], [76.89667370170355, 43.18443786352873], [76.89667236059904, 43.18443451076746], [76.89666766673326, 43.1844324991107], [76.89666699618101, 43.18442914634943], [76.896664313972, 43.18442512303591], [76.896664313972, 43.18442311137915], [76.89666163176298, 43.18441975861788], [76.89666230231524, 43.18441439419985], [76.89666096121073, 43.18441305309534], [76.89666096121073, 43.18441104143858], [76.89665760844946, 43.184408359229565], [76.89664889127016, 43.184408359229565], [76.89664486795664, 43.18441305309534], [76.89664486795664, 43.18441707640886], [76.89664352685213, 43.18442042917013], [76.89664017409086, 43.184421099722385], [76.89663950353861, 43.1844237819314], [76.89663749188185, 43.184424452483654], [76.89663749188185, 43.184426464140415], [76.89663548022509, 43.18442713469267], [76.89663480967283, 43.18440567702055], [76.89667772501707, 43.184405006468296], [76.89667772501707, 43.18440366536379], [76.89667370170355, 43.18440232425928], [76.89666833728552, 43.18439695984125], [76.89666096121073, 43.184395618736744], [76.89664285629988, 43.18439695984125], [76.89663950353861, 43.184399642050266], [76.89663749188185, 43.184399642050266], [76.89663749188185, 43.184400983154774], [76.89663615077734, 43.18440031260252], [76.89663548022509, 43.18432990461588], [76.8966368213296, 43.18432856351137], [76.8966368213296, 43.18432588130236], [76.8966381624341, 43.18432655185461], [76.8966381624341, 43.1843252107501], [76.89664084464312, 43.18432588130236], [76.8966468796134, 43.184323869645596], [76.89665894955397, 43.18432319909334], [76.896664313972, 43.18431917577982], [76.89666699618101, 43.184318505227566], [76.8966730311513, 43.18431247025728], [76.89668107777834, 43.184311129152775], [76.89668644219637, 43.18430710583925], [76.8966918066144, 43.184306435287], [76.89669381827116, 43.184303753077984], [76.89669650048018, 43.18430308252573], [76.89669985324144, 43.184300400316715], [76.89671594649553, 43.184295035898685], [76.89673405140638, 43.184293024241924], [76.8967380747199, 43.184295035898685], [76.89674008637667, 43.1842977181077], [76.89674142748117, 43.1842977181077], [76.89674276858568, 43.18430174142122], [76.89674410969019, 43.18430174142122], [76.8967454507947, 43.184303753077984], [76.89674478024244, 43.1843151524663], [76.89674209803343, 43.184318505227566], [76.89674075692892, 43.18432856351137], [76.89674880355597, 43.184351362288], [76.89674880355597, 43.184358067810535], [76.89674612134695, 43.18436946719885], [76.89674478024244, 43.184370808303356], [76.89674209803343, 43.18438086658716], [76.89673941582441, 43.184384889900684], [76.89673941582441, 43.1843875721097], [76.89673740416765, 43.18439092487097], [76.8967367336154, 43.18439830094576], [76.89673405140638, 43.18440366536379], [76.89673539251089, 43.18440701812506], [76.89673338085413, 43.18440970033407], [76.89673338085413, 43.18441238254309], [76.89673136919737, 43.1844150647521], [76.89673136919737, 43.184419088065624], [76.89672868698835, 43.184424452483654], [76.89672399312258, 43.18442914634943], [76.89672332257032, 43.184431828558445], [76.89672198146582, 43.184431828558445], [76.89672064036131, 43.18443451076746], [76.89671125262976, 43.18444322794676], [76.89670253545046, 43.18444725126028], [76.8966918066144, 43.184447921812534]]]}, "properties": {"id": 502, "class": "road", "confidence": 100.0, "source": "Almaty_5", "source_model": "unet-roads", "centroid_wkt": "POINT (76.89669415237292 43.18436751450516)", "bbox": [76.89663480967283, 43.184293024241924, 76.89674880355597, 43.184447921812534], "pixel_bbox": [2047, 193, 2217, 424], "area_m2": 115.167}}, {"type": "Feature", "geometry": {"type": "Polygon", "coordinates": [[[76.8994564935565, 43.18430442363024], [76.89945515245199, 43.184300400316715], [76.89945045858622, 43.18430107086897], [76.89944978803396, 43.18429905921221], [76.89944844692945, 43.18429905921221], [76.89944844692945, 43.1842977181077], [76.89944576472044, 43.18429570645094], [76.89944509416819, 43.18429168313742], [76.8994477763772, 43.18428698927164], [76.89945381134748, 43.18428631871939], [76.89945515245199, 43.184287659823895], [76.89946252852678, 43.18428833037615], [76.8994652107358, 43.184289671480656], [76.89946923404932, 43.184295035898685], [76.89946990460157, 43.184300400316715], [76.89946789294481, 43.184302411973476], [76.8994652107358, 43.18430308252573], [76.89946454018354, 43.18430442363024], [76.8994564935565, 43.18430442363024]]]}, "properties": {"id": 503, "class": "road", "confidence": 100.0, "source": "Almaty_5", "source_model": "unet-roads", "centroid_wkt": "POINT (76.89945803721872 43.18429496289565)", "bbox": [76.89944509416819, 43.18428631871939, 76.89946990460157, 43.18430442363024], "pixel_bbox": [6238, 407, 6275, 434], "area_m2": 2.869}}, {"type": "Feature", "geometry": {"type": "Polygon", "coordinates": [[[76.89546201378107, 43.18453710526228], [76.89544457942247, 43.18453576415777], [76.89543921500444, 43.184534423053265], [76.89543519169092, 43.18453509360552], [76.89543318003416, 43.18452838808298], [76.89542647451162, 43.18452771753073], [76.89538758248091, 43.18451497703791], [76.89536277204752, 43.18450894206762], [76.89535405486822, 43.1845049187541], [76.8953500315547, 43.18450089544058], [76.89534869045019, 43.18450089544058], [76.8953399732709, 43.18449016660452], [76.89533594995737, 43.184482119977474], [76.8953325971961, 43.18447206169367], [76.8953312560916, 43.18446669727564], [76.8953312560916, 43.184458650648594], [76.89533393830061, 43.184453286230564], [76.89533662050962, 43.1844512745738], [76.89533662050962, 43.184449933469296], [76.89533930271864, 43.18444725126028], [76.89534064382315, 43.18444725126028], [76.89534734934568, 43.18444054573774], [76.89534734934568, 43.184439204633236], [76.89535271376371, 43.184435181319714], [76.89535405486822, 43.1844324991107], [76.89535807818174, 43.18443048745394], [76.895358748734, 43.184428475797176], [76.89536076039076, 43.184428475797176], [76.89536344259977, 43.1844237819314], [76.89536813646555, 43.18442177027464], [76.89536947757006, 43.18441774696112], [76.89536679536104, 43.18441238254309], [76.89536679536104, 43.184408359229565], [76.89536478370428, 43.18440567702055], [76.89538422971964, 43.18440567702055], [76.89538087695837, 43.18441439419985], [76.8953775241971, 43.18441841751337], [76.89537819474936, 43.18442177027464], [76.89538087695837, 43.184424452483654], [76.89538221806288, 43.184424452483654], [76.89538221806288, 43.184428475797176], [76.89538490027189, 43.18442914634943], [76.89538557082415, 43.18443048745394], [76.89538892358541, 43.18443048745394], [76.89539764076471, 43.184433840215206], [76.895403675735, 43.18443451076746], [76.89541038125753, 43.1844324991107], [76.89541440457106, 43.1844324991107], [76.89541507512331, 43.18443048745394], [76.89541842788458, 43.18442914634943], [76.89541976898909, 43.184426464140415], [76.89542312175035, 43.1844237819314], [76.89542513340712, 43.18441774696112], [76.89542513340712, 43.18441104143858], [76.89542178064585, 43.1844063475728], [76.89542446285486, 43.18440433591604], [76.89542312175035, 43.18440366536379], [76.89542446285486, 43.18440232425928], [76.89542178064585, 43.18439897149801], [76.89542178064585, 43.18439360707998], [76.89541909843683, 43.18439159542322], [76.89542043954134, 43.1843875721097], [76.8954137340188, 43.18438086658716], [76.89540971070528, 43.18438019603491], [76.89540836960077, 43.1843788549304], [76.89539428800344, 43.18437751382589], [76.89539294689894, 43.184376172721386], [76.89537886530161, 43.18437751382589], [76.89537417143583, 43.184379525482655], [76.89537350088358, 43.18438086658716], [76.89536545425653, 43.18438019603491], [76.89536344259977, 43.18437818437815], [76.89536210149527, 43.18437818437815], [76.89536143094301, 43.18437550216913], [76.89535941928625, 43.184374161064625], [76.89535807818174, 43.184370808303356], [76.89535204321146, 43.18436410278082], [76.89535070210695, 43.18436410278082], [76.89535070210695, 43.18436276167631], [76.89534801989794, 43.18436075001955], [76.89534533768892, 43.18435538560152], [76.89534198492765, 43.18434063345194], [76.89534198492765, 43.1843339279294], [76.89534466713667, 43.184327222406864], [76.89534600824118, 43.18432655185461], [76.89534936100245, 43.18431984633207], [76.89535338431597, 43.18431582301855], [76.89535941928625, 43.18431247025728], [76.89536344259977, 43.18430844694376], [76.89536612480879, 43.184307776391506], [76.89537081867456, 43.184303753077984], [76.89537484198809, 43.184302411973476], [76.89537551254034, 43.18430107086897], [76.89537819474936, 43.184300400316715], [76.89537953585386, 43.184298388659954], [76.89538355916739, 43.18429704755545], [76.89538691192865, 43.18429436534643], [76.89539697021246, 43.18429168313742], [76.89541172236204, 43.18429101258516], [76.89542379230261, 43.18429235368967], [76.89543318003416, 43.18429570645094], [76.89543452113867, 43.184311129152775], [76.89543720334768, 43.18431247025728], [76.89543720334768, 43.18431381136179], [76.89543854445219, 43.18431448191404], [76.89543854445219, 43.18431984633207], [76.8954398855567, 43.18432118743658], [76.89543720334768, 43.184334598481655], [76.89543586224318, 43.18433526903391], [76.89543586224318, 43.18433728069067], [76.89543452113867, 43.18433862179518], [76.89543385058641, 43.184345327317715], [76.89543452113867, 43.184400983154774], [76.89543921500444, 43.184399642050266], [76.8954412266612, 43.184397630393505], [76.89544592052698, 43.184397630393505], [76.8954499438405, 43.184396289289], [76.89545664936304, 43.184399642050266], [76.8954586610198, 43.184399642050266], [76.89546201378107, 43.18440232425928], [76.89547140151262, 43.184405006468296], [76.89547408372164, 43.18440701812506], [76.89548213034868, 43.18440902978182], [76.8954948708415, 43.18440902978182], [76.89550023525953, 43.1844063475728], [76.89549621194601, 43.184405006468296], [76.89549822360277, 43.18440433591604], [76.89550090581179, 43.18439897149801], [76.89550291746855, 43.18438287824392], [76.89549956470728, 43.18436745554209], [76.89549755305052, 43.18436611443758], [76.89549621194601, 43.1843600794673], [76.895493529737, 43.18435873836279], [76.895493529737, 43.18435538560152], [76.89549218863249, 43.18435471504927], [76.895493529737, 43.18434800952673], [76.8954948708415, 43.18434800952673], [76.89550023525953, 43.18434331566095], [76.89550291746855, 43.18434331566095], [76.89551364630461, 43.184337951242924], [76.89552705734968, 43.18433526903391], [76.89553041011095, 43.184332586824894], [76.89553309231997, 43.18433191627264], [76.89553376287222, 43.18433057516813], [76.89553510397673, 43.18433057516813], [76.89553577452898, 43.184329234063625], [76.89553912729025, 43.18432856351137], [76.89554046839476, 43.18432588130236], [76.89554382115602, 43.18432319909334], [76.89554650336504, 43.18431716412306], [76.89554784446955, 43.184316493570805], [76.89554985612631, 43.18431045860052], [76.89555186778307, 43.184307776391506], [76.89555186778307, 43.184305764734745], [76.89556058496237, 43.184289671480656], [76.89556192606688, 43.18428497761488], [76.89556527882814, 43.18428162485361], [76.89556527882814, 43.1842802837491], [76.89556863158941, 43.18427760154009], [76.89557332545519, 43.18427558988333], [76.89557734876871, 43.18427558988333], [76.89558070152998, 43.18427424877882], [76.89559075981379, 43.18427424877882], [76.89559947699308, 43.18427760154009], [76.89559947699308, 43.184278942644596], [76.89560081809759, 43.18427961319685], [76.89560551196337, 43.18427827209234], [76.89560551196337, 43.1843151524663], [76.89560752362013, 43.18431716412306], [76.89560752362013, 43.184318505227566], [76.89560886472464, 43.184318505227566], [76.89561020582914, 43.18432118743658], [76.89561758190393, 43.18432789295912], [76.8956195935607, 43.18433191627264], [76.8956209346652, 43.18433191627264], [76.89562227576971, 43.18433593958616], [76.89562361687422, 43.184336610138416], [76.89562361687422, 43.18433862179518], [76.89562495797873, 43.18433929234743], [76.89562495797873, 43.18434063345194], [76.89562629908323, 43.18434063345194], [76.89562629908323, 43.1843426451087], [76.89563367515802, 43.184351362288], [76.89563434571028, 43.18435404449701], [76.89563702791929, 43.18435672670603], [76.89563702791929, 43.18435873836279], [76.89563971012831, 43.18436075001955], [76.89563971012831, 43.18436209112406], [76.89564172178507, 43.18436276167631], [76.89564775675535, 43.184374161064625], [76.89564775675535, 43.18437818437815], [76.89564976841211, 43.18438354879618], [76.89564909785986, 43.18439293652773], [76.89564775675535, 43.18439427763224], [76.89564641565084, 43.184399642050266], [76.89564440399408, 43.18440165370703], [76.89564507454634, 43.18440433591604], [76.89564373344183, 43.18440567702055], [76.89564105123281, 43.18440567702055], [76.89563971012831, 43.18440970033407], [76.89563635736704, 43.18441305309534], [76.89563501626253, 43.18441305309534], [76.89563434571028, 43.1844150647521], [76.89563166350126, 43.18441707640886], [76.89563099294901, 43.18442042917013], [76.89562898129225, 43.18442177027464], [76.89562629908323, 43.18442713469267], [76.89562629908323, 43.18443048745394], [76.8956195935607, 43.184433840215206], [76.89562160521746, 43.18443585187197], [76.89562361687422, 43.18443585187197], [76.89562361687422, 43.184437192976475], [76.8956209346652, 43.18443786352873], [76.89562428742647, 43.184439204633236], [76.89562495797873, 43.18444322794676], [76.89562361687422, 43.18444725126028], [76.89562160521746, 43.18444859236479], [76.8956209346652, 43.1844512745738], [76.89561825245619, 43.184453286230564], [76.89561825245619, 43.18445462733507], [76.89561557024717, 43.18445663899183], [76.89561288803816, 43.18446200340986], [76.89561020582914, 43.184462673962116], [76.89560886472464, 43.18446535617113], [76.89560618251562, 43.18446669727564], [76.89560551196337, 43.18448279052973], [76.89560282975435, 43.18448279052973], [76.8956021592021, 43.184484131634235], [76.89560081809759, 43.18448346108198], [76.89559947699308, 43.18448547273874], [76.89559545367956, 43.18448681384325], [76.89559478312731, 43.18448815494776], [76.8955921009183, 43.18448882550001], [76.89559143036604, 43.18449016660452], [76.89558606594801, 43.184492848813534], [76.89558137208223, 43.18449754267931], [76.89558070152998, 43.184500224888325], [76.89557868987322, 43.18450089544058], [76.89557801932096, 43.18450357764959], [76.8955760076642, 43.1845049187541], [76.8955746665597, 43.18450894206762], [76.89556997269392, 43.18451430648565], [76.89556997269392, 43.18451564759016], [76.89556125551462, 43.18452302366495], [76.8955572322011, 43.18452436476946], [76.89555656164885, 43.184525705873966], [76.89555454999208, 43.184525705873966], [76.89555387943983, 43.184527046978474], [76.89553778618574, 43.18453174084425], [76.89551834017038, 43.184534423053265], [76.89550627022982, 43.184534423053265], [76.89548414200544, 43.18453710526228], [76.89546201378107, 43.18453710526228]]]}, "properties": {"id": 504, "class": "road", "confidence": 100.0, "source": "Almaty_5", "source_model": "unet-roads", "centroid_wkt": "POINT (76.89549379173141 43.18441874258066)", "bbox": [76.8953312560916, 43.18427424877882, 76.89564976841211, 43.18453710526228], "pixel_bbox": [103, 60, 578, 452], "area_m2": 460.622}}, {"type": "Feature", "geometry": {"type": "Polygon", "coordinates": [[[76.89587038010359, 43.18433057516813], [76.89585763961077, 43.18432655185461], [76.89585696905851, 43.1843252107501], [76.89585361629725, 43.184323869645596], [76.89584758132696, 43.18431716412306], [76.89584758132696, 43.18430978804827], [76.89584959298372, 43.184307776391506], [76.89585160464048, 43.18430308252573], [76.89585294574499, 43.184302411973476], [76.89585495740175, 43.18429637700319], [76.89585696905851, 43.18429369479418], [76.89585696905851, 43.18429168313742], [76.89585831016302, 43.18429034203291], [76.89585831016302, 43.184282295405865], [76.89585696905851, 43.184278942644596], [76.89585696905851, 43.18427223712206], [76.89585831016302, 43.18426888436079], [76.89586233347654, 43.18426486104727], [76.8958630040288, 43.18426284939051], [76.89587775617838, 43.184255473315716], [76.89588110893965, 43.184255473315716], [76.89589854329824, 43.18425077944994], [76.89592603594065, 43.18424943834543], [76.89594347029924, 43.18425077944994], [76.89594883471727, 43.184250108897686], [76.89594883471727, 43.184255473315716], [76.89595017582178, 43.18425681442022], [76.89595755189657, 43.18425815552473], [76.89596559852362, 43.18425681442022], [76.89598839730024, 43.18425815552473], [76.89599242061377, 43.18426016718149], [76.89599376171827, 43.18426217883825], [76.89599644392729, 43.18426284939051], [76.8959977850318, 43.18426553159952], [76.89600180834532, 43.18426754325628], [76.89600583165884, 43.18427558988333], [76.89600717276335, 43.184284307062626], [76.89600851386786, 43.184284307062626], [76.89600851386786, 43.18428698927164], [76.89600985497236, 43.18428833037615], [76.89600985497236, 43.18429034203291], [76.89601119607687, 43.18429101258516], [76.89601119607687, 43.18429436534643], [76.89600985497236, 43.184295035898685], [76.89600851386786, 43.184303753077984], [76.89600717276335, 43.18430442363024], [76.8960065022111, 43.18430710583925], [76.89600382000208, 43.184309117496014], [76.89600382000208, 43.18431045860052], [76.89600046724081, 43.18431448191404], [76.89599577337503, 43.184316493570805], [76.89598571509123, 43.18431716412306], [76.89597900956869, 43.18431448191404], [76.89597699791193, 43.18431247025728], [76.89597766846418, 43.184311129152775], [76.89597431570292, 43.184307776391506], [76.89597297459841, 43.184307776391506], [76.89596828073263, 43.184302411973476], [76.89596693962812, 43.184302411973476], [76.89596693962812, 43.18430107086897], [76.8959629163146, 43.18429637700319], [76.89595889300108, 43.18429436534643], [76.8959528580308, 43.18429436534643], [76.89595151692629, 43.18429235368967], [76.89595017582178, 43.18429235368967], [76.89594883471727, 43.18429436534643], [76.89594883471727, 43.184327222406864], [76.89594279974699, 43.18432655185461], [76.89593341201544, 43.18432990461588], [76.89587038010359, 43.18433057516813]]]}, "properties": {"id": 505, "class": "road", "confidence": 100.0, "source": "Almaty_5", "source_model": "unet-roads", "centroid_wkt": "POINT (76.89592489525937 43.18428945256187)", "bbox": [76.89584758132696, 43.18424943834543, 76.89601119607687, 43.18433057516813], "pixel_bbox": [873, 368, 1117, 489], "area_m2": 89.861}}, {"type": "Feature", "geometry": {"type": "Polygon", "coordinates": [[[76.89793433994055, 43.18432252854109], [76.89793165773153, 43.18432118743658], [76.89792830497026, 43.18432118743658], [76.89792159944773, 43.18431783467531], [76.8979175761342, 43.18431247025728], [76.8979175761342, 43.18430442363024], [76.89791891723871, 43.184298388659954], [76.89792294055223, 43.1842890009284], [76.897924952209, 43.18428698927164], [76.897924952209, 43.18428497761488], [76.8979336693883, 43.18427558988333], [76.89794171601534, 43.184271566569805], [76.89794238656759, 43.1842702254653], [76.89794640988111, 43.18426888436079], [76.89794775098562, 43.18426687270403], [76.89794976264238, 43.184266202151775], [76.89794976264238, 43.18426486104727], [76.89795110374689, 43.18426486104727], [76.89795512706041, 43.184261508286], [76.89795512706041, 43.18425949662924], [76.89795646816492, 43.184258826076984], [76.89795780926943, 43.18425480276346], [76.89795713871717, 43.18424742668867], [76.89795982092619, 43.1842440739274], [76.89796049147844, 43.184239380061626], [76.89796183258295, 43.184239380061626], [76.89796183258295, 43.18423803895712], [76.89795982092619, 43.18423803895712], [76.89795982092619, 43.18423669785261], [76.89795780926943, 43.184235356748104], [76.89798127859831, 43.184235356748104], [76.89797926694155, 43.18423803895712], [76.89797926694155, 43.18424005061388], [76.89798261970282, 43.18424675613642], [76.89798261970282, 43.18425212055445], [76.8979785963893, 43.18426016718149], [76.89797591418028, 43.18426284939051], [76.89797591418028, 43.18426486104727], [76.89797390252352, 43.18426687270403], [76.89797256141901, 43.18427089601755], [76.89797256141901, 43.18427626043558], [76.89797658473253, 43.18428497761488], [76.8979785963893, 43.18428564816713], [76.8979785963893, 43.18428698927164], [76.8979799374938, 43.184287659823895], [76.89798127859831, 43.184293024241924], [76.89798261970282, 43.18429369479418], [76.89798463135958, 43.184298388659954], [76.89798664301634, 43.18429972976446], [76.89798329025507, 43.18430978804827], [76.89797792583704, 43.184313140809536], [76.89797524362803, 43.184313140809536], [76.89797256141901, 43.1843151524663], [76.8979611620307, 43.18431783467531], [76.89795780926943, 43.18431984633207], [76.89794506877661, 43.18432118743658], [76.89794238656759, 43.18432252854109], [76.89793433994055, 43.18432252854109]]]}, "properties": {"id": 506, "class": "road", "confidence": 100.0, "source": "Almaty_5", "source_model": "unet-roads", "centroid_wkt": "POINT (76.89795483351737 43.18428674092289)", "bbox": [76.8979175761342, 43.184235356748104, 76.89798664301634, 43.18432252854109], "pixel_bbox": [3960, 380, 4063, 510], "area_m2": 31.995}}, {"type": "Feature", "geometry": {"type": "Polygon", "coordinates": [[[76.89735565334558, 43.18427424877882], [76.89735498279333, 43.18427290767431], [76.8973496183753, 43.1842702254653], [76.89734760671854, 43.18426754325628], [76.89734626561403, 43.18424876779318], [76.89734626561403, 43.184239380061626], [76.89734693616629, 43.18423803895712], [76.8973482772708, 43.18423803895712], [76.89734760671854, 43.184235356748104], [76.89734894782305, 43.184235356748104], [76.89734894782305, 43.1842340156436], [76.89737442880869, 43.1842340156436], [76.89737442880869, 43.184235356748104], [76.8973771110177, 43.184235356748104], [76.8973757699132, 43.184237368404865], [76.8973757699132, 43.184239380061626], [76.8973771110177, 43.18424005061388], [76.89737644046545, 43.18424742668867], [76.89737241715193, 43.184255473315716], [76.89737107604742, 43.18425614386797], [76.89736973494291, 43.18426351994276], [76.89736772328615, 43.18426821380854], [76.89736504107714, 43.1842702254653], [76.89736504107714, 43.184271566569805], [76.89736302942038, 43.184273578226566], [76.89735565334558, 43.18427424877882]]]}, "properties": {"id": 507, "class": "road", "confidence": 100.0, "source": "Almaty_5", "source_model": "unet-roads", "centroid_wkt": "POINT (76.89736051622727 43.184251330792904)", "bbox": [76.89734626561403, 43.1842340156436, 76.8973771110177, 43.18427424877882], "pixel_bbox": [3108, 452, 3154, 512], "area_m2": 8.894}}, {"type": "Feature", "geometry": {"type": "Polygon", "coordinates": [[[76.89974550157785, 43.18426351994276], [76.89973544329405, 43.18426016718149], [76.89972806721926, 43.18425212055445], [76.89972806721926, 43.18425077944994], [76.8997260555625, 43.18424876779318], [76.8997260555625, 43.184235356748104], [76.89973074942827, 43.184235356748104], [76.89973074942827, 43.1842340156436], [76.8997361138463, 43.18423334509134], [76.89973745495081, 43.184232003986835], [76.89973678439856, 43.18423066288233], [76.89973812550306, 43.18422798067331], [76.89974080771208, 43.18422731012106], [76.89974214881659, 43.1842252984643], [76.89974751323462, 43.184224627912045], [76.89975153654814, 43.18422596901655], [76.8997535482049, 43.18423066288233], [76.89975623041391, 43.18423334509134], [76.89975757151842, 43.18423334509134], [76.89974952489138, 43.1842340156436], [76.89974952489138, 43.184235356748104], [76.89975086599588, 43.184235356748104], [76.89975220710039, 43.184237368404865], [76.89975623041391, 43.18423803895712], [76.89975690096617, 43.18424005061388], [76.89975891262293, 43.184240721166134], [76.89976092427969, 43.184246085584164], [76.89976092427969, 43.18424943834543], [76.89975958317518, 43.18425145000219], [76.89975958317518, 43.18425413221121], [76.89975824207067, 43.18425480276346], [76.89975757151842, 43.18425748497248], [76.89975555986166, 43.184258826076984], [76.89975421875715, 43.184261508286], [76.89975153654814, 43.18426284939051], [76.89974550157785, 43.18426351994276]], [[76.899727396667, 43.18423602730036], [76.89972806721926, 43.18423669785261], [76.89972806721926, 43.18423602730036], [76.899727396667, 43.18423602730036]]]}, "properties": {"id": 508, "class": "road", "confidence": 100.0, "source": "Almaty_5", "source_model": "unet-roads", "centroid_wkt": "POINT (76.8997438803736 43.18424484796191)", "bbox": [76.8997260555625, 43.184224627912045, 76.89976092427969, 43.18426351994276], "pixel_bbox": [6657, 468, 6709, 526], "area_m2": 8.555}}, {"type": "Feature", "geometry": {"type": "Polygon", "coordinates": [[[76.89860086888075, 43.18423334509134], [76.89856197685003, 43.18423334509134], [76.89856197685003, 43.184232003986835], [76.89856667071581, 43.18423133343458], [76.89856465905905, 43.18422865122557], [76.89856264740229, 43.18422865122557], [76.89856331795454, 43.1842252984643], [76.8985740467906, 43.184217251837254], [76.8985928222537, 43.184217251837254], [76.89859550446272, 43.184219263494015], [76.8986001983285, 43.18422060459852], [76.89860220998526, 43.18422328680754], [76.89860355108976, 43.18422328680754], [76.89860355108976, 43.184224627912045], [76.89860556274652, 43.1842252984643], [76.89860690385103, 43.18422798067331], [76.89860556274652, 43.184232003986835], [76.89860086888075, 43.18423334509134]]]}, "properties": {"id": 509, "class": "road", "confidence": 100.0, "source": "Almaty_5", "source_model": "unet-roads", "centroid_wkt": "POINT (76.89858485855548 43.184225757983505)", "bbox": [76.89856197685003, 43.184217251837254, 76.89860690385103, 43.18423334509134], "pixel_bbox": [4921, 513, 4988, 537], "area_m2": 5.29}}, {"type": "Feature", "geometry": {"type": "Polygon", "coordinates": [[[76.89906220883131, 43.184232003986835], [76.89906287938356, 43.18423066288233], [76.89906019717455, 43.18422731012106], [76.8990595266223, 43.184221275150776], [76.89906019717455, 43.18421859294176], [76.89906220883131, 43.184217251837254], [76.89906287938356, 43.18421524018049], [76.89906489104033, 43.18421456962824], [76.89906690269709, 43.184210546314716], [76.89907360821962, 43.1842078641057], [76.89907629042864, 43.18420249968767], [76.89908567816019, 43.18420249968767], [76.8990870192647, 43.18420384079218], [76.89909037202597, 43.18420451134443], [76.89909037202597, 43.184206523001194], [76.89909171313047, 43.1842078641057], [76.89909238368273, 43.18421524018049], [76.89909171313047, 43.184219263494015], [76.89908903092146, 43.184224627912045], [76.8990870192647, 43.184224627912045], [76.89908299595118, 43.18422798067331], [76.89907092601061, 43.18422865122557], [76.89907025545835, 43.18423066288233], [76.89906623214483, 43.18423066288233], [76.89906690269709, 43.184232003986835], [76.89906220883131, 43.184232003986835]]]}, "properties": {"id": 510, "class": "road", "confidence": 100.0, "source": "Almaty_5", "source_model": "unet-roads", "centroid_wkt": "POINT (76.89907708176219 43.18421694127845)", "bbox": [76.8990595266223, 43.18420249968767, 76.89909238368273, 43.184232003986835], "pixel_bbox": [5663, 515, 5712, 559], "area_m2": 5.986}}, {"type": "Feature", "geometry": {"type": "Polygon", "coordinates": [[[76.89622711390257, 43.1842702254653], [76.89622242003679, 43.18426821380854], [76.89621102064848, 43.184266202151775], [76.8962063267827, 43.18426351994276], [76.89620096236467, 43.18426284939051], [76.89620029181242, 43.184261508286], [76.8961962684989, 43.18426016718149], [76.89619492739439, 43.18425815552473], [76.89618218690157, 43.18425480276346], [76.89615737646818, 43.18425413221121], [76.89614061266184, 43.18425748497248], [76.89613457769156, 43.18425748497248], [76.89612317830324, 43.18425413221121], [76.89612183719873, 43.18425480276346], [76.89612049609423, 43.184253461658955], [76.89612049609423, 43.1842340156436], [76.89613323658705, 43.18423334509134], [76.89612988382578, 43.184229992330074], [76.89612854272127, 43.184224627912045], [76.89612988382578, 43.18422194570303], [76.89613122493029, 43.18421322852373], [76.89613323658705, 43.18420920521021], [76.89613658934832, 43.18420585244894], [76.89614798873663, 43.18420048803091], [76.89615335315466, 43.18420048803091], [76.89615603536367, 43.1841991469264], [76.8961687758565, 43.18419981747866], [76.89617279917002, 43.184203170239925], [76.89617548137903, 43.18420384079218], [76.89617615193129, 43.18420518189669], [76.89618956297636, 43.18421121686697], [76.8961976096034, 43.184217251837254], [76.89620833843946, 43.18421993404627], [76.89621303230524, 43.18421993404627], [76.89621638506651, 43.18422261625528], [76.89621839672327, 43.18422261625528], [76.89622309058905, 43.1842252984643], [76.89622577279806, 43.1842252984643], [76.89622711390257, 43.18422731012106], [76.89623180776834, 43.18422865122557], [76.8962338194251, 43.18423133343458], [76.89623516052961, 43.18423133343458], [76.89623516052961, 43.18423267453909], [76.89623784273863, 43.1842340156436], [76.89625728875399, 43.1842340156436], [76.89625930041075, 43.18423602730036], [76.896259970963, 43.184246085584164], [76.89625661820173, 43.18425815552473], [76.89624924212694, 43.18426553159952], [76.89624454826117, 43.18426821380854], [76.89623717218637, 43.1842702254653], [76.89622711390257, 43.1842702254653]]]}, "properties": {"id": 511, "class": "road", "confidence": 100.0, "source": "Almaty_5", "source_model": "unet-roads", "centroid_wkt": "POINT (76.89618687960814 43.18423672880913)", "bbox": [76.89612049609423, 43.1841991469264, 76.896259970963, 43.1842702254653], "pixel_bbox": [1280, 458, 1488, 564], "area_m2": 54.422}}, {"type": "Feature", "geometry": {"type": "Polygon", "coordinates": [[[76.8993042781949, 43.1845773383975], [76.89930964261293, 43.184575997292995], [76.89930628985167, 43.18457465618849], [76.89930628985167, 43.184570632874966], [76.89931232482195, 43.184565268456936], [76.89931366592646, 43.184565268456936], [76.89931567758322, 43.18456258624792], [76.89931970089674, 43.18456057459116], [76.8993217125535, 43.184557892382145], [76.89932305365801, 43.184557892382145], [76.89933110028505, 43.18454850465059], [76.8993317708373, 43.18453777581453], [76.8993304297328, 43.18453509360552], [76.8993304297328, 43.184529058635235], [76.89933512359858, 43.18452637642622], [76.89933646470308, 43.18452436476946], [76.89933378249407, 43.18452302366495], [76.89933378249407, 43.18452101200819], [76.89933512359858, 43.18451967090368], [76.89933445304632, 43.18450894206762], [76.89932908862829, 43.184502236545086], [76.89932372421026, 43.18449955433607], [76.89931500703096, 43.184491507709026], [76.8993129953742, 43.18448681384325], [76.89931366592646, 43.18447608500719], [76.89931500703096, 43.18447474390268], [76.89931567758322, 43.184466026723385], [76.89932104200125, 43.18445596843958], [76.89932305365801, 43.18444926291704], [76.89932841807604, 43.18444389849901], [76.89932975918055, 43.18444389849901], [76.89932975918055, 43.184442557394505], [76.89933110028505, 43.184442557394505], [76.89933713525534, 43.184437192976475], [76.89934249967337, 43.18443585187197], [76.89934317022562, 43.18443451076746], [76.89934518188238, 43.18443451076746], [76.89934853464365, 43.1844324991107], [76.89936798065901, 43.18443115800619], [76.89937938004732, 43.184433840215206], [76.89938206225634, 43.18443316966295], [76.89938139170408, 43.18437483161688], [76.89938005059958, 43.18437349051237], [76.89937870949507, 43.18437483161688], [76.89937468618155, 43.18437147885561], [76.89937133342028, 43.18437147885561], [76.8993666395545, 43.18436946719885], [76.89936328679323, 43.184365443885326], [76.89936261624098, 43.18436276167631], [76.89936127513647, 43.18436209112406], [76.89935926347971, 43.184356056153774], [76.89935926347971, 43.18434935063124], [76.89936261624098, 43.184341974556446], [76.89936395734549, 43.184341974556446], [76.89936395734549, 43.18434063345194], [76.89936529845, 43.18434063345194], [76.89936798065901, 43.184337951242924], [76.89937468618155, 43.18433526903391], [76.89937602728605, 43.18433325737715], [76.89937803894281, 43.18433325737715], [76.89937803894281, 43.18433124572039], [76.89938072115183, 43.18433124572039], [76.89938139170408, 43.184329234063625], [76.89938206225634, 43.184269554913044], [76.89938005059958, 43.18426687270403], [76.89937803894281, 43.18426687270403], [76.89937468618155, 43.18426351994276], [76.89937468618155, 43.18426217883825], [76.89936798065901, 43.18425614386797], [76.89936798065901, 43.18425480276346], [76.89936529845, 43.1842527911067], [76.89936462789774, 43.184250108897686], [76.8993579223752, 43.18424340337515], [76.8993579223752, 43.18424206227064], [76.89935591071844, 43.184240721166134], [76.89935591071844, 43.18423468619585], [76.89934585243464, 43.1842340156436], [76.89934451133013, 43.184224627912045], [76.89934719353914, 43.184221275150776], [76.89934853464365, 43.184216581285], [76.89935054630041, 43.18421456962824], [76.89936060458422, 43.18420920521021], [76.8993666395545, 43.18420920521021], [76.89937401562929, 43.184210546314716], [76.89937602728605, 43.184211887419224], [76.89937938004732, 43.184211887419224], [76.89937938004732, 43.18421322852373], [76.89938072115183, 43.18421255797148], [76.89938072115183, 43.18421121686697], [76.89938206225634, 43.184210546314716], [76.89938206225634, 43.184181712567806], [76.89938273280859, 43.18417567759752], [76.8993840739131, 43.184174336493015], [76.8993854150176, 43.18417835980654], [76.89938943833113, 43.18418238312006], [76.89939212054014, 43.184183053672314], [76.89939748495817, 43.18418774753809], [76.89940821379423, 43.18420719355345], [76.89941089600325, 43.18420920521021], [76.89941089600325, 43.184210546314716], [76.89941223710775, 43.184210546314716], [76.89941357821226, 43.18421255797148], [76.89941491931677, 43.18421255797148], [76.8994202837348, 43.184217251837254], [76.8994202837348, 43.18421859294176], [76.89942296594381, 43.184221275150776], [76.89942296594381, 43.18422328680754], [76.89942430704832, 43.18422395735979], [76.89942564815283, 43.18422865122557], [76.89942698925734, 43.18422932177782], [76.89942765980959, 43.1842340156436], [76.89942631870508, 43.18423468619585], [76.89942765980959, 43.184235356748104], [76.89942833036184, 43.184242732822895], [76.89942631870508, 43.18424876779318], [76.89942430704832, 43.18425077944994], [76.89942229539156, 43.18425748497248], [76.8994216248393, 43.1842702254653], [76.89942229539156, 43.184273578226566], [76.89942430704832, 43.18427626043558], [76.89942430704832, 43.18427961319685], [76.89942631870508, 43.18428363651037], [76.89942698925734, 43.1842890009284], [76.89942631870508, 43.18431381136179], [76.89942833036184, 43.18431716412306], [76.8994303420186, 43.184327222406864], [76.89943168312311, 43.18432856351137], [76.89943503588438, 43.18436075001955], [76.89944107085466, 43.184376172721386], [76.89944375306368, 43.184392265975475], [76.89944308251143, 43.184399642050266], [76.89944174140692, 43.184400983154774], [76.89944174140692, 43.18440433591604], [76.89944040030241, 43.18440567702055], [76.89942833036184, 43.18440567702055], [76.89942765980959, 43.18440970033407], [76.89942497760057, 43.18441305309534], [76.89942430704832, 43.18441640585661], [76.89942229539156, 43.18441774696112], [76.89941894263029, 43.18442579358816], [76.89941693097353, 43.184426464140415], [76.89941558986902, 43.184429816901684], [76.89941424876451, 43.184429816901684], [76.89941357821226, 43.184433840215206], [76.89941223710775, 43.18443451076746], [76.89940821379423, 43.184444569051266], [76.89940620213747, 43.18444523960352], [76.89940620213747, 43.18444658070803], [76.89940351992846, 43.184447921812534], [76.89940217882395, 43.184449933469296], [76.89940083771944, 43.184449933469296], [76.89940083771944, 43.18445194512606], [76.89939882606268, 43.18445261567831], [76.89939681440592, 43.184455297887325], [76.89938742667437, 43.184460662305355], [76.89938608556986, 43.184462673962116], [76.89938340336084, 43.18446334451437], [76.89938273280859, 43.184466026723385], [76.89938072115183, 43.18446468561888], [76.89938072115183, 43.184466026723385], [76.89937938004732, 43.18446669727564], [76.89937066286802, 43.184484131634235], [76.89937066286802, 43.18449553102255], [76.89937200397253, 43.184498213231564], [76.89937200397253, 43.18450156599283], [76.89937334507704, 43.184502236545086], [76.89937468618155, 43.184505589306355], [76.89937736839056, 43.18450693041086], [76.89938005059958, 43.18451162427664], [76.89938273280859, 43.184510953724384], [76.8993840739131, 43.1845136359334], [76.89938608556986, 43.1845136359334], [76.89938675612211, 43.18451497703791], [76.89939547330141, 43.18451900035143], [76.89940351992846, 43.184520341455936], [76.89940955489874, 43.18451900035143], [76.89941089600325, 43.18451765924692], [76.89941424876451, 43.18451765924692], [76.89941693097353, 43.18451497703791], [76.8994202837348, 43.1845136359334], [76.8994202837348, 43.18451229482889], [76.89942363649607, 43.18450961261988], [76.89942430704832, 43.18450424820185], [76.89942564815283, 43.18450357764959], [76.89942698925734, 43.184500224888325], [76.89942698925734, 43.184494860470295], [76.89942967146635, 43.18448480218649], [76.89943101257086, 43.18448480218649], [76.89943302422762, 43.18448144942522], [76.89943704754114, 43.18448010832071], [76.8994390591979, 43.18447809666395], [76.89944107085466, 43.18447809666395], [76.8994464352727, 43.18448077887297], [76.89945112913847, 43.184487484395504], [76.89945112913847, 43.18449754267931], [76.89944844692945, 43.184505589306355], [76.89944844692945, 43.18450961261988], [76.89944978803396, 43.184510953724384], [76.89945112913847, 43.18451765924692], [76.89945381134748, 43.1845223531127], [76.89945448189974, 43.184525705873966], [76.89945314079523, 43.184527046978474], [76.89945515245199, 43.184529058635235], [76.89945515245199, 43.18453039973974], [76.899457834661, 43.184531070291996], [76.89945917576551, 43.18453308194876], [76.89946722239256, 43.18453710526228], [76.89946990460157, 43.18454045802355], [76.89947258681059, 43.1845411285758], [76.8994752690196, 43.18454448133707], [76.89947661012411, 43.18454448133707], [76.89947929233313, 43.184547163546085], [76.89948465675116, 43.1845498457551], [76.89948666840792, 43.1845498457551], [76.89949471503496, 43.184554539620876], [76.89950007945299, 43.184555880725384], [76.89951281994581, 43.18456258624792], [76.89952354878187, 43.184570632874966], [76.89952421933413, 43.18457532674074], [76.89952220767736, 43.184575997292995], [76.89953025430441, 43.1845773383975], [76.8993042781949, 43.1845773383975]]]}, "properties": {"id": 512, "class": "road", "confidence": 100.0, "source": "Almaty_5", "source_model": "unet-roads", "centroid_wkt": "POINT (76.89939549350552 43.18442573048871)", "bbox": [76.8993042781949, 43.184174336493015, 76.89953025430441, 43.1845773383975], "pixel_bbox": [6028, 0, 6365, 601], "area_m2": 261.499}}, {"type": "Feature", "geometry": {"type": "Polygon", "coordinates": [[[76.90097127109766, 43.18416427820921], [76.90095718950033, 43.184161596000195], [76.90095450729132, 43.18416025489569], [76.9009518250823, 43.184156231582165], [76.90095450729132, 43.184154219925404], [76.90095450729132, 43.184152878820896], [76.90095718950033, 43.18415153771639], [76.90096523612738, 43.184150867164135], [76.90096791833639, 43.18415220826864], [76.9009692594409, 43.184154219925404], [76.90097328275442, 43.18415489047766], [76.90097730606794, 43.18416025489569], [76.90097730606794, 43.18416226655245], [76.90097596496344, 43.184163607656956], [76.90097127109766, 43.18416427820921]]]}, "properties": {"id": 513, "class": "road", "confidence": 100.0, "source": "Almaty_5", "source_model": "unet-roads", "centroid_wkt": "POINT (76.90096509350093 43.18415742896563)", "bbox": [76.9009518250823, 43.184150867164135, 76.90097730606794, 43.18416427820921], "pixel_bbox": [8485, 616, 8523, 636], "area_m2": 2.073}}, {"type": "Feature", "geometry": {"type": "Polygon", "coordinates": [[[76.90063800662756, 43.18422731012106], [76.90063130110502, 43.18422596901655], [76.90062861889601, 43.18422395735979], [76.90062861889601, 43.18422194570303], [76.90062660723925, 43.184219263494015], [76.90062593668699, 43.184206523001194], [76.90062928944826, 43.184197805821896], [76.90062928944826, 43.18419512361288], [76.90063130110502, 43.184192441403866], [76.90063264220953, 43.184187076985836], [76.90063465386629, 43.184185065329075], [76.90063465386629, 43.18418238312006], [76.9006373360753, 43.18417835980654], [76.9006373360753, 43.18417567759752], [76.90063934773207, 43.18417098373175], [76.90064135938883, 43.184168972074986], [76.90064270049334, 43.184168972074986], [76.90065074712038, 43.18415958434343], [76.90065208822489, 43.18415958434343], [76.90065678209066, 43.18415556102991], [76.90065946429968, 43.18415489047766], [76.90066415816545, 43.18415019661188], [76.90067086368799, 43.18414818495512], [76.90067689865828, 43.18414483219385], [76.90067958086729, 43.18414483219385], [76.90068159252405, 43.184143491089344], [76.90069232136011, 43.184143491089344], [76.90069634467363, 43.18414214998484], [76.90070036798716, 43.18414214998484], [76.90070237964392, 43.184143491089344], [76.90070975571871, 43.184143491089344], [76.90071377903223, 43.18414684385061], [76.90072450786829, 43.18414952605963], [76.90073054283857, 43.18415556102991], [76.90073188394308, 43.18415891379118], [76.90073188394308, 43.1841629371047], [76.9007271900773, 43.18416763097048], [76.90071914345026, 43.18416830152273], [76.90071646124125, 43.18416964262724], [76.90071042627096, 43.18417031317949], [76.9007084146142, 43.184171654284], [76.90070237964392, 43.184172324836254], [76.90069299191236, 43.18417701870203], [76.90068762749434, 43.18418238312006], [76.90068628638983, 43.18418238312006], [76.90067958086729, 43.1841890886426], [76.90067689865828, 43.18419378250837], [76.90067287534475, 43.18419713526964], [76.90066616982222, 43.184210546314716], [76.90066415816545, 43.184211887419224], [76.9006621465087, 43.184216581285], [76.90065745264292, 43.18422194570303], [76.9006460532546, 43.184226639568806], [76.90063800662756, 43.18422731012106]]]}, "properties": {"id": 514, "class": "road", "confidence": 100.0, "source": "Almaty_5", "source_model": "unet-roads", "centroid_wkt": "POINT (76.90067041261214 43.18417897576733)", "bbox": [76.90062593668699, 43.18414214998484, 76.90073188394308, 43.18422731012106], "pixel_bbox": [7999, 522, 8157, 649], "area_m2": 39.029}}, {"type": "Feature", "geometry": {"type": "Polygon", "coordinates": [[[76.89649868756533, 43.184152878820896], [76.89648929983377, 43.184150867164135], [76.89648326486349, 43.18414617329836], [76.89648192375898, 43.18414617329836], [76.89648058265448, 43.1841441616416], [76.89647924154997, 43.1841441616416], [76.89647790044546, 43.18414214998484], [76.89647387713194, 43.18414080888033], [76.89647320657969, 43.18413946777582], [76.89646851271391, 43.18413745611906], [76.89646650105715, 43.184138126671314], [76.89646650105715, 43.18413678556681], [76.89646515995264, 43.18413745611906], [76.89646515995264, 43.18412873893976], [76.89646784216166, 43.18412806838751], [76.89646985381842, 43.18412538617849], [76.89647387713194, 43.18412538617849], [76.89647454768419, 43.184124045073986], [76.89647991210222, 43.18412471562624], [76.8964946642518, 43.18412337452173], [76.89650472253561, 43.18412605673075], [76.89651746302843, 43.18413209170103], [76.8965208157897, 43.18413678556681], [76.8965208157897, 43.18414282053709], [76.89651880413294, 43.18414483219385], [76.89651880413294, 43.18414617329836], [76.89651679247618, 43.18414818495512], [76.89651142805815, 43.18414952605963], [76.89650874584913, 43.18415153771639], [76.89649868756533, 43.184152878820896]]]}, "properties": {"id": 515, "class": "road", "confidence": 100.0, "source": "Almaty_5", "source_model": "unet-roads", "centroid_wkt": "POINT (76.896494633863 43.18413684393331)", "bbox": [76.89646515995264, 43.18412337452173, 76.8965208157897, 43.184152878820896], "pixel_bbox": [1794, 633, 1877, 677], "area_m2": 10.447}}, {"type": "Feature", "geometry": {"type": "Polygon", "coordinates": [[[76.90026719123125, 43.18417366594076], [76.90026585012674, 43.184172324836254], [76.90026115626097, 43.18417098373175], [76.90026115626097, 43.18416964262724], [76.90025847405195, 43.184168972074986], [76.90025713294744, 43.18416561931372], [76.90025579184294, 43.18416561931372], [76.90025512129068, 43.184163607656956], [76.90025243908167, 43.1841629371047], [76.90025243908167, 43.184161596000195], [76.90025042742491, 43.18415958434343], [76.9002490863204, 43.18415958434343], [76.9002490863204, 43.184158243238926], [76.90024640411139, 43.18415757268667], [76.90024573355913, 43.184154219925404], [76.90024439245462, 43.18415489047766], [76.90024506300688, 43.184143491089344], [76.90024707466364, 43.18413745611906], [76.90024707466364, 43.184132762253284], [76.90024841576815, 43.18413142114878], [76.90024841576815, 43.18412873893976], [76.90024975687265, 43.18412806838751], [76.90025042742491, 43.18411935120821], [76.90025243908167, 43.1841180101037], [76.90025243908167, 43.18411599844694], [76.90025445073843, 43.18411398679018], [76.90025445073843, 43.18411063402891], [76.90025713294744, 43.18410661071539], [76.9002578034997, 43.18410258740187], [76.90025981515646, 43.184100575745106], [76.90026450902224, 43.184098564088345], [76.90026987344027, 43.1840992346406], [76.90027724951506, 43.18410325795412], [76.90027993172407, 43.18410325795412], [76.90028127282858, 43.18410526961088], [76.90028462558985, 43.18410661071539], [76.9002852961421, 43.18410862237215], [76.90028730779886, 43.18410996347666], [76.90028797835112, 43.18411264568567], [76.90028999000788, 43.18411398679018], [76.90028999000788, 43.1841180101037], [76.90029133111238, 43.18412069231272], [76.90029066056013, 43.184122033417225], [76.90029200166464, 43.18412337452173], [76.90029066056013, 43.18414214998484], [76.90028864890337, 43.184145502746105], [76.90028797835112, 43.18415489047766], [76.90028663724661, 43.184156231582165], [76.9002852961421, 43.184161596000195], [76.9002765789628, 43.184171654284], [76.90027188509703, 43.18417366594076], [76.90026719123125, 43.18417366594076]]]}, "properties": {"id": 516, "class": "road", "confidence": 100.0, "source": "Almaty_5", "source_model": "unet-roads", "centroid_wkt": "POINT (76.90026931579679 43.184136036224714)", "bbox": [76.90024439245462, 43.184098564088345, 76.90029200166464, 43.18417366594076], "pixel_bbox": [7430, 602, 7501, 714], "area_m2": 23.678}}, {"type": "Feature", "geometry": {"type": "Polygon", "coordinates": [[[76.90101083368063, 43.18410526961088], [76.90100479871035, 43.18410325795412], [76.90100144594908, 43.184100575745106], [76.90099742263556, 43.18409990519285], [76.90099474042654, 43.18409588187933], [76.90099742263556, 43.1840905174613], [76.90100010484457, 43.184089846909046], [76.9010054692626, 43.184085823595524], [76.90101485699415, 43.18408649414778], [76.90101888030767, 43.18408850580454], [76.90102022141218, 43.1840905174613], [76.90102022141218, 43.18409588187933], [76.90101820975542, 43.18410325795412], [76.90101619809866, 43.18410459905863], [76.90101083368063, 43.18410526961088]]]}, "properties": {"id": 517, "class": "road", "confidence": 100.0, "source": "Almaty_5", "source_model": "unet-roads", "centroid_wkt": "POINT (76.9010092486889 43.18409493550878)", "bbox": [76.90099474042654, 43.184085823595524, 76.90102022141218, 43.18410526961088], "pixel_bbox": [8549, 704, 8587, 733], "area_m2": 3.298}}, {"type": "Feature", "geometry": {"type": "Polygon", "coordinates": [[[76.89749512821436, 43.184080459177494], [76.89749378710985, 43.18407777696848], [76.89749378710985, 43.18406369537115], [76.89750988036394, 43.18406369537115], [76.89750920981169, 43.18406503647566], [76.89750652760267, 43.18406570702791], [76.89750585705042, 43.18407107144594], [76.89750384539366, 43.184075094759464], [76.89750250428915, 43.184075094759464], [76.89750116318464, 43.184077106416225], [76.89749848097563, 43.18407777696848], [76.89749713987112, 43.18407978862524], [76.89749512821436, 43.184080459177494]]]}, "properties": {"id": 518, "class": "road", "confidence": 100.0, "source": "Almaty_5", "source_model": "unet-roads", "centroid_wkt": "POINT (76.89749994479268 43.184070020321975)", "bbox": [76.89749378710985, 43.18406369537115, 76.89750988036394, 43.184080459177494], "pixel_bbox": [3328, 741, 3352, 766], "area_m2": 1.533}}, {"type": "Feature", "geometry": {"type": "Polygon", "coordinates": [[[76.89637329429388, 43.184075094759464], [76.8963686004281, 43.184069730341434], [76.89636591821909, 43.18407040089369], [76.89636524766684, 43.184071741998196], [76.89636122435331, 43.184071741998196], [76.89635921269655, 43.184069730341434], [76.8963598832488, 43.18406704813242], [76.89635317772627, 43.184066377580166], [76.89635116606951, 43.18406369537115], [76.8963960930705, 43.18406369537115], [76.896394751966, 43.18406503647566], [76.89639072865248, 43.18406570702791], [76.89639005810022, 43.18406704813242], [76.89638804644346, 43.18406704813242], [76.89638804644346, 43.18406838923693], [76.89638670533895, 43.18406905978918], [76.89638268202543, 43.18406905978918], [76.89638268202543, 43.18407040089369], [76.89637865871191, 43.18407442420721], [76.89637329429388, 43.184075094759464]]]}, "properties": {"id": 519, "class": "road", "confidence": 100.0, "source": "Almaty_5", "source_model": "unet-roads", "centroid_wkt": "POINT (76.8963734478333 43.18406724307783)", "bbox": [76.89635116606951, 43.18406369537115, 76.8963960930705, 43.184075094759464], "pixel_bbox": [1624, 749, 1691, 766], "area_m2": 2.422}}, {"type": "Feature", "geometry": {"type": "Polygon", "coordinates": [[[76.90006736665964, 43.18421121686697], [76.90006602555513, 43.18420920521021], [76.90006468445063, 43.18420920521021], [76.90006468445063, 43.1842078641057], [76.90006133168936, 43.1842078641057], [76.90005999058485, 43.18420920521021], [76.90005529671907, 43.184208534657955], [76.90005395561457, 43.184206523001194], [76.90005127340555, 43.18420518189669], [76.90004993230104, 43.184201158583164], [76.90004725009203, 43.184197805821896], [76.90004725009203, 43.184195794165134], [76.90004590898752, 43.18419512361288], [76.90004389733076, 43.1841890886426], [76.90003987401724, 43.18418439477682], [76.90003987401724, 43.18418238312006], [76.90003853291273, 43.18418104201555], [76.90003585070372, 43.184172324836254], [76.90003450959921, 43.184171654284], [76.9000331684947, 43.18416628986597], [76.9000318273902, 43.18416561931372], [76.90003048628569, 43.184161596000195], [76.90002579241991, 43.18415556102991], [76.9000244513154, 43.18414147943258], [76.90002579241991, 43.18413879722357], [76.90002579241991, 43.184129409492016], [76.90002847462893, 43.184122033417225], [76.90002847462893, 43.18411532789469], [76.90002378076315, 43.184105940163136], [76.90002109855413, 43.18410526961088], [76.90002042800188, 43.184103928506374], [76.90001171082258, 43.18410459905863], [76.90000768750906, 43.18410258740187], [76.9000070169568, 43.18410124629736], [76.90000433474779, 43.184100575745106], [76.90000299364328, 43.184098564088345], [76.90000165253878, 43.184098564088345], [76.90000031143427, 43.18409655243158], [76.89999897032976, 43.18409655243158], [76.89999762922525, 43.18409454077482], [76.89999360591173, 43.18409252911806], [76.89999092370272, 43.18408917635679], [76.89998220652342, 43.18408515304327], [76.89995940774679, 43.18408515304327], [76.89995605498552, 43.18408649414778], [76.89995605498552, 43.184087835252285], [76.8999506905675, 43.18408850580454], [76.89994599670172, 43.18409387022257], [76.89994398504496, 43.18409454077482], [76.89994398504496, 43.18409588187933], [76.8999419733882, 43.18409655243158], [76.8999419733882, 43.1841079518199], [76.89993862062693, 43.18411733955145], [76.8999345973134, 43.184120021760464], [76.89992856234312, 43.184120021760464], [76.89992118626833, 43.18411599844694], [76.89992051571608, 43.184111304581165], [76.89992252737284, 43.184109292924404], [76.8999245390296, 43.18410459905863], [76.89992856234312, 43.18410191684961], [76.89992856234312, 43.1840992346406], [76.89993124455214, 43.18409722298384], [76.89993191510439, 43.184095211327076], [76.89992923289537, 43.18409185856581], [76.89992655068636, 43.184091188013554], [76.8999258801341, 43.184089846909046], [76.8999245390296, 43.184089846909046], [76.8999245390296, 43.18408850580454], [76.89992252737284, 43.18408850580454], [76.89991917461157, 43.184085823595524], [76.8999158218503, 43.184085823595524], [76.89991045743227, 43.18408314138651], [76.89990777522326, 43.18408314138651], [76.89990509301424, 43.184080459177494], [76.8998983874917, 43.18408112972975], [76.8998970463872, 43.18407643586397], [76.8998970463872, 43.18406369537115], [76.8998983874917, 43.18406235426664], [76.90004523843527, 43.18406235426664], [76.90004859119654, 43.18406369537115], [76.90004725009203, 43.184064365923405], [76.90004725009203, 43.184071741998196], [76.90004859119654, 43.18407442420721], [76.90004926174879, 43.184081800282], [76.9000519439578, 43.18408381193876], [76.90005462616682, 43.18408381193876], [76.90005529671907, 43.18408515304327], [76.90006267279387, 43.18408515304327], [76.90006401389837, 43.18408649414778], [76.90006736665964, 43.18408649414778], [76.90006870776415, 43.18408515304327], [76.90006870776415, 43.18420987576246], [76.90006736665964, 43.18421121686697]]]}, "properties": {"id": 520, "class": "road", "confidence": 100.0, "source": "Almaty_5", "source_model": "unet-roads", "centroid_wkt": "POINT (76.90001117936296 43.18410929166466)", "bbox": [76.8998970463872, 43.18406235426664, 76.90006870776415, 43.18421121686697], "pixel_bbox": [6912, 546, 7168, 768], "area_m2": 82.324}}, {"type": "Feature", "geometry": {"type": "Polygon", "coordinates": [[[76.89910847693682, 43.18415690213442], [76.89910378307104, 43.184154219925404], [76.89910244196653, 43.18414952605963], [76.89910110086203, 43.184148855507374], [76.89910110086203, 43.184143491089344], [76.89910311251879, 43.18413946777582], [76.89910311251879, 43.18413678556681], [76.8991044536233, 43.1841354444623], [76.89910378307104, 43.18413075059652], [76.89910244196653, 43.18413008004427], [76.89910177141428, 43.18412337452173], [76.89909975975752, 43.18412270396948], [76.89909774810076, 43.184120021760464], [76.89909640699625, 43.184120021760464], [76.89909372478724, 43.184116668999195], [76.89909104257822, 43.18411532789469], [76.89908768981695, 43.18411532789469], [76.89908634871244, 43.18411398679018], [76.89908366650343, 43.18411398679018], [76.8990783020854, 43.18410996347666], [76.89907159656286, 43.18410862237215], [76.89907092601061, 43.18410728126764], [76.89906891435385, 43.18410728126764], [76.89906690269709, 43.18410459905863], [76.89906489104033, 43.18410459905863], [76.89906354993582, 43.18410325795412], [76.89906220883131, 43.1840992346406], [76.89905885607004, 43.18409655243158], [76.89905684441328, 43.184091188013554], [76.89905550330877, 43.1840905174613], [76.89905483275652, 43.18408649414778], [76.89905349165201, 43.184085823595524], [76.89905282109976, 43.18408314138651], [76.89905147999525, 43.18408314138651], [76.89904879778624, 43.184080459177494], [76.89904879778624, 43.18407911807299], [76.89904544502497, 43.184075094759464], [76.89904544502497, 43.1840730831027], [76.8990434333682, 43.18407040089369], [76.8990434333682, 43.18406369537115], [76.89904477447271, 43.18406235426664], [76.89910110086203, 43.18406235426664], [76.89910244196653, 43.18406369537115], [76.89910512417555, 43.184069730341434], [76.89910713583231, 43.18407107144594], [76.89910981804132, 43.18407643586397], [76.89911048859358, 43.18408112972975], [76.89911250025034, 43.18408381193876], [76.8991131708026, 43.184087835252285], [76.8991145119071, 43.18408850580454], [76.89911585301161, 43.18409387022257], [76.89911719411612, 43.18409454077482], [76.89911719411612, 43.18409655243158], [76.89911853522062, 43.18409789353609], [76.89911853522062, 43.18410124629736], [76.8991245701909, 43.1841079518199], [76.89912524074316, 43.18411264568567], [76.89912792295218, 43.184116668999195], [76.89912792295218, 43.184120021760464], [76.8991332873702, 43.184126727283], [76.89913395792246, 43.18413142114878], [76.89913261681795, 43.18413879722357], [76.89913060516119, 43.184140138328075], [76.89912993460894, 43.18414282053709], [76.89912725239992, 43.18414483219385], [76.8991245701909, 43.18414952605963], [76.89911853522062, 43.18415354937315], [76.89911585301161, 43.18415354937315], [76.89910847693682, 43.18415690213442]]]}, "properties": {"id": 521, "class": "road", "confidence": 100.0, "source": "Almaty_5", "source_model": "unet-roads", "centroid_wkt": "POINT (76.89909334840836 43.18409952011543)", "bbox": [76.8990434333682, 43.18406235426664, 76.89913395792246, 43.18415690213442], "pixel_bbox": [5639, 627, 5774, 768], "area_m2": 37.411}}, {"type": "Feature", "geometry": {"type": "Polygon", "coordinates": [[[76.89616743475199, 43.18418238312006], [76.8961613997817, 43.18417634814978], [76.89615737646818, 43.18416561931372], [76.89615670591593, 43.184140138328075], [76.8961526826024, 43.184124045073986], [76.89615201205015, 43.18411599844694], [76.89614798873663, 43.18410459905863], [76.89614530652761, 43.18408917635679], [76.89614530652761, 43.1840730831027], [76.89614664763212, 43.18407107144594], [76.89614597707987, 43.18406369537115], [76.89614932984114, 43.18406235426664], [76.89627405256033, 43.18406235426664], [76.89628075808287, 43.18406369537115], [76.89627941697836, 43.184064365923405], [76.89627941697836, 43.184066377580166], [76.8962774053216, 43.18406704813242], [76.8962774053216, 43.18407375365496], [76.89627539366484, 43.184080459177494], [76.89627204090357, 43.18408381193876], [76.89627137035131, 43.18408716470003], [76.89626935869455, 43.18408850580454], [76.89626801759005, 43.184091188013554], [76.89626801759005, 43.18412806838751], [76.89626466482878, 43.18413879722357], [76.896259970963, 43.18414483219385], [76.896259970963, 43.18414617329836], [76.89625527709723, 43.18415019661188], [76.89625058323145, 43.18415019661188], [76.89624186605215, 43.184154219925404], [76.89623448997736, 43.18415556102991], [76.89622644335032, 43.184154219925404], [76.89622040838003, 43.18415757268667], [76.89621638506651, 43.18415757268667], [76.89621035009623, 43.18416092544794], [76.89620699733496, 43.18416092544794], [76.89620565623045, 43.18416226655245], [76.89620163291693, 43.1841629371047], [76.8961962684989, 43.18416763097048], [76.89619090408087, 43.18417031317949], [76.89618621021509, 43.18417567759752], [76.89618486911058, 43.18417567759752], [76.89617816358805, 43.184181712567806], [76.89616743475199, 43.18418238312006]]]}, "properties": {"id": 522, "class": "road", "confidence": 100.0, "source": "Almaty_5", "source_model": "unet-roads", "centroid_wkt": "POINT (76.89620718095996 43.18411091286611)", "bbox": [76.89614530652761, 43.18406235426664, 76.89628075808287, 43.18418238312006], "pixel_bbox": [1317, 589, 1519, 768], "area_m2": 107.468}}, {"type": "Feature", "geometry": {"type": "Polygon", "coordinates": [[[76.90023969858885, 43.184080459177494], [76.90023969858885, 43.184077106416225], [76.90023835748434, 43.18407442420721], [76.90023433417082, 43.184077106416225], [76.90021689981222, 43.18407643586397], [76.90021354705095, 43.18407442420721], [76.90020550042391, 43.1840730831027], [76.90020482987165, 43.184071741998196], [76.90020348876715, 43.184071741998196], [76.90020348876715, 43.18406838923693], [76.9002028182149, 43.18406704813242], [76.90020147711039, 43.18406704813242], [76.90020147711039, 43.18406570702791], [76.90019477158785, 43.18406369537115], [76.9002142176032, 43.18406235426664], [76.9002390280366, 43.18406235426664], [76.9002403691411, 43.18406503647566], [76.90023969858885, 43.184080459177494]], [[76.90023835748434, 43.18406704813242], [76.9002390280366, 43.184069730341434], [76.9002390280366, 43.18406704813242], [76.90023835748434, 43.18406704813242]]]}, "properties": {"id": 523, "class": "road", "confidence": 100.0, "source": "Almaty_5", "source_model": "unet-roads", "centroid_wkt": "POINT (76.90022237588745 43.18406863305565)", "bbox": [76.90019477158785, 43.18406235426664, 76.9002403691411, 43.184080459177494], "pixel_bbox": [7356, 741, 7424, 768], "area_m2": 4.471}}, {"type": "Feature", "geometry": {"type": "Polygon", "coordinates": [[[76.89646515995264, 43.184091188013554], [76.89646381884813, 43.184082470834255], [76.89646381884813, 43.18405028432608], [76.89646515995264, 43.18404961377382], [76.89646784216166, 43.18405095487833], [76.896484605968, 43.18405229598284], [76.89649064093828, 43.1840543076396], [76.8964933231473, 43.18405631929636], [76.89649533480406, 43.18405631929636], [76.89649667590857, 43.18405766040087], [76.89650002866983, 43.18405766040087], [76.89650405198336, 43.184061013162136], [76.89651142805815, 43.18406235426664], [76.89663548022509, 43.18406235426664], [76.89663548022509, 43.18407978862524], [76.89663413912058, 43.18407777696848], [76.89663212746382, 43.18407777696848], [76.89663212746382, 43.18407911807299], [76.89663078635931, 43.18407844752073], [76.8966294452548, 43.18407978862524], [76.8966207280755, 43.18407978862524], [76.89660463482141, 43.184082470834255], [76.8965932354331, 43.184082470834255], [76.89658988267183, 43.18408112972975], [76.89656775444746, 43.184080459177494], [76.89656171947718, 43.18407911807299], [76.8965382501483, 43.18407978862524], [76.89652886241674, 43.184080459177494], [76.8965221568942, 43.184082470834255], [76.89651411026716, 43.18408314138651], [76.8965120986104, 43.184084482491016], [76.89650740474463, 43.184084482491016], [76.8965020403266, 43.18408850580454], [76.89649734646082, 43.18408850580454], [76.8964933231473, 43.184089846909046], [76.89646851271391, 43.18408917635679], [76.89646515995264, 43.184091188013554]]]}, "properties": {"id": 524, "class": "road", "confidence": 100.0, "source": "Almaty_5", "source_model": "unet-roads", "centroid_wkt": "POINT (76.89653720129148 43.184071238556506)", "bbox": [76.89646381884813, 43.18404961377382, 76.89663548022509, 43.184091188013554], "pixel_bbox": [1792, 725, 2048, 787], "area_m2": 35.061}}, {"type": "Feature", "geometry": {"type": "Polygon", "coordinates": [[[76.89644303172827, 43.18406168371439], [76.89642425626516, 43.184061013162136], [76.89642559736967, 43.18406034260988], [76.89642492681742, 43.18405833095312], [76.89642157405615, 43.18405833095312], [76.89641755074263, 43.18405497819185], [76.89641755074263, 43.184051625430584], [76.89642559736967, 43.18404760211706], [76.89644236117601, 43.184048272669315], [76.89644437283278, 43.18404961377382], [76.89644772559404, 43.18404961377382], [76.89645107835531, 43.184051625430584], [76.89645107835531, 43.184056989848614], [76.89645241945982, 43.18405833095312], [76.89644638448954, 43.18405833095312], [76.89644638448954, 43.18405967205763], [76.89644437283278, 43.18405967205763], [76.89644437283278, 43.184061013162136], [76.89644303172827, 43.18406168371439]]]}, "properties": {"id": 525, "class": "road", "confidence": 100.0, "source": "Almaty_5", "source_model": "unet-roads", "centroid_wkt": "POINT (76.89643504653151 43.18405415093518)", "bbox": [76.89641755074263, 43.18404760211706, 76.89645241945982, 43.18406168371439], "pixel_bbox": [1723, 769, 1775, 790], "area_m2": 3.373}}, {"type": "Feature", "geometry": {"type": "Polygon", "coordinates": [[[76.9014098122716, 43.18429168313742], [76.90139908343554, 43.18428833037615], [76.90139103680849, 43.184282295405865], [76.90138902515173, 43.18428296595812], [76.90138768404722, 43.18428162485361], [76.90138433128595, 43.18428162485361], [76.90138231962919, 43.18427961319685], [76.90138097852468, 43.18427961319685], [76.90137024968863, 43.184269554913044], [76.90137024968863, 43.18426821380854], [76.90135817974806, 43.18425614386797], [76.90135817974806, 43.18425480276346], [76.90135348588228, 43.18425077944994], [76.90135348588228, 43.18424943834543], [76.90135013312101, 43.184248097240925], [76.901347450912, 43.184244744479656], [76.90134141594172, 43.18424541503191], [76.90133940428495, 43.184248097240925], [76.90133806318045, 43.184248097240925], [76.90133806318045, 43.18424943834543], [76.90133471041918, 43.18425077944994], [76.90133068710566, 43.18425480276346], [76.90132599323988, 43.184255473315716], [76.90132532268763, 43.18425681442022], [76.90131593495607, 43.18425748497248], [76.90131459385157, 43.184258826076984], [76.90130989998579, 43.18426016718149], [76.90130453556776, 43.18426486104727], [76.90130319446325, 43.18426486104727], [76.901302523911, 43.18426351994276], [76.90130185335875, 43.18426486104727], [76.90129648894072, 43.18426754325628], [76.90128978341818, 43.18426754325628], [76.90128240734339, 43.18426888436079], [76.90128106623888, 43.1842702254653], [76.90127704292536, 43.1842702254653], [76.9012763723731, 43.184271566569805], [76.90127369016409, 43.184271566569805], [76.90127234905958, 43.18427424877882], [76.90127100795507, 43.18427424877882], [76.90127033740282, 43.1842340156436], [76.90136153250933, 43.18423334509134], [76.90136153250933, 43.184232003986835], [76.90135885030031, 43.18423066288233], [76.90135885030031, 43.18422798067331], [76.9013575091958, 43.18422731012106], [76.90135817974806, 43.18421524018049], [76.90135683864355, 43.18420719355345], [76.9013561680913, 43.1841803714633], [76.90135415643454, 43.18417567759752], [76.90135281533003, 43.18416226655245], [76.90135147422552, 43.18416025489569], [76.90135147422552, 43.18415220826864], [76.90135013312101, 43.18414617329836], [76.90135013312101, 43.18412069231272], [76.90135147422552, 43.1841079518199], [76.90135415643454, 43.18409990519285], [76.90135549753904, 43.184098564088345], [76.9013561680913, 43.18409185856581], [76.9013575091958, 43.184089846909046], [76.90135683864355, 43.18406369537115], [76.90135817974806, 43.18406369537115], [76.90135885030031, 43.18406235426664], [76.9013662263751, 43.18406168371439], [76.9013662263751, 43.184059001505375], [76.9013648852706, 43.18405766040087], [76.90136555582285, 43.18404357880354], [76.90136220306158, 43.18402882665396], [76.90136019140482, 43.18402547389269], [76.90136019140482, 43.184019438922405], [76.90136287361383, 43.18401273339987], [76.90137024968863, 43.18400803953409], [76.90138835459948, 43.1840093806386], [76.9013937190175, 43.18401541560888], [76.90139506012201, 43.18401541560888], [76.90139707177877, 43.184017427265644], [76.90139774233103, 43.18402010947466], [76.9014010950923, 43.184022791683674], [76.90140176564455, 43.184028156101704], [76.90140444785357, 43.184030167758465], [76.90140444785357, 43.184032179415226], [76.90140713006258, 43.184035532176495], [76.90140847116709, 43.184035532176495], [76.90141182392836, 43.18403888493776], [76.90141584724188, 43.18403888493776], [76.9014185294509, 43.184040896594524], [76.90142188221216, 43.18404156714678], [76.90143059939146, 43.18404894322157], [76.90143059939146, 43.18405028432608], [76.90143596380949, 43.18405497819185], [76.901437304914, 43.18405766040087], [76.901437304914, 43.18405967205763], [76.90143596380949, 43.184061013162136], [76.90144199877977, 43.18406168371439], [76.90144266933203, 43.18405028432608], [76.90144669264555, 43.18405631929636], [76.90144669264555, 43.18406034260988], [76.90144468098879, 43.184061013162136], [76.9014547392726, 43.18406235426664], [76.90145809203386, 43.18407643586397], [76.90146010369062, 43.18409454077482], [76.90146010369062, 43.1841079518199], [76.90145809203386, 43.18411733955145], [76.9014547392726, 43.18412337452173], [76.9014547392726, 43.18412538617849], [76.90145339816809, 43.18412605673075], [76.90145138651133, 43.18413142114878], [76.90145004540682, 43.18413209170103], [76.90144870430231, 43.18413611501455], [76.90144468098879, 43.18414080888033], [76.90144266933203, 43.184145502746105], [76.90144065767527, 43.18413745611906], [76.90143931657076, 43.18413678556681], [76.9014386460185, 43.18414483219385], [76.90143663436174, 43.184147514402866], [76.90143529325724, 43.18415690213442], [76.90143059939146, 43.184174336493015], [76.90143126994371, 43.184185065329075], [76.90143261104822, 43.1841890886426], [76.90143395215273, 43.18421255797148], [76.90143596380949, 43.18421524018049], [76.90143596380949, 43.18421792238951], [76.9014386460185, 43.184221275150776], [76.90143998712301, 43.18422596901655], [76.90144132822752, 43.184226639568806], [76.90144132822752, 43.184232003986835], [76.90143931657076, 43.18423267453909], [76.90144199877977, 43.18423334509134], [76.90143663436174, 43.18423468619585], [76.9014386460185, 43.184235356748104], [76.90143931657076, 43.18423803895712], [76.90144132822752, 43.184237368404865], [76.90144199877977, 43.184239380061626], [76.90144199877977, 43.184248097240925], [76.90144132822752, 43.18425212055445], [76.90143931657076, 43.18425413221121], [76.90143797546625, 43.18426888436079], [76.90143395215273, 43.18427961319685], [76.90143194049597, 43.18428095430136], [76.90143194049597, 43.184282295405865], [76.9014285877347, 43.18428631871939], [76.90142724663019, 43.18428631871939], [76.90142188221216, 43.18429034203291], [76.90141651779413, 43.18429168313742], [76.9014098122716, 43.18429168313742]]]}, "properties": {"id": 526, "class": "road", "confidence": 100.0, "source": "Almaty_5", "source_model": "unet-roads", "centroid_wkt": "POINT (76.90139134687304 43.18415874605369)", "bbox": [76.90127033740282, 43.18400803953409, 76.90146010369062, 43.18429168313742], "pixel_bbox": [8960, 426, 9243, 849], "area_m2": 219.102}}, {"type": "Feature", "geometry": {"type": "Polygon", "coordinates": [[[76.90075669437647, 43.18407643586397], [76.90075602382421, 43.18406369537115], [76.9007620587945, 43.1840630248189], [76.90075535327196, 43.18406235426664], [76.90075535327196, 43.18401139229536], [76.90075669437647, 43.18400535732508], [76.90076809376478, 43.18400535732508], [76.90078016370535, 43.18400803953409], [76.90078418701887, 43.18401005119085], [76.90078686922789, 43.18401340395212], [76.9007882103324, 43.18401340395212], [76.9007895514369, 43.18401541560888], [76.90079089254141, 43.18401541560888], [76.90079558640718, 43.184019438922405], [76.90080028027296, 43.18402078002691], [76.90080095082521, 43.18402212113142], [76.90080296248198, 43.18402212113142], [76.90080899745226, 43.18402547389269], [76.90080966800451, 43.184026814997196], [76.90081235021353, 43.18402748554945], [76.90081302076578, 43.18402882665396], [76.9008157029748, 43.18402949720621], [76.90082307904959, 43.184036873281], [76.90082509070635, 43.18404357880354], [76.90082710236311, 43.184046261012554], [76.90082710236311, 43.18405631929636], [76.90082307904959, 43.18406034260988], [76.90082307904959, 43.18406235426664], [76.90082106739283, 43.1840630248189], [76.90082173794508, 43.184064365923405], [76.90081972628832, 43.18406503647566], [76.90081771463156, 43.184069730341434], [76.90081503242254, 43.184071741998196], [76.90081100910902, 43.18407241255045], [76.90080765634775, 43.18407442420721], [76.90080229192972, 43.18407442420721], [76.90080095082521, 43.1840730831027], [76.90079759806395, 43.18407241255045], [76.9007794931531, 43.18407241255045], [76.90077614039183, 43.184075094759464], [76.90076809376478, 43.184075094759464], [76.90076474100351, 43.18407241255045], [76.90076541155577, 43.18407107144594], [76.90076272934675, 43.184069730341434], [76.90076138824224, 43.18407375365496], [76.90076004713774, 43.18407375365496], [76.90076004713774, 43.184075094759464], [76.90075870603323, 43.18407576531172], [76.90075736492872, 43.18407442420721], [76.90075669437647, 43.18407643586397]]]}, "properties": {"id": 527, "class": "road", "confidence": 100.0, "source": "Almaty_5", "source_model": "unet-roads", "centroid_wkt": "POINT (76.90078653173344 43.184043236846534)", "bbox": [76.90075535327196, 43.18400535732508, 76.90082710236311, 43.18407643586397], "pixel_bbox": [8192, 747, 8299, 853], "area_m2": 34.986}}, {"type": "Feature", "geometry": {"type": "Polygon", "coordinates": [[[76.90041940659285, 43.184059001505375], [76.90041605383158, 43.18405766040087], [76.90041337162256, 43.18405497819185], [76.90041203051805, 43.18405631929636], [76.9004113599658, 43.18405296653509], [76.90040733665228, 43.184051625430584], [76.90040398389101, 43.18404491990805], [76.9004026427865, 43.18404424935579], [76.90040197223425, 43.184040896594524], [76.90040063112974, 43.18404022604227], [76.90039660781622, 43.18402614444494], [76.90039660781622, 43.18401340395212], [76.90039996057749, 43.184003345668316], [76.90040465444326, 43.183997981250286], [76.9004113599658, 43.18399462848902], [76.90041337162256, 43.18399462848902], [76.90041605383158, 43.183992616832256], [76.90041873604059, 43.183993957936764], [76.90042678266764, 43.18399328738451], [76.90043281763792, 43.18399664014578], [76.90043549984694, 43.184001334011555], [76.9004375115037, 43.18400200456381], [76.90044153481722, 43.18401005119085], [76.90044153481722, 43.18402413278818], [76.90043818205595, 43.184037543833256], [76.90042745321989, 43.18405631929636], [76.90041940659285, 43.184059001505375]]]}, "properties": {"id": 528, "class": "road", "confidence": 100.0, "source": "Almaty_5", "source_model": "unet-roads", "centroid_wkt": "POINT (76.90041945655439 43.18402343740434)", "bbox": [76.90039660781622, 43.183992616832256, 76.90044153481722, 43.184059001505375], "pixel_bbox": [7657, 773, 7724, 872], "area_m2": 20.535}}, {"type": "Feature", "geometry": {"type": "Polygon", "coordinates": [[[76.8961962684989, 43.18402949720621], [76.8961687758565, 43.18402078002691], [76.89616341143847, 43.1840180978179], [76.89615737646818, 43.184012062847614], [76.89615603536367, 43.18400736898184], [76.89615737646818, 43.18399999290705], [76.89615871757269, 43.18399932235479], [76.89616408199072, 43.18398993462324], [76.89616944640875, 43.183985240757465], [76.89617145806551, 43.183985240757465], [76.89617279917002, 43.18398389965296], [76.8962063267827, 43.18398457020521], [76.89621437340975, 43.18398725241423], [76.8962237611413, 43.18399731069803], [76.89622644335032, 43.18400602787733], [76.89622644335032, 43.184014074504375], [76.89622174948454, 43.184022791683674], [76.8962137028575, 43.184028156101704], [76.89620766788721, 43.18402949720621], [76.8961962684989, 43.18402949720621]]]}, "properties": {"id": 529, "class": "road", "confidence": 100.0, "source": "Almaty_5", "source_model": "unet-roads", "centroid_wkt": "POINT (76.89619296988937 43.1840056368449)", "bbox": [76.89615603536367, 43.18398389965296, 76.89622644335032, 43.18402949720621], "pixel_bbox": [1333, 817, 1438, 885], "area_m2": 23.053}}, {"type": "Feature", "geometry": {"type": "Polygon", "coordinates": [[[76.90002646297216, 43.18401072174311], [76.90002042800188, 43.1840093806386], [76.90001506358385, 43.184006698429585], [76.90000768750906, 43.18399932235479], [76.90000500530005, 43.18399328738451], [76.90000366419554, 43.183985240757465], [76.90000165253878, 43.18398255854845], [76.90000232309103, 43.183977864682674], [76.90000500530005, 43.18397518247366], [76.90001036971807, 43.183972500264645], [76.9000143930316, 43.183972500264645], [76.90001841634512, 43.18397048860788], [76.90002512186766, 43.18396981805563], [76.90003048628569, 43.183967135846615], [76.90003786236048, 43.18396646529436], [76.900041885674, 43.18396646529436], [76.90004322677851, 43.18396780639887], [76.90005261451006, 43.183967135846615], [76.90005730837584, 43.183969147503376], [76.90005864948034, 43.18397115916014], [76.90006267279387, 43.183972500264645], [76.90006401389837, 43.183974511921406], [76.90006468445063, 43.1839731708169], [76.90006870776415, 43.183972500264645], [76.90006870776415, 43.183995969593525], [76.90006736665964, 43.183995969593525], [76.90006736665964, 43.18399731069803], [76.90006535500288, 43.18399731069803], [76.90006401389837, 43.183995969593525], [76.90006401389837, 43.18399731069803], [76.90006267279387, 43.18399731069803], [76.90006133168936, 43.18399999290705], [76.9000593200326, 43.18399999290705], [76.90005730837584, 43.18400200456381], [76.90005395561457, 43.18400267511606], [76.90005328506231, 43.18400401622057], [76.90004792064428, 43.18400535732508], [76.900041885674, 43.184008710086346], [76.90002646297216, 43.18401072174311]]]}, "properties": {"id": 530, "class": "road", "confidence": 100.0, "source": "Almaty_5", "source_model": "unet-roads", "centroid_wkt": "POINT (76.90003617429568 43.18398722189457)", "bbox": [76.90000165253878, 43.18396646529436, 76.90006870776415, 43.18401072174311], "pixel_bbox": [7068, 845, 7168, 911], "area_m2": 20.626}}, {"type": "Feature", "geometry": {"type": "Polygon", "coordinates": [[[76.89834874123335, 43.184307776391506], [76.89834002405405, 43.18430308252573], [76.8983393535018, 43.18429436534643], [76.89834270626307, 43.18428497761488], [76.8983480706811, 43.18428095430136], [76.89834874123335, 43.18427827209234], [76.89835142344236, 43.184278942644596], [76.89835142344236, 43.184264190495014], [76.89834471791983, 43.18425815552473], [76.89834404736757, 43.184255473315716], [76.89834136515856, 43.184253461658955], [76.8983406946063, 43.18424742668867], [76.89833868294954, 43.184246085584164], [76.89833868294954, 43.1842440739274], [76.89833600074053, 43.18424206227064], [76.89833600074053, 43.1842340156436], [76.89833734184504, 43.1842340156436], [76.89833801239729, 43.184232003986835], [76.89833734184504, 43.18421456962824], [76.8983406946063, 43.184208534657955], [76.89834605902433, 43.184206523001194], [76.89834605902433, 43.18420518189669], [76.8983480706811, 43.18420518189669], [76.89834874123335, 43.184203170239925], [76.89835008233786, 43.18420384079218], [76.89835008233786, 43.18420182913542], [76.89835209399462, 43.18419847637415], [76.89835209399462, 43.18418439477682], [76.89835075289011, 43.18418439477682], [76.89835008233786, 43.18418238312006], [76.89834404736757, 43.18417903035879], [76.89834337681532, 43.18417701870203], [76.8983406946063, 43.18417567759752], [76.8983406946063, 43.184174336493015], [76.89833667129278, 43.18417098373175], [76.89833533018827, 43.18416830152273], [76.89833398908377, 43.1841629371047], [76.89833398908377, 43.18415690213442], [76.89833533018827, 43.18415220826864], [76.89833533018827, 43.184138126671314], [76.89832862466574, 43.18412337452173], [76.89832728356123, 43.18412337452173], [76.89832527190447, 43.18412069231272], [76.89832258969545, 43.184120021760464], [76.89832124859095, 43.1841180101037], [76.89830850809813, 43.184118680655956], [76.89828034490347, 43.18412471562624], [76.89827296882868, 43.18412873893976], [76.89826894551516, 43.184129409492016], [76.89826358109713, 43.18413343280554], [76.89825888723135, 43.1841354444623], [76.8982582166791, 43.18413678556681], [76.89825620502234, 43.18413678556681], [76.8982508406043, 43.18414214998484], [76.8982494994998, 43.184145502746105], [76.89824480563402, 43.18414818495512], [76.89824279397726, 43.18415220826864], [76.89823944121599, 43.18415489047766], [76.89823877066374, 43.18415757268667], [76.89823340624571, 43.184161596000195], [76.89823340624571, 43.1841629371047], [76.89822938293219, 43.18416628986597], [76.89822938293219, 43.18416763097048], [76.89822804182768, 43.18416763097048], [76.89822804182768, 43.184168972074986], [76.89822535961866, 43.184171654284], [76.89822535961866, 43.18417366594076], [76.89822401851416, 43.184174336493015], [76.89822267740965, 43.18417903035879], [76.89822267740965, 43.184183053672314], [76.89821999520063, 43.18418640643358], [76.89821932464838, 43.18419177085161], [76.89821731299162, 43.18419646471739], [76.89821731299162, 43.18420518189669], [76.89821127802134, 43.184217251837254], [76.89820993691683, 43.184224627912045], [76.89820792526007, 43.184226639568806], [76.89820725470781, 43.184229992330074], [76.89820524305105, 43.18423066288233], [76.89820524305105, 43.184232003986835], [76.89820323139429, 43.1842340156436], [76.89818110316992, 43.1842340156436], [76.89817976206541, 43.18415220826864], [76.89817439764738, 43.18415220826864], [76.8981697037816, 43.18414952605963], [76.89816702157259, 43.18414952605963], [76.89816702157259, 43.18414818495512], [76.89816232770681, 43.184145502746105], [76.89816031605005, 43.184143491089344], [76.89816031605005, 43.18414214998484], [76.89815763384104, 43.18413946777582], [76.89815629273653, 43.18413946777582], [76.89815495163202, 43.18413678556681], [76.89814891666174, 43.18413142114878], [76.89814489334822, 43.18412337452173], [76.89814355224371, 43.18412270396948], [76.8981422111392, 43.184118680655956], [76.8981408700347, 43.1841180101037], [76.89813818782568, 43.184109292924404], [76.89813550561666, 43.184105940163136], [76.89813483506441, 43.18410325795412], [76.8981147184968, 43.184082470834255], [76.89811136573553, 43.18407375365496], [76.89811136573553, 43.184069730341434], [76.89811270684004, 43.18406905978918], [76.89811203628778, 43.18406369537115], [76.89811538904905, 43.18406235426664], [76.89814422279596, 43.18406235426664], [76.89815025776625, 43.184061013162136], [76.89815025776625, 43.184059001505375], [76.89814757555723, 43.18405833095312], [76.89814824610949, 43.18405229598284], [76.89814556390047, 43.18404693156481], [76.8981408700347, 43.18404156714678], [76.89813952893019, 43.18404156714678], [76.89813751727343, 43.18403955549002], [76.89813550561666, 43.184035532176495], [76.89813550561666, 43.18402078002691], [76.89814288169146, 43.18400267511606], [76.89815226942301, 43.18399328738451], [76.89815226942301, 43.18399194628], [76.89815763384104, 43.18398792296648], [76.8981596454978, 43.18398389965296], [76.89816232770681, 43.1839818879962], [76.89816769212484, 43.18396981805563], [76.89817506819963, 43.18396311253309], [76.89817909151316, 43.18396311253309], [76.89817976206541, 43.183961771428585], [76.89818982034922, 43.18396244198084], [76.89819183200598, 43.18396311253309], [76.89819518476725, 43.183967135846615], [76.89819518476725, 43.18397115916014], [76.89819183200598, 43.18397585302591], [76.89819049090147, 43.18397585302591], [76.89818847924471, 43.18397853523493], [76.89818445593119, 43.18398054689169], [76.89818110316992, 43.18398054689169], [76.89818110316992, 43.184001334011555], [76.89818847924471, 43.1840006634593], [76.89819987863302, 43.184003345668316], [76.89821396023035, 43.184003345668316], [76.89822535961866, 43.18399999290705], [76.89823273569345, 43.183993957936764], [76.89823340624571, 43.18399127572775], [76.89823541790247, 43.18398926407099], [76.89823742955923, 43.18398054689169], [76.89824145287275, 43.18397585302591], [76.89825553447008, 43.18397518247366], [76.89826223999262, 43.18397719413042], [76.89826291054487, 43.18397853523493], [76.8982682749629, 43.18398121744394], [76.8982682749629, 43.18398255854845], [76.89826961606741, 43.18398255854845], [76.89827095717192, 43.183985240757465], [76.89827363938093, 43.18398725241423], [76.89827363938093, 43.183988593518734], [76.8982756510377, 43.18398993462324], [76.89827632158995, 43.18399328738451], [76.89827900379896, 43.183995969593525], [76.89828839153051, 43.1840180978179], [76.89829040318727, 43.184019438922405], [76.89829040318727, 43.18402078002691], [76.89829174429178, 43.18402078002691], [76.89829308539629, 43.184024803340435], [76.89829979091883, 43.18403150886297], [76.89830180257559, 43.184036873281], [76.8983031436801, 43.184037543833256], [76.89830850809813, 43.18404693156481], [76.89830850809813, 43.18405766040087], [76.89830783754587, 43.184059001505375], [76.89830649644136, 43.184059001505375], [76.89830716699362, 43.18406034260988], [76.89830582588911, 43.18406034260988], [76.89830716699362, 43.18406235426664], [76.89840037375689, 43.18406235426664], [76.89840976148844, 43.18406369537115], [76.89840774983168, 43.18406570702791], [76.89840506762266, 43.18406570702791], [76.89840372651815, 43.18406704813242], [76.89840506762266, 43.184075094759464], [76.89840372651815, 43.18407643586397], [76.89840238541365, 43.184081800282], [76.89839970320463, 43.184084482491016], [76.89839635044336, 43.184085823595524], [76.89839500933886, 43.184087835252285], [76.89838897436857, 43.184089846909046], [76.89836215227842, 43.184089846909046], [76.89835410565138, 43.18409252911806], [76.89835142344236, 43.18409185856581], [76.89834605902433, 43.18409454077482], [76.89834337681532, 43.18409722298384], [76.89834337681532, 43.1840992346406], [76.89834203571081, 43.184100575745106], [76.89834203571081, 43.18410459905863], [76.89834538847208, 43.18411063402891], [76.8983480706811, 43.18411063402891], [76.89834874123335, 43.18411197513342], [76.89835008233786, 43.18411197513342], [76.89835008233786, 43.18411331623793], [76.89835611730814, 43.18411398679018], [76.89835947006941, 43.184116668999195], [76.89836885780096, 43.184118680655956], [76.89837757498026, 43.18412337452173], [76.89838159829378, 43.184124045073986], [76.89838293939829, 43.18412538617849], [76.89838830381632, 43.184126727283], [76.89838897436857, 43.18412806838751], [76.89839098602533, 43.18412806838751], [76.89839165657759, 43.184129409492016], [76.8983929976821, 43.184129409492016], [76.8983929976821, 43.18413075059652], [76.8983943387866, 43.18413075059652], [76.8983943387866, 43.18413209170103], [76.89839903265238, 43.18413410335779], [76.89840774983168, 43.18414147943258], [76.89840909093618, 43.18414147943258], [76.89841110259295, 43.1841441616416], [76.89841445535421, 43.184145502746105], [76.89842518419027, 43.184156231582165], [76.89842518419027, 43.184158243238926], [76.89842652529478, 43.18415958434343], [76.89842652529478, 43.18416561931372], [76.89842384308577, 43.18417031317949], [76.8984204903245, 43.18417366594076], [76.89841780811548, 43.184174336493015], [76.89841780811548, 43.18417567759752], [76.89841579645872, 43.18417634814978], [76.89841445535421, 43.18417903035879], [76.8984131142497, 43.18417903035879], [76.89840774983168, 43.18418439477682], [76.89840640872717, 43.18418439477682], [76.89840506762266, 43.184187076985836], [76.8984030559659, 43.184187076985836], [76.89839970320463, 43.184190429747105], [76.89839232712984, 43.18419445306063], [76.89838696271181, 43.18420048803091], [76.89838696271181, 43.18420182913542], [76.8983842805028, 43.184203170239925], [76.89838360995054, 43.18421322852373], [76.89838495105505, 43.184215910732746], [76.89838629215956, 43.184215910732746], [76.89838629215956, 43.184217251837254], [76.89839165657759, 43.18422261625528], [76.89839165657759, 43.184224627912045], [76.8983929976821, 43.1842252984643], [76.89839500933886, 43.18422932177782], [76.89839567989111, 43.18423334509134], [76.89851503819227, 43.1842340156436], [76.89851973205805, 43.184235356748104], [76.89851839095354, 43.18423602730036], [76.89851839095354, 43.18423803895712], [76.89851704984903, 43.18423803895712], [76.89851704984903, 43.1842440739274], [76.89851570874453, 43.184244744479656], [76.89851570874453, 43.184246085584164], [76.89851436764002, 43.184246085584164], [76.89851302653551, 43.184248097240925], [76.89850900322199, 43.184250108897686], [76.89850699156523, 43.184250108897686], [76.8985016271472, 43.18425413221121], [76.89849626272917, 43.18425614386797], [76.89848888665438, 43.18425681442022], [76.89848352223635, 43.184258826076984], [76.89846944063902, 43.18426016718149], [76.89844127744436, 43.18426016718149], [76.89841780811548, 43.184264190495014], [76.89841579645872, 43.18426553159952], [76.89840909093618, 43.18426687270403], [76.89840238541365, 43.18427223712206], [76.89839903265238, 43.18427827209234], [76.89839702099562, 43.1842802837491], [76.89839567989111, 43.1842802837491], [76.8983943387866, 43.18428296595812], [76.89839232712984, 43.18428363651037], [76.89839165657759, 43.18428564816713], [76.89838897436857, 43.184287659823895], [76.89838897436857, 43.1842890009284], [76.8983856216073, 43.18429235368967], [76.8983842805028, 43.18429235368967], [76.89838360995054, 43.18429436534643], [76.89838226884604, 43.18429436534643], [76.89837891608477, 43.184298388659954], [76.89837221056223, 43.18430174142122], [76.89836416393518, 43.18430308252573], [76.89835879951715, 43.18430174142122], [76.89835343509912, 43.184302411973476], [76.89835209399462, 43.18430107086897], [76.89835209399462, 43.184307776391506], [76.89834874123335, 43.184307776391506]]]}, "properties": {"id": 531, "class": "road", "confidence": 100.0, "source": "Almaty_5", "source_model": "unet-roads", "centroid_wkt": "POINT (76.8982775405336 43.184119809298984)", "bbox": [76.89811136573553, 43.183961771428585, 76.89851973205805, 43.184307776391506], "pixel_bbox": [4249, 402, 4858, 918], "area_m2": 419.297}}, {"type": "Feature", "geometry": {"type": "Polygon", "coordinates": [[[76.8999795243144, 43.183958418667316], [76.89996812492609, 43.18395305424929], [76.89996812492609, 43.18395171314478], [76.89996343106031, 43.183949030935764], [76.8999620899558, 43.183945678174496], [76.8999620899558, 43.18394098430872], [76.89996611326933, 43.18393561989069], [76.89996879547834, 43.18393427878618], [76.8999781832099, 43.183934949338436], [76.89998086541891, 43.183936290442944], [76.89998488873243, 43.18394098430872], [76.89998622983694, 43.183943666517735], [76.89998622983694, 43.18394970148802], [76.89998757094145, 43.18395171314478], [76.89998622983694, 43.18395372480154], [76.89998757094145, 43.18395774811506], [76.8999795243144, 43.183958418667316]]]}, "properties": {"id": 532, "class": "road", "confidence": 100.0, "source": "Almaty_5", "source_model": "unet-roads", "centroid_wkt": "POINT (76.89997557703254 43.18394561375414)", "bbox": [76.8999620899558, 43.18393427878618, 76.89998757094145, 43.183958418667316], "pixel_bbox": [7009, 923, 7047, 959], "area_m2": 4.065}}, {"type": "Feature", "geometry": {"type": "Polygon", "coordinates": [[[76.89859684556723, 43.18418841809034], [76.89859215170145, 43.184187076985836], [76.89859014004469, 43.18418573588133], [76.89859014004469, 43.18418439477682], [76.89858879894018, 43.18418439477682], [76.89858745783567, 43.18418104201555], [76.89858745783567, 43.18417500704527], [76.8985914811492, 43.18416628986597], [76.89859550446272, 43.1841629371047], [76.89859684556723, 43.18416025489569], [76.89860086888075, 43.184158243238926], [76.89860623329878, 43.184152878820896], [76.89860623329878, 43.18415153771639], [76.8986102566123, 43.18414684385061], [76.89861360937357, 43.184140138328075], [76.89861495047808, 43.18413410335779], [76.89861427992582, 43.184122033417225], [76.8986089155078, 43.18410526961088], [76.89860623329878, 43.18408112972975], [76.89860422164202, 43.18407643586397], [76.89860220998526, 43.18407375365496], [76.89860086888075, 43.18407375365496], [76.89860086888075, 43.18407241255045], [76.89859952777624, 43.18407241255045], [76.89859617501497, 43.18406905978918], [76.89859349280596, 43.18406838923693], [76.8985928222537, 43.18406704813242], [76.89859014004469, 43.184066377580166], [76.89858611673117, 43.1840630248189], [76.89855728298426, 43.18406168371439], [76.89855795353651, 43.18406034260988], [76.89855594187975, 43.18405833095312], [76.8985552713275, 43.18404693156481], [76.89855594187975, 43.184040896594524], [76.89855862408876, 43.18403352051973], [76.89855929464102, 43.18401541560888], [76.89855795353651, 43.184008710086346], [76.89855325967073, 43.184001334011555], [76.89855258911848, 43.18399664014578], [76.89855124801397, 43.18399462848902], [76.89855057746172, 43.183983229100704], [76.8985552713275, 43.18397384136915], [76.89855594187975, 43.18396847695112], [76.89855728298426, 43.183967135846615], [76.89855862408876, 43.183959759771824], [76.89855996519327, 43.183958418667316], [76.89856063574553, 43.18395305424929], [76.89856465905905, 43.18394768983126], [76.89856600016356, 43.18394299596548], [76.89857069402933, 43.183938302099705], [76.89857471734285, 43.1839369609952], [76.89857807010412, 43.18393360823393], [76.89858477562666, 43.18393226712942], [76.89858678728342, 43.183930926024914], [76.89859081059694, 43.183930926024914], [76.89859751611948, 43.183927573263645], [76.89860489219427, 43.18392690271139], [76.89860824495554, 43.1839282438159], [76.89861293882132, 43.18393360823393], [76.89861427992582, 43.18395238369703], [76.89861159771681, 43.183958418667316], [76.89860958606005, 43.183959759771824], [76.89860824495554, 43.1839644536376], [76.89860422164202, 43.183969147503376], [76.89860288053751, 43.18397384136915], [76.89859751611948, 43.183979876339436], [76.8985914811492, 43.18399462848902], [76.8985914811492, 43.183997981250286], [76.8985928222537, 43.18399999290705], [76.89859550446272, 43.18401072174311], [76.89859751611948, 43.18401273339987], [76.89860757440329, 43.18401675671339], [76.89861763268709, 43.1840180978179], [76.89862702041864, 43.184017427265644], [76.89863171428442, 43.18401608616114], [76.89863573759794, 43.184014074504375], [76.89863707870245, 43.184012062847614], [76.89863841980696, 43.184012062847614], [76.89863841980696, 43.18401072174311], [76.89864177256823, 43.18400803953409], [76.89864445477724, 43.18400267511606], [76.89865317195654, 43.18399462848902], [76.89865317195654, 43.18399328738451], [76.89865652471781, 43.183990605175495], [76.89865652471781, 43.18398926407099], [76.89865853637457, 43.18398725241423], [76.89866188913584, 43.18398658186197], [76.89866255968809, 43.183985240757465], [76.89866457134485, 43.183985240757465], [76.89866792410612, 43.183983229100704], [76.8986739590764, 43.18398389965296], [76.89867462962866, 43.183985240757465], [76.89868334680796, 43.183985240757465], [76.89868669956923, 43.18398792296648], [76.89868938177824, 43.18398792296648], [76.89868938177824, 43.18398926407099], [76.89869206398726, 43.18398926407099], [76.89869340509176, 43.183988593518734], [76.89869340509176, 43.18398725241423], [76.89869474619627, 43.18398792296648], [76.89869541674852, 43.18398658186197], [76.89869541674852, 43.18403486162424], [76.89869407564402, 43.18403486162424], [76.89869407564402, 43.18402949720621], [76.89869072288275, 43.18402949720621], [76.89869072288275, 43.18403083831072], [76.89868938177824, 43.184030167758465], [76.89868938177824, 43.184032179415226], [76.89868669956923, 43.184037543833256], [76.89868535846472, 43.184037543833256], [76.8986826762557, 43.18404022604227], [76.89867999404669, 43.18404491990805], [76.8986739590764, 43.184048272669315], [76.89867060631514, 43.184051625430584], [76.89867060631514, 43.18405296653509], [76.89866859465837, 43.184053637087345], [76.89866792410612, 43.18405766040087], [76.89866658300161, 43.18405833095312], [76.8986652418971, 43.18406235426664], [76.89864981919527, 43.1840630248189], [76.89865183085203, 43.18406704813242], [76.8986551836133, 43.18408917635679], [76.89865451306105, 43.18411935120821], [76.89865250140429, 43.18412471562624], [76.89865183085203, 43.184134773910046], [76.89865048974752, 43.18413611501455], [76.89864981919527, 43.18413946777582], [76.89864914864302, 43.18415153771639], [76.89864378422499, 43.18416763097048], [76.89864110201597, 43.18416964262724], [76.89864043146372, 43.184172324836254], [76.8986377492547, 43.18417500704527], [76.8986364081502, 43.18417500704527], [76.89863305538893, 43.18417835980654], [76.89863104373217, 43.18417835980654], [76.89863037317991, 43.184179700911045], [76.89862165600061, 43.18418238312006], [76.89861226826906, 43.184187076985836], [76.8986089155078, 43.184187076985836], [76.89860690385103, 43.18418841809034], [76.89859684556723, 43.18418841809034]]]}, "properties": {"id": 533, "class": "road", "confidence": 100.0, "source": "Almaty_5", "source_model": "unet-roads", "centroid_wkt": "POINT (76.89861818590926 43.18404779563752)", "bbox": [76.89855057746172, 43.18392690271139, 76.89869541674852, 43.18418841809034], "pixel_bbox": [4904, 580, 5120, 970], "area_m2": 150.788}}, {"type": "Feature", "geometry": {"type": "Polygon", "coordinates": [[[76.89798194915056, 43.183940313756466], [76.89797390252352, 43.18393897265196], [76.89796987921, 43.18393561989069], [76.89796719700098, 43.183929584920406], [76.89796652644873, 43.18392422050238], [76.89796987921, 43.18391416221857], [76.89797658473253, 43.18390812724829], [76.89798127859831, 43.18390678614378], [76.89798798412085, 43.18390276283026], [76.89800139516592, 43.18389941006899], [76.898014806211, 43.18389941006899], [76.89801815897226, 43.183900751173496], [76.89802285283804, 43.183900751173496], [76.89803224056959, 43.18390477448702], [76.89803291112185, 43.183906115591526], [76.8980349227786, 43.183906115591526], [76.89804162830114, 43.18391215056181], [76.89804162830114, 43.18391349166632], [76.89804296940565, 43.18391349166632], [76.89804296940565, 43.18392287939787], [76.89803894609213, 43.183927573263645], [76.89803626388311, 43.1839282438159], [76.89803559333086, 43.183929584920406], [76.89802553504705, 43.183932937681675], [76.89801078289747, 43.18393360823393], [76.89800877124071, 43.183934949338436], [76.89800877124071, 43.18393964320421], [76.89800541847944, 43.18393897265196], [76.89799670130014, 43.183940313756466], [76.89798194915056, 43.183940313756466]]]}, "properties": {"id": 534, "class": "road", "confidence": 100.0, "source": "Almaty_5", "source_model": "unet-roads", "centroid_wkt": "POINT (76.89800378139022 43.18391955355967)", "bbox": [76.89796652644873, 43.18389941006899, 76.89804296940565, 43.183940313756466], "pixel_bbox": [4033, 950, 4147, 1011], "area_m2": 21.485}}, {"type": "Feature", "geometry": {"type": "Polygon", "coordinates": [[[76.89696539193392, 43.18391751497984], [76.89696069806814, 43.18391550332308], [76.89695801585913, 43.18391282111406], [76.89695801585913, 43.183911480009556], [76.8969539925456, 43.18390879780054], [76.89695332199335, 43.183902092278004], [76.89695466309786, 43.18390142172575], [76.8969539925456, 43.18389739841223], [76.89695533365011, 43.18389605730772], [76.8969539925456, 43.1838920339942], [76.89695868641138, 43.18389069288969], [76.89697746187449, 43.18389069288969], [76.89697880297899, 43.183893375098705], [76.89697880297899, 43.183911480009556], [76.89697545021772, 43.18391215056181], [76.89697410911322, 43.18391013890505], [76.89697410911322, 43.183911480009556], [76.89697276800871, 43.183911480009556], [76.89697276800871, 43.183914832770824], [76.89696539193392, 43.18391751497984]]]}, "properties": {"id": 535, "class": "road", "confidence": 100.0, "source": "Almaty_5", "source_model": "unet-roads", "centroid_wkt": "POINT (76.89696685168819 43.18390227851307)", "bbox": [76.89695332199335, 43.18389069288969, 76.89697880297899, 43.18391751497984], "pixel_bbox": [2522, 984, 2560, 1024], "area_m2": 5.137}}, {"type": "Feature", "geometry": {"type": "Polygon", "coordinates": [[[76.89680647104979, 43.18391751497984], [76.89680647104979, 43.18391617387533], [76.8967903777957, 43.18391617387533], [76.89678635448217, 43.18391550332308], [76.89678501337767, 43.18391416221857], [76.89677763730288, 43.183914832770824], [76.89676087349653, 43.183911480009556], [76.89673740416765, 43.1839108094573], [76.89673472195864, 43.183909468352795], [76.89672600477934, 43.18390812724829], [76.89672198146582, 43.183906115591526], [76.89671862870455, 43.18390276283026], [76.8967179581523, 43.18389538675547], [76.89671527594328, 43.183893375098705], [76.89671527594328, 43.1838920339942], [76.89672131091356, 43.18389069288969], [76.89680647104979, 43.18389069288969], [76.89680714160204, 43.183891363441944], [76.89680647104979, 43.18391751497984]]]}, "properties": {"id": 536, "class": "road", "confidence": 100.0, "source": "Almaty_5", "source_model": "unet-roads", "centroid_wkt": "POINT (76.89676627381408 43.1839013286175)", "bbox": [76.89671527594328, 43.18389069288969, 76.89680714160204, 43.18391751497984], "pixel_bbox": [2167, 984, 2304, 1024], "area_m2": 17.327}}, {"type": "Feature", "geometry": {"type": "Polygon", "coordinates": [[[76.89972471445799, 43.18396043032408], [76.89972337335348, 43.183956407010555], [76.89971935003996, 43.183954395353794], [76.89971465617418, 43.183949030935764], [76.8997099623084, 43.183947019279], [76.89970392733812, 43.183940313756466], [76.89970392733812, 43.18393897265196], [76.8996999040246, 43.183934949338436], [76.8996985629201, 43.183934949338436], [76.89969722181559, 43.18393226712942], [76.89969588071108, 43.18393226712942], [76.89969521015882, 43.183930926024914], [76.8996911868453, 43.183929584920406], [76.89966570585966, 43.18393226712942], [76.8996549770236, 43.183930926024914], [76.89963284879923, 43.18392354995012], [76.89962815493345, 43.18391885608435], [76.8996274843812, 43.18391282111406], [76.8996362015605, 43.183904103934765], [76.89964290708303, 43.18390142172575], [76.8996462598443, 43.183898739516735], [76.89965095371008, 43.18389806896448], [76.89966235309839, 43.18389941006899], [76.89966503530741, 43.18390008062124], [76.89966570585966, 43.18390142172575], [76.89967174082994, 43.183900751173496], [76.89967442303896, 43.183902092278004], [76.89968515187502, 43.183902092278004], [76.89968649297953, 43.183900751173496], [76.8996898457408, 43.183900751173496], [76.89969319850206, 43.183898739516735], [76.89969588071108, 43.18390008062124], [76.8996999040246, 43.18389806896448], [76.89970057457685, 43.18389605730772], [76.89970191568136, 43.18389605730772], [76.89970124512911, 43.18389404565096], [76.89969655126333, 43.18389404565096], [76.89969252794981, 43.18389270454645], [76.89968515187502, 43.183893375098705], [76.899682469666, 43.1838920339942], [76.89972404390574, 43.183891363441944], [76.89972471445799, 43.183893375098705], [76.899727396667, 43.18389270454645], [76.89972806721926, 43.18389404565096], [76.89972873777151, 43.18389270454645], [76.89973074942827, 43.183893375098705], [76.89973209053278, 43.1838920339942], [76.8997361138463, 43.1838920339942], [76.89973678439856, 43.18389069288969], [76.89973946660757, 43.18389069288969], [76.89974147826433, 43.1838920339942], [76.89974684268236, 43.1838920339942], [76.89975891262293, 43.18389605730772], [76.89976159483194, 43.18390008062124], [76.89976159483194, 43.183904103934765], [76.89975958317518, 43.18390812724829], [76.89975690096617, 43.18391013890505], [76.89975690096617, 43.183911480009556], [76.8997548893094, 43.18391282111406], [76.8997535482049, 43.18391550332308], [76.89975220710039, 43.18391550332308], [76.89974885433912, 43.1839195266366], [76.89974617213011, 43.183920197188854], [76.89974617213011, 43.18392153829336], [76.89974080771208, 43.18392422050238], [76.89973879605532, 43.18392891436815], [76.8997361138463, 43.18393159657717], [76.89973544329405, 43.18394768983126], [76.89973276108503, 43.18395171314478], [76.89972940832376, 43.18395171314478], [76.89972940832376, 43.18395305424929], [76.89972806721926, 43.18395171314478], [76.89972806721926, 43.183949030935764], [76.89972672611475, 43.18395037204027], [76.8997260555625, 43.18394836038351], [76.89972471445799, 43.18396043032408]], [[76.89970392733812, 43.18389605730772], [76.89970526844263, 43.18389605730772], [76.89970526844263, 43.18389538675547], [76.89970392733812, 43.18389471620321], [76.89970392733812, 43.18389605730772]]]}, "properties": {"id": 537, "class": "road", "confidence": 100.0, "source": "Almaty_5", "source_model": "unet-roads", "centroid_wkt": "POINT (76.89970047192524 43.183916037433846)", "bbox": [76.8996274843812, 43.18389069288969, 76.89976159483194, 43.18396043032408], "pixel_bbox": [6510, 920, 6710, 1024], "area_m2": 42.66}}, {"type": "Feature", "geometry": {"type": "Polygon", "coordinates": [[[76.9006722047925, 43.18392086774111], [76.90066482871771, 43.18391885608435], [76.90066415816545, 43.18391751497984], [76.90065946429968, 43.18391617387533], [76.90065879374743, 43.183914832770824], [76.9006547704339, 43.18391349166632], [76.90065275877714, 43.183911480009556], [76.90065074712038, 43.183911480009556], [76.9006460532546, 43.18390879780054], [76.90064337104559, 43.18390879780054], [76.90064001828432, 43.183906115591526], [76.90063666552305, 43.18390544503927], [76.90063130110502, 43.18389941006899], [76.90062996000051, 43.18389471620321], [76.90062794834375, 43.1838920339942], [76.90063197165728, 43.18389069288969], [76.90070036798716, 43.18389069288969], [76.90070103853941, 43.18389270454645], [76.9006983563304, 43.18389538675547], [76.9006983563304, 43.18389941006899], [76.90069701522589, 43.18390008062124], [76.90069500356913, 43.18390544503927], [76.90069366246462, 43.183906115591526], [76.90069299191236, 43.18390879780054], [76.90069030970335, 43.1839108094573], [76.90068896859884, 43.18391416221857], [76.90068293362856, 43.18391751497984], [76.9006809219718, 43.18391751497984], [76.90067823976278, 43.183920197188854], [76.9006722047925, 43.18392086774111]]]}, "properties": {"id": 538, "class": "road", "confidence": 100.0, "source": "Almaty_5", "source_model": "unet-roads", "centroid_wkt": "POINT (76.90066695910546 43.18390207543673)", "bbox": [76.90062794834375, 43.18389069288969, 76.90070103853941, 43.18392086774111], "pixel_bbox": [8002, 979, 8111, 1024], "area_m2": 13.475}}, {"type": "Feature", "geometry": {"type": "Polygon", "coordinates": [[[76.89886774867773, 43.18389069288969], [76.89886707812548, 43.18385850638151], [76.89886841922998, 43.18385448306799], [76.89886841922998, 43.1838471069932], [76.89886908978224, 43.18384911864996], [76.89887043088675, 43.1838471069932], [76.89887043088675, 43.183848448097706], [76.89887378364801, 43.18385247141123], [76.89887646585703, 43.18385314196348], [76.89887847751379, 43.1838558241725], [76.89888048917055, 43.1838558241725], [76.89888250082731, 43.18385783582926], [76.89888317137957, 43.18386387079954], [76.89888451248407, 43.183864541351795], [76.89888518303633, 43.183867894113064], [76.89888518303633, 43.18387996405363], [76.89888384193182, 43.18388197571039], [76.89888384193182, 43.18388465791941], [76.89888250082731, 43.18388532847166], [76.89888250082731, 43.18388666957617], [76.8988811597228, 43.18388666957617], [76.8988798186183, 43.18389002233744], [76.89886774867773, 43.18389069288969]]]}, "properties": {"id": 539, "class": "road", "confidence": 100.0, "source": "Almaty_5", "source_model": "unet-roads", "centroid_wkt": "POINT (76.8988756890926 43.183871083209915)", "bbox": [76.89886707812548, 43.1838471069932, 76.89888518303633, 43.18389069288969], "pixel_bbox": [5376, 1024, 5403, 1089], "area_m2": 5.482}}, {"type": "Feature", "geometry": {"type": "Polygon", "coordinates": [[[76.89919900149107, 43.18385314196348], [76.89919497817755, 43.18384911864996], [76.89919497817755, 43.18384241312742], [76.89919631928205, 43.18384174257517], [76.89919631928205, 43.18383973091841], [76.89920101314783, 43.18383637815714], [76.8992043659091, 43.18383637815714], [76.8992057070136, 43.18383704870939], [76.8992057070136, 43.1838383898139], [76.89921040087938, 43.183837719261646], [76.89921040087938, 43.183851800858974], [76.89920704811811, 43.18385247141123], [76.8992057070136, 43.18384978920221], [76.8992043659091, 43.18385247141123], [76.89919900149107, 43.18385314196348]]]}, "properties": {"id": 540, "class": "road", "confidence": 100.0, "source": "Almaty_5", "source_model": "unet-roads", "centroid_wkt": "POINT (76.89920332147105 43.18384454142725)", "bbox": [76.89919497817755, 43.18383637815714, 76.89921040087938, 43.18385314196348], "pixel_bbox": [5865, 1080, 5888, 1105], "area_m2": 1.951}}, {"type": "Feature", "geometry": {"type": "Polygon", "coordinates": [[[76.89937267452478, 43.1841180101037], [76.8993666395545, 43.18411532789469], [76.89936462789774, 43.18411264568567], [76.89936261624098, 43.18411197513342], [76.89936194568872, 43.184109292924404], [76.89936060458422, 43.184109292924404], [76.89935859292746, 43.18410728126764], [76.89935389906168, 43.18409185856581], [76.89935188740492, 43.184089846909046], [76.89935054630041, 43.184085823595524], [76.89934853464365, 43.184084482491016], [76.89934719353914, 43.18407911807299], [76.89934451133013, 43.18407643586397], [76.89934384077787, 43.184069730341434], [76.89934451133013, 43.18406704813242], [76.89934585243464, 43.184066377580166], [76.89934585243464, 43.18406369537115], [76.89935591071844, 43.18406168371439], [76.89935725182295, 43.184059001505375], [76.89935993403196, 43.184056989848614], [76.89935993403196, 43.184055648744106], [76.89936127513647, 43.184055648744106], [76.8993666395545, 43.18404894322157], [76.89937066286802, 43.18404760211706], [76.89937334507704, 43.18404491990805], [76.89937803894281, 43.18404424935579], [76.89937870949507, 43.18404223769903], [76.89938139170408, 43.18404223769903], [76.89938139170408, 43.183985240757465], [76.89938005059958, 43.18398255854845], [76.89936932176352, 43.183983229100704], [76.89936127513647, 43.18398054689169], [76.89935456961393, 43.183979876339436], [76.89935188740492, 43.183977864682674], [76.89934987574816, 43.183977864682674], [76.8993492051959, 43.18397652357817], [76.89934384077787, 43.183974511921406], [76.89934317022562, 43.1839731708169], [76.89934115856886, 43.1839731708169], [76.89933713525534, 43.183969147503376], [76.89933579415083, 43.183969147503376], [76.89932774752378, 43.183959759771824], [76.89932774752378, 43.18395305424929], [76.89932975918055, 43.18394634872675], [76.89933579415083, 43.18394433706999], [76.8993404880166, 43.18394500762224], [76.89934182912111, 43.183943666517735], [76.89934518188238, 43.183943666517735], [76.8993492051959, 43.18394165486097], [76.89935054630041, 43.18394232541323], [76.89935456961393, 43.18394098430872], [76.8993565812707, 43.18393897265196], [76.89935524016619, 43.183934949338436], [76.89935859292746, 43.18393159657717], [76.89935859292746, 43.183929584920406], [76.89935591071844, 43.18392623215914], [76.89935121685266, 43.18392489105463], [76.89933847635984, 43.18392489105463], [76.89932841807604, 43.18392891436815], [76.89932372421026, 43.183932937681675], [76.89931500703096, 43.18393360823393], [76.89930628985167, 43.183932937681675], [76.89930092543364, 43.18393159657717], [76.89929958432913, 43.18393025547266], [76.89929354935884, 43.183929584920406], [76.89928483217955, 43.18392690271139], [76.89926940947771, 43.18391818553209], [76.89926940947771, 43.183916844427586], [76.89925868064165, 43.18390745669603], [76.89925666898489, 43.18390343338251], [76.89925733953714, 43.18389471620321], [76.89925398677588, 43.1838920339942], [76.89926270395517, 43.18389069288969], [76.89942833036184, 43.18389002233744], [76.8994303420186, 43.18388398736715], [76.89943168312311, 43.1838833168149], [76.89943570643663, 43.183875270187855], [76.89944040030241, 43.18386923521757], [76.89944040030241, 43.1838658824563], [76.89944241195917, 43.183862529695034], [76.89944308251143, 43.183857165277004], [76.89944710582495, 43.18385247141123], [76.89944844692945, 43.18384576588869], [76.89945314079523, 43.183841072022915], [76.89945314079523, 43.18383973091841], [76.8994564935565, 43.183835707604885], [76.8994564935565, 43.183833695948124], [76.89946118742228, 43.183828331530094], [76.89946118742228, 43.18382699042559], [76.89946319907904, 43.18382564932108], [76.89946319907904, 43.18382430821657], [76.89946722239256, 43.1838209554553], [76.89946856349707, 43.1838209554553], [76.89947593957186, 43.18381290882826], [76.89947996288538, 43.183812238276005], [76.89948063343763, 43.1838108971715], [76.8994839861989, 43.1838108971715], [76.89948599785566, 43.183808885514736], [76.8994913622737, 43.18380955606699], [76.89949404448271, 43.183812238276005], [76.89949538558722, 43.183812238276005], [76.89949672669172, 43.18381492048502], [76.89949940890074, 43.18381693214178], [76.89949940890074, 43.183819614350796], [76.89950075000525, 43.18382162600756], [76.89950075000525, 43.18382699042559], [76.89950209110975, 43.18382766097784], [76.89950209110975, 43.18383302539587], [76.89950544387102, 43.18383637815714], [76.89950544387102, 43.1838383898139], [76.8995114788413, 43.18384241312742], [76.89952086657286, 43.18384375423193], [76.8995275720954, 43.18384777754545], [76.8995275720954, 43.18384978920221], [76.89952623099089, 43.18385113030672], [76.89952220767736, 43.18385247141123], [76.89951684325933, 43.18385649472475], [76.89951416105032, 43.18386185914278], [76.89950946718454, 43.18388532847166], [76.89950946718454, 43.18388935178518], [76.89951080828905, 43.18389069288969], [76.89950544387102, 43.183891363441944], [76.89950611442327, 43.18391215056181], [76.899502761662, 43.183922208845615], [76.89950075000525, 43.18392489105463], [76.89949940890074, 43.18393025547266], [76.89949538558722, 43.18393561989069], [76.89949337393045, 43.18394232541323], [76.89949002116919, 43.18394634872675], [76.89949002116919, 43.18394836038351], [76.89948733896017, 43.18395372480154], [76.89948331564665, 43.18395774811506], [76.89948063343763, 43.183963783085346], [76.89947795122862, 43.183965124189854], [76.89947795122862, 43.18396646529436], [76.89947661012411, 43.183967135846615], [76.89947459846735, 43.1839731708169], [76.89947258681059, 43.18397585302591], [76.89947258681059, 43.183977864682674], [76.89946923404932, 43.18398121744394], [76.89946789294481, 43.183985240757465], [76.89946588128805, 43.18398725241423], [76.89946454018354, 43.18398725241423], [76.89946454018354, 43.183988593518734], [76.89946185797453, 43.183990605175495], [76.89946185797453, 43.18399194628], [76.89946051687002, 43.18399194628], [76.89946051687002, 43.18399328738451], [76.89945917576551, 43.18399328738451], [76.899457834661, 43.18399731069803], [76.89945381134748, 43.184001334011555], [76.89945112913847, 43.184006698429585], [76.89944040030241, 43.1840180978179], [76.89943838864565, 43.18401876837015], [76.89943838864565, 43.18402010947466], [76.89943637698889, 43.184021450579166], [76.89943503588438, 43.18402413278818], [76.89943503588438, 43.18402614444494], [76.89943302422762, 43.18402949720621], [76.89943235367537, 43.18403620272875], [76.89943101257086, 43.184037543833256], [76.8994303420186, 43.184040896594524], [76.8994303420186, 43.18405095487833], [76.89943436533213, 43.18405296653509], [76.89943503588438, 43.184056989848614], [76.89943369477987, 43.18405833095312], [76.89942967146635, 43.184059001505375], [76.89943503588438, 43.184059001505375], [76.8994377180934, 43.184061013162136], [76.89942765980959, 43.184061013162136], [76.89942095428705, 43.18406235426664], [76.89938675612211, 43.18406235426664], [76.89938943833113, 43.184061013162136], [76.89938943833113, 43.184059001505375], [76.89938809722662, 43.184059001505375], [76.89938608556986, 43.184055648744106], [76.89938742667437, 43.18404693156481], [76.89938608556986, 43.184042908251286], [76.89938474446535, 43.18404223769903], [76.89938474446535, 43.18403888493776], [76.89938273280859, 43.18403821438551], [76.89938206225634, 43.1841180101037], [76.89937267452478, 43.1841180101037]], [[76.89942833036184, 43.18405833095312], [76.8994290009141, 43.184059001505375], [76.8994290009141, 43.18405833095312], [76.89942833036184, 43.18405833095312]]]}, "properties": {"id": 541, "class": "road", "confidence": 100.0, "source": "Almaty_5", "source_model": "unet-roads", "centroid_wkt": "POINT (76.8994122269163 43.183942449995435)", "bbox": [76.89925398677588, 43.183808885514736, 76.8995275720954, 43.1841180101037], "pixel_bbox": [5953, 685, 6361, 1146], "area_m2": 257.448}}, {"type": "Feature", "geometry": {"type": "Polygon", "coordinates": [[[76.89919698983431, 43.18379815667868], [76.89919028431177, 43.18379547446966], [76.899185590446, 43.18379480391741], [76.89918491989374, 43.1837934628129], [76.89917955547571, 43.183790780603886], [76.8991768732667, 43.183785416185856], [76.89917754381895, 43.18378139287233], [76.89918290823698, 43.183778040111065], [76.89918626099825, 43.18377736955881], [76.89919900149107, 43.183778040111065], [76.89920168370008, 43.18378072232008], [76.89920168370008, 43.18378206342459], [76.8992043659091, 43.183783404529095], [76.8992043659091, 43.18378675729036], [76.8992057070136, 43.18378675729036], [76.8992043659091, 43.18378809839487], [76.8992057070136, 43.183788768947124], [76.89920704811811, 43.18378072232008], [76.89920771867037, 43.18377938121557], [76.89921040087938, 43.18377938121557], [76.89921040087938, 43.183796145021915], [76.89920771867037, 43.18379815667868], [76.89920771867037, 43.183796145021915], [76.89920637756586, 43.18379547446966], [76.8992057070136, 43.18379279226065], [76.8992043659091, 43.18379547446966], [76.89920302480459, 43.18379480391741], [76.89920034259558, 43.18379748612642], [76.89919698983431, 43.18379815667868]], [[76.8992057070136, 43.183788768947124], [76.89920637756586, 43.183790780603886], [76.89920637756586, 43.183788768947124], [76.8992057070136, 43.183788768947124]]]}, "properties": {"id": 542, "class": "road", "confidence": 100.0, "source": "Almaty_5", "source_model": "unet-roads", "centroid_wkt": "POINT (76.899194581373 43.18378689526468)", "bbox": [76.8991768732667, 43.18377736955881, 76.89921040087938, 43.18379815667868], "pixel_bbox": [5838, 1162, 5888, 1193], "area_m2": 4.64}}, {"type": "Feature", "geometry": {"type": "Polygon", "coordinates": [[[76.89720544964075, 43.1837659701705], [76.89719807356596, 43.18376328796148], [76.89719405025244, 43.18375926464796], [76.89719270914793, 43.18375524133444], [76.89719405025244, 43.183747194707394], [76.89719539135695, 43.18374652415514], [76.89719539135695, 43.18374518305063], [76.89719941467047, 43.18374317139387], [76.897206120193, 43.18374250084162], [76.89720947295427, 43.183740489184856], [76.89722958952188, 43.183740489184856], [76.8972423300147, 43.18374518305063], [76.89724367111921, 43.1837485358119], [76.89724635332823, 43.183751218020916], [76.89724568277597, 43.1837572529912], [76.89724031835794, 43.183761946856976], [76.89722623676062, 43.18376328796148], [76.89721953123808, 43.1837659701705], [76.89720544964075, 43.1837659701705]]]}, "properties": {"id": 543, "class": "road", "confidence": 100.0, "source": "Almaty_5", "source_model": "unet-roads", "centroid_wkt": "POINT (76.89721899902891 43.183752690709)", "bbox": [76.89719270914793, 43.183740489184856, 76.89724635332823, 43.1837659701705], "pixel_bbox": [2879, 1210, 2959, 1248], "area_m2": 10.004}}, {"type": "Feature", "geometry": {"type": "Polygon", "coordinates": [[[76.89948532730341, 43.18375390022993], [76.89948465675116, 43.18375255912542], [76.89948197454214, 43.18375255912542], [76.89948130398989, 43.183751218020916], [76.89947862178087, 43.18375188857317], [76.8994752690196, 43.18375054746866], [76.8994752690196, 43.183749206364155], [76.8994739279151, 43.183749206364155], [76.89947258681059, 43.18374518305063], [76.89947124570608, 43.18374451249838], [76.89947325736284, 43.1837398186326], [76.89947325736284, 43.18373579531908], [76.89947593957186, 43.18373244255781], [76.89947862178087, 43.18373244255781], [76.8994839861989, 43.18373512476683], [76.89948599785566, 43.18373512476683], [76.8994913622737, 43.18374317139387], [76.8994913622737, 43.18375322967768], [76.89948532730341, 43.18375390022993]]]}, "properties": {"id": 544, "class": "road", "confidence": 100.0, "source": "Almaty_5", "source_model": "unet-roads", "centroid_wkt": "POINT (76.89948213152489 43.18374321011086)", "bbox": [76.89947124570608, 43.18373244255781, 76.8994913622737, 43.18375390022993], "pixel_bbox": [6277, 1228, 6307, 1260], "area_m2": 2.79}}, {"type": "Feature", "geometry": {"type": "Polygon", "coordinates": [[[76.89976830035448, 43.183731101453304], [76.89976025372744, 43.18372908979654], [76.89975958317518, 43.18372372537851], [76.89975220710039, 43.183722384274006], [76.89975220710039, 43.1837210431695], [76.89974952489138, 43.183720372617245], [76.89979512244463, 43.183720372617245], [76.89979311078787, 43.183722384274006], [76.89978037029505, 43.18372372537851], [76.89978238195181, 43.183727748692036], [76.89977701753378, 43.183731101453304], [76.89976830035448, 43.183731101453304]]]}, "properties": {"id": 545, "class": "road", "confidence": 100.0, "source": "Almaty_5", "source_model": "unet-roads", "centroid_wkt": "POINT (76.89977189679247 43.18372434065526)", "bbox": [76.89974952489138, 43.183720372617245, 76.89979512244463, 43.183731101453304], "pixel_bbox": [6692, 1262, 6760, 1278], "area_m2": 2.443}}, {"type": "Feature", "geometry": {"type": "Polygon", "coordinates": [[[76.89818043261766, 43.183736465871334], [76.89818043261766, 43.18371903151274], [76.89819920808077, 43.18371903151274], [76.89819987863302, 43.183720372617245], [76.89820121973753, 43.183720372617245], [76.89819987863302, 43.183725737035275], [76.89819786697626, 43.183727748692036], [76.8981958553195, 43.183727748692036], [76.89819116145372, 43.18373244255781], [76.89818512648344, 43.18373445421457], [76.89818244427443, 43.183736465871334], [76.89818043261766, 43.183736465871334]]]}, "properties": {"id": 546, "class": "road", "confidence": 100.0, "source": "Almaty_5", "source_model": "unet-roads", "centroid_wkt": "POINT (76.89818923704978 43.183725521917054)", "bbox": [76.89818043261766, 43.18371903151274, 76.89820121973753, 43.183736465871334], "pixel_bbox": [4352, 1254, 4383, 1280], "area_m2": 2.297}}, {"type": "Feature", "geometry": {"type": "Polygon", "coordinates": [[[76.8978364393115, 43.183756582438946], [76.8978364393115, 43.18375322967768], [76.89783375710249, 43.18375591188669], [76.89782839268446, 43.18375591188669], [76.89782101660967, 43.18375322967768], [76.89779821783304, 43.18375188857317], [76.89778614789248, 43.18375188857317], [76.89777944236994, 43.18375322967768], [76.89776871353388, 43.18375188857317], [76.89776804298162, 43.18375322967768], [76.89775597304106, 43.18375524133444], [76.89774725586176, 43.183754570782185], [76.89774591475725, 43.18375322967768], [76.89774390310049, 43.18375322967768], [76.89774122089148, 43.18375054746866], [76.89773853868246, 43.18374987691641], [76.89773719757795, 43.18374786525965], [76.89773585647345, 43.18374786525965], [76.89773317426443, 43.18374451249838], [76.89773049205542, 43.18374317139387], [76.89773049205542, 43.183741830289364], [76.89772713929415, 43.18373914808035], [76.89772713929415, 43.18373780697584], [76.89772445708513, 43.183736465871334], [76.89772177487612, 43.1837297603488], [76.89772110432386, 43.183720372617245], [76.89772378653288, 43.18371903151274], [76.8978364393115, 43.18371903151274], [76.89783710986376, 43.18371970206499], [76.8978364393115, 43.183756582438946]]]}, "properties": {"id": 547, "class": "road", "confidence": 100.0, "source": "Almaty_5", "source_model": "unet-roads", "centroid_wkt": "POINT (76.8977824563074 43.183735269717864)", "bbox": [76.89772110432386, 43.18371903151274, 76.89783710986376, 43.183756582438946], "pixel_bbox": [3667, 1224, 3840, 1280], "area_m2": 33.774}}, {"type": "Feature", "geometry": {"type": "Polygon", "coordinates": [[[76.89552571624517, 43.183801509439945], [76.89551834017038, 43.18379882723093], [76.89551632851362, 43.183796145021915], [76.89551364630461, 43.18379547446966], [76.89551096409559, 43.18379212170839], [76.89550962299109, 43.18378742784262], [76.89550761133432, 43.1837847456336], [76.89550761133432, 43.18378273397684], [76.89550627022982, 43.18378139287233], [76.89550627022982, 43.18377938121557], [76.8955035880208, 43.18377535790205], [76.89550157636404, 43.183767311275005], [76.8954948708415, 43.18375524133444], [76.8954948708415, 43.18375255912542], [76.89549218863249, 43.1837485358119], [76.89549151808023, 43.18374451249838], [76.89548883587122, 43.1837398186326], [76.89548883587122, 43.18373713642359], [76.89548749476671, 43.183736465871334], [76.89548548310995, 43.18373043090105], [76.89548414200544, 43.1837297603488], [76.89548347145319, 43.18372707813978], [76.89547810703516, 43.18372506648302], [76.8954760953784, 43.183722384274006], [76.89547475427389, 43.183722384274006], [76.89547341316938, 43.1837210431695], [76.89547408372164, 43.18371903151274], [76.89556527882814, 43.18371903151274], [76.89556930214167, 43.183720372617245], [76.8955672904849, 43.18372439593077], [76.89556997269392, 43.18372707813978], [76.89556997269392, 43.1837297603488], [76.89557131379843, 43.18373177200556], [76.89557131379843, 43.18373914808035], [76.89557399600744, 43.183747194707394], [76.89557399600744, 43.18375859409571], [76.89556997269392, 43.18376999348402], [76.89556863158941, 43.183770664036274], [76.89556460827589, 43.183778040111065], [76.89555924385786, 43.183783404529095], [76.89555924385786, 43.1837847456336], [76.89554784446955, 43.18379547446966], [76.895538456738, 43.18380016833544], [76.89552571624517, 43.183801509439945]]]}, "properties": {"id": 548, "class": "road", "confidence": 100.0, "source": "Almaty_5", "source_model": "unet-roads", "centroid_wkt": "POINT (76.89553172425526 43.183753366053)", "bbox": [76.89547341316938, 43.18371903151274, 76.89557399600744, 43.183801509439945], "pixel_bbox": [315, 1157, 465, 1280], "area_m2": 50.739}}, {"type": "Feature", "geometry": {"type": "Polygon", "coordinates": [[[76.90083246678114, 43.183738477528095], [76.90082307904959, 43.18373713642359], [76.90082039684057, 43.18373579531908], [76.90081905573606, 43.18373378366232], [76.90081771463156, 43.18373378366232], [76.90081436187029, 43.18372841924429], [76.90081503242254, 43.18372305482626], [76.90081302076578, 43.183720372617245], [76.9008170440793, 43.18371903151274], [76.90087337046862, 43.18371903151274], [76.90088074654341, 43.183720372617245], [76.9008794054389, 43.1837210431695], [76.9008794054389, 43.18372305482626], [76.90087806433439, 43.18372305482626], [76.90087806433439, 43.18372707813978], [76.90087538212538, 43.18372908979654], [76.90087404102087, 43.18373177200556], [76.90087202936411, 43.18373177200556], [76.9008706882596, 43.183733113110065], [76.90085526555777, 43.18373512476683], [76.90085392445326, 43.183736465871334], [76.90085057169199, 43.183736465871334], [76.90084788948298, 43.18373780697584], [76.90083246678114, 43.183738477528095]]]}, "properties": {"id": 549, "class": "road", "confidence": 100.0, "source": "Almaty_5", "source_model": "unet-roads", "centroid_wkt": "POINT (76.9008451208953 43.18372713284146)", "bbox": [76.90081302076578, 43.18371903151274, 76.90088074654341, 43.183738477528095], "pixel_bbox": [8278, 1251, 8379, 1280], "area_m2": 9.442}}, {"type": "Feature", "geometry": {"type": "Polygon", "coordinates": [[[76.90108258277178, 43.18376395851374], [76.90107587724924, 43.18376060575247], [76.90107453614473, 43.18375792354345], [76.90107051283121, 43.183754570782185], [76.90106850117445, 43.18374987691641], [76.9010591134429, 43.183741830289364], [76.90105441957712, 43.1837297603488], [76.90105509012938, 43.183725737035275], [76.90105643123388, 43.18372506648302], [76.90105710178614, 43.183722384274006], [76.90105576068163, 43.183722384274006], [76.90105441957712, 43.183720372617245], [76.90106112509966, 43.18371903151274], [76.90109733492136, 43.18371903151274], [76.90109867602587, 43.183720372617245], [76.90109867602587, 43.18376261740923], [76.90109733492136, 43.18376060575247], [76.9010953232646, 43.18376261740923], [76.90109129995108, 43.183761946856976], [76.90108995884657, 43.18376328796148], [76.90108258277178, 43.18376395851374]]]}, "properties": {"id": 550, "class": "road", "confidence": 100.0, "source": "Almaty_5", "source_model": "unet-roads", "centroid_wkt": "POINT (76.90108011372655 43.183738133886365)", "bbox": [76.90105441957712, 43.18371903151274, 76.90109867602587, 43.18376395851374], "pixel_bbox": [8638, 1213, 8704, 1280], "area_m2": 14.269}}, {"type": "Feature", "geometry": {"type": "Polygon", "coordinates": [[[76.90057765692472, 43.18373512476683], [76.90056759864092, 43.18373378366232], [76.9005649164319, 43.18373177200556], [76.90056424587965, 43.183727748692036], [76.90056290477514, 43.18372707813978], [76.90056156367064, 43.18372372537851], [76.90055955201387, 43.18372305482626], [76.90055821090937, 43.1837210431695], [76.90056022256613, 43.18371903151274], [76.90054144710302, 43.18371903151274], [76.90054345875978, 43.18371836096048], [76.90054345875978, 43.183717019855976], [76.90053809434175, 43.18371634930372], [76.9005374237895, 43.183715008199215], [76.90053004771471, 43.18371634930372], [76.90053205937147, 43.183717019855976], [76.90053205937147, 43.18371836096048], [76.90052937716246, 43.18371903151274], [76.9004924967885, 43.18371903151274], [76.90049316734076, 43.18371634930372], [76.90049182623625, 43.18371634930372], [76.90049048513174, 43.183712996542454], [76.90049383789301, 43.18370830267668], [76.90050389617682, 43.18370562046766], [76.90052602440119, 43.183707632124424], [76.90053340047598, 43.18371031433344], [76.9005474820733, 43.183709643781185], [76.90055284649134, 43.18370830267668], [76.90055418759584, 43.18370696157217], [76.90057296305895, 43.18370696157217], [76.90058168023825, 43.18371098488569], [76.90058369189501, 43.18370830267668], [76.90058369189501, 43.183717019855976], [76.90058168023825, 43.183717019855976], [76.90058168023825, 43.18371567875147], [76.900581009686, 43.183717019855976], [76.90057765692472, 43.183717019855976], [76.90058369189501, 43.18371836096048], [76.9005823507905, 43.18371903151274], [76.90058369189501, 43.18372171372175], [76.90058369189501, 43.18373378366232], [76.90057966858149, 43.18373445421457], [76.90057899802923, 43.183733113110065], [76.90057899802923, 43.18373445421457], [76.90057765692472, 43.18373378366232], [76.90057765692472, 43.18373512476683]], [[76.90057899802923, 43.18373043090105], [76.90057966858149, 43.18373244255781], [76.90057966858149, 43.18373043090105], [76.90057899802923, 43.18373043090105]], [[76.90057832747698, 43.18371903151274], [76.90057899802923, 43.18371970206499], [76.90057899802923, 43.18371903151274], [76.90057832747698, 43.18371903151274]], [[76.90057966858149, 43.18371903151274], [76.900581009686, 43.18371970206499], [76.900581009686, 43.18371903151274], [76.90057966858149, 43.18371903151274]]]}, "properties": {"id": 551, "class": "road", "confidence": 100.0, "source": "Almaty_5", "source_model": "unet-roads", "centroid_wkt": "POINT (76.90054569953256 43.18371604754165)", "bbox": [76.90049048513174, 43.18370562046766, 76.90058369189501, 43.18373512476683], "pixel_bbox": [7797, 1256, 7936, 1300], "area_m2": 11.714}}, {"type": "Feature", "geometry": {"type": "Polygon", "coordinates": [[[76.89589451998472, 43.18371903151274], [76.89589586108923, 43.18371836096048], [76.89589451998472, 43.18371634930372], [76.89589519053698, 43.1837123259902], [76.89589787274599, 43.183709643781185], [76.895900554955, 43.18370897322893], [76.89590122550726, 43.183707632124424], [76.89590726047754, 43.183704279363155], [76.89590994268656, 43.183704279363155], [76.89591262489557, 43.183702267706394], [76.89591865986586, 43.18370092660189], [76.89592134207487, 43.183698914945126], [76.89592938870192, 43.183696903288364], [76.89594682306051, 43.183696903288364], [76.89594749361277, 43.18369556218386], [76.89594883471727, 43.18369556218386], [76.89594816416502, 43.18371903151274], [76.89589451998472, 43.18371903151274]]]}, "properties": {"id": 552, "class": "road", "confidence": 100.0, "source": "Almaty_5", "source_model": "unet-roads", "centroid_wkt": "POINT (76.89592577063699 43.18370902980905)", "bbox": [76.89589451998472, 43.18369556218386, 76.89594883471727, 43.18371903151274], "pixel_bbox": [943, 1280, 1024, 1315], "area_m2": 8.744}}, {"type": "Feature", "geometry": {"type": "Polygon", "coordinates": [[[76.89550895243883, 43.183715008199215], [76.89550627022982, 43.18371366709471], [76.89549889415503, 43.18371366709471], [76.89549621194601, 43.1837123259902], [76.89549420028925, 43.183709643781185], [76.89549285918474, 43.1837036088109], [76.89549420028925, 43.18369958549738], [76.89549889415503, 43.18369422107935], [76.89550157636404, 43.18369287997484], [76.89550492912531, 43.183693550527096], [76.89550761133432, 43.183691538870335], [76.89551163464785, 43.183691538870335], [76.89551834017038, 43.18369422107935], [76.89551901072264, 43.183696903288364], [76.89552169293165, 43.18370025604963], [76.89552169293165, 43.18370629101992], [76.89551968127489, 43.18371031433344], [76.89551632851362, 43.18371366709471], [76.89551297575235, 43.183715008199215], [76.89550895243883, 43.183715008199215]]]}, "properties": {"id": 553, "class": "road", "confidence": 100.0, "source": "Almaty_5", "source_model": "unet-roads", "centroid_wkt": "POINT (76.89550801336311 43.18370322181564)", "bbox": [76.89549285918474, 43.183691538870335, 76.89552169293165, 43.183715008199215], "pixel_bbox": [344, 1286, 387, 1321], "area_m2": 4.8}}, {"type": "Feature", "geometry": {"type": "Polygon", "coordinates": [[[76.8971699103713, 43.183727748692036], [76.89716454595327, 43.183727748692036], [76.89716387540102, 43.18372305482626], [76.89716253429651, 43.1837210431695], [76.897161193192, 43.1837210431695], [76.897161193192, 43.18371903151274], [76.89715046435595, 43.18371903151274], [76.89715046435595, 43.18368550390005], [76.89715314656496, 43.18368349224329], [76.89715582877398, 43.183684162795544], [76.89716387540102, 43.183682821691036], [76.8971786275506, 43.18368349224329], [76.89718466252089, 43.1836848333478], [76.89722891896963, 43.18368349224329], [76.89724367111921, 43.183686174452305], [76.89725439995527, 43.183691538870335], [76.8972597643733, 43.183696903288364], [76.89726244658232, 43.18370159715414], [76.89726445823908, 43.183702267706394], [76.89726512879133, 43.183704279363155], [76.89726781100035, 43.18370562046766], [76.89726781100035, 43.18370696157217], [76.89727116376162, 43.183709643781185], [76.89727451652288, 43.18371769040823], [76.89727585762739, 43.18371836096048], [76.89717192202806, 43.18371903151274], [76.89717192202806, 43.183720372617245], [76.8971772864461, 43.1837210431695], [76.89717259258032, 43.1837210431695], [76.89717192202806, 43.18372305482626], [76.89717058092356, 43.18372305482626], [76.89717125147581, 43.183725737035275], [76.8971699103713, 43.18372640758753], [76.8971699103713, 43.183727748692036]]]}, "properties": {"id": 554, "class": "road", "confidence": 100.0, "source": "Almaty_5", "source_model": "unet-roads", "centroid_wkt": "POINT (76.89720585874755 43.18370228318969)", "bbox": [76.89715046435595, 43.183682821691036, 76.89727585762739, 43.183727748692036], "pixel_bbox": [2816, 1267, 3003, 1334], "area_m2": 35.63}}, {"type": "Feature", "geometry": {"type": "Polygon", "coordinates": [[[76.8973670527339, 43.184075094759464], [76.89736369997263, 43.18407375365496], [76.89736168831587, 43.184071741998196], [76.89736168831587, 43.184069730341434], [76.89735766500235, 43.18406838923693], [76.89735565334558, 43.184064365923405], [76.89735364168882, 43.184064365923405], [76.89735632389784, 43.1840630248189], [76.89736168831587, 43.1840630248189], [76.89735900610685, 43.18406168371439], [76.89735900610685, 43.18406034260988], [76.89735766500235, 43.18405967205763], [76.89735632389784, 43.184056989848614], [76.89735632389784, 43.18405296653509], [76.8973583355546, 43.18404961377382], [76.89735900610685, 43.184042908251286], [76.89736168831587, 43.18403955549002], [76.89736235886812, 43.184036873281], [76.89736369997263, 43.18403620272875], [76.89736369997263, 43.18403486162424], [76.89736504107714, 43.18403419107199], [76.89736571162939, 43.18403150886297], [76.89737040549517, 43.18402748554945], [76.89737107604742, 43.18402547389269], [76.89737912267447, 43.18402413278818], [76.89738649874926, 43.18402078002691], [76.89741734415293, 43.18402078002691], [76.89741801470518, 43.184019438922405], [76.89742136746645, 43.1840180978179], [76.89742136746645, 43.18401608616114], [76.89742337912321, 43.18401273339987], [76.89742337912321, 43.18400736898184], [76.89742136746645, 43.184001334011555], [76.89741667360067, 43.18399529904127], [76.89741533249617, 43.18399127572775], [76.8974119797349, 43.183988593518734], [76.8974119797349, 43.18398725241423], [76.89740728586912, 43.18398255854845], [76.89740728586912, 43.18398121744394], [76.89740594476461, 43.18398121744394], [76.89740058034658, 43.18397518247366], [76.89739923924208, 43.18397518247366], [76.89739789813757, 43.183972500264645], [76.89739655703306, 43.183972500264645], [76.89739655703306, 43.18397115916014], [76.8973932042718, 43.18396981805563], [76.89738851040602, 43.183963783085346], [76.89737912267447, 43.183959759771824], [76.89737644046545, 43.18395707756281], [76.89737241715193, 43.1839557364583], [76.89737174659967, 43.183954395353794], [76.89736906439066, 43.18395372480154], [76.8973670527339, 43.183951042592525], [76.89736571162939, 43.183951042592525], [76.89735967665911, 43.18394433706999], [76.89735699445009, 43.18393964320421], [76.89735699445009, 43.18393763154745], [76.89735431224108, 43.18393360823393], [76.8973496183753, 43.1839108094573], [76.89735028892756, 43.18390343338251], [76.89735163003206, 43.183902092278004], [76.89735431224108, 43.18389069288969], [76.89734492450953, 43.18389002233744], [76.89734425395727, 43.18387996405363], [76.89734559506178, 43.1838745996356], [76.89734559506178, 43.18386856466532], [76.89734358340502, 43.18385783582926], [76.89734224230051, 43.18385515362024], [76.89733620733023, 43.18385045975447], [76.89732749015093, 43.18384777754545], [76.89732279628515, 43.18384777754545], [76.8973221257329, 43.183780051767826], [76.89731877297163, 43.183780051767826], [76.89731743186712, 43.18378139287233], [76.89731072634459, 43.183783404529095], [76.89730737358332, 43.18378742784262], [76.89730200916529, 43.18378943949938], [76.89729999750853, 43.18379145115614], [76.89729128032923, 43.1837934628129], [76.89728323370218, 43.1837934628129], [76.89727786928415, 43.18379145115614], [76.89727183431387, 43.18378608673811], [76.89727183431387, 43.1837847456336], [76.8972684815526, 43.18378139287233], [76.89726579934359, 43.183774687349796], [76.89726378768682, 43.183772675693035], [76.89726244658232, 43.18376664072275], [76.89726110547781, 43.1837659701705], [76.89726110547781, 43.18376127630472], [76.89726378768682, 43.18375926464796], [76.89726445823908, 43.183756582438946], [76.8972671404481, 43.18375390022993], [76.8972684815526, 43.18374518305063], [76.89727116376162, 43.183740489184856], [76.89727183431387, 43.18373378366232], [76.89727317541838, 43.1837297603488], [76.89727585762739, 43.18372640758753], [76.89728256314993, 43.18372372537851], [76.89729865640402, 43.18372171372175], [76.89730402082205, 43.18371903151274], [76.8973221257329, 43.18371903151274], [76.8973221257329, 43.18362917751074], [76.8973234668374, 43.18362582474947], [76.89732480794191, 43.18362649530172], [76.89732480794191, 43.18362448364496], [76.89732816070318, 43.18362448364496], [76.89733017235994, 43.1836224719882], [76.89733285456896, 43.18362180143595], [76.89734693616629, 43.183623142540455], [76.89735498279333, 43.18363185971975], [76.89735766500235, 43.183641247451305], [76.89735900610685, 43.18364258855581], [76.89735900610685, 43.183646611869335], [76.89736034721136, 43.18364929407835], [76.89736034721136, 43.1836586818099], [76.89736168831587, 43.18366136401892], [76.89736168831587, 43.18366538733244], [76.89736302942038, 43.18366672843695], [76.89736302942038, 43.18367142230272], [76.89736437052488, 43.183673433959484], [76.89736571162939, 43.18368349224329], [76.89736973494291, 43.18369220942259], [76.89737107604742, 43.18369287997484], [76.89737308770418, 43.183696903288364], [76.89737375825644, 43.18370092660189], [76.89737509936094, 43.18370159715414], [76.8973757699132, 43.183704279363155], [76.89737644046545, 43.18371567875147], [76.89737509936094, 43.18371836096048], [76.89739119261503, 43.18371903151274], [76.89739253371954, 43.183720372617245], [76.89739119261503, 43.18372305482626], [76.89739119261503, 43.183740489184856], [76.89738985151052, 43.18374518305063], [76.89738851040602, 43.18376127630472], [76.897385828197, 43.1837659701705], [76.897385828197, 43.18376865237951], [76.89737845212221, 43.18378139287233], [76.8973757699132, 43.18379011005163], [76.8973757699132, 43.1838021799922], [76.89737845212221, 43.18380754441023], [76.89737845212221, 43.18380955606699], [76.89738046377897, 43.183812238276005], [76.89738046377897, 43.183814249932766], [76.89738247543573, 43.18381559103727], [76.8973844870925, 43.18382028490305], [76.897385828197, 43.1838209554553], [76.897385828197, 43.18382229655981], [76.89739119261503, 43.18382766097784], [76.89739655703306, 43.183830343186855], [76.89740192145109, 43.183830343186855], [76.8974046036601, 43.183828331530094], [76.89741063863039, 43.18382699042559], [76.89742270857096, 43.1838209554553], [76.89743008464575, 43.18381290882826], [76.89743343740702, 43.18381156772375], [76.89743880182505, 43.18380620330572], [76.8974394723773, 43.183803521096706], [76.89744416624308, 43.18379882723093], [76.89744684845209, 43.1837934628129], [76.8974481895566, 43.183788768947124], [76.89744751900434, 43.183772675693035], [76.89744349569082, 43.18375926464796], [76.89744349569082, 43.183754570782185], [76.89744148403406, 43.18374652415514], [76.89744148403406, 43.1837398186326], [76.8974394723773, 43.18373043090105], [76.89743611961603, 43.18372305482626], [76.89743611961603, 43.18371970206499], [76.89743343740702, 43.18371903151274], [76.89743343740702, 43.183709643781185], [76.89743477851152, 43.183702267706394], [76.89743880182505, 43.1836948916316], [76.89744014292955, 43.183688186109066], [76.89744550734758, 43.18368013948202], [76.89744684845209, 43.18368013948202], [76.89744886010885, 43.18367812782526], [76.89745355397463, 43.183677457273006], [76.89745891839266, 43.183680810034275], [76.89746160060167, 43.183686174452305], [76.8974656239152, 43.18368952721357], [76.8974656239152, 43.18369086831808], [76.89747098833323, 43.183696903288364], [76.89747232943773, 43.18370092660189], [76.89747501164675, 43.18370293825865], [76.89747501164675, 43.18370494991541], [76.89747769385576, 43.183709643781185], [76.89747903496027, 43.183709643781185], [76.89747903496027, 43.18371098488569], [76.89748037606478, 43.183711655437946], [76.89748037606478, 43.18371836096048], [76.8974843993783, 43.18371903151274], [76.8974843993783, 43.183720372617245], [76.89748574048281, 43.183720372617245], [76.89748506993055, 43.18372171372175], [76.89748775213957, 43.18372908979654], [76.89748909324408, 43.183738477528095], [76.89749043434858, 43.183738477528095], [76.89749110490084, 43.183741830289364], [76.89749244600534, 43.183741830289364], [76.89749378710985, 43.1837398186326], [76.89749378710985, 43.18402346223593], [76.89749177545309, 43.18402614444494], [76.89748909324408, 43.184024803340435], [76.89747635275126, 43.18403083831072], [76.89746629446745, 43.18403284996748], [76.8974656239152, 43.18403419107199], [76.89746227115393, 43.18403486162424], [76.89746093004942, 43.184036873281], [76.89745355397463, 43.18404022604227], [76.89745221287012, 43.18404223769903], [76.8974495306611, 43.18404357880354], [76.89744148403406, 43.1840455904603], [76.89743880182505, 43.18404760211706], [76.89743276685476, 43.184048272669315], [76.89743008464575, 43.18405028432608], [76.89742337912321, 43.18405095487833], [76.89742002636194, 43.184053637087345], [76.8974133208394, 43.18405631929636], [76.89741265028715, 43.18405766040087], [76.89740527421236, 43.184059001505375], [76.89740527421236, 43.18406034260988], [76.89740058034658, 43.18406034260988], [76.89739990979433, 43.18406168371439], [76.89738515764475, 43.18406168371439], [76.89738515764475, 43.1840630248189], [76.89740125089884, 43.184064365923405], [76.89739253371954, 43.18406503647566], [76.897385828197, 43.18406704813242], [76.89738716930151, 43.18406771868467], [76.89738716930151, 43.184071741998196], [76.897385828197, 43.184071741998196], [76.89738381654024, 43.18407375365496], [76.8973771110177, 43.184075094759464], [76.8973670527339, 43.184075094759464]]]}, "properties": {"id": 555, "class": "road", "confidence": 100.0, "source": "Almaty_5", "source_model": "unet-roads", "centroid_wkt": "POINT (76.89740437574781 43.1838505491237)", "bbox": [76.89726110547781, 43.18362180143595, 76.89749378710985, 43.184075094759464], "pixel_bbox": [2981, 749, 3328, 1425], "area_m2": 451.034}}, {"type": "Feature", "geometry": {"type": "Polygon", "coordinates": [[[76.89972471445799, 43.183662705123425], [76.89972337335348, 43.18365465849638], [76.89972136169672, 43.18365465849638], [76.89972404390574, 43.183646611869335], [76.89972471445799, 43.18363185971975], [76.89972337335348, 43.18363185971975], [76.89972337335348, 43.183630518615246], [76.89972203224897, 43.1836311891675], [76.89972136169672, 43.183625154197216], [76.89972203224897, 43.18362046033144], [76.89972270280123, 43.18362180143595], [76.89972337335348, 43.183619789779186], [76.89972471445799, 43.18362046033144], [76.89972538501024, 43.18361643701792], [76.89972471445799, 43.183662705123425]]]}, "properties": {"id": 556, "class": "road", "confidence": 100.0, "source": "Almaty_5", "source_model": "unet-roads", "centroid_wkt": "POINT (76.89972413783791 43.183636020846166)", "bbox": [76.89972136169672, 43.18361643701792, 76.89972538501024, 43.183662705123425], "pixel_bbox": [6650, 1364, 6656, 1433], "area_m2": 0.662}}, {"type": "Feature", "geometry": {"type": "Polygon", "coordinates": [[[76.89591329544783, 43.18365130573511], [76.89589854329824, 43.18365063518286], [76.89589519053698, 43.18364795297384], [76.89588915556669, 43.18364594131708], [76.89588513225317, 43.18364191800356], [76.89588245004416, 43.18363655358553], [76.89588245004416, 43.18363320082426], [76.89588379114866, 43.18362716585398], [76.89588580280542, 43.183625154197216], [76.89588580280542, 43.18362381309271], [76.8958992138505, 43.183610402047634], [76.895900554955, 43.18360637873411], [76.89590323716402, 43.18360570818186], [76.89590457826853, 43.1836036965251], [76.89591128379107, 43.18360034376383], [76.89592603594065, 43.183599673211575], [76.89593072980642, 43.18359699100256], [76.8959367647767, 43.18359699100256], [76.89594145864248, 43.183601684868336], [76.89594279974699, 43.183601684868336], [76.89594279974699, 43.18360302597284], [76.8959441408515, 43.18360302597284], [76.895945481956, 43.18359766155481], [76.89594682306051, 43.18359900265932], [76.89594682306051, 43.18359564989805], [76.89594816416502, 43.18359699100256], [76.89594883471727, 43.18358961492777], [76.89594883471727, 43.18363454192877], [76.89593877643347, 43.18363454192877], [76.8959367647767, 43.18363789469004], [76.89593274146318, 43.1836399063468], [76.8959267064929, 43.18364594131708], [76.89591933041811, 43.183649964630604], [76.89591329544783, 43.18365130573511]]]}, "properties": {"id": 557, "class": "road", "confidence": 100.0, "source": "Almaty_5", "source_model": "unet-roads", "centroid_wkt": "POINT (76.89591791647545 43.183624053787675)", "bbox": [76.89588245004416, 43.18358961492777, 76.89594883471727, 43.18365130573511], "pixel_bbox": [925, 1381, 1024, 1473], "area_m2": 23.859}}, {"type": "Feature", "geometry": {"type": "Polygon", "coordinates": [[[76.89801011234522, 43.18363655358553], [76.89800877124071, 43.183621130883694], [76.89800877124071, 43.18359699100256], [76.89800944179296, 43.183565475046635], [76.89801078289747, 43.18356413394213], [76.89801078289747, 43.18356614559889], [76.89801212400198, 43.183565475046635], [76.89801346510649, 43.183570839464664], [76.89801681786776, 43.183570839464664], [76.89802084118128, 43.18356815725565], [76.89802687615156, 43.18356815725565], [76.8980349227786, 43.18357486277819], [76.8980349227786, 43.18357687443495], [76.89803626388311, 43.1835775449872], [76.89803760498762, 43.183581568300724], [76.89803760498762, 43.183586932718754], [76.89803894609213, 43.18358760327101], [76.89803894609213, 43.18359028548002], [76.89804028719664, 43.18359296768904], [76.89804296940565, 43.1835949793458], [76.89804296940565, 43.18359766155481], [76.89804565161467, 43.18360101431608], [76.89804565161467, 43.18360839039087], [76.89804296940565, 43.18361643701792], [76.89803626388311, 43.183623142540455], [76.8980349227786, 43.183623142540455], [76.89803089946508, 43.18362716585398], [76.89802955836058, 43.18362716585398], [76.89802419394255, 43.1836311891675], [76.89801346510649, 43.1836311891675], [76.89801212400198, 43.18363521248102], [76.89801078289747, 43.18363454192877], [76.89801011234522, 43.18363655358553]]]}, "properties": {"id": 558, "class": "road", "confidence": 100.0, "source": "Almaty_5", "source_model": "unet-roads", "centroid_wkt": "POINT (76.8980246084526 43.18360009584612)", "bbox": [76.89800877124071, 43.18356413394213, 76.89804565161467, 43.18363655358553], "pixel_bbox": [4096, 1403, 4151, 1511], "area_m2": 16.927}}, {"type": "Feature", "geometry": {"type": "Polygon", "coordinates": [[[76.90069567412138, 43.18358492106199], [76.90069299191236, 43.183583579957485], [76.90069299191236, 43.18358223885298], [76.90069165080786, 43.183581568300724], [76.90069165080786, 43.18357888609171], [76.90069030970335, 43.1835775449872], [76.90069165080786, 43.18357352167368], [76.90069299191236, 43.183572851121426], [76.90069165080786, 43.18357016891241], [76.90069165080786, 43.183565475046635], [76.90069299191236, 43.18356413394213], [76.90069634467363, 43.18356413394213], [76.9006983563304, 43.1835688278079], [76.90069768577814, 43.18357218056917], [76.90069500356913, 43.183572851121426], [76.90069500356913, 43.18357486277819], [76.90069701522589, 43.18357553333044], [76.9006983563304, 43.183578215539455], [76.9006983563304, 43.18358223885298], [76.90069567412138, 43.18358492106199]]]}, "properties": {"id": 559, "class": "road", "confidence": 100.0, "source": "Almaty_5", "source_model": "unet-roads", "centroid_wkt": "POINT (76.90069499046025 43.18357403469726)", "bbox": [76.90069030970335, 43.18356413394213, 76.9006983563304, 43.18358492106199], "pixel_bbox": [8095, 1480, 8107, 1511], "area_m2": 1.021}}, {"type": "Feature", "geometry": {"type": "Polygon", "coordinates": [[[76.90046701580286, 43.183630518615246], [76.90046299248934, 43.18362716585398], [76.90046299248934, 43.18362582474947], [76.90045963972807, 43.18362180143595], [76.90045963972807, 43.183619789779186], [76.90045561641455, 43.18361643701792], [76.90045293420553, 43.18361107259989], [76.90044086426497, 43.183599673211575], [76.90043952316046, 43.18359699100256], [76.90043080598116, 43.183592297136784], [76.90042544156313, 43.18359162658453], [76.90042275935411, 43.18358961492777], [76.90042342990637, 43.18358827382326], [76.90041940659285, 43.18358827382326], [76.90041873604059, 43.18358961492777], [76.90041672438383, 43.183588944375515], [76.90041672438383, 43.18359028548002], [76.90041404217482, 43.183590956032276], [76.90041404217482, 43.183592297136784], [76.90041270107031, 43.18359028548002], [76.90041337162256, 43.18356614559889], [76.90041404217482, 43.183567486703396], [76.90041538327932, 43.183567486703396], [76.90041538327932, 43.18356949836016], [76.90041739493608, 43.18357151001692], [76.90041739493608, 43.1835688278079], [76.9004200771451, 43.18356949836016], [76.90042544156313, 43.18356413394213], [76.90042544156313, 43.18356279283762], [76.90042678266764, 43.18356279283762], [76.90042745321989, 43.18356078118086], [76.9004287943244, 43.18356078118086], [76.9004301354289, 43.1835587695241], [76.90043415874243, 43.183556757867336], [76.90043415874243, 43.18355541676283], [76.90043818205595, 43.18355139344931], [76.90043952316046, 43.18355139344931], [76.90044153481722, 43.18354804068804], [76.90044354647398, 43.183547370135784], [76.90048780292273, 43.183547370135784], [76.90049383789301, 43.18354871124029], [76.90049316734076, 43.18355072289705], [76.90048914402723, 43.18355139344931], [76.90048914402723, 43.18355340510607], [76.9004924967885, 43.18355608731508], [76.90049182623625, 43.183567486703396], [76.90049048513174, 43.18356949836016], [76.9004924967885, 43.183583579957485], [76.90049182623625, 43.18359833210707], [76.90048914402723, 43.18360235542059], [76.90048847347498, 43.18360570818186], [76.90048512071371, 43.18360906094313], [76.90048512071371, 43.18361107259989], [76.9004824385047, 43.18361442536116], [76.90048109740019, 43.18361911922693], [76.90047975629568, 43.183619789779186], [76.90047841519117, 43.18362582474947], [76.90047238022089, 43.183630518615246], [76.90046701580286, 43.183630518615246]], [[76.90041605383158, 43.18358425050974], [76.90041739493608, 43.1835862621665], [76.90041739493608, 43.1835775449872], [76.90041605383158, 43.18358425050974]], [[76.90041538327932, 43.18358492106199], [76.90041605383158, 43.183585591614246], [76.90041605383158, 43.18358492106199], [76.90041538327932, 43.18358492106199]]]}, "properties": {"id": 560, "class": "road", "confidence": 100.0, "source": "Almaty_5", "source_model": "unet-roads", "centroid_wkt": "POINT (76.90045989374188 43.183581241933524)", "bbox": [76.90041270107031, 43.183547370135784, 76.90049383789301, 43.183630518615246], "pixel_bbox": [7681, 1412, 7802, 1536], "area_m2": 39.431}}, {"type": "Feature", "geometry": {"type": "Polygon", "coordinates": [[[76.89830917865038, 43.18360771983862], [76.89829375594854, 43.18360771983862], [76.89828101545572, 43.1836036965251], [76.89827632158995, 43.1836036965251], [76.89827028661966, 43.183601684868336], [76.8982582166791, 43.18360034376383], [76.89824547618628, 43.18360034376383], [76.89823675900698, 43.18360302597284], [76.89823340624571, 43.18360302597284], [76.89822871237993, 43.18360570818186], [76.8982220068574, 43.18360570818186], [76.89821798354387, 43.183607049286366], [76.89819116145372, 43.18360436707735], [76.89818177372217, 43.183605037629604], [76.89818043261766, 43.18360235542059], [76.89818043261766, 43.18359296768904], [76.89817909151316, 43.18359162658453], [76.89817506819963, 43.18359162658453], [76.8981683626771, 43.183586932718754], [76.89816769212484, 43.18358425050974], [76.89816568046808, 43.18358223885298], [76.89816568046808, 43.18357687443495], [76.8981697037816, 43.18357218056917], [76.8981697037816, 43.183570839464664], [76.89817573875189, 43.18356480449438], [76.89817775040865, 43.18356480449438], [76.89818043261766, 43.18356279283762], [76.89818043261766, 43.183547370135784], [76.89825419336557, 43.183547370135784], [76.89827095717192, 43.18354871124029], [76.8982682749629, 43.18355139344931], [76.89826223999262, 43.18355139344931], [76.89826223999262, 43.183552734553814], [76.89826492220163, 43.18355340510607], [76.8982669338584, 43.18355541676283], [76.89827363938093, 43.183556757867336], [76.89827430993319, 43.183558098971844], [76.8982769921422, 43.1835587695241], [76.89827766269445, 43.18356145173311], [76.89827900379896, 43.18356078118086], [76.8982857093215, 43.18356480449438], [76.89829040318727, 43.18356346338987], [76.89830180257559, 43.18356413394213], [76.8983031436801, 43.183565475046635], [76.89831051975489, 43.183567486703396], [76.89832594245672, 43.1835688278079], [76.89832795411348, 43.18356949836016], [76.8983306363225, 43.18357352167368], [76.89832996577024, 43.183583579957485], [76.89832795411348, 43.183585591614246], [76.89832594245672, 43.18359162658453], [76.8983219191432, 43.18359564989805], [76.89832057803869, 43.18359900265932], [76.89831655472517, 43.18360235542059], [76.89831655472517, 43.1836036965251], [76.89830917865038, 43.18360771983862]]]}, "properties": {"id": 561, "class": "road", "confidence": 100.0, "source": "Almaty_5", "source_model": "unet-roads", "centroid_wkt": "POINT (76.89824455754962 43.1835780720099)", "bbox": [76.89816568046808, 43.183547370135784, 76.8983306363225, 43.18360771983862], "pixel_bbox": [4330, 1446, 4576, 1536], "area_m2": 68.799}}, {"type": "Feature", "geometry": {"type": "Polygon", "coordinates": [[[76.89735766500235, 43.18357486277819], [76.89735028892756, 43.18357352167368], [76.89734559506178, 43.183570839464664], [76.89733821898699, 43.18356949836016], [76.89733419567347, 43.183567486703396], [76.8973234668374, 43.1835688278079], [76.8973221257329, 43.18356614559889], [76.8973221257329, 43.18354871124029], [76.8973234668374, 43.183547370135784], [76.89739923924208, 43.183547370135784], [76.89739655703306, 43.1835500523448], [76.89739186316729, 43.18355944007635], [76.89738985151052, 43.183560110628605], [76.89738851040602, 43.18356279283762], [76.89738716930151, 43.18356279283762], [76.89738515764475, 43.183565475046635], [76.89738381654024, 43.183565475046635], [76.89738381654024, 43.18356681615114], [76.89738180488348, 43.18356681615114], [76.89738113433123, 43.18356815725565], [76.89736906439066, 43.18357352167368], [76.89735766500235, 43.18357486277819]]]}, "properties": {"id": 562, "class": "road", "confidence": 100.0, "source": "Almaty_5", "source_model": "unet-roads", "centroid_wkt": "POINT (76.89735756063111 43.183558499648775)", "bbox": [76.8973221257329, 43.183547370135784, 76.89739923924208, 43.18357486277819], "pixel_bbox": [3072, 1495, 3187, 1536], "area_m2": 14.622}}, {"type": "Feature", "geometry": {"type": "Polygon", "coordinates": [[[76.89938340336084, 43.18367075175047], [76.89938206225634, 43.18366404622793], [76.89938206225634, 43.183562122285366], [76.89938139170408, 43.18355944007635], [76.89937938004732, 43.18355944007635], [76.89937870949507, 43.18356145173311], [76.89937736839056, 43.18356078118086], [76.89937602728605, 43.183562122285366], [76.89936865121126, 43.183562122285366], [76.89936596900225, 43.18356078118086], [76.89936328679323, 43.18355742841959], [76.89936395734549, 43.183552734553814], [76.89936261624098, 43.18355139344931], [76.89935926347971, 43.18355072289705], [76.8993579223752, 43.18354871124029], [76.89936999231577, 43.183547370135784], [76.89942631870508, 43.183547370135784], [76.89943637698889, 43.18354871124029], [76.89943101257086, 43.18355206400156], [76.89943235367537, 43.18355407565832], [76.89943235367537, 43.18355944007635], [76.89943101257086, 43.183560110628605], [76.89943101257086, 43.18356346338987], [76.89942967146635, 43.18356413394213], [76.89942967146635, 43.18356614559889], [76.89942833036184, 43.18356614559889], [76.8994216248393, 43.18357218056917], [76.89941827207804, 43.18357888609171], [76.89941760152578, 43.1835862621665], [76.89941894263029, 43.18358961492777], [76.89941894263029, 43.18359900265932], [76.8994216248393, 43.18360570818186], [76.89942229539156, 43.18362180143595], [76.89941693097353, 43.18364594131708], [76.89941491931677, 43.18364728242159], [76.89941290766001, 43.18365130573511], [76.89941089600325, 43.183659352362156], [76.89940955489874, 43.183659352362156], [76.89940955489874, 43.18366069346666], [76.89940821379423, 43.18366069346666], [76.89940821379423, 43.18366203457117], [76.89940620213747, 43.183662705123425], [76.8994028493762, 43.18366672843695], [76.89939480274916, 43.18366941064596], [76.8993854150176, 43.18366874009371], [76.8993854150176, 43.183670081198215], [76.89938340336084, 43.18367075175047]]]}, "properties": {"id": 563, "class": "road", "confidence": 100.0, "source": "Almaty_5", "source_model": "unet-roads", "centroid_wkt": "POINT (76.89940043417205 43.183599805083354)", "bbox": [76.8993579223752, 43.183547370135784, 76.89943637698889, 43.18367075175047], "pixel_bbox": [6108, 1352, 6225, 1536], "area_m2": 44.116}}, {"type": "Feature", "geometry": {"type": "Polygon", "coordinates": [[[76.8995550647378, 43.18367075175047], [76.89955372363329, 43.18366538733244], [76.89955305308104, 43.18362649530172], [76.89955372363329, 43.18355072289705], [76.8995550647378, 43.183547370135784], [76.89959865063429, 43.183547370135784], [76.89960468560457, 43.18354602903128], [76.89961541444063, 43.18354602903128], [76.89962346106768, 43.183547370135784], [76.89966570585966, 43.183547370135784], [76.89966972917318, 43.18354602903128], [76.89966905862093, 43.183544017374516], [76.89966771751642, 43.183544017374516], [76.89966771751642, 43.18354267627001], [76.89966972917318, 43.183542005717754], [76.89966972917318, 43.18354066461325], [76.8996724113822, 43.18353798240423], [76.8996811285615, 43.18353395909071], [76.89968515187502, 43.183533288538456], [76.89969588071108, 43.183533288538456], [76.89970057457685, 43.18353597074747], [76.89970392733812, 43.18353597074747], [76.89970526844263, 43.18353731185198], [76.89971264451742, 43.183538652956486], [76.89971532672644, 43.183542005717754], [76.89971532672644, 43.183544017374516], [76.89971398562193, 43.183544017374516], [76.89971264451742, 43.18354669958353], [76.89972538501024, 43.183547370135784], [76.89972538501024, 43.1835949793458], [76.89972404390574, 43.1835949793458], [76.89972337335348, 43.18359296768904], [76.89972136169672, 43.183594308793545], [76.89972136169672, 43.18359564989805], [76.89971800893545, 43.18359833210707], [76.89971666783094, 43.18360235542059], [76.89971465617418, 43.18360235542059], [76.89971465617418, 43.18360570818186], [76.89971197396517, 43.18360839039087], [76.89971197396517, 43.18360973149538], [76.89970325678587, 43.183617778122425], [76.8996985629201, 43.183617778122425], [76.89969789236784, 43.18361911922693], [76.89969521015882, 43.18361911922693], [76.89969252794981, 43.183621130883694], [76.89968716353178, 43.1836224719882], [76.89967643469572, 43.18362917751074], [76.89967174082994, 43.18362984806299], [76.89966771751642, 43.18363253027201], [76.89966570585966, 43.18363253027201], [76.89966034144163, 43.18363521248102], [76.89965430647135, 43.1836399063468], [76.89965095371008, 43.18364057689905], [76.89964760094881, 43.18364325910807], [76.89964558929205, 43.18364325910807], [76.89964424818754, 43.18364527076483], [76.89963955432177, 43.183646611869335], [76.89963888376951, 43.18364795297384], [76.89961206167936, 43.18365465849638], [76.89960401505232, 43.183655329048634], [76.89958993345499, 43.18366002291441], [76.89957518130541, 43.18366672843695], [76.8995724990964, 43.18366672843695], [76.89957182854414, 43.183668069541454], [76.89956244081259, 43.18366941064596], [76.89956109970808, 43.18366874009371], [76.89955841749907, 43.18366941064596], [76.89955774694681, 43.18367075175047], [76.8995550647378, 43.18367075175047]]]}, "properties": {"id": 564, "class": "road", "confidence": 100.0, "source": "Almaty_5", "source_model": "unet-roads", "centroid_wkt": "POINT (76.89963098108251 43.18359469301848)", "bbox": [76.89955305308104, 43.183533288538456, 76.89972538501024, 43.18367075175047], "pixel_bbox": [6399, 1352, 6656, 1557], "area_m2": 151.554}}, {"type": "Feature", "geometry": {"type": "Polygon", "coordinates": [[[76.89634244889021, 43.183547370135784], [76.89630623906851, 43.18354669958353], [76.89630623906851, 43.183544017374516], [76.89630422741175, 43.183544017374516], [76.89630422741175, 43.18354066461325], [76.89630825072527, 43.18353798240423], [76.89631227403879, 43.18353731185198], [76.89631227403879, 43.18353597074747], [76.89631428569555, 43.18353597074747], [76.89631428569555, 43.18353462964296], [76.89631562680006, 43.18353395909071], [76.89631763845682, 43.18353462964296], [76.89632099121809, 43.1835326179862], [76.89632635563612, 43.1835326179862], [76.8963310495019, 43.18353462964296], [76.89633373171091, 43.18353462964296], [76.89633842557669, 43.18353999406099], [76.89634378999472, 43.1835413351655], [76.89634446054697, 43.183544017374516], [76.89634446054697, 43.18354669958353], [76.89634244889021, 43.183547370135784]]]}, "properties": {"id": 565, "class": "road", "confidence": 100.0, "source": "Almaty_5", "source_model": "unet-roads", "centroid_wkt": "POINT (76.89632447167013 43.18354083471141)", "bbox": [76.89630422741175, 43.1835326179862, 76.89634446054697, 43.183547370135784], "pixel_bbox": [1554, 1536, 1614, 1558], "area_m2": 3.874}}, {"type": "Feature", "geometry": {"type": "Polygon", "coordinates": [[[76.89626064151525, 43.183547370135784], [76.89625527709723, 43.18354602903128], [76.89625661820173, 43.18354535847902], [76.89625661820173, 43.183544017374516], [76.8962586298585, 43.183544017374516], [76.89625728875399, 43.1835413351655], [76.896259970963, 43.183538652956486], [76.89626198261976, 43.183538652956486], [76.89626466482878, 43.183536641299725], [76.89626600593328, 43.18353731185198], [76.8962686881423, 43.18353462964296], [76.89627204090357, 43.18353530019522], [76.89627405256033, 43.18353798240423], [76.89628276973963, 43.18353798240423], [76.89628276973963, 43.18353597074747], [76.89628813415766, 43.18353597074747], [76.89628947526217, 43.183533288538456], [76.89629215747118, 43.1835326179862], [76.89629215747118, 43.183547370135784], [76.89626064151525, 43.183547370135784]]]}, "properties": {"id": 566, "class": "road", "confidence": 100.0, "source": "Almaty_5", "source_model": "unet-roads", "centroid_wkt": "POINT (76.89627615840496 43.183541568966625)", "bbox": [76.89625527709723, 43.1835326179862, 76.89629215747118, 43.183547370135784], "pixel_bbox": [1481, 1536, 1536, 1558], "area_m2": 3.332}}, {"type": "Feature", "geometry": {"type": "Polygon", "coordinates": [[[76.89784716814756, 43.18357553333044], [76.89783845096827, 43.18357218056917], [76.89783710986376, 43.183570839464664], [76.8978364393115, 43.18356346338987], [76.89783040434122, 43.18356145173311], [76.89782571047544, 43.18355742841959], [76.89782436937094, 43.18355742841959], [76.89781900495291, 43.183549381792545], [76.89782034605742, 43.18354871124029], [76.89782034605742, 43.183547370135784], [76.89783710986376, 43.183547370135784], [76.89783710986376, 43.18352993577719], [76.89783845096827, 43.18352457135916], [76.89786527305841, 43.18352457135916], [76.89786862581968, 43.183525912463665], [76.89787331968546, 43.183525912463665], [76.89788404852152, 43.18352993577719], [76.8978887423873, 43.18353462964296], [76.8978887423873, 43.18353798240423], [76.89788606017828, 43.18353999406099], [76.89788673073053, 43.183544017374516], [76.89788471907377, 43.18354468792677], [76.89788337796926, 43.18354669958353], [76.89789678901434, 43.18354804068804], [76.89789678901434, 43.1835500523448], [76.89789544790983, 43.18355072289705], [76.89789544790983, 43.18355206400156], [76.89789410680532, 43.18355206400156], [76.89789276570082, 43.18355742841959], [76.89789075404406, 43.1835587695241], [76.8978900834918, 43.18356145173311], [76.89788740128279, 43.18356413394213], [76.8978713080287, 43.18357151001692], [76.89786594361067, 43.18357218056917], [76.89785990864038, 43.18357486277819], [76.89784716814756, 43.18357553333044]]]}, "properties": {"id": 567, "class": "road", "confidence": 100.0, "source": "Almaty_5", "source_model": "unet-roads", "centroid_wkt": "POINT (76.8978597737872 43.18354923987949)", "bbox": [76.89781900495291, 43.18352457135916, 76.89789678901434, 43.18357553333044], "pixel_bbox": [3813, 1494, 3929, 1570], "area_m2": 23.465}}, {"type": "Feature", "geometry": {"type": "Polygon", "coordinates": [[[76.89693991094828, 43.183547370135784], [76.89690236002207, 43.18354669958353], [76.89689498394728, 43.183542005717754], [76.89689431339502, 43.18353530019522], [76.89689632505178, 43.183527924120426], [76.8968990072608, 43.18352524191141], [76.8969003483653, 43.18352524191141], [76.89690168946981, 43.183522559702396], [76.8969090655446, 43.18351987749338], [76.89691912382841, 43.183522559702396], [76.89692448824644, 43.18352725356817], [76.89693454653025, 43.18353194743395], [76.8969352170825, 43.183533288538456], [76.89694326370955, 43.18353597074747], [76.89694326370955, 43.18353731185198], [76.89694460481405, 43.183536641299725], [76.89694728702307, 43.18353798240423], [76.89695801585913, 43.18353798240423], [76.8969627097249, 43.18353530019522], [76.89697075635195, 43.18353462964296], [76.89697410911322, 43.18353798240423], [76.89697410911322, 43.183542005717754], [76.8969714269042, 43.18354334682226], [76.89697209745646, 43.18354602903128], [76.89696874469519, 43.18354669958353], [76.89694192260504, 43.18354602903128], [76.89693991094828, 43.183547370135784]]]}, "properties": {"id": 568, "class": "road", "confidence": 100.0, "source": "Almaty_5", "source_model": "unet-roads", "centroid_wkt": "POINT (76.89692695926276 43.18353685269153)", "bbox": [76.89689431339502, 43.18351987749338, 76.89697410911322, 43.183547370135784], "pixel_bbox": [2434, 1536, 2553, 1577], "area_m2": 11.397}}, {"type": "Feature", "geometry": {"type": "Polygon", "coordinates": [[[76.89852509647608, 43.18363185971975], [76.89852375537157, 43.18362582474947], [76.89852375537157, 43.183547370135784], [76.89863506704569, 43.183547370135784], [76.89863707870245, 43.18354669958353], [76.8986377492547, 43.183542005717754], [76.89864110201597, 43.18353798240423], [76.89864244312048, 43.18353395909071], [76.89864378422499, 43.183533288538456], [76.898646466434, 43.183527924120426], [76.898646466434, 43.183525912463665], [76.89864780753851, 43.18352524191141], [76.89864914864302, 43.18352188915014], [76.89865451306105, 43.18351585417986], [76.89865920692682, 43.183515183627605], [76.89866658300161, 43.18351652473211], [76.89866859465837, 43.18351920694113], [76.89867060631514, 43.18351920694113], [76.89867328852415, 43.18352188915014], [76.89867328852415, 43.18352323025465], [76.89868602901697, 43.18352859467268], [76.89868669956923, 43.18353060632944], [76.89869273453951, 43.183536641299725], [76.89869541674852, 43.18353597074747], [76.89869541674852, 43.183547370135784], [76.89875308424234, 43.18354804068804], [76.89875442534685, 43.183549381792545], [76.89875241369009, 43.1835500523448], [76.89875241369009, 43.18355206400156], [76.8987550958991, 43.18355407565832], [76.89875911921263, 43.18356279283762], [76.89875844866037, 43.18357486277819], [76.89875710755587, 43.1835775449872], [76.8987537547946, 43.18358022719622], [76.8987537547946, 43.183581568300724], [76.89874570816755, 43.18358760327101], [76.89874436706305, 43.18358760327101], [76.89874369651079, 43.183588944375515], [76.89873833209276, 43.18359162658453], [76.89872223883867, 43.18359699100256], [76.89872089773417, 43.18359900265932], [76.89871687442064, 43.18360101431608], [76.89870815724134, 43.18360973149538], [76.89870815724134, 43.18361107259989], [76.89870681613684, 43.18361107259989], [76.89870547503233, 43.18361308425665], [76.89870346337557, 43.18361308425665], [76.89870212227106, 43.18361509591341], [76.89869809895754, 43.18361710757017], [76.89869742840528, 43.18361911922693], [76.89869541674852, 43.183617778122425], [76.89869541674852, 43.18362716585398], [76.89869072288275, 43.18362649530172], [76.89868334680796, 43.183628506958485], [76.89867798238993, 43.183628506958485], [76.89867462962866, 43.18362716585398], [76.89865250140429, 43.18362716585398], [76.89864981919527, 43.18362582474947], [76.89863976091146, 43.18362582474947], [76.89862165600061, 43.183623142540455], [76.89861763268709, 43.18362046033144], [76.89860623329878, 43.18361844867468], [76.89860489219427, 43.18361710757017], [76.89859952777624, 43.183615766465664], [76.89859416335821, 43.18361308425665], [76.8985928222537, 43.18361107259989], [76.89859081059694, 43.18361107259989], [76.8985841050744, 43.18360570818186], [76.89858008176088, 43.183605037629604], [76.89857874065638, 43.1836036965251], [76.89856465905905, 43.18360302597284], [76.89855996519327, 43.18360436707735], [76.89855258911848, 43.18360839039087], [76.89855191856623, 43.18361107259989], [76.89854923635721, 43.18361442536116], [76.89854856580496, 43.18361844867468], [76.89854186028242, 43.18362649530172], [76.89853984862566, 43.18362649530172], [76.89853515475988, 43.18362984806299], [76.89852509647608, 43.18363185971975]]]}, "properties": {"id": 569, "class": "road", "confidence": 100.0, "source": "Almaty_5", "source_model": "unet-roads", "centroid_wkt": "POINT (76.89863701929995 43.183578276022324)", "bbox": [76.89852375537157, 43.183515183627605, 76.89875911921263, 43.18363185971975], "pixel_bbox": [4864, 1410, 5215, 1584], "area_m2": 152.076}}, {"type": "Feature", "geometry": {"type": "Polygon", "coordinates": [[[76.89976762980223, 43.18358223885298], [76.8997636064887, 43.18358089774847], [76.89976159483194, 43.18357888609171], [76.8997548893094, 43.183578215539455], [76.89975019544363, 43.18357352167368], [76.89974952489138, 43.18355944007635], [76.89974818378687, 43.18355742841959], [76.89974818378687, 43.18355407565832], [76.89974952489138, 43.183552734553814], [76.89974885433912, 43.18354871124029], [76.89975019544363, 43.18354871124029], [76.89975019544363, 43.183547370135784], [76.89975824207067, 43.183547370135784], [76.89976092427969, 43.18354535847902], [76.89975891262293, 43.183542005717754], [76.89976025372744, 43.183536641299725], [76.89976427704096, 43.18353194743395], [76.89976427704096, 43.18353060632944], [76.89976695924997, 43.18352859467268], [76.89976762980223, 43.183525912463665], [76.89977701753378, 43.18351652473211], [76.89977835863829, 43.18351652473211], [76.89978037029505, 43.1835138425231], [76.89978640526533, 43.18351048976183], [76.89979378134012, 43.18350847810507], [76.8998085334897, 43.18350847810507], [76.89982060343027, 43.18351451307535], [76.89982395619154, 43.183518536388874], [76.89982529729605, 43.183518536388874], [76.89982663840055, 43.18352188915014], [76.89982797950506, 43.18352188915014], [76.89982797950506, 43.18352323025465], [76.89983133226633, 43.18352725356817], [76.89983200281858, 43.18353194743395], [76.89983334392309, 43.1835326179862], [76.89983334392309, 43.1835413351655], [76.89983200281858, 43.1835413351655], [76.89983200281858, 43.18354267627001], [76.89982797950506, 43.18354669958353], [76.8998360261321, 43.183547370135784], [76.89983535557985, 43.18354871124029], [76.89983669668436, 43.183549381792545], [76.89983401447535, 43.18355139344931], [76.89983200281858, 43.18355139344931], [76.89982932060957, 43.18355407565832], [76.89981926232576, 43.183556757867336], [76.89981859177351, 43.183558098971844], [76.89981658011675, 43.183558098971844], [76.8998159095645, 43.18355944007635], [76.89981188625097, 43.18356078118086], [76.89980518072844, 43.18356614559889], [76.89980048686266, 43.183567486703396], [76.8997998163104, 43.1835688278079], [76.89979646354914, 43.18357016891241], [76.89979109913111, 43.18357553333044], [76.8997897580266, 43.18357553333044], [76.89978707581758, 43.183578215539455], [76.89978506416082, 43.183578215539455], [76.89978305250406, 43.18358022719622], [76.89977902919054, 43.18358089774847], [76.89977835863829, 43.18358223885298], [76.89976762980223, 43.18358223885298]]]}, "properties": {"id": 570, "class": "road", "confidence": 100.0, "source": "Almaty_5", "source_model": "unet-roads", "centroid_wkt": "POINT (76.8997908900717 43.18354443819977)", "bbox": [76.89974818378687, 43.18350847810507, 76.89983669668436, 43.18358223885298], "pixel_bbox": [6690, 1484, 6822, 1594], "area_m2": 38.235}}, {"type": "Feature", "geometry": {"type": "Polygon", "coordinates": [[[76.89792964607477, 43.183547370135784], [76.89793031662703, 43.18354602903128], [76.89792830497026, 43.18354602903128], [76.89792897552252, 43.18354468792677], [76.89792361110449, 43.18354334682226], [76.89792226999998, 43.1835413351655], [76.89790684729815, 43.183538652956486], [76.89790416508913, 43.18353731185198], [76.89790282398462, 43.18353395909071], [76.89790550619364, 43.183531276881695], [76.8979075178504, 43.183531276881695], [76.89790818840265, 43.18352993577719], [76.89790952950716, 43.18352993577719], [76.89791020005941, 43.18352859467268], [76.89791958779097, 43.18352323025465], [76.89792428165674, 43.183518536388874], [76.89792562276125, 43.183518536388874], [76.89792964607477, 43.183513171970844], [76.8979336693883, 43.18351116031408], [76.8979336693883, 43.18350847810507], [76.89793568104506, 43.1835051253438], [76.89793635159731, 43.18349305540323], [76.89794171601534, 43.1834876909852], [76.89794842153788, 43.1834876909852], [76.89795177429914, 43.183489702641964], [76.89795445650816, 43.1834964081645], [76.89795445650816, 43.18350110203028], [76.89795579761267, 43.18350177258253], [76.89795579761267, 43.1835051253438], [76.89795713871717, 43.18350713700056], [76.89795713871717, 43.18351585417986], [76.89795982092619, 43.18351920694113], [76.89795982092619, 43.183522559702396], [76.89796384423971, 43.183525912463665], [76.89796518534422, 43.183529265224934], [76.89796786755323, 43.183531276881695], [76.89796786755323, 43.183533288538456], [76.89796987921, 43.18353462964296], [76.89796987921, 43.18353731185198], [76.89796786755323, 43.18354267627001], [76.89796384423971, 43.18354468792677], [76.89796384423971, 43.183547370135784], [76.89792964607477, 43.183547370135784]]]}, "properties": {"id": 571, "class": "road", "confidence": 100.0, "source": "Almaty_5", "source_model": "unet-roads", "centroid_wkt": "POINT (76.89794152124479 43.183524309036464)", "bbox": [76.89790282398462, 43.1834876909852, 76.89796987921, 43.183547370135784], "pixel_bbox": [3938, 1536, 4038, 1625], "area_m2": 18.906}}, {"type": "Feature", "geometry": {"type": "Polygon", "coordinates": [[[76.89692784100771, 43.18350311368704], [76.89692247658968, 43.18350110203028], [76.89691912382841, 43.183497078716755], [76.89691979438066, 43.18349573761225], [76.8969177827239, 43.1834876909852], [76.8969177827239, 43.18348299711943], [76.89691845327616, 43.183480985462666], [76.89692180603743, 43.18347830325365], [76.89693253487349, 43.18347964435816], [76.89694862812757, 43.1834876909852], [76.8969526514411, 43.18348836153746], [76.89695600420237, 43.18349104374647], [76.89695533365011, 43.1834964081645], [76.89694996923208, 43.18350043147802], [76.89694460481405, 43.18350177258253], [76.896933875978, 43.18350177258253], [76.89693119376898, 43.18350311368704], [76.89692784100771, 43.18350311368704]]]}, "properties": {"id": 572, "class": "road", "confidence": 100.0, "source": "Almaty_5", "source_model": "unet-roads", "centroid_wkt": "POINT (76.89693492180265 43.183491248829846)", "bbox": [76.8969177827239, 43.18347830325365, 76.89695600420237, 43.18350311368704], "pixel_bbox": [2469, 1602, 2526, 1639], "area_m2": 6.094}}, {"type": "Feature", "geometry": {"type": "Polygon", "coordinates": [[[76.89897302538157, 43.18370830267668], [76.89896296709776, 43.18370159715414], [76.89896296709776, 43.18369958549738], [76.89896162599325, 43.183698914945126], [76.89896028488874, 43.18369422107935], [76.89895760267973, 43.18369019776583], [76.89895760267973, 43.183688186109066], [76.89895492047071, 43.18368550390005], [76.89895492047071, 43.18368349224329], [76.89895357936621, 43.183682821691036], [76.89895357936621, 43.183680810034275], [76.89895089715719, 43.183677457273006], [76.89894821494818, 43.183670081198215], [76.89894687384367, 43.18366941064596], [76.89894486218691, 43.183664716780186], [76.8989421799779, 43.183662705123425], [76.8989421799779, 43.18366136401892], [76.89893882721663, 43.1836586818099], [76.89893882721663, 43.183657340705395], [76.89893748611212, 43.18365667015314], [76.89893413335085, 43.18365063518286], [76.89893413335085, 43.183635883033276], [76.89893614500761, 43.18363185971975], [76.89893882721663, 43.18362917751074], [76.89894016832113, 43.18362917751074], [76.89894486218691, 43.18362381309271], [76.89894620329142, 43.18362381309271], [76.89895424991846, 43.18360973149538], [76.89895626157522, 43.1836036965251], [76.89895626157522, 43.18359766155481], [76.89895492047071, 43.183596320450306], [76.89895424991846, 43.18359296768904], [76.89895022660494, 43.183588944375515], [76.89894486218691, 43.183586932718754], [76.8989260867238, 43.18358827382326], [76.89892139285803, 43.18359028548002], [76.89891267567873, 43.18359162658453], [76.8988985940814, 43.18359162658453], [76.89889524132013, 43.18359028548002], [76.89888920634985, 43.18359028548002], [76.8988885357976, 43.183588944375515], [76.89888585358858, 43.18358827382326], [76.89888518303633, 43.183586932718754], [76.8988811597228, 43.183585591614246], [76.8988798186183, 43.183583579957485], [76.89887780696154, 43.18358290940523], [76.89887713640928, 43.18357553333044], [76.89887512475252, 43.183572851121426], [76.89887512475252, 43.18356815725565], [76.89887713640928, 43.18356614559889], [76.89887847751379, 43.1835587695241], [76.8988798186183, 43.183558098971844], [76.89888048917055, 43.18355541676283], [76.89888317137957, 43.18355206400156], [76.89888250082731, 43.18354871124029], [76.89888518303633, 43.183547370135784], [76.89889054745436, 43.183547370135784], [76.89889121800661, 43.18354468792677], [76.89888786524534, 43.18353932350874], [76.89888719469309, 43.18353597074747], [76.89888518303633, 43.18353395909071], [76.89888451248407, 43.18353060632944], [76.89888317137957, 43.18352993577719], [76.8988811597228, 43.183523900806904], [76.89887780696154, 43.18352121859789], [76.89887780696154, 43.18351987749338], [76.89887445420027, 43.18351652473211], [76.89887311309576, 43.18351652473211], [76.89886976033449, 43.18351250141859], [76.89886841922998, 43.18351250141859], [76.89886774867773, 43.183509819209576], [76.89886640757322, 43.18351048976183], [76.89886506646872, 43.183507807552814], [76.8988610431552, 43.18350713700056], [76.89885299652815, 43.183499090373516], [76.89885165542364, 43.183499090373516], [76.89884830266237, 43.183495067059994], [76.89884562045336, 43.18348903208971], [76.89884629100561, 43.18348299711943], [76.89884763211012, 43.18348031491041], [76.89885031431913, 43.18347830325365], [76.89885031431913, 43.18347629159689], [76.8988536670804, 43.18347293883562], [76.89885500818491, 43.18347293883562], [76.89885500818491, 43.18347159773111], [76.89885769039392, 43.183470256626606], [76.89885836094618, 43.183468244969845], [76.8988623842597, 43.183466233313084], [76.89886305481195, 43.18346355110407], [76.89886506646872, 43.18346355110407], [76.89886506646872, 43.18346220999956], [76.89886707812548, 43.18346220999956], [76.89886774867773, 43.18349573761225], [76.89886841922998, 43.183493725955486], [76.89886976033449, 43.183493725955486], [76.89887043088675, 43.18349238485098], [76.89887579530478, 43.183491714298725], [76.89888451248407, 43.183495067059994], [76.89889457076788, 43.18350311368704], [76.89889926463366, 43.183504454791546], [76.89890127629042, 43.18350646644831], [76.89890597015619, 43.183507807552814], [76.89890865236521, 43.183509819209576], [76.89891334623098, 43.183509819209576], [76.89891535788774, 43.18351116031408], [76.89892809838057, 43.18351250141859], [76.89893279224634, 43.18351451307535], [76.89893882721663, 43.183515183627605], [76.89894955605268, 43.183520548045635], [76.89895089715719, 43.183525912463665], [76.8989522382617, 43.18352725356817], [76.8989522382617, 43.18353530019522], [76.89895089715719, 43.183536641299725], [76.89894888550043, 43.183544017374516], [76.89894687384367, 43.18354468792677], [76.89894687384367, 43.18354669958353], [76.89896028488874, 43.183547370135784], [76.89895961433649, 43.18355139344931], [76.89896833151579, 43.1835688278079], [76.89897369593382, 43.183572851121426], [76.89897637814283, 43.183572851121426], [76.89898576587439, 43.18357687443495], [76.89900387078524, 43.18358022719622], [76.899005882442, 43.183581568300724], [76.89901392906904, 43.18358290940523], [76.8990159407258, 43.18358425050974], [76.89901996403933, 43.18358425050974], [76.89902197569609, 43.183585591614246], [76.89903471618891, 43.183585591614246], [76.89903538674116, 43.18358425050974], [76.89903538674116, 43.183585591614246], [76.89903739839792, 43.183586932718754], [76.89903873950243, 43.18358089774847], [76.89903873950243, 43.18354804068804], [76.89904142171144, 43.183547370135784], [76.89916748553514, 43.183547370135784], [76.89917352050543, 43.18354871124029], [76.89917217940092, 43.183549381792545], [76.89917016774416, 43.18355340510607], [76.89917083829641, 43.18355944007635], [76.89916882663965, 43.183560110628605], [76.89916882663965, 43.18356145173311], [76.89916681498289, 43.18356279283762], [76.89916681498289, 43.18356413394213], [76.89916279166937, 43.18356815725565], [76.89916279166937, 43.18356949836016], [76.89915876835585, 43.18357352167368], [76.89915608614683, 43.18357419222593], [76.89915474504232, 43.183576203882694], [76.89914736896753, 43.18357888609171], [76.89913529902697, 43.18357955664396], [76.89912926405668, 43.183578215539455], [76.89911384135485, 43.183572851121426], [76.8991131708026, 43.18357151001692], [76.89910914748907, 43.183570839464664], [76.89910311251879, 43.183567486703396], [76.89910043030977, 43.183567486703396], [76.89909908920527, 43.18356614559889], [76.89909104257822, 43.18356413394213], [76.89908433705568, 43.18356346338987], [76.89907494932413, 43.18356480449438], [76.89906623214483, 43.1835688278079], [76.89906153827906, 43.18357352167368], [76.89905684441328, 43.1835862621665], [76.89905818551779, 43.18359162658453], [76.89905751496553, 43.183599673211575], [76.89905617386103, 43.18360302597284], [76.89905617386103, 43.18360771983862], [76.89905751496553, 43.18361174315214], [76.89905684441328, 43.183625154197216], [76.89905818551779, 43.18362984806299], [76.89905684441328, 43.18363521248102], [76.89905684441328, 43.183641247451305], [76.89905416220427, 43.183644600212574], [76.89905416220427, 43.18364728242159], [76.89905147999525, 43.18365264683962], [76.89904678612947, 43.183657340705395], [76.89904142171144, 43.18366002291441], [76.89903941005468, 43.18366002291441], [76.89903873950243, 43.18366136401892], [76.89903873950243, 43.183678798377514], [76.89903672784567, 43.18367678672075], [76.89903404563665, 43.18367812782526], [76.89903002232313, 43.18367812782526], [76.89902532845736, 43.183677457273006], [76.89901929348707, 43.18367477506399], [76.8990145996213, 43.18367477506399], [76.89900856465101, 43.18367678672075], [76.89900454133749, 43.183678798377514], [76.89900320023298, 43.183680810034275], [76.89900185912848, 43.183680810034275], [76.89900185912848, 43.18368215113878], [76.89899783581495, 43.18368550390005], [76.89899783581495, 43.18368684500456], [76.89899247139692, 43.183691538870335], [76.89899113029242, 43.183691538870335], [76.89898978918791, 43.18369422107935], [76.89898777753115, 43.183693550527096], [76.89898576587439, 43.18369556218386], [76.89898576587439, 43.18369958549738], [76.89898375421762, 43.183704279363155], [76.89897302538157, 43.18370830267668]]]}, "properties": {"id": 573, "class": "road", "confidence": 100.0, "source": "Almaty_5", "source_model": "unet-roads", "centroid_wkt": "POINT (76.89898536215993 43.18359263310411)", "bbox": [76.89884562045336, 43.18346220999956, 76.89917352050543, 43.18370830267668], "pixel_bbox": [5344, 1296, 5833, 1663], "area_m2": 196.332}}, {"type": "Feature", "geometry": {"type": "Polygon", "coordinates": [[[76.8971873447299, 43.18347495049238], [76.89718399196863, 43.18347159773111], [76.89718466252089, 43.18346556276083], [76.8971873447299, 43.183462880551815], [76.89719337970018, 43.1834601983428], [76.89719405025244, 43.18345885723829], [76.8972047790885, 43.18345818668604], [76.89721014350653, 43.1834601983428], [76.89721081405878, 43.18346153944731], [76.89721282571554, 43.18346153944731], [76.89721282571554, 43.18346355110407], [76.89721081405878, 43.18346422165632], [76.89721081405878, 43.18346757441759], [76.89720880240202, 43.18346958607435], [76.89720209687948, 43.18347159773111], [76.89720142632723, 43.18347293883562], [76.89719673246145, 43.18347495049238], [76.8971873447299, 43.18347495049238]]]}, "properties": {"id": 574, "class": "road", "confidence": 100.0, "source": "Almaty_5", "source_model": "unet-roads", "centroid_wkt": "POINT (76.89719792103534 43.18346616698593)", "bbox": [76.89718399196863, 43.18345818668604, 76.89721282571554, 43.18347495049238], "pixel_bbox": [2866, 1644, 2909, 1669], "area_m2": 3.117}}, {"type": "Feature", "geometry": {"type": "Polygon", "coordinates": [[[76.89544726163149, 43.18347092717886], [76.89544659107924, 43.18346958607435], [76.89544256776571, 43.18346958607435], [76.89544256776571, 43.183468244969845], [76.8954412266612, 43.183470256626606], [76.8954398855567, 43.183470256626606], [76.89543921500444, 43.18346422165632], [76.89543787389994, 43.183466233313084], [76.89543854445219, 43.183470256626606], [76.89543653279543, 43.1834689155221], [76.89543452113867, 43.18346958607435], [76.89543519169092, 43.18345617502928], [76.89543787389994, 43.18345885723829], [76.89543854445219, 43.18346355110407], [76.89543921500444, 43.183460868895054], [76.89544457942247, 43.1834601983428], [76.89544726163149, 43.18346153944731], [76.89544726163149, 43.183462880551815], [76.89545061439276, 43.18346556276083], [76.89545128494501, 43.183470256626606], [76.89544726163149, 43.18347092717886]]]}, "properties": {"id": 575, "class": "road", "confidence": 100.0, "source": "Almaty_5", "source_model": "unet-roads", "centroid_wkt": "POINT (76.89544253235701 43.18346474614769)", "bbox": [76.89543452113867, 43.18345617502928, 76.89545128494501, 43.18347092717886], "pixel_bbox": [257, 1650, 282, 1672], "area_m2": 1.231}}, {"type": "Feature", "geometry": {"type": "Polygon", "coordinates": [[[76.89565379172564, 43.1835138425231], [76.89564775675535, 43.18351183086634], [76.89564507454634, 43.18350914865732], [76.89564507454634, 43.183507807552814], [76.89564038068056, 43.18350311368704], [76.89563971012831, 43.18350043147802], [76.89563568681479, 43.1834964081645], [76.89563434571028, 43.18349305540323], [76.89563233405352, 43.18349238485098], [76.89562696963549, 43.18348702043295], [76.89562495797873, 43.18348299711943], [76.8956209346652, 43.18347964435816], [76.89561892300844, 43.18347495049238], [76.89561892300844, 43.18347092717886], [76.8956209346652, 43.18346556276083], [76.89562294632196, 43.18346355110407], [76.89562428742647, 43.18346355110407], [76.89563233405352, 43.18345483392477], [76.89563367515802, 43.18345483392477], [76.89563971012831, 43.1834427639842], [76.89564507454634, 43.18344008177519], [76.89565043896437, 43.18344008177519], [76.89565915614367, 43.18344209343195], [76.89566183835268, 43.183444775640965], [76.89566854387522, 43.183446787297726], [76.89567189663649, 43.18344946950674], [76.8956745788455, 43.183450140058994], [76.89567524939775, 43.1834514811635], [76.89567659050226, 43.1834514811635], [76.89567860215902, 43.18345416337252], [76.89567994326353, 43.18345416337252], [76.89567994326353, 43.183455504477024], [76.89568396657705, 43.183459527790546], [76.89568530768156, 43.18346355110407], [76.89568866044283, 43.183466233313084], [76.89569134265184, 43.18347495049238], [76.89569000154734, 43.18348366767168], [76.89568664878607, 43.1834876909852], [76.89568597823381, 43.18349037319422], [76.89568262547255, 43.183493725955486], [76.89568262547255, 43.18349573761225], [76.89568061381578, 43.183497078716755], [76.89567927271128, 43.18350043147802], [76.895673237741, 43.18350646644831], [76.89567189663649, 43.18350646644831], [76.89566720277071, 43.18351183086634], [76.89566519111395, 43.18351183086634], [76.89566250890493, 43.1835138425231], [76.89565379172564, 43.1835138425231]]]}, "properties": {"id": 576, "class": "road", "confidence": 100.0, "source": "Almaty_5", "source_model": "unet-roads", "centroid_wkt": "POINT (76.89565646640972 43.183475981507414)", "bbox": [76.89561892300844, 43.18344008177519, 76.89569134265184, 43.1835138425231], "pixel_bbox": [532, 1586, 640, 1696], "area_m2": 32.148}}, {"type": "Feature", "geometry": {"type": "Polygon", "coordinates": [[[76.89577717334032, 43.183547370135784], [76.89577784389257, 43.18345416337252], [76.89577918499708, 43.18345349282026], [76.89577918499708, 43.18345483392477], [76.89578052610159, 43.183455504477024], [76.89578521996737, 43.183455504477024], [76.8958006426692, 43.18344745784998], [76.89580332487822, 43.18344745784998], [76.89580466598272, 43.18344611674547], [76.89581271260977, 43.18344410508871], [76.89582478255033, 43.18343807011843], [76.89583081752062, 43.183437399566174], [76.89583886414766, 43.18343471735716], [76.89584221690893, 43.18343538790941], [76.89584489911795, 43.18343337625265], [76.89586367458105, 43.18343337625265], [76.89586970955133, 43.18343538790941], [76.8958730623126, 43.18343874067068], [76.89587708562613, 43.18344008177519], [76.89587842673063, 43.18344343453646], [76.89588312059641, 43.18344611674547], [76.89588379114866, 43.18344812840223], [76.89588580280542, 43.18344879895449], [76.89588580280542, 43.183450140058994], [76.89588915556669, 43.18345282226801], [76.89588915556669, 43.18345416337252], [76.8958904966712, 43.18345483392477], [76.8958904966712, 43.18345818668604], [76.89589384943247, 43.18346422165632], [76.89589720219374, 43.18346757441759], [76.89589720219374, 43.1834689155221], [76.89590323716402, 43.18347495049238], [76.89590323716402, 43.18347629159689], [76.8959079310298, 43.18348031491041], [76.8959092721343, 43.18348031491041], [76.89591061323881, 43.18348232656717], [76.89591195434332, 43.18348232656717], [76.89591463655233, 43.1834876909852], [76.89591597765684, 43.1834876909852], [76.89591597765684, 43.18348903208971], [76.89591865986586, 43.18349037319422], [76.8959253653884, 43.183497078716755], [76.8959253653884, 43.18349841982126], [76.8959267064929, 43.183499090373516], [76.8959267064929, 43.18350043147802], [76.89592804759741, 43.18350110203028], [76.89593341201544, 43.18351048976183], [76.89593609422445, 43.18351250141859], [76.89593609422445, 43.1835138425231], [76.89593877643347, 43.183515183627605], [76.89594011753798, 43.18351719528437], [76.89594883471727, 43.18352121859789], [76.89594883471727, 43.183547370135784], [76.89577717334032, 43.183547370135784]]]}, "properties": {"id": 577, "class": "road", "confidence": 100.0, "source": "Almaty_5", "source_model": "unet-roads", "centroid_wkt": "POINT (76.89585221645598 43.18349888614861)", "bbox": [76.89577717334032, 43.18343337625265, 76.89594883471727, 43.183547370135784], "pixel_bbox": [768, 1536, 1024, 1706], "area_m2": 136.283}}, {"type": "Feature", "geometry": {"type": "Polygon", "coordinates": [[[76.89552035182714, 43.1836036965251], [76.89551565796137, 43.18360235542059], [76.8955123052001, 43.18359900265932], [76.89551096409559, 43.18359900265932], [76.89550828188658, 43.183594308793545], [76.89550627022982, 43.18359363824129], [76.89550627022982, 43.183592297136784], [76.89550425857306, 43.18359162658453], [76.8955022469163, 43.183588944375515], [76.89550090581179, 43.183588944375515], [76.89549889415503, 43.1835862621665], [76.89549755305052, 43.1835862621665], [76.89549755305052, 43.18358492106199], [76.89549285918474, 43.18358089774847], [76.89549017697573, 43.18358089774847], [76.89548950642347, 43.18357955664396], [76.89548548310995, 43.183578215539455], [76.89547944813967, 43.183578215539455], [76.89547073096037, 43.183576203882694], [76.89545530825853, 43.18357016891241], [76.8954499438405, 43.18357016891241], [76.89544793218374, 43.1835688278079], [76.89544256776571, 43.18356815725565], [76.89543921500444, 43.18356614559889], [76.89543653279543, 43.18356614559889], [76.89543653279543, 43.18356480449438], [76.89543519169092, 43.183565475046635], [76.89543385058641, 43.18356078118086], [76.89543385058641, 43.18355139344931], [76.8954325094819, 43.18354804068804], [76.8954311683774, 43.183547370135784], [76.89539026468992, 43.183547370135784], [76.89538758248091, 43.18354602903128], [76.89538892358541, 43.18354535847902], [76.89538758248091, 43.18354334682226], [76.89538490027189, 43.18354267627001], [76.89538490027189, 43.18353999406099], [76.89538825303316, 43.183536641299725], [76.89539093524218, 43.18353597074747], [76.89539697021246, 43.183531276881695], [76.89540568739176, 43.183529265224934], [76.89541507512331, 43.18352524191141], [76.89541708678007, 43.18352323025465], [76.89541775733232, 43.183520548045635], [76.89541976898909, 43.18351987749338], [76.89542312175035, 43.183513171970844], [76.89542714506388, 43.18351116031408], [76.89542982727289, 43.183507807552814], [76.89543385058641, 43.18350579589605], [76.89543452113867, 43.18351116031408], [76.89543519169092, 43.18350646644831], [76.89543653279543, 43.18350713700056], [76.89543653279543, 43.18350579589605], [76.89544189721346, 43.18350579589605], [76.89544189721346, 43.18350378423929], [76.89544323831797, 43.18350378423929], [76.89544390887022, 43.18349976092577], [76.89544592052698, 43.183497078716755], [76.89545128494501, 43.183495067059994], [76.89545195549726, 43.183493725955486], [76.8954573199153, 43.18349104374647], [76.89546402543783, 43.183489702641964], [76.89546938985586, 43.18348702043295], [76.89547073096037, 43.18348500877619], [76.89547341316938, 43.183484338223934], [76.89547877758741, 43.18347830325365], [76.89547877758741, 43.18347696214914], [76.89548280090094, 43.183473609387875], [76.89548280090094, 43.18347226828337], [76.89548816531897, 43.18346757441759], [76.89548816531897, 43.183466233313084], [76.8954948708415, 43.18345885723829], [76.8954948708415, 43.183457516133785], [76.89549688249826, 43.18345617502928], [76.89549755305052, 43.18345282226801], [76.89549889415503, 43.183452151715755], [76.89550023525953, 43.18344812840223], [76.89550157636404, 43.18344745784998], [76.89550425857306, 43.18344209343195], [76.89550962299109, 43.18343672901392], [76.89551096409559, 43.18343672901392], [76.8955123052001, 43.18343471735716], [76.89551632851362, 43.1834327057004], [76.89551901072264, 43.1834327057004], [76.8955210223794, 43.18343136459589], [76.89557265490294, 43.18343002349138], [76.89557936042547, 43.183430694043636], [76.8955847248435, 43.1834327057004], [76.89559411257505, 43.18343337625265], [76.89559813588858, 43.18343471735716], [76.89560014754534, 43.18343672901392], [76.8956035003066, 43.18343672901392], [76.89560551196337, 43.18343471735716], [76.89560551196337, 43.18351920694113], [76.89560282975435, 43.18351786583662], [76.8956021592021, 43.18351920694113], [76.8955934420228, 43.183520548045635], [76.89558740705252, 43.18352323025465], [76.89558204263449, 43.183523900806904], [76.89557936042547, 43.183525912463665], [76.89557332545519, 43.183527924120426], [76.89556192606688, 43.183529265224934], [76.89554516226053, 43.18353462964296], [76.89554180949926, 43.18353395909071], [76.89553041011095, 43.18353530019522], [76.89552705734968, 43.183538652956486], [76.89551565796137, 43.183538652956486], [76.89551096409559, 43.18354066461325], [76.89549621194601, 43.1835413351655], [76.89549218863249, 43.183544017374516], [76.89548950642347, 43.183544017374516], [76.89548883587122, 43.18354535847902], [76.89548548310995, 43.18354535847902], [76.8954861536622, 43.183547370135784], [76.89555387943983, 43.183547370135784], [76.89555656164885, 43.18354871124029], [76.89555186778307, 43.18355206400156], [76.89555186778307, 43.183554746210575], [76.89555320888758, 43.183554746210575], [76.89555454999208, 43.183556757867336], [76.89555387943983, 43.18356346338987], [76.89555119723082, 43.18356815725565], [76.89554918557405, 43.18356949836016], [76.89554918557405, 43.183570839464664], [76.8955471739173, 43.18357218056917], [76.89554583281279, 43.18357553333044], [76.89554382115602, 43.18357687443495], [76.89554248005152, 43.18358425050974], [76.89554113894701, 43.18358492106199], [76.89554046839476, 43.183588944375515], [76.89553912729025, 43.18358961492777], [76.89553778618574, 43.18359363824129], [76.89552705734968, 43.18360302597284], [76.89552035182714, 43.1836036965251]]]}, "properties": {"id": 578, "class": "road", "confidence": 100.0, "source": "Almaty_5", "source_model": "unet-roads", "centroid_wkt": "POINT (76.89551672476522 43.18350917689451)", "bbox": [76.89538490027189, 43.18343002349138, 76.89560551196337, 43.1836036965251], "pixel_bbox": [183, 1452, 512, 1711], "area_m2": 178.678}}, {"type": "Feature", "geometry": {"type": "Polygon", "coordinates": [[[76.89863909035921, 43.18338643759489], [76.8986377492547, 43.18338442593813], [76.8986377492547, 43.18338107317686], [76.89864043146372, 43.18338040262461], [76.8986364081502, 43.18338040262461], [76.8986290320754, 43.183378390967846], [76.8986276909709, 43.1833790615201], [76.89862500876188, 43.18337704986334], [76.89865451306105, 43.18337704986334], [76.89865183085203, 43.1833790615201], [76.89864445477724, 43.18338040262461], [76.898646466434, 43.18338107317686], [76.898646466434, 43.18338442593813], [76.8986451253295, 43.18338442593813], [76.89864445477724, 43.18338576704264], [76.89863909035921, 43.18338643759489]], [[76.89864244312048, 43.18338040262461], [76.89864378422499, 43.18338107317686], [76.89864378422499, 43.18338040262461], [76.89864244312048, 43.18338040262461]]]}, "properties": {"id": 579, "class": "road", "confidence": 100.0, "source": "Almaty_5", "source_model": "unet-roads", "centroid_wkt": "POINT (76.89864125726056 43.183379904711295)", "bbox": [76.89862500876188, 43.18337704986334, 76.89865451306105, 43.18338643759489], "pixel_bbox": [5015, 1776, 5059, 1790], "area_m2": 1.044}}, {"type": "Feature", "geometry": {"type": "Polygon", "coordinates": [[[76.90022896975279, 43.183478973805904], [76.90022092312574, 43.183475621044636], [76.90021622925997, 43.18347092717886], [76.90021488815546, 43.18347092717886], [76.90020952373743, 43.18346556276083], [76.90020751208067, 43.1834601983428], [76.90020348876715, 43.18345617502928], [76.90020214766264, 43.18345282226801], [76.9001954421401, 43.18344611674547], [76.9001679494977, 43.18343337625265], [76.90016459673643, 43.18343002349138], [76.9001578912139, 43.183426670730114], [76.90015252679586, 43.183421306312084], [76.90014313906431, 43.183415941894054], [76.90013576298952, 43.18340856581926], [76.90013576298952, 43.183407224714756], [76.90012972801924, 43.18340118974447], [76.90012771636248, 43.18339515477419], [76.90012838691473, 43.1833877786994], [76.90013039857149, 43.183383755385876], [76.90013442188501, 43.18337973207235], [76.90013710409403, 43.18337973207235], [76.90014515072107, 43.18337570875883], [76.9002403691411, 43.18337570875883], [76.90024103969336, 43.183387108147144], [76.90024841576815, 43.18338844925165], [76.90025310963392, 43.18339314311743], [76.9002591446042, 43.183405213057995], [76.90025981515646, 43.18341325968504], [76.9002578034997, 43.18341996520758], [76.90025243908167, 43.18342600017786], [76.90025109797716, 43.18342600017786], [76.90024975687265, 43.18342801183462], [76.90024707466364, 43.18342935293913], [76.90024171024561, 43.18343002349138], [76.9002403691411, 43.18343136459589], [76.9002403691411, 43.18347696214914], [76.90022896975279, 43.183478973805904]]]}, "properties": {"id": 580, "class": "road", "confidence": 100.0, "source": "Almaty_5", "source_model": "unet-roads", "centroid_wkt": "POINT (76.9002006214246 43.183413405808864)", "bbox": [76.90012771636248, 43.18337570875883, 76.90025981515646, 43.183478973805904], "pixel_bbox": [7256, 1638, 7453, 1792], "area_m2": 73.973}}, {"type": "Feature", "geometry": {"type": "Polygon", "coordinates": [[[76.89682390540838, 43.183446787297726], [76.89681854099035, 43.183446787297726], [76.89681719988585, 43.183444775640965], [76.8968192115426, 43.18343471735716], [76.89682390540838, 43.18343002349138], [76.89682859927416, 43.18342935293913], [76.89682926982641, 43.18342734128237], [76.89683061093092, 43.18342734128237], [76.89683195203543, 43.18342465907335], [76.89683463424444, 43.18342264741659], [76.89683463424444, 43.183421306312084], [76.89683798700571, 43.18341862410307], [76.89683798700571, 43.18341661244631], [76.8968453630805, 43.183403201401234], [76.89685072749853, 43.183397836983204], [76.89685609191656, 43.18338844925165], [76.8968627974391, 43.18338241428137], [76.8968627974391, 43.18337973207235], [76.89686145633459, 43.18337973207235], [76.89686011523008, 43.18337704986334], [76.89686480909586, 43.18337570875883], [76.8969177827239, 43.18337570875883], [76.89692381769419, 43.18337704986334], [76.89692381769419, 43.183378390967846], [76.89692180603743, 43.1833790615201], [76.89692046493292, 43.18338107317686], [76.89692314714193, 43.18338442593813], [76.89692314714193, 43.1833877786994], [76.89692448824644, 43.18339046090841], [76.89692314714193, 43.183396495878696], [76.89692314714193, 43.183407224714756], [76.89692448824644, 43.18341661244631], [76.89692314714193, 43.18342197686434], [76.89691979438066, 43.1834239885211], [76.89691912382841, 43.18342801183462], [76.8969164416194, 43.18343136459589], [76.89691040664911, 43.183434046804905], [76.89688693732023, 43.183434046804905], [76.89686682075262, 43.183439411222935], [76.8968366459012, 43.18343874067068], [76.89683061093092, 43.18344209343195], [76.89682859927416, 43.18344209343195], [76.89682390540838, 43.183446787297726]]]}, "properties": {"id": 581, "class": "road", "confidence": 100.0, "source": "Almaty_5", "source_model": "unet-roads", "centroid_wkt": "POINT (76.89687995301091 43.183409235120656)", "bbox": [76.89681719988585, 43.18337570875883, 76.89692448824644, 43.183446787297726], "pixel_bbox": [2319, 1686, 2479, 1792], "area_m2": 44.085}}, {"type": "Feature", "geometry": {"type": "Polygon", "coordinates": [[[76.89632166177034, 43.183426670730114], [76.89631562680006, 43.18342532962561], [76.89631026238203, 43.18342197686434], [76.89630892127752, 43.18341929465532], [76.89630892127752, 43.18340990692377], [76.89631160348654, 43.1834065541625], [76.89631294459105, 43.18340253084898], [76.89631696790457, 43.183397836983204], [76.89631763845682, 43.183394484221935], [76.89632099121809, 43.18339180201292], [76.89632166177034, 43.183389119803905], [76.89632635563612, 43.18338442593813], [76.89632769674063, 43.18338442593813], [76.89632769674063, 43.18338308483362], [76.89633172005415, 43.18338107317686], [76.89633172005415, 43.1833790615201], [76.89633037894964, 43.1833790615201], [76.89633037894964, 43.18337772041559], [76.89632903784513, 43.18337704986334], [76.8963397666812, 43.18337570875883], [76.89638201147318, 43.18337704986334], [76.89638201147318, 43.183378390967846], [76.89637865871191, 43.18338040262461], [76.89637798815966, 43.18339381366968], [76.89637530595064, 43.18339917808771], [76.89637530595064, 43.183401860296726], [76.89637262374163, 43.183405213057995], [76.89637128263712, 43.183405213057995], [76.89636927098036, 43.183407224714756], [76.89636927098036, 43.18340856581926], [76.89636524766684, 43.18341325968504], [76.896349824965, 43.183421306312084], [76.89633574336767, 43.18342600017786], [76.89632166177034, 43.183426670730114]]]}, "properties": {"id": 582, "class": "road", "confidence": 100.0, "source": "Almaty_5", "source_model": "unet-roads", "centroid_wkt": "POINT (76.89634423255843 43.18339986543064)", "bbox": [76.89630892127752, 43.18337570875883, 76.89638201147318, 43.183426670730114], "pixel_bbox": [1561, 1716, 1670, 1792], "area_m2": 23.652}}, {"type": "Feature", "geometry": {"type": "Polygon", "coordinates": [[[76.89655635505915, 43.18357553333044], [76.89652282744646, 43.18357486277819], [76.89651142805815, 43.18357218056917], [76.89650405198336, 43.18357218056917], [76.89649600535631, 43.18357016891241], [76.89648527652025, 43.18356949836016], [76.89646650105715, 43.183565475046635], [76.89646381884813, 43.18356346338987], [76.89646381884813, 43.183547370135784], [76.8963585421443, 43.183547370135784], [76.89635451883078, 43.18354602903128], [76.89635384827852, 43.183544017374516], [76.89635518938303, 43.18354334682226], [76.89635183662176, 43.18354334682226], [76.89635183662176, 43.1835413351655], [76.89635653048754, 43.18353932350874], [76.89635787159204, 43.18353597074747], [76.8963598832488, 43.18353597074747], [76.89636256545782, 43.1835326179862], [76.89636792987585, 43.18353060632944], [76.89636994153261, 43.18352859467268], [76.89637396484613, 43.18352859467268], [76.8963846936822, 43.18352323025465], [76.89638737589121, 43.18352323025465], [76.896394751966, 43.18351987749338], [76.89640212804079, 43.183518536388874], [76.89640279859304, 43.18351116031408], [76.89640011638403, 43.18350646644831], [76.89640011638403, 43.18350043147802], [76.8964034691453, 43.18349573761225], [76.8964048102498, 43.18349573761225], [76.89640682190657, 43.18349305540323], [76.8964121863246, 43.18349037319422], [76.8964296206832, 43.183489702641964], [76.89643565565348, 43.183491714298725], [76.89644638448954, 43.18349238485098], [76.8964584544301, 43.183495067059994], [76.89645979553461, 43.183495067059994], [76.89646046608686, 43.183493725955486], [76.89646113663912, 43.183495067059994], [76.89646314829588, 43.183495067059994], [76.89646381884813, 43.1834876909852], [76.8964671716094, 43.1834876909852], [76.89647186547518, 43.183489702641964], [76.89648728817701, 43.18349037319422], [76.89649131149054, 43.18349238485098], [76.89650405198336, 43.183493725955486], [76.89650874584913, 43.18349573761225], [76.89651612192392, 43.18349573761225], [76.8965208157897, 43.18349774926901], [76.89653154462576, 43.183499090373516], [76.89653623849154, 43.18350110203028], [76.89654562622309, 43.18350177258253], [76.89654897898436, 43.18350311368704], [76.8965570256114, 43.18350110203028], [76.89656641334295, 43.18350043147802], [76.89657043665648, 43.18349841982126], [76.8965758010745, 43.18349305540323], [76.89658652991056, 43.18348836153746], [76.8965918943286, 43.18348366767168], [76.89660530537367, 43.18347696214914], [76.89660664647818, 43.18347427994013], [76.89660798758268, 43.18347427994013], [76.89660865813494, 43.18347092717886], [76.89661804586649, 43.183462880551815], [76.89661871641874, 43.1834601983428], [76.8966207280755, 43.183459527790546], [76.8966207280755, 43.183457516133785], [76.89662206918001, 43.18345617502928], [76.89662139862776, 43.18345081061125], [76.89661335200071, 43.1834427639842], [76.89661335200071, 43.183441422879696], [76.8966120108962, 43.183441422879696], [76.8966120108962, 43.18344008177519], [76.89660463482141, 43.18343337625265], [76.89660329371691, 43.18343337625265], [76.89659994095564, 43.18342935293913], [76.89659859985113, 43.18342935293913], [76.89659658819437, 43.18342734128237], [76.8965918943286, 43.183426670730114], [76.89658384770155, 43.183428682386875], [76.89658384770155, 43.18343002349138], [76.8965758010745, 43.18343672901392], [76.89656306058168, 43.18344209343195], [76.8965395912528, 43.18344343453646], [76.89652819186449, 43.18344008177519], [76.89652282744646, 43.183436058461666], [76.8965208157897, 43.183432035148144], [76.8965208157897, 43.18342801183462], [76.89652282744646, 43.1834239885211], [76.89652483910322, 43.18342264741659], [76.89652483910322, 43.183421306312084], [76.89653623849154, 43.183410577476025], [76.89653757959604, 43.183410577476025], [76.89653892070055, 43.18340856581926], [76.89654160290956, 43.18340789526701], [76.89654428511858, 43.183405213057995], [76.89655635505915, 43.18340051919222], [76.89656842499971, 43.18340051919222], [76.89658652991056, 43.1834065541625], [76.8965918943286, 43.18340588361025], [76.89659256488085, 43.18340454250574], [76.89659927040339, 43.18340118974447], [76.89660396426916, 43.183396495878696], [76.89660396426916, 43.18339515477419], [76.89660597592592, 43.18339381366968], [76.89660731703043, 43.18339113146067], [76.89660865813494, 43.18338643759489], [76.8966120108962, 43.18338308483362], [76.89661871641874, 43.18338107317686], [76.8966207280755, 43.183378390967846], [76.89662005752325, 43.18337704986334], [76.89662273973227, 43.183376379311085], [76.89671460539103, 43.18337570875883], [76.89672600477934, 43.18337704986334], [76.89672399312258, 43.18337973207235], [76.89672265201807, 43.18337973207235], [76.89672265201807, 43.18338107317686], [76.8967280164361, 43.18338308483362], [76.89673002809286, 43.18338844925165], [76.89673136919737, 43.183389119803905], [76.89673472195864, 43.183405213057995], [76.89673338085413, 43.18341191858053], [76.89673002809286, 43.183415941894054], [76.89672466367483, 43.18341862410307], [76.89670387655497, 43.18342264741659], [76.89670253545046, 43.1834239885211], [76.89669717103243, 43.18342465907335], [76.89668241888285, 43.183430694043636], [76.89667973667383, 43.183430694043636], [76.8966730311513, 43.18343337625265], [76.89666967839003, 43.18343337625265], [76.89665358513594, 43.183441422879696], [76.89664352685213, 43.1834427639842], [76.89664218574762, 43.18344410508871], [76.8966381624341, 43.183444775640965], [76.89663548022509, 43.18344410508871], [76.89663548022509, 43.18352993577719], [76.89663413912058, 43.18352993577719], [76.89663346856833, 43.18352859467268], [76.89662273973227, 43.183529265224934], [76.89661469310522, 43.18352658301592], [76.8965932354331, 43.183527924120426], [76.89657915383577, 43.1835326179862], [76.89657311886549, 43.18353597074747], [76.89656440168619, 43.18353597074747], [76.89656171947718, 43.18353932350874], [76.89655836671591, 43.18353999406099], [76.8965570256114, 43.1835413351655], [76.89655166119337, 43.183542005717754], [76.89654763787985, 43.18354602903128], [76.8965483084321, 43.183547370135784], [76.89663548022509, 43.183547370135784], [76.89663548022509, 43.183570839464664], [76.89658787101507, 43.18356949836016], [76.89657781273127, 43.183570839464664], [76.89656976610422, 43.18357352167368], [76.89655970782042, 43.18357419222593], [76.89655635505915, 43.18357553333044]]]}, "properties": {"id": 583, "class": "road", "confidence": 100.0, "source": "Almaty_5", "source_model": "unet-roads", "centroid_wkt": "POINT (76.89656103415345 43.18348429359974)", "bbox": [76.89635183662176, 43.18337570875883, 76.89673472195864, 43.18357553333044], "pixel_bbox": [1625, 1494, 2196, 1792], "area_m2": 246.144}}, {"type": "Feature", "geometry": {"type": "Polygon", "coordinates": [[[76.89952354878187, 43.18345617502928], [76.89951349049807, 43.18345282226801], [76.89951080828905, 43.18344745784998], [76.89951214939356, 43.18344075232744], [76.89951818436384, 43.18343471735716], [76.89952287822962, 43.1834327057004], [76.89952623099089, 43.18342935293913], [76.8995275720954, 43.18342600017786], [76.8995275720954, 43.18341862410307], [76.89952623099089, 43.183412589132786], [76.89952421933413, 43.183410577476025], [76.89952421933413, 43.18340923637152], [76.89951550215483, 43.183401860296726], [76.89950209110975, 43.18340051919222], [76.89949672669172, 43.183401860296726], [76.89949002116919, 43.183405213057995], [76.89948197454214, 43.183412589132786], [76.89948063343763, 43.183412589132786], [76.89947929233313, 43.1834152713418], [76.89947795122862, 43.1834152713418], [76.89947795122862, 43.18341661244631], [76.8994652107358, 43.18342801183462], [76.899457834661, 43.18342734128237], [76.89945179969072, 43.18342197686434], [76.89944844692945, 43.183412589132786], [76.89944710582495, 43.183383755385876], [76.89944844692945, 43.18337704986334], [76.89945247024298, 43.183374367654324], [76.89945247024298, 43.183373026549816], [76.89945381134748, 43.18337235599756], [76.89945381134748, 43.18336967378855], [76.89945716410875, 43.18336497992277], [76.89946319907904, 43.18336296826601], [76.89947191625834, 43.18336497992277], [76.89947325736284, 43.18336699157953], [76.89947593957186, 43.183367662131786], [76.89947593957186, 43.183373026549816], [76.89947795122862, 43.18337570875883], [76.89955372363329, 43.18337570875883], [76.89955372363329, 43.18345483392477], [76.89954567700624, 43.18345483392477], [76.89954098314047, 43.18345617502928], [76.89952354878187, 43.18345617502928]]]}, "properties": {"id": 584, "class": "road", "confidence": 100.0, "source": "Almaty_5", "source_model": "unet-roads", "centroid_wkt": "POINT (76.89950626491164 43.18340432258761)", "bbox": [76.89944710582495, 43.18336296826601, 76.89955372363329, 43.18345617502928], "pixel_bbox": [6241, 1672, 6400, 1811], "area_m2": 50.25}}, {"type": "Feature", "geometry": {"type": "Polygon", "coordinates": [[[76.89680982381105, 43.18337570875883], [76.89680714160204, 43.18337369710207], [76.89680714160204, 43.18332877010107], [76.8968091532588, 43.183329440653324], [76.8968091532588, 43.183331452310085], [76.89681049436331, 43.183331452310085], [76.89681049436331, 43.18333279341459], [76.89681451767683, 43.18333614617586], [76.89681451767683, 43.18333748728037], [76.89681585878134, 43.18333748728037], [76.8968178704381, 43.183340169489384], [76.89682256430387, 43.1833428516984], [76.89682926982641, 43.18335626274347], [76.89682994037867, 43.18336229771376], [76.89683128148317, 43.18336497992277], [76.89683128148317, 43.183367662131786], [76.8968279287219, 43.18337168544531], [76.89682055264711, 43.18337168544531], [76.8968192115426, 43.18337503820658], [76.89680982381105, 43.18337570875883]]]}, "properties": {"id": 585, "class": "road", "confidence": 100.0, "source": "Almaty_5", "source_model": "unet-roads", "centroid_wkt": "POINT (76.89681709121477 43.183356114335965)", "bbox": [76.89680714160204, 43.18332877010107, 76.89683128148317, 43.18337570875883], "pixel_bbox": [2304, 1792, 2340, 1862], "area_m2": 6.762}}, {"type": "Feature", "geometry": {"type": "Polygon", "coordinates": [[[76.89679842442274, 43.183338828384876], [76.89679373055696, 43.18333547562361], [76.89679306000471, 43.18333078175783], [76.89679641276598, 43.18332742899656], [76.89680110663176, 43.18332742899656], [76.89680378884077, 43.18333011120558], [76.89680378884077, 43.183334805071354], [76.89680244773626, 43.18333547562361], [76.89680110663176, 43.183338828384876], [76.89679842442274, 43.183338828384876]]]}, "properties": {"id": 586, "class": "road", "confidence": 100.0, "source": "Almaty_5", "source_model": "unet-roads", "centroid_wkt": "POINT (76.89679897681484 43.18333244693592)", "bbox": [76.89679306000471, 43.18332742899656, 76.89680378884077, 43.183338828384876], "pixel_bbox": [2283, 1847, 2299, 1864], "area_m2": 0.851}}, {"type": "Feature", "geometry": {"type": "Polygon", "coordinates": [[[76.90109867602587, 43.18337570875883], [76.90106447786093, 43.18337503820658], [76.90106380730867, 43.18337369710207], [76.90106179565191, 43.18337369710207], [76.90105643123388, 43.18336833268404], [76.90105441957712, 43.18336229771376], [76.9010503962636, 43.18335760384798], [76.90104905515909, 43.183352909982204], [76.90104972571135, 43.183344192802906], [76.90105106681585, 43.183344192802906], [76.90105106681585, 43.1833428516984], [76.90105240792036, 43.183342181146145], [76.90105240792036, 43.183340169489384], [76.90105509012938, 43.18333547562361], [76.90105978399515, 43.1833341345191], [76.90106179565191, 43.18333212286234], [76.9010678306222, 43.18333078175783], [76.90107386559248, 43.1833254173398], [76.90107386559248, 43.183324076235294], [76.9010765478015, 43.18332139402628], [76.9010765478015, 43.18331602960825], [76.901077888906, 43.18331468850374], [76.901077888906, 43.18331267684698], [76.90108124166727, 43.18330865353346], [76.90108995884657, 43.183304630219936], [76.90109465271235, 43.183305971324444], [76.90109465271235, 43.183304630219936], [76.9010966643691, 43.183302618563175], [76.90109800547361, 43.183302618563175], [76.90109867602587, 43.183300606906414], [76.90109867602587, 43.18337570875883]]]}, "properties": {"id": 587, "class": "road", "confidence": 100.0, "source": "Almaty_5", "source_model": "unet-roads", "centroid_wkt": "POINT (76.90107906153548 43.18334500028173)", "bbox": [76.90104905515909, 43.183300606906414, 76.90109867602587, 43.18337570875883], "pixel_bbox": [8630, 1792, 8704, 1904], "area_m2": 23.047}}, {"type": "Feature", "geometry": {"type": "Polygon", "coordinates": [[[76.89732145518064, 43.183363638818264], [76.89732011407614, 43.18336095660925], [76.8973134085536, 43.1833616271615], [76.89730938524008, 43.183360286056995], [76.89730402082205, 43.18335760384798], [76.89730267971754, 43.183354921638966], [76.89730066806078, 43.18335358053446], [76.89729932695627, 43.18334687501192], [76.89730267971754, 43.18333815783262], [76.89730603247881, 43.183334805071354], [76.89730804413557, 43.18333078175783], [76.89730804413557, 43.18332273513079], [76.89730670303106, 43.183318711817265], [76.89730536192656, 43.18331804126501], [76.89730267971754, 43.18331267684698], [76.89729731529951, 43.183307982981205], [76.8972872570157, 43.18330328911543], [76.89726646989584, 43.18329993635416], [76.89725305885077, 43.18330127745867], [76.89723629504442, 43.18330731242895], [76.89722489565611, 43.183307982981205], [76.8972222134471, 43.18330731242895], [76.89721550792456, 43.18330194801092], [76.8972148373723, 43.183295242488384], [76.89721751958132, 43.183289878070354], [76.89722087234259, 43.183286525309086], [76.89723562449217, 43.1832804903388], [76.89726579934359, 43.18327981978655], [76.89727250486612, 43.18327646702528], [76.89728122204542, 43.18327445536852], [76.8972872570157, 43.18327445536852], [76.89730804413557, 43.18327110260725], [76.89731810241938, 43.18327110260725], [76.89732011407614, 43.18327244371176], [76.8973221257329, 43.183271773159504], [76.89732279628515, 43.18327445536852], [76.89732883125544, 43.183277137577534], [76.89732950180769, 43.18327847868204], [76.89733151346445, 43.18327847868204], [76.89733352512121, 43.183281160891056], [76.89733486622572, 43.183281160891056], [76.89733620733023, 43.18328384310007], [76.89733754843473, 43.18328384310007], [76.89733888953924, 43.18328585475683], [76.89734291285276, 43.18328719586134], [76.89734492450953, 43.1832892075181], [76.89734693616629, 43.18330127745867], [76.89734425395727, 43.183313347399235], [76.89734291285276, 43.18331401795149], [76.89734157174826, 43.183318711817265], [76.89734023064375, 43.18331938236952], [76.8973395600915, 43.1833254173398], [76.89733620733023, 43.183331452310085], [76.89733620733023, 43.18333614617586], [76.89733754843473, 43.18333815783262], [76.89733754843473, 43.18334553390741], [76.89733486622572, 43.18334821611643], [76.89733017235994, 43.18335022777319], [76.89732883125544, 43.183352909982204], [76.89732749015093, 43.183352909982204], [76.89732681959867, 43.18335425108671], [76.89732279628515, 43.18335425108671], [76.89732145518064, 43.183363638818264]]]}, "properties": {"id": 588, "class": "road", "confidence": 100.0, "source": "Almaty_5", "source_model": "unet-roads", "centroid_wkt": "POINT (76.89729720415488 43.18330440668812)", "bbox": [76.8972148373723, 43.18327110260725, 76.89734693616629, 43.183363638818264], "pixel_bbox": [2912, 1810, 3109, 1948], "area_m2": 47.302}}, {"type": "Feature", "geometry": {"type": "Polygon", "coordinates": [[[76.89836751669645, 43.18339515477419], [76.89836483448744, 43.18339381366968], [76.89835477620363, 43.18339381366968], [76.89835477620363, 43.183392472565174], [76.89835343509912, 43.18339314311743], [76.89835209399462, 43.1833877786994], [76.89835209399462, 43.18328518420458], [76.89835075289011, 43.183281160891056], [76.89835075289011, 43.18326238542795], [76.89835209399462, 43.183250315487385], [76.89835276454687, 43.18325165659189], [76.89835343509912, 43.183250315487385], [76.89835477620363, 43.18325098603964], [76.89835544675589, 43.18324897438288], [76.8983567878604, 43.18324897438288], [76.89835879951715, 43.183246962726116], [76.89835879951715, 43.18324562162161], [76.89836014062166, 43.18324562162161], [76.89836014062166, 43.1832442805171], [76.89836148172617, 43.1832442805171], [76.89836550503969, 43.18324025720358], [76.89837086945772, 43.183237574994564], [76.89838226884604, 43.18323489278555], [76.8983856216073, 43.183232210576534], [76.89838964492083, 43.18323086947203], [76.89839165657759, 43.183226846158504], [76.8983943387866, 43.18322483450174], [76.89839500933886, 43.18322215229273], [76.89839635044336, 43.18322215229273], [76.8984017148614, 43.183218128979206], [76.89841043204069, 43.183216117322445], [76.8984204903245, 43.183216117322445], [76.89842451363802, 43.18321745842695], [76.89842585474253, 43.18321947008371], [76.89843121916056, 43.18321947008371], [76.89843993633986, 43.183225505054], [76.89844664186239, 43.183226846158504], [76.8984479829669, 43.183228857815266], [76.89844932407141, 43.183228857815266], [76.89845066517591, 43.183232210576534], [76.89845334738493, 43.18323288112879], [76.8984580412507, 43.18323690444231], [76.89845871180296, 43.18324092775583], [76.89846139401197, 43.18324360996485], [76.89846139401197, 43.18324562162161], [76.89846273511648, 43.18324629217386], [76.89846273511648, 43.183248303830624], [76.89846407622099, 43.18324964493513], [76.89846407622099, 43.183257691562176], [76.89846675843, 43.18326238542795], [76.89846675843, 43.18326439708471], [76.89846809953451, 43.18326506763697], [76.89846944063902, 43.183268420398235], [76.89847212284803, 43.18326976150274], [76.89847346395254, 43.18327244371176], [76.89847480505705, 43.18327244371176], [76.89847480505705, 43.18327445536852], [76.89847614616156, 43.18327512592077], [76.89847882837057, 43.1832804903388], [76.89847882837057, 43.1832892075181], [76.89847748726606, 43.183291889727116], [76.89847748726606, 43.18329658359289], [76.89847480505705, 43.18329926580191], [76.89847480505705, 43.18330127745867], [76.89847346395254, 43.18330194801092], [76.89847078174353, 43.18330731242895], [76.89846005290747, 43.18331804126501], [76.89845871180296, 43.18332139402628], [76.89845737069845, 43.18332139402628], [76.89845737069845, 43.18332273513079], [76.89845066517591, 43.183329440653324], [76.89844932407141, 43.183329440653324], [76.8984479829669, 43.18333212286234], [76.89844664186239, 43.18333212286234], [76.8984379246831, 43.183340169489384], [76.89843725413084, 43.18334486335516], [76.89843524247408, 43.18334888666868], [76.89843457192183, 43.18335559219122], [76.89843725413084, 43.18336095660925], [76.8984379246831, 43.183367662131786], [76.8984392657876, 43.183369003236294], [76.8984392657876, 43.18337235599756], [76.89843725413084, 43.18337503820658], [76.8984392657876, 43.18337503820658], [76.89843993633986, 43.183376379311085], [76.8984379246831, 43.183376379311085], [76.8984379246831, 43.18338107317686], [76.89843591302633, 43.18338308483362], [76.89843323081732, 43.18338442593813], [76.89840104430914, 43.18338509649038], [76.8983929976821, 43.183387108147144], [76.89839165657759, 43.18338844925165], [76.89838897436857, 43.18338844925165], [76.89838763326406, 43.18338979035616], [76.89838159829378, 43.18339113146067], [76.89837623387575, 43.18339381366968], [76.89836751669645, 43.18339515477419]]]}, "properties": {"id": 589, "class": "road", "confidence": 100.0, "source": "Almaty_5", "source_model": "unet-roads", "centroid_wkt": "POINT (76.8984064075464 43.18330277668023)", "bbox": [76.89835075289011, 43.183216117322445, 76.89847882837057, 43.18339515477419], "pixel_bbox": [4606, 1763, 4797, 2030], "area_m2": 151.447}}, {"type": "Feature", "geometry": {"type": "Polygon", "coordinates": [[[76.8953500315547, 43.18332273513079], [76.89534600824118, 43.18331468850374], [76.89534399658442, 43.18330127745867], [76.89534265547991, 43.18329859524965], [76.89534265547991, 43.183286525309086], [76.89534399658442, 43.18328518420458], [76.89534734934568, 43.183268420398235], [76.89534734934568, 43.18325702100992], [76.89535070210695, 43.18325098603964], [76.89535338431597, 43.18324092775583], [76.89535472542048, 43.18324025720358], [76.89535606652498, 43.18323690444231], [76.8953600898385, 43.18323355168104], [76.89536344259977, 43.183226846158504], [76.89536344259977, 43.18322483450174], [76.89536478370428, 43.18322416394949], [76.89536612480879, 43.18321544677019], [76.89536813646555, 43.183214105665684], [76.89537484198809, 43.18321343511343], [76.89537886530161, 43.18321477621794], [76.89538221806288, 43.18322014063597], [76.89538154751062, 43.1832355633378], [76.89538288861513, 43.18325500935316], [76.89537953585386, 43.18326238542795], [76.89537953585386, 43.18326439708471], [76.89537819474936, 43.18326506763697], [76.89537685364485, 43.18326976150274], [76.89537551254034, 43.183270432055], [76.89537484198809, 43.183273784816265], [76.89537148922682, 43.18327847868204], [76.89537148922682, 43.1832804903388], [76.8953688070178, 43.18328317254782], [76.8953688070178, 43.183286525309086], [76.89536679536104, 43.1832892075181], [76.89536612480879, 43.18329390138388], [76.89536143094301, 43.18330328911543], [76.89536143094301, 43.18330731242895], [76.89535941928625, 43.18331066519022], [76.89535941928625, 43.183313347399235], [76.89535807818174, 43.18331401795149], [76.89535405486822, 43.18332206457853], [76.8953500315547, 43.18332273513079]]]}, "properties": {"id": 590, "class": "road", "confidence": 100.0, "source": "Almaty_5", "source_model": "unet-roads", "centroid_wkt": "POINT (76.8953628396989 43.183264620763254)", "bbox": [76.89534265547991, 43.18321343511343, 76.89538288861513, 43.18332273513079], "pixel_bbox": [120, 1871, 180, 2034], "area_m2": 22.535}}, {"type": "Feature", "geometry": {"type": "Polygon", "coordinates": [[[76.89918961375952, 43.18326439708471], [76.89917955547571, 43.183261044323444], [76.89917553216219, 43.18325702100992], [76.89917284995317, 43.18325098603964], [76.89917284995317, 43.18323355168104], [76.89917083829641, 43.18322483450174], [76.89916882663965, 43.18322215229273], [76.89916882663965, 43.18321544677019], [76.89917284995317, 43.18321142345667], [76.89917352050543, 43.18320941179991], [76.89917284995317, 43.18320740014315], [76.89917083829641, 43.18320740014315], [76.8991694971919, 43.18320605903864], [76.89917150884867, 43.18320471793413], [76.89920637756586, 43.183205388486385], [76.89920302480459, 43.18320740014315], [76.89920034259558, 43.18320740014315], [76.8991956487298, 43.183210752904415], [76.89919766038656, 43.18321343511343], [76.89920101314783, 43.18321343511343], [76.89920235425234, 43.183216117322445], [76.8992043659091, 43.183216117322445], [76.8992043659091, 43.18321745842695], [76.89920771867037, 43.183218128979206], [76.89920838922262, 43.18321947008371], [76.89920771867037, 43.18323489278555], [76.89920905977488, 43.1832355633378], [76.89920905977488, 43.18323891609907], [76.89920771867037, 43.183239586651325], [76.89920704811811, 43.18324629217386], [76.89920771867037, 43.183248303830624], [76.89920905977488, 43.183248303830624], [76.89921040087938, 43.18324562162161], [76.89921040087938, 43.18325433880091], [76.89920838922262, 43.18325366824865], [76.89920771867037, 43.18325635045767], [76.8992057070136, 43.18325702100992], [76.8992043659091, 43.18325970321894], [76.89920302480459, 43.18325970321894], [76.89919967204332, 43.183263055980206], [76.8991956487298, 43.18326439708471], [76.89918961375952, 43.18326439708471]]]}, "properties": {"id": 591, "class": "road", "confidence": 100.0, "source": "Almaty_5", "source_model": "unet-roads", "centroid_wkt": "POINT (76.89918980242633 43.1832336416903)", "bbox": [76.89916882663965, 43.18320471793413, 76.89921040087938, 43.18326439708471], "pixel_bbox": [5826, 1958, 5888, 2047], "area_m2": 17.633}}, {"type": "Feature", "geometry": {"type": "Polygon", "coordinates": [[[76.89629349857569, 43.18326774984598], [76.89629215747118, 43.18326573818922], [76.89629215747118, 43.18320471793413], [76.89629349857569, 43.18320404738188], [76.8964410200715, 43.18320404738188], [76.8964483961463, 43.183205388486385], [76.89644303172827, 43.1832080706954], [76.89644236117601, 43.18321008235216], [76.89644034951925, 43.18321209400892], [76.89643900841475, 43.18321209400892], [76.89643766731024, 43.183216117322445], [76.89643565565348, 43.183218128979206], [76.89643364399672, 43.183218128979206], [76.89642827957869, 43.18322215229273], [76.8964222446084, 43.183223493397236], [76.89641822129488, 43.18322617560625], [76.8964048102498, 43.18322818726301], [76.89640078693628, 43.18323019891977], [76.89639542251825, 43.18323019891977], [76.89638804644346, 43.18323355168104], [76.89638737589121, 43.18323489278555], [76.89638536423445, 43.18323489278555], [76.89638268202543, 43.183237574994564], [76.89638268202543, 43.18324025720358], [76.89638134092093, 43.183241598308086], [76.89638067036867, 43.183244951069355], [76.89637932926416, 43.18324562162161], [76.8963773176074, 43.18325165659189], [76.89636927098036, 43.18325970321894], [76.89636122435331, 43.1832617148757], [76.896349824965, 43.18326238542795], [76.89633842557669, 43.18326573818922], [76.8963236734271, 43.18326707929373], [76.89629953354597, 43.18326573818922], [76.89629349857569, 43.18326774984598]]]}, "properties": {"id": 592, "class": "road", "confidence": 100.0, "source": "Almaty_5", "source_model": "unet-roads", "centroid_wkt": "POINT (76.89635017020113 43.18322983975779)", "bbox": [76.89629215747118, 43.18320404738188, 76.8964483961463, 43.18326774984598], "pixel_bbox": [1536, 1953, 1769, 2048], "area_m2": 59.969}}, {"type": "Feature", "geometry": {"type": "Polygon", "coordinates": [[[76.89592804759741, 43.18329457193613], [76.89591865986586, 43.1832892075181], [76.89591530710459, 43.18328250199556], [76.8959166482091, 43.18323690444231], [76.89592000097036, 43.183228857815266], [76.89592000097036, 43.183225505054], [76.89592201262712, 43.183221481740475], [76.89592268317938, 43.1832167878747], [76.89592402428389, 43.183216117322445], [76.89592402428389, 43.183214105665684], [76.8959253653884, 43.18321343511343], [76.8959267064929, 43.18321008235216], [76.89593072980642, 43.18320672959089], [76.89593072980642, 43.183205388486385], [76.89593207091093, 43.18320404738188], [76.89594883471727, 43.18320404738188], [76.89594883471727, 43.18329256027937], [76.89594279974699, 43.18329256027937], [76.89593877643347, 43.18329457193613], [76.89592804759741, 43.18329457193613]]]}, "properties": {"id": 593, "class": "road", "confidence": 100.0, "source": "Almaty_5", "source_model": "unet-roads", "centroid_wkt": "POINT (76.89593387590062 43.183250957026345)", "bbox": [76.89591530710459, 43.18320404738188, 76.89594883471727, 43.18329457193613], "pixel_bbox": [974, 1913, 1024, 2048], "area_m2": 24.255}}, {"type": "Feature", "geometry": {"type": "Polygon", "coordinates": [[[76.90010827034712, 43.18323154002428], [76.90010156482458, 43.18323019891977], [76.90009217709303, 43.18323019891977], [76.9000693783164, 43.18322483450174], [76.90006870776415, 43.183205388486385], [76.90007541328669, 43.18320404738188], [76.90010894089937, 43.18320404738188], [76.90012503415346, 43.183205388486385], [76.90012369304895, 43.18320672959089], [76.90012168139219, 43.18320672959089], [76.90012101083994, 43.183208741247654], [76.90011966973543, 43.183208741247654], [76.90012436360121, 43.18321477621794], [76.90012436360121, 43.183221481740475], [76.9001230224967, 43.18322617560625], [76.90011899918318, 43.18323019891977], [76.90010827034712, 43.18323154002428]]]}, "properties": {"id": 594, "class": "road", "confidence": 100.0, "source": "Almaty_5", "source_model": "unet-roads", "centroid_wkt": "POINT (76.90009728045422 43.1832164702378)", "bbox": [76.90006870776415, 43.18320404738188, 76.90012503415346, 43.18323154002428], "pixel_bbox": [7168, 2007, 7252, 2048], "area_m2": 12.145}}, {"type": "Feature", "geometry": {"type": "Polygon", "coordinates": [[[76.89799066632986, 43.183273784816265], [76.89798798412085, 43.18327244371176], [76.89798127859831, 43.18327311426401], [76.89798060804605, 43.183271773159504], [76.8979785963893, 43.183271773159504], [76.89797323197126, 43.18326774984598], [76.89797054976225, 43.18326238542795], [76.89797054976225, 43.18326037377119], [76.89796652644873, 43.18325366824865], [76.89796518534422, 43.18324629217386], [76.89796384423971, 43.18324562162161], [76.89796384423971, 43.1832442805171], [76.8979625031352, 43.1832442805171], [76.8979625031352, 43.183242939412594], [76.89795982092619, 43.183241598308086], [76.89795780926943, 43.18323690444231], [76.89795177429914, 43.18323086947203], [76.89795110374689, 43.18322751671076], [76.89794775098562, 43.18322483450174], [76.89794640988111, 43.18322014063597], [76.89794842153788, 43.18321745842695], [76.89794909209013, 43.183214105665684], [76.89795579761267, 43.18320941179991], [76.89795579761267, 43.18320740014315], [76.89795177429914, 43.18320672959089], [76.89795110374689, 43.183205388486385], [76.89796786755323, 43.18320404738188], [76.89800877124071, 43.18320404738188], [76.89800877124071, 43.18326372653246], [76.89800810068846, 43.18326506763697], [76.89800407737494, 43.18326439708471], [76.89800072461367, 43.18326976150274], [76.8979987129569, 43.18326909095049], [76.8979973718524, 43.183271773159504], [76.89799066632986, 43.183273784816265]]]}, "properties": {"id": 595, "class": "road", "confidence": 100.0, "source": "Almaty_5", "source_model": "unet-roads", "centroid_wkt": "POINT (76.89798336598575 43.183233945292635)", "bbox": [76.89794640988111, 43.18320404738188, 76.89800877124071, 43.183273784816265], "pixel_bbox": [4003, 1944, 4096, 2048], "area_m2": 29.705}}, {"type": "Feature", "geometry": {"type": "Polygon", "coordinates": [[[76.89808789640665, 43.18322952836752], [76.8980798497796, 43.18322617560625], [76.89807649701834, 43.18322617560625], [76.89807046204805, 43.183223493397236], [76.89806777983904, 43.183223493397236], [76.89805168658495, 43.183218128979206], [76.89804766327143, 43.18321343511343], [76.89804766327143, 43.1832080706954], [76.89804565161467, 43.183205388486385], [76.89805168658495, 43.18320404738188], [76.8981321528554, 43.18320404738188], [76.89813617616892, 43.183205388486385], [76.8981334939599, 43.183208741247654], [76.89813416451216, 43.18321343511343], [76.89813282340765, 43.1832167878747], [76.89812611788511, 43.18322014063597], [76.8981247767806, 43.18322215229273], [76.89810868352652, 43.18322818726301], [76.89810398966074, 43.18322818726301], [76.89809996634722, 43.18322952836752], [76.89808789640665, 43.18322952836752]]]}, "properties": {"id": 596, "class": "road", "confidence": 100.0, "source": "Almaty_5", "source_model": "unet-roads", "centroid_wkt": "POINT (76.89809221779582 43.18321429451317)", "bbox": [76.89804565161467, 43.18320404738188, 76.89813617616892, 43.18322952836752], "pixel_bbox": [4151, 2010, 4286, 2048], "area_m2": 15.873}}, {"type": "Feature", "geometry": {"type": "Polygon", "coordinates": [[[76.89824815839529, 43.18324092775583], [76.89822871237993, 43.18323891609907], [76.89822535961866, 43.18323690444231], [76.8982233479619, 43.18323690444231], [76.89822267740965, 43.1832355633378], [76.89821731299162, 43.18323288112879], [76.89821731299162, 43.18323154002428], [76.89821530133486, 43.18323019891977], [76.8982132896781, 43.183221481740475], [76.89821530133486, 43.183212764561176], [76.89821731299162, 43.183210752904415], [76.89821731299162, 43.18320941179991], [76.89821865409613, 43.18320941179991], [76.89821999520063, 43.18320740014315], [76.89821932464838, 43.183205388486385], [76.8982220068574, 43.183205388486385], [76.8982220068574, 43.18320404738188], [76.89835209399462, 43.18320404738188], [76.89835209399462, 43.18323623389006], [76.89835075289011, 43.18323355168104], [76.8983494117856, 43.183234222233295], [76.89834471791983, 43.18323019891977], [76.89834270626307, 43.18323019891977], [76.89833868294954, 43.18322751671076], [76.89833600074053, 43.18322751671076], [76.89833264797926, 43.183225505054], [76.89831789582968, 43.183223493397236], [76.89829174429178, 43.1832167878747], [76.89828369766474, 43.1832167878747], [76.89826626330614, 43.183221481740475], [76.89826492220163, 43.18322416394949], [76.89826089888811, 43.183225505054], [76.89826022833586, 43.183226846158504], [76.89826022833586, 43.18322952836752], [76.89826223999262, 43.18323019891977], [76.89826358109713, 43.18323288112879], [76.89826291054487, 43.18323690444231], [76.8982582166791, 43.18324025720358], [76.89824815839529, 43.18324092775583]]]}, "properties": {"id": 597, "class": "road", "confidence": 100.0, "source": "Almaty_5", "source_model": "unet-roads", "centroid_wkt": "POINT (76.89827714818757 43.18321742655281)", "bbox": [76.8982132896781, 43.18320404738188, 76.89835209399462, 43.18324092775583], "pixel_bbox": [4401, 1993, 4608, 2048], "area_m2": 29.618}}, {"type": "Feature", "geometry": {"type": "Polygon", "coordinates": [[[76.89945850521326, 43.183324076235294], [76.89945381134748, 43.18332273513079], [76.89945314079523, 43.18332139402628], [76.89944911748171, 43.18332005292177], [76.89944509416819, 43.1833167001605], [76.89942833036184, 43.18330865353346], [76.89941760152578, 43.18329658359289], [76.89941693097353, 43.18328853696585], [76.89941894263029, 43.18328384310007], [76.89942430704832, 43.18327780812979], [76.89942430704832, 43.18327646702528], [76.89942631870508, 43.183275796473026], [76.89942765980959, 43.18327311426401], [76.89943302422762, 43.18326909095049], [76.89943235367537, 43.18326238542795], [76.89943101257086, 43.183261044323444], [76.8994115665555, 43.183261044323444], [76.89940553158522, 43.18326439708471], [76.8994028493762, 43.18326439708471], [76.89939547330141, 43.183271773159504], [76.89939547330141, 43.18327311426401], [76.89939346164465, 43.183273784816265], [76.89938943833113, 43.18327780812979], [76.89938943833113, 43.183279149234295], [76.89938474446535, 43.18327981978655], [76.8993840739131, 43.18327847868204], [76.8993840739131, 43.18328183144331], [76.89938273280859, 43.18327981978655], [76.89938206225634, 43.18328384310007], [76.89938005059958, 43.183273784816265], [76.89937803894281, 43.18327445536852], [76.89937468618155, 43.18327110260725], [76.89937200397253, 43.183266408741474], [76.89937133342028, 43.18326238542795], [76.89936932176352, 43.183261044323444], [76.89936932176352, 43.18325970321894], [76.89936529845, 43.18325500935316], [76.89936395734549, 43.18324629217386], [76.89936395734549, 43.18324025720358], [76.89936865121126, 43.18323154002428], [76.89937736839056, 43.18322282284498], [76.89938005059958, 43.18322282284498], [76.89938072115183, 43.183221481740475], [76.89938206225634, 43.18321142345667], [76.89938139170408, 43.18320404738188], [76.89949672669172, 43.18320404738188], [76.89949873834848, 43.18320270627737], [76.89949940890074, 43.183198012411594], [76.89950544387102, 43.18319667130709], [76.89950812608004, 43.183198012411594], [76.89951214939356, 43.183203376829624], [76.89954031258821, 43.18320404738188], [76.89954299479723, 43.183205388486385], [76.89954366534948, 43.1832080706954], [76.8995463475585, 43.183210752904415], [76.899547688663, 43.183210752904415], [76.89955104142427, 43.18321477621794], [76.89955238252878, 43.18321477621794], [76.89955372363329, 43.183212764561176], [76.89955372363329, 43.18321745842695], [76.89955841749907, 43.18322751671076], [76.89955707639456, 43.18324025720358], [76.89955439418554, 43.183242939412594], [76.89955372363329, 43.18325098603964], [76.89955238252878, 43.183250315487385], [76.89954902976751, 43.183255679905415], [76.89954165369272, 43.18325836211443], [76.89952354878187, 43.18325702100992], [76.89951281994581, 43.18325970321894], [76.89950477331877, 43.18326774984598], [76.89950343221426, 43.18326774984598], [76.89950075000525, 43.183270432055], [76.89949538558722, 43.183271773159504], [76.8994927033782, 43.18327445536852], [76.8994927033782, 43.183275796473026], [76.8994913622737, 43.183275796473026], [76.89948733896017, 43.18328719586134], [76.89948733896017, 43.18329054862261], [76.89948465675116, 43.18329390138388], [76.89948197454214, 43.18330127745867], [76.89947795122862, 43.183305971324444], [76.89947795122862, 43.183307982981205], [76.89947661012411, 43.18330865353346], [76.8994752690196, 43.18331200629473], [76.89947258681059, 43.18331401795149], [76.89947258681059, 43.183315359055996], [76.89946856349707, 43.18331938236952], [76.89946789294481, 43.18332139402628], [76.8994665518403, 43.18332139402628], [76.89946588128805, 43.18332273513079], [76.89945850521326, 43.183324076235294]]]}, "properties": {"id": 598, "class": "road", "confidence": 100.0, "source": "Almaty_5", "source_model": "unet-roads", "centroid_wkt": "POINT (76.89945893826442 43.18324711994188)", "bbox": [76.89936395734549, 43.18319667130709, 76.89955841749907, 43.183324076235294], "pixel_bbox": [6117, 1869, 6407, 2059], "area_m2": 129.129}}, {"type": "Feature", "geometry": {"type": "Polygon", "coordinates": [[[76.89983937889338, 43.18325433880091], [76.89983736723661, 43.18325366824865], [76.89983401447535, 43.18324964493513], [76.89983267337084, 43.18324964493513], [76.89982932060957, 43.18324562162161], [76.89982797950506, 43.18324562162161], [76.8998246267438, 43.183241598308086], [76.89981658011675, 43.183237574994564], [76.89981255680323, 43.18323690444231], [76.89981121569872, 43.1832355633378], [76.89979311078787, 43.18323154002428], [76.89976762980223, 43.183232210576534], [76.8997622653842, 43.18323019891977], [76.89975891262293, 43.18323019891977], [76.89975824207067, 43.183228857815266], [76.89975555986166, 43.183228857815266], [76.8997548893094, 43.18322751671076], [76.89975019544363, 43.18322617560625], [76.89974751323462, 43.18322282284498], [76.89974281936884, 43.18322014063597], [76.89974080771208, 43.183216117322445], [76.89973946660757, 43.1832080706954], [76.89974080771208, 43.18320404738188], [76.89973544329405, 43.18320404738188], [76.89973276108503, 43.18320203572512], [76.89973141998053, 43.18319667130709], [76.89973141998053, 43.18318996578455], [76.89973276108503, 43.18318996578455], [76.8997347727418, 43.183183930814266], [76.8997361138463, 43.183183930814266], [76.89974080771208, 43.183179907500744], [76.89975019544363, 43.18317923694849], [76.89976092427969, 43.183176554739475], [76.89978640526533, 43.18317588418722], [76.8997984752059, 43.18317722529173], [76.8998159095645, 43.18318124860525], [76.89982261508703, 43.18318460136652], [76.89983066171408, 43.18318661302328], [76.89983334392309, 43.18318862468004], [76.89984004944563, 43.18318996578455], [76.8998434022069, 43.183192647993565], [76.8998521193862, 43.18319600075483], [76.89985547214746, 43.183200024068356], [76.89985547214746, 43.18320136517286], [76.89985413104296, 43.18320203572512], [76.89985480159521, 43.183203376829624], [76.89987558871508, 43.18320404738188], [76.89987692981958, 43.183205388486385], [76.89987894147635, 43.183205388486385], [76.89988363534212, 43.18321477621794], [76.89988296478987, 43.18322014063597], [76.89988028258085, 43.18322215229273], [76.89987894147635, 43.183226846158504], [76.89987558871508, 43.18323019891977], [76.89987424761057, 43.18323019891977], [76.89987156540155, 43.18323489278555], [76.89987022429705, 43.18323489278555], [76.89986687153578, 43.18323824554682], [76.89986485987902, 43.18323824554682], [76.89985614269972, 43.183248303830624], [76.89984742552042, 43.1832529976964], [76.89983937889338, 43.18325433880091]]]}, "properties": {"id": 599, "class": "road", "confidence": 100.0, "source": "Almaty_5", "source_model": "unet-roads", "centroid_wkt": "POINT (76.89980671345162 43.18321020639596)", "bbox": [76.89973141998053, 43.18317588418722, 76.89988363534212, 43.18325433880091], "pixel_bbox": [6665, 1973, 6892, 2090], "area_m2": 66.204}}, {"type": "Feature", "geometry": {"type": "Polygon", "coordinates": [[[76.89852643758059, 43.18313967436552], [76.89852509647608, 43.18313833326101], [76.89852375537157, 43.18313900381327], [76.89852375537157, 43.183115534484386], [76.89852509647608, 43.18311419337988], [76.8985277786851, 43.18311419337988], [76.89852844923735, 43.183115534484386], [76.8985391780734, 43.183120898902416], [76.8985391780734, 43.183122240006924], [76.89854186028242, 43.183124251663685], [76.89854320138693, 43.1831269338727], [76.89854253083467, 43.18313229829073], [76.8985391780734, 43.18313632160425], [76.89853113144636, 43.18313766270876], [76.89852979034185, 43.18313900381327], [76.89852643758059, 43.18313967436552]]]}, "properties": {"id": 600, "class": "road", "confidence": 100.0, "source": "Almaty_5", "source_model": "unet-roads", "centroid_wkt": "POINT (76.8985322031712 43.183127250301325)", "bbox": [76.89852375537157, 43.18311419337988, 76.89854320138693, 43.18313967436552], "pixel_bbox": [4864, 2144, 4893, 2182], "area_m2": 3.251}}, {"type": "Feature", "geometry": {"type": "Polygon", "coordinates": [[[76.89850229769945, 43.1831443682313], [76.89848620444536, 43.18314369767904], [76.89847346395254, 43.18313833326101], [76.89847279340029, 43.183136992156506], [76.89846944063902, 43.183135651052], [76.89846273511648, 43.18312760442495], [76.89846206456423, 43.183120898902416], [76.89846407622099, 43.18311486393213], [76.89847145229578, 43.18310748785734], [76.89848218113184, 43.18310413509607], [76.89849492162466, 43.18310681730509], [76.89850900322199, 43.183113522827625], [76.89851101487875, 43.18311620503664], [76.89851235598326, 43.18311620503664], [76.89851235598326, 43.18311754614115], [76.89851772040129, 43.18312358111143], [76.89851772040129, 43.183131627738476], [76.89851570874453, 43.183135651052], [76.898511685431, 43.18313967436552], [76.89850229769945, 43.1831443682313]]]}, "properties": {"id": 601, "class": "road", "confidence": 100.0, "source": "Almaty_5", "source_model": "unet-roads", "centroid_wkt": "POINT (76.89849016626442 43.18312453921142)", "bbox": [76.89846206456423, 43.18310413509607, 76.89851772040129, 43.1831443682313], "pixel_bbox": [4772, 2137, 4855, 2197], "area_m2": 15.034}}, {"type": "Feature", "geometry": {"type": "Polygon", "coordinates": [[[76.8969352170825, 43.18310748785734], [76.89692918211222, 43.18310413509607], [76.89692918211222, 43.183102793991566], [76.89692448824644, 43.18309810012579], [76.89692381769419, 43.183095417916775], [76.89692180603743, 43.18309407681227], [76.89691510051489, 43.18307530134916], [76.89691510051489, 43.18307060748339], [76.8969164416194, 43.18306792527437], [76.89691912382841, 43.18306524306536], [76.89692381769419, 43.183063231408596], [76.89692918211222, 43.183063231408596], [76.896933875978, 43.1830645725131], [76.89694460481405, 43.18307060748339], [76.89694594591856, 43.18307261914015], [76.89694862812757, 43.183073960244656], [76.89695131033659, 43.183079324662685], [76.89695332199335, 43.18308066576719], [76.8969539925456, 43.18308401852846], [76.89695533365011, 43.183084689080715], [76.89695600420237, 43.18309608846903], [76.8969539925456, 43.18310011178255], [76.89694996923208, 43.18310413509607], [76.89694795757532, 43.18310413509607], [76.8969452753663, 43.18310681730509], [76.8969352170825, 43.18310748785734]]]}, "properties": {"id": 602, "class": "road", "confidence": 100.0, "source": "Almaty_5", "source_model": "unet-roads", "centroid_wkt": "POINT (76.89693592611162 43.18308485537111)", "bbox": [76.89691510051489, 43.183063231408596, 76.89695600420237, 43.18310748785734], "pixel_bbox": [2465, 2192, 2526, 2258], "area_m2": 11.619}}, {"type": "Feature", "geometry": {"type": "Polygon", "coordinates": [[[76.89717393368483, 43.183084689080715], [76.89716387540102, 43.18308133631945], [76.89716186374426, 43.183079324662685], [76.89716052263975, 43.183073960244656], [76.89716186374426, 43.183071948587894], [76.89716186374426, 43.18306926637888], [76.89716320484877, 43.18306926637888], [76.89716454595327, 43.18306591361761], [76.89716588705778, 43.18306591361761], [76.89716789871454, 43.183063231408596], [76.89716923981905, 43.183063231408596], [76.89717259258032, 43.18305987864733], [76.89717661589384, 43.183057866990566], [76.89717929810286, 43.183057866990566], [76.89718198031187, 43.183055855333805], [76.89718667417765, 43.1830545142293], [76.89720075577497, 43.18305518478155], [76.89720880240202, 43.18305853754282], [76.89721416682005, 43.18306390196085], [76.89721416682005, 43.18306591361761], [76.89721617847681, 43.18306792527437], [76.89721684902906, 43.18307664245367], [76.8972148373723, 43.183077313005924], [76.89721081405878, 43.18308133631945], [76.89719270914793, 43.183084689080715], [76.89717393368483, 43.183084689080715]]]}, "properties": {"id": 603, "class": "road", "confidence": 100.0, "source": "Almaty_5", "source_model": "unet-roads", "centroid_wkt": "POINT (76.8971896016213 43.18307030223368)", "bbox": [76.89716052263975, 43.1830545142293, 76.89721684902906, 43.183084689080715], "pixel_bbox": [2831, 2226, 2915, 2271], "area_m2": 12.017}}, {"type": "Feature", "geometry": {"type": "Polygon", "coordinates": [[[76.89661871641874, 43.183142356574535], [76.89660798758268, 43.18313766270876], [76.89660597592592, 43.183135651052], [76.89660597592592, 43.18313430994749], [76.89660396426916, 43.18313229829073], [76.89660396426916, 43.18312559276819], [76.89660128206015, 43.183113522827625], [76.89659859985113, 43.18311084061861], [76.89659859985113, 43.1831094995141], [76.89659390598536, 43.183106146752834], [76.89658652991056, 43.18310480564833], [76.8965845182538, 43.18310681730509], [76.89657714217901, 43.1831094995141], [76.89657311886549, 43.183113522827625], [76.89657110720873, 43.183113522827625], [76.89657043665648, 43.18311486393213], [76.89656239002943, 43.18311754614115], [76.89655367285013, 43.183116875588894], [76.89655166119337, 43.18311486393213], [76.89654897898436, 43.18311419337988], [76.89654495567083, 43.18310882896185], [76.89654428511858, 43.18309877067804], [76.89654562622309, 43.18309608846903], [76.89654763787985, 43.18309407681227], [76.89654897898436, 43.18309407681227], [76.8965556845069, 43.183086700737476], [76.8965570256114, 43.183086700737476], [76.89656171947718, 43.1830820068717], [76.89656306058168, 43.1830820068717], [76.89656306058168, 43.18308066576719], [76.89656440168619, 43.18308066576719], [76.89656976610422, 43.18307530134916], [76.89656976610422, 43.183073960244656], [76.89657513052225, 43.18306725472212], [76.89657513052225, 43.18306390196085], [76.89657714217901, 43.18305853754282], [76.89657714217901, 43.18304378539324], [76.89658049494028, 43.183037750422955], [76.89658049494028, 43.18303640931845], [76.89657848328352, 43.18303573876619], [76.89657848328352, 43.18303372710943], [76.8966120108962, 43.18303372710943], [76.8966106697917, 43.18303506821394], [76.89660798758268, 43.183034397661686], [76.89660664647818, 43.18303573876619], [76.89660664647818, 43.18303842097521], [76.89660932868719, 43.18304110318422], [76.89661536365747, 43.18304110318422], [76.89661871641874, 43.18304244428873], [76.8966207280755, 43.183045126497746], [76.89662341028452, 43.18304579705], [76.89662341028452, 43.18304780870676], [76.8966281041503, 43.18305250257254], [76.89663011580706, 43.18305317312479], [76.89663011580706, 43.183055855333805], [76.89663346856833, 43.183055855333805], [76.89663548022509, 43.1830545142293], [76.89663548022509, 43.18313967436552], [76.89662341028452, 43.183142356574535], [76.89661871641874, 43.183142356574535]]]}, "properties": {"id": 604, "class": "road", "confidence": 100.0, "source": "Almaty_5", "source_model": "unet-roads", "centroid_wkt": "POINT (76.89660042721434 43.18308612235071)", "bbox": [76.89654428511858, 43.18303372710943, 76.89663548022509, 43.183142356574535], "pixel_bbox": [1912, 2140, 2048, 2302], "area_m2": 54.576}}, {"type": "Feature", "geometry": {"type": "Polygon", "coordinates": [[[76.89781900495291, 43.18308066576719], [76.89780827611685, 43.18307597190142], [76.8978076055646, 43.18307463079691], [76.89780291169882, 43.1830732896924], [76.89780224114656, 43.183071948587894], [76.8977988883853, 43.18307060748339], [76.89779620617628, 43.18306725472212], [76.89779218286276, 43.18306591361761], [76.8977915123105, 43.1830645725131], [76.89777676016092, 43.183059208095074], [76.89777005463839, 43.183053843677044], [76.89776603132486, 43.18305250257254], [76.8977640196681, 43.18304982036352], [76.89775731414557, 43.18304646760225], [76.89775463193655, 43.183043114840984], [76.89775463193655, 43.18303372710943], [76.89775597304106, 43.18303372710943], [76.89775597304106, 43.183032386004925], [76.89783710986376, 43.183032386004925], [76.89783710986376, 43.183079324662685], [76.897835098207, 43.183079324662685], [76.89783442765474, 43.18308066576719], [76.89781900495291, 43.18308066576719]]]}, "properties": {"id": 605, "class": "road", "confidence": 100.0, "source": "Almaty_5", "source_model": "unet-roads", "centroid_wkt": "POINT (76.89780409857033 43.1830513646449)", "bbox": [76.89775463193655, 43.183032386004925, 76.89783710986376, 43.18308066576719], "pixel_bbox": [3717, 2232, 3840, 2304], "area_m2": 25.817}}, {"type": "Feature", "geometry": {"type": "Polygon", "coordinates": [[[76.8979886546731, 43.18311754614115], [76.8979785963893, 43.18311218172312], [76.8979785963893, 43.18311084061861], [76.89797725528479, 43.18311084061861], [76.89797457307577, 43.18310748785734], [76.8979712203145, 43.183106146752834], [76.89796786755323, 43.18310212343931], [76.8979625031352, 43.1830994412303], [76.89795110374689, 43.18309608846903], [76.89794708043337, 43.183093406260014], [76.89794104546309, 43.18309139460325], [76.89793903380632, 43.18308938294649], [76.89793836325407, 43.18308603018522], [76.89793970435858, 43.18308401852846], [76.89793970435858, 43.18308133631945], [76.89794305711985, 43.18307798355818], [76.8979437276721, 43.18307530134916], [76.89794708043337, 43.18307127803564], [76.89795110374689, 43.18306189030409], [76.89795110374689, 43.183050490915775], [76.89794976264238, 43.183048479259014], [76.89792763441801, 43.18305116146803], [76.89791288226843, 43.183050490915775], [76.89790483564138, 43.18304646760225], [76.89790483564138, 43.183045126497746], [76.89790282398462, 43.18304378539324], [76.89790349453688, 43.18303640931845], [76.89790215343237, 43.18303640931845], [76.89790148288012, 43.183034397661686], [76.89789947122335, 43.18303372710943], [76.89790684729815, 43.183032386004925], [76.89795915037394, 43.183032386004925], [76.89796384423971, 43.18303372710943], [76.8979625031352, 43.183034397661686], [76.89796183258295, 43.1830370798707], [76.89796585589647, 43.18303909152746], [76.89797054976225, 43.18303909152746], [76.8979712203145, 43.18304043263197], [76.8979973718524, 43.18303842097521], [76.89800273627043, 43.18304110318422], [76.89800474792719, 43.18304110318422], [76.8980060890317, 43.18303909152746], [76.89800877124071, 43.18303909152746], [76.89800877124071, 43.18311486393213], [76.89800675958395, 43.183116875588894], [76.89800474792719, 43.18311486393213], [76.89800273627043, 43.18311486393213], [76.89800273627043, 43.18311620503664], [76.8979987129569, 43.18311754614115], [76.8979886546731, 43.18311754614115]]]}, "properties": {"id": 606, "class": "road", "confidence": 100.0, "source": "Almaty_5", "source_model": "unet-roads", "centroid_wkt": "POINT (76.89797125420914 43.183068821220346)", "bbox": [76.89789947122335, 43.183032386004925, 76.89800877124071, 43.18311754614115], "pixel_bbox": [3933, 2177, 4096, 2304], "area_m2": 46.807}}, {"type": "Feature", "geometry": {"type": "Polygon", "coordinates": [[[76.8994028493762, 43.1831269338727], [76.89939547330141, 43.18312492221594], [76.89939346164465, 43.183122240006924], [76.89939077943563, 43.18312156945467], [76.89939010888338, 43.18312022835016], [76.89938809722662, 43.18312022835016], [76.89938742667437, 43.183118887245655], [76.8993854150176, 43.183118887245655], [76.8993840739131, 43.18312291055918], [76.89938273280859, 43.18312156945467], [76.89938273280859, 43.18305987864733], [76.89938139170408, 43.18305250257254], [76.89937401562929, 43.18305250257254], [76.89936127513647, 43.18304914981127], [76.89935188740492, 43.183048479259014], [76.89934987574816, 43.18304713815451], [76.89934451133013, 43.18304646760225], [76.89934182912111, 43.18304445594549], [76.89933110028505, 43.18304177373648], [76.89932908862829, 43.183039762079716], [76.89932908862829, 43.18303842097521], [76.89932774752378, 43.18303842097521], [76.89932640641928, 43.18303640931845], [76.89932238310575, 43.18303573876619], [76.89932238310575, 43.183034397661686], [76.89932104200125, 43.18303372710943], [76.89933244138956, 43.183032386004925], [76.8994390591979, 43.183032386004925], [76.89944375306368, 43.18303372710943], [76.89944174140692, 43.18303640931845], [76.89944040030241, 43.18303640931845], [76.89944040030241, 43.18303909152746], [76.89944241195917, 43.18304110318422], [76.89944241195917, 43.18304378539324], [76.89944040030241, 43.18304579705], [76.8994390591979, 43.18304982036352], [76.8994377180934, 43.183050490915775], [76.89943637698889, 43.18305518478155], [76.89943503588438, 43.183055855333805], [76.89943436533213, 43.18305987864733], [76.89943101257086, 43.183066584169865], [76.89943101257086, 43.18306926637888], [76.89942833036184, 43.1830732896924], [76.89942833036184, 43.18307530134916], [76.89942698925734, 43.18307597190142], [76.89942698925734, 43.183079324662685], [76.89942497760057, 43.18308066576719], [76.89942363649607, 43.18308334797621], [76.89942363649607, 43.18308938294649], [76.8994216248393, 43.183090724051], [76.89942363649607, 43.18310480564833], [76.89942296594381, 43.18311084061861], [76.8994216248393, 43.18311285227537], [76.8994216248393, 43.183115534484386], [76.8994202837348, 43.183116875588894], [76.8994202837348, 43.18311955779791], [76.89941558986902, 43.18312492221594], [76.89941357821226, 43.18312492221594], [76.89941223710775, 43.183126263320446], [76.8994028493762, 43.1831269338727]]]}, "properties": {"id": 607, "class": "road", "confidence": 100.0, "source": "Almaty_5", "source_model": "unet-roads", "centroid_wkt": "POINT (76.89939889162811 43.183068078462945)", "bbox": [76.89932104200125, 43.183032386004925, 76.89944375306368, 43.1831269338727], "pixel_bbox": [6053, 2163, 6236, 2304], "area_m2": 46.307}}, {"type": "Feature", "geometry": {"type": "Polygon", "coordinates": [[[76.90100345760584, 43.18305518478155], [76.90099943429232, 43.183053843677044], [76.90098937600851, 43.183053843677044], [76.9009793177247, 43.18305116146803], [76.90097864717245, 43.18304982036352], [76.90097261220217, 43.18304713815451], [76.90096992999315, 43.18304445594549], [76.90096858888865, 43.18304110318422], [76.9009692594409, 43.1830370798707], [76.90096657723188, 43.18303372710943], [76.90097261220217, 43.183032386004925], [76.90106514841318, 43.183032386004925], [76.9010678306222, 43.18303372710943], [76.90106716006994, 43.18304177373648], [76.90106581896544, 43.18304244428873], [76.90106581896544, 43.18304445594549], [76.90106313675642, 43.18304780870676], [76.90105576068163, 43.18305183202028], [76.90104637295008, 43.183053843677044], [76.90103363245726, 43.183053843677044], [76.90102692693472, 43.18305518478155], [76.90100345760584, 43.18305518478155]]]}, "properties": {"id": 608, "class": "road", "confidence": 100.0, "source": "Almaty_5", "source_model": "unet-roads", "centroid_wkt": "POINT (76.90101840387857 43.183042395298266)", "bbox": [76.90096657723188, 43.183032386004925, 76.9010678306222, 43.18305518478155], "pixel_bbox": [8507, 2270, 8658, 2304], "area_m2": 18.019}}, {"type": "Feature", "geometry": {"type": "Polygon", "coordinates": [[[76.90015856176615, 43.183032386004925], [76.90014716237783, 43.18303171545267], [76.90014313906431, 43.183030374348164], [76.90014582127333, 43.183029033243656], [76.90014448016882, 43.1830283626914], [76.90014448016882, 43.18302635103464], [76.9001491740346, 43.183021657168865], [76.90016124397516, 43.18302232772112], [76.90016862004995, 43.18302635103464], [76.90016996115446, 43.183029033243656], [76.90017197281122, 43.183029033243656], [76.90017197281122, 43.18303104490042], [76.90015856176615, 43.183032386004925]]]}, "properties": {"id": 609, "class": "road", "confidence": 100.0, "source": "Almaty_5", "source_model": "unet-roads", "centroid_wkt": "POINT (76.90015716841671 43.18302715288066)", "bbox": [76.90014313906431, 43.183021657168865, 76.90017197281122, 43.183032386004925], "pixel_bbox": [7279, 2304, 7322, 2320], "area_m2": 1.998}}, {"type": "Feature", "geometry": {"type": "Polygon", "coordinates": [[[76.90066751092672, 43.18306256085634], [76.90066281706095, 43.18305987864733], [76.90066080540419, 43.1830545142293], [76.90065812319517, 43.18305116146803], [76.90065812319517, 43.18303842097521], [76.90066013485193, 43.18303305655718], [76.90065409988165, 43.183032386004925], [76.90065544098616, 43.18303104490042], [76.90065544098616, 43.1830283626914], [76.90065745264292, 43.183023668825626], [76.90066013485193, 43.18302031606436], [76.90066147595644, 43.18302031606436], [76.90066147595644, 43.18301897495985], [76.90066281706095, 43.18301897495985], [76.90066281706095, 43.18301763385534], [76.90066885203123, 43.18301495164633], [76.90066952258348, 43.18301361054182], [76.90067153424025, 43.18301361054182], [76.90067689865828, 43.18301025778055], [76.90067958086729, 43.18301025778055], [76.9006822630763, 43.18300824612379], [76.90068628638983, 43.18300824612379], [76.90069567412138, 43.183005563914776], [76.90071914345026, 43.18300690501928], [76.90072182565928, 43.18300489336252], [76.90072517842054, 43.18300422281027], [76.9007271900773, 43.18300221115351], [76.90073389559984, 43.18300154060125], [76.90073858946562, 43.18299952894449], [76.90074395388365, 43.18299952894449], [76.90074395388365, 43.183000870049], [76.90075065940619, 43.18300221115351], [76.90075132995844, 43.18299952894449], [76.9007533416152, 43.18299952894449], [76.9007533416152, 43.182998187839985], [76.90075535327196, 43.18299751728773], [76.90075535327196, 43.1830183044076], [76.90075267106295, 43.1830183044076], [76.90075200051069, 43.183019645512104], [76.90074797719717, 43.18301897495985], [76.90074797719717, 43.18302031606436], [76.90073926001787, 43.183019645512104], [76.90073188394308, 43.18301763385534], [76.90072853118181, 43.1830183044076], [76.90072853118181, 43.183030374348164], [76.90072651952505, 43.183032386004925], [76.90068494528532, 43.183032386004925], [76.90068360418081, 43.18303506821394], [76.90068360418081, 43.18303842097521], [76.9006822630763, 43.18303909152746], [76.9006822630763, 43.18304177373648], [76.9006809219718, 43.183043114840984], [76.9006809219718, 43.18304982036352], [76.90067958086729, 43.18305183202028], [76.90067958086729, 43.1830545142293], [76.900673545897, 43.183061219751835], [76.90067086368799, 43.18306256085634], [76.90066751092672, 43.18306256085634]]]}, "properties": {"id": 610, "class": "road", "confidence": 100.0, "source": "Almaty_5", "source_model": "unet-roads", "centroid_wkt": "POINT (76.90069905193887 43.18302370230624)", "bbox": [76.90065409988165, 43.18299751728773, 76.90075535327196, 43.18306256085634], "pixel_bbox": [8041, 2259, 8192, 2356], "area_m2": 25.106}}, {"type": "Feature", "geometry": {"type": "Polygon", "coordinates": [[[76.89782369881868, 43.18302769213915], [76.89781900495291, 43.183027021586895], [76.89781565219164, 43.18302433937788], [76.89781498163939, 43.18301897495985], [76.89781364053488, 43.18301897495985], [76.89781095832586, 43.183016292750835], [76.89781028777361, 43.18300623446703], [76.89781229943037, 43.18300422281027], [76.89781296998262, 43.18299952894449], [76.89781498163939, 43.182998187839985], [76.89781498163939, 43.182996176183224], [76.89781699329615, 43.18299550563097], [76.8978176638484, 43.18299349397421], [76.89782235771418, 43.18299349397421], [76.89782503992319, 43.182994835078716], [76.89782906323671, 43.18299952894449], [76.89783107489347, 43.183005563914776], [76.89783107489347, 43.183010928332806], [76.89783241599798, 43.18301159888506], [76.89783375710249, 43.18301763385534], [76.89783308655024, 43.18302098661661], [76.89782906323671, 43.183025009930134], [76.89782571047544, 43.18302568048239], [76.89782369881868, 43.18302769213915]]]}, "properties": {"id": 611, "class": "road", "confidence": 100.0, "source": "Almaty_5", "source_model": "unet-roads", "centroid_wkt": "POINT (76.89782218508375 43.183010554256434)", "bbox": [76.89781028777361, 43.18299349397421, 76.89783375710249, 43.18302769213915], "pixel_bbox": [3800, 2311, 3835, 2362], "area_m2": 5.182}}, {"type": "Feature", "geometry": {"type": "Polygon", "coordinates": [[[76.89665023237467, 43.183000199496746], [76.89664352685213, 43.182998187839985], [76.89664084464312, 43.18299885839224], [76.89664084464312, 43.18299751728773], [76.89663950353861, 43.18299751728773], [76.89663749188185, 43.18299952894449], [76.89663615077734, 43.182998187839985], [76.8966368213296, 43.18297002464533], [76.89663749188185, 43.18297270685434], [76.89663883298635, 43.18297270685434], [76.89663883298635, 43.18297404795885], [76.89664285629988, 43.182976730167866], [76.89664285629988, 43.18297941237688], [76.89664486795664, 43.18297941237688], [76.89664486795664, 43.18297807127237], [76.89665224403143, 43.18297807127237], [76.89665626734495, 43.18297941237688], [76.89666029065847, 43.18298276513815], [76.89666163176298, 43.182987459003925], [76.89666297286749, 43.182987459003925], [76.896664313972, 43.18298947066069], [76.896664313972, 43.1829921528697], [76.89666163176298, 43.18299416452646], [76.89666297286749, 43.18299550563097], [76.89666297286749, 43.18299751728773], [76.89666163176298, 43.18299885839224], [76.89665760844946, 43.183000199496746], [76.89665023237467, 43.183000199496746]]]}, "properties": {"id": 612, "class": "road", "confidence": 100.0, "source": "Almaty_5", "source_model": "unet-roads", "centroid_wkt": "POINT (76.89664914738957 43.18298838768186)", "bbox": [76.89663615077734, 43.18297002464533, 76.896664313972, 43.183000199496746], "pixel_bbox": [2049, 2352, 2091, 2397], "area_m2": 4.977}}, {"type": "Feature", "geometry": {"type": "Polygon", "coordinates": [[[76.89752262085676, 43.182985447347164], [76.89751993864775, 43.1829834356904], [76.89751993864775, 43.18298142403364], [76.89751792699099, 43.182980082929134], [76.89751658588648, 43.18297740072012], [76.89751658588648, 43.18297270685434], [76.89751993864775, 43.18296667188406], [76.89752127975225, 43.18296667188406], [76.89752329140902, 43.1829646602273], [76.89752798527479, 43.182963989675045], [76.89753334969282, 43.18296801298857], [76.89753334969282, 43.18297740072012], [76.89752731472254, 43.18298477679491], [76.89752262085676, 43.182985447347164]]]}, "properties": {"id": 613, "class": "road", "confidence": 100.0, "source": "Almaty_5", "source_model": "unet-roads", "centroid_wkt": "POINT (76.89752553018236 43.18297412723278)", "bbox": [76.89751658588648, 43.182963989675045, 76.89753334969282, 43.182985447347164], "pixel_bbox": [3362, 2374, 3387, 2406], "area_m2": 2.459}}, {"type": "Feature", "geometry": {"type": "Polygon", "coordinates": [[[76.89738716930151, 43.1832080706954], [76.89737979322672, 43.18320404738188], [76.89736906439066, 43.18320404738188], [76.89736973494291, 43.18320270627737], [76.8973670527339, 43.183200024068356], [76.89735967665911, 43.183185271918774], [76.89735095947981, 43.18317722529173], [76.89735095947981, 43.18317588418722], [76.89734559506178, 43.18317051976919], [76.89734291285276, 43.18316984921694], [76.897340901196, 43.18316716700792], [76.89733687788248, 43.18316515535116], [76.89732950180769, 43.1831631436944], [76.89732547849417, 43.1831631436944], [76.89732413738966, 43.18316180258989], [76.89732279628515, 43.18316180258989], [76.8973221257329, 43.1831631436944], [76.8973221257329, 43.183160461485386], [76.89732011407614, 43.18315979093313], [76.89731609076262, 43.18316180258989], [76.89730804413557, 43.1831631436944], [76.897295974195, 43.18316716700792], [76.89728256314993, 43.18316850811243], [76.89727585762739, 43.183165825903416], [76.89727317541838, 43.18316113203764], [76.89727317541838, 43.18315576761961], [76.89727451652288, 43.183153085410595], [76.89728189259768, 43.18314503878355], [76.89728926867247, 43.18314168602228], [76.89729731529951, 43.18313967436552], [76.89731542021036, 43.18313900381327], [76.89732078462839, 43.18313766270876], [76.8973221257329, 43.18313632160425], [76.89732145518064, 43.183092065155506], [76.89732011407614, 43.183090724051], [76.89731743186712, 43.183090724051], [76.89731676131487, 43.18308938294649], [76.89731072634459, 43.183086700737476], [76.89731005579233, 43.18308535963297], [76.89728926867247, 43.18307999521494], [76.89728457480669, 43.183077313005924], [76.89728122204542, 43.183071948587894], [76.89728122204542, 43.18306725472212], [76.89728256314993, 43.183066584169865], [76.89728256314993, 43.18306524306536], [76.89728658646345, 43.18306189030409], [76.89728926867247, 43.18306189030409], [76.89729530364275, 43.1830545142293], [76.8972946330905, 43.183045126497746], [76.89729530364275, 43.18304043263197], [76.89729731529951, 43.18303640931845], [76.89729530364275, 43.18303640931845], [76.897295974195, 43.183034397661686], [76.8972946330905, 43.18303372710943], [76.89731407910585, 43.18303372710943], [76.89731206744909, 43.183034397661686], [76.89731206744909, 43.1830370798707], [76.89731407910585, 43.183037750422955], [76.89731474965811, 43.183039762079716], [76.89731743186712, 43.183039762079716], [76.89731877297163, 43.1830370798707], [76.89731944352388, 43.18303909152746], [76.89732145518064, 43.183039762079716], [76.8973221257329, 43.183032386004925], [76.89739253371954, 43.18303171545267], [76.897385828197, 43.18301361054182], [76.89738381654024, 43.18301226943731], [76.89738381654024, 43.183010928332806], [76.89737979322672, 43.18300623446703], [76.89737912267447, 43.183003552258015], [76.89737778156996, 43.18300288170576], [76.8973757699132, 43.182998187839985], [76.89737174659967, 43.18299349397421], [76.89736906439066, 43.182987459003925], [76.89736571162939, 43.18298477679491], [76.89736571162939, 43.1829834356904], [76.89736302942038, 43.18298075348139], [76.89736101776361, 43.18298075348139], [76.89735766500235, 43.18297807127237], [76.89735766500235, 43.182976730167866], [76.89735565334558, 43.18297538906336], [76.89735498279333, 43.18297270685434], [76.89735364168882, 43.18297203630209], [76.89735364168882, 43.18297069519758], [76.89735230058432, 43.18297002464533], [76.89735028892756, 43.18296533077955], [76.8973482772708, 43.182963989675045], [76.89734693616629, 43.18296130746603], [76.89734626561403, 43.182955943048], [76.89734492450953, 43.18295460194349], [76.89734559506178, 43.18294990807772], [76.897340901196, 43.1829472258687], [76.897340901196, 43.18294186145067], [76.89734358340502, 43.182937167584896], [76.89734559506178, 43.18293649703264], [76.89734559506178, 43.182935155928135], [76.89734760671854, 43.18293381482363], [76.89735095947981, 43.18293381482363], [76.89735297113657, 43.18293582648039], [76.8973583355546, 43.18293649703264], [76.89735967665911, 43.18293917924166], [76.89736101776361, 43.18293917924166], [76.89736168831587, 43.182940520346165], [76.89737174659967, 43.18294521421194], [76.89737509936094, 43.18294856697321], [76.89737509936094, 43.18294990807772], [76.89737912267447, 43.18295191973448], [76.89737912267447, 43.182953260838985], [76.89738046377897, 43.182953260838985], [76.89739052206278, 43.1829646602273], [76.89739588648081, 43.182967342436314], [76.89739722758532, 43.182969354093075], [76.89740996807814, 43.18297605961561], [76.89741265028715, 43.18297605961561], [76.89742606133223, 43.18298276513815], [76.89742807298899, 43.18298276513815], [76.89743142575026, 43.18298611789942], [76.89743343740702, 43.18298611789942], [76.89743813127279, 43.18299148231745], [76.89743880182505, 43.18300422281027], [76.89743679016829, 43.18300757557154], [76.89743611961603, 43.18301293998957], [76.89743410795927, 43.18301495164633], [76.89743410795927, 43.18301696330309], [76.89743276685476, 43.18301763385534], [76.89743142575026, 43.183021657168865], [76.89743008464575, 43.18302232772112], [76.89742740243673, 43.18302769213915], [76.89742337912321, 43.18303104490042], [76.89742472022772, 43.183032386004925], [76.89743209630251, 43.183032386004925], [76.89743276685476, 43.18303372710943], [76.897430755198, 43.183039762079716], [76.897430755198, 43.18304713815451], [76.8974294140935, 43.18304914981127], [76.89742807298899, 43.183057866990566], [76.8974294140935, 43.183073960244656], [76.89743142575026, 43.18307664245367], [76.89743276685476, 43.18308133631945], [76.89743611961603, 43.183084689080715], [76.89743679016829, 43.18308737128973], [76.89744349569082, 43.18309407681227], [76.89744349569082, 43.183095417916775], [76.89745154231787, 43.18310346454382], [76.89745288342237, 43.18310346454382], [76.8974582478404, 43.18310748785734], [76.89746025949717, 43.18310748785734], [76.89746964722872, 43.183116875588894], [76.89747098833323, 43.18311955779791], [76.89747098833323, 43.18312894552946], [76.89747031778097, 43.18313363939524], [76.89746897667646, 43.183135651052], [76.89746897667646, 43.18314168602228], [76.8974669650197, 43.1831443682313], [76.89746629446745, 43.18314906209707], [76.89746361225843, 43.183155097067356], [76.89746361225843, 43.183160461485386], [76.89746227115393, 43.18316716700792], [76.89746093004942, 43.183169178664684], [76.89746093004942, 43.18317588418722], [76.89745958894491, 43.18317789584398], [76.8974582478404, 43.18318460136652], [76.89745757728815, 43.183194659650326], [76.89745489507914, 43.18320203572512], [76.89745556563139, 43.18320404738188], [76.89740862697363, 43.18320404738188], [76.89739655703306, 43.1832080706954], [76.89738716930151, 43.1832080706954]]]}, "properties": {"id": 614, "class": "road", "confidence": 100.0, "source": "Almaty_5", "source_model": "unet-roads", "centroid_wkt": "POINT (76.8973827389663 43.18309576033511)", "bbox": [76.89727317541838, 43.18293381482363, 76.89747098833323, 43.1832080706954], "pixel_bbox": [2999, 2042, 3294, 2451], "area_m2": 253.934}}, {"type": "Feature", "geometry": {"type": "Polygon", "coordinates": [[[76.90016258507967, 43.18294454365969], [76.9001578912139, 43.18294186145067], [76.90015587955713, 43.18294186145067], [76.9001491740346, 43.18293649703264], [76.90014448016882, 43.18293448537588], [76.90013978630304, 43.18292710930109], [76.90014380961657, 43.18291570991278], [76.90014515072107, 43.18291570991278], [76.9001491740346, 43.182911686599255], [76.90015722066164, 43.182908333837986], [76.90016929060221, 43.182908333837986], [76.90017733722925, 43.182911016047], [76.9001853838563, 43.182917051017284], [76.9001867249608, 43.182917051017284], [76.9001867249608, 43.18291839212179], [76.90018806606531, 43.18291839212179], [76.90019007772207, 43.18292107433081], [76.90019141882658, 43.18292710930109], [76.90018873661757, 43.18293649703264], [76.90018739551306, 43.18293649703264], [76.90018404275179, 43.182940520346165], [76.90017867833376, 43.18294320255518], [76.90017264336348, 43.18294454365969], [76.90016258507967, 43.18294454365969]]]}, "properties": {"id": 615, "class": "road", "confidence": 100.0, "source": "Almaty_5", "source_model": "unet-roads", "centroid_wkt": "POINT (76.90016646376007 43.18292596415804)", "bbox": [76.90013978630304, 43.182908333837986, 76.90019141882658, 43.18294454365969], "pixel_bbox": [7274, 2435, 7351, 2489], "area_m2": 12.715}}, {"type": "Feature", "geometry": {"type": "Polygon", "coordinates": [[[76.89729195088148, 43.18288218230009], [76.8972872570157, 43.18288017064333], [76.89728189259768, 43.1828748062253], [76.89728189259768, 43.182866089046], [76.89728390425444, 43.18286340683699], [76.89728524535894, 43.18286340683699], [76.89728524535894, 43.18286206573248], [76.89729999750853, 43.18286206573248], [76.89730133861303, 43.18286273628473], [76.89730133861303, 43.18286407738924], [76.89730603247881, 43.182866089046], [76.89730603247881, 43.18286743015051], [76.89730804413557, 43.182868771255016], [76.89730804413557, 43.18287614732981], [76.89730536192656, 43.18287681788206], [76.89730402082205, 43.18287882953882], [76.89729865640402, 43.18288151174784], [76.89729195088148, 43.18288218230009]]]}, "properties": {"id": 616, "class": "road", "confidence": 100.0, "source": "Almaty_5", "source_model": "unet-roads", "centroid_wkt": "POINT (76.89729482737691 43.18287124473821)", "bbox": [76.89728189259768, 43.18286206573248, 76.89730804413557, 43.18288218230009], "pixel_bbox": [3012, 2528, 3051, 2558], "area_m2": 3.866}}, {"type": "Feature", "geometry": {"type": "Polygon", "coordinates": [[[76.89617615193129, 43.18314369767904], [76.89616676419973, 43.18314168602228], [76.8961513414979, 43.183135651052], [76.89614530652761, 43.18313028663397], [76.89614396542311, 43.18313028663397], [76.89614329487085, 43.18312827497721], [76.89614061266184, 43.1831269338727], [76.89614061266184, 43.18312559276819], [76.89613793045282, 43.18312492221594], [76.89613457769156, 43.183122240006924], [76.8961325660348, 43.183122240006924], [76.89613122493029, 43.18312022835016], [76.89612787216902, 43.18311955779791], [76.89612653106451, 43.18312022835016], [76.89612653106451, 43.18312156945467], [76.89612518996, 43.18312022835016], [76.8961238488555, 43.183124251663685], [76.89612116664648, 43.18312559276819], [76.89612049609423, 43.183092065155506], [76.89611915498972, 43.183090053498745], [76.89611580222845, 43.18309273570776], [76.89610373228788, 43.183092065155506], [76.89610172063112, 43.183090053498745], [76.89610172063112, 43.183086700737476], [76.89610306173563, 43.18308603018522], [76.89610507339239, 43.18307999521494], [76.89610708504915, 43.183079324662685], [76.8961077556014, 43.18307664245367], [76.89611312001944, 43.18307060748339], [76.89611446112394, 43.18307060748339], [76.8961164727807, 43.18306792527437], [76.89611915498972, 43.18306725472212], [76.89612049609423, 43.18306256085634], [76.89612049609423, 43.18305652588606], [76.89612586051226, 43.18305518478155], [76.89612653106451, 43.183053843677044], [76.89613524824381, 43.18304982036352], [76.89614597707987, 43.18304043263197], [76.89615603536367, 43.18303640931845], [76.89615603536367, 43.18303372710943], [76.89615737646818, 43.18303305655718], [76.8962512537837, 43.183032386004925], [76.89625594764948, 43.183030374348164], [76.89625594764948, 43.183029033243656], [76.89625930041075, 43.18302635103464], [76.89626198261976, 43.18302098661661], [76.89626533538103, 43.183008916676044], [76.89626466482878, 43.182998187839985], [76.89626131206751, 43.182990811765194], [76.89626131206751, 43.18298880010843], [76.896259970963, 43.182987459003925], [76.896259970963, 43.182985447347164], [76.89625795930624, 43.18298276513815], [76.89625527709723, 43.18297203630209], [76.89625594764948, 43.18296533077955], [76.89626064151525, 43.18295259028673], [76.89626265317202, 43.182951249182224], [76.89626466482878, 43.18294521421194], [76.89626667648554, 43.18294387310743], [76.89626801759005, 43.18293984979391], [76.8962700292468, 43.18293783813715], [76.89627204090357, 43.18291638046503], [76.89627204090357, 43.18290498107672], [76.89627673476934, 43.18289626389742], [76.89627807587385, 43.18289626389742], [76.89628008753061, 43.18289425224066], [76.89628411084414, 43.182893581688404], [76.89628478139639, 43.1828922405839], [76.89628880470991, 43.18289157003164], [76.89628947526217, 43.18289291113615], [76.89629081636667, 43.18289291113615], [76.89629215747118, 43.18289089947939], [76.89629282802343, 43.18286072462797], [76.89630556851625, 43.18286072462797], [76.89631763845682, 43.18286206573248], [76.89631629735231, 43.18286340683699], [76.89630959182978, 43.18286407738924], [76.89630825072527, 43.18286541849375], [76.89630959182978, 43.18286810070276], [76.89630959182978, 43.1828748062253], [76.89630623906851, 43.18287882953882], [76.896304897964, 43.18287882953882], [76.8963035568595, 43.1828835234046], [76.89630154520273, 43.182884864509106], [76.89630087465048, 43.18289157003164], [76.8963035568595, 43.18289693444967], [76.89631026238203, 43.182902969419956], [76.89631093293428, 43.18290565162897], [76.89631294459105, 43.18290699273348], [76.89631428569555, 43.18291772156954], [76.89631562680006, 43.1829197332263], [76.89631562680006, 43.18292375653982], [76.89631763845682, 43.182927779853344], [76.89631897956133, 43.18293649703264], [76.89632166177034, 43.18294186145067], [76.89632434397936, 43.18295527249575], [76.89632635563612, 43.18295728415251], [76.89632635563612, 43.18296130746603], [76.89632769674063, 43.18296264857054], [76.89632769674063, 43.18296533077955], [76.89632970839739, 43.182969354093075], [76.89632903784513, 43.18297740072012], [76.89633037894964, 43.182980082929134], [76.8963310495019, 43.182987459003925], [76.89632903784513, 43.18298947066069], [76.89632769674063, 43.182994835078716], [76.89632635563612, 43.18299550563097], [76.89632568508387, 43.183000870049], [76.89632099121809, 43.18300623446703], [76.89631965011358, 43.18300623446703], [76.89631696790457, 43.1830095872283], [76.89631294459105, 43.183010928332806], [76.89630959182978, 43.18301361054182], [76.89630758017302, 43.18301361054182], [76.89630556851625, 43.18301562219858], [76.89630288630724, 43.18301562219858], [76.89630087465048, 43.18301763385534], [76.8962961807847, 43.1830183044076], [76.89629215747118, 43.18302031606436], [76.89629215747118, 43.183108158409595], [76.89629081636667, 43.18310681730509], [76.89629081636667, 43.183093406260014], [76.89628947526217, 43.183093406260014], [76.89628947526217, 43.183095417916775], [76.8962874636054, 43.18309608846903], [76.89628679305315, 43.1830994412303], [76.89628545194864, 43.183100782334805], [76.89628545194864, 43.18310681730509], [76.8962787464261, 43.183118887245655], [76.89627405256033, 43.18312156945467], [76.89627271145582, 43.18312358111143], [76.89627137035131, 43.18312358111143], [76.8962686881423, 43.1831269338727], [76.89625930041075, 43.18313229829073], [76.89624588936567, 43.18313632160425], [76.89621303230524, 43.183142356574535], [76.89619828015566, 43.18314369767904], [76.89617615193129, 43.18314369767904]]]}, "properties": {"id": 617, "class": "road", "confidence": 100.0, "source": "Almaty_5", "source_model": "unet-roads", "centroid_wkt": "POINT (76.89623277469133 43.18304537294264)", "bbox": [76.89610172063112, 43.18286072462797, 76.8963310495019, 43.18314369767904], "pixel_bbox": [1252, 2138, 1594, 2560], "area_m2": 224.989}}, {"type": "Feature", "geometry": {"type": "Polygon", "coordinates": [[[76.90043684095144, 43.182884864509106], [76.90043147653341, 43.1828835234046], [76.90042544156313, 43.1828835234046], [76.90041873604059, 43.18288084119558], [76.90041270107031, 43.18288017064333], [76.90041203051805, 43.182861395180225], [76.90048176795244, 43.18286072462797], [76.90048713237047, 43.18286206573248], [76.90048579126596, 43.18286407738924], [76.90048176795244, 43.18286541849375], [76.90048176795244, 43.18286743015051], [76.9004837796092, 43.182868771255016], [76.90048310905695, 43.18287145346403], [76.90047908574343, 43.182875476777554], [76.90047439187765, 43.18287815898657], [76.9004663452506, 43.182879500091076], [76.9004650041461, 43.18288084119558], [76.90045963972807, 43.18288218230009], [76.90043684095144, 43.182884864509106]]]}, "properties": {"id": 618, "class": "road", "confidence": 100.0, "source": "Almaty_5", "source_model": "unet-roads", "centroid_wkt": "POINT (76.90044660930847 43.18287104769849)", "bbox": [76.90041203051805, 43.18286072462797, 76.90048713237047, 43.182884864509106], "pixel_bbox": [7680, 2524, 7792, 2560], "area_m2": 13.071}}, {"type": "Feature", "geometry": {"type": "Polygon", "coordinates": [[[76.89921107143164, 43.182919062674046], [76.89921040087938, 43.18291034549475], [76.89920838922262, 43.18290900439024], [76.89920838922262, 43.18290565162897], [76.89920704811811, 43.18291034549475], [76.89920503646135, 43.18290900439024], [76.89920503646135, 43.18291034549475], [76.89920369535685, 43.182911016047], [76.89920168370008, 43.182908333837986], [76.89919967204332, 43.18290766328573], [76.89919967204332, 43.182906322181225], [76.8991943076253, 43.18290498107672], [76.89919363707304, 43.1829022988677], [76.89918961375952, 43.182897605001926], [76.899185590446, 43.18288553506136], [76.89918089658022, 43.18288017064333], [76.89917754381895, 43.18287279456854], [76.89917754381895, 43.182866759598255], [76.89917888492346, 43.182866089046], [76.89918089658022, 43.182861395180225], [76.89938072115183, 43.18286072462797], [76.89938206225634, 43.18286273628473], [76.89938206225634, 43.182893581688404], [76.89938139170408, 43.18289157003164], [76.89937870949507, 43.182893581688404], [76.89937468618155, 43.18289291113615], [76.89937401562929, 43.18289425224066], [76.89936798065901, 43.18289693444967], [76.89935725182295, 43.182897605001926], [76.89935456961393, 43.18289961665869], [76.89934853464365, 43.18290028721094], [76.89934652298689, 43.1829022988677], [76.89934249967337, 43.182902969419956], [76.8993391469121, 43.18290498107672], [76.89932707697153, 43.18290699273348], [76.89931835979223, 43.18290565162897], [76.89931098371744, 43.18290162831545], [76.89930763095617, 43.182897605001926], [76.89929690212011, 43.1828922405839], [76.89929287880659, 43.18289157003164], [76.89928885549307, 43.18288888782263], [76.89928617328405, 43.18288888782263], [76.8992855027318, 43.18288754671812], [76.89927276223898, 43.18288687616587], [76.89927142113447, 43.182888217270374], [76.89926069229841, 43.18289157003164], [76.8992506340146, 43.18289693444967], [76.89923856407404, 43.18290028721094], [76.89923521131277, 43.182902969419956], [76.89923521131277, 43.182904310524464], [76.89923319965601, 43.182906322181225], [76.89922984689474, 43.18290766328573], [76.89922850579023, 43.18291034549475], [76.89922381192446, 43.18291302770376], [76.89922247081995, 43.18291503936052], [76.89921777695417, 43.18291772156954], [76.89921107143164, 43.182919062674046]], [[76.89920771867037, 43.182902969419956], [76.89920838922262, 43.18290363997221], [76.89920838922262, 43.182902969419956], [76.89920771867037, 43.182902969419956]]]}, "properties": {"id": 619, "class": "road", "confidence": 100.0, "source": "Almaty_5", "source_model": "unet-roads", "centroid_wkt": "POINT (76.899279062117 43.182880806072895)", "bbox": [76.89917754381895, 43.18286072462797, 76.89938206225634, 43.182919062674046], "pixel_bbox": [5839, 2473, 6144, 2560], "area_m2": 70.097}}, {"type": "Feature", "geometry": {"type": "Polygon", "coordinates": [[[76.89894285053015, 43.182877488434315], [76.89892675727606, 43.18287681788206], [76.89891602844, 43.1828748062253], [76.89891066402197, 43.18286944180727], [76.89891133457422, 43.182866089046], [76.89891334623098, 43.18286541849375], [76.89891133457422, 43.18286541849375], [76.89890865236521, 43.18286206573248], [76.89891669899225, 43.18286072462797], [76.89894620329142, 43.18286072462797], [76.89895760267973, 43.18286206573248], [76.89895827323198, 43.18286340683699], [76.89895357936621, 43.18286407738924], [76.89895357936621, 43.182866089046], [76.89895827323198, 43.18286743015051], [76.89895693212748, 43.18286944180727], [76.89895424991846, 43.18287078291178], [76.89895559102297, 43.18287346512079], [76.89895022660494, 43.18287614732981], [76.89894285053015, 43.182877488434315]]]}, "properties": {"id": 620, "class": "road", "confidence": 100.0, "source": "Almaty_5", "source_model": "unet-roads", "centroid_wkt": "POINT (76.89893416029633 43.18286812816857)", "bbox": [76.89890865236521, 43.18286072462797, 76.89895827323198, 43.182877488434315], "pixel_bbox": [5438, 2535, 5512, 2560], "area_m2": 6.106}}, {"type": "Feature", "geometry": {"type": "Polygon", "coordinates": [[[76.90013576298952, 43.18288419395685], [76.90012436360121, 43.182882852852345], [76.90011497586966, 43.18287882953882], [76.90010894089937, 43.18287346512079], [76.90010827034712, 43.18287078291178], [76.90010692924261, 43.182870112359524], [76.90010625869036, 43.18286407738924], [76.9001042470336, 43.18286206573248], [76.9001055881381, 43.18286072462797], [76.90016526728868, 43.18286072462797], [76.90017331391573, 43.18286206573248], [76.90017197281122, 43.18286407738924], [76.9001679494977, 43.18286541849375], [76.90016727894545, 43.18286743015051], [76.90016862004995, 43.182868771255016], [76.90016862004995, 43.18287145346403], [76.90016191452742, 43.18287815898657], [76.90015118569136, 43.18288218230009], [76.90013576298952, 43.18288419395685]]]}, "properties": {"id": 621, "class": "road", "confidence": 100.0, "source": "Almaty_5", "source_model": "unet-roads", "centroid_wkt": "POINT (76.90013812035758 43.182870436300185)", "bbox": [76.9001042470336, 43.18286072462797, 76.90017331391573, 43.18288419395685], "pixel_bbox": [7221, 2525, 7324, 2560], "area_m2": 11.091}}, {"type": "Feature", "geometry": {"type": "Polygon", "coordinates": [[[76.90122675150633, 43.182890228927135], [76.9011851772666, 43.18288620561361], [76.90116439014673, 43.18288084119558], [76.9011590257287, 43.18287815898657], [76.90115835517645, 43.18287681788206], [76.90115567296743, 43.18287614732981], [76.90115299075842, 43.18287346512079], [76.90115164965391, 43.182870112359524], [76.90115232020617, 43.182864747941494], [76.9011503085494, 43.18286206573248], [76.90115433186293, 43.18286072462797], [76.90131325274706, 43.18286072462797], [76.9013212993741, 43.18286206573248], [76.90131526440382, 43.18286743015051], [76.90131526440382, 43.182868771255016], [76.90131660550833, 43.18286944180727], [76.90131660550833, 43.18287279456854], [76.90130989998579, 43.182879500091076], [76.90130520612001, 43.18288084119558], [76.9013038650155, 43.18288218230009], [76.90130319446325, 43.182879500091076], [76.90130118280649, 43.182879500091076], [76.90129112452269, 43.18288419395685], [76.90127234905958, 43.18288955837488], [76.90126832574606, 43.182888217270374], [76.90125960856676, 43.182890228927135], [76.90122675150633, 43.182890228927135]]]}, "properties": {"id": 622, "class": "road", "confidence": 100.0, "source": "Almaty_5", "source_model": "unet-roads", "centroid_wkt": "POINT (76.90123509124649 43.18287331836387)", "bbox": [76.9011503085494, 43.18286072462797, 76.9013212993741, 43.182890228927135], "pixel_bbox": [8781, 2516, 9036, 2560], "area_m2": 37.375}}, {"type": "Feature", "geometry": {"type": "Polygon", "coordinates": [[[76.89784917980433, 43.18294387310743], [76.89784582704306, 43.182942532002926], [76.89783845096827, 43.182942532002926], [76.89783778041601, 43.18294119089842], [76.89783710986376, 43.18291772156954], [76.89783576875925, 43.182911686599255], [76.89783375710249, 43.18291235715151], [76.89783375710249, 43.182913698256016], [76.89783040434122, 43.182913698256016], [76.8978263810277, 43.182911686599255], [76.89782571047544, 43.18291034549475], [76.89782101660967, 43.18290900439024], [76.89781498163939, 43.182902969419956], [76.89781498163939, 43.18290162831545], [76.89780961722136, 43.18289693444967], [76.89780961722136, 43.182895593345165], [76.89780090004206, 43.182888217270374], [76.8977915123105, 43.18288553506136], [76.89777474850416, 43.18288419395685], [76.89775463193655, 43.18288687616587], [76.89773049205542, 43.18288687616587], [76.89769696444273, 43.1828835234046], [76.89769428223372, 43.18288218230009], [76.89768556505442, 43.18288151174784], [76.8976815417409, 43.18288017064333], [76.8976654484868, 43.18288218230009], [76.8976654484868, 43.18286072462797], [76.8980074301362, 43.18286072462797], [76.89800877124071, 43.18286206573248], [76.89800877124071, 43.18286072462797], [76.89820121973753, 43.18286005407572], [76.89825486391783, 43.18286072462797], [76.8982669338584, 43.18286206573248], [76.89826559275389, 43.18286340683699], [76.89826223999262, 43.18286407738924], [76.89826156944036, 43.18286541849375], [76.89826291054487, 43.182870112359524], [76.89826425164938, 43.182870112359524], [76.89826425164938, 43.182875476777554], [76.89826156944036, 43.182877488434315], [76.8982595577836, 43.182882852852345], [76.89825754612684, 43.18288419395685], [76.89825620502234, 43.182888217270374], [76.89825486391783, 43.18288888782263], [76.8982508406043, 43.182897605001926], [76.8982508406043, 43.18289961665869], [76.8982494994998, 43.18290028721094], [76.8982494994998, 43.182902969419956], [76.89824815839529, 43.18290363997221], [76.89824681729078, 43.182908333837986], [76.89824413508177, 43.182911016047], [76.89824413508177, 43.18291302770376], [76.89824279397726, 43.182913698256016], [76.898242123425, 43.18291638046503], [76.89823877066374, 43.1829197332263], [76.89823877066374, 43.18292107433081], [76.89823340624571, 43.18292643874884], [76.8982307240367, 43.18292710930109], [76.89823005348444, 43.1829284504056], [76.89822871237993, 43.1829284504056], [76.89822804182768, 43.182929791510105], [76.89822535961866, 43.18293046206236], [76.8982220068574, 43.182933144271374], [76.89820121973753, 43.1829385086894], [76.89819116145372, 43.18293783813715], [76.89818914979696, 43.18293649703264], [76.89818378537893, 43.18293649703264], [76.89818244427443, 43.1829385086894], [76.89818110316992, 43.18293783813715], [76.89818043261766, 43.182911686599255], [76.89817909151316, 43.18290900439024], [76.89817372709513, 43.18290498107672], [76.89815629273653, 43.18290162831545], [76.89815159887075, 43.182898946106434], [76.89814288169146, 43.18289693444967], [76.8981422111392, 43.182895593345165], [76.89813818782568, 43.182893581688404], [76.89813148230314, 43.1828922405839], [76.89813014119864, 43.18289089947939], [76.89812142401934, 43.18288888782263], [76.89811538904905, 43.18288620561361], [76.89811203628778, 43.18288620561361], [76.89811069518328, 43.182884864509106], [76.89809996634722, 43.18288218230009], [76.89809862524271, 43.18288084119558], [76.89806777983904, 43.18288017064333], [76.89805772155523, 43.1828835234046], [76.89805369824171, 43.18288754671812], [76.89805369824171, 43.18289157003164], [76.8980523571372, 43.18289157003164], [76.89805034548044, 43.182893581688404], [76.89804565161467, 43.18289425224066], [76.8980436399579, 43.18289291113615], [76.89803559333086, 43.1828922405839], [76.89801815897226, 43.182895593345165], [76.89801212400198, 43.182895593345165], [76.89801145344973, 43.18289425224066], [76.89801011234522, 43.18289492279291], [76.89801011234522, 43.182893581688404], [76.89800877124071, 43.182893581688404], [76.89800877124071, 43.182902969419956], [76.89800273627043, 43.182902969419956], [76.89800139516592, 43.182904310524464], [76.89799334853888, 43.18290565162897], [76.89797725528479, 43.18290565162897], [76.89796920865774, 43.182904310524464], [76.89796049147844, 43.182897605001926], [76.89795713871717, 43.182897605001926], [76.89795311540365, 43.182893581688404], [76.89795043319464, 43.182893581688404], [76.89794842153788, 43.1828922405839], [76.89792763441801, 43.1828922405839], [76.89792025834322, 43.182895593345165], [76.89791824668646, 43.18289827555418], [76.89791690558195, 43.18289827555418], [76.89791690558195, 43.18289961665869], [76.89791422337294, 43.1829022988677], [76.89791422337294, 43.182904310524464], [76.89791221171618, 43.18290565162897], [76.89791154116392, 43.18290900439024], [76.8979088589549, 43.182911686599255], [76.8979075178504, 43.182917051017284], [76.89790617674589, 43.18291772156954], [76.89790483564138, 43.18292308598757], [76.89790349453688, 43.18292375653982], [76.89790215343237, 43.18292710930109], [76.89789678901434, 43.182931803166866], [76.89789544790983, 43.182931803166866], [76.89788941293955, 43.18293783813715], [76.89788538962603, 43.18293984979391], [76.897880025208, 43.182940520346165], [76.89787868410349, 43.18294186145067], [76.89787734299898, 43.18294119089842], [76.89786192029715, 43.18294387310743], [76.89784917980433, 43.18294387310743]], [[76.89826022833586, 43.18286541849375], [76.89826089888811, 43.182866089046], [76.89826089888811, 43.18286541849375], [76.89826022833586, 43.18286541849375]]]}, "properties": {"id": 623, "class": "road", "confidence": 100.0, "source": "Almaty_5", "source_model": "unet-roads", "centroid_wkt": "POINT (76.89798588210134 43.182885891449416)", "bbox": [76.8976654484868, 43.18286005407572, 76.8982669338584, 43.18294387310743], "pixel_bbox": [3584, 2436, 4481, 2561], "area_m2": 223.71}}, {"type": "Feature", "geometry": {"type": "Polygon", "coordinates": [[[76.89852576702833, 43.18286072462797], [76.89852375537157, 43.182859383523464], [76.89852375537157, 43.18284060806036], [76.89852509647608, 43.18283926695585], [76.8985291197896, 43.18283926695585], [76.89853046089411, 43.182837925851345], [76.8985391780734, 43.182835914194584], [76.89854186028242, 43.18283390253782], [76.89854387193918, 43.18283390253782], [76.89855258911848, 43.1828298792243], [76.8985639885068, 43.18282853811979], [76.89857069402933, 43.18282585591078], [76.89857471734285, 43.18282585591078], [76.89858209341764, 43.18282250314951], [76.89858678728342, 43.18282250314951], [76.89859014004469, 43.182821162045], [76.89859684556723, 43.182821162045], [76.89860288053751, 43.18282317370176], [76.89860623329878, 43.18282585591078], [76.8986089155078, 43.18282652646303], [76.89860958606005, 43.18282786756754], [76.89861226826906, 43.18282853811979], [76.89861763268709, 43.18283390253782], [76.89862232655287, 43.18283658474684], [76.89862232655287, 43.182837925851345], [76.89862366765738, 43.182837925851345], [76.89862366765738, 43.18283926695585], [76.89862500876188, 43.18283926695585], [76.89862836152315, 43.182843290269375], [76.89863037317991, 43.182843290269375], [76.89863104373217, 43.18284463137388], [76.89863305538893, 43.18284463137388], [76.89863707870245, 43.18284798413515], [76.89863841980696, 43.18284798413515], [76.89864177256823, 43.18285536020994], [76.89864177256823, 43.1828573718667], [76.89863976091146, 43.1828573718667], [76.89863909035921, 43.18285871297121], [76.89863573759794, 43.18285871297121], [76.89863573759794, 43.18286005407572], [76.89863976091146, 43.18286072462797], [76.89852576702833, 43.18286072462797]]]}, "properties": {"id": 624, "class": "road", "confidence": 100.0, "source": "Almaty_5", "source_model": "unet-roads", "centroid_wkt": "POINT (76.89858104090078 43.182844659651245)", "bbox": [76.89852375537157, 43.182821162045, 76.89864177256823, 43.18286072462797], "pixel_bbox": [4864, 2560, 5040, 2619], "area_m2": 30.913}}, {"type": "Feature", "geometry": {"type": "Polygon", "coordinates": [[[76.90075602382421, 43.18287681788206], [76.90075602382421, 43.18287346512079], [76.90075468271971, 43.182874135673046], [76.90075468271971, 43.18287279456854], [76.9007533416152, 43.182872124016285], [76.90074060112238, 43.182872124016285], [76.90073926001787, 43.18287078291178], [76.90073389559984, 43.182870112359524], [76.90073322504759, 43.182868771255016], [76.90072383731604, 43.182866759598255], [76.90072249621153, 43.182864747941494], [76.90072048455477, 43.182864747941494], [76.90072048455477, 43.18286340683699], [76.90071914345026, 43.18286273628473], [76.90071981400251, 43.18286072462797], [76.90058570355177, 43.18286072462797], [76.90058369189501, 43.182859383523464], [76.90058369189501, 43.182848654687405], [76.90058436244726, 43.18284664303064], [76.90058637410402, 43.18284664303064], [76.9005910679698, 43.182843290269375], [76.90061923116446, 43.182835914194584], [76.90064270049334, 43.18282317370176], [76.90065007656813, 43.182821162045], [76.90066415816545, 43.18282049149275], [76.90069433301687, 43.18282652646303], [76.90072517842054, 43.182825185358524], [76.90073858946562, 43.182821162045], [76.90074730664492, 43.182821162045], [76.90074797719717, 43.18282250314951], [76.90075065940619, 43.18282250314951], [76.90075267106295, 43.18282049149275], [76.90075535327196, 43.182819820940495], [76.90075535327196, 43.18286206573248], [76.90075803548098, 43.18286072462797], [76.90077546983957, 43.18286206573248], [76.9007707759738, 43.18286541849375], [76.90076742321253, 43.18286541849375], [76.90076742321253, 43.182866759598255], [76.90076608210802, 43.18286743015051], [76.90076608210802, 43.18287279456854], [76.90076138824224, 43.18287346512079], [76.90075602382421, 43.18287681788206]]]}, "properties": {"id": 625, "class": "road", "confidence": 100.0, "source": "Almaty_5", "source_model": "unet-roads", "centroid_wkt": "POINT (76.90068406877691 43.18284492122476)", "bbox": [76.90058369189501, 43.182819820940495, 76.90077546983957, 43.18287681788206], "pixel_bbox": [7936, 2536, 8222, 2621], "area_m2": 55.463}}, {"type": "Feature", "geometry": {"type": "Polygon", "coordinates": [[[76.89813014119864, 43.182845301926136], [76.89812075346708, 43.182843290269375], [76.89811807125807, 43.182841278612614], [76.89811270684004, 43.182839937508106], [76.89810935407877, 43.18283658474684], [76.89810667186975, 43.182835914194584], [76.89810264855623, 43.18282920867205], [76.89810264855623, 43.18282250314951], [76.89810533076525, 43.182819820940495], [76.89810935407877, 43.18281847983599], [76.89812142401934, 43.18281713873148], [76.89812947064638, 43.18281915038824], [76.89813550561666, 43.18281915038824], [76.89813885837793, 43.18282049149275], [76.89814556390047, 43.18282049149275], [76.8981509283185, 43.18282317370176], [76.89815293997526, 43.18282317370176], [76.89815562218428, 43.182825185358524], [76.89815763384104, 43.182825185358524], [76.89816031605005, 43.18282853811979], [76.89816232770681, 43.18282920867205], [76.89816299825907, 43.182832561433315], [76.8981609866023, 43.18283323198557], [76.89816031605005, 43.18283524364233], [76.89815830439329, 43.18283524364233], [76.89815696328878, 43.182835914194584], [76.89815696328878, 43.18283725529909], [76.89815293997526, 43.1828385964036], [76.89815159887075, 43.18284060806036], [76.89814757555723, 43.182841278612614], [76.89814489334822, 43.182843290269375], [76.89814019948244, 43.18284463137388], [76.89813014119864, 43.182845301926136]]]}, "properties": {"id": 626, "class": "road", "confidence": 100.0, "source": "Almaty_5", "source_model": "unet-roads", "centroid_wkt": "POINT (76.89813113709752 43.182830477278806)", "bbox": [76.89810264855623, 43.18281713873148, 76.89816299825907, 43.182845301926136], "pixel_bbox": [4236, 2583, 4326, 2625], "area_m2": 10.925}}, {"type": "Feature", "geometry": {"type": "Polygon", "coordinates": [[[76.89773183315992, 43.18280775099993], [76.89770970493555, 43.182805739343166], [76.89770299941301, 43.18280439823866], [76.89769897609949, 43.1828023865819], [76.89769227057695, 43.18279433995485], [76.89769227057695, 43.182782270014286], [76.897700317204, 43.18277556449175], [76.8977090343833, 43.18277422338724], [76.89771104604006, 43.182772882282734], [76.89771976321936, 43.182772882282734], [76.89773116260767, 43.182776905596256], [76.89773451536894, 43.182776905596256], [76.89773853868246, 43.18277958780527], [76.89774122089148, 43.18277958780527], [76.89774591475725, 43.182782270014286], [76.89774993807077, 43.18278294056654], [76.89775463193655, 43.18278696388006], [76.89775597304106, 43.18278696388006], [76.89776066690683, 43.18279165774584], [76.89776200801134, 43.18279568105936], [76.89776200801134, 43.18280104547739], [76.89775865525007, 43.182805739343166], [76.89774993807077, 43.18280640989542], [76.89774591475725, 43.18280775099993], [76.89773183315992, 43.18280775099993]]]}, "properties": {"id": 627, "class": "road", "confidence": 100.0, "source": "Almaty_5", "source_model": "unet-roads", "centroid_wkt": "POINT (76.89772577178172 43.18279139762657)", "bbox": [76.89769227057695, 43.182772882282734, 76.89776200801134, 43.18280775099993], "pixel_bbox": [3624, 2639, 3728, 2691], "area_m2": 16.963}}, {"type": "Feature", "geometry": {"type": "Polygon", "coordinates": [[[76.90147954970598, 43.18279568105936], [76.90147686749697, 43.18279433995485], [76.90147552639246, 43.18279232829809], [76.90147418528795, 43.18279232829809], [76.90147083252668, 43.18278830498457], [76.90146949142218, 43.1827849522233], [76.90147016197443, 43.18277757614851], [76.90147552639246, 43.182772882282734], [76.90148089081049, 43.18277154117823], [76.90148290246725, 43.18276885896921], [76.90148893743753, 43.18276885896921], [76.90149363130331, 43.18277154117823], [76.90149631351233, 43.18277154117823], [76.90149765461683, 43.182772882282734], [76.90149832516909, 43.182776235044], [76.90150167793036, 43.18277958780527], [76.90150167793036, 43.1827849522233], [76.90149765461683, 43.18279232829809], [76.90149497240782, 43.182792998850346], [76.90149363130331, 43.18279501050711], [76.90149161964655, 43.18279568105936], [76.90147954970598, 43.18279568105936]]]}, "properties": {"id": 628, "class": "road", "confidence": 100.0, "source": "Almaty_5", "source_model": "unet-roads", "centroid_wkt": "POINT (76.90148603141067 43.1827824686714)", "bbox": [76.90146949142218, 43.18276885896921, 76.90150167793036, 43.18279568105936], "pixel_bbox": [9257, 2657, 9305, 2697], "area_m2": 6.043}}, {"type": "Feature", "geometry": {"type": "Polygon", "coordinates": [[[76.89871218055487, 43.182782270014286], [76.89870681613684, 43.18277958780527], [76.89870413392782, 43.182776235044], [76.89870279282331, 43.182776235044], [76.8987001106143, 43.182767517864704], [76.89870078116655, 43.18275611847639], [76.89870547503233, 43.18274136632681], [76.8987088277936, 43.18273801356554], [76.8987088277936, 43.18273667246103], [76.8987101688981, 43.18273667246103], [76.89871083945036, 43.18273399025202], [76.89871687442064, 43.18272661417723], [76.89872290939093, 43.18272393196821], [76.89873229712248, 43.18272393196821], [76.898736320436, 43.18272527307272], [76.89874034374952, 43.18272862583399], [76.89874034374952, 43.182729966938496], [76.89874302595854, 43.18273197859526], [76.89874302595854, 43.18273466080427], [76.89874436706305, 43.182735331356525], [76.8987450376153, 43.18275477737188], [76.89874168485403, 43.18276081234217], [76.89874034374952, 43.18276148289442], [76.89874034374952, 43.18276282399893], [76.89873900264502, 43.18276349455118], [76.89873766154051, 43.182767517864704], [76.89872693270445, 43.18277958780527], [76.89872290939093, 43.18278159946203], [76.89871218055487, 43.182782270014286]]]}, "properties": {"id": 629, "class": "road", "confidence": 100.0, "source": "Almaty_5", "source_model": "unet-roads", "centroid_wkt": "POINT (76.89872298451161 43.18275263991183)", "bbox": [76.8987001106143, 43.18272393196821, 76.8987450376153, 43.182782270014286], "pixel_bbox": [5127, 2677, 5194, 2764], "area_m2": 17.839}}, {"type": "Feature", "geometry": {"type": "Polygon", "coordinates": [[[76.89797189086676, 43.182709850370884], [76.89796786755323, 43.18270783871412], [76.89796652644873, 43.18270515650511], [76.89796853810549, 43.18270247429609], [76.89797189086676, 43.18270247429609], [76.89797390252352, 43.18269979208708], [76.89798530191183, 43.18269710987806], [76.8979899957776, 43.18269442766905], [76.89799334853888, 43.18269442766905], [76.89799938350916, 43.18269710987806], [76.89799938350916, 43.182699121534824], [76.8979973718524, 43.182701133191586], [76.89799536019564, 43.182701133191586], [76.8979886546731, 43.182704485952854], [76.89798194915056, 43.182704485952854], [76.89798060804605, 43.18270515650511], [76.89798060804605, 43.18270716816187], [76.89797189086676, 43.182709850370884]]]}, "properties": {"id": 630, "class": "road", "confidence": 100.0, "source": "Almaty_5", "source_model": "unet-roads", "centroid_wkt": "POINT (76.89798308841905 43.18270143013248)", "bbox": [76.89796652644873, 43.18269442766905, 76.89799938350916, 43.182709850370884], "pixel_bbox": [4033, 2785, 4082, 2808], "area_m2": 2.167}}, {"type": "Feature", "geometry": {"type": "Polygon", "coordinates": [[[76.89766611903906, 43.18270247429609], [76.89766611903906, 43.18269174546003], [76.89766880124807, 43.18268973380327], [76.8977190926671, 43.182690404355526], [76.89771238714457, 43.18269241601229], [76.89770702272654, 43.18269241601229], [76.89770635217428, 43.182693757116795], [76.89770098775625, 43.182693757116795], [76.89770232886076, 43.1826950982213], [76.89770098775625, 43.1826950982213], [76.89769897609949, 43.18269778043032], [76.89769495278597, 43.182699121534824], [76.89769025892019, 43.182699121534824], [76.89768690615892, 43.18269643932581], [76.89768422394991, 43.18269643932581], [76.89768355339766, 43.18269845098257], [76.89767751842737, 43.182699121534824], [76.89767684787512, 43.18270046263933], [76.8976728245616, 43.18270180374384], [76.89767014235258, 43.182701133191586], [76.89766880124807, 43.18270247429609], [76.89766611903906, 43.18270247429609]], [[76.89768422394991, 43.182693757116795], [76.89768489450216, 43.18269442766905], [76.89768489450216, 43.182693757116795], [76.89768422394991, 43.182693757116795]]]}, "properties": {"id": 631, "class": "road", "confidence": 100.0, "source": "Almaty_5", "source_model": "unet-roads", "centroid_wkt": "POINT (76.89768514588992 43.182694127889484)", "bbox": [76.89766611903906, 43.18268973380327, 76.8977190926671, 43.18270247429609], "pixel_bbox": [3585, 2796, 3664, 2815], "area_m2": 3.273}}, {"type": "Feature", "geometry": {"type": "Polygon", "coordinates": [[[76.89581271260977, 43.18278092890978], [76.89581003040075, 43.18277958780527], [76.89580466598272, 43.18277958780527], [76.89579259604216, 43.182776235044], [76.89578723162413, 43.18277221173048], [76.89578589051962, 43.18277221173048], [76.89578521996737, 43.18277087062597], [76.89578387886286, 43.18277087062597], [76.89577784389257, 43.18276349455118], [76.89577717334032, 43.18268906325102], [76.89591061323881, 43.18268906325102], [76.89591865986586, 43.18269107490778], [76.89591731876135, 43.18269241601229], [76.89591396600008, 43.18269241601229], [76.89591396600008, 43.18269643932581], [76.89591597765684, 43.18269643932581], [76.89591597765684, 43.18270180374384], [76.89591463655233, 43.18270247429609], [76.89591329544783, 43.182706497609615], [76.8959079310298, 43.18270850926638], [76.89590524882078, 43.18271052092314], [76.89590524882078, 43.182711862027645], [76.89589988440275, 43.182713873684406], [76.8958992138505, 43.182715214788914], [76.89589720219374, 43.182715214788914], [76.89589653164148, 43.18271655589342], [76.89589183777571, 43.18271789699793], [76.89588915556669, 43.18271990865469], [76.89588513225317, 43.18272057920694], [76.89588245004416, 43.182722590863705], [76.89586233347654, 43.18272594362497], [76.89586099237204, 43.18272728472948], [76.89585294574499, 43.18272862583399], [76.89584624022245, 43.182731308043], [76.89584154635668, 43.182731308043], [76.89583819359541, 43.18273734301329], [76.89583819359541, 43.18274203687906], [76.89583953469992, 43.18274471908808], [76.89584154635668, 43.182758800685406], [76.89584154635668, 43.18276684731245], [76.89584020525217, 43.18277087062597], [76.8958355113864, 43.18277556449175], [76.89583081752062, 43.182776905596256], [76.89583014696836, 43.182778246700764], [76.89581874758005, 43.18278092890978], [76.89581271260977, 43.18278092890978]]]}, "properties": {"id": 632, "class": "road", "confidence": 100.0, "source": "Almaty_5", "source_model": "unet-roads", "centroid_wkt": "POINT (76.89582912476925 43.182724356073216)", "bbox": [76.89577717334032, 43.18268906325102, 76.89591865986586, 43.18278092890978], "pixel_bbox": [768, 2679, 979, 2816], "area_m2": 71.446}}, {"type": "Feature", "geometry": {"type": "Polygon", "coordinates": [[[76.8969902023673, 43.18286072462797], [76.89699221402407, 43.182859383523464], [76.89698819071054, 43.182859383523464], [76.89698819071054, 43.1828573718667], [76.89698617905378, 43.1828573718667], [76.89698617905378, 43.182859383523464], [76.89698215574026, 43.18286005407572], [76.8969801440835, 43.18286005407572], [76.89697947353125, 43.18285804241896], [76.89697813242674, 43.18281579762697], [76.89697880297899, 43.18275008350611], [76.89697209745646, 43.18275075405836], [76.89695868641138, 43.18274673074484], [76.89695801585913, 43.18274538964033], [76.8969539925456, 43.182744048535824], [76.89694996923208, 43.1827400252223], [76.89694862812757, 43.1827400252223], [76.89694862812757, 43.182738684117794], [76.89694460481405, 43.182735331356525], [76.89694326370955, 43.182731308043], [76.89694192260504, 43.18273063749075], [76.89694125205278, 43.182709850370884], [76.89694326370955, 43.1827038154006], [76.89694326370955, 43.18269979208708], [76.89694728702307, 43.18268906325102], [76.89702842384577, 43.18268906325102], [76.89703177660704, 43.182690404355526], [76.89702909439802, 43.182693757116795], [76.89703110605478, 43.18269710987806], [76.89702976495028, 43.18270314484835], [76.897026412189, 43.182706497609615], [76.897026412189, 43.18270850926638], [76.89702104777098, 43.182717226445675], [76.89702104777098, 43.18271990865469], [76.89701836556196, 43.18272326141596], [76.89701836556196, 43.18272594362497], [76.8970150128007, 43.18273197859526], [76.8970150128007, 43.18273399025202], [76.89701300114393, 43.182735331356525], [76.89701166003942, 43.18273801356554], [76.89701098948717, 43.18274538964033], [76.89700897783041, 43.18275008350611], [76.89701233059168, 43.18276885896921], [76.8970150128007, 43.18277355283499], [76.89701836556196, 43.1827849522233], [76.89701970666647, 43.18278629332781], [76.89701970666647, 43.18279165774584], [76.89702104777098, 43.182792998850346], [76.89702104777098, 43.18281177431345], [76.89701970666647, 43.18281512707472], [76.89701836556196, 43.18282652646303], [76.89701568335295, 43.18283122032881], [76.89701568335295, 43.182834573090076], [76.89701434224844, 43.182835914194584], [76.89701300114393, 43.18284261971712], [76.89701031893492, 43.18284597247839], [76.89700897783041, 43.18285133689642], [76.89700495451689, 43.182856030762196], [76.89700160175562, 43.1828573718667], [76.89700160175562, 43.182859383523464], [76.89700026065111, 43.182859383523464], [76.89700160175562, 43.18286072462797], [76.8969902023673, 43.18286072462797]]]}, "properties": {"id": 633, "class": "road", "confidence": 100.0, "source": "Almaty_5", "source_model": "unet-roads", "centroid_wkt": "POINT (76.89699015637855 43.18275743598652)", "bbox": [76.89694125205278, 43.18268906325102, 76.89703177660704, 43.18286072462797], "pixel_bbox": [2504, 2560, 2639, 2816], "area_m2": 77.724}}, {"type": "Feature", "geometry": {"type": "Polygon", "coordinates": [[[76.89603801816702, 43.18271990865469], [76.89603131264448, 43.182717226445675], [76.8960252776742, 43.18271119147539], [76.89602058380842, 43.182701133191586], [76.89602058380842, 43.18269308656454], [76.89601857215166, 43.182690404355526], [76.89602326601744, 43.18268906325102], [76.89611915498972, 43.18268906325102], [76.89612049609423, 43.182690404355526], [76.89611982554197, 43.1827038154006], [76.89611446112394, 43.18270247429609], [76.89611379057169, 43.1827038154006], [76.89610708504915, 43.18270515650511], [76.89610037952662, 43.18270515650511], [76.89609300345182, 43.18270716816187], [76.8960876390338, 43.18270716816187], [76.89607691019773, 43.18271052092314], [76.89607355743647, 43.18271052092314], [76.89607087522745, 43.1827125325799], [76.89606618136168, 43.18271320313215], [76.89606484025717, 43.18271454423666], [76.89606215804815, 43.18271454423666], [76.89606014639139, 43.18271588534117], [76.8960514292121, 43.18271655589342], [76.89604472368956, 43.18271990865469], [76.89603801816702, 43.18271990865469]], [[76.89611379057169, 43.182695768773556], [76.89611580222845, 43.182695768773556], [76.89611580222845, 43.1826950982213], [76.89611446112394, 43.18269442766905], [76.89611379057169, 43.182695768773556]]]}, "properties": {"id": 634, "class": "road", "confidence": 100.0, "source": "Almaty_5", "source_model": "unet-roads", "centroid_wkt": "POINT (76.89606506020624 43.18270048182631)", "bbox": [76.89601857215166, 43.18268906325102, 76.89612049609423, 43.18271990865469], "pixel_bbox": [1128, 2770, 1280, 2816], "area_m2": 19.906}}, {"type": "Feature", "geometry": {"type": "Polygon", "coordinates": [[[76.89850229769945, 43.18270314484835], [76.89850028604269, 43.18269710987806], [76.8985016271472, 43.18269710987806], [76.89850095659494, 43.182695768773556], [76.8985029682517, 43.18269308656454], [76.89850497990847, 43.18269308656454], [76.89850363880396, 43.182690404355526], [76.89850699156523, 43.18268906325102], [76.89851436764002, 43.18268906325102], [76.89851503819227, 43.18269107490778], [76.89851369708776, 43.18269174546003], [76.89851369708776, 43.18269308656454], [76.89851503819227, 43.18269442766905], [76.89851503819227, 43.18269643932581], [76.898511685431, 43.182699121534824], [76.898511685431, 43.18270046263933], [76.89850967377424, 43.18270046263933], [76.89850632101297, 43.18270314484835], [76.89850229769945, 43.18270314484835]]]}, "properties": {"id": 635, "class": "road", "confidence": 100.0, "source": "Almaty_5", "source_model": "unet-roads", "centroid_wkt": "POINT (76.89850811463741 43.182695406414794)", "bbox": [76.89850028604269, 43.18268906325102, 76.89851503819227, 43.18270314484835], "pixel_bbox": [4829, 2795, 4851, 2816], "area_m2": 1.324}}, {"type": "Feature", "geometry": {"type": "Polygon", "coordinates": [[[76.89904879778624, 43.182753436267376], [76.89904678612947, 43.18275209516287], [76.89903941005468, 43.18275209516287], [76.89903873950243, 43.182715214788914], [76.89903739839792, 43.1827125325799], [76.89903270453215, 43.18271320313215], [76.89903136342764, 43.18271454423666], [76.8990246579051, 43.18271454423666], [76.89901996403933, 43.18271320313215], [76.89896162599325, 43.1827125325799], [76.89894821494818, 43.18271052092314], [76.8989435210824, 43.18270917981863], [76.89893681555986, 43.18270247429609], [76.8989334627986, 43.182701133191586], [76.89893212169409, 43.182693757116795], [76.89893279224634, 43.18269241601229], [76.89893145114183, 43.18269241601229], [76.89893011003733, 43.182690404355526], [76.89893681555986, 43.18268906325102], [76.89916748553514, 43.18268906325102], [76.8991694971919, 43.182690404355526], [76.89917284995317, 43.182690404355526], [76.89917217940092, 43.18269241601229], [76.89916882663965, 43.18269308656454], [76.89916882663965, 43.1826950982213], [76.89917083829641, 43.18269845098257], [76.8991681560874, 43.1827038154006], [76.89916010946035, 43.182711862027645], [76.89915675669909, 43.1827125325799], [76.89915608614683, 43.182713873684406], [76.89914736896753, 43.182715214788914], [76.89913999289274, 43.18271856755018], [76.89912389963865, 43.1827212497592], [76.89911920577288, 43.18272326141596], [76.89910311251879, 43.18272594362497], [76.89909841865301, 43.182727955281734], [76.89906891435385, 43.182733319699764], [76.89906757324934, 43.18273399025202], [76.8990682438016, 43.18273801356554], [76.89907092601061, 43.1827400252223], [76.89907293766737, 43.1827400252223], [76.89907293766737, 43.18274203687906], [76.89907494932413, 43.182744048535824], [76.89907360821962, 43.18274740129709], [76.89906489104033, 43.18275209516287], [76.89904879778624, 43.182753436267376]]]}, "properties": {"id": 636, "class": "road", "confidence": 100.0, "source": "Almaty_5", "source_model": "unet-roads", "centroid_wkt": "POINT (76.89905917500592 43.182707954358385)", "bbox": [76.89893011003733, 43.18268906325102, 76.89917284995317, 43.182753436267376], "pixel_bbox": [5470, 2720, 5832, 2816], "area_m2": 69.385}}, {"type": "Feature", "geometry": {"type": "Polygon", "coordinates": [[[76.90063666552305, 43.1827574595809], [76.90062593668699, 43.18275209516287], [76.90062191337347, 43.18274740129709], [76.90061990171671, 43.18274203687906], [76.90061990171671, 43.18273466080427], [76.90062325447798, 43.18272057920694], [76.90062258392572, 43.18270046263933], [76.90062325447798, 43.18269845098257], [76.90062459558249, 43.18269845098257], [76.90062593668699, 43.18269442766905], [76.90062526613474, 43.18269174546003], [76.90062325447798, 43.182690404355526], [76.90063398331404, 43.18268906325102], [76.90066482871771, 43.18268973380327], [76.90066616982222, 43.182690404355526], [76.9006634876132, 43.182693757116795], [76.90066482871771, 43.18269442766905], [76.90066482871771, 43.182699121534824], [76.9006634876132, 43.18270046263933], [76.9006621465087, 43.18270515650511], [76.90066080540419, 43.18270582705736], [76.90066080540419, 43.18270850926638], [76.90065879374743, 43.18271119147539], [76.90065745264292, 43.18271119147539], [76.90065745264292, 43.1827125325799], [76.90065611153841, 43.1827125325799], [76.90065544098616, 43.182713873684406], [76.90065409988165, 43.18271320313215], [76.9006547704339, 43.18271990865469], [76.90065812319517, 43.18272192031145], [76.90065812319517, 43.182724602520466], [76.90066013485193, 43.18272661417723], [76.90066147595644, 43.18273399025202], [76.90066147595644, 43.18273734301329], [76.90065946429968, 43.18273935467005], [76.90065879374743, 43.182744048535824], [76.90065678209066, 43.182746060192585], [76.90065678209066, 43.18274740129709], [76.90064940601587, 43.18275477737188], [76.90064672380686, 43.18275544792414], [76.9006447121501, 43.1827574595809], [76.90063666552305, 43.1827574595809]]]}, "properties": {"id": 637, "class": "road", "confidence": 100.0, "source": "Almaty_5", "source_model": "unet-roads", "centroid_wkt": "POINT (76.90064151461674 43.18272123061328)", "bbox": [76.90061990171671, 43.18268906325102, 76.90066616982222, 43.1827574595809], "pixel_bbox": [7990, 2714, 8059, 2816], "area_m2": 21.916}}, {"type": "Feature", "geometry": {"type": "Polygon", "coordinates": [[[76.90074127167463, 43.18278159946203], [76.90073724836111, 43.18277958780527], [76.90073389559984, 43.18277958780527], [76.9007258489728, 43.182776905596256], [76.9007171317935, 43.18277221173048], [76.9007171317935, 43.18277087062597], [76.90071579068899, 43.18277087062597], [76.90071579068899, 43.182769529521465], [76.90071310847998, 43.182767517864704], [76.90071310847998, 43.18276550620794], [76.90071176737547, 43.18276483565569], [76.90070774406195, 43.18275611847639], [76.90070774406195, 43.18274136632681], [76.90071109682322, 43.182733319699764], [76.90071914345026, 43.182701133191586], [76.90072115510702, 43.18269845098257], [76.90072383731604, 43.18269710987806], [76.90072450786829, 43.1826950982213], [76.90072450786829, 43.182693757116795], [76.90072182565928, 43.18269308656454], [76.90071981400251, 43.182690404355526], [76.90073054283857, 43.18268906325102], [76.90074060112238, 43.18268906325102], [76.90074261277914, 43.182690404355526], [76.90074730664492, 43.182690404355526], [76.9007446244359, 43.18269107490778], [76.9007446244359, 43.18269308656454], [76.90074127167463, 43.18269308656454], [76.90074060112238, 43.18269442766905], [76.90074261277914, 43.18269643932581], [76.90074730664492, 43.18269778043032], [76.90074797719717, 43.182699121534824], [76.90075065940619, 43.182699121534824], [76.90075535327196, 43.1826950982213], [76.90075535327196, 43.182780258357525], [76.90075267106295, 43.18278159946203], [76.90075132995844, 43.182780258357525], [76.90074931830168, 43.182780258357525], [76.90074797719717, 43.18278159946203], [76.90074127167463, 43.18278159946203]]]}, "properties": {"id": 638, "class": "road", "confidence": 100.0, "source": "Almaty_5", "source_model": "unet-roads", "centroid_wkt": "POINT (76.90073455629616 43.182736726825425)", "bbox": [76.90070774406195, 43.18268906325102, 76.90075535327196, 43.18278159946203], "pixel_bbox": [8121, 2678, 8192, 2816], "area_m2": 32.581}}, {"type": "Feature", "geometry": {"type": "Polygon", "coordinates": [[[76.89539428800344, 43.18268906325102], [76.89538959413767, 43.18268772214651], [76.89539026468992, 43.18268571048975], [76.89538825303316, 43.182685039937496], [76.89538691192865, 43.18268235772848], [76.89538691192865, 43.182675652205944], [76.89539026468992, 43.182666935026646], [76.89539562910795, 43.182661570608616], [76.89539562910795, 43.18266022950411], [76.895403675735, 43.182656206190586], [76.89540434628725, 43.18265486508608], [76.89540836960077, 43.18265352398157], [76.89541976898909, 43.182652182877064], [76.89543385058641, 43.18265285342932], [76.89543385058641, 43.18268906325102], [76.89539428800344, 43.18268906325102]]]}, "properties": {"id": 639, "class": "road", "confidence": 100.0, "source": "Almaty_5", "source_model": "unet-roads", "centroid_wkt": "POINT (76.89541295117708 43.182671763407576)", "bbox": [76.89538691192865, 43.182652182877064, 76.89543385058641, 43.18268906325102], "pixel_bbox": [186, 2816, 256, 2871], "area_m2": 13.682}}, {"type": "Feature", "geometry": {"type": "Polygon", "coordinates": [[[76.90145876258612, 43.18268235772848], [76.90145272761583, 43.182681016623974], [76.90145272761583, 43.182679675519466], [76.90145071595907, 43.182677663862705], [76.90145138651133, 43.182672299444675], [76.90145004540682, 43.18267095834017], [76.90144870430231, 43.18266425281763], [76.90145205706358, 43.18265754729509], [76.90145138651133, 43.18265486508608], [76.90145339816809, 43.18265285342932], [76.90145339816809, 43.18265151232481], [76.9014547392726, 43.18265151232481], [76.90145675092936, 43.18264950066805], [76.90145876258612, 43.18264950066805], [76.90146211534739, 43.182652182877064], [76.90146211534739, 43.18265486508608], [76.90146412700415, 43.18265754729509], [76.90146546810865, 43.18266358226538], [76.90146412700415, 43.182666935026646], [76.90146412700415, 43.18267364054918], [76.90146144479513, 43.18267699331045], [76.90146144479513, 43.18268034607172], [76.90145876258612, 43.18268235772848]]]}, "properties": {"id": 640, "class": "road", "confidence": 100.0, "source": "Almaty_5", "source_model": "unet-roads", "centroid_wkt": "POINT (76.90145754106017 43.18266569108379)", "bbox": [76.90144870430231, 43.18264950066805, 76.90146546810865, 43.18268235772848], "pixel_bbox": [9226, 2826, 9251, 2875], "area_m2": 3.482}}, {"type": "Feature", "geometry": {"type": "Polygon", "coordinates": [[[76.89746025949717, 43.182929791510105], [76.89745422452688, 43.182927779853344], [76.89744349569082, 43.182919062674046], [76.89743611961603, 43.182904310524464], [76.89743477851152, 43.18290363997221], [76.89743142575026, 43.182895593345165], [76.89742740243673, 43.18289089947939], [76.89742002636194, 43.18288687616587], [76.89740661531687, 43.18288553506136], [76.89739588648081, 43.18288754671812], [76.8973945453763, 43.18288888782263], [76.89738046377897, 43.1828922405839], [76.89737375825644, 43.182895593345165], [76.89737174659967, 43.18289827555418], [76.8973670527339, 43.18290028721094], [76.89736638218164, 43.18290162831545], [76.89735699445009, 43.18290363997221], [76.89735431224108, 43.182902969419956], [76.89735095947981, 43.18290028721094], [76.89734760671854, 43.18290028721094], [76.89734559506178, 43.18289827555418], [76.89734425395727, 43.18289827555418], [76.89734023064375, 43.18289425224066], [76.89733821898699, 43.18288888782263], [76.89733486622572, 43.18288553506136], [76.89733486622572, 43.1828835234046], [76.89733754843473, 43.18288218230009], [76.89733754843473, 43.18288084119558], [76.89734023064375, 43.18287882953882], [76.89734358340502, 43.18286072462797], [76.89743611961603, 43.18286005407572], [76.89743544906378, 43.18284463137388], [76.89743209630251, 43.182832561433315], [76.89743276685476, 43.18281512707472], [76.89743477851152, 43.18280775099993], [76.89743813127279, 43.182801716029644], [76.8974394723773, 43.18280104547739], [76.89744081348181, 43.18279702216387], [76.89744215458632, 43.182796351611614], [76.89744751900434, 43.18278428167105], [76.89745020121336, 43.18276148289442], [76.89745355397463, 43.18275209516287], [76.89745422452688, 43.18274673074484], [76.89745623618364, 43.182742707431316], [76.89745623618364, 43.1827400252223], [76.89745891839266, 43.18273466080427], [76.89746093004942, 43.18271588534117], [76.89745556563139, 43.182709850370884], [76.89745288342237, 43.182709850370884], [76.89745221287012, 43.18270850926638], [76.89744483679533, 43.182706497609615], [76.89744349569082, 43.18270515650511], [76.89743679016829, 43.18270515650511], [76.89743343740702, 43.18270783871412], [76.89742270857096, 43.182709850370884], [76.89742002636194, 43.182711862027645], [76.89741466194391, 43.182711862027645], [76.89740795642138, 43.182709850370884], [76.89740259200335, 43.182704485952854], [76.89740259200335, 43.18270314484835], [76.89739990979433, 43.182701133191586], [76.89739923924208, 43.18269845098257], [76.89739521592855, 43.182693757116795], [76.8973945453763, 43.18268906325102], [76.89739655703306, 43.18268906325102], [76.89739789813757, 43.18268772214651], [76.89739521592855, 43.182685039937496], [76.89739521592855, 43.182683028280735], [76.89739253371954, 43.18267900496721], [76.89739253371954, 43.182664923369884], [76.89739521592855, 43.18266022950411], [76.89739655703306, 43.182652182877064], [76.89739990979433, 43.18264815956354], [76.89740192145109, 43.18264815956354], [76.89740594476461, 43.182652182877064], [76.89740728586912, 43.182652182877064], [76.89740728586912, 43.18265352398157], [76.89740996807814, 43.182654194533825], [76.89741130918264, 43.182656206190586], [76.89741667360067, 43.1826588883996], [76.8974220380187, 43.182664923369884], [76.89742740243673, 43.1826763227582], [76.89742740243673, 43.18268369883299], [76.89742606133223, 43.182685039937496], [76.89742606133223, 43.18268772214651], [76.89742740243673, 43.18268906325102], [76.89749244600534, 43.18268906325102], [76.89749378710985, 43.182690404355526], [76.89749378710985, 43.18284463137388], [76.8974931165576, 43.18285133689642], [76.89749177545309, 43.18285133689642], [76.89749110490084, 43.182845301926136], [76.89749110490084, 43.182854019105434], [76.89748976379633, 43.18285871297121], [76.89749043434858, 43.18286072462797], [76.89749378710985, 43.18286072462797], [76.89749378710985, 43.18292174488306], [76.89749110490084, 43.18292375653982], [76.89748976379633, 43.18292174488306], [76.89748775213957, 43.18292174488306], [76.8974843993783, 43.182924427092075], [76.89747836440802, 43.18292375653982], [76.89747836440802, 43.18292509764433], [76.8974743410945, 43.18292643874884], [76.89747165888548, 43.182929791510105], [76.89746025949717, 43.182929791510105]]]}, "properties": {"id": 641, "class": "road", "confidence": 100.0, "source": "Almaty_5", "source_model": "unet-roads", "centroid_wkt": "POINT (76.89744640832407 43.182812185000024)", "bbox": [76.89733486622572, 43.18264815956354, 76.89749378710985, 43.182929791510105], "pixel_bbox": [3091, 2457, 3328, 2877], "area_m2": 154.36}}, {"type": "Feature", "geometry": {"type": "Polygon", "coordinates": [[[76.89560484141111, 43.18268906325102], [76.89546938985586, 43.182688392698765], [76.89546938985586, 43.182686381042004], [76.89546804875135, 43.182686381042004], [76.89546804875135, 43.18268034607172], [76.89546938985586, 43.18267900496721], [76.89547073096037, 43.18267364054918], [76.89547810703516, 43.18266425281763], [76.89547944813967, 43.18266425281763], [76.89548145979643, 43.182661570608616], [76.89548414200544, 43.18266090005636], [76.89548548310995, 43.1826588883996], [76.89548816531897, 43.18265754729509], [76.89549285918474, 43.182656206190586], [76.89550090581179, 43.18265687674284], [76.89550761133432, 43.18266022950411], [76.89550828188658, 43.182661570608616], [76.89551029354334, 43.182661570608616], [76.89551096409559, 43.18266291171312], [76.89551699906588, 43.182664923369884], [76.89551766961813, 43.18266626447439], [76.89552035182714, 43.18266626447439], [76.89552169293165, 43.1826676055789], [76.89552906900644, 43.18266961723566], [76.89554248005152, 43.18266961723566], [76.89554516226053, 43.18266827613115], [76.8955485150218, 43.18266827613115], [76.89555320888758, 43.18266626447439], [76.89555589109659, 43.18266626447439], [76.89555924385786, 43.18266425281763], [76.89556192606688, 43.18266425281763], [76.89558606594801, 43.182652182877064], [76.89559143036604, 43.182650841772556], [76.8956035003066, 43.182650841772556], [76.89560417085886, 43.182648830115795], [76.89560282975435, 43.18264614790678], [76.89560081809759, 43.18264614790678], [76.89559813588858, 43.182643465697765], [76.89559679478407, 43.18263944238424], [76.89559880644083, 43.182636089622974], [76.89560148864985, 43.18263541907072], [76.8956021592021, 43.18263407796621], [76.89560484141111, 43.18263407796621], [76.89560551196337, 43.18262401968241], [76.89560685306787, 43.182622008025646], [76.89561288803816, 43.182619996368885], [76.89561758190393, 43.182622008025646], [76.89562160521746, 43.182627372443676], [76.89562361687422, 43.182627372443676], [76.89562495797873, 43.18263206630945], [76.89562428742647, 43.18264212459326], [76.89562026411295, 43.18264614790678], [76.89561825245619, 43.182646818459034], [76.89561422914267, 43.182646818459034], [76.8956108763814, 43.18264815956354], [76.89560752362013, 43.18264748901129], [76.89560752362013, 43.182648830115795], [76.89560618251562, 43.182648830115795], [76.89560551196337, 43.182646818459034], [76.89560551196337, 43.182654194533825], [76.89560685306787, 43.182652182877064], [76.89560752362013, 43.182654194533825], [76.89560953527689, 43.182654194533825], [76.89561020582914, 43.18265553563833], [76.89561288803816, 43.182656206190586], [76.89561288803816, 43.18265754729509], [76.89561422914267, 43.18265754729509], [76.89561691135168, 43.18266090005636], [76.89561758190393, 43.182664923369884], [76.89561557024717, 43.182666935026646], [76.8956108763814, 43.18266894668341], [76.89560953527689, 43.182670287787914], [76.89560953527689, 43.182672299444675], [76.89560752362013, 43.182672299444675], [76.89560752362013, 43.18267364054918], [76.89560551196337, 43.18266894668341], [76.89560484141111, 43.18268906325102]]]}, "properties": {"id": 642, "class": "road", "confidence": 100.0, "source": "Almaty_5", "source_model": "unet-roads", "centroid_wkt": "POINT (76.89555342510286 43.18266882214738)", "bbox": [76.89546804875135, 43.182619996368885, 76.89562495797873, 43.18268906325102], "pixel_bbox": [307, 2816, 541, 2919], "area_m2": 39.749}}, {"type": "Feature", "geometry": {"type": "Polygon", "coordinates": [[[76.89819317311049, 43.1828573718667], [76.89819116145372, 43.18285468965769], [76.89818847924471, 43.18285334855318], [76.8981857970357, 43.182854019105434], [76.89818512648344, 43.18285267800093], [76.89818244427443, 43.18285468965769], [76.89818110316992, 43.182854019105434], [76.89817976206541, 43.182835914194584], [76.89818110316992, 43.18280439823866], [76.89818378537893, 43.18280439823866], [76.89818512648344, 43.18280305713415], [76.89819384366274, 43.18280037492514], [76.89819652587175, 43.182798363268375], [76.89820658415556, 43.18279501050711], [76.89821865409613, 43.18278897553682], [76.89822267740965, 43.182785622775555], [76.89822267740965, 43.18277958780527], [76.8982220068574, 43.182776905596256], [76.89821999520063, 43.182774893939495], [76.89821530133486, 43.18277422338724], [76.89820792526007, 43.182774893939495], [76.8982059136033, 43.182776235044], [76.89819786697626, 43.18277757614851], [76.89818512648344, 43.18277757614851], [76.89818244427443, 43.18277958780527], [76.89818110316992, 43.182778246700764], [76.89818043261766, 43.18274337798357], [76.89817372709513, 43.18274136632681], [76.89817037433386, 43.18273801356554], [76.8981697037816, 43.18273264914751], [76.89816769212484, 43.182727955281734], [76.89816769212484, 43.18272393196821], [76.89816903322935, 43.18271655589342], [76.89817037433386, 43.18271588534117], [76.89817171543837, 43.1827125325799], [76.8981770798564, 43.18271052092314], [76.89818043261766, 43.18271052092314], [76.89818043261766, 43.18267296999693], [76.89818244427443, 43.18267095834017], [76.89818780869246, 43.18266894668341], [76.89819116145372, 43.18266894668341], [76.89819317311049, 43.1826676055789], [76.89820121973753, 43.18266894668341], [76.89823944121599, 43.18266827613115], [76.89825218170881, 43.18266425281763], [76.89826223999262, 43.1826588883996], [76.89827162772417, 43.18265687674284], [76.89828034490347, 43.182652182877064], [76.898287050426, 43.182650841772556], [76.89828906208277, 43.182648830115795], [76.89829308539629, 43.18264748901129], [76.89830381423235, 43.18264748901129], [76.89831051975489, 43.18264950066805], [76.89831387251616, 43.182652182877064], [76.89831990748644, 43.18265352398157], [76.89832057803869, 43.18265486508608], [76.89832929521799, 43.18265553563833], [76.89833533018827, 43.182652182877064], [76.89833801239729, 43.182652182877064], [76.89834203571081, 43.1826501712203], [76.89834337681532, 43.18264815956354], [76.89834337681532, 43.18264480680227], [76.89834538847208, 43.182643465697765], [76.89834538847208, 43.18264212459326], [76.89834740012884, 43.182641454041004], [76.89834874123335, 43.18263743072748], [76.89835142344236, 43.182638101279736], [76.89835142344236, 43.18263474851847], [76.89835209399462, 43.18266559392214], [76.89835343509912, 43.18266626447439], [76.89835611730814, 43.18265821784735], [76.89835745841265, 43.18265754729509], [76.89835745841265, 43.182656206190586], [76.89835879951715, 43.18265553563833], [76.89836215227842, 43.18264950066805], [76.89836885780096, 43.18262603133917], [76.89837623387575, 43.18261865526438], [76.89838897436857, 43.18261194974184], [76.89840372651815, 43.18261060863733], [76.89840573817492, 43.18261194974184], [76.89840909093618, 43.18261127918959], [76.89841713756323, 43.1826139613986], [76.8984204903245, 43.18261329084635], [76.89843457192183, 43.182617984712124], [76.89843524247408, 43.18261932581663], [76.89843725413084, 43.18261932581663], [76.89843859523535, 43.18262133747339], [76.89843993633986, 43.18262133747339], [76.89844463020563, 43.182625360786915], [76.89844328910112, 43.18263743072748], [76.89844060689211, 43.1826401129365], [76.89844060689211, 43.182641454041004], [76.89843591302633, 43.18264614790678], [76.89843457192183, 43.18264614790678], [76.89843457192183, 43.18264748901129], [76.8984305486083, 43.182648830115795], [76.8984292075038, 43.182650841772556], [76.89842317253351, 43.18265285342932], [76.89841981977224, 43.182656206190586], [76.8984131142497, 43.182659558951855], [76.89839970320463, 43.18267162889242], [76.89839702099562, 43.182672299444675], [76.89838897436857, 43.18268034607172], [76.89838897436857, 43.18268168717623], [76.89838763326406, 43.18268168717623], [76.89838293939829, 43.18268571048975], [76.89837623387575, 43.18268772214651], [76.89836751669645, 43.182688392698765], [76.89835477620363, 43.18268571048975], [76.89835410565138, 43.182683028280735], [76.89835276454687, 43.18268235772848], [76.89835209399462, 43.18268906325102], [76.89829912036657, 43.18268906325102], [76.8983031436801, 43.182690404355526], [76.89830180257559, 43.18269174546003], [76.89830180257559, 43.182695768773556], [76.8983031436801, 43.18269710987806], [76.89830381423235, 43.18270046263933], [76.89830381423235, 43.182729966938496], [76.89830247312784, 43.182744048535824], [76.89830180257559, 43.18274740129709], [76.89830046147108, 43.1827487424016], [76.89830046147108, 43.182751424610615], [76.89829912036657, 43.182751424610615], [76.89829912036657, 43.18275276571512], [76.8982957676053, 43.18275611847639], [76.8982944265008, 43.18276014178991], [76.89829241484404, 43.18276148289442], [76.89829174429178, 43.18276349455118], [76.8982857093215, 43.1827661767602], [76.89828436821699, 43.18276818841696], [76.89827833324671, 43.18277020007372], [76.89827162772417, 43.18277556449175], [76.8982682749629, 43.182776235044], [76.8982669338584, 43.182778246700764], [76.89826559275389, 43.182778246700764], [76.89826425164938, 43.18278092890978], [76.89825888723135, 43.182785622775555], [76.89825888723135, 43.18278696388006], [76.89825754612684, 43.18278696388006], [76.89825620502234, 43.18279165774584], [76.89825352281332, 43.1827936694026], [76.89825352281332, 43.18279501050711], [76.89825218170881, 43.18279501050711], [76.89824882894754, 43.1828023865819], [76.89824614673853, 43.18280439823866], [76.89824547618628, 43.182809092104435], [76.89824011176825, 43.18281847983599], [76.89823675900698, 43.182821832597256], [76.89823541790247, 43.182821832597256], [76.89823340624571, 43.18282384425402], [76.89823340624571, 43.182825185358524], [76.89822804182768, 43.18282786756754], [76.89822737127542, 43.1828298792243], [76.89822267740965, 43.18283189088106], [76.89821932464838, 43.182835914194584], [76.89821731299162, 43.18283658474684], [76.89821664243937, 43.1828385964036], [76.8982132896781, 43.182839937508106], [76.89820792526007, 43.182845301926136], [76.8982059136033, 43.182850666344166], [76.89820390194654, 43.18285133689642], [76.89819987863302, 43.18285670131445], [76.89819317311049, 43.1828573718667]]]}, "properties": {"id": 643, "class": "road", "confidence": 100.0, "source": "Almaty_5", "source_model": "unet-roads", "centroid_wkt": "POINT (76.89827285683587 43.182714715769436)", "bbox": [76.89816769212484, 43.18261060863733, 76.89844463020563, 43.1828573718667], "pixel_bbox": [4333, 2565, 4746, 2933], "area_m2": 215.211}}, {"type": "Feature", "geometry": {"type": "Polygon", "coordinates": [[[76.89623650163412, 43.18273801356554], [76.89623046666384, 43.182735331356525], [76.89622443169355, 43.18272929638624], [76.89622309058905, 43.18272929638624], [76.89621638506651, 43.182722590863705], [76.8962137028575, 43.182717226445675], [76.89621169120073, 43.18271655589342], [76.89621169120073, 43.182715214788914], [76.89621035009623, 43.182715214788914], [76.8962063267827, 43.18271119147539], [76.8962049856782, 43.18270716816187], [76.89620364457369, 43.18270716816187], [76.89620364457369, 43.18270582705736], [76.89620163291693, 43.18270515650511], [76.89620163291693, 43.1827038154006], [76.89620029181242, 43.1827038154006], [76.89619895070791, 43.182701133191586], [76.8961976096034, 43.182701133191586], [76.89619693905115, 43.1826950982213], [76.89619828015566, 43.182693757116795], [76.8961962684989, 43.18269174546003], [76.8961962684989, 43.182690404355526], [76.89620163291693, 43.18268906325102], [76.89621906727552, 43.182688392698765], [76.89621906727552, 43.18268571048975], [76.89622242003679, 43.182679675519466], [76.89622242003679, 43.18267699331045], [76.89622510224581, 43.182670287787914], [76.89623113721609, 43.18266358226538], [76.8962338194251, 43.182656206190586], [76.89623784273863, 43.18265352398157], [76.89624052494764, 43.182648830115795], [76.89624521881342, 43.18264614790678], [76.8962512537837, 43.18263944238424], [76.89625259488821, 43.18263944238424], [76.89625460654497, 43.18263676017523], [76.89625594764948, 43.18263676017523], [76.89626064151525, 43.18263206630945], [76.89626332372427, 43.1826313957572], [76.89626734703779, 43.182627372443676], [76.89627673476934, 43.1826226785779], [76.89628075808287, 43.182622008025646], [76.89628142863512, 43.18262066692114], [76.89628411084414, 43.182619996368885], [76.8962874636054, 43.18261597305536], [76.89629148691893, 43.18261530250311], [76.89629215747118, 43.18260859698057], [76.89629349857569, 43.18260792642832], [76.8962948396802, 43.18260859698057], [76.8963035568595, 43.182607255876064], [76.89631026238203, 43.18260859698057], [76.89632702618837, 43.18261731415987], [76.89633172005415, 43.182622008025646], [76.89633172005415, 43.182623349130154], [76.89633574336767, 43.18262804299593], [76.89633708447218, 43.18262804299593], [76.89633842557669, 43.18263005465269], [76.89634244889021, 43.18263206630945], [76.89634311944246, 43.18263407796621], [76.89634513109922, 43.18263474851847], [76.89634513109922, 43.182636089622974], [76.89635049551725, 43.182638101279736], [76.89635049551725, 43.18263944238424], [76.89635183662176, 43.18263944238424], [76.89635720103979, 43.18264547735453], [76.8963585421443, 43.18264547735453], [76.89636122435331, 43.18264815956354], [76.89636390656233, 43.18265352398157], [76.89636390656233, 43.18266425281763], [76.89636927098036, 43.18266559392214], [76.89638737589121, 43.182664923369884], [76.89639542251825, 43.18266827613115], [76.89639743417501, 43.18267095834017], [76.89639877527952, 43.18267095834017], [76.89639877527952, 43.182672299444675], [76.89640145748854, 43.18267498165369], [76.89640212804079, 43.182679675519466], [76.89640413969755, 43.182683028280735], [76.89640413969755, 43.18268906325102], [76.89646314829588, 43.18268906325102], [76.89646381884813, 43.18269643932581], [76.89646515995264, 43.18268973380327], [76.89646650105715, 43.182690404355526], [76.89646784216166, 43.18268906325102], [76.89659658819437, 43.18268906325102], [76.89660061150789, 43.182690404355526], [76.89659994095564, 43.18270046263933], [76.89659055322409, 43.18270850926638], [76.89657647162676, 43.18271320313215], [76.89655903726816, 43.18271588534117], [76.89654495567083, 43.18271588534117], [76.89651947468519, 43.18271320313215], [76.8965020403266, 43.18270783871412], [76.89648393541574, 43.18270515650511], [76.89647052437067, 43.18270582705736], [76.89646650105715, 43.18270716816187], [76.89646381884813, 43.182704485952854], [76.89646381884813, 43.182711862027645], [76.89646314829588, 43.18271052092314], [76.89646113663912, 43.18271052092314], [76.89645107835531, 43.182711862027645], [76.89644571393728, 43.182713873684406], [76.89644169062376, 43.182713873684406], [76.89643431454897, 43.182717226445675], [76.89642693847418, 43.18271856755018], [76.89642559736967, 43.18271990865469], [76.89641956239939, 43.18272057920694], [76.89641755074263, 43.18272192031145], [76.89640548080206, 43.182724602520466], [76.89638268202543, 43.182724602520466], [76.8963585421443, 43.182719238102436], [76.89632501453161, 43.18272057920694], [76.89629282802343, 43.182724602520466], [76.89629215747118, 43.18272929638624], [76.89629014581442, 43.18272862583399], [76.89628075808287, 43.182731308043], [76.89626600593328, 43.18273264914751], [76.89626198261976, 43.18273466080427], [76.89625795930624, 43.18273466080427], [76.89625259488821, 43.18273667246103], [76.89623650163412, 43.18273801356554]]]}, "properties": {"id": 644, "class": "road", "confidence": 100.0, "source": "Almaty_5", "source_model": "unet-roads", "centroid_wkt": "POINT (76.89634523722152 43.182685136481936)", "bbox": [76.8961962684989, 43.182607255876064, 76.89660061150789, 43.18273801356554], "pixel_bbox": [1393, 2743, 1996, 2938], "area_m2": 191.729}}, {"type": "Feature", "geometry": {"type": "Polygon", "coordinates": [[[76.89858812838793, 43.18271789699793], [76.89857136458158, 43.18271789699793], [76.89856734126806, 43.18271655589342], [76.8985639885068, 43.182713873684406], [76.89855795353651, 43.18271320313215], [76.89854320138693, 43.18270783871412], [76.89853716641665, 43.18270716816187], [76.89853247255087, 43.18270515650511], [76.89852643758059, 43.18270515650511], [76.89852375537157, 43.1827038154006], [76.89852375537157, 43.18268906325102], [76.89855460077524, 43.18268906325102], [76.898556612432, 43.18268772214651], [76.89855393022299, 43.182685039937496], [76.89855393022299, 43.18268235772848], [76.89855728298426, 43.18267162889242], [76.89856063574553, 43.18266827613115], [76.89856197685003, 43.18266090005636], [76.89856600016356, 43.182656206190586], [76.89856667071581, 43.182652182877064], [76.89857002347708, 43.18264950066805], [76.89857136458158, 43.18264480680227], [76.89857337623835, 43.18264279514551], [76.89857337623835, 43.18264078348875], [76.89857672899961, 43.18263407796621], [76.89857807010412, 43.18263340741396], [76.89857874065638, 43.18263005465269], [76.89858075231314, 43.18262871354818], [76.89858075231314, 43.182627372443676], [76.89858477562666, 43.182623349130154], [76.89858477562666, 43.182622008025646], [76.89858745783567, 43.182619996368885], [76.89858745783567, 43.18261865526438], [76.89859416335821, 43.182612620294094], [76.89859617501497, 43.18260859698057], [76.89860288053751, 43.18260323256254], [76.89861226826906, 43.18259987980127], [76.89861226826906, 43.18259786814451], [76.89861495047808, 43.18259719759226], [76.89861696213484, 43.1825951859355], [76.89861830323935, 43.18259585648775], [76.89861964434385, 43.182594515383244], [76.89862098544836, 43.1825951859355], [76.89862366765738, 43.18259384483099], [76.89862634986639, 43.1825951859355], [76.8986276909709, 43.18259719759226], [76.8986290320754, 43.18259719759226], [76.89862970262766, 43.18259987980127], [76.89863238483667, 43.18260122090578], [76.89863372594118, 43.18260323256254], [76.89864311367273, 43.18260457366705], [76.89864445477724, 43.18260323256254], [76.89864445477724, 43.18260122090578], [76.89864311367273, 43.18260122090578], [76.89864378422499, 43.18259987980127], [76.89865048974752, 43.18259987980127], [76.89865384250879, 43.182596527040005], [76.89865384250879, 43.1825951859355], [76.89865585416555, 43.182594515383244], [76.89865786582232, 43.18259183317423], [76.89865987747908, 43.18259183317423], [76.8986652418971, 43.182589150965214], [76.8986652418971, 43.182587809860706], [76.89867060631514, 43.18258512765169], [76.8986813351512, 43.18258244544268], [76.89868737012148, 43.18258445709944], [76.89868938177824, 43.18258713930845], [76.89869340509176, 43.18258713930845], [76.89869340509176, 43.182585798203945], [76.89869474619627, 43.182585798203945], [76.89869541674852, 43.18258445709944], [76.89869474619627, 43.18266894668341], [76.89869340509176, 43.1826676055789], [76.898691393435, 43.18266827613115], [76.898691393435, 43.182666935026646], [76.89868871122599, 43.18266626447439], [76.89867999404669, 43.18266559392214], [76.89867597073317, 43.182661570608616], [76.89866859465837, 43.18264748901129], [76.89866725355387, 43.18263877183199], [76.8986652418971, 43.18263743072748], [76.8986639007926, 43.18263474851847], [76.89865987747908, 43.18263340741396], [76.89865384250879, 43.18263407796621], [76.89864780753851, 43.18263743072748], [76.89863976091146, 43.1826401129365], [76.8986364081502, 43.1826401129365], [76.89863506704569, 43.182641454041004], [76.8986276909709, 43.182641454041004], [76.89862500876188, 43.18264279514551], [76.89862165600061, 43.18264279514551], [76.89861629158258, 43.18264547735453], [76.89861293882132, 43.18264547735453], [76.8986089155078, 43.18264748901129], [76.89859885722399, 43.18264950066805], [76.89859885722399, 43.182650841772556], [76.89858678728342, 43.182652182877064], [76.89858611673117, 43.182654194533825], [76.89858879894018, 43.18265553563833], [76.89859215170145, 43.18266022950411], [76.89859349280596, 43.18266022950411], [76.89859818667173, 43.18266425281763], [76.89861964434385, 43.18267162889242], [76.89861964434385, 43.18267296999693], [76.89862098544836, 43.18267296999693], [76.89862299710512, 43.1826763227582], [76.89862299710512, 43.18268571048975], [76.89862165600061, 43.18268571048975], [76.89862165600061, 43.18268705159426], [76.89861964434385, 43.18268705159426], [76.89861964434385, 43.182688392698765], [76.89863037317991, 43.18268973380327], [76.8986290320754, 43.18268973380327], [76.89862970262766, 43.18269107490778], [76.89862836152315, 43.18269107490778], [76.89862634986639, 43.18269308656454], [76.89862634986639, 43.18269442766905], [76.89862232655287, 43.18269778043032], [76.89862232655287, 43.182699121534824], [76.89861964434385, 43.18270180374384], [76.89861830323935, 43.18270180374384], [76.89861562103033, 43.18270515650511], [76.89861092716455, 43.182706497609615], [76.8986089155078, 43.182709850370884], [76.89860690385103, 43.182709850370884], [76.89860355108976, 43.1827125325799], [76.89859952777624, 43.182711862027645], [76.89859617501497, 43.182715214788914], [76.89858812838793, 43.18271789699793]]]}, "properties": {"id": 645, "class": "road", "confidence": 100.0, "source": "Almaty_5", "source_model": "unet-roads", "centroid_wkt": "POINT (76.89861813579068 43.18264974539371)", "bbox": [76.89852375537157, 43.18258244544268, 76.89869541674852, 43.18271789699793], "pixel_bbox": [4864, 2773, 5120, 2975], "area_m2": 89.861}}, {"type": "Feature", "geometry": {"type": "Polygon", "coordinates": [[[76.89739722758532, 43.18264078348875], [76.8973932042718, 43.18263877183199], [76.8973932042718, 43.18263743072748], [76.89739119261503, 43.18263676017523], [76.89739052206278, 43.18263474851847], [76.89738851040602, 43.18263407796621], [76.89738515764475, 43.182630725204945], [76.89738515764475, 43.18262938410044], [76.89738381654024, 43.18262938410044], [76.89738247543573, 43.18262670189142], [76.89738046377897, 43.182625360786915], [76.89737509936094, 43.1826139613986], [76.89737442880869, 43.18260658532381], [76.89737778156996, 43.18259384483099], [76.89738649874926, 43.182583786547184], [76.8973932042718, 43.182580433785915], [76.89740661531687, 43.18257976323366], [76.89741734415293, 43.18258311599493], [76.89742807298899, 43.182589150965214], [76.89742874354124, 43.182591162621975], [76.89743008464575, 43.182591162621975], [76.89743142575026, 43.18259384483099], [76.89743343740702, 43.182594515383244], [76.89743611961603, 43.18259920924902], [76.89743679016829, 43.18260792642832], [76.89743477851152, 43.182612620294094], [76.89743008464575, 43.182617984712124], [76.89742740243673, 43.18261865526438], [76.8974220380187, 43.18262401968241], [76.8974206969142, 43.18262401968241], [76.89741935580969, 43.18262603133917], [76.8974133208394, 43.18262938410044], [76.89741130918264, 43.18263206630945], [76.89740996807814, 43.18263206630945], [76.89740929752588, 43.18263407796621], [76.89740661531687, 43.18263474851847], [76.89740661531687, 43.182636089622974], [76.89740527421236, 43.182636089622974], [76.89740192145109, 43.1826401129365], [76.89739722758532, 43.18264078348875]]]}, "properties": {"id": 646, "class": "road", "confidence": 100.0, "source": "Almaty_5", "source_model": "unet-roads", "centroid_wkt": "POINT (76.8974041397946 43.18260712927351)", "bbox": [76.89737442880869, 43.18257976323366, 76.89743679016829, 43.18264078348875], "pixel_bbox": [3150, 2888, 3243, 2979], "area_m2": 23.758}}, {"type": "Feature", "geometry": {"type": "Polygon", "coordinates": [[[76.90006870776415, 43.182688392698765], [76.9000331684947, 43.182688392698765], [76.90003249794245, 43.182685039937496], [76.90003048628569, 43.182683028280735], [76.9000318273902, 43.182681016623974], [76.90003115683794, 43.1826763227582], [76.90003249794245, 43.182672299444675], [76.90004121512175, 43.18265754729509], [76.90004322677851, 43.182646818459034], [76.90004255622625, 43.18262603133917], [76.90003920346498, 43.18260859698057], [76.90003920346498, 43.18259786814451], [76.90003786236048, 43.1825951859355], [76.90003853291273, 43.18258713930845], [76.90003786236048, 43.182583786547184], [76.90003518015146, 43.182578422129154], [76.9000331684947, 43.18257708102465], [76.9000331684947, 43.18257573992014], [76.9000318273902, 43.18257573992014], [76.90002981573343, 43.182573057711124], [76.90002780407667, 43.182573057711124], [76.90002109855413, 43.18256501108408], [76.90001707524061, 43.18254690617323], [76.90001707524061, 43.18254288285971], [76.90002042800188, 43.182538859546185], [76.90002512186766, 43.18253751844168], [76.9000331684947, 43.18253818899393], [76.90003585070372, 43.182540871202946], [76.90004255622625, 43.182544223964214], [76.90004657953978, 43.18254891782999], [76.90004792064428, 43.18254891782999], [76.90004792064428, 43.1825502589345], [76.9000506028533, 43.182551600039005], [76.90005261451006, 43.182551600039005], [76.90005596727133, 43.18255361169577], [76.90006535500288, 43.18255428224802], [76.90006602555513, 43.18255562335253], [76.90006736665964, 43.18255562335253], [76.90006870776415, 43.18255294114351], [76.90006870776415, 43.182612620294094], [76.90007004886866, 43.18260457366705], [76.90007138997316, 43.18260591477156], [76.90007138997316, 43.182603903114796], [76.90007943660021, 43.182603903114796], [76.90009754151106, 43.182594515383244], [76.90011229366064, 43.182591162621975], [76.90013039857149, 43.18259049206972], [76.90014380961657, 43.18259183317423], [76.90014582127333, 43.182593174278736], [76.90015118569136, 43.18259384483099], [76.90015319734812, 43.1825951859355], [76.90016392618418, 43.18259786814451], [76.90016459673643, 43.18259920924902], [76.90017130225897, 43.18260122090578], [76.90017532557249, 43.1826052442193], [76.90017532557249, 43.182607255876064], [76.9001780077815, 43.18260993808508], [76.90017934888601, 43.1826139613986], [76.9001780077815, 43.18262133747339], [76.90017398446798, 43.18262938410044], [76.90017264336348, 43.18262938410044], [76.90017264336348, 43.182630725204945], [76.90016996115446, 43.18263206630945], [76.90016862004995, 43.18263407796621], [76.90016124397516, 43.18263743072748], [76.90013106912374, 43.18263944238424], [76.90012704581022, 43.18264078348875], [76.90012637525797, 43.18264212459326], [76.90012101083994, 43.182643465697765], [76.90011229366064, 43.18265151232481], [76.90011229366064, 43.18265285342932], [76.90011095255613, 43.18265285342932], [76.90010961145163, 43.18265821784735], [76.90010759979486, 43.18266090005636], [76.90010759979486, 43.18266358226538], [76.90011028200388, 43.18266894668341], [76.90011631697416, 43.18267431110144], [76.90012168139219, 43.1826763227582], [76.90012570470572, 43.18268034607172], [76.90013241022825, 43.182683028280735], [76.90013039857149, 43.182685039937496], [76.90013375133276, 43.18268571048975], [76.90013241022825, 43.182686381042004], [76.90013241022825, 43.18268772214651], [76.90012168139219, 43.18268906325102], [76.90010625869036, 43.18268906325102], [76.90009888261557, 43.18268772214651], [76.90009620040655, 43.18268235772848], [76.90009821206331, 43.18267431110144], [76.90009754151106, 43.1826676055789], [76.90009955316782, 43.18266626447439], [76.90009955316782, 43.18266224116087], [76.90009754151106, 43.182661570608616], [76.9000968709588, 43.182659558951855], [76.90009418874979, 43.18265821784735], [76.90009418874979, 43.18265687674284], [76.90009083598852, 43.18265352398157], [76.90008480101824, 43.1826501712203], [76.90007876604795, 43.18264413625002], [76.90007407218218, 43.18264480680227], [76.90007340162992, 43.18264279514551], [76.90007273107767, 43.182646818459034], [76.90007138997316, 43.18264748901129], [76.90007138997316, 43.18264279514551], [76.90007004886866, 43.18264279514551], [76.90006870776415, 43.18263407796621], [76.90006870776415, 43.182688392698765]]]}, "properties": {"id": 647, "class": "road", "confidence": 100.0, "source": "Almaty_5", "source_model": "unet-roads", "centroid_wkt": "POINT (76.90008800313176 43.182619516228236)", "bbox": [76.90001707524061, 43.18253751844168, 76.90017934888601, 43.18268906325102], "pixel_bbox": [7091, 2816, 7333, 3042], "area_m2": 95.981}}, {"type": "Feature", "geometry": {"type": "Polygon", "coordinates": [[[76.89600583165884, 43.1825328245759], [76.89600449055433, 43.182531483471394], [76.89599711447954, 43.18253215402365], [76.89599376171827, 43.182530142366886], [76.89598973840475, 43.18252947181463], [76.89598839730024, 43.18252746015787], [76.89598571509123, 43.182526119053364], [76.89598504453897, 43.18252343684435], [76.89598370343447, 43.18252343684435], [76.89598303288221, 43.18252142518759], [76.89597968012094, 43.18252142518759], [76.89597968012094, 43.18251941353083], [76.89597833901644, 43.18251874297857], [76.895990408957, 43.182517401874065], [76.89602259546518, 43.182517401874065], [76.89604002982378, 43.18251874297857], [76.89603935927153, 43.182520754635334], [76.896035335958, 43.182520754635334], [76.8960339948535, 43.18252209573984], [76.89603466540575, 43.18252343684435], [76.89603600651026, 43.18252343684435], [76.89603667706251, 43.18252678960562], [76.89602863043547, 43.182531483471394], [76.89602460712194, 43.1825328245759], [76.89601991325617, 43.1825328245759], [76.89601924270391, 43.182531483471394], [76.8960165604949, 43.182531483471394], [76.89601454883814, 43.1825328245759], [76.89600583165884, 43.1825328245759]]]}, "properties": {"id": 648, "class": "road", "confidence": 100.0, "source": "Almaty_5", "source_model": "unet-roads", "centroid_wkt": "POINT (76.89601063033568 43.1825239734616)", "bbox": [76.89597833901644, 43.182517401874065, 76.89604002982378, 43.1825328245759], "pixel_bbox": [1068, 3049, 1160, 3072], "area_m2": 6.467}}, {"type": "Feature", "geometry": {"type": "Polygon", "coordinates": [[[76.89939077943563, 43.182776235044], [76.8993854150176, 43.18277355283499], [76.89938340336084, 43.18277422338724], [76.89938206225634, 43.182772882282734], [76.89938139170408, 43.182767517864704], [76.89937334507704, 43.182767517864704], [76.89936127513647, 43.18276349455118], [76.89935859292746, 43.18276148289442], [76.89935456961393, 43.18276081234217], [76.8993492051959, 43.182756789028645], [76.89934451133013, 43.18274740129709], [76.89934451133013, 43.18274136632681], [76.89934719353914, 43.18273197859526], [76.8993492051959, 43.182729966938496], [76.89934987574816, 43.18272728472948], [76.89935389906168, 43.18272393196821], [76.89935389906168, 43.182722590863705], [76.89935591071844, 43.18272192031145], [76.8993579223752, 43.18271990865469], [76.8993579223752, 43.18271856755018], [76.89935926347971, 43.18271856755018], [76.89936060458422, 43.182715214788914], [76.89936999231577, 43.18270582705736], [76.89937401562929, 43.18270515650511], [76.8993753567338, 43.1827038154006], [76.89937870949507, 43.1827038154006], [76.89937870949507, 43.18270515650511], [76.89938072115183, 43.182704485952854], [76.89938206225634, 43.18269979208708], [76.89938206225634, 43.18268906325102], [76.89945448189974, 43.18268906325102], [76.89945314079523, 43.182685039937496], [76.89945448189974, 43.182654194533825], [76.8994564935565, 43.18264078348875], [76.89946051687002, 43.18262871354818], [76.89946252852678, 43.18261060863733], [76.89946588128805, 43.182601891458035], [76.89946588128805, 43.18259920924902], [76.89946722239256, 43.18259786814451], [76.89946789294481, 43.182593174278736], [76.89947057515383, 43.182587809860706], [76.8994752690196, 43.18258177489042], [76.89948130398989, 43.18257037550211], [76.89948868006468, 43.182562328875065], [76.89948935061693, 43.18255964666605], [76.89949069172144, 43.182558976113796], [76.89949069172144, 43.18255763500929], [76.89949873834848, 43.18254690617323], [76.89950209110975, 43.18253617733717], [76.89950209110975, 43.18251874297857], [76.89950343221426, 43.182517401874065], [76.89955372363329, 43.182517401874065], [76.89955372363329, 43.182554952800274], [76.8995550647378, 43.182556964457035], [76.89955841749907, 43.182556964457035], [76.89956109970808, 43.18255830556154], [76.89956847578287, 43.18255830556154], [76.89957182854414, 43.182556964457035], [76.89957585185766, 43.18255294114351], [76.89957719296217, 43.182549588382244], [76.89957719296217, 43.18253416568041], [76.89957853406668, 43.1825328245759], [76.89957987517118, 43.182528130710125], [76.89957920461893, 43.182520754635334], [76.89957786351442, 43.18251874297857], [76.89957853406668, 43.182517401874065], [76.89962144941092, 43.182517401874065], [76.89962279051542, 43.18251874297857], [76.89962346106768, 43.182528130710125], [76.89962144941092, 43.18255629390478], [76.8996187672019, 43.182564340531826], [76.8996187672019, 43.182567693293095], [76.8996174260974, 43.182569704949856], [76.8996174260974, 43.182573057711124], [76.89961541444063, 43.18257708102465], [76.89961340278387, 43.18258982151747], [76.89961206167936, 43.182591162621975], [76.89961072057486, 43.18260323256254], [76.89960535615683, 43.1826139613986], [76.8995999917388, 43.18262066692114], [76.89959328621626, 43.182623349130154], [76.89958322793245, 43.1826226785779], [76.89957786351442, 43.182619996368885], [76.89956311136484, 43.182619996368885], [76.89955707639456, 43.18262133747339], [76.89955372363329, 43.18262401968241], [76.89955439418554, 43.1826588883996], [76.89955841749907, 43.18266022950411], [76.89957115799189, 43.18266090005636], [76.8995825573802, 43.18266358226538], [76.8995838984847, 43.18266559392214], [76.89958523958921, 43.18266559392214], [76.89958523958921, 43.182666935026646], [76.89958993345499, 43.182672299444675], [76.89958993345499, 43.18267364054918], [76.89959395676851, 43.1826763227582], [76.89959865063429, 43.182686381042004], [76.8995999917388, 43.182695768773556], [76.8995999917388, 43.18270180374384], [76.89959596842527, 43.18271119147539], [76.89959194511175, 43.182715214788914], [76.89958792179823, 43.18271655589342], [76.89957987517118, 43.18271655589342], [76.89956109970808, 43.182711862027645], [76.8995564058423, 43.18270716816187], [76.8995550647378, 43.18270716816187], [76.8995550647378, 43.18270582705736], [76.89955372363329, 43.18270582705736], [76.89955305308104, 43.18271454423666], [76.89955171197653, 43.182713873684406], [76.89955171197653, 43.1827125325799], [76.89954299479723, 43.18271320313215], [76.89953695982695, 43.182711862027645], [76.89953360706568, 43.182709850370884], [76.8995289131999, 43.18270917981863], [76.89952421933413, 43.182706497609615], [76.89951751381159, 43.182704485952854], [76.89949739724398, 43.18270180374384], [76.89948733896017, 43.18270180374384], [76.8994739279151, 43.18270515650511], [76.89945917576551, 43.1827038154006], [76.89945582300425, 43.18270716816187], [76.89945179969072, 43.18270917981863], [76.89944710582495, 43.182709850370884], [76.89944174140692, 43.1827125325799], [76.89943369477987, 43.182713873684406], [76.89943302422762, 43.182715214788914], [76.89942833036184, 43.182717226445675], [76.89942698925734, 43.182719238102436], [76.89942430704832, 43.18271990865469], [76.89942430704832, 43.1827212497592], [76.89941961318254, 43.182724602520466], [76.89941894263029, 43.18272929638624], [76.8994202837348, 43.18273399025202], [76.89942229539156, 43.18273667246103], [76.89942229539156, 43.182742707431316], [76.89942430704832, 43.18274673074484], [76.89942430704832, 43.18276148289442], [76.89942229539156, 43.182764165103436], [76.89942229539156, 43.1827661767602], [76.89941961318254, 43.18276885896921], [76.8994115665555, 43.182772882282734], [76.89940821379423, 43.182772882282734], [76.89940083771944, 43.18277556449175], [76.89939077943563, 43.182776235044]]]}, "properties": {"id": 649, "class": "road", "confidence": 100.0, "source": "Almaty_5", "source_model": "unet-roads", "centroid_wkt": "POINT (76.89950730802312 43.182639309750634)", "bbox": [76.89934451133013, 43.182517401874065, 76.89962346106768, 43.182776235044], "pixel_bbox": [6088, 2686, 6504, 3072], "area_m2": 265.344}}, {"type": "Feature", "geometry": {"type": "Polygon", "coordinates": [[[76.90081503242254, 43.1825864687562], [76.90081167966127, 43.18258445709944], [76.90080564469099, 43.182573057711124], [76.90080497413874, 43.182558976113796], [76.90080631524324, 43.18255629390478], [76.90080631524324, 43.1825502589345], [76.90080430358648, 43.182546235620975], [76.90080363303423, 43.1825415417552], [76.90079491585493, 43.182531483471394], [76.90079357475042, 43.18252880126238], [76.90079424530268, 43.18252209573984], [76.90079357475042, 43.182520754635334], [76.90079156309366, 43.182520754635334], [76.90079022198915, 43.18251874297857], [76.9007982686162, 43.182517401874065], [76.90083380788565, 43.18251673132181], [76.9008619710803, 43.182517401874065], [76.90086264163256, 43.18251874297857], [76.90086465328932, 43.18251874297857], [76.90086264163256, 43.18252142518759], [76.9008606299758, 43.18252209573984], [76.9008606299758, 43.1825241073966], [76.90085928887129, 43.18252544850111], [76.90085928887129, 43.182531483471394], [76.90085727721453, 43.1825328245759], [76.90085593611002, 43.18254020065069], [76.90085459500551, 43.1825415417552], [76.90085392445326, 43.182549588382244], [76.90085258334875, 43.18255092948675], [76.900853253901, 43.182554952800274], [76.9008519127965, 43.182556964457035], [76.90085258334875, 43.182562328875065], [76.90085057169199, 43.18256501108408], [76.90084990113974, 43.182569704949856], [76.90084856003523, 43.182569704949856], [76.90083984285593, 43.182578422129154], [76.9008344784379, 43.18257909268141], [76.9008331373334, 43.18258110433817], [76.90083179622889, 43.18258110433817], [76.90083179622889, 43.18258244544268], [76.90082777291536, 43.18258445709944], [76.90081503242254, 43.1825864687562]]]}, "properties": {"id": 650, "class": "road", "confidence": 100.0, "source": "Almaty_5", "source_model": "unet-roads", "centroid_wkt": "POINT (76.90082792598467 43.18254574416115)", "bbox": [76.90079022198915, 43.18251673132181, 76.90086465328932, 43.1825864687562], "pixel_bbox": [8244, 2969, 8355, 3073], "area_m2": 30.313}}, {"type": "Feature", "geometry": {"type": "Polygon", "coordinates": [[[76.89803693443537, 43.182517401874065], [76.8980422988534, 43.18251606076956], [76.89803827553988, 43.18251471966505], [76.89803827553988, 43.18251069635153], [76.89804162830114, 43.18250801414251], [76.89804632216692, 43.18250734359026], [76.89804833382368, 43.18250868469477], [76.89805503934622, 43.18250868469477], [76.89805638045073, 43.1825053319335], [76.89805772155523, 43.1825053319335], [76.89805839210749, 43.18250399082899], [76.89806241542101, 43.1825053319335], [76.89806241542101, 43.18251136690378], [76.89806040376425, 43.182512037456036], [76.89805906265974, 43.18251471966505], [76.89805772155523, 43.18251471966505], [76.89805839210749, 43.18251606076956], [76.89805638045073, 43.18251606076956], [76.898059733212, 43.182517401874065], [76.89803693443537, 43.182517401874065]], [[76.89805168658495, 43.18251471966505], [76.89805302768946, 43.182515390217304], [76.89805302768946, 43.18251471966505], [76.89805168658495, 43.18251471966505]]]}, "properties": {"id": 651, "class": "road", "confidence": 100.0, "source": "Almaty_5", "source_model": "unet-roads", "centroid_wkt": "POINT (76.89805097916866 43.18251162961841)", "bbox": [76.89803693443537, 43.18250399082899, 76.89806241542101, 43.182517401874065], "pixel_bbox": [4138, 3072, 4176, 3092], "area_m2": 1.945}}, {"type": "Feature", "geometry": {"type": "Polygon", "coordinates": [[[76.90018739551306, 43.182517401874065], [76.90018940716982, 43.18251673132181], [76.90018940716982, 43.18251471966505], [76.9001867249608, 43.1825140491128], [76.90018404275179, 43.18250935524702], [76.90018404275179, 43.18249795585871], [76.9001853838563, 43.1824966147542], [76.9001853838563, 43.18249460309744], [76.9001867249608, 43.182493932545185], [76.9001867249608, 43.18249259144068], [76.90018806606531, 43.18249259144068], [76.90018873661757, 43.18249057978392], [76.90019141882658, 43.18248923867941], [76.90019879490137, 43.182488568127155], [76.90020214766264, 43.18248990923166], [76.90020214766264, 43.18249125033617], [76.9002041593194, 43.182491920888424], [76.9002041593194, 43.182493932545185], [76.90020684152842, 43.18249527364969], [76.90020617097616, 43.1825053319335], [76.90020482987165, 43.18250734359026], [76.90020482987165, 43.182510025799274], [76.90020214766264, 43.18251337856054], [76.90020214766264, 43.18251606076956], [76.90019946545362, 43.182517401874065], [76.90018739551306, 43.182517401874065]]]}, "properties": {"id": 652, "class": "road", "confidence": 100.0, "source": "Almaty_5", "source_model": "unet-roads", "centroid_wkt": "POINT (76.9001955075013 43.18250267075865)", "bbox": [76.90018404275179, 43.182488568127155, 76.90020684152842, 43.182517401874065], "pixel_bbox": [7340, 3072, 7374, 3115], "area_m2": 4.823}}, {"type": "Feature", "geometry": {"type": "Polygon", "coordinates": [[[76.89555790275335, 43.182517401874065], [76.89555387943983, 43.18251606076956], [76.89555387943983, 43.182510025799274], [76.89555656164885, 43.18250734359026], [76.8955572322011, 43.182504661381245], [76.89555991441011, 43.182501308619976], [76.89556259661913, 43.18249996751547], [76.89556393772364, 43.182497285306454], [76.89556527882814, 43.182497285306454], [76.89556930214167, 43.18249259144068], [76.89557064324617, 43.18249259144068], [76.89558070152998, 43.182481192052364], [76.89558204263449, 43.182481192052364], [76.8955847248435, 43.182477839291096], [76.89558874815702, 43.182475827634335], [76.89559746533632, 43.18247448652983], [76.8956021592021, 43.18247448652983], [76.89560282975435, 43.182475827634335], [76.89560551196337, 43.18247515708208], [76.89560551196337, 43.18251069635153], [76.89560282975435, 43.18250935524702], [76.89560282975435, 43.18251069635153], [76.89559880644083, 43.18251337856054], [76.89559545367956, 43.18251337856054], [76.89559008926153, 43.18251606076956], [76.89558271318674, 43.182517401874065], [76.89555790275335, 43.182517401874065]]]}, "properties": {"id": 653, "class": "road", "confidence": 100.0, "source": "Almaty_5", "source_model": "unet-roads", "centroid_wkt": "POINT (76.89558448347788 43.182498632349514)", "bbox": [76.89555387943983, 43.18247448652983, 76.89560551196337, 43.182517401874065], "pixel_bbox": [435, 3072, 512, 3136], "area_m2": 13.948}}, {"type": "Feature", "geometry": {"type": "Polygon", "coordinates": [[[76.89814556390047, 43.18261194974184], [76.89813818782568, 43.18260993808508], [76.8981321528554, 43.18260993808508], [76.8981147184968, 43.1826052442193], [76.89809393137693, 43.18260591477156], [76.89809057861567, 43.18260457366705], [76.89808655530214, 43.18260457366705], [76.89808052033186, 43.182601891458035], [76.89807649701834, 43.182596527040005], [76.89807783812284, 43.182591162621975], [76.89808454364538, 43.18258713930845], [76.89809460192919, 43.18258713930845], [76.89810868352652, 43.182591162621975], [76.89812075346708, 43.18259183317423], [76.89813952893019, 43.182587809860706], [76.89814355224371, 43.18258512765169], [76.89814690500498, 43.18258445709944], [76.8981509283185, 43.18257909268141], [76.8981509283185, 43.182569704949856], [76.89815226942301, 43.18256366997957], [76.89815159887075, 43.18255294114351], [76.89815293997526, 43.182551600039005], [76.89815361052752, 43.18254824727774], [76.89815629273653, 43.182546235620975], [76.89815629273653, 43.182540871202946], [76.89815159887075, 43.18253617733717], [76.89815159887075, 43.18253483623266], [76.898149587214, 43.182533495128155], [76.89814623445272, 43.18252746015787], [76.89814489334822, 43.18251874297857], [76.89814623445272, 43.18251874297857], [76.89814690500498, 43.182517401874065], [76.89813416451216, 43.182517401874065], [76.89813282340765, 43.18251606076956], [76.89813282340765, 43.18251337856054], [76.89813081175089, 43.18251069635153], [76.89812745898962, 43.18250063806772], [76.89812544733286, 43.182499296963215], [76.89812410622835, 43.182495944201946], [76.89811941236258, 43.182491920888424], [76.8981160596013, 43.18248521536589], [76.89811404794455, 43.18248387426138], [76.89811337739229, 43.182481192052364], [76.89810868352652, 43.18247716873884], [76.89810734242201, 43.182472474873066], [76.8981060013175, 43.18247180432081], [76.8981060013175, 43.182468451559544], [76.89810868352652, 43.182463087141514], [76.89811404794455, 43.182457722723484], [76.89811538904905, 43.182457722723484], [76.89811673015356, 43.18245571106672], [76.89811807125807, 43.18245571106672], [76.89811941236258, 43.18245369940996], [76.89812611788511, 43.18245034664869], [76.89812678843737, 43.182449005544186], [76.89813282340765, 43.182446993887424], [76.89814019948244, 43.182446993887424], [76.898149587214, 43.18245034664869], [76.89815830439329, 43.182457722723484], [76.89815830439329, 43.18245906382799], [76.89816500991583, 43.182465098798275], [76.89816500991583, 43.18246643990278], [76.89816769212484, 43.1824691221118], [76.89817171543837, 43.18247716873884], [76.89817171543837, 43.1824791803956], [76.89817305654287, 43.18247985094786], [76.89817439764738, 43.1824878975749], [76.89817573875189, 43.18248923867941], [76.89817573875189, 43.182491920888424], [76.89817909151316, 43.18249996751547], [76.89818043261766, 43.18249996751547], [76.89818043261766, 43.18248186260462], [76.89818177372217, 43.18248186260462], [76.89818244427443, 43.182483203709126], [76.89819384366274, 43.18248923867941], [76.8981958553195, 43.18248923867941], [76.89820121973753, 43.182491920888424], [76.89820658415556, 43.18249259144068], [76.89821597188711, 43.18249259144068], [76.8982233479619, 43.18249057978392], [76.89822535961866, 43.18249125033617], [76.8982307240367, 43.182488568127155], [76.89823474735022, 43.1824878975749], [76.89824748784304, 43.1824878975749], [76.89825285226107, 43.18248990923166], [76.89825419336557, 43.182491920888424], [76.89826089888811, 43.18249460309744], [76.89826156944036, 43.182495944201946], [76.89826358109713, 43.182495944201946], [76.89826961606741, 43.182501308619976], [76.89827162772417, 43.18250600248575], [76.89827028661966, 43.18251337856054], [76.89827095717192, 43.182515390217304], [76.8982669338584, 43.182517401874065], [76.8982769921422, 43.18251807242632], [76.89827766269445, 43.18252008408308], [76.89827632158995, 43.182520754635334], [76.89827632158995, 43.182535506784916], [76.89827498048544, 43.18253818899393], [76.89827363938093, 43.18253818899393], [76.89827363938093, 43.18253953009844], [76.89827229827642, 43.18254020065069], [76.89827162772417, 43.18254288285971], [76.89826961606741, 43.182544223964214], [76.89826894551516, 43.182546235620975], [76.89826223999262, 43.182549588382244], [76.8982582166791, 43.182549588382244], [76.89825285226107, 43.18254824727774], [76.89824614673853, 43.18254355341196], [76.89824011176825, 43.18254221230745], [76.89822871237993, 43.18253684788942], [76.89821798354387, 43.18253617733717], [76.89821127802134, 43.182538859546185], [76.89820256084204, 43.18254824727774], [76.89819987863302, 43.18255629390478], [76.89819853752851, 43.182556964457035], [76.8981958553195, 43.182562328875065], [76.89819049090147, 43.182567693293095], [76.89818914979696, 43.182567693293095], [76.89818378537893, 43.18257439881563], [76.89818311482668, 43.182573057711124], [76.89818177372217, 43.18257439881563], [76.89818043261766, 43.18256366997957], [76.89818043261766, 43.18258110433817], [76.89817909151316, 43.18258110433817], [76.89817909151316, 43.18258244544268], [76.8981770798564, 43.18258244544268], [76.89817640930414, 43.182580433785915], [76.89817439764738, 43.18258177489042], [76.89817305654287, 43.182587809860706], [76.89817037433386, 43.18258982151747], [76.89817171543837, 43.182596527040005], [76.89816769212484, 43.1826052442193], [76.89816635102034, 43.1826052442193], [76.89816366881132, 43.18260859698057], [76.8981609866023, 43.18260993808508], [76.89815428107977, 43.18260993808508], [76.89815025776625, 43.18261060863733], [76.898149587214, 43.18261194974184], [76.89814556390047, 43.18261194974184]], [[76.89817506819963, 43.18251673132181], [76.89817976206541, 43.18251673132181], [76.89817976206541, 43.18251471966505], [76.89817506819963, 43.182515390217304], [76.89817506819963, 43.18251673132181]]]}, "properties": {"id": 654, "class": "road", "confidence": 100.0, "source": "Almaty_5", "source_model": "unet-roads", "centroid_wkt": "POINT (76.89817892906697 43.182525328938226)", "bbox": [76.89807649701834, 43.182446993887424, 76.89827766269445, 43.18261194974184], "pixel_bbox": [4197, 2931, 4497, 3177], "area_m2": 114.454}}, {"type": "Feature", "geometry": {"type": "Polygon", "coordinates": [[[76.89953293651342, 43.18251136690378], [76.8995275720954, 43.18250868469477], [76.89952153712511, 43.18250063806772], [76.89951952546835, 43.18249326199293], [76.89951952546835, 43.18248521536589], [76.89952086657286, 43.18247850984335], [76.89952220767736, 43.182477839291096], [76.89952287822962, 43.18247448652983], [76.89952623099089, 43.18246979266405], [76.89952623099089, 43.18246778100729], [76.89952824264765, 43.18246643990278], [76.89953159540892, 43.1824604049325], [76.89953964203596, 43.182452358305454], [76.89954902976751, 43.18244967609644], [76.89954970031977, 43.18244833499193], [76.89955171197653, 43.18244833499193], [76.89955171197653, 43.182446993887424], [76.89955372363329, 43.18244565278292], [76.89955372363329, 43.18250600248575], [76.89955037087202, 43.18250868469477], [76.89953293651342, 43.18251136690378]]]}, "properties": {"id": 655, "class": "road", "confidence": 100.0, "source": "Almaty_5", "source_model": "unet-roads", "centroid_wkt": "POINT (76.89953927960352 43.18248218746585)", "bbox": [76.89951952546835, 43.18244565278292, 76.89955372363329, 43.18251136690378], "pixel_bbox": [6349, 3081, 6400, 3179], "area_m2": 15.209}}, {"type": "Feature", "geometry": {"type": "Polygon", "coordinates": [[[76.90048981457949, 43.18243693560362], [76.90048780292273, 43.182434253394604], [76.90048713237047, 43.18242754787207], [76.90048914402723, 43.18242486566305], [76.90049517899752, 43.182425536215305], [76.90049584954977, 43.18242687731981], [76.90049719065428, 43.18242687731981], [76.90049853175879, 43.18243023008108], [76.90049786120653, 43.18243559449911], [76.9004924967885, 43.18243559449911], [76.90048981457949, 43.18243693560362]]]}, "properties": {"id": 656, "class": "road", "confidence": 100.0, "source": "Almaty_5", "source_model": "unet-roads", "centroid_wkt": "POINT (76.9004929734833 43.18243038170277)", "bbox": [76.90048713237047, 43.18242486566305, 76.90049853175879, 43.18243693560362], "pixel_bbox": [7792, 3192, 7809, 3210], "area_m2": 0.956}}, {"type": "Feature", "geometry": {"type": "Polygon", "coordinates": [[[76.89843591302633, 43.18245638161898], [76.89843323081732, 43.18245504051447], [76.89843188971281, 43.182452358305454], [76.8984305486083, 43.182452358305454], [76.8984305486083, 43.18245101720095], [76.89842786639929, 43.182449005544186], [76.89842786639929, 43.182446993887424], [76.89842585474253, 43.18244431167841], [76.89842518419027, 43.18243894726038], [76.89842652529478, 43.182428888976574], [76.8984305486083, 43.1824241951108], [76.89843256026506, 43.182423524558544], [76.89843524247408, 43.182423524558544], [76.8984379246831, 43.182425536215305], [76.89844194799662, 43.18243760615587], [76.89844261854887, 43.182449005544186], [76.89844127744436, 43.18245034664869], [76.89844127744436, 43.182454369962215], [76.89843993633986, 43.18245571106672], [76.89843591302633, 43.18245638161898]]]}, "properties": {"id": 657, "class": "road", "confidence": 100.0, "source": "Almaty_5", "source_model": "unet-roads", "centroid_wkt": "POINT (76.89843447301301 43.182439527038156)", "bbox": [76.89842518419027, 43.182423524558544, 76.89844261854887, 43.18245638161898], "pixel_bbox": [4717, 3163, 4743, 3212], "area_m2": 3.85}}, {"type": "Feature", "geometry": {"type": "Polygon", "coordinates": [[[76.90029133111238, 43.182517401874065], [76.90024238079786, 43.18251673132181], [76.90024238079786, 43.182515390217304], [76.9002403691411, 43.1825140491128], [76.9002403691411, 43.18249259144068], [76.9002390280366, 43.182486556470394], [76.9002390280366, 43.182477839291096], [76.9002403691411, 43.18246979266405], [76.9002403691411, 43.18244230002165], [76.90024171024561, 43.18244095891714], [76.90024171024561, 43.18243894726038], [76.90024305135012, 43.182438276708126], [76.90024305135012, 43.182436265051365], [76.90024506300688, 43.18243559449911], [76.90025109797716, 43.182428888976574], [76.90025646239519, 43.18242620676756], [76.90025646239519, 43.18242486566305], [76.9002578034997, 43.18242486566305], [76.90026249736547, 43.182420171797276], [76.90026450902224, 43.1824154779315], [76.900266520679, 43.18241413682699], [76.900266520679, 43.18241212517023], [76.90026920288801, 43.18241145461798], [76.90027255564928, 43.182414807379246], [76.90027456730604, 43.182414807379246], [76.90027590841055, 43.18241614848375], [76.90028060227633, 43.18242620676756], [76.90028663724661, 43.18245302885771], [76.90028931945562, 43.18248722702265], [76.90029066056013, 43.182488568127155], [76.90029133111238, 43.182493932545185], [76.90029334276915, 43.1824966147542], [76.90029334276915, 43.18249862641096], [76.90029468387365, 43.182499296963215], [76.90029468387365, 43.182501308619976], [76.90029602497816, 43.18250264972448], [76.90029669553041, 43.182512037456036], [76.90029535442591, 43.18251337856054], [76.90029535442591, 43.18251606076956], [76.90029133111238, 43.182517401874065]]]}, "properties": {"id": 658, "class": "road", "confidence": 100.0, "source": "Almaty_5", "source_model": "unet-roads", "centroid_wkt": "POINT (76.90026567641229 43.18247224651014)", "bbox": [76.9002390280366, 43.18241145461798, 76.90029669553041, 43.182517401874065], "pixel_bbox": [7422, 3072, 7508, 3230], "area_m2": 40.746}}, {"type": "Feature", "geometry": {"type": "Polygon", "coordinates": [[[76.89956914633512, 43.18242620676756], [76.8995651230216, 43.18242084234953], [76.89956579357386, 43.18241212517023], [76.89956780523062, 43.182409442961216], [76.89956981688738, 43.18240273743868], [76.89957451075315, 43.1823980435729], [76.89957518130541, 43.18239536136389], [76.89957652240992, 43.18239536136389], [76.89957920461893, 43.18239267915487], [76.89957920461893, 43.182391338050365], [76.89958121627569, 43.182391338050365], [76.89958322793245, 43.18239334970713], [76.8995825573802, 43.182420171797276], [76.89957451075315, 43.18242620676756], [76.89956914633512, 43.18242620676756]]]}, "properties": {"id": 659, "class": "road", "confidence": 100.0, "source": "Almaty_5", "source_model": "unet-roads", "centroid_wkt": "POINT (76.89957558491368 43.18241045396628)", "bbox": [76.8995651230216, 43.182391338050365, 76.89958322793245, 43.18242620676756], "pixel_bbox": [6417, 3208, 6444, 3260], "area_m2": 3.945}}, {"type": "Feature", "geometry": {"type": "Polygon", "coordinates": [[[76.9015197828412, 43.182517401874065], [76.90151911228895, 43.182515390217304], [76.90151643007994, 43.1825140491128], [76.90151508897543, 43.18250935524702], [76.90151374787092, 43.18250801414251], [76.9015097245574, 43.18249057978392], [76.9015097245574, 43.18247850984335], [76.90151173621416, 43.18247381597757], [76.90151240676641, 43.182468451559544], [76.90151374787092, 43.182467110455036], [76.90151777118444, 43.18245504051447], [76.90151911228895, 43.18244431167841], [76.90151777118444, 43.18243894726038], [76.90151777118444, 43.18243224173784], [76.90151575952768, 43.18242620676756], [76.90151508897543, 43.18241883069277], [76.90151374787092, 43.18241748958826], [76.90151307731867, 43.18241078406572], [76.90151240676641, 43.18240072578192], [76.90151441842318, 43.18238865584135], [76.9015184417367, 43.18238329142332], [76.9015184417367, 43.18238195031881], [76.90152313560247, 43.18237725645304], [76.90153118222952, 43.18237390369177], [76.90153654664755, 43.182373233139515], [76.90154056996107, 43.182375244796276], [76.90154325217009, 43.182375244796276], [76.9015445932746, 43.18237658590078], [76.90155062824488, 43.182375244796276], [76.9015559926629, 43.18237591534853], [76.90156605094671, 43.182380609214306], [76.90157007426023, 43.18238463252783], [76.90157141536474, 43.18238463252783], [76.90157275646925, 43.18238731473684], [76.90157409757376, 43.18238731473684], [76.90157543867826, 43.18239066749811], [76.90157677978277, 43.18239066749811], [76.90157677978277, 43.18239200860262], [76.90157946199179, 43.182394690811634], [76.90158348530531, 43.18240273743868], [76.90158348530531, 43.18240474909544], [76.90158616751432, 43.18240810185671], [76.90158616751432, 43.18241011351347], [76.90159287303686, 43.18241883069277], [76.90159421414137, 43.18241883069277], [76.90159689635038, 43.18242151290178], [76.90160762518644, 43.18242486566305], [76.90161164849997, 43.18242486566305], [76.90161366015673, 43.18242285400629], [76.90161366015673, 43.18243492394686], [76.90162304788828, 43.18243760615587], [76.90162908285856, 43.18244095891714], [76.90163176506758, 43.182443641126156], [76.90163444727659, 43.1824516877532], [76.90163444727659, 43.18246107548475], [76.90163310617208, 43.18246643990278], [76.90162774175406, 43.18247716873884], [76.90162505954504, 43.18247985094786], [76.90162505954504, 43.18248186260462], [76.90162304788828, 43.18248387426138], [76.90161768347025, 43.18249460309744], [76.90161634236574, 43.18250063806772], [76.90161366015673, 43.182504661381245], [76.90161366015673, 43.182517401874065], [76.9015197828412, 43.182517401874065]], [[76.9016096368432, 43.182515390217304], [76.90161097794771, 43.18251673132181], [76.90161097794771, 43.182515390217304], [76.9016096368432, 43.182515390217304]], [[76.90161164849997, 43.18251606076956], [76.90161231905222, 43.18251673132181], [76.90161231905222, 43.18251606076956], [76.90161164849997, 43.18251606076956]]]}, "properties": {"id": 660, "class": "road", "confidence": 100.0, "source": "Almaty_5", "source_model": "unet-roads", "centroid_wkt": "POINT (76.90156461155719 43.18245382890296)", "bbox": [76.9015097245574, 43.182373233139515, 76.90163444727659, 43.182517401874065], "pixel_bbox": [9317, 3072, 9503, 3287], "area_m2": 120.696}}, {"type": "Feature", "geometry": {"type": "Polygon", "coordinates": [[[76.90022226423025, 43.18237189203501], [76.90021891146898, 43.18236920982599], [76.90021622925997, 43.18236920982599], [76.90021354705095, 43.18236652761698], [76.9002128764987, 43.1823618337512], [76.90021354705095, 43.18235848098993], [76.90021555870771, 43.18235579878092], [76.90022561699152, 43.18235579878092], [76.90022762864828, 43.18235915154219], [76.90022762864828, 43.182362504303455], [76.90022896975279, 43.18236451596022], [76.90022762864828, 43.18236652761698], [76.90022829920053, 43.182367868721485], [76.90022494643927, 43.18237189203501], [76.90022226423025, 43.18237189203501]]]}, "properties": {"id": 661, "class": "road", "confidence": 100.0, "source": "Almaty_5", "source_model": "unet-roads", "centroid_wkt": "POINT (76.90022123501929 43.18236285064231)", "bbox": [76.9002128764987, 43.18235579878092, 76.90022896975279, 43.18237189203501], "pixel_bbox": [7383, 3289, 7407, 3313], "area_m2": 1.805}}, {"type": "Feature", "geometry": {"type": "Polygon", "coordinates": [[[76.89925733953714, 43.182402066886425], [76.89925197511911, 43.182400055229664], [76.89924459904432, 43.18240072578192], [76.8992405757308, 43.1823980435729], [76.89923588186502, 43.182396702468395], [76.89923387020826, 43.182394690811634], [76.89923387020826, 43.18239334970713], [76.89923118799925, 43.182391338050365], [76.89922850579023, 43.18238463252783], [76.89922850579023, 43.182375244796276], [76.89923118799925, 43.182369880378246], [76.89923252910376, 43.18236920982599], [76.89923387020826, 43.18236518651247], [76.89923990517855, 43.18235982209444], [76.89924795180559, 43.18235579878092], [76.8992506340146, 43.18235579878092], [76.8992580100894, 43.1823531165719], [76.89926538616419, 43.18235244601965], [76.89929019659758, 43.1823531165719], [76.89931634813547, 43.182360492646694], [76.89932506531477, 43.182367868721485], [76.89932707697153, 43.18237189203501], [76.89932774752378, 43.182378597557545], [76.89932640641928, 43.18238127976656], [76.89932506531477, 43.18238195031881], [76.89932439476252, 43.18238463252783], [76.89932238310575, 43.18238530308008], [76.89932238310575, 43.18238664418459], [76.89931903034449, 43.1823879852891], [76.89931567758322, 43.182391338050365], [76.89931366592646, 43.182391338050365], [76.89931031316519, 43.18239334970713], [76.89930696040392, 43.18239334970713], [76.8993029370904, 43.18239536136389], [76.89929019659758, 43.182396702468395], [76.8992767855525, 43.18240139633417], [76.89925733953714, 43.182402066886425]]]}, "properties": {"id": 662, "class": "road", "confidence": 100.0, "source": "Almaty_5", "source_model": "unet-roads", "centroid_wkt": "POINT (76.89927599889559 43.182376602438836)", "bbox": [76.89922850579023, 43.18235244601965, 76.89932774752378, 43.182402066886425], "pixel_bbox": [5915, 3244, 6063, 3318], "area_m2": 34.881}}, {"type": "Feature", "geometry": {"type": "Polygon", "coordinates": [[[76.89634311944246, 43.182517401874065], [76.8963397666812, 43.18251606076956], [76.89634177833796, 43.1825140491128], [76.89634244889021, 43.18250600248575], [76.89634378999472, 43.1825053319335], [76.89634647220373, 43.18249996751547], [76.89635049551725, 43.1824966147542], [76.89635317772627, 43.18249125033617], [76.89635451883078, 43.18249125033617], [76.89635518938303, 43.18248990923166], [76.89635451883078, 43.18248253315687], [76.89635317772627, 43.18248253315687], [76.896349824965, 43.18247515708208], [76.89634446054697, 43.18247113376856], [76.89633306115866, 43.182467110455036], [76.8963323906064, 43.18246576935053], [76.89632769674063, 43.182465098798275], [76.89632434397936, 43.182463087141514], [76.89631830900908, 43.18246241658926], [76.89631227403879, 43.18245906382799], [76.89630087465048, 43.18245638161898], [76.89630020409822, 43.18245504051447], [76.89629819244146, 43.18245504051447], [76.8962948396802, 43.182452358305454], [76.89629349857569, 43.18245302885771], [76.89629215747118, 43.18245101720095], [76.89629215747118, 43.18234574049711], [76.8963960930705, 43.18234574049711], [76.8964034691453, 43.18234708160162], [76.8964034691453, 43.18234842270613], [76.89640078693628, 43.18235043436289], [76.89640078693628, 43.18235244601965], [76.8964034691453, 43.18235579878092], [76.89640279859304, 43.182362504303455], [76.8964048102498, 43.18236652761698], [76.89640749245882, 43.18236853927374], [76.89640749245882, 43.18237256258726], [76.89640413969755, 43.18237725645304], [76.89640413969755, 43.18238127976656], [76.89640548080206, 43.18238999694586], [76.89640682190657, 43.182391338050365], [76.89640682190657, 43.182396702468395], [76.89640816301107, 43.18239938467741], [76.89640883356333, 43.18241748958826], [76.89641017466784, 43.18242620676756], [76.89640682190657, 43.18244498223066], [76.8964048102498, 43.18244766443968], [76.89640279859304, 43.18245504051447], [76.89640145748854, 43.18245571106672], [76.89639743417501, 43.182470463216305], [76.89639341086149, 43.18247850984335], [76.89639341086149, 43.18248722702265], [76.8963960930705, 43.18249326199293], [76.89639810472727, 43.18249460309744], [76.89639877527952, 43.182497285306454], [76.89640145748854, 43.18250063806772], [76.8964034691453, 43.182510025799274], [76.8964034691453, 43.182515390217304], [76.89640078693628, 43.182517401874065], [76.89634311944246, 43.182517401874065]]]}, "properties": {"id": 663, "class": "road", "confidence": 100.0, "source": "Almaty_5", "source_model": "unet-roads", "centroid_wkt": "POINT (76.8963538757702 43.18241892540726)", "bbox": [76.89629215747118, 43.18234574049711, 76.89641017466784, 43.182517401874065], "pixel_bbox": [1536, 3072, 1712, 3328], "area_m2": 144.622}}, {"type": "Feature", "geometry": {"type": "Polygon", "coordinates": [[[76.8966368213296, 43.1824154779315], [76.89663548022509, 43.18240810185671], [76.89663548022509, 43.18234574049711], [76.89670454710722, 43.18234574049711], [76.89670722931623, 43.18234708160162], [76.89670722931623, 43.18234842270613], [76.89670588821173, 43.18234909325838], [76.89670588821173, 43.182351775467396], [76.89670454710722, 43.182351775467396], [76.89670387655497, 43.18235579878092], [76.8967018648982, 43.18235781043768], [76.8967018648982, 43.18235915154219], [76.89669381827116, 43.18236652761698], [76.89667772501707, 43.18237256258726], [76.89666766673326, 43.18237457424402], [76.89666230231524, 43.182378597557545], [76.896664313972, 43.18238463252783], [76.8966656550765, 43.18238463252783], [76.8966656550765, 43.182385973632336], [76.89666699618101, 43.18238664418459], [76.89666766673326, 43.18239737302065], [76.8966656550765, 43.182404078543186], [76.89666163176298, 43.182407431304455], [76.89666163176298, 43.18240877240896], [76.89665894955397, 43.182409442961216], [76.89665760844946, 43.18241145461798], [76.89665224403143, 43.18241413682699], [76.89664017409086, 43.18241346627474], [76.8966368213296, 43.1824154779315]]]}, "properties": {"id": 664, "class": "road", "confidence": 100.0, "source": "Almaty_5", "source_model": "unet-roads", "centroid_wkt": "POINT (76.89666072774112 43.18237214033769)", "bbox": [76.89663548022509, 43.18234574049711, 76.89670722931623, 43.1824154779315], "pixel_bbox": [2048, 3224, 2155, 3328], "area_m2": 26.223}}, {"type": "Feature", "geometry": {"type": "Polygon", "coordinates": [[[76.900266520679, 43.18240810185671], [76.90026517957449, 43.1824067607522], [76.90026249736547, 43.1824067607522], [76.90025981515646, 43.18240340799093], [76.90025847405195, 43.18240340799093], [76.90025579184294, 43.18239737302065], [76.9002490863204, 43.18239066749811], [76.90024305135012, 43.18238999694586], [76.9002403691411, 43.18238731473684], [76.9002403691411, 43.18234574049711], [76.90029870718718, 43.18234574049711], [76.90030474215746, 43.18234708160162], [76.90030340105295, 43.18234909325838], [76.90030340105295, 43.18235445767641], [76.90030138939619, 43.18235848098993], [76.90030004829168, 43.18235848098993], [76.90029535442591, 43.18236317485571], [76.9002940133214, 43.18236317485571], [76.90029334276915, 43.18236451596022], [76.90028797835112, 43.18236719816923], [76.90028663724661, 43.18236920982599], [76.9002852961421, 43.18236920982599], [76.9002852961421, 43.1823705509305], [76.9002839550376, 43.1823705509305], [76.90027993172407, 43.182375244796276], [76.90027724951506, 43.182383961975574], [76.90027859061956, 43.182385973632336], [76.90027859061956, 43.18239402025938], [76.9002765789628, 43.1823980435729], [76.90027389675379, 43.182400055229664], [76.90027188509703, 43.1824067607522], [76.90027054399252, 43.1824067607522], [76.90026987344027, 43.18240810185671], [76.900266520679, 43.18240810185671]]]}, "properties": {"id": 665, "class": "road", "confidence": 100.0, "source": "Almaty_5", "source_model": "unet-roads", "centroid_wkt": "POINT (76.90026643344589 43.18236921213522)", "bbox": [76.9002403691411, 43.18234574049711, 76.90030474215746, 43.18240810185671], "pixel_bbox": [7424, 3235, 7520, 3328], "area_m2": 22.799}}, {"type": "Feature", "geometry": {"type": "Polygon", "coordinates": [[[76.90104972571135, 43.18234506994486], [76.90101686865091, 43.18234506994486], [76.90101485699415, 43.1823430582881], [76.90101619809866, 43.182342387735844], [76.90101619809866, 43.18233970552683], [76.90102022141218, 43.18233836442232], [76.90104704350233, 43.18233836442232], [76.90104905515909, 43.18233970552683], [76.90105240792036, 43.18233970552683], [76.9010517373681, 43.182342387735844], [76.90105307847261, 43.182342387735844], [76.90104972571135, 43.18234506994486]]]}, "properties": {"id": 666, "class": "road", "confidence": 100.0, "source": "Almaty_5", "source_model": "unet-roads", "centroid_wkt": "POINT (76.90103407331338 43.182341459520686)", "bbox": [76.90101485699415, 43.18233836442232, 76.90105307847261, 43.18234506994486], "pixel_bbox": [8579, 3329, 8636, 3339], "area_m2": 2.094}}, {"type": "Feature", "geometry": {"type": "Polygon", "coordinates": [[[76.89739521592855, 43.18254221230745], [76.89738180488348, 43.18253818899393], [76.8973757699132, 43.182533495128155], [76.89737442880869, 43.182533495128155], [76.89737241715193, 43.18252947181463], [76.89737107604742, 43.18252880126238], [76.89736973494291, 43.1825241073966], [76.8973683938384, 43.18252343684435], [76.8973670527339, 43.182517401874065], [76.89739186316729, 43.18251673132181], [76.89739186316729, 43.18251270800829], [76.89738918095827, 43.18251471966505], [76.89738716930151, 43.182512037456036], [76.89738180488348, 43.18251069635153], [76.89738381654024, 43.18250600248575], [76.89738314598799, 43.182504661381245], [76.89738515764475, 43.18250399082899], [76.8973844870925, 43.182499296963215], [76.89738918095827, 43.18249795585871], [76.89739387482405, 43.18249259144068], [76.89739588648081, 43.18249259144068], [76.89739923924208, 43.18248923867941], [76.89739923924208, 43.1824878975749], [76.89740192145109, 43.18248588591814], [76.8974046036601, 43.182481192052364], [76.8974046036601, 43.18247850984335], [76.89740728586912, 43.18247180432081], [76.89740728586912, 43.182467110455036], [76.89740862697363, 43.18246375769377], [76.89740862697363, 43.18244230002165], [76.89740728586912, 43.18244028836489], [76.89740728586912, 43.18243693560362], [76.89740594476461, 43.18243492394686], [76.89740393310785, 43.182425536215305], [76.89740259200335, 43.18242486566305], [76.89740192145109, 43.18242218345404], [76.89739186316729, 43.18240877240896], [76.89738851040602, 43.182396702468395], [76.89738918095827, 43.182375244796276], [76.89739186316729, 43.18236451596022], [76.8973932042718, 43.18236317485571], [76.89739588648081, 43.1823531165719], [76.89739856868982, 43.182349763810635], [76.89739856868982, 43.18234708160162], [76.89739990979433, 43.18234574049711], [76.8974046036601, 43.18234506994486], [76.89740795642138, 43.182341046631336], [76.89741533249617, 43.18233769387007], [76.89743746072054, 43.18233836442232], [76.8974394723773, 43.18233970552683], [76.89744751900434, 43.182341046631336], [76.89744886010885, 43.182342387735844], [76.89745087176561, 43.182342387735844], [76.89745355397463, 43.182344399392605], [76.8974582478404, 43.18234574049711], [76.89752396196127, 43.18234574049711], [76.89752597361803, 43.18234775215387], [76.89752262085676, 43.18236116319895], [76.89752127975225, 43.18236116319895], [76.89752127975225, 43.182362504303455], [76.89751993864775, 43.182362504303455], [76.89751993864775, 43.18236384540796], [76.89751725643873, 43.18236652761698], [76.89751591533422, 43.18236652761698], [76.89751591533422, 43.182367868721485], [76.8975105509162, 43.182373233139515], [76.89750652760267, 43.182375244796276], [76.89750652760267, 43.18237658590078], [76.89750518649817, 43.18237725645304], [76.89750518649817, 43.18238195031881], [76.89750384539366, 43.18238262087107], [76.89750250428915, 43.18238731473684], [76.89750250428915, 43.18242285400629], [76.89750049263239, 43.182449005544186], [76.89750049263239, 43.18246442824602], [76.8975018337369, 43.18247113376856], [76.89750116318464, 43.18247314542532], [76.89750250428915, 43.18249259144068], [76.89750116318464, 43.18249795585871], [76.89749781042337, 43.18250399082899], [76.89749781042337, 43.18250734359026], [76.89749579876661, 43.18250801414251], [76.89749579876661, 43.1825140491128], [76.8974931165576, 43.18251471966505], [76.89749244600534, 43.18251337856054], [76.89749110490084, 43.18251337856054], [76.89749043434858, 43.182515390217304], [76.89748909324408, 43.182515390217304], [76.89748775213957, 43.182517401874065], [76.897475682199, 43.182517401874065], [76.89747501164675, 43.18251874297857], [76.89747635275126, 43.18251941353083], [76.8974743410945, 43.18251941353083], [76.89747165888548, 43.18252142518759], [76.8974394723773, 43.182522766292095], [76.89742874354124, 43.182524777948856], [76.8974220380187, 43.18252746015787], [76.89741600304842, 43.182533495128155], [76.8974133208394, 43.18253416568041], [76.89740728586912, 43.182538859546185], [76.89740259200335, 43.182540871202946], [76.89739521592855, 43.18254221230745]]]}, "properties": {"id": 667, "class": "road", "confidence": 100.0, "source": "Almaty_5", "source_model": "unet-roads", "centroid_wkt": "POINT (76.89744780852875 43.18243291715277)", "bbox": [76.8973670527339, 43.18233769387007, 76.89752597361803, 43.18254221230745], "pixel_bbox": [3139, 3035, 3376, 3340], "area_m2": 181.076}}, {"type": "Feature", "geometry": {"type": "Polygon", "coordinates": [[[76.90118048340082, 43.18234574049711], [76.90117914229631, 43.182344399392605], [76.90118048340082, 43.182342387735844], [76.90118048340082, 43.182337023317814], [76.90118450671434, 43.18232897669077], [76.90119255334139, 43.182320930063725], [76.90119791775942, 43.18231824785471], [76.90119992941618, 43.18231824785471], [76.9012026116252, 43.18231623619795], [76.90120797604322, 43.18231489509344], [76.90121803432703, 43.182315565645695], [76.90122943371534, 43.182320930063725], [76.90124284476042, 43.182331658899784], [76.90124552696943, 43.182337023317814], [76.90124686807394, 43.182337023317814], [76.9012475386262, 43.18233970552683], [76.9012475386262, 43.182341046631336], [76.90124552696943, 43.18234171718359], [76.90124619752169, 43.1823430582881], [76.90124418586493, 43.18234372884035], [76.90124485641718, 43.18234506994486], [76.90124284476042, 43.18234574049711], [76.90118048340082, 43.18234574049711]]]}, "properties": {"id": 668, "class": "road", "confidence": 100.0, "source": "Almaty_5", "source_model": "unet-roads", "centroid_wkt": "POINT (76.90121285017426 43.182332644268904)", "bbox": [76.90117914229631, 43.18231489509344, 76.9012475386262, 43.18234574049711], "pixel_bbox": [8824, 3328, 8926, 3374], "area_m2": 14.198}}, {"type": "Feature", "geometry": {"type": "Polygon", "coordinates": [[[76.89886908978224, 43.18234574049711], [76.89886707812548, 43.18234372884035], [76.89886774867773, 43.182312212884426], [76.89887177199125, 43.182308189570904], [76.89887311309576, 43.182308189570904], [76.89887445420027, 43.18230617791414], [76.89887847751379, 43.18230416625738], [76.8988798186183, 43.18230215460062], [76.89888719469309, 43.18230215460062], [76.89889658242464, 43.182306848466396], [76.89890261739492, 43.18231288343668], [76.89890395849943, 43.182315565645695], [76.89890395849943, 43.18231824785471], [76.89890664070845, 43.18232495337725], [76.89890664070845, 43.182328306138515], [76.89890798181295, 43.18232964724302], [76.89890664070845, 43.182339034974575], [76.89890529960394, 43.18233970552683], [76.89890529960394, 43.182342387735844], [76.89890664070845, 43.182342387735844], [76.8989073112607, 43.182344399392605], [76.89890060573816, 43.18234574049711], [76.89886908978224, 43.18234574049711]]]}, "properties": {"id": 669, "class": "road", "confidence": 100.0, "source": "Almaty_5", "source_model": "unet-roads", "centroid_wkt": "POINT (76.89888673659237 43.18232579471734)", "bbox": [76.89886707812548, 43.18230215460062, 76.89890798181295, 43.18234574049711], "pixel_bbox": [5376, 3328, 5437, 3393], "area_m2": 13.617}}, {"type": "Feature", "geometry": {"type": "Polygon", "coordinates": [[[76.89959529787302, 43.182344399392605], [76.89959462732077, 43.1823430582881], [76.89959060400724, 43.1823430582881], [76.89958322793245, 43.18234037607908], [76.89958188682795, 43.18233836442232], [76.89958188682795, 43.1823343411088], [76.89958054572344, 43.182333670556545], [76.89957786351442, 43.182333670556545], [76.89957652240992, 43.1823343411088], [76.89957652240992, 43.182335682213306], [76.89957518130541, 43.18233501166105], [76.89957451075315, 43.18233635276556], [76.8995724990964, 43.182335682213306], [76.89957182854414, 43.18233836442232], [76.89956981688738, 43.18233836442232], [76.89956713467836, 43.18234037607908], [76.89956579357386, 43.18234037607908], [76.89956311136484, 43.18233769387007], [76.89956109970808, 43.182333670556545], [76.89956109970808, 43.18232964724302], [76.89956311136484, 43.18232227116823], [76.89956311136484, 43.182315565645695], [76.89956579357386, 43.18230215460062], [76.89956579357386, 43.182294107973576], [76.89957048743963, 43.182294107973576], [76.89957451075315, 43.18229611963034], [76.89957585185766, 43.18229611963034], [76.89957585185766, 43.18229477852583], [76.89957719296217, 43.182294107973576], [76.89958658069372, 43.18229477852583], [76.89958993345499, 43.18229611963034], [76.899592615664, 43.18230014294386], [76.89959328621626, 43.182306848466396], [76.89959060400724, 43.182310201227665], [76.8995912745595, 43.18231623619795], [76.89958926290274, 43.18231891840696], [76.89959060400724, 43.18232227116823], [76.899592615664, 43.182322941720486], [76.899592615664, 43.18232495337725], [76.89959730952978, 43.182328306138515], [76.89960267394781, 43.182328306138515], [76.89960669726133, 43.182331658899784], [76.89961273223162, 43.182333670556545], [76.89962279051542, 43.182333670556545], [76.89962815493345, 43.18233635276556], [76.89962815493345, 43.18233836442232], [76.89962681382895, 43.182339034974575], [76.8995999917388, 43.1823430582881], [76.8996013328433, 43.182344399392605], [76.89959529787302, 43.182344399392605]]]}, "properties": {"id": 670, "class": "road", "confidence": 100.0, "source": "Almaty_5", "source_model": "unet-roads", "centroid_wkt": "POINT (76.89958444168109 43.18232140882747)", "bbox": [76.89956109970808, 43.182294107973576, 76.89962815493345, 43.182344399392605], "pixel_bbox": [6411, 3330, 6511, 3405], "area_m2": 14.434}}, {"type": "Feature", "geometry": {"type": "Polygon", "coordinates": [[[76.89852509647608, 43.18229343742132], [76.89852375537157, 43.18228740245104], [76.89852375537157, 43.182273991405964], [76.89852509647608, 43.182268626987934], [76.89852576702833, 43.18226996809244], [76.8985291197896, 43.182270638644695], [76.8985291197896, 43.18226929754019], [76.89853046089411, 43.18226929754019], [76.89853314310312, 43.18226594477892], [76.89854722470045, 43.182257898151875], [76.89854923635721, 43.182257898151875], [76.89855258911848, 43.18225588649511], [76.89855929464102, 43.18225521594286], [76.89856600016356, 43.18225186318159], [76.89857807010412, 43.18224985152483], [76.89858142286539, 43.18224783986807], [76.89859751611948, 43.182247169315815], [76.898601539433, 43.182250522077084], [76.89860288053751, 43.182249180972576], [76.89860623329878, 43.18224985152483], [76.89860623329878, 43.182259909808636], [76.89860355108976, 43.18226125091314], [76.89859885722399, 43.18226125091314], [76.89859818667173, 43.18226259201765], [76.8985928222537, 43.18226393312216], [76.89858879894018, 43.18226661533117], [76.8985827639699, 43.18226728588343], [76.89857672899961, 43.1822719797492], [76.89857471734285, 43.1822719797492], [76.89856935292482, 43.18227466195822], [76.89856331795454, 43.18228002637625], [76.89856130629778, 43.18228002637625], [76.89856063574553, 43.182281367480755], [76.898556612432, 43.18228270858526], [76.89855594187975, 43.18228404968977], [76.89855325967073, 43.18228472024202], [76.89855258911848, 43.18228606134653], [76.89855057746172, 43.18228606134653], [76.8985478952527, 43.182288743555546], [76.89854588359594, 43.182288743555546], [76.89854320138693, 43.18229075521231], [76.89853716641665, 43.18229276686907], [76.89852509647608, 43.18229343742132]]]}, "properties": {"id": 671, "class": "road", "confidence": 100.0, "source": "Almaty_5", "source_model": "unet-roads", "centroid_wkt": "POINT (76.89856057816564 43.182267863945256)", "bbox": [76.89852375537157, 43.182247169315815, 76.89860623329878, 43.18229343742132], "pixel_bbox": [4864, 3406, 4987, 3475], "area_m2": 17.148}}, {"type": "Feature", "geometry": {"type": "Polygon", "coordinates": [[[76.89755011349916, 43.1823256239295], [76.89754005521536, 43.18232160061598], [76.89753334969282, 43.18231489509344], [76.89753334969282, 43.182313553988934], [76.89753133803606, 43.182312212884426], [76.8975293263793, 43.182304836809635], [76.89752664417028, 43.182302825152874], [76.89752463251352, 43.182297460734844], [76.89752262085676, 43.18229611963034], [76.89752195030451, 43.18229075521231], [76.8975206092, 43.182288743555546], [76.8975206092, 43.18228203803301], [76.89752195030451, 43.1822806969285], [76.89752195030451, 43.182276003062725], [76.89752530306578, 43.18226996809244], [76.89752664417028, 43.182263262569904], [76.89752597361803, 43.182247169315815], [76.8975293263793, 43.18224046379328], [76.8975306674838, 43.18224046379328], [76.89753133803606, 43.18223845213652], [76.89753670245409, 43.1822357699275], [76.89754340797663, 43.1822357699275], [76.89754743129015, 43.18223912268877], [76.89754877239466, 43.18223912268877], [76.89755011349916, 43.18224113434553], [76.89755145460367, 43.18224113434553], [76.8975554779172, 43.18224649876356], [76.89755748957396, 43.18225588649511], [76.89755748957396, 43.18230215460062], [76.89755950123072, 43.18231824785471], [76.89755614846945, 43.18232361227274], [76.89755011349916, 43.1823256239295]]]}, "properties": {"id": 672, "class": "road", "confidence": 100.0, "source": "Almaty_5", "source_model": "unet-roads", "centroid_wkt": "POINT (76.89754197281928 43.18227975869037)", "bbox": [76.8975206092, 43.1822357699275, 76.89755950123072, 43.1823256239295], "pixel_bbox": [3368, 3358, 3426, 3492], "area_m2": 23.583}}, {"type": "Feature", "geometry": {"type": "Polygon", "coordinates": [[[76.89795177429914, 43.18225521594286], [76.89794506877661, 43.182250522077084], [76.8979437276721, 43.1822444871068], [76.89794439822435, 43.18223711103201], [76.89795110374689, 43.18221230059862], [76.89795445650816, 43.18220894783735], [76.89796049147844, 43.1822082772851], [76.8979625031352, 43.18221028894186], [76.89796518534422, 43.18220961838961], [76.89796518534422, 43.182210959494114], [76.89796786755323, 43.182210959494114], [76.89796786755323, 43.18221230059862], [76.89796987921, 43.18221431225538], [76.8979712203145, 43.182223699986935], [76.89796987921, 43.18224314600229], [76.89796786755323, 43.18224582821131], [76.89796786755323, 43.18224851042032], [76.8979625031352, 43.18225387483835], [76.89795915037394, 43.18225521594286], [76.89795177429914, 43.18225521594286]]]}, "properties": {"id": 673, "class": "road", "confidence": 100.0, "source": "Almaty_5", "source_model": "unet-roads", "centroid_wkt": "POINT (76.89795837109895 43.18223227196203)", "bbox": [76.8979437276721, 43.1822082772851, 76.8979712203145, 43.18225521594286], "pixel_bbox": [3999, 3463, 4040, 3533], "area_m2": 9.119}}, {"type": "Feature", "geometry": {"type": "Polygon", "coordinates": [[[76.8995550647378, 43.182231076061726], [76.8995550647378, 43.18222973495722], [76.89955372363329, 43.182229064404964], [76.89955372363329, 43.18221565335989], [76.89955238252878, 43.18221364170313], [76.89955037087202, 43.18221364170313], [76.89954902976751, 43.18221230059862], [76.89954701811075, 43.18220425397158], [76.899547688663, 43.18220090121031], [76.89955037087202, 43.18219754844904], [76.89955037087202, 43.182194866240025], [76.89955171197653, 43.182194866240025], [76.89955305308104, 43.18219285458326], [76.89955372363329, 43.18217407912016], [76.89960602670908, 43.18217407912016], [76.89960736781359, 43.182182125747204], [76.89960602670908, 43.18218547850847], [76.89960334450006, 43.182187490165234], [76.89960334450006, 43.18218883126974], [76.89960200339556, 43.18218883126974], [76.89960066229105, 43.182191513478756], [76.89959932118654, 43.182191513478756], [76.89959395676851, 43.18219620734453], [76.89958993345499, 43.18219754844904], [76.89958591014147, 43.18220157176256], [76.89958523958921, 43.18220492452383], [76.8995838984847, 43.18220492452383], [76.89958322793245, 43.18220693618059], [76.89958054572344, 43.1822082772851], [76.89958054572344, 43.18220961838961], [76.89957652240992, 43.18221364170313], [76.89957518130541, 43.18221766501665], [76.89957182854414, 43.18222101777792], [76.89957048743963, 43.18222101777792], [76.89956646412611, 43.18222638219595], [76.89956445246935, 43.18222638219595], [76.8995637819171, 43.18222839385271], [76.89955975860357, 43.18223040550947], [76.8995550647378, 43.182231076061726]]]}, "properties": {"id": 674, "class": "road", "confidence": 100.0, "source": "Almaty_5", "source_model": "unet-roads", "centroid_wkt": "POINT (76.89957293521026 43.18219534771214)", "bbox": [76.89954701811075, 43.18217407912016, 76.89960736781359, 43.182231076061726], "pixel_bbox": [6390, 3499, 6480, 3584], "area_m2": 18.162}}, {"type": "Feature", "geometry": {"type": "Polygon", "coordinates": [[[76.89921040087938, 43.18234574049711], [76.89921040087938, 43.182299472391605], [76.89920838922262, 43.182297460734844], [76.89920838922262, 43.18229477852583], [76.89920503646135, 43.18229343742132], [76.89920302480459, 43.18229075521231], [76.89920168370008, 43.18229075521231], [76.89919967204332, 43.182288743555546], [76.8991869315505, 43.18228472024202], [76.89917553216219, 43.18228539079428], [76.89916681498289, 43.1822894141078], [76.89916547387838, 43.18229142576456], [76.89916413277388, 43.18229142576456], [76.89916145056486, 43.182294107973576], [76.8991594389081, 43.182294107973576], [76.89915742725134, 43.18229611963034], [76.89914468675852, 43.182299472391605], [76.89913999289274, 43.18230416625738], [76.89913462847471, 43.182306848466396], [76.89912255853415, 43.182306848466396], [76.89912121742964, 43.182304836809635], [76.89911853522062, 43.18230349570513], [76.8991145119071, 43.18229343742132], [76.8991131708026, 43.18228606134653], [76.89911115914583, 43.18228270858526], [76.89911048859358, 43.182273991405964], [76.89910914748907, 43.18227265030146], [76.89910780638456, 43.18226594477892], [76.89910780638456, 43.18225856870413], [76.89910914748907, 43.182250522077084], [76.89911182969809, 43.18224582821131], [76.89911250025034, 43.182239793241024], [76.89911920577288, 43.182231076061726], [76.89911987632513, 43.18222437053919], [76.89912121742964, 43.18222302943468], [76.89912255853415, 43.1822169944644], [76.89912524074316, 43.18221230059862], [76.89912591129541, 43.18220425397158], [76.89912524074316, 43.1821995601058], [76.89912255853415, 43.18219754844904], [76.89912188798189, 43.18219419568777], [76.89911987632513, 43.18219218403101], [76.89911853522062, 43.18219218403101], [76.89911853522062, 43.182189501821995], [76.89911585301161, 43.182186149060726], [76.89911585301161, 43.18217810243368], [76.8991131708026, 43.18217542022467], [76.89912054687738, 43.18217407912016], [76.89920973032713, 43.18217474967241], [76.89921040087938, 43.18223375827074], [76.89921174198389, 43.18223711103201], [76.89921777695417, 43.18223778158426], [76.89921844750643, 43.18223912268877], [76.8992218002677, 43.18224046379328], [76.89922783523798, 43.182247169315815], [76.89923118799925, 43.18225722759962], [76.8992318585515, 43.18227265030146], [76.89923454076052, 43.18227466195822], [76.89923454076052, 43.182276003062725], [76.89923655241728, 43.182278014719486], [76.8992392346263, 43.182279355823994], [76.89924191683531, 43.182279355823994], [76.8992492929101, 43.18228270858526], [76.8992580100894, 43.18228472024202], [76.89926069229841, 43.18228606134653], [76.89926203340292, 43.18228807300329], [76.89926337450743, 43.18228807300329], [76.89926337450743, 43.1822894141078], [76.89926605671644, 43.18229142576456], [76.89926605671644, 43.18229343742132], [76.89926739782095, 43.18229477852583], [76.89926873892546, 43.18230148404837], [76.89927142113447, 43.182306848466396], [76.89927142113447, 43.182310201227665], [76.89927276223898, 43.18231154233217], [76.89927276223898, 43.18231422454119], [76.89927410334349, 43.18231623619795], [76.89927410334349, 43.18231891840696], [76.89927946776152, 43.18232361227274], [76.89928214997053, 43.18232361227274], [76.89928349107504, 43.18232495337725], [76.89928952604532, 43.182326294481754], [76.89931433647871, 43.1823256239295], [76.89932104200125, 43.18232696503401], [76.89932975918055, 43.182331658899784], [76.89933244138956, 43.1823343411088], [76.89933512359858, 43.18233970552683], [76.89933445304632, 43.18234171718359], [76.89933311194181, 43.18234171718359], [76.89933244138956, 43.18234506994486], [76.8993304297328, 43.18234574049711], [76.89921040087938, 43.18234574049711]]]}, "properties": {"id": 675, "class": "road", "confidence": 100.0, "source": "Almaty_5", "source_model": "unet-roads", "centroid_wkt": "POINT (76.89919170065669 43.18226154786892)", "bbox": [76.89910780638456, 43.18217407912016, 76.89933512359858, 43.18234574049711], "pixel_bbox": [5735, 3328, 6074, 3584], "area_m2": 155.905}}, {"type": "Feature", "geometry": {"type": "Polygon", "coordinates": [[[76.89535472542048, 43.18217407912016], [76.89534466713667, 43.182173408567905], [76.89534466713667, 43.1821720674634], [76.89534600824118, 43.182171396911144], [76.89534466713667, 43.182171396911144], [76.89534399658442, 43.18217005580664], [76.8953413143754, 43.18217005580664], [76.89533863216639, 43.182168044149876], [76.89533796161413, 43.18216402083635], [76.89533863216639, 43.18216200917959], [76.89534198492765, 43.18215932697058], [76.89534198492765, 43.18215798586607], [76.89535070210695, 43.1821546331048], [76.89535405486822, 43.182155303657055], [76.89535539597273, 43.18215865641832], [76.89535740762949, 43.18215865641832], [76.89535941928625, 43.18215597420931], [76.89536411315203, 43.18215396255255], [76.89537685364485, 43.18215396255255], [76.89538758248091, 43.182157315313816], [76.89539093524218, 43.182157315313816], [76.8953949585557, 43.18215932697058], [76.89540233463049, 43.18215932697058], [76.89540434628725, 43.182160668075085], [76.89540769904852, 43.182160668075085], [76.89540971070528, 43.182162679731846], [76.89540904015303, 43.18216871470213], [76.89540635794401, 43.18216871470213], [76.8954050168395, 43.18217005580664], [76.89540971070528, 43.18217273801565], [76.89540635794401, 43.18217407912016], [76.89535740762949, 43.18217407912016], [76.89535606652498, 43.182173408567905], [76.89535740762949, 43.18216938525438], [76.89535539597273, 43.18217005580664], [76.89535472542048, 43.18217407912016]], [[76.89535807818174, 43.18217005580664], [76.895358748734, 43.18217072635889], [76.895358748734, 43.18217005580664], [76.89535807818174, 43.18217005580664]]]}, "properties": {"id": 676, "class": "road", "confidence": 100.0, "source": "Almaty_5", "source_model": "unet-roads", "centroid_wkt": "POINT (76.89537371605182 43.182164697677315)", "bbox": [76.89533796161413, 43.18215396255255, 76.89540971070528, 43.18217407912016], "pixel_bbox": [113, 3584, 220, 3614], "area_m2": 10.573}}, {"type": "Feature", "geometry": {"type": "Polygon", "coordinates": [[[76.89845602959394, 43.1821633502841], [76.89845334738493, 43.182160668075085], [76.89845133572817, 43.18215396255255], [76.89845200628042, 43.182151950895786], [76.89844932407141, 43.18214390426874], [76.89844932407141, 43.1821358576417], [76.89845133572817, 43.18212781101465], [76.89845267683268, 43.182126469910145], [76.89845267683268, 43.18212378770113], [76.89845468848944, 43.18212177604437], [76.89845602959394, 43.182117752730846], [76.89845871180296, 43.182115741074085], [76.89846139401197, 43.182115741074085], [76.89846407622099, 43.182117752730846], [76.89846407622099, 43.18211976438761], [76.8984654173255, 43.18212043493986], [76.89846675843, 43.182124458253384], [76.89846944063902, 43.18212781101465], [76.89847078174353, 43.18213988095522], [76.89846809953451, 43.18214524537325], [76.89846675843, 43.18215262144804], [76.8984654173255, 43.182153292000294], [76.89846407622099, 43.18215664476156], [76.89846273511648, 43.18215664476156], [76.89846005290747, 43.18216200917959], [76.89845871180296, 43.1821633502841], [76.89845602959394, 43.1821633502841]]]}, "properties": {"id": 677, "class": "road", "confidence": 100.0, "source": "Almaty_5", "source_model": "unet-roads", "centroid_wkt": "POINT (76.89845982422977 43.18213871586538)", "bbox": [76.89844932407141, 43.182115741074085, 76.89847078174353, 43.1821633502841], "pixel_bbox": [4753, 3600, 4785, 3671], "area_m2": 6.421}}, {"type": "Feature", "geometry": {"type": "Polygon", "coordinates": [[[76.90075200051069, 43.1822169944644], [76.90075132995844, 43.182214982807636], [76.90074931830168, 43.182214982807636], [76.90074931830168, 43.182216323912144], [76.90074529498816, 43.182216323912144], [76.9007446244359, 43.182214982807636], [76.9007432833314, 43.182214982807636], [76.90074261277914, 43.182212971150875], [76.90074060112238, 43.18221230059862], [76.90074060112238, 43.18221028894186], [76.90073858946562, 43.182207606732845], [76.90073791891336, 43.182202242314816], [76.9007359072566, 43.18219888955355], [76.90073523670435, 43.18219218403101], [76.90073322504759, 43.18218816071749], [76.90073322504759, 43.18217743188143], [76.9007345661521, 43.18217743188143], [76.9007345661521, 43.18217542022467], [76.90073724836111, 43.18217407912016], [76.90072786062956, 43.182173408567905], [76.9007271900773, 43.18215999752283], [76.90073121339083, 43.182144574820995], [76.90073255449533, 43.18214390426874], [76.90073255449533, 43.18214189261198], [76.9007345661521, 43.18213786929846], [76.9007359072566, 43.182137198746204], [76.9007359072566, 43.18213518708944], [76.90073724836111, 43.18213451653719], [76.90073858946562, 43.18213049322367], [76.90074261277914, 43.182126469910145], [76.90074395388365, 43.18212244659662], [76.90074596554041, 43.182121105492115], [76.90074663609266, 43.182119093835354], [76.90074797719717, 43.182119093835354], [76.90074931830168, 43.18211708217859], [76.90075065940619, 43.182117752730846], [76.90075200051069, 43.18211507052183], [76.9007533416152, 43.182115741074085], [76.9007533416152, 43.18211439996958], [76.90075535327196, 43.18211439996958], [76.90075535327196, 43.18217273801565], [76.90075468271971, 43.18217407912016], [76.90074596554041, 43.18217407912016], [76.90074797719717, 43.18217542022467], [76.90075468271971, 43.18217542022467], [76.90075535327196, 43.18217810243368], [76.90075535327196, 43.182216323912144], [76.90075267106295, 43.18221565335989], [76.90075200051069, 43.1822169944644]], [[76.90074998885393, 43.18217810243368], [76.90075065940619, 43.182178772985935], [76.90075065940619, 43.18217810243368], [76.90074998885393, 43.18217810243368]]]}, "properties": {"id": 678, "class": "road", "confidence": 100.0, "source": "Almaty_5", "source_model": "unet-roads", "centroid_wkt": "POINT (76.90074470270186 43.18216650515177)", "bbox": [76.9007271900773, 43.18211439996958, 76.90075535327196, 43.1822169944644], "pixel_bbox": [8150, 3520, 8192, 3673], "area_m2": 18.227}}, {"type": "Feature", "geometry": {"type": "Polygon", "coordinates": [[[76.89861562103033, 43.182189501821995], [76.89861092716455, 43.18218816071749], [76.8986102566123, 43.18218681961298], [76.89860824495554, 43.18218681961298], [76.89860757440329, 43.18218547850847], [76.89860623329878, 43.18218547850847], [76.89860556274652, 43.18218346685171], [76.89860422164202, 43.18218346685171], [76.89860422164202, 43.18218145519495], [76.89860288053751, 43.18218145519495], [76.89860288053751, 43.18218011409044], [76.89860086888075, 43.18218011409044], [76.89860086888075, 43.182178772985935], [76.89859952777624, 43.182178772985935], [76.89859818667173, 43.182176761329174], [76.89859416335821, 43.18217542022467], [76.89860489219427, 43.18217407912016], [76.89863171428442, 43.18217407912016], [76.89862970262766, 43.1821720674634], [76.89863238483667, 43.18217072635889], [76.89863171428442, 43.18216469138861], [76.89863305538893, 43.18216402083635], [76.89863439649343, 43.182160668075085], [76.89863707870245, 43.18215798586607], [76.89864043146372, 43.18215664476156], [76.89864177256823, 43.1821546331048], [76.89864311367273, 43.1821546331048], [76.8986451253295, 43.182151950895786], [76.89865116029978, 43.18214859813452], [76.89865183085203, 43.18214658647776], [76.89865384250879, 43.18214524537325], [76.89865585416555, 43.18213853985071], [76.89865585416555, 43.182126469910145], [76.89865384250879, 43.18211641162634], [76.89864981919527, 43.18211104720831], [76.89864981919527, 43.182099647819996], [76.89865250140429, 43.18209629505873], [76.89865384250879, 43.182092271745205], [76.89865585416555, 43.1820909306407], [76.89865719527006, 43.182086907327175], [76.89865987747908, 43.18208422511816], [76.89866188913584, 43.18208422511816], [76.89866792410612, 43.18207886070013], [76.89866993576288, 43.18207886070013], [76.89867127686739, 43.18207751959562], [76.89867530018091, 43.18207751959562], [76.89867865294218, 43.182076178491116], [76.89868804067373, 43.182076178491116], [76.89868938177824, 43.18207751959562], [76.898691393435, 43.18207751959562], [76.89869206398726, 43.18207886070013], [76.89869541674852, 43.18207819014788], [76.89869809895754, 43.18208087235689], [76.89870346337557, 43.1820822134614], [76.8987088277936, 43.18208824843168], [76.89871352165937, 43.182090260088444], [76.89871620386839, 43.18209294229746], [76.89871620386839, 43.182094283401966], [76.89872156828642, 43.182099647819996], [76.89872156828642, 43.18210165947676], [76.89872357994318, 43.182105012238026], [76.89872425049543, 43.18211305886507], [76.89872693270445, 43.182121105492115], [76.89872693270445, 43.18212982267141], [76.89872559159994, 43.182133845984936], [76.89872559159994, 43.18213988095522], [76.89872290939093, 43.18214859813452], [76.89872156828642, 43.18214926868677], [76.89872022718191, 43.18215396255255], [76.89871620386839, 43.182157315313816], [76.89871486276388, 43.18215999752283], [76.89870614558458, 43.18216469138861], [76.89869608730078, 43.18216469138861], [76.89869541674852, 43.18217407912016], [76.8986364081502, 43.18217407912016], [76.89864244312048, 43.18217609077692], [76.89864043146372, 43.182178772985935], [76.89863841980696, 43.18217944353819], [76.89863841980696, 43.182180784642696], [76.89863506704569, 43.18218145519495], [76.89863506704569, 43.18218346685171], [76.89863238483667, 43.182186149060726], [76.89863037317991, 43.182186149060726], [76.89862634986639, 43.18218883126974], [76.89861562103033, 43.182189501821995]]]}, "properties": {"id": 679, "class": "road", "confidence": 100.0, "source": "Almaty_5", "source_model": "unet-roads", "centroid_wkt": "POINT (76.89867970203944 43.18213164033553)", "bbox": [76.89859416335821, 43.182076178491116, 76.89872693270445, 43.182189501821995], "pixel_bbox": [4969, 3561, 5167, 3730], "area_m2": 62.959}}, {"type": "Feature", "geometry": {"type": "Polygon", "coordinates": [[[76.89986754208803, 43.18215664476156], [76.89984876662493, 43.18215664476156], [76.89983535557985, 43.18214926868677], [76.89983401447535, 43.18214658647776], [76.89983200281858, 43.18214524537325], [76.89983200281858, 43.18214390426874], [76.89982999116182, 43.182142563164234], [76.89982932060957, 43.182139210402966], [76.89982663840055, 43.18213518708944], [76.89982663840055, 43.18213250488043], [76.89982261508703, 43.18212982267141], [76.89981993287802, 43.182124458253384], [76.89981859177351, 43.182124458253384], [76.899817250669, 43.18212177604437], [76.89981322735548, 43.18211976438761], [76.89981322735548, 43.1821184232831], [76.89980652183294, 43.182115741074085], [76.89980652183294, 43.18211439996958], [76.89980383962393, 43.182113729417324], [76.89979914575815, 43.18210903555155], [76.89979646354914, 43.18210233002901], [76.89979646354914, 43.18209696561098], [76.89979713410139, 43.182094283401966], [76.89979914575815, 43.18209294229746], [76.89980249851942, 43.18208623677492], [76.8998071923852, 43.182084895670414], [76.89980786293745, 43.18208355456591], [76.89980987459421, 43.18208355456591], [76.89980987459421, 43.1820822134614], [76.89981523901224, 43.182079531252384], [76.89982127398252, 43.18207819014788], [76.8998246267438, 43.18207550793886], [76.89983267337084, 43.18207483738661], [76.89983669668436, 43.18207684904337], [76.89984004944563, 43.18207684904337], [76.89985010772943, 43.1820822134614], [76.89985010772943, 43.18208355456591], [76.8998521193862, 43.18208422511816], [76.8998534604907, 43.182086907327175], [76.89986016601324, 43.182090260088444], [76.89986687153578, 43.18209830671549], [76.8998796120286, 43.182105012238026], [76.8998796120286, 43.18210635334253], [76.89988363534212, 43.182110376656055], [76.89988497644663, 43.182110376656055], [76.89988899976015, 43.182113729417324], [76.89989436417818, 43.18211507052183], [76.89989570528269, 43.18211708217859], [76.8998970463872, 43.18211641162634], [76.8998970463872, 43.18215128034353], [76.89989436417818, 43.18214926868677], [76.89989302307367, 43.18215060979128], [76.8998896703124, 43.18215060979128], [76.89988229423761, 43.182153292000294], [76.89987491816282, 43.18215396255255], [76.89986754208803, 43.18215664476156]]]}, "properties": {"id": 680, "class": "road", "confidence": 100.0, "source": "Almaty_5", "source_model": "unet-roads", "centroid_wkt": "POINT (76.89984900927472 43.18211698111601)", "bbox": [76.89979646354914, 43.18207483738661, 76.8998970463872, 43.18215664476156], "pixel_bbox": [6762, 3610, 6912, 3732], "area_m2": 47.398}}, {"type": "Feature", "geometry": {"type": "Polygon", "coordinates": [[[76.89738783985376, 43.18222772330046], [76.89737509936094, 43.182225711643696], [76.89736973494291, 43.18222302943468], [76.89736973494291, 43.18222168833017], [76.8973683938384, 43.18222168833017], [76.89736437052488, 43.18221766501665], [76.89736302942038, 43.18221364170313], [76.89736168831587, 43.182212971150875], [76.89736101776361, 43.1822082772851], [76.89735900610685, 43.18220626562834], [76.89735766500235, 43.18219017237425], [76.89735967665911, 43.18217609077692], [76.89736168831587, 43.182168044149876], [76.89736369997263, 43.18216469138861], [76.89736504107714, 43.18215664476156], [76.89736772328615, 43.182151950895786], [76.89736973494291, 43.18215060979128], [76.89736973494291, 43.18214926868677], [76.89737174659967, 43.182147927582264], [76.89737241715193, 43.182144574820995], [76.89737442880869, 43.182142563164234], [76.89737509936094, 43.182139210402966], [76.89737644046545, 43.18213853985071], [76.89737845212221, 43.18213317543268], [76.89737979322672, 43.18213250488043], [76.89738113433123, 43.18212781101465], [76.89738113433123, 43.182119093835354], [76.89737778156996, 43.18211104720831], [76.89737778156996, 43.18210434168577], [76.89737644046545, 43.1821009889245], [76.89737509936094, 43.182081542909145], [76.8973771110177, 43.182079531252384], [76.89737778156996, 43.182076178491116], [76.897385828197, 43.182068802416325], [76.89738783985376, 43.182068802416325], [76.89739253371954, 43.18206612020731], [76.8974032625556, 43.18206612020731], [76.8974133208394, 43.18206813186407], [76.89742002636194, 43.182070814073086], [76.89742606133223, 43.182076178491116], [76.89742606133223, 43.18207819014788], [76.89742740243673, 43.18207886070013], [76.89742740243673, 43.18208087235689], [76.89742874354124, 43.1820822134614], [76.89742874354124, 43.182090260088444], [76.89742740243673, 43.18209495395422], [76.89742606133223, 43.18209629505873], [76.89742606133223, 43.18209830671549], [76.89742472022772, 43.18209897726774], [76.89742472022772, 43.1821009889245], [76.8974220380187, 43.18210367113352], [76.8974206969142, 43.18210769444704], [76.89741600304842, 43.18211171776056], [76.89741600304842, 43.18211305886507], [76.89741265028715, 43.18211641162634], [76.89741063863039, 43.182123117148876], [76.89741063863039, 43.18212781101465], [76.89741466194391, 43.1821358576417], [76.89741466194391, 43.18213786929846], [76.89741734415293, 43.18214122205973], [76.8974206969142, 43.1821546331048], [76.8974206969142, 43.182173408567905], [76.89743410795927, 43.18217407912016], [76.89743410795927, 43.18217542022467], [76.89743679016829, 43.18217609077692], [76.89743410795927, 43.18217609077692], [76.89743209630251, 43.18217743188143], [76.89743209630251, 43.18218011409044], [76.89743008464575, 43.18218480795622], [76.89742472022772, 43.18219017237425], [76.89742404967546, 43.18219285458326], [76.89741935580969, 43.18219821900129], [76.89741801470518, 43.18220291286707], [76.89741600304842, 43.18220425397158], [76.89741265028715, 43.182210959494114], [76.89741265028715, 43.182212971150875], [76.89741063863039, 43.18221431225538], [76.89740996807814, 43.1822169944644], [76.89740728586912, 43.18221900612116], [76.89740728586912, 43.182220347225666], [76.89739521592855, 43.1822270527482], [76.89738783985376, 43.18222772330046]]]}, "properties": {"id": 681, "class": "road", "confidence": 100.0, "source": "Almaty_5", "source_model": "unet-roads", "centroid_wkt": "POINT (76.89739502227214 43.18215080168742)", "bbox": [76.89735766500235, 43.18206612020731, 76.89743679016829, 43.18222772330046], "pixel_bbox": [3125, 3504, 3243, 3745], "area_m2": 71.164}}, {"type": "Feature", "geometry": {"type": "Polygon", "coordinates": [[[76.89938139170408, 43.182126469910145], [76.89938072115183, 43.18212512880564], [76.89936932176352, 43.18212579935789], [76.89936395734549, 43.18212378770113], [76.89936261624098, 43.18212177604437], [76.89936060458422, 43.182121105492115], [76.89936060458422, 43.18211976438761], [76.89935859292746, 43.1821184232831], [76.89935859292746, 43.18211708217859], [76.89935054630041, 43.18210769444704], [76.8993492051959, 43.18210367113352], [76.89934451133013, 43.18208020180464], [76.89934451133013, 43.1820647791028], [76.89934585243464, 43.182052709162235], [76.89934585243464, 43.182032592594624], [76.89934317022562, 43.182016499340534], [76.89934317022562, 43.18200375884771], [76.89934451133013, 43.182002417743206], [76.89938206225634, 43.182002417743206], [76.89938206225634, 43.18203393369913], [76.89939010888338, 43.182041980326176], [76.89939010888338, 43.18204466253519], [76.89939212054014, 43.18204801529646], [76.89939212054014, 43.18205539137125], [76.89938943833113, 43.18206813186407], [76.89938809722662, 43.182068802416325], [76.89938809722662, 43.18207014352083], [76.89938675612211, 43.182070814073086], [76.89938608556986, 43.1820734962821], [76.8993840739131, 43.18207483738661], [76.89938206225634, 43.18207886070013], [76.89938139170408, 43.182126469910145]]]}, "properties": {"id": 682, "class": "road", "confidence": 100.0, "source": "Almaty_5", "source_model": "unet-roads", "centroid_wkt": "POINT (76.8993660246318 43.18205934490214)", "bbox": [76.89934317022562, 43.182002417743206, 76.89939212054014, 43.182126469910145], "pixel_bbox": [6086, 3655, 6159, 3840], "area_m2": 41.337}}, {"type": "Feature", "geometry": {"type": "Polygon", "coordinates": [[[76.89735028892756, 43.18203795701265], [76.8973496183753, 43.182036615908146], [76.89734157174826, 43.182034604251385], [76.89734023064375, 43.18203326314688], [76.89734023064375, 43.182031251490116], [76.89733888953924, 43.18203058093786], [76.89733888953924, 43.1820285692811], [76.89733754843473, 43.1820285692811], [76.89733687788248, 43.18202655762434], [76.89732681959867, 43.18201716989279], [76.89732547849417, 43.182011134922504], [76.89732614904642, 43.18200644105673], [76.89732480794191, 43.182005770504475], [76.89732480794191, 43.18200375884771], [76.89732950180769, 43.182002417743206], [76.897430755198, 43.182002417743206], [76.89743746072054, 43.18200375884771], [76.89743679016829, 43.18200509995222], [76.89743142575026, 43.18200711160898], [76.89743142575026, 43.18201247602701], [76.89742874354124, 43.18201515823603], [76.89742874354124, 43.18201716989279], [76.89742136746645, 43.182021863758564], [76.89740125089884, 43.182025887072086], [76.89739655703306, 43.18202789872885], [76.89738649874926, 43.182029239833355], [76.89738381654024, 43.18203058093786], [76.89737107604742, 43.18203192204237], [76.8973683938384, 43.182031251490116], [76.89736638218164, 43.182032592594624], [76.89735632389784, 43.182034604251385], [76.89735431224108, 43.182036615908146], [76.89735028892756, 43.18203795701265]]]}, "properties": {"id": 683, "class": "road", "confidence": 100.0, "source": "Almaty_5", "source_model": "unet-roads", "centroid_wkt": "POINT (76.89737584145655 43.18201546177683)", "bbox": [76.89732480794191, 43.182002417743206, 76.89743746072054, 43.18203795701265], "pixel_bbox": [3076, 3787, 3244, 3840], "area_m2": 24.513}}, {"type": "Feature", "geometry": {"type": "Polygon", "coordinates": [[[76.89896766096354, 43.18202655762434], [76.898960955441, 43.182023875415325], [76.89895626157522, 43.18201784044504], [76.89895559102297, 43.18201046437025], [76.89895693212748, 43.182005770504475], [76.89895559102297, 43.18200509995222], [76.89895559102297, 43.18200375884771], [76.89895693212748, 43.18200308829546], [76.89902398735285, 43.182002417743206], [76.89903471618891, 43.18200375884771], [76.89903270453215, 43.182005770504475], [76.89902734011412, 43.18200711160898], [76.89902734011412, 43.18201180547476], [76.89902599900961, 43.18201448768377], [76.89902130514383, 43.18201716989279], [76.89901862293482, 43.18201716989279], [76.89901124686003, 43.18202052265406], [76.8990072235465, 43.18202052265406], [76.89900185912848, 43.18202253431082], [76.89899247139692, 43.18202253431082], [76.89898911863565, 43.182023875415325], [76.89898174256086, 43.18202454596758], [76.89897704869509, 43.18202655762434], [76.89896766096354, 43.18202655762434]]]}, "properties": {"id": 684, "class": "road", "confidence": 100.0, "source": "Almaty_5", "source_model": "unet-roads", "centroid_wkt": "POINT (76.89898999623976 43.182012332551544)", "bbox": [76.89895559102297, 43.182002417743206, 76.89903471618891, 43.18202655762434], "pixel_bbox": [5508, 3804, 5626, 3840], "area_m2": 12.708}}, {"type": "Feature", "geometry": {"type": "Polygon", "coordinates": [[[76.89618621021509, 43.182023875415325], [76.89617548137903, 43.18202253431082], [76.89617279917002, 43.18202052265406], [76.89616944640875, 43.1820198521018], [76.89616944640875, 43.182018510997295], [76.89616676419973, 43.18201716989279], [76.89616676419973, 43.18201515823603], [76.89616542309523, 43.18201515823603], [76.89616475254297, 43.18201247602701], [76.89616341143847, 43.18201180547476], [76.89616341143847, 43.18200912326574], [76.89616542309523, 43.18200711160898], [76.89616274088621, 43.18200375884771], [76.8961687758565, 43.182002417743206], [76.89627472311258, 43.182002417743206], [76.89628411084414, 43.18200375884771], [76.89628276973963, 43.182005770504475], [76.8962787464261, 43.18200711160898], [76.89628008753061, 43.18200912326574], [76.89628008753061, 43.182013146579266], [76.8962787464261, 43.18201515823603], [76.89626667648554, 43.18202052265406], [76.89621236175299, 43.18202052265406], [76.89620967954397, 43.182021863758564], [76.89620297402143, 43.182021863758564], [76.89619828015566, 43.182023875415325], [76.89618621021509, 43.182023875415325]]]}, "properties": {"id": 685, "class": "road", "confidence": 100.0, "source": "Almaty_5", "source_model": "unet-roads", "centroid_wkt": "POINT (76.89622087301012 43.182011374620956)", "bbox": [76.89616274088621, 43.182002417743206, 76.89628411084414, 43.182023875415325], "pixel_bbox": [1343, 3808, 1524, 3840], "area_m2": 19.256}}, {"type": "Feature", "geometry": {"type": "Polygon", "coordinates": [[[76.89840506762266, 43.182018510997295], [76.89839903265238, 43.182016499340534], [76.89839031547308, 43.182016499340534], [76.89838763326406, 43.18201515823603], [76.89838360995054, 43.18201515823603], [76.89838226884604, 43.182013146579266], [76.8983856216073, 43.182009793818], [76.89838495105505, 43.182007782161236], [76.89838360995054, 43.18200644105673], [76.898376904428, 43.182005770504475], [76.89837355166674, 43.18200375884771], [76.89839500933886, 43.182002417743206], [76.89841847866774, 43.182002417743206], [76.89843390136957, 43.18200375884771], [76.89842719584703, 43.18200711160898], [76.89842719584703, 43.18201180547476], [76.89842518419027, 43.18201448768377], [76.89841847866774, 43.18201716989279], [76.89840506762266, 43.182018510997295]]]}, "properties": {"id": 686, "class": "road", "confidence": 100.0, "source": "Almaty_5", "source_model": "unet-roads", "centroid_wkt": "POINT (76.89840547396827 43.182009072814225)", "bbox": [76.89837355166674, 43.182002417743206, 76.89843390136957, 43.182018510997295], "pixel_bbox": [4640, 3816, 4730, 3840], "area_m2": 5.812}}, {"type": "Feature", "geometry": {"type": "Polygon", "coordinates": [[[76.89985278993845, 43.18204063922167], [76.89984876662493, 43.18203862756491], [76.89984675496817, 43.182036615908146], [76.89984407275915, 43.18203058093786], [76.89983334392309, 43.18202119320631], [76.89983200281858, 43.18201716989279], [76.89982932060957, 43.18201448768377], [76.89982932060957, 43.18201247602701], [76.89982663840055, 43.182009793818], [76.89982730895281, 43.18200711160898], [76.89982529729605, 43.18200375884771], [76.89983133226633, 43.182002417743206], [76.8998970463872, 43.182002417743206], [76.8998970463872, 43.1820198521018], [76.89989436417818, 43.18201918154955], [76.89989369362593, 43.18202253431082], [76.89989168196917, 43.18202320486307], [76.89988363534212, 43.18203058093786], [76.89987894147635, 43.18203192204237], [76.89986821264029, 43.1820372864604], [76.89986754208803, 43.18203862756491], [76.89985949546099, 43.18204063922167], [76.89985278993845, 43.18204063922167]]]}, "properties": {"id": 687, "class": "road", "confidence": 100.0, "source": "Almaty_5", "source_model": "unet-roads", "centroid_wkt": "POINT (76.89986308820964 43.182017460399855)", "bbox": [76.89982529729605, 43.182002417743206, 76.8998970463872, 43.18204063922167], "pixel_bbox": [6805, 3783, 6912, 3840], "area_m2": 17.995}}, {"type": "Feature", "geometry": {"type": "Polygon", "coordinates": [[[76.89579796046019, 43.182178772985935], [76.89579661935568, 43.182176761329174], [76.89579728990793, 43.18217542022467], [76.89579259604216, 43.18217407912016], [76.89579393714666, 43.182173408567905], [76.89579259604216, 43.18217072635889], [76.89579259604216, 43.18216670304537], [76.8957905843854, 43.18216469138861], [76.89578991383314, 43.182160668075085], [76.89578521996737, 43.18215128034353], [76.89578253775835, 43.18214859813452], [76.89577784389257, 43.182147927582264], [76.89577717334032, 43.18207483738661], [76.8957744911313, 43.1820734962821], [76.89577247947454, 43.182070814073086], [76.89577113837004, 43.182070814073086], [76.89577046781778, 43.182068802416325], [76.89576577395201, 43.1820647791028], [76.89576108008623, 43.18206276744604], [76.89575772732496, 43.18205941468477], [76.89575236290693, 43.18205740302801], [76.89574901014566, 43.18205405026674], [76.89574498683214, 43.1820460036397], [76.89574431627989, 43.182041980326176], [76.89574163407087, 43.18203862756491], [76.89574163407087, 43.18203527480364], [76.89573962241411, 43.182031251490116], [76.89573425799608, 43.18202991038561], [76.89573358744383, 43.1820285692811], [76.89572688192129, 43.1820285692811], [76.89572487026453, 43.182027228176594], [76.89569938927889, 43.18202521651983], [76.8956920132041, 43.18202655762434], [76.89568262547255, 43.18203058093786], [76.895673237741, 43.182032592594624], [76.89565513283014, 43.18203192204237], [76.8956470862031, 43.182029239833355], [76.89564105123281, 43.1820285692811], [76.89563971012831, 43.182027228176594], [76.89563367515802, 43.182025887072086], [76.89562696963549, 43.182021863758564], [76.8956209346652, 43.18202052265406], [76.89561624079943, 43.18201784044504], [76.89561288803816, 43.18201716989279], [76.89560953527689, 43.1820198521018], [76.89560752362013, 43.18201918154955], [76.89560752362013, 43.18202052265406], [76.89560551196337, 43.18201784044504], [76.89560551196337, 43.1820285692811], [76.89559813588858, 43.182031251490116], [76.89559411257505, 43.18203527480364], [76.89559411257505, 43.182036615908146], [76.89558874815702, 43.18204265087843], [76.89558673650026, 43.182047344744205], [76.8955847248435, 43.18204868584871], [76.8955847248435, 43.18205002695322], [76.895583383739, 43.18205002695322], [76.895583383739, 43.18205136805773], [76.89558137208223, 43.18205337971449], [76.89556997269392, 43.18205941468477], [76.89556460827589, 43.18205941468477], [76.89556192606688, 43.18206075578928], [76.8955572322011, 43.182060085237026], [76.89555320888758, 43.18206209689379], [76.89554583281279, 43.18206209689379], [76.89553577452898, 43.182058073580265], [76.89553309231997, 43.182058073580265], [76.8955310806632, 43.18205673247576], [76.8955310806632, 43.18205539137125], [76.89552571624517, 43.182052709162235], [76.89552370458841, 43.182052709162235], [76.89551834017038, 43.18204868584871], [76.89551699906588, 43.18204868584871], [76.89551632851362, 43.182047344744205], [76.89551364630461, 43.18204667419195], [76.89550090581179, 43.18203393369913], [76.89550023525953, 43.182031251490116], [76.89549688249826, 43.182029239833355], [76.89549621194601, 43.182025887072086], [76.895493529737, 43.18202320486307], [76.89547341316938, 43.182018510997295], [76.8954398855567, 43.18201784044504], [76.89543452113867, 43.18201448768377], [76.89543452113867, 43.182009793818], [76.89543318003416, 43.182007782161236], [76.8954325094819, 43.182002417743206], [76.89541775733232, 43.182002417743206], [76.89541708678007, 43.1820010766387], [76.89541440457106, 43.1820010766387], [76.89541574567556, 43.18199973553419], [76.89541440457106, 43.181997053325176], [76.8954137340188, 43.18198632448912], [76.89541507512331, 43.18198163062334], [76.89541641622782, 43.18198028951883], [76.89541708678007, 43.1819749251008], [76.89541976898909, 43.181969560682774], [76.8954211100936, 43.181969560682774], [76.8954211100936, 43.181968219578266], [76.89542513340712, 43.181964196264744], [76.89542513340712, 43.181962855160236], [76.89543318003416, 43.181958831846714], [76.89543452113867, 43.18195480853319], [76.89544055610895, 43.181950114667416], [76.89544189721346, 43.18195078521967], [76.89544592052698, 43.18194944411516], [76.89544793218374, 43.18195078521967], [76.89546134322882, 43.18195078521967], [76.89546670764685, 43.181955479085445], [76.89546804875135, 43.181955479085445], [76.89546938985586, 43.18195749074221], [76.89547073096037, 43.18195749074221], [76.89547207206488, 43.18195950239897], [76.89547341316938, 43.18195950239897], [76.89547475427389, 43.18196151405573], [76.8954760953784, 43.18196151405573], [76.8954774364829, 43.18196352571249], [76.89548280090094, 43.181966207921505], [76.89549218863249, 43.18196754902601], [76.89550157636404, 43.18196553736925], [76.89550962299109, 43.18196218460798], [76.89551297575235, 43.18196218460798], [76.89551431685686, 43.181960843503475], [76.89552035182714, 43.18195950239897], [76.89552839845419, 43.181955479085445], [76.8955397978425, 43.18195413798094], [76.89554180949926, 43.18195279687643], [76.89554985612631, 43.18195279687643], [76.8955572322011, 43.18195413798094], [76.89556058496237, 43.18195279687643], [76.89556863158941, 43.18195212632418], [76.89557131379843, 43.181950114667416], [76.89557399600744, 43.181944750249386], [76.89558204263449, 43.18194139748812], [76.8955921009183, 43.181932009756565], [76.89560148864985, 43.181932009756565], [76.8956021592021, 43.18193066865206], [76.8956035003066, 43.18193133920431], [76.89560551196337, 43.181929998099804], [76.89560618251562, 43.18200308829546], [76.89584959298372, 43.182002417743206], [76.89586568623781, 43.18200375884771], [76.89586233347654, 43.182005770504475], [76.89585763961077, 43.182005770504475], [76.89585361629725, 43.18200711160898], [76.89585361629725, 43.182009793818], [76.89585495740175, 43.182011134922504], [76.8958542868495, 43.18201448768377], [76.89584758132696, 43.18202119320631], [76.89584758132696, 43.18202253431082], [76.8958455696702, 43.18202454596758], [76.8958442285657, 43.18203058093786], [76.8958455696702, 43.18203527480364], [76.8958455696702, 43.18204063922167], [76.89584355801344, 43.18204399198294], [76.89584355801344, 43.1820460036397], [76.89584221690893, 43.18204667419195], [76.89583953469992, 43.18205203860998], [76.8958355113864, 43.18205539137125], [76.8958355113864, 43.18205673247576], [76.89583081752062, 43.18206075578928], [76.8958281353116, 43.18206612020731], [76.8958281353116, 43.18206813186407], [76.89582545310259, 43.18207148462534], [76.89582545310259, 43.182084895670414], [76.89582612365484, 43.18208623677492], [76.89582746475935, 43.18208623677492], [76.89583014696836, 43.182092271745205], [76.89583417028189, 43.18209562450647], [76.89583417028189, 43.18209696561098], [76.89583819359541, 43.18210165947676], [76.89583819359541, 43.182108364999294], [76.89583417028189, 43.18211708217859], [76.89583081752062, 43.18211976438761], [76.89583081752062, 43.182121105492115], [76.89582880586386, 43.18212244659662], [76.89582545310259, 43.182128481566906], [76.89582008868456, 43.18213317543268], [76.89581606537104, 43.182142563164234], [76.89581472426653, 43.18214323371649], [76.89581338316202, 43.18214725703001], [76.89581137150526, 43.18214926868677], [76.89581003040075, 43.1821546331048], [76.89580868929625, 43.1821546331048], [76.89580600708723, 43.182162679731846], [76.89580533653498, 43.18217072635889], [76.89580198377371, 43.18217273801565], [76.89580600708723, 43.18217407912016], [76.89579997211695, 43.18217474967241], [76.8957993015647, 43.18217609077692], [76.8958006426692, 43.18217743188143], [76.89579796046019, 43.182178772985935]], [[76.89553711563349, 43.182016499340534], [76.89554516226053, 43.18201515823603], [76.8955485150218, 43.18201247602701], [76.89555186778307, 43.18201180547476], [76.89555387943983, 43.18200845271349], [76.89555522054434, 43.18200845271349], [76.89555656164885, 43.18200644105673], [76.89555790275335, 43.18200644105673], [76.89555924385786, 43.18200375884771], [76.89556192606688, 43.182002417743206], [76.89548414200544, 43.18200308829546], [76.89548950642347, 43.18201046437025], [76.89549621194601, 43.18201381713152], [76.89552705734968, 43.18201381713152], [76.89553711563349, 43.182016499340534]]]}, "properties": {"id": 688, "class": "road", "confidence": 100.0, "source": "Almaty_5", "source_model": "unet-roads", "centroid_wkt": "POINT (76.89564668433404 43.18202412077163)", "bbox": [76.8954137340188, 43.181929998099804, 76.89586568623781, 43.182178772985935], "pixel_bbox": [226, 3577, 900, 3948], "area_m2": 261.251}}, {"type": "Feature", "geometry": {"type": "Polygon", "coordinates": [[[76.89696606248617, 43.18193469196558], [76.89695935696363, 43.181932009756565], [76.89695734530687, 43.181929998099804], [76.89695466309786, 43.18192329257727], [76.89695600420237, 43.18191859871149], [76.89696405082941, 43.18191256374121], [76.8969700857997, 43.18191256374121], [76.89697209745646, 43.181913904845715], [76.89697880297899, 43.18191256374121], [76.89697880297899, 43.18193268030882], [76.89697746187449, 43.18193335086107], [76.89697410911322, 43.181932009756565], [76.89697276800871, 43.18193268030882], [76.89697276800871, 43.181934021413326], [76.89696606248617, 43.18193469196558]]]}, "properties": {"id": 689, "class": "road", "confidence": 100.0, "source": "Almaty_5", "source_model": "unet-roads", "centroid_wkt": "POINT (76.8969682333663 43.181923077788326)", "bbox": [76.89695466309786, 43.18191256374121, 76.89697880297899, 43.18193469196558], "pixel_bbox": [2524, 3941, 2560, 3974], "area_m2": 3.978}}, {"type": "Feature", "geometry": {"type": "Polygon", "coordinates": [[[76.9016458466649, 43.181968219578266], [76.9016445055604, 43.181962855160236], [76.90164316445589, 43.181964866817], [76.90163914114237, 43.181966207921505], [76.90163109451532, 43.181966207921505], [76.90162237733603, 43.18196352571249], [76.90161366015673, 43.18195816129446], [76.90161366015673, 43.18192195147276], [76.90161969512701, 43.18191725760698], [76.90162103623152, 43.18191725760698], [76.90162237733603, 43.18191524595022], [76.9016270712018, 43.18191323429346], [76.90162908285856, 43.181910552084446], [76.90163444727659, 43.18190786987543], [76.90163914114237, 43.18190719932318], [76.9016445055604, 43.1819112226367], [76.90164517611265, 43.181906528770924], [76.90164651721716, 43.18190451711416], [76.9016458466649, 43.181968219578266]]]}, "properties": {"id": 690, "class": "road", "confidence": 100.0, "source": "Almaty_5", "source_model": "unet-roads", "centroid_wkt": "POINT (76.9016313457827 43.181937645291015)", "bbox": [76.90161366015673, 43.18190451711416, 76.90164651721716, 43.181968219578266], "pixel_bbox": [9472, 3891, 9521, 3986], "area_m2": 15.252}}, {"type": "Feature", "geometry": {"type": "Polygon", "coordinates": [[[76.89802955836058, 43.181937374174595], [76.89801950007677, 43.18193469196558], [76.89801681786776, 43.18193268030882], [76.89801279455423, 43.18193268030882], [76.89801212400198, 43.181934021413326], [76.89801011234522, 43.18193335086107], [76.89800944179296, 43.18189848214388], [76.89801078289747, 43.18189848214388], [76.89801078289747, 43.181899823248386], [76.89801212400198, 43.181899823248386], [76.89801212400198, 43.181901164352894], [76.89801346510649, 43.18190183490515], [76.8980235233903, 43.181899823248386], [76.89803157001734, 43.181903176009655], [76.89803224056959, 43.18190451711416], [76.89803894609213, 43.18190719932318], [76.89804699271917, 43.18191792815924], [76.89804833382368, 43.18192195147276], [76.89804833382368, 43.18193066865206], [76.89804699271917, 43.18193133920431], [76.89804699271917, 43.18193268030882], [76.8980422988534, 43.18193670362234], [76.89802955836058, 43.181937374174595]]]}, "properties": {"id": 691, "class": "road", "confidence": 100.0, "source": "Almaty_5", "source_model": "unet-roads", "centroid_wkt": "POINT (76.89802779593582 43.181919266540014)", "bbox": [76.89800944179296, 43.18189848214388, 76.89804833382368, 43.181937374174595], "pixel_bbox": [4097, 3937, 4155, 3995], "area_m2": 10.581}}, {"type": "Feature", "geometry": {"type": "Polygon", "coordinates": [[[76.89921911805868, 43.18205405026674], [76.89920302480459, 43.18205405026674], [76.89920168370008, 43.182052709162235], [76.89920168370008, 43.182045333087444], [76.89920101314783, 43.182041980326176], [76.89920034259558, 43.18204063922167], [76.89919900149107, 43.18204063922167], [76.89919900149107, 43.18203929811716], [76.89919766038656, 43.18203929811716], [76.89919296652079, 43.18203393369913], [76.89919028431177, 43.18203326314688], [76.899185590446, 43.182029239833355], [76.89916078001261, 43.18202052265406], [76.89916010946035, 43.18201918154955], [76.89915809780359, 43.18201918154955], [76.89915742725134, 43.18201784044504], [76.89915407449007, 43.182016499340534], [76.89915407449007, 43.18201515823603], [76.89915273338556, 43.18201515823603], [76.89915139228106, 43.18201247602701], [76.89915340393782, 43.18200845271349], [76.89915340393782, 43.182005770504475], [76.89915139228106, 43.182005770504475], [76.8991493806243, 43.18200375884771], [76.8991594389081, 43.182002417743206], [76.89921107143164, 43.182002417743206], [76.89921040087938, 43.181897811591625], [76.89921107143164, 43.18189445883036], [76.89921241253614, 43.18189311772585], [76.89921375364065, 43.18189512938261], [76.89921978861094, 43.18189445883036], [76.89922515302896, 43.181895799934864], [76.89922850579023, 43.18189915269613], [76.89923118799925, 43.181899823248386], [76.89923387020826, 43.1819025054574], [76.89923387020826, 43.18190384656191], [76.89923588186502, 43.18190451711416], [76.89923655241728, 43.18190786987543], [76.8992392346263, 43.181910552084446], [76.8992392346263, 43.18191256374121], [76.8992405757308, 43.18191323429346], [76.8992405757308, 43.181915916502476], [76.89924191683531, 43.18191725760698], [76.89924191683531, 43.18193268030882], [76.8992405757308, 43.181934021413326], [76.89923655241728, 43.18194877356291], [76.89923655241728, 43.18196754902601], [76.89923789352179, 43.18197090178728], [76.89923789352179, 43.18198699504137], [76.8992392346263, 43.181989677250385], [76.8992392346263, 43.18199638277292], [76.89923521131277, 43.181998394429684], [76.89923521131277, 43.18199973553419], [76.89923252910376, 43.182000406086445], [76.89923252910376, 43.18200174719095], [76.89923990517855, 43.182002417743206], [76.89924124628305, 43.18200375884771], [76.89923990517855, 43.182007782161236], [76.89924124628305, 43.18201381713152], [76.8992405757308, 43.18201784044504], [76.89924191683531, 43.182031251490116], [76.8992392346263, 43.18204063922167], [76.89923387020826, 43.18204667419195], [76.89921911805868, 43.18205405026674]]]}, "properties": {"id": 692, "class": "road", "confidence": 100.0, "source": "Almaty_5", "source_model": "unet-roads", "centroid_wkt": "POINT (76.89921468303095 43.18198656710769)", "bbox": [76.8991493806243, 43.18189311772585, 76.89924191683531, 43.18205405026674], "pixel_bbox": [5797, 3763, 5935, 4003], "area_m2": 54.26}}, {"type": "Feature", "geometry": {"type": "Polygon", "coordinates": [[[76.89916882663965, 43.18197425454855], [76.89916413277388, 43.181971572339535], [76.89915608614683, 43.181969560682774], [76.8991507217288, 43.18196553736925], [76.89914133399725, 43.181948103010654], [76.899140663445, 43.181942738592625], [76.89913798123598, 43.181937374174595], [76.89913462847471, 43.181908540427685], [76.89913596957922, 43.181897811591625], [76.89913932234049, 43.18188976496458], [76.89914267510176, 43.18188641220331], [76.89915340393782, 43.18188104778528], [76.89916346222162, 43.18188104778528], [76.89917620271444, 43.181887082755566], [76.89917754381895, 43.18188909441233], [76.89918022602797, 43.181890435516834], [76.89918156713247, 43.1818937882781], [76.89918491989374, 43.18189714103937], [76.899185590446, 43.18190049380064], [76.89918961375952, 43.18190384656191], [76.89919095486403, 43.18190719932318], [76.89919229596853, 43.18190719932318], [76.89919363707304, 43.18190921097994], [76.89919631928205, 43.18190988153219], [76.89919631928205, 43.1819112226367], [76.89919766038656, 43.1819112226367], [76.89919900149107, 43.18191323429346], [76.89920302480459, 43.18191524595022], [76.89920704811811, 43.18192061036825], [76.89920704811811, 43.18193133920431], [76.8992043659091, 43.18193469196558], [76.8992043659091, 43.18193670362234], [76.89920302480459, 43.181937374174595], [76.89920302480459, 43.181939385831356], [76.89920168370008, 43.18194005638361], [76.89920168370008, 43.18194206804037], [76.89919833093882, 43.1819474324584], [76.89919833093882, 43.181950114667416], [76.8991943076253, 43.18196151405573], [76.89918827265501, 43.181968219578266], [76.899185590446, 43.18196889013052], [76.89918357878923, 43.181971572339535], [76.8991782143712, 43.18197291344404], [76.8991768732667, 43.18197425454855], [76.89916882663965, 43.18197425454855]]]}, "properties": {"id": 693, "class": "road", "confidence": 100.0, "source": "Almaty_5", "source_model": "unet-roads", "centroid_wkt": "POINT (76.89916852388117 43.181927194606395)", "bbox": [76.89913462847471, 43.18188104778528, 76.89920704811811, 43.18197425454855], "pixel_bbox": [5775, 3882, 5883, 4021], "area_m2": 43.883}}, {"type": "Feature", "geometry": {"type": "Polygon", "coordinates": [[[76.89935859292746, 43.181932009756565], [76.89935188740492, 43.18192798644304], [76.89935054630041, 43.18192396312952], [76.8993492051959, 43.18192329257727], [76.89934853464365, 43.18191859871149], [76.89934518188238, 43.18191725760698], [76.89934451133013, 43.18191457539797], [76.89933579415083, 43.181905187666416], [76.89933445304632, 43.18190183490515], [76.89933512359858, 43.18189110606909], [76.89933713525534, 43.18188909441233], [76.8993391469121, 43.18188440054655], [76.8993404880166, 43.1818837299943], [76.8993404880166, 43.18188238888979], [76.89934384077787, 43.18187903612852], [76.89934652298689, 43.18187836557627], [76.89934719353914, 43.18187702447176], [76.89935456961393, 43.18187300115824], [76.89935993403196, 43.18187166005373], [76.89937267452478, 43.18187166005373], [76.89937870949507, 43.18187300115824], [76.89938139170408, 43.181875012815], [76.89938273280859, 43.18187166005373], [76.89938340336084, 43.181874342262745], [76.89938809722662, 43.181874342262745], [76.89939144998789, 43.18187769502401], [76.89939212054014, 43.18188104778528], [76.89939346164465, 43.18188238888979], [76.89939346164465, 43.18188842386007], [76.89939212054014, 43.18188909441233], [76.89939212054014, 43.18189110606909], [76.89938943833113, 43.18189445883036], [76.89938943833113, 43.18189647048712], [76.8993854150176, 43.18190049380064], [76.89938273280859, 43.18190049380064], [76.89938206225634, 43.181921280920506], [76.89938072115183, 43.181921280920506], [76.89938005059958, 43.18192329257727], [76.89937602728605, 43.18192396312952], [76.8993753567338, 43.18192597478628], [76.89937267452478, 43.181926645338535], [76.89936731010675, 43.18193066865206], [76.89935859292746, 43.181932009756565]], [[76.89937938004732, 43.18190719932318], [76.89938005059958, 43.181908540427685], [76.89938005059958, 43.18190719932318], [76.89937938004732, 43.18190719932318]]]}, "properties": {"id": 694, "class": "road", "confidence": 100.0, "source": "Almaty_5", "source_model": "unet-roads", "centroid_wkt": "POINT (76.89936398690942 43.18189820863471)", "bbox": [76.89933445304632, 43.18187166005373, 76.89939346164465, 43.181932009756565], "pixel_bbox": [6073, 3945, 6161, 4035], "area_m2": 22.53}}, {"type": "Feature", "geometry": {"type": "Polygon", "coordinates": [[[76.89774189144373, 43.18188909441233], [76.89773451536894, 43.18188574165106], [76.89773451536894, 43.18188440054655], [76.89773049205542, 43.18188104778528], [76.89772982150316, 43.181876353919506], [76.89773183315992, 43.181872330605984], [76.89773317426443, 43.181870989501476], [76.89773987978697, 43.18186964839697], [76.89774055033922, 43.18186830729246], [76.89774390310049, 43.181866966187954], [76.89775060862303, 43.181866966187954], [76.89775798469782, 43.18187031894922], [76.89775798469782, 43.18187166005373], [76.8977626785636, 43.181876353919506], [76.89776066690683, 43.181885071098804], [76.89775798469782, 43.181887082755566], [76.8977553024888, 43.181887082755566], [76.89775127917528, 43.18188909441233], [76.89774189144373, 43.18188909441233]]]}, "properties": {"id": 695, "class": "road", "confidence": 100.0, "source": "Almaty_5", "source_model": "unet-roads", "centroid_wkt": "POINT (76.89774675989571 43.181877934157775)", "bbox": [76.89772982150316, 43.181866966187954, 76.8977626785636, 43.18188909441233], "pixel_bbox": [3680, 4009, 3729, 4042], "area_m2": 5.014}}, {"type": "Feature", "geometry": {"type": "Polygon", "coordinates": [[[76.89979244023561, 43.18185959011316], [76.89979042857885, 43.18185690790415], [76.89978774636984, 43.181856237351894], [76.89978640526533, 43.18185422569513], [76.89978439360857, 43.18185355514288], [76.89978372305632, 43.18185020238161], [76.89978171139956, 43.181847520172596], [76.89978171139956, 43.18184081465006], [76.89978305250406, 43.181836791336536], [76.89978439360857, 43.18183612078428], [76.89978372305632, 43.18183209747076], [76.89981389790773, 43.18183209747076], [76.89981054514647, 43.18183545023203], [76.89981456845999, 43.18183947354555], [76.89981456845999, 43.18184416741133], [76.89981188625097, 43.18184953182936], [76.89981054514647, 43.18184953182936], [76.89980920404196, 43.181852884590626], [76.89980451017618, 43.1818575784564], [76.8997984752059, 43.18185959011316], [76.89979244023561, 43.18185959011316]]]}, "properties": {"id": 696, "class": "road", "confidence": 100.0, "source": "Almaty_5", "source_model": "unet-roads", "centroid_wkt": "POINT (76.8997979802549 43.181844099698495)", "bbox": [76.89978171139956, 43.18183209747076, 76.89981456845999, 43.18185959011316], "pixel_bbox": [6740, 4053, 6789, 4094], "area_m2": 6.626}}, {"type": "Feature", "geometry": {"type": "Polygon", "coordinates": [[[76.89634043723345, 43.18186830729246], [76.89632769674063, 43.1818662956357], [76.89632166177034, 43.18186428397894], [76.89632032066584, 43.18186294287443], [76.89630825072527, 43.18185891956091], [76.89630556851625, 43.18185690790415], [76.8963035568595, 43.18185690790415], [76.89630154520273, 43.18185489624739], [76.89629282802343, 43.18185221403837], [76.89629215747118, 43.18183075636625], [76.8964034691453, 43.18183075636625], [76.89640413969755, 43.181836791336536], [76.89640145748854, 43.181842155754566], [76.89639877527952, 43.18184483796358], [76.89639743417501, 43.18184483796358], [76.89639408141375, 43.1818488612771], [76.89639139920473, 43.18184953182936], [76.89639072865248, 43.181850872933865], [76.89638871699572, 43.181850872933865], [76.89638804644346, 43.181852884590626], [76.89638201147318, 43.18185489624739], [76.89638067036867, 43.18185690790415], [76.89637798815966, 43.1818575784564], [76.8963773176074, 43.18185891956091], [76.89637463539839, 43.18185959011316], [76.89637329429388, 43.181861601769924], [76.89637061208487, 43.18186294287443], [76.89635653048754, 43.18186763674021], [76.89634043723345, 43.18186830729246]]]}, "properties": {"id": 697, "class": "road", "confidence": 100.0, "source": "Almaty_5", "source_model": "unet-roads", "centroid_wkt": "POINT (76.89634549317586 43.18184601171916)", "bbox": [76.89629215747118, 43.18183075636625, 76.89640413969755, 43.18186830729246], "pixel_bbox": [1536, 4040, 1703, 4096], "area_m2": 29.434}}, {"type": "Feature", "geometry": {"type": "Polygon", "coordinates": [[[76.89680848270655, 43.18185020238161], [76.89680714160204, 43.18184416741133], [76.89680714160204, 43.18183410912752], [76.89680848270655, 43.18183075636625], [76.8968279287219, 43.18183075636625], [76.89683396369219, 43.18183209747076], [76.89683195203543, 43.181834779679775], [76.89682926982641, 43.18183545023203], [76.89682859927416, 43.181840144097805], [76.89682457596064, 43.181845508515835], [76.89681988209486, 43.18184819072485], [76.8968091532588, 43.18184819072485], [76.89680848270655, 43.18185020238161]]]}, "properties": {"id": 698, "class": "road", "confidence": 100.0, "source": "Almaty_5", "source_model": "unet-roads", "centroid_wkt": "POINT (76.89681828267882 43.18183840063411)", "bbox": [76.89680714160204, 43.18183075636625, 76.89683396369219, 43.18185020238161], "pixel_bbox": [2304, 4067, 2344, 4096], "area_m2": 3.261}}, {"type": "Feature", "geometry": {"type": "Polygon", "coordinates": [[[76.89951818436384, 43.18196687847376], [76.89951281994581, 43.18196553736925], [76.8995114788413, 43.181964196264744], [76.89950879663229, 43.181964196264744], [76.89950812608004, 43.181962855160236], [76.89949806779623, 43.18195950239897], [76.89948868006468, 43.18195078521967], [76.89948599785566, 43.18194542080164], [76.89948599785566, 43.181939385831356], [76.89948800951242, 43.18193670362234], [76.89948800951242, 43.18193469196558], [76.8994913622737, 43.18192798644304], [76.89949739724398, 43.181921280920506], [76.89950007945299, 43.181919939816], [76.89950007945299, 43.18191859871149], [76.89950209110975, 43.18191792815924], [76.89950209110975, 43.18191658705473], [76.89950544387102, 43.18191323429346], [76.89950678497553, 43.18191323429346], [76.89951080828905, 43.18190921097994], [76.89951281994581, 43.18190384656191], [76.89951281994581, 43.18190049380064], [76.8995101377368, 43.181897811591625], [76.89950946718454, 43.18189512938261], [76.89950745552778, 43.18189445883036], [76.89950410276651, 43.181890435516834], [76.89950075000525, 43.18188909441233], [76.89949605613947, 43.18188440054655], [76.89949404448271, 43.18188037723303], [76.8994913622737, 43.181870989501476], [76.8994913622737, 43.18186562508345], [76.8994927033782, 43.18186294287443], [76.8994927033782, 43.18185489624739], [76.8994913622737, 43.18185154348612], [76.89947728067636, 43.181847520172596], [76.89946722239256, 43.181847520172596], [76.89945850521326, 43.181843496859074], [76.89945515245199, 43.18184483796358], [76.8994477763772, 43.18184483796358], [76.89943637698889, 43.18184819072485], [76.89942698925734, 43.1818488612771], [76.89941894263029, 43.181850872933865], [76.89940620213747, 43.181850872933865], [76.89939614385366, 43.18184953182936], [76.89938742667437, 43.181845508515835], [76.8993854150176, 43.181845508515835], [76.89938474446535, 43.181843496859074], [76.89938273280859, 43.181843496859074], [76.89938340336084, 43.18183612078428], [76.8993840739131, 43.1818388029933], [76.89938608556986, 43.181838132441044], [76.89938608556986, 43.18183545023203], [76.89938474446535, 43.181834779679775], [76.89938474446535, 43.18183343857527], [76.89938340336084, 43.18183545023203], [76.89938340336084, 43.18183209747076], [76.89939547330141, 43.18183075636625], [76.89951281994581, 43.18183075636625], [76.89951416105032, 43.18183209747076], [76.89951684325933, 43.18183209747076], [76.89951684325933, 43.18183343857527], [76.89951818436384, 43.18183343857527], [76.8995188549161, 43.181834779679775], [76.89952153712511, 43.181834779679775], [76.89952488988638, 43.18183746188879], [76.89953025430441, 43.18183947354555], [76.89953360706568, 43.18184416741133], [76.89953830093145, 43.18184617906809], [76.89954098314047, 43.18184953182936], [76.89954232424498, 43.18184953182936], [76.89954500645399, 43.181852884590626], [76.89954970031977, 43.18185489624739], [76.89955171197653, 43.1818575784564], [76.89955372363329, 43.1818575784564], [76.89955573529005, 43.181861601769924], [76.89955707639456, 43.181861601769924], [76.89955975860357, 43.18186495453119], [76.89956109970808, 43.18186495453119], [76.8995637819171, 43.18186830729246], [76.8995651230216, 43.18186830729246], [76.89956780523062, 43.18187166005373], [76.89956914633512, 43.18187166005373], [76.89957585185766, 43.181879706680775], [76.89957719296217, 43.18188440054655], [76.89957853406668, 43.181885071098804], [76.89957853406668, 43.181887082755566], [76.89957987517118, 43.18188842386007], [76.89957987517118, 43.18189110606909], [76.89958121627569, 43.18189177662134], [76.8995825573802, 43.18189714103937], [76.89958456903696, 43.18190049380064], [76.89958658069372, 43.181913904845715], [76.8995838984847, 43.181929998099804], [76.89957719296217, 43.18193804472685], [76.8995738402009, 43.181939385831356], [76.89956914633512, 43.18194407969713], [76.89956646412611, 43.181944750249386], [76.89956109970808, 43.181950114667416], [76.8995550647378, 43.18195279687643], [76.89955439418554, 43.181955479085445], [76.89955171197653, 43.181955479085445], [76.89955171197653, 43.18195682018995], [76.899547688663, 43.18196017295122], [76.89953092485666, 43.18196687847376], [76.89951818436384, 43.18196687847376]], [[76.8993840739131, 43.18183947354555], [76.89938474446535, 43.181840144097805], [76.89938474446535, 43.18183947354555], [76.8993840739131, 43.18183947354555]]]}, "properties": {"id": 699, "class": "road", "confidence": 100.0, "source": "Almaty_5", "source_model": "unet-roads", "centroid_wkt": "POINT (76.89951742853692 43.181891977346446)", "bbox": [76.89938273280859, 43.18183075636625, 76.89958658069372, 43.18196687847376], "pixel_bbox": [6145, 3893, 6449, 4096], "area_m2": 100.753}}, {"type": "Feature", "geometry": {"type": "Polygon", "coordinates": [[[76.89583215862513, 43.18185422569513], [76.89582478255033, 43.18185154348612], [76.89581874758005, 43.18184617906809], [76.89581874758005, 43.18184483796358], [76.89581606537104, 43.181843496859074], [76.89581539481878, 43.18184081465006], [76.89581405371428, 43.181840144097805], [76.89581472426653, 43.181836791336536], [76.89581606537104, 43.18183545023203], [76.89581539481878, 43.18183410912752], [76.89581271260977, 43.18183410912752], [76.89581204205751, 43.18183209747076], [76.89582344144583, 43.18183075636625], [76.89586635679007, 43.18183075636625], [76.89587641507387, 43.18183209747076], [76.89587574452162, 43.18183343857527], [76.89587105065584, 43.18183545023203], [76.89587239176035, 43.181838132441044], [76.89587239176035, 43.18184148520231], [76.89586501568556, 43.1818488612771], [76.89585831016302, 43.18185020238161], [76.89585629850626, 43.18185221403837], [76.89585160464048, 43.181852884590626], [76.89584959298372, 43.18185422569513], [76.89583215862513, 43.18185422569513]]]}, "properties": {"id": 700, "class": "road", "confidence": 100.0, "source": "Almaty_5", "source_model": "unet-roads", "centroid_wkt": "POINT (76.89584365878305 43.181840762875325)", "bbox": [76.89581204205751, 43.18183075636625, 76.89587641507387, 43.18185422569513], "pixel_bbox": [820, 4061, 916, 4096], "area_m2": 10.45}}, {"type": "Feature", "geometry": {"type": "Polygon", "coordinates": [[[76.89560551196337, 43.18189512938261], [76.89559143036604, 43.181892447173595], [76.89558405429125, 43.18188842386007], [76.89557801932096, 43.18188037723303], [76.89557801932096, 43.18187903612852], [76.89557198435068, 43.18187300115824], [76.89557064324617, 43.18187300115824], [76.89556460827589, 43.18186763674021], [76.89556058496237, 43.1818662956357], [76.89555320888758, 43.1818662956357], [76.8955471739173, 43.18186763674021], [76.89554382115602, 43.18187031894922], [76.89553510397673, 43.18187300115824], [76.89553309231997, 43.18187568336725], [76.89552638679743, 43.18187702447176], [76.89552437514067, 43.18187836557627], [76.89551632851362, 43.18187903612852], [76.89550828188658, 43.18187769502401], [76.8955035880208, 43.18187568336725], [76.89549822360277, 43.18187166005373], [76.89549621194601, 43.18186763674021], [76.89549151808023, 43.181866966187954], [76.89548950642347, 43.18186495453119], [76.89548816531897, 43.18186495453119], [76.89548414200544, 43.18186026066542], [76.8954848125577, 43.1818575784564], [76.89548213034868, 43.18185556679964], [76.89548213034868, 43.181843496859074], [76.89548682421446, 43.18183612078428], [76.89548548310995, 43.18183209747076], [76.89548883587122, 43.18183075636625], [76.89560551196337, 43.18183075636625], [76.89560551196337, 43.18189512938261]]]}, "properties": {"id": 701, "class": "road", "confidence": 100.0, "source": "Almaty_5", "source_model": "unet-roads", "centroid_wkt": "POINT (76.89554945640349 43.18185415736966)", "bbox": [76.89548213034868, 43.18183075636625, 76.89560551196337, 43.18189512938261], "pixel_bbox": [328, 4000, 512, 4096], "area_m2": 50.024}}, {"type": "Feature", "geometry": {"type": "Polygon", "coordinates": [[[76.90013375133276, 43.18184953182936], [76.90011899918318, 43.1818488612771], [76.90010625869036, 43.181845508515835], [76.90010223537683, 43.181840144097805], [76.90010223537683, 43.181834779679775], [76.90010022372007, 43.18183209747076], [76.9001129642129, 43.18183075636625], [76.90016526728868, 43.18183075636625], [76.90016996115446, 43.18183209747076], [76.90016862004995, 43.181832768023014], [76.90016862004995, 43.181834779679775], [76.90016727894545, 43.181834779679775], [76.90016727894545, 43.1818388029933], [76.90016593784094, 43.18183947354555], [76.90016526728868, 43.181842155754566], [76.9001592323184, 43.18184617906809], [76.90015185624361, 43.18184819072485], [76.90013375133276, 43.18184953182936]]]}, "properties": {"id": 702, "class": "road", "confidence": 100.0, "source": "Almaty_5", "source_model": "unet-roads", "centroid_wkt": "POINT (76.90013489825651 43.18183889109641)", "bbox": [76.90010022372007, 43.18183075636625, 76.90016996115446, 43.18184953182936], "pixel_bbox": [7215, 4068, 7319, 4096], "area_m2": 9.747}}, {"type": "Feature", "geometry": {"type": "Polygon", "coordinates": [[[76.89852308481932, 43.18188104778528], [76.89852174371481, 43.18187903612852], [76.89851503819227, 43.18188037723303], [76.89850766211748, 43.18187836557627], [76.89850497990847, 43.181876353919506], [76.89849894493818, 43.181875012815], [76.89849358052015, 43.181872330605984], [76.89848821610212, 43.18186763674021], [76.89848687499762, 43.18186763674021], [76.89847480505705, 43.18185690790415], [76.89847346395254, 43.18185355514288], [76.89846809953451, 43.18184819072485], [76.89846675843, 43.18184819072485], [76.89846340566874, 43.18184483796358], [76.89846206456423, 43.181842155754566], [76.89846206456423, 43.18183545023203], [76.89846005290747, 43.18183209747076], [76.89846407622099, 43.18183075636625], [76.89850430935621, 43.18183075636625], [76.89850632101297, 43.181830085814], [76.8985103443265, 43.18182539194822], [76.89851436764002, 43.18182472139597], [76.89851704984903, 43.18182270973921], [76.8985190615058, 43.181824050843716], [76.89852174371481, 43.181824050843716], [76.89852241426706, 43.18182606250048], [76.89852375537157, 43.18182472139597], [76.89852375537157, 43.18183075636625], [76.89852844923735, 43.18183075636625], [76.89852844923735, 43.18183209747076], [76.89853046089411, 43.181832768023014], [76.89853046089411, 43.18183410912752], [76.89853448420763, 43.18183746188879], [76.89853448420763, 43.1818388029933], [76.89854186028242, 43.181845508515835], [76.89854186028242, 43.18184684962034], [76.89854722470045, 43.18185221403837], [76.89854722470045, 43.18185489624739], [76.89854856580496, 43.18185690790415], [76.8985465541482, 43.18185891956091], [76.89854722470045, 43.181861601769924], [76.89854253083467, 43.18186495453119], [76.89853984862566, 43.18187031894922], [76.89853046089411, 43.18187367171049], [76.8985277786851, 43.18187300115824], [76.8985277786851, 43.181874342262745], [76.89852576702833, 43.18187367171049], [76.89852576702833, 43.181875012815], [76.89852442592382, 43.18187367171049], [76.89852308481932, 43.18188104778528]]]}, "properties": {"id": 703, "class": "road", "confidence": 100.0, "source": "Almaty_5", "source_model": "unet-roads", "centroid_wkt": "POINT (76.89850717618651 43.18185075774861)", "bbox": [76.89846005290747, 43.18182270973921, 76.89854856580496, 43.18188104778528], "pixel_bbox": [4769, 4021, 4901, 4108], "area_m2": 28.081}}, {"type": "Feature", "geometry": {"type": "Polygon", "coordinates": [[[76.89881678670645, 43.18183075636625], [76.89876448363066, 43.181830085814], [76.89876314252615, 43.18182807415724], [76.89876180142164, 43.18182807415724], [76.89876046031713, 43.18182472139597], [76.89876180142164, 43.18182472139597], [76.89876314252615, 43.18182270973921], [76.89876582473516, 43.1818213686347], [76.89878191798925, 43.181816674768925], [76.89878527075052, 43.18181466311216], [76.89879734069109, 43.1818126514554], [76.8988087400794, 43.181813322007656], [76.89881142228842, 43.18181466311216], [76.89881276339293, 43.181816674768925], [76.89881410449743, 43.181816674768925], [76.89881879836321, 43.18182338029146], [76.89881812781096, 43.181830085814], [76.89881678670645, 43.18183075636625]]]}, "properties": {"id": 704, "class": "road", "confidence": 100.0, "source": "Almaty_5", "source_model": "unet-roads", "centroid_wkt": "POINT (76.8987929424144 43.18182265944779)", "bbox": [76.89876046031713, 43.1818126514554, 76.89881879836321, 43.18183075636625], "pixel_bbox": [5217, 4096, 5304, 4123], "area_m2": 7.148}}, {"type": "Feature", "geometry": {"type": "Polygon", "coordinates": [[[76.90037246793509, 43.18183075636625], [76.90029803663492, 43.181830085814], [76.90029803663492, 43.18182807415724], [76.90029669553041, 43.18182807415724], [76.90029602497816, 43.18182673305273], [76.90029669553041, 43.18182270973921], [76.90029870718718, 43.1818213686347], [76.90029870718718, 43.18181935697794], [76.90030138939619, 43.18181600421667], [76.9003027305007, 43.18181600421667], [76.90030474215746, 43.181813322007656], [76.90030943602324, 43.181811310350895], [76.90033290535212, 43.18180661648512], [76.90034229308367, 43.18180661648512], [76.90034564584494, 43.18180862814188], [76.90036106854677, 43.181807957589626], [76.90036911517382, 43.181811310350895], [76.90037380903959, 43.18181198090315], [76.90037447959185, 43.181813322007656], [76.90037783235312, 43.18181466311216], [76.90037783235312, 43.18181600421667], [76.90038051456213, 43.18181801587343], [76.90038185566664, 43.1818213686347], [76.90038118511438, 43.18182539194822], [76.90037716180086, 43.18182673305273], [76.90037649124861, 43.181830085814], [76.90037246793509, 43.18183075636625]]]}, "properties": {"id": 705, "class": "road", "confidence": 100.0, "source": "Almaty_5", "source_model": "unet-roads", "centroid_wkt": "POINT (76.90033979697961 43.18181962179716)", "bbox": [76.90029602497816, 43.18180661648512, 76.90038185566664, 43.18183075636625], "pixel_bbox": [7507, 4096, 7635, 4132], "area_m2": 15.171}}, {"type": "Feature", "geometry": {"type": "Polygon", "coordinates": [[[76.90107118338346, 43.18191323429346], [76.90105978399515, 43.18190921097994], [76.90105509012938, 43.18190451711416], [76.90105106681585, 43.1819025054574], [76.90104905515909, 43.181899823248386], [76.90104503184557, 43.181897811591625], [76.90104302018881, 43.181895799934864], [76.90104302018881, 43.18189445883036], [76.90103095024824, 43.18188238888979], [76.9010229036212, 43.18186830729246], [76.90102022141218, 43.18186763674021], [76.90101686865091, 43.18186428397894], [76.90101686865091, 43.18186294287443], [76.90101485699415, 43.18186227232218], [76.90101284533739, 43.18185959011316], [76.90100949257612, 43.18185959011316], [76.90100748091936, 43.181858249008656], [76.90099474042654, 43.181858249008656], [76.90099071711302, 43.18185690790415], [76.90098535269499, 43.18185690790415], [76.90097328275442, 43.18185154348612], [76.9009706005454, 43.1818488612771], [76.90096992999315, 43.18184617906809], [76.90096724778414, 43.18184282630682], [76.90096791833639, 43.1818388029933], [76.9009692594409, 43.181838132441044], [76.9009692594409, 43.18183545023203], [76.90096590667963, 43.18183209747076], [76.90097194164991, 43.18183075636625], [76.9010591134429, 43.18183075636625], [76.9010604545474, 43.181830085814], [76.9010604545474, 43.18182673305273], [76.9010591134429, 43.181824050843716], [76.90106112509966, 43.181818686425686], [76.90107118338346, 43.18180862814188], [76.90107319504023, 43.181807957589626], [76.90109800547361, 43.181807957589626], [76.90109867602587, 43.181800581514835], [76.90111141651869, 43.181798569858074], [76.90112482756376, 43.181798569858074], [76.90113354474306, 43.18179655820131], [76.9011415913701, 43.18179722875357], [76.90115097910166, 43.18180125206709], [76.90115164965391, 43.18180326372385], [76.90115299075842, 43.18180326372385], [76.90115433186293, 43.18180661648512], [76.90115567296743, 43.18180728703737], [76.90115701407194, 43.181813322007656], [76.9011590257287, 43.18181533366442], [76.90115969628096, 43.181824050843716], [76.9011576846242, 43.18182673305273], [76.9011590257287, 43.18182807415724], [76.90115835517645, 43.181830085814], [76.90109867602587, 43.18183075636625], [76.90109867602587, 43.18190585821867], [76.90109800547361, 43.18190719932318], [76.90109398216009, 43.18190719932318], [76.90108727663755, 43.1819112226367], [76.90108459442854, 43.1819112226367], [76.90108258277178, 43.18191256374121], [76.90107118338346, 43.18191323429346]]]}, "properties": {"id": 706, "class": "road", "confidence": 100.0, "source": "Almaty_5", "source_model": "unet-roads", "centroid_wkt": "POINT (76.90106805361063 43.18184918675114)", "bbox": [76.90096590667963, 43.18179655820131, 76.90115969628096, 43.18191323429346], "pixel_bbox": [8506, 3973, 8795, 4147], "area_m2": 85.801}}, {"type": "Feature", "geometry": {"type": "Polygon", "coordinates": [[[76.8963672593236, 43.18182807415724], [76.89636055380106, 43.18182673305273], [76.89633842557669, 43.18182606250048], [76.89633574336767, 43.18182472139597], [76.8963310495019, 43.18182472139597], [76.89632568508387, 43.18182338029146], [76.89632434397936, 43.181822039186954], [76.89631897956133, 43.1818213686347], [76.89631830900908, 43.18182002753019], [76.89631428569555, 43.181818686425686], [76.89631294459105, 43.181816674768925], [76.89631026238203, 43.18181600421667], [76.89630892127752, 43.18181399255991], [76.896304897964, 43.18181198090315], [76.89629953354597, 43.181805945932865], [76.8962948396802, 43.18180326372385], [76.89629349857569, 43.181803934276104], [76.89629282802343, 43.181793205440044], [76.8962948396802, 43.18179253488779], [76.8962948396802, 43.18179119378328], [76.89629752188921, 43.18179186433554], [76.89630154520273, 43.181789852678776], [76.89631629735231, 43.18177778273821], [76.89632434397936, 43.18177577108145], [76.89633708447218, 43.1817764416337], [76.89634177833796, 43.181779123842716], [76.89634446054697, 43.181779123842716], [76.89634781330824, 43.18178180605173], [76.89635049551725, 43.18178180605173], [76.89635518938303, 43.181784488260746], [76.89636055380106, 43.18178582936525], [76.89636122435331, 43.18178717046976], [76.89636323601007, 43.18178717046976], [76.89636390656233, 43.18178851157427], [76.89637329429388, 43.181793205440044], [76.89637463539839, 43.18179588764906], [76.8963773176074, 43.18179722875357], [76.8963773176074, 43.181798569858074], [76.89637999981642, 43.18179924041033], [76.8963846936822, 43.181803934276104], [76.89638536423445, 43.18180996924639], [76.89638670533895, 43.1818126514554], [76.89638670533895, 43.181822039186954], [76.89638402312994, 43.18182472139597], [76.8963773176074, 43.18182807415724], [76.8963672593236, 43.18182807415724]]]}, "properties": {"id": 707, "class": "road", "confidence": 100.0, "source": "Almaty_5", "source_model": "unet-roads", "centroid_wkt": "POINT (76.8963415638375 43.181803153245916)", "bbox": [76.89629282802343, 43.18177577108145, 76.89638670533895, 43.18182807415724], "pixel_bbox": [1537, 4100, 1677, 4178], "area_m2": 30.831}}, {"type": "Feature", "geometry": {"type": "Polygon", "coordinates": [[[76.89898308366537, 43.18192061036825], [76.89897637814283, 43.18191792815924], [76.89897235482931, 43.18191256374121], [76.8989696726203, 43.18190049380064], [76.8989710137248, 43.18188775330782], [76.89897235482931, 43.18188641220331], [76.89897235482931, 43.1818837299943], [76.89897369593382, 43.18188238888979], [76.89897637814283, 43.18187166005373], [76.8989783897996, 43.18187031894922], [76.89898040145636, 43.1818662956357], [76.89898308366537, 43.181863613426685], [76.89898442476988, 43.181863613426685], [76.89898442476988, 43.18186227232218], [76.89898576587439, 43.18186227232218], [76.8989884480834, 43.18185891956091], [76.89899314194918, 43.181856237351894], [76.89899381250143, 43.18185422569513], [76.89899515360594, 43.18185422569513], [76.89900051802397, 43.18184416741133], [76.89900118857622, 43.18183075636625], [76.89899582415819, 43.18183075636625], [76.89899515360594, 43.181822039186954], [76.89900051802397, 43.181813322007656], [76.89900118857622, 43.181807957589626], [76.89900454133749, 43.181800581514835], [76.8990072235465, 43.18177107721567], [76.89900923520327, 43.18176839500666], [76.89900923520327, 43.18176504224539], [76.89901124686003, 43.181759007275105], [76.89901795238256, 43.181751631200314], [76.89901929348707, 43.181751631200314], [76.89902197569609, 43.1817489489913], [76.89902935177088, 43.181748278439045], [76.89903002232313, 43.18174961954355], [76.89903136342764, 43.18174961954355], [76.89903136342764, 43.18175096064806], [76.89903270453215, 43.18175096064806], [76.89903270453215, 43.18175230175257], [76.89903471618891, 43.18175230175257], [76.89903672784567, 43.181748278439045], [76.89903873950243, 43.181748278439045], [76.89903873950243, 43.18179991096258], [76.89904075115919, 43.18180192261934], [76.89904745668173, 43.1818025931716], [76.899050809443, 43.18180527538061], [76.8990521505475, 43.18180862814188], [76.89905147999525, 43.181816674768925], [76.89905013889074, 43.18181801587343], [76.89904946833849, 43.18182338029146], [76.89904410392046, 43.18183075636625], [76.89908567816019, 43.18183075636625], [76.8990796431899, 43.181830085814], [76.89908031374216, 43.18182673305273], [76.89907696098089, 43.18182673305273], [76.8990783020854, 43.1818213686347], [76.89908031374216, 43.18182069808245], [76.89908165484667, 43.181818686425686], [76.89909037202597, 43.18181466311216], [76.89909238368273, 43.18181466311216], [76.89909372478724, 43.181813322007656], [76.89909975975752, 43.1818126514554], [76.89910780638456, 43.18180862814188], [76.89911920577288, 43.18180728703737], [76.8991232290864, 43.181807957589626], [76.8991245701909, 43.181809298694134], [76.89913060516119, 43.18180996924639], [76.8991332873702, 43.181811310350895], [76.89913731068373, 43.18181600421667], [76.89913865178823, 43.18181600421667], [76.89913999289274, 43.181818686425686], [76.8991420045495, 43.18181935697794], [76.8991420045495, 43.181822039186954], [76.89914468675852, 43.18182270973921], [76.89914535731077, 43.181824050843716], [76.89914535731077, 43.18182673305273], [76.89914401620626, 43.18182673305273], [76.89914468675852, 43.181829415261745], [76.89914267510176, 43.18183075636625], [76.89915608614683, 43.18183209747076], [76.8991507217288, 43.181834779679775], [76.8991507217288, 43.181836791336536], [76.8991493806243, 43.181836791336536], [76.8991507217288, 43.18183746188879], [76.8991507217288, 43.1818388029933], [76.89915273338556, 43.1818388029933], [76.89915340393782, 43.181840144097805], [76.89915273338556, 43.18184483796358], [76.89915139228106, 43.18184483796358], [76.8991493806243, 43.18184684962034], [76.89914669841528, 43.18184684962034], [76.89913932234049, 43.18185154348612], [76.89909439533949, 43.18185154348612], [76.89908970147371, 43.181852884590626], [76.89908433705568, 43.181852884590626], [76.89907629042864, 43.18185556679964], [76.89907561987638, 43.1818575784564], [76.89907293766737, 43.18185959011316], [76.89907226711512, 43.18186428397894], [76.8990682438016, 43.181868977844715], [76.8990682438016, 43.18187166005373], [76.89906556159258, 43.181875012815], [76.89906556159258, 43.18187769502401], [76.89906220883131, 43.18188440054655], [76.89906019717455, 43.181885071098804], [76.89905416220427, 43.18189110606909], [76.8990521505475, 43.18189110606909], [76.89905147999525, 43.181892447173595], [76.89904946833849, 43.181892447173595], [76.89904276281595, 43.18189647048712], [76.89903873950243, 43.18189647048712], [76.89903806895018, 43.18190183490515], [76.89903672784567, 43.18190183490515], [76.89903538674116, 43.18190384656191], [76.89903270453215, 43.18190451711416], [76.89903002232313, 43.18190786987543], [76.89902599900961, 43.18190921097994], [76.89901795238256, 43.18191524595022], [76.899005882442, 43.18191658705473], [76.89900252968073, 43.18191859871149], [76.89899247139692, 43.18192061036825], [76.89898308366537, 43.18192061036825]]]}, "properties": {"id": 708, "class": "road", "confidence": 100.0, "source": "Almaty_5", "source_model": "unet-roads", "centroid_wkt": "POINT (76.8990425405071 43.181844686645086)", "bbox": [76.8989696726203, 43.181748278439045, 76.89915608614683, 43.18192061036825], "pixel_bbox": [5529, 3962, 5807, 4219], "area_m2": 113.229}}, {"type": "Feature", "geometry": {"type": "Polygon", "coordinates": [[[76.90110001713037, 43.18172950297594], [76.90109867602587, 43.18172346800566], [76.90109934657812, 43.18166580051184], [76.90110001713037, 43.18166445940733], [76.9011040404439, 43.18166512995958], [76.90110605210066, 43.18166311830282], [76.90110806375742, 43.18166311830282], [76.90110873430967, 43.18166043609381], [76.90111141651869, 43.1816590949893], [76.90112952142954, 43.18166043609381], [76.90112750977278, 43.18166110664606], [76.90112750977278, 43.18166244775057], [76.90112616866827, 43.18166244775057], [76.90112549811602, 43.18166445940733], [76.90112818032503, 43.18166647106409], [76.90112885087729, 43.18167049437761], [76.90113019198179, 43.18167183548212], [76.90113019198179, 43.1816765293479], [76.90113287419081, 43.18168055266142], [76.90113421529531, 43.18168926984072], [76.90113689750433, 43.18169463425875], [76.90113689750433, 43.18170469254255], [76.90113354474306, 43.18171005696058], [76.90113287419081, 43.18171340972185], [76.90112750977278, 43.18171810358763], [76.90111745148897, 43.1817227974534], [76.9011053815484, 43.181724809110165], [76.90110471099615, 43.18172615021467], [76.90110202878714, 43.181726820766926], [76.90110001713037, 43.18172950297594]]]}, "properties": {"id": 709, "class": "road", "confidence": 100.0, "source": "Almaty_5", "source_model": "unet-roads", "centroid_wkt": "POINT (76.90111605078874 43.181692584416446)", "bbox": [76.90109867602587, 43.1816590949893, 76.90113689750433, 43.18172950297594], "pixel_bbox": [8704, 4247, 8761, 4352], "area_m2": 18.655}}, {"type": "Feature", "geometry": {"type": "Polygon", "coordinates": [[[76.89550895243883, 43.18168926984072], [76.8955035880208, 43.1816865876317], [76.89549822360277, 43.181679882109165], [76.89548280090094, 43.18167384713888], [76.8954774364829, 43.18166848272085], [76.8954774364829, 43.18166311830282], [76.89547542482615, 43.18166311830282], [76.89547341316938, 43.18166110664606], [76.89545061439276, 43.181661777198315], [76.89544592052698, 43.181663788855076], [76.89544055610895, 43.181663788855076], [76.8954412266612, 43.18166848272085], [76.89543787389994, 43.181669153273106], [76.89543787389994, 43.18167049437761], [76.89543586224318, 43.18167049437761], [76.89543519169092, 43.18167183548212], [76.89543452113867, 43.18166043609381], [76.89551699906588, 43.1816590949893], [76.89551901072264, 43.18166043609381], [76.89551834017038, 43.18166244775057], [76.8955210223794, 43.18166647106409], [76.8955210223794, 43.181674517691135], [76.89551968127489, 43.18167719990015], [76.89551968127489, 43.181681893765926], [76.89551901072264, 43.18168390542269], [76.89551498740911, 43.18168792873621], [76.8955123052001, 43.18168926984072], [76.89550895243883, 43.18168926984072]]]}, "properties": {"id": 710, "class": "road", "confidence": 100.0, "source": "Almaty_5", "source_model": "unet-roads", "centroid_wkt": "POINT (76.89549579938283 43.1816698049923)", "bbox": [76.89543452113867, 43.1816590949893, 76.8955210223794, 43.18168926984072], "pixel_bbox": [257, 4307, 386, 4352], "area_m2": 9.519}}, {"type": "Feature", "geometry": {"type": "Polygon", "coordinates": [[[76.9016458466649, 43.181803934276104], [76.9016445055604, 43.18179789930582], [76.90164316445589, 43.18179991096258], [76.90164115279913, 43.181800581514835], [76.9016357883811, 43.181800581514835], [76.90163042396307, 43.18179789930582], [76.90162505954504, 43.18179119378328], [76.90162036567926, 43.18177979439497], [76.90162036567926, 43.18176906555891], [76.90162237733603, 43.18176303058863], [76.90162505954504, 43.18174760788679], [76.90162505954504, 43.18173419684172], [76.90162170678377, 43.181717433035374], [76.90161634236574, 43.18170536309481], [76.90161567181349, 43.18168591707945], [76.90161500126123, 43.18167921155691], [76.90161366015673, 43.18167719990015], [76.90161366015673, 43.18166445940733], [76.90161500126123, 43.181663788855076], [76.90161366015673, 43.18166043609381], [76.90161902457476, 43.1816590949893], [76.90163109451532, 43.1816590949893], [76.90163780003786, 43.18165775388479], [76.90163712948561, 43.18165507167578], [76.90163914114237, 43.18165373057127], [76.90164316445589, 43.18165373057127], [76.90164316445589, 43.18165574222803], [76.90164048224688, 43.181656412780285], [76.90164048224688, 43.18165775388479], [76.90164182335138, 43.181658424437046], [76.90164316445589, 43.18165775388479], [76.90164316445589, 43.181656412780285], [76.9016458466649, 43.18165708333254], [76.90164651721716, 43.181654401123524], [76.9016458466649, 43.181803934276104]], [[76.90163914114237, 43.18165708333254], [76.90163981169462, 43.18165775388479], [76.90163981169462, 43.18165708333254], [76.90163914114237, 43.18165708333254]]]}, "properties": {"id": 711, "class": "road", "confidence": 100.0, "source": "Almaty_5", "source_model": "unet-roads", "centroid_wkt": "POINT (76.90163334005746 43.181722509021505)", "bbox": [76.90161366015673, 43.18165373057127, 76.90164651721716, 43.181803934276104], "pixel_bbox": [9472, 4136, 9521, 4360], "area_m2": 33.117}}, {"type": "Feature", "geometry": {"type": "Polygon", "coordinates": [[[76.8974495306611, 43.1816590949893], [76.89744684845209, 43.181656412780285], [76.89744684845209, 43.181649036705494], [76.89744886010885, 43.18164635449648], [76.89745087176561, 43.181645683944225], [76.89745288342237, 43.181640319526196], [76.89745489507914, 43.18163897842169], [76.8974569067359, 43.181634955108166], [76.89745757728815, 43.181625567376614], [76.89745958894491, 43.18161819130182], [76.89745958894491, 43.18161349743605], [76.8974582478404, 43.18161215633154], [76.89745958894491, 43.18160880357027], [76.89745958894491, 43.18160343915224], [76.8974569067359, 43.18160008639097], [76.89745489507914, 43.18159203976393], [76.89745221287012, 43.181588016450405], [76.89745221287012, 43.181577287614346], [76.8974569067359, 43.18157259374857], [76.89745958894491, 43.181571923196316], [76.89746361225843, 43.18157259374857], [76.89746495336294, 43.18157393485308], [76.89747098833323, 43.18157393485308], [76.89747299998999, 43.181575275957584], [76.89747836440802, 43.18157594650984], [76.89748305827379, 43.18157996982336], [76.89748506993055, 43.18157996982336], [76.89748775213957, 43.18158198148012], [76.89748775213957, 43.18158734589815], [76.89748909324408, 43.181588016450405], [76.89749043434858, 43.1815866753459], [76.89749043434858, 43.18157862871885], [76.89749177545309, 43.181580640375614], [76.89749177545309, 43.1815779581666], [76.8974931165576, 43.1815779581666], [76.89749378710985, 43.181575275957584], [76.8974931165576, 43.1816590949893], [76.8974495306611, 43.1816590949893]]]}, "properties": {"id": 712, "class": "road", "confidence": 100.0, "source": "Almaty_5", "source_model": "unet-roads", "centroid_wkt": "POINT (76.89747373281006 43.18161814920395)", "bbox": [76.89744684845209, 43.181571923196316, 76.89749378710985, 43.1816590949893], "pixel_bbox": [3258, 4352, 3328, 4482], "area_m2": 28.916}}, {"type": "Feature", "geometry": {"type": "Polygon", "coordinates": [[[76.89563903957605, 43.181638307869434], [76.89561557024717, 43.181634955108166], [76.89560618251562, 43.18163227289915], [76.89560484141111, 43.181614838540554], [76.89560484141111, 43.181566558778286], [76.8956035003066, 43.18156387656927], [76.89559746533632, 43.181564547121525], [76.8955921009183, 43.18156387656927], [76.89558941870928, 43.18156186491251], [76.89558740705252, 43.18156186491251], [76.8955847248435, 43.181559182703495], [76.89557734876871, 43.181555829942226], [76.8955760076642, 43.181553818285465], [76.8955760076642, 43.18154979497194], [76.89557868987322, 43.18154510110617], [76.89558539539576, 43.18154241889715], [76.89558941870928, 43.18153839558363], [76.89559880644083, 43.18153638392687], [76.8956035003066, 43.18153705447912], [76.89560417085886, 43.181535713374615], [76.89560551196337, 43.181535713374615], [76.89560618251562, 43.18153906613588], [76.89562696963549, 43.18153705447912], [76.89563702791929, 43.181537725031376], [76.8956383690238, 43.18153906613588], [76.89564574509859, 43.18154040724039], [76.89564641565084, 43.1815417483449], [76.89565848559141, 43.18154711276293], [76.89565915614367, 43.181548453867435], [76.89566519111395, 43.18155113607645], [76.89566988497972, 43.18155515938997], [76.89567524939775, 43.181557171046734], [76.89567994326353, 43.18156320601702], [76.89568128436804, 43.18156857043505], [76.89568061381578, 43.181577287614346], [76.89567927271128, 43.18158332258463], [76.89567659050226, 43.18158734589815], [76.89567659050226, 43.181595392525196], [76.89567726105452, 43.181598745286465], [76.89567860215902, 43.181598745286465], [76.89567860215902, 43.181600756943226], [76.89567994326353, 43.18160142749548], [76.89568128436804, 43.18161081522703], [76.89567793160677, 43.18162355571985], [76.8956745788455, 43.181627579033375], [76.89567055553198, 43.18162892013788], [76.89566988497972, 43.18163093179464], [76.89566519111395, 43.18163428455591], [76.89566183835268, 43.18163428455591], [76.89565379172564, 43.18163696676493], [76.89563903957605, 43.181638307869434]]]}, "properties": {"id": 713, "class": "road", "confidence": 100.0, "source": "Almaty_5", "source_model": "unet-roads", "centroid_wkt": "POINT (76.8956366424458 43.18158530470052)", "bbox": [76.8955760076642, 43.181535713374615, 76.89568128436804, 43.181638307869434], "pixel_bbox": [468, 4383, 625, 4536], "area_m2": 66.72}}, {"type": "Feature", "geometry": {"type": "Polygon", "coordinates": [[[76.89938072115183, 43.181582652032375], [76.89938072115183, 43.18158131092787], [76.89937870949507, 43.18158198148012], [76.8993766978383, 43.18157996982336], [76.89936999231577, 43.18157996982336], [76.89936932176352, 43.18157862871885], [76.89936462789774, 43.181577287614346], [76.89935993403196, 43.181569911539555], [76.89935993403196, 43.181566558778286], [76.89935859292746, 43.181562535464764], [76.89935725182295, 43.18156186491251], [76.8993579223752, 43.18155314773321], [76.89935524016619, 43.18154443055391], [76.89935524016619, 43.18152565509081], [76.89935725182295, 43.181517608463764], [76.89935859292746, 43.18151693791151], [76.89936060458422, 43.18151090294123], [76.89936529845, 43.181506879627705], [76.89936529845, 43.1815055385232], [76.89936932176352, 43.18150419741869], [76.89937066286802, 43.181501515209675], [76.89937602728605, 43.181501515209675], [76.89937602728605, 43.18150285631418], [76.89937736839056, 43.18150285631418], [76.89937870949507, 43.18149883300066], [76.89938005059958, 43.18150017410517], [76.89938005059958, 43.18149883300066], [76.89938139170408, 43.181499503552914], [76.89938206225634, 43.181498162448406], [76.89938206225634, 43.181582652032375], [76.89938072115183, 43.181582652032375]], [[76.89937200397253, 43.18150218576193], [76.89937267452478, 43.18150285631418], [76.89937267452478, 43.18150218576193], [76.89937200397253, 43.18150218576193]]]}, "properties": {"id": 714, "class": "road", "confidence": 100.0, "source": "Almaty_5", "source_model": "unet-roads", "centroid_wkt": "POINT (76.8993705646159 43.181540509720186)", "bbox": [76.89935524016619, 43.181498162448406, 76.89938206225634, 43.181582652032375], "pixel_bbox": [6104, 4466, 6144, 4592], "area_m2": 16.533}}, {"type": "Feature", "geometry": {"type": "Polygon", "coordinates": [[[76.90009955316782, 43.18152967840433], [76.90009016543627, 43.18152766674757], [76.90008614212275, 43.18152565509081], [76.90008547157049, 43.1815243139863], [76.90008144825697, 43.181522972881794], [76.90006870776415, 43.18151157349348], [76.9000693783164, 43.18148743361235], [76.9001941010356, 43.18148743361235], [76.90019745379686, 43.181488774716854], [76.90019678324461, 43.18149883300066], [76.90019343048334, 43.18150218576193], [76.90019141882658, 43.18150218576193], [76.90018873661757, 43.18150419741869], [76.90017331391573, 43.18150755017996], [76.90016392618418, 43.18150755017996], [76.9001491740346, 43.18151023238897], [76.9001417979598, 43.18151358515024], [76.90013978630304, 43.18151358515024], [76.90013844519854, 43.18151492625475], [76.90013643354177, 43.18151492625475], [76.90013509243727, 43.18151626735926], [76.9001330807805, 43.18151626735926], [76.90012637525797, 43.181519620120525], [76.90012570470572, 43.18152096122503], [76.90012034028769, 43.181522972881794], [76.90011564642191, 43.181526996195316], [76.90010759979486, 43.18152967840433], [76.90009955316782, 43.18152967840433]]]}, "properties": {"id": 715, "class": "road", "confidence": 100.0, "source": "Almaty_5", "source_model": "unet-roads", "centroid_wkt": "POINT (76.90012355032863 43.18150291048675)", "bbox": [76.90006870776415, 43.18148743361235, 76.90019745379686, 43.18152967840433], "pixel_bbox": [7168, 4545, 7360, 4608], "area_m2": 33.174}}, {"type": "Feature", "geometry": {"type": "Polygon", "coordinates": [[[76.90062124282122, 43.18158868700266], [76.90061453729868, 43.18158734589815], [76.90061252564192, 43.18158533424139], [76.9006098434329, 43.18158466368914], [76.90060582011938, 43.18157996982336], [76.90060447901487, 43.18157594650984], [76.90060313791037, 43.181575275957584], [76.90059911459684, 43.18156387656927], [76.90059777349234, 43.181551806628704], [76.90059643238783, 43.18155113607645], [76.90059173852205, 43.1815417483449], [76.90058637410402, 43.18154040724039], [76.90058637410402, 43.18153906613588], [76.90058503299952, 43.18153973668814], [76.90058503299952, 43.18152096122503], [76.90058570355177, 43.181522972881794], [76.90058704465628, 43.18152230232954], [76.90058838576078, 43.18152565509081], [76.90059173852205, 43.18152565509081], [76.90059307962656, 43.18152230232954], [76.90059777349234, 43.181517608463764], [76.90059844404459, 43.18151492625475], [76.90060380846262, 43.18151090294123], [76.90060447901487, 43.18150822073221], [76.90061185508966, 43.18150017410517], [76.90062191337347, 43.1814968213439], [76.90062593668699, 43.1814968213439], [76.9006359949708, 43.181492798030376], [76.90064135938883, 43.18149212747812], [76.90064135938883, 43.181488774716854], [76.90064940601587, 43.18148743361235], [76.90067153424025, 43.18148743361235], [76.9006722047925, 43.181488774716854], [76.90067421644926, 43.181488774716854], [76.90067421644926, 43.18149212747812], [76.90067756921053, 43.18149480968714], [76.90067958086729, 43.18150419741869], [76.9006822630763, 43.181508891284466], [76.90068293362856, 43.181519620120525], [76.90068494528532, 43.18152230232954], [76.90068561583757, 43.18152565509081], [76.90068762749434, 43.181526996195316], [76.90068829804659, 43.18152967840433], [76.9006896391511, 43.181530348956585], [76.9006909802556, 43.18153437227011], [76.90069232136011, 43.18153504282236], [76.90069567412138, 43.181541077792645], [76.90069634467363, 43.181548453867435], [76.90069433301687, 43.18155314773321], [76.90068829804659, 43.18155851215124], [76.90067287534475, 43.18155851215124], [76.9006634876132, 43.181557171046734], [76.90066080540419, 43.181559182703495], [76.90065879374743, 43.181559182703495], [76.90065678209066, 43.181561194360256], [76.90065409988165, 43.18156186491251], [76.90065141767263, 43.18156521767378], [76.90064940601587, 43.18156588822603], [76.90064940601587, 43.18156722933054], [76.90064739435911, 43.18156789988279], [76.90064739435911, 43.1815692409873], [76.90064202994108, 43.18157460540533], [76.90064135938883, 43.181577287614346], [76.90064001828432, 43.181577287614346], [76.90063934773207, 43.18157929927111], [76.90063532441854, 43.181580640375614], [76.90062996000051, 43.18158533424139], [76.90062124282122, 43.18158868700266]]]}, "properties": {"id": 716, "class": "road", "confidence": 100.0, "source": "Almaty_5", "source_model": "unet-roads", "centroid_wkt": "POINT (76.90063990824167 43.181534200392875)", "bbox": [76.90058503299952, 43.18148743361235, 76.90069634467363, 43.18158868700266], "pixel_bbox": [7938, 4457, 8104, 4608], "area_m2": 64.535}}, {"type": "Feature", "geometry": {"type": "Polygon", "coordinates": [[[76.89738113433123, 43.181512244045734], [76.89737912267447, 43.18151023238897], [76.89737778156996, 43.18151023238897], [76.89737509936094, 43.18150486797094], [76.89737509936094, 43.18148676306009], [76.89737644046545, 43.18148676306009], [76.8973771110177, 43.18148273974657], [76.89738046377897, 43.18147871643305], [76.89738649874926, 43.18147737532854], [76.89738783985376, 43.18147603422403], [76.89739119261503, 43.18147603422403], [76.89739990979433, 43.18148139864206], [76.89740058034658, 43.18148609250784], [76.89740192145109, 43.18148743361235], [76.89740393310785, 43.18148743361235], [76.8974032625556, 43.18148944526911], [76.8974046036601, 43.18149145692587], [76.8974046036601, 43.18149480968714], [76.8974032625556, 43.181496150791645], [76.89740259200335, 43.181499503552914], [76.89739856868982, 43.18150419741869], [76.89739722758532, 43.18150419741869], [76.89739521592855, 43.18150822073221], [76.89738918095827, 43.18151157349348], [76.89738113433123, 43.181512244045734]]]}, "properties": {"id": 717, "class": "road", "confidence": 100.0, "source": "Almaty_5", "source_model": "unet-roads", "centroid_wkt": "POINT (76.8973887356266 43.18149381692669)", "bbox": [76.89737509936094, 43.18147603422403, 76.8974046036601, 43.181512244045734], "pixel_bbox": [3151, 4571, 3195, 4625], "area_m2": 7.328}}, {"type": "Feature", "geometry": {"type": "Polygon", "coordinates": [[[76.89980249851942, 43.18157058209181], [76.89979512244463, 43.18156857043505], [76.89979109913111, 43.18156857043505], [76.89978908747435, 43.18156722933054], [76.89978506416082, 43.18156722933054], [76.89977701753378, 43.18156387656927], [76.89977433532476, 43.18156387656927], [76.89977299422026, 43.181562535464764], [76.89976830035448, 43.181561194360256], [76.89976494759321, 43.18155784159899], [76.89975690096617, 43.1815417483449], [76.89975623041391, 43.18153705447912], [76.8997535482049, 43.18153437227011], [76.89975220710039, 43.18152967840433], [76.89975019544363, 43.181528337299824], [76.89975019544363, 43.18152632564306], [76.89974751323462, 43.181522972881794], [76.89974617213011, 43.18151894956827], [76.89974147826433, 43.18149883300066], [76.89974147826433, 43.18149480968714], [76.8997434899211, 43.18149212747812], [76.89974281936884, 43.181488774716854], [76.89974416047335, 43.181488774716854], [76.8997448310256, 43.18148743361235], [76.89976092427969, 43.18148676306009], [76.8997622653842, 43.181483410298824], [76.89976695924997, 43.18148072808981], [76.89976830035448, 43.18147871643305], [76.89977701753378, 43.181474693119526], [76.89978841692209, 43.18147201091051], [76.89979914575815, 43.18147201091051], [76.89980383962393, 43.18147335201502], [76.89980518072844, 43.181474693119526], [76.89980786293745, 43.181474693119526], [76.8998159095645, 43.18148139864206], [76.89981926232576, 43.18148743361235], [76.89984675496817, 43.18148743361235], [76.89985010772943, 43.181488774716854], [76.89984943717718, 43.181498162448406], [76.89984742552042, 43.18150218576193], [76.89984541386366, 43.181503526866436], [76.89984541386366, 43.18150486797094], [76.89983803778887, 43.18151291459799], [76.89983535557985, 43.18151827901602], [76.8998346850276, 43.181530348956585], [76.89983736723661, 43.181541077792645], [76.89983736723661, 43.18154577165842], [76.8998346850276, 43.181555829942226], [76.89983267337084, 43.18155650049448], [76.89983200281858, 43.18155851215124], [76.89983066171408, 43.18155851215124], [76.89982865005732, 43.181561194360256], [76.89982730895281, 43.181561194360256], [76.89982663840055, 43.18156320601702], [76.899817250669, 43.18156857043505], [76.89980987459421, 43.18157058209181], [76.89980249851942, 43.18157058209181]]]}, "properties": {"id": 718, "class": "road", "confidence": 100.0, "source": "Almaty_5", "source_model": "unet-roads", "centroid_wkt": "POINT (76.89979515598922 43.18151937897312)", "bbox": [76.89974147826433, 43.18147201091051, 76.89985010772943, 43.18157058209181], "pixel_bbox": [6680, 4484, 6842, 4631], "area_m2": 68.133}}, {"type": "Feature", "geometry": {"type": "Polygon", "coordinates": [[[76.89821798354387, 43.18148743361235], [76.89821396023035, 43.18148609250784], [76.8982146307826, 43.181483410298824], [76.89821194857359, 43.18148206919432], [76.89821194857359, 43.181480057537556], [76.8982132896781, 43.181480057537556], [76.89821396023035, 43.18147871643305], [76.8982146307826, 43.181472681462765], [76.89821999520063, 43.181467317044735], [76.89822267740965, 43.18146664649248], [76.89822871237993, 43.18146128207445], [76.89823877066374, 43.18145792931318], [76.89825017005205, 43.18145792931318], [76.89826223999262, 43.18146262317896], [76.89827028661966, 43.181470669806004], [76.89827095717192, 43.18147603422403], [76.89827229827642, 43.18147670477629], [76.89827229827642, 43.18148072808981], [76.89826961606741, 43.181483410298824], [76.89827028661966, 43.18148609250784], [76.89826626330614, 43.18148743361235], [76.89821798354387, 43.18148743361235]]]}, "properties": {"id": 719, "class": "road", "confidence": 100.0, "source": "Almaty_5", "source_model": "unet-roads", "centroid_wkt": "POINT (76.89824334339269 43.181474194098136)", "bbox": [76.89821194857359, 43.18145792931318, 76.89827229827642, 43.18148743361235], "pixel_bbox": [4399, 4608, 4489, 4652], "area_m2": 12.825}}, {"type": "Feature", "geometry": {"type": "Polygon", "coordinates": [[[76.9003127887845, 43.181561194360256], [76.90030809491873, 43.18155985325575], [76.90029468387365, 43.18154912441969], [76.90028864890337, 43.18153839558363], [76.90028864890337, 43.181535713374615], [76.90028462558985, 43.18152632564306], [76.90027926117182, 43.18152029067278], [76.90026920288801, 43.181515596807], [76.90026450902224, 43.181515596807], [76.9002591446042, 43.18151358515024], [76.90024372190237, 43.18151358515024], [76.9002403691411, 43.18151157349348], [76.9002403691411, 43.18148743361235], [76.90032217651606, 43.18148743361235], [76.90032418817282, 43.18148676306009], [76.90032217651606, 43.181483410298824], [76.90032284706831, 43.18147737532854], [76.9003288820386, 43.181472681462765], [76.90033558756113, 43.181470669806004], [76.9003476575017, 43.18146329373121], [76.90035503357649, 43.181461952626705], [76.90036039799452, 43.18145927041769], [76.90037179738283, 43.18145859986544], [76.9003751501441, 43.18145725876093], [76.9003852084279, 43.18145792931318], [76.90039124339819, 43.1814606115222], [76.90039593726397, 43.18146128207445], [76.90040398389101, 43.18146597594023], [76.90041203051805, 43.18146798759699], [76.90041203051805, 43.181517608463764], [76.90040666610003, 43.18151827901602], [76.90040599554777, 43.18152029067278], [76.90040063112974, 43.18152230232954], [76.90039929002523, 43.1815243139863], [76.90039794892073, 43.1815243139863], [76.90039325505495, 43.181528337299824], [76.90039124339819, 43.181528337299824], [76.90038587898016, 43.18153169006109], [76.90038118511438, 43.181532360613346], [76.90037917345762, 43.18153370171785], [76.90037179738283, 43.18153437227011], [76.9003664329648, 43.18153638392687], [76.90036308020353, 43.18153638392687], [76.90036106854677, 43.181537725031376], [76.900356374681, 43.18153839558363], [76.90035503357649, 43.18153973668814], [76.90035235136747, 43.18153973668814], [76.90034698694944, 43.18154376000166], [76.90034564584494, 43.18154376000166], [76.90034497529268, 43.18154510110617], [76.90034363418818, 43.18154510110617], [76.90034296363592, 43.181546442210674], [76.90034162253141, 43.181546442210674], [76.90034095197916, 43.18154778331518], [76.90033961087465, 43.18154778331518], [76.9003389403224, 43.18154912441969], [76.90033759921789, 43.18154912441969], [76.90033357590437, 43.18155314773321], [76.90033089369535, 43.181553818285465], [76.90032955259085, 43.181555829942226], [76.90032552927732, 43.181557171046734], [76.90032418817282, 43.181559182703495], [76.90031815320253, 43.181561194360256], [76.9003127887845, 43.181561194360256]]]}, "properties": {"id": 720, "class": "road", "confidence": 100.0, "source": "Almaty_5", "source_model": "unet-roads", "centroid_wkt": "POINT (76.90033813605491 43.18150549004319)", "bbox": [76.9002403691411, 43.18145725876093, 76.90041203051805, 43.181561194360256], "pixel_bbox": [7424, 4498, 7680, 4653], "area_m2": 93.023}}, {"type": "Feature", "geometry": {"type": "Polygon", "coordinates": [[[76.90150905400515, 43.18142708390951], [76.90150368958712, 43.1814244017005], [76.90150301903486, 43.181415013968945], [76.90150637179613, 43.18141233175993], [76.90151307731867, 43.18141099065542], [76.90151508897543, 43.18141233175993], [76.90151643007994, 43.18141635507345], [76.90151575952768, 43.18142373114824], [76.90151441842318, 43.1814244017005], [76.90151441842318, 43.181425742805004], [76.90150905400515, 43.18142708390951]]]}, "properties": {"id": 721, "class": "road", "confidence": 100.0, "source": "Almaty_5", "source_model": "unet-roads", "centroid_wkt": "POINT (76.90151016735562 43.18141862808489)", "bbox": [76.90150301903486, 43.18141099065542, 76.90151643007994, 43.18142708390951], "pixel_bbox": [9307, 4698, 9327, 4722], "area_m2": 1.553}}, {"type": "Feature", "geometry": {"type": "Polygon", "coordinates": [[[76.89968179911375, 43.1814344599843], [76.89967174082994, 43.18143244832754], [76.89966704696417, 43.18142708390951], [76.89966570585966, 43.1814156845212], [76.89966838806868, 43.18141032010317], [76.89967509359121, 43.18140294402838], [76.89968448132277, 43.1813982501626], [76.8996985629201, 43.1813982501626], [76.89970191568136, 43.18140361458063], [76.89970191568136, 43.18140897899866], [76.89970325678587, 43.181411661207676], [76.89970325678587, 43.18141635507345], [76.89970124512911, 43.18142171949148], [76.89969655126333, 43.18142708390951], [76.89969521015882, 43.18142708390951], [76.8996898457408, 43.18143177777529], [76.89968179911375, 43.1814344599843]]]}, "properties": {"id": 722, "class": "road", "confidence": 100.0, "source": "Almaty_5", "source_model": "unet-roads", "centroid_wkt": "POINT (76.89968508287951 43.18141554433412)", "bbox": [76.89966570585966, 43.1813982501626, 76.89970325678587, 43.1814344599843], "pixel_bbox": [6567, 4687, 6623, 4741], "area_m2": 9.404}}, {"type": "Feature", "geometry": {"type": "Polygon", "coordinates": [[[76.89997415989637, 43.18147670477629], [76.89993057399988, 43.18147536367178], [76.89992856234312, 43.18147402256727], [76.89992185682058, 43.181472681462765], [76.89992118626833, 43.18147134035826], [76.89991112798452, 43.181467317044735], [76.8999057635665, 43.18146262317896], [76.89990308135748, 43.181461952626705], [76.89990106970072, 43.18145927041769], [76.8998983874917, 43.18145859986544], [76.8998983874917, 43.18145591765642], [76.8998970463872, 43.18145524710417], [76.8998970463872, 43.18140562623739], [76.89989972859621, 43.181407637894154], [76.89989972859621, 43.181406296789646], [76.89990174025297, 43.181406296789646], [76.89990375190973, 43.18140294402838], [76.89991045743227, 43.18140160292387], [76.89991045743227, 43.18140026181936], [76.89991448074579, 43.18139623850584], [76.89991649240255, 43.18139623850584], [76.89992520958185, 43.18138886243105], [76.89992655068636, 43.18138886243105], [76.89992655068636, 43.18138752132654], [76.89992856234312, 43.18138550966978], [76.89992990344763, 43.18138550966978], [76.89993392676115, 43.181380815804005], [76.89993660897017, 43.18138014525175], [76.89993727952242, 43.18137880414724], [76.89994264394045, 43.18137679249048], [76.8999433144927, 43.181375451385975], [76.89994733780622, 43.181373439729214], [76.89995538443327, 43.18137142807245], [76.8999708071351, 43.18137142807245], [76.89999025315046, 43.18137612193823], [76.899996958673, 43.1813794746995], [76.9000157341361, 43.18138550966978], [76.90002109855413, 43.181388191878796], [76.90002176910639, 43.1813895329833], [76.90002981573343, 43.18139221519232], [76.90003518015146, 43.18139489740133], [76.90003585070372, 43.18139623850584], [76.90003987401724, 43.18139757961035], [76.90004523843527, 43.18140294402838], [76.90004859119654, 43.181404285132885], [76.90004993230104, 43.181406296789646], [76.90005395561457, 43.181407637894154], [76.90005462616682, 43.18140897899866], [76.90006133168936, 43.18141099065542], [76.90006133168936, 43.18141903728247], [76.9000593200326, 43.18142104893923], [76.90005663782358, 43.18142171949148], [76.90005596727133, 43.1814244017005], [76.90004792064428, 43.18143244832754], [76.90004725009203, 43.18144250661135], [76.90004523843527, 43.181451223790646], [76.90004389733076, 43.1814518943429], [76.90004121512175, 43.18145792931318], [76.90003450959921, 43.181463964283466], [76.9000318273902, 43.18146463483572], [76.90003115683794, 43.18146597594023], [76.90002981573343, 43.18146597594023], [76.9000244513154, 43.18146999925375], [76.90002243965864, 43.18146999925375], [76.90001774579287, 43.181472681462765], [76.90001305192709, 43.18147335201502], [76.90001171082258, 43.181474693119526], [76.90000232309103, 43.18147603422403], [76.89997415989637, 43.18147670477629]]]}, "properties": {"id": 723, "class": "road", "confidence": 100.0, "source": "Almaty_5", "source_model": "unet-roads", "centroid_wkt": "POINT (76.89997388344659 43.18142713434667)", "bbox": [76.8998970463872, 43.18137142807245, 76.90006133168936, 43.18147670477629], "pixel_bbox": [6912, 4624, 7157, 4781], "area_m2": 120.054}}, {"type": "Feature", "geometry": {"type": "Polygon", "coordinates": [[[76.89920905977488, 43.1814244017005], [76.89920838922262, 43.181422390043736], [76.89920704811811, 43.18142373114824], [76.89920637756586, 43.18142104893923], [76.89920369535685, 43.18142171949148], [76.89920235425234, 43.18141970783472], [76.89919363707304, 43.18141903728247], [76.89919162541628, 43.18141635507345], [76.89918894320726, 43.1814156845212], [76.89918827265501, 43.18141434341669], [76.899185590446, 43.18141434341669], [76.89918223768473, 43.181411661207676], [76.89917553216219, 43.18141032010317], [76.89916882663965, 43.18141032010317], [76.89916145056486, 43.18141233175993], [76.8991507217288, 43.18141300231218], [76.89914871007204, 43.18141434341669], [76.899140663445, 43.1814156845212], [76.8991245701909, 43.181415013968945], [76.89911786466837, 43.181411661207676], [76.89911585301161, 43.181407637894154], [76.89911585301161, 43.181404285132885], [76.89911853522062, 43.18139623850584], [76.89911987632513, 43.18139556795359], [76.89911987632513, 43.18139422684908], [76.89912121742964, 43.181393556296825], [76.89912121742964, 43.18139221519232], [76.89912524074316, 43.18138685077429], [76.89912658184767, 43.18138685077429], [76.89912926405668, 43.18138349801302], [76.89913395792246, 43.18138215690851], [76.89913462847471, 43.181380815804005], [76.89913865178823, 43.1813794746995], [76.8991420045495, 43.18137679249048], [76.89914468675852, 43.18137679249048], [76.89914803951979, 43.18137411028147], [76.89915206283331, 43.18137411028147], [76.89916078001261, 43.181370086967945], [76.89917217940092, 43.181368075311184], [76.8991956487298, 43.18136941641569], [76.8992043659091, 43.18137411028147], [76.89921040087938, 43.181372098624706], [76.89921040087938, 43.1814244017005], [76.89920905977488, 43.1814244017005]]]}, "properties": {"id": 724, "class": "road", "confidence": 100.0, "source": "Almaty_5", "source_model": "unet-roads", "centroid_wkt": "POINT (76.89916890368676 43.18139392258037)", "bbox": [76.89911585301161, 43.181368075311184, 76.89921040087938, 43.1814244017005], "pixel_bbox": [5747, 4702, 5888, 4786], "area_m2": 33.696}}, {"type": "Feature", "geometry": {"type": "Polygon", "coordinates": [[[76.89903873950243, 43.18148743361235], [76.89903806895018, 43.18142976611853], [76.89903605729342, 43.181427754461765], [76.8990333750844, 43.18142708390951], [76.8990333750844, 43.181425742805004], [76.89903002232313, 43.18142171949148], [76.89902801066637, 43.18142171949148], [76.89902532845736, 43.18141903728247], [76.89902063459158, 43.181417025625706], [76.8990145996213, 43.18141032010317], [76.89901124686003, 43.18140361458063], [76.89901124686003, 43.181396909058094], [76.89900521188974, 43.18138550966978], [76.89900521188974, 43.181375451385975], [76.8990072235465, 43.181370086967945], [76.89901057630777, 43.18136673420668], [76.89901862293482, 43.181364722549915], [76.89902130514383, 43.181362710893154], [76.89903069287539, 43.18136338144541], [76.8990333750844, 43.18136606365442], [76.89903538674116, 43.18136539310217], [76.89903538674116, 43.18136338144541], [76.89903806895018, 43.18136338144541], [76.89903873950243, 43.1813620403409], [76.89903873950243, 43.18140361458063], [76.89903941005468, 43.181398920714855], [76.8990434333682, 43.181400932371616], [76.89905483275652, 43.181400932371616], [76.89906019717455, 43.181404285132885], [76.89906623214483, 43.181406296789646], [76.89906757324934, 43.18140897899866], [76.89907025545835, 43.181409649550915], [76.89907561987638, 43.181415013968945], [76.89907561987638, 43.181417025625706], [76.89907696098089, 43.18141836673021], [76.89907696098089, 43.1814244017005], [76.89907561987638, 43.18142842501402], [76.8990695849061, 43.181435130536556], [76.89906757324934, 43.18144116550684], [76.89906422048807, 43.18144652992487], [76.89906422048807, 43.18145390599966], [76.89906556159258, 43.18145859986544], [76.89907092601061, 43.181463964283466], [76.8990783020854, 43.181467317044735], [76.8990870192647, 43.18146865814924], [76.89909841865301, 43.18146865814924], [76.89910244196653, 43.181470669806004], [76.89910512417555, 43.18147402256727], [76.89910780638456, 43.181474693119526], [76.89911048859358, 43.1814793869853], [76.89910981804132, 43.18148676306009], [76.89910713583231, 43.18148743361235], [76.89903873950243, 43.18148743361235]]]}, "properties": {"id": 725, "class": "road", "confidence": 100.0, "source": "Almaty_5", "source_model": "unet-roads", "centroid_wkt": "POINT (76.89904999649944 43.18143142019919)", "bbox": [76.89900521188974, 43.1813620403409, 76.89911048859358, 43.18148743361235], "pixel_bbox": [5582, 4608, 5739, 4795], "area_m2": 45.591}}, {"type": "Feature", "geometry": {"type": "Polygon", "coordinates": [[[76.90092768520117, 43.181333877146244], [76.90092701464891, 43.1813171133399], [76.90094981342554, 43.1813171133399], [76.90094780176878, 43.181317783892155], [76.90094847232103, 43.181319795548916], [76.90094646066427, 43.181319795548916], [76.90094847232103, 43.18132247775793], [76.90094579011202, 43.18132784217596], [76.900943107903, 43.181330524384975], [76.90094042569399, 43.181330524384975], [76.90093506127596, 43.18133320659399], [76.90092768520117, 43.181333877146244]]]}, "properties": {"id": 726, "class": "road", "confidence": 100.0, "source": "Almaty_5", "source_model": "unet-roads", "centroid_wkt": "POINT (76.90093701542247 43.18132405182184)", "bbox": [76.90092701464891, 43.1813171133399, 76.90094981342554, 43.181333877146244], "pixel_bbox": [8448, 4837, 8482, 4862], "area_m2": 2.644}}, {"type": "Feature", "geometry": {"type": "Polygon", "coordinates": [[[76.90012570470572, 43.18131510168314], [76.90011162310839, 43.181314431130886], [76.90011229366064, 43.18130973726511], [76.90011631697416, 43.181305043399334], [76.90011899918318, 43.18130370229483], [76.90012637525797, 43.18130370229483], [76.90012972801924, 43.18130638450384], [76.90013106912374, 43.181309066712856], [76.90013106912374, 43.18131107836962], [76.90012905746698, 43.18131174892187], [76.90012905746698, 43.18131309002638], [76.90012503415346, 43.18131376057863], [76.90012570470572, 43.18131510168314]]]}, "properties": {"id": 727, "class": "road", "confidence": 100.0, "source": "Almaty_5", "source_model": "unet-roads", "centroid_wkt": "POINT (76.90012174292556 43.18130922546603)", "bbox": [76.90011162310839, 43.18130370229483, 76.90013106912374, 43.18131510168314], "pixel_bbox": [7232, 4865, 7261, 4882], "area_m2": 1.545}}, {"type": "Feature", "geometry": {"type": "Polygon", "coordinates": [[[76.89760845154524, 43.18131577223539], [76.89757492393255, 43.18131510168314], [76.89757492393255, 43.18131376057863], [76.89757291227579, 43.18131309002638], [76.89757291227579, 43.18131107836962], [76.89757157117128, 43.181310407817364], [76.89757023006678, 43.18130571395159], [76.89756955951452, 43.181299678981304], [76.89757358282804, 43.18128760904074], [76.89757961779833, 43.18128224462271], [76.8975843116641, 43.181280232965946], [76.89758699387312, 43.181280232965946], [76.89758967608213, 43.181278221309185], [76.89759839326143, 43.18127889186144], [76.89759973436594, 43.181280232965946], [76.8976004049182, 43.18128425627947], [76.89760241657495, 43.18128626793623], [76.89760308712721, 43.18129029124975], [76.89760509878397, 43.18129163235426], [76.89760576933622, 43.181294314563274], [76.89760778099298, 43.181296326220036], [76.89760845154524, 43.18130034953356], [76.89760979264975, 43.18130102008581], [76.89760979264975, 43.18130370229483], [76.89761314541101, 43.181307055056095], [76.89761314541101, 43.18131376057863], [76.89761180430651, 43.18131510168314], [76.89760845154524, 43.18131577223539]]]}, "properties": {"id": 728, "class": "road", "confidence": 100.0, "source": "Almaty_5", "source_model": "unet-roads", "centroid_wkt": "POINT (76.89759070002805 43.18129908460411)", "bbox": [76.89756955951452, 43.181278221309185, 76.89761314541101, 43.18131577223539], "pixel_bbox": [3441, 4864, 3506, 4920], "area_m2": 11.148}}, {"type": "Feature", "geometry": {"type": "Polygon", "coordinates": [[[76.90037380903959, 43.18131577223539], [76.90032754093409, 43.18131577223539], [76.90032821148634, 43.18131376057863], [76.90032687038183, 43.18131309002638], [76.90032687038183, 43.181309066712856], [76.9003288820386, 43.18130370229483], [76.90033089369535, 43.18130236119032], [76.90033156424761, 43.181299678981304], [76.90033290535212, 43.18129900842905], [76.90033692866564, 43.18129163235426], [76.9003389403224, 43.18129029124975], [76.90034296363592, 43.18127889186144], [76.9003476575017, 43.18126950412989], [76.90035033971071, 43.18126682192087], [76.90035436302423, 43.18126682192087], [76.900356374681, 43.18126883357763], [76.90035905689001, 43.18126950412989], [76.90036039799452, 43.18127151578665], [76.90036173909903, 43.18127151578665], [76.9003650918603, 43.18127553910017], [76.9003664329648, 43.18127553910017], [76.9003664329648, 43.18127688020468], [76.90036911517382, 43.18127889186144], [76.90037246793509, 43.18128492683172], [76.90037582069635, 43.18128760904074], [76.90037649124861, 43.18129029124975], [76.90037917345762, 43.18129364401102], [76.90037984400988, 43.18130236119032], [76.90037850290537, 43.181309066712856], [76.90037380903959, 43.18131577223539]]]}, "properties": {"id": 729, "class": "road", "confidence": 100.0, "source": "Almaty_5", "source_model": "unet-roads", "centroid_wkt": "POINT (76.90035533418751 43.18129608453116)", "bbox": [76.90032687038183, 43.18126682192087, 76.90037984400988, 43.18131577223539], "pixel_bbox": [7553, 4864, 7632, 4937], "area_m2": 15.961}}, {"type": "Feature", "geometry": {"type": "Polygon", "coordinates": [[[76.89766343683004, 43.18126950412989], [76.89766142517328, 43.18126682192087], [76.89765471965075, 43.181265480816364], [76.89765337854624, 43.1812634691596], [76.89764868468046, 43.1812634691596], [76.8976453319192, 43.18126145750284], [76.89764264971018, 43.18126145750284], [76.89763929694891, 43.18125944584608], [76.89763259142637, 43.18125810474157], [76.89763057976961, 43.18125542253256], [76.89763057976961, 43.18125206977129], [76.89763259142637, 43.18125072866678], [76.89763326197863, 43.18124871701002], [76.8976366147399, 43.181247375905514], [76.89764466136694, 43.181247375905514], [76.89764734357595, 43.181246034801006], [76.89766477793455, 43.181246034801006], [76.89766611903906, 43.18124268203974], [76.89768221229315, 43.18124335259199], [76.89768757671118, 43.181246034801006], [76.89769294112921, 43.181251399219036], [76.89769361168146, 43.181260116398335], [76.8976916000247, 43.18126413971186], [76.89768824726343, 43.18126682192087], [76.8976828828454, 43.18126816302538], [76.89766813069582, 43.18126816302538], [76.8976654484868, 43.18126615136862], [76.8976654484868, 43.18126950412989], [76.89766343683004, 43.18126950412989]]]}, "properties": {"id": 730, "class": "road", "confidence": 100.0, "source": "Almaty_5", "source_model": "unet-roads", "centroid_wkt": "POINT (76.89766589492808 43.18125521644034)", "bbox": [76.89763057976961, 43.18124268203974, 76.89769361168146, 43.18126950412989], "pixel_bbox": [3532, 4933, 3626, 4973], "area_m2": 10.705}}, {"type": "Feature", "geometry": {"type": "Polygon", "coordinates": [[[76.89874235540628, 43.18132180720568], [76.89873430877924, 43.18131912499666], [76.89873095601797, 43.18131577223539], [76.89871151000261, 43.18131577223539], [76.89870949834585, 43.18131510168314], [76.89870949834585, 43.18131376057863], [76.89870748668909, 43.18131309002638], [76.89870614558458, 43.18131107836962], [76.89870346337557, 43.181310407817364], [76.89870279282331, 43.1813083961606], [76.89870078116655, 43.1813083961606], [76.89870078116655, 43.18130638450384], [76.89869944006205, 43.181307055056095], [76.89869944006205, 43.1813083961606], [76.89869809895754, 43.18130772560835], [76.89869809895754, 43.181301690638065], [76.89869944006205, 43.181301690638065], [76.89869944006205, 43.18130303174257], [76.89870078116655, 43.18130236119032], [76.89870078116655, 43.181288950145245], [76.89870212227106, 43.18128626793623], [76.89870346337557, 43.18125542253256], [76.89870614558458, 43.181251399219036], [76.89870815724134, 43.18124536424875], [76.8987101688981, 43.181244023144245], [76.89871352165937, 43.18123798817396], [76.89872156828642, 43.18123061209917], [76.89872156828642, 43.18122927099466], [76.89872827380896, 43.181222565472126], [76.89872827380896, 43.18122122436762], [76.89873363822699, 43.18121451884508], [76.89873430877924, 43.18121116608381], [76.89875308424234, 43.18121116608381], [76.89876582473516, 43.18120647221804], [76.89877387136221, 43.18120714277029], [76.89877789467573, 43.181209824979305], [76.89878460019827, 43.18121116608381], [76.89880136400461, 43.18121116608381], [76.89880471676588, 43.181209824979305], [76.89881879836321, 43.18121116608381], [76.89885500818491, 43.18121116608381], [76.89885769039392, 43.18121250718832], [76.89885970205069, 43.181215189397335], [76.8988610431552, 43.181215189397335], [76.89886439591646, 43.181218542158604], [76.89886439591646, 43.18121988326311], [76.89886707812548, 43.181220553815365], [76.89886707812548, 43.18123463541269], [76.89887177199125, 43.18124067038298], [76.89887177199125, 43.181249387562275], [76.89886908978224, 43.18126078695059], [76.89886707812548, 43.18126481026411], [76.89886707812548, 43.18127956241369], [76.89886573702097, 43.18128492683172], [76.89886640757322, 43.181288950145245], [76.89886439591646, 43.18129029124975], [76.89886372536421, 43.18129364401102], [76.89886372536421, 43.181310407817364], [76.89886305481195, 43.18131376057863], [76.89886171370745, 43.18131510168314], [76.89876716583967, 43.18131577223539], [76.8987537547946, 43.18132180720568], [76.89874235540628, 43.18132180720568]]]}, "properties": {"id": 731, "class": "road", "confidence": 100.0, "source": "Almaty_5", "source_model": "unet-roads", "centroid_wkt": "POINT (76.89878740188972 43.181264747076476)", "bbox": [76.89869809895754, 43.18120647221804, 76.89887177199125, 43.18132180720568], "pixel_bbox": [5124, 4855, 5383, 5027], "area_m2": 150.496}}, {"type": "Feature", "geometry": {"type": "Polygon", "coordinates": [[[76.89726378768682, 43.18122927099466], [76.89725507050753, 43.181225918233395], [76.89725238829851, 43.18122323602438], [76.89724903553724, 43.18121653050184], [76.89724836498499, 43.18121116608381], [76.89725037664175, 43.18121049553156], [76.8972497060895, 43.18120580166578], [76.89725238829851, 43.18119574338198], [76.89726177603006, 43.181186355650425], [76.8972671404481, 43.18118568509817], [76.89727317541838, 43.18119037896395], [76.89727384597063, 43.181193731725216], [76.8972771987319, 43.181197084486485], [76.89727786928415, 43.18121049553156], [76.89728390425444, 43.18121116608381], [76.89728390425444, 43.18121384829283], [76.89728256314993, 43.18121787160635], [76.89728122204542, 43.181218542158604], [76.89728122204542, 43.181220553815365], [76.89727585762739, 43.181225918233395], [76.89727049320936, 43.1812272593379], [76.8972671404481, 43.18122927099466], [76.89726378768682, 43.18122927099466]]]}, "properties": {"id": 732, "class": "road", "confidence": 100.0, "source": "Almaty_5", "source_model": "unet-roads", "centroid_wkt": "POINT (76.89726536699376 43.181208664290736)", "bbox": [76.89724836498499, 43.18118568509817, 76.89728390425444, 43.18122927099466], "pixel_bbox": [2962, 4993, 3015, 5058], "area_m2": 9.52}}, {"type": "Feature", "geometry": {"type": "Polygon", "coordinates": [[[76.89663480967283, 43.18124335259199], [76.89663413912058, 43.18124134093523], [76.89663212746382, 43.181242011487484], [76.89663145691156, 43.18123932927847], [76.89662273973227, 43.18124067038298], [76.896619386971, 43.1812359765172], [76.89661737531424, 43.1812359765172], [76.89661469310522, 43.18123396486044], [76.89660664647818, 43.181231282651424], [76.89660530537367, 43.18122927099466], [76.89660396426916, 43.18122927099466], [76.89659994095564, 43.18122524768114], [76.89659859985113, 43.18122524768114], [76.89658921211958, 43.18121384829283], [76.89658921211958, 43.18121116608381], [76.89663480967283, 43.18121049553156], [76.89663346856833, 43.1811910495162], [76.89663078635931, 43.18119306117296], [76.89663011580706, 43.18119641393423], [76.89662676304579, 43.18119507282972], [76.89662609249353, 43.1811910495162], [76.89662408083677, 43.181189708411694], [76.89662206918001, 43.18118501454592], [76.896619386971, 43.1811823323369], [76.89661804586649, 43.18117629736662], [76.89661670476198, 43.18117495626211], [76.89661670476198, 43.1811722740531], [76.89661402255297, 43.18116758018732], [76.89661268144846, 43.18115148693323], [76.89661402255297, 43.18114545196295], [76.89661536365747, 43.18114411085844], [76.89663548022509, 43.18114411085844], [76.89663480967283, 43.18124335259199]]]}, "properties": {"id": 733, "class": "road", "confidence": 100.0, "source": "Almaty_5", "source_model": "unet-roads", "centroid_wkt": "POINT (76.89662161971881 43.18119475123671)", "bbox": [76.89658921211958, 43.18114411085844, 76.89663548022509, 43.18124335259199], "pixel_bbox": [1979, 4972, 2048, 5120], "area_m2": 17.116}}, {"type": "Feature", "geometry": {"type": "Polygon", "coordinates": [[[76.89552437514067, 43.18114411085844], [76.89552504569292, 43.18114276975393], [76.89553443342447, 43.18113807588816], [76.8955485150218, 43.1811374053359], [76.89555052667856, 43.18113874644041], [76.89555387943983, 43.18113874644041], [76.89555656164885, 43.181141428649426], [76.89555656164885, 43.18114411085844], [76.89552437514067, 43.18114411085844]]]}, "properties": {"id": 734, "class": "road", "confidence": 100.0, "source": "Almaty_5", "source_model": "unet-roads", "centroid_wkt": "POINT (76.89554222423477 43.18114096205302)", "bbox": [76.89552437514067, 43.1811374053359, 76.89555656164885, 43.18114411085844], "pixel_bbox": [391, 5120, 439, 5130], "area_m2": 1.497}}, {"type": "Feature", "geometry": {"type": "Polygon", "coordinates": [[[76.89733419567347, 43.18108778446913], [76.89733017235994, 43.181087113916874], [76.89732749015093, 43.18108443170786], [76.89732883125544, 43.18108107894659], [76.89732883125544, 43.181076385080814], [76.8973321840167, 43.18107504397631], [76.89733687788248, 43.18107571452856], [76.89734559506178, 43.18107236176729], [76.89736168831587, 43.181073032319546], [76.89736504107714, 43.18107772618532], [76.89736302942038, 43.18108107894659], [76.89735297113657, 43.181083761155605], [76.89734760671854, 43.18108644336462], [76.89733687788248, 43.18108577281237], [76.89733419567347, 43.18108778446913]]]}, "properties": {"id": 735, "class": "road", "confidence": 100.0, "source": "Almaty_5", "source_model": "unet-roads", "centroid_wkt": "POINT (76.89734574592971 43.18107918752853)", "bbox": [76.89732749015093, 43.18107236176729, 76.89736504107714, 43.18108778446913], "pixel_bbox": [3080, 5204, 3136, 5227], "area_m2": 3.586}}, {"type": "Feature", "geometry": {"type": "Polygon", "coordinates": [[[76.8995550647378, 43.18109516054392], [76.89955439418554, 43.18106833845377], [76.89955573529005, 43.18106699734926], [76.89955573529005, 43.18106900900602], [76.89955707639456, 43.18106900900602], [76.89955707639456, 43.18107236176729], [76.89955975860357, 43.18107705563307], [76.89956177026033, 43.18107772618532], [76.89956177026033, 43.181076385080814], [76.89956311136484, 43.181076385080814], [76.89956445246935, 43.1810737028718], [76.89956713467836, 43.1810737028718], [76.89957316964865, 43.181078396737576], [76.89957451075315, 43.18108309060335], [76.89957115799189, 43.18108979612589], [76.89956311136484, 43.18109046667814], [76.89956109970808, 43.181089125573635], [76.89955908805132, 43.18109180778265], [76.89955573529005, 43.18109314888716], [76.8995550647378, 43.18109516054392]]]}, "properties": {"id": 736, "class": "road", "confidence": 100.0, "source": "Almaty_5", "source_model": "unet-roads", "centroid_wkt": "POINT (76.899563439735 43.181081954572285)", "bbox": [76.89955439418554, 43.18106699734926, 76.89957451075315, 43.18109516054392], "pixel_bbox": [6401, 5193, 6431, 5235], "area_m2": 2.695}}, {"type": "Feature", "geometry": {"type": "Polygon", "coordinates": [[[76.89750719815493, 43.18113271147013], [76.89750049263239, 43.18113204091787], [76.89750049263239, 43.181130699813366], [76.89749781042337, 43.18112801760435], [76.89749713987112, 43.181121312081814], [76.89749848097563, 43.181117959320545], [76.89749781042337, 43.18111460655928], [76.89749915152788, 43.18111460655928], [76.89749915152788, 43.18110857158899], [76.89749646931887, 43.18110857158899], [76.8974944576621, 43.181107230484486], [76.89749378710985, 43.18110924214125], [76.89749378710985, 43.181099854409695], [76.8974843993783, 43.18109516054392], [76.89747769385576, 43.18109516054392], [76.89747367054224, 43.18109180778265], [76.89747232943773, 43.18109180778265], [76.89746629446745, 43.18108443170786], [76.89746361225843, 43.181078396737576], [76.89746495336294, 43.181065656244755], [76.89746830612421, 43.181058280169964], [76.89747232943773, 43.181054927408695], [76.89747232943773, 43.18105358630419], [76.89747635275126, 43.181049562990665], [76.89747702330351, 43.18104688078165], [76.89748037606478, 43.181044198572636], [76.89748037606478, 43.18104285746813], [76.89748574048281, 43.18103816360235], [76.89748708158731, 43.18103816360235], [76.89748909324408, 43.18103548139334], [76.8974931165576, 43.181033469736576], [76.89749378710985, 43.18102341145277], [76.8974944576621, 43.18102676421404], [76.89749579876661, 43.18102676421404], [76.89749646931887, 43.181024082005024], [76.89749915152788, 43.18102207034826], [76.8975018337369, 43.18102207034826], [76.89750786870718, 43.18102676421404], [76.89750920981169, 43.18102676421404], [76.89751323312521, 43.18103078752756], [76.89751323312521, 43.18103212863207], [76.89751524478197, 43.181033469736576], [76.89751725643873, 43.1810374930501], [76.89751993864775, 43.18103950470686], [76.89752127975225, 43.18104352802038], [76.89752262085676, 43.181044198572636], [76.89752262085676, 43.1810462102294], [76.89752664417028, 43.18105157464743], [76.89752664417028, 43.18105425685644], [76.89752798527479, 43.18105559796095], [76.89752798527479, 43.18105895072222], [76.8975293263793, 43.18106163293123], [76.8975293263793, 43.1810737028718], [76.89752731472254, 43.18108040839434], [76.89752597361803, 43.18108107894659], [76.89752597361803, 43.18108309060335], [76.89752262085676, 43.18108979612589], [76.8975206092, 43.18109046667814], [76.8975192680955, 43.18109381943941], [76.89751457422972, 43.18109717220068], [76.89751390367746, 43.181105218827724], [76.89751256257296, 43.18110588937998], [76.89751256257296, 43.181107230484486], [76.89750988036394, 43.18110790103674], [76.89750920981169, 43.1811099126935], [76.8975105509162, 43.18111326545477], [76.8975118920207, 43.18111326545477], [76.8975118920207, 43.18111661821604], [76.89751457422972, 43.18111930042505], [76.89751457422972, 43.181126676499844], [76.89750988036394, 43.18113137036562], [76.89750719815493, 43.18113271147013]]]}, "properties": {"id": 737, "class": "road", "confidence": 100.0, "source": "Almaty_5", "source_model": "unet-roads", "centroid_wkt": "POINT (76.89749948104141 43.181071583265094)", "bbox": [76.89746361225843, 43.18102207034826, 76.8975293263793, 43.18113271147013], "pixel_bbox": [3283, 5137, 3381, 5302], "area_m2": 36.704}}, {"type": "Feature", "geometry": {"type": "Polygon", "coordinates": [[[76.89695868641138, 43.18104486912489], [76.89695131033659, 43.18104151636362], [76.89694460481405, 43.18103481084108], [76.89694192260504, 43.181029446423054], [76.89694058150053, 43.1810200586915], [76.89694125205278, 43.18101603537798], [76.89694460481405, 43.18101268261671], [76.89695332199335, 43.18101402372122], [76.89695935696363, 43.18101737648249], [76.89696203917265, 43.18101737648249], [76.89696405082941, 43.18101938813925], [76.89696740359068, 43.1810200586915], [76.89696740359068, 43.18102139979601], [76.89697075635195, 43.18102207034826], [76.89697343856096, 43.18102475255728], [76.89697545021772, 43.18102274090052], [76.89697679132223, 43.181024082005024], [76.89697880297899, 43.1810200586915], [76.89697880297899, 43.18103481084108], [76.89697679132223, 43.18103481084108], [76.89697477966547, 43.181033469736576], [76.89697477966547, 43.18103212863207], [76.89697343856096, 43.18103212863207], [76.89697276800871, 43.18103950470686], [76.8969714269042, 43.18104151636362], [76.89696807414293, 43.18104151636362], [76.89696472138166, 43.18104486912489], [76.89695868641138, 43.18104486912489]]]}, "properties": {"id": 738, "class": "road", "confidence": 100.0, "source": "Almaty_5", "source_model": "unet-roads", "centroid_wkt": "POINT (76.89695875759122 43.18102858483468)", "bbox": [76.89694058150053, 43.18101268261671, 76.89697880297899, 43.18104486912489], "pixel_bbox": [2503, 5268, 2560, 5316], "area_m2": 7.483}}, {"type": "Feature", "geometry": {"type": "Polygon", "coordinates": [[[76.90060246735811, 43.18104553967714], [76.90059375017881, 43.18104151636362], [76.90059039741755, 43.18103816360235], [76.90059039741755, 43.181036822497845], [76.90058704465628, 43.18103414028883], [76.90058704465628, 43.18103279918432], [76.90058436244726, 43.18103078752756], [76.90058436244726, 43.180975802242756], [76.90058637410402, 43.180975802242756], [76.90058637410402, 43.180973790585995], [76.90059173852205, 43.18097312003374], [76.90063130110502, 43.180973790585995], [76.9006272777915, 43.1809751316905], [76.9006272777915, 43.18097781389952], [76.90063063055277, 43.18097781389952], [76.9006359949708, 43.18098049610853], [76.90063666552305, 43.18098183721304], [76.90063934773207, 43.18098250776529], [76.90064068883657, 43.180984519422054], [76.90064202994108, 43.180984519422054], [76.90064202994108, 43.18098586052656], [76.90064337104559, 43.18098586052656], [76.90064739435911, 43.180993907153606], [76.90064873546362, 43.18099457770586], [76.90065074712038, 43.1810012832284], [76.90065074712038, 43.181007988750935], [76.90064873546362, 43.18101402372122], [76.90064739435911, 43.18101469427347], [76.9006460532546, 43.18101804703474], [76.9006447121501, 43.18101804703474], [76.9006447121501, 43.18101938813925], [76.90064068883657, 43.18102341145277], [76.90063934773207, 43.18102341145277], [76.90063867717981, 43.18102542310953], [76.90063666552305, 43.181026093661785], [76.9006359949708, 43.181028105318546], [76.90063465386629, 43.181028105318546], [76.90062996000051, 43.181033469736576], [76.90062861889601, 43.181033469736576], [76.9006272777915, 43.18103615194559], [76.90062526613474, 43.181036822497845], [76.90062459558249, 43.181038834154606], [76.90062325447798, 43.181038834154606], [76.90062057226896, 43.18104151636362], [76.90061520785093, 43.181042186915874], [76.9006085023284, 43.18104553967714], [76.90060246735811, 43.18104553967714]]]}, "properties": {"id": 739, "class": "road", "confidence": 100.0, "source": "Almaty_5", "source_model": "unet-roads", "centroid_wkt": "POINT (76.90061380316703 43.18100639988207)", "bbox": [76.90058436244726, 43.18097312003374, 76.90065074712038, 43.18104553967714], "pixel_bbox": [7937, 5267, 8036, 5375], "area_m2": 34.63}}, {"type": "Feature", "geometry": {"type": "Polygon", "coordinates": [[[76.90098267048597, 43.18103212863207], [76.9009706005454, 43.181029446423054], [76.90096657723188, 43.18102743476629], [76.90096523612738, 43.18102542310953], [76.90096389502287, 43.18102542310953], [76.9009592011571, 43.18101938813925], [76.90095987170935, 43.18100932985544], [76.90096121281385, 43.18100664764643], [76.90096389502287, 43.181004635989666], [76.90096389502287, 43.18100329488516], [76.90096724778414, 43.18099994212389], [76.90096858888865, 43.18099994212389], [76.90096858888865, 43.18099860101938], [76.9009706005454, 43.18099793046713], [76.90097462385893, 43.18099323660135], [76.90097596496344, 43.18099323660135], [76.90098468214273, 43.180986531078815], [76.9009866937995, 43.180986531078815], [76.90098736435175, 43.18098518997431], [76.90099272876978, 43.18098250776529], [76.90099474042654, 43.18098250776529], [76.90100412815809, 43.18097781389952], [76.90100748091936, 43.18097781389952], [76.90100882202387, 43.18097647279501], [76.90100748091936, 43.18097446113825], [76.90100479871035, 43.180973790585995], [76.90104972571135, 43.180973790585995], [76.90104436129332, 43.1809751316905], [76.90104302018881, 43.18097647279501], [76.90104436129332, 43.18097647279501], [76.90104436129332, 43.18097781389952], [76.90104972571135, 43.18097848445177], [76.90105374902487, 43.18098049610853], [76.90105509012938, 43.18098250776529], [76.90105777233839, 43.18098317831755], [76.90105777233839, 43.180984519422054], [76.90105978399515, 43.18098518997431], [76.90106246620417, 43.18099055439234], [76.90106313675642, 43.18099457770586], [76.90106447786093, 43.180995248258114], [76.90106447786093, 43.180997259914875], [76.90106581896544, 43.18099860101938], [76.90106581896544, 43.1810012832284], [76.90106716006994, 43.181002624332905], [76.90106716006994, 43.181010000407696], [76.90106581896544, 43.1810113415122], [76.90106581896544, 43.181013353168964], [76.9010604545474, 43.18101804703474], [76.90105240792036, 43.18102207034826], [76.9010316208005, 43.181028105318546], [76.90099876374006, 43.18103212863207], [76.90098267048597, 43.18103212863207]]]}, "properties": {"id": 740, "class": "road", "confidence": 100.0, "source": "Almaty_5", "source_model": "unet-roads", "centroid_wkt": "POINT (76.90101493582924 43.18100408412297)", "bbox": [76.9009592011571, 43.180973790585995, 76.90106716006994, 43.18103212863207], "pixel_bbox": [8496, 5287, 8657, 5374], "area_m2": 42.984}}, {"type": "Feature", "geometry": {"type": "Polygon", "coordinates": [[[76.8954311683774, 43.18121049553156], [76.89542446285486, 43.18120379000902], [76.89542312175035, 43.18119842559099], [76.89542379230261, 43.181188367307186], [76.89542781561613, 43.18117629736662], [76.89542781561613, 43.18116892129183], [76.89542647451162, 43.18116758018732], [76.89542513340712, 43.18116221576929], [76.89542379230261, 43.18116154521704], [76.8954211100936, 43.18115618079901], [76.8954211100936, 43.18114545196295], [76.8954224511981, 43.181144781410694], [76.89541976898909, 43.18114411085844], [76.89541775733232, 43.18113539367914], [76.89541641622782, 43.181134052574635], [76.89541641622782, 43.18113002926111], [76.89541507512331, 43.181126676499844], [76.89541507512331, 43.18110655993223], [76.89541775733232, 43.181094489991665], [76.89541976898909, 43.181091137230396], [76.89542178064585, 43.18108309060335], [76.89542312175035, 43.181081749498844], [76.89542580395937, 43.181071020662785], [76.89542647451162, 43.18105895072222], [76.89542781561613, 43.18105425685644], [76.89542714506388, 43.18104285746813], [76.89542848616838, 43.1810374930501], [76.89542848616838, 43.181028105318546], [76.89542982727289, 43.1810200586915], [76.8954325094819, 43.18101402372122], [76.89543385058641, 43.18100865930319], [76.89543385058641, 43.18100195378065], [76.89543854445219, 43.18098921328783], [76.89543854445219, 43.180986531078815], [76.8954398855567, 43.18098586052656], [76.89544055610895, 43.18098250776529], [76.89544390887022, 43.18097848445177], [76.89544323831797, 43.180973790585995], [76.89544659107924, 43.18097244948149], [76.89554784446955, 43.18097244948149], [76.89555454999208, 43.180973790585995], [76.89555186778307, 43.18097446113825], [76.89555052667856, 43.18097647279501], [76.8955485150218, 43.18097647279501], [76.8955485150218, 43.18097781389952], [76.89554985612631, 43.18097781389952], [76.89555052667856, 43.180979155004025], [76.8955485150218, 43.180986531078815], [76.89554516226053, 43.180989883840084], [76.89554046839476, 43.18099122494459], [76.89553778618574, 43.18099323660135], [76.89553577452898, 43.18099323660135], [76.89553309231997, 43.18099591881037], [76.89553309231997, 43.181000612676144], [76.89553443342447, 43.18100597709417], [76.89553577452898, 43.18100664764643], [76.89553644508123, 43.18100932985544], [76.89553778618574, 43.18100932985544], [76.89553778618574, 43.18101067095995], [76.89553912729025, 43.1810113415122], [76.89554046839476, 43.18101670593023], [76.89554315060377, 43.18101938813925], [76.89554315060377, 43.18102139979601], [76.89554516226053, 43.18102274090052], [76.89554583281279, 43.18102542310953], [76.89554784446955, 43.18102676421404], [76.89555522054434, 43.18104151636362], [76.89555790275335, 43.181049562990665], [76.89555790275335, 43.18106967955828], [76.89555522054434, 43.181071020662785], [76.89555522054434, 43.181073032319546], [76.89555186778307, 43.18107705563307], [76.89554583281279, 43.18107705563307], [76.89554516226053, 43.181078396737576], [76.8955397978425, 43.18107906728983], [76.89553711563349, 43.18108107894659], [76.89553443342447, 43.18108107894659], [76.89552906900644, 43.181083761155605], [76.89552504569292, 43.18108443170786], [76.89551431685686, 43.18108979612589], [76.89551163464785, 43.181092478334904], [76.89550627022982, 43.181094489991665], [76.89550492912531, 43.181096501648426], [76.8955035880208, 43.181096501648426], [76.89549889415503, 43.18110052496195], [76.8954948708415, 43.18110790103674], [76.895493529737, 43.18110790103674], [76.89548011869192, 43.18112265318632], [76.89547944813967, 43.18112600594759], [76.89547676593065, 43.18112935870886], [76.8954760953784, 43.18113338202238], [76.89547408372164, 43.181134052574635], [76.89547274261713, 43.18113807588816], [76.89547341316938, 43.18114411085844], [76.89547006040812, 43.18114411085844], [76.89547140151262, 43.181150145828724], [76.8954760953784, 43.1811548396945], [76.89547676593065, 43.18116087466478], [76.89548213034868, 43.18116959184408], [76.89548213034868, 43.1811722740531], [76.89548347145319, 43.18117294460535], [76.8954848125577, 43.18117763847113], [76.89548414200544, 43.181188367307186], [76.89548145979643, 43.18119037896395], [76.89548011869192, 43.18119641393423], [76.89547341316938, 43.18120177835226], [76.89546938985586, 43.18120311945677], [76.89546871930361, 43.181204460561275], [76.89546670764685, 43.181204460561275], [76.8954573199153, 43.18120915442705], [76.89545128494501, 43.18121049553156], [76.89543653279543, 43.18121049553156], [76.89543385058641, 43.181207813322544], [76.89543385058641, 43.18121049553156], [76.8954311683774, 43.18121049553156]]]}, "properties": {"id": 741, "class": "road", "confidence": 100.0, "source": "Almaty_5", "source_model": "unet-roads", "centroid_wkt": "POINT (76.89547629974034 43.18107163765509)", "bbox": [76.89541507512331, 43.18097244948149, 76.89555790275335, 43.18121049553156], "pixel_bbox": [228, 5021, 441, 5376], "area_m2": 189.036}}, {"type": "Feature", "geometry": {"type": "Polygon", "coordinates": [[[76.89710956066847, 43.18110857158899], [76.89710687845945, 43.181107230484486], [76.89710352569818, 43.181107230484486], [76.8970974907279, 43.18110387772322], [76.8970961496234, 43.181101866066456], [76.89709480851889, 43.181101866066456], [76.89709078520536, 43.18109784275293], [76.89708944410086, 43.18109784275293], [76.89708810299635, 43.181094489991665], [76.89708475023508, 43.181091137230396], [76.89707402139902, 43.18108778446913], [76.89707066863775, 43.18108577281237], [76.89706798642874, 43.18108577281237], [76.89706597477198, 43.181083761155605], [76.89705658704042, 43.18107906728983], [76.89704854041338, 43.18106900900602], [76.89704585820436, 43.181063644587994], [76.89704585820436, 43.18106163293123], [76.8970425054431, 43.18105760961771], [76.89703579992056, 43.181042186915874], [76.89703579992056, 43.18103481084108], [76.89703982323408, 43.18102341145277], [76.89704183489084, 43.18102207034826], [76.8970425054431, 43.18101938813925], [76.89704585820436, 43.18101670593023], [76.89704786986113, 43.18101268261671], [76.89705390483141, 43.18100731819868], [76.89705390483141, 43.18100597709417], [76.89705591648817, 43.18100530654192], [76.89705591648817, 43.18100396543741], [76.89705926924944, 43.1810012832284], [76.89705926924944, 43.18099994212389], [76.89706463366747, 43.180995248258114], [76.89706463366747, 43.180993907153606], [76.89706597477198, 43.180993907153606], [76.89706798642874, 43.180991895496845], [76.89707133919, 43.18097982555628], [76.89707133919, 43.180975802242756], [76.8970699980855, 43.180973790585995], [76.89707670360804, 43.18097244948149], [76.89720813184977, 43.18097244948149], [76.89722020179033, 43.180973790585995], [76.89722020179033, 43.1809751316905], [76.8972148373723, 43.180975802242756], [76.89721148461103, 43.18097848445177], [76.89721148461103, 43.18097982555628], [76.89721282571554, 43.180979155004025], [76.8972134962678, 43.18098049610853], [76.89721550792456, 43.18098049610853], [76.89721617847681, 43.18098250776529], [76.89721416682005, 43.18098250776529], [76.89721282571554, 43.180984519422054], [76.89721014350653, 43.18098586052656], [76.89720544964075, 43.180986531078815], [76.89720075577497, 43.18099055439234], [76.89719069749117, 43.1809925660491], [76.89719002693892, 43.180993907153606], [76.8971860036254, 43.18099591881037], [76.8971699103713, 43.18099860101938], [76.89716253429651, 43.18100195378065], [76.89715918153524, 43.18100195378065], [76.89715649932623, 43.18100329488516], [76.89715515822172, 43.181002624332905], [76.89715381711721, 43.18100396543741], [76.89715046435595, 43.181002624332905], [76.89715046435595, 43.18110387772322], [76.89714442938566, 43.18110253661871], [76.89713302999735, 43.18110790103674], [76.89712431281805, 43.181107230484486], [76.89712096005678, 43.18110857158899], [76.89710956066847, 43.18110857158899]]]}, "properties": {"id": 742, "class": "road", "confidence": 100.0, "source": "Almaty_5", "source_model": "unet-roads", "centroid_wkt": "POINT (76.8971102866126 43.181031942393886)", "bbox": [76.89703579992056, 43.18097244948149, 76.89722020179033, 43.18110857158899], "pixel_bbox": [2645, 5173, 2920, 5376], "area_m2": 126.397}}, {"type": "Feature", "geometry": {"type": "Polygon", "coordinates": [[[76.89981993287802, 43.18098720163107], [76.89980920404196, 43.18098518997431], [76.89980249851942, 43.18098183721304], [76.89980115741491, 43.180979155004025], [76.89980383962393, 43.18097647279501], [76.89980182796717, 43.180973790585995], [76.89981389790773, 43.18097244948149], [76.8998447433114, 43.18097244948149], [76.89985278993845, 43.180973790585995], [76.8998521193862, 43.180975802242756], [76.8998534604907, 43.18097714334726], [76.8998534604907, 43.18098049610853], [76.89985144883394, 43.18098317831755], [76.89984675496817, 43.18098586052656], [76.89984407275915, 43.18098586052656], [76.89984206110239, 43.18098720163107], [76.89981993287802, 43.18098720163107]]]}, "properties": {"id": 743, "class": "road", "confidence": 100.0, "source": "Almaty_5", "source_model": "unet-roads", "centroid_wkt": "POINT (76.89982834474792 43.18097911483665)", "bbox": [76.89980115741491, 43.18097244948149, 76.8998534604907, 43.18098720163107], "pixel_bbox": [6769, 5354, 6847, 5376], "area_m2": 6.074}}, {"type": "Feature", "geometry": {"type": "Polygon", "coordinates": [[[76.90041337162256, 43.181000612676144], [76.90041203051805, 43.18099860101938], [76.90040197223425, 43.18099994212389], [76.90034966915846, 43.18099860101938], [76.90034430474043, 43.180997259914875], [76.90034162253141, 43.180995248258114], [76.90033961087465, 43.180995248258114], [76.90033558756113, 43.1809925660491], [76.90033089369535, 43.18099122494459], [76.9003215059638, 43.1809838488698], [76.90032083541155, 43.18097982555628], [76.90032351762056, 43.18097714334726], [76.90032284706831, 43.180973790585995], [76.90032821148634, 43.18097244948149], [76.9004113599658, 43.18097244948149], [76.9004113599658, 43.180973790585995], [76.90041404217482, 43.18097244948149], [76.90046098083258, 43.18097244948149], [76.9004824385047, 43.180973790585995], [76.90047774463892, 43.1809751316905], [76.90047774463892, 43.18097781389952], [76.90048109740019, 43.18097848445177], [76.9004837796092, 43.180981166660786], [76.9004837796092, 43.180986531078815], [76.90047975629568, 43.180989883840084], [76.90047573298216, 43.18099122494459], [76.9004750624299, 43.1809925660491], [76.90046969801188, 43.180995248258114], [76.90046031028032, 43.18099793046713], [76.90044891089201, 43.180999271571636], [76.9004301354289, 43.180999271571636], [76.90042208880186, 43.181000612676144], [76.90041337162256, 43.181000612676144]]]}, "properties": {"id": 744, "class": "road", "confidence": 100.0, "source": "Almaty_5", "source_model": "unet-roads", "centroid_wkt": "POINT (76.90040329615483 43.180984970942404)", "bbox": [76.90032083541155, 43.18097244948149, 76.9004837796092, 43.181000612676144], "pixel_bbox": [7544, 5334, 7787, 5376], "area_m2": 35.922}}, {"type": "Feature", "geometry": {"type": "Polygon", "coordinates": [[[76.89618486911058, 43.18097244948149], [76.89618486911058, 43.18097110837698], [76.89618218690157, 43.18096909672022], [76.89618151634932, 43.180966414511204], [76.89618017524481, 43.18096574395895], [76.8961788341403, 43.18096037954092], [76.8961774930358, 43.18095903843641], [76.89617682248354, 43.180946968495846], [76.89618017524481, 43.18094026297331], [76.89618553966284, 43.18093489855528], [76.89619224518538, 43.18093489855528], [76.8961976096034, 43.180937580764294], [76.89620029181242, 43.18094026297331], [76.89620029181242, 43.180941604077816], [76.89620364457369, 43.18094428628683], [76.89620364457369, 43.18094562739134], [76.89620900899172, 43.180950321257114], [76.89620900899172, 43.18095166236162], [76.89621102064848, 43.180952332913876], [76.89621437340975, 43.180955685675144], [76.89621437340975, 43.18095702677965], [76.89621973782778, 43.180961050093174], [76.89621973782778, 43.18096239119768], [76.89622107893229, 43.18096239119768], [76.89622242003679, 43.18096440285444], [76.8962237611413, 43.18096440285444], [76.89622778445482, 43.18096775561571], [76.89623717218637, 43.18096775561571], [76.8962411954999, 43.18096574395895], [76.89624588936567, 43.180965073406696], [76.89625192433596, 43.18096172064543], [76.89626399427652, 43.18095903843641], [76.89627539366484, 43.18095903843641], [76.89628075808287, 43.18096037954092], [76.89628411084414, 43.18096373230219], [76.89628411084414, 43.180965073406696], [76.8962861225009, 43.18096574395895], [76.8962861225009, 43.18097244948149], [76.89618486911058, 43.18097244948149]]]}, "properties": {"id": 745, "class": "road", "confidence": 100.0, "source": "Almaty_5", "source_model": "unet-roads", "centroid_wkt": "POINT (76.8962181261363 43.180959874808835)", "bbox": [76.89617682248354, 43.18093489855528, 76.8962861225009, 43.18097244948149], "pixel_bbox": [1364, 5376, 1527, 5432], "area_m2": 16.229}}, {"type": "Feature", "geometry": {"type": "Polygon", "coordinates": [[[76.8995564058423, 43.18103548139334], [76.8995564058423, 43.181033469736576], [76.8995550647378, 43.18103414028883], [76.89955439418554, 43.18103078752756], [76.8995188549161, 43.18103279918432], [76.89950007945299, 43.18103212863207], [76.89949873834848, 43.18103078752756], [76.89949672669172, 43.18103078752756], [76.89949471503496, 43.1810287758708], [76.89949069172144, 43.18102743476629], [76.89948800951242, 43.18102475255728], [76.89948800951242, 43.18101469427347], [76.89948532730341, 43.181013353168964], [76.89947996288538, 43.18099994212389], [76.8994752690196, 43.180995248258114], [76.8994739279151, 43.180995248258114], [76.89946722239256, 43.180989883840084], [76.89945917576551, 43.18098720163107], [76.89944308251143, 43.18098720163107], [76.89942967146635, 43.18099122494459], [76.8994290009141, 43.1809925660491], [76.89942497760057, 43.180993907153606], [76.89941961318254, 43.180993907153606], [76.89941491931677, 43.180991895496845], [76.89940687268972, 43.1809838488698], [76.89940553158522, 43.1809838488698], [76.89939681440592, 43.18097714334726], [76.8993941321969, 43.18097647279501], [76.89939346164465, 43.1809751316905], [76.89938675612211, 43.18097244948149], [76.89938206225634, 43.18097244948149], [76.89938139170408, 43.18096775561571], [76.89937803894281, 43.18096775561571], [76.89937602728605, 43.180966414511204], [76.89937267452478, 43.180966414511204], [76.89937066286802, 43.180965073406696], [76.89935993403196, 43.180963061749935], [76.8993217125535, 43.180963061749935], [76.8993116542697, 43.18096037954092], [76.89931031316519, 43.18095836788416], [76.89930897206068, 43.18095836788416], [76.89930763095617, 43.18095300346613], [76.8993116542697, 43.1809476390481], [76.89932372421026, 43.18094294518232], [76.89934987574816, 43.18094093352556], [76.8993579223752, 43.180939592421055], [76.89936462789774, 43.18093691021204], [76.89937200397253, 43.180936239659786], [76.89937401562929, 43.18093489855528], [76.89938139170408, 43.18093556910753], [76.89938206225634, 43.18092551082373], [76.89938340336084, 43.18092484027147], [76.89938340336084, 43.180923499166965], [76.8993840739131, 43.18092484027147], [76.89938608556986, 43.180923499166965], [76.89939480274916, 43.18092618137598], [76.89939748495817, 43.18092819303274], [76.89939949661493, 43.18092819303274], [76.89940083771944, 43.18092953413725], [76.8994028493762, 43.18092953413725], [76.89940419048071, 43.180930875241756], [76.8994115665555, 43.18093288689852], [76.89941827207804, 43.180936239659786], [76.89944107085466, 43.180941604077816], [76.89945314079523, 43.18094294518232], [76.89949002116919, 43.18094294518232], [76.8995376303792, 43.18094629794359], [76.89955372363329, 43.18094629794359], [76.89955439418554, 43.18094227463007], [76.89957585185766, 43.18094294518232], [76.89958993345499, 43.18094562739134], [76.89960334450006, 43.18095099180937], [76.89960669726133, 43.18095434457064], [76.89960803836584, 43.18095434457064], [76.89961206167936, 43.18095903843641], [76.89961474388838, 43.180965073406696], [76.89961407333612, 43.18097244948149], [76.89960937947035, 43.18097312003374], [76.8996087089181, 43.180979155004025], [76.89960669726133, 43.18098317831755], [76.89960401505232, 43.18098518997431], [76.89960401505232, 43.180986531078815], [76.89960200339556, 43.18098720163107], [76.89960066229105, 43.180989883840084], [76.89959932118654, 43.180989883840084], [76.89959596842527, 43.180993907153606], [76.89959462732077, 43.180993907153606], [76.89958658069372, 43.1810012832284], [76.89958523958921, 43.181004635989666], [76.89958322793245, 43.18100597709417], [76.8995825573802, 43.18100865930319], [76.89958054572344, 43.181010000407696], [76.89957987517118, 43.18101268261671], [76.89957786351442, 43.181013353168964], [76.8995738402009, 43.18101737648249], [76.8995738402009, 43.18102542310953], [76.89956713467836, 43.18103078752756], [76.89956109970808, 43.181033469736576], [76.89956042915583, 43.18103481084108], [76.8995564058423, 43.18103548139334]]]}, "properties": {"id": 746, "class": "road", "confidence": 100.0, "source": "Almaty_5", "source_model": "unet-roads", "centroid_wkt": "POINT (76.89948810071859 43.18097414629856)", "bbox": [76.89930763095617, 43.180923499166965, 76.89961474388838, 43.18103548139334], "pixel_bbox": [6033, 5282, 6491, 5449], "area_m2": 148.537}}, {"type": "Feature", "geometry": {"type": "Polygon", "coordinates": [[[76.8998983874917, 43.18105962127447], [76.8998970463872, 43.18104822188616], [76.8998970463872, 43.18094294518232], [76.89989771693945, 43.180918134748936], [76.89989905804396, 43.18091478198767], [76.89989905804396, 43.18091880530119], [76.89989972859621, 43.18091746419668], [76.89990106970072, 43.18091746419668], [76.89990174025297, 43.1809201464057], [76.89990241080523, 43.180918134748936], [76.8999057635665, 43.18091880530119], [76.89991313964128, 43.18091679364443], [76.89992185682058, 43.18092081695795], [76.89992319792509, 43.180923499166965], [76.8999245390296, 43.180923499166965], [76.8999258801341, 43.18092752248049], [76.89992722123861, 43.18092819303274], [76.89993124455214, 43.180939592421055], [76.89993258565664, 43.18094026297331], [76.89993392676115, 43.180944956839085], [76.89993593841791, 43.18094629794359], [76.89993929117918, 43.18095300346613], [76.89994063228369, 43.18095300346613], [76.89994063228369, 43.18095434457064], [76.89995002001524, 43.18096239119768], [76.89996276050806, 43.18096775561571], [76.89998354762793, 43.18096909672022], [76.89999494701624, 43.18097177892923], [76.89999226480722, 43.18097244948149], [76.89999226480722, 43.180973790585995], [76.89999427646399, 43.180973790585995], [76.89999427646399, 43.1809751316905], [76.89999628812075, 43.180975802242756], [76.89999628812075, 43.18097714334726], [76.90000098198652, 43.180979155004025], [76.90001238137484, 43.18099055439234], [76.90001506358385, 43.18099658936262], [76.90001506358385, 43.18100329488516], [76.90001372247934, 43.18100664764643], [76.90000902861357, 43.1810113415122], [76.89999964088202, 43.18101670593023], [76.89999159425497, 43.18101938813925], [76.89997348934412, 43.1810200586915], [76.89996141940355, 43.18101804703474], [76.89995270222425, 43.181018717586994], [76.89995002001524, 43.1810200586915], [76.89994867891073, 43.18102207034826], [76.89994733780622, 43.18102207034826], [76.89994599670172, 43.181024082005024], [76.89994465559721, 43.181024082005024], [76.89994465559721, 43.18102542310953], [76.8999433144927, 43.18102542310953], [76.8999433144927, 43.18102676421404], [76.8999419733882, 43.18102676421404], [76.8999419733882, 43.181028105318546], [76.89994063228369, 43.181028105318546], [76.89993795007467, 43.181031458079815], [76.89993660897017, 43.181031458079815], [76.89993660897017, 43.18103414028883], [76.89993526786566, 43.181036822497845], [76.89993392676115, 43.181036822497845], [76.89993258565664, 43.18104084581137], [76.89992923289537, 43.181044198572636], [76.89992789179087, 43.181044198572636], [76.89992386847734, 43.181049562990665], [76.89992252737284, 43.181049562990665], [76.89991783350706, 43.18105358630419], [76.89991381019354, 43.181054927408695], [76.89991313964128, 43.1810562685132], [76.89990174025297, 43.18105760961771], [76.89990039914846, 43.18105895072222], [76.89989905804396, 43.181058280169964], [76.8998983874917, 43.18105962127447]]]}, "properties": {"id": 747, "class": "road", "confidence": 100.0, "source": "Almaty_5", "source_model": "unet-roads", "centroid_wkt": "POINT (76.89993930020303 43.180989885196645)", "bbox": [76.8998970463872, 43.18091478198767, 76.90001506358385, 43.18105962127447], "pixel_bbox": [6912, 5246, 7088, 5462], "area_m2": 79.798}}, {"type": "Feature", "geometry": {"type": "Polygon", "coordinates": [[[76.89841110259295, 43.180926851928234], [76.8984030559659, 43.18092484027147], [76.89839903265238, 43.18092282861471], [76.89839769154787, 43.18092081695795], [76.89839635044336, 43.18092081695795], [76.89839366823435, 43.18091746419668], [76.8983943387866, 43.18091344088316], [76.89840104430914, 43.18090941756964], [76.89841646701097, 43.180908747017384], [76.89842652529478, 43.180910758674145], [76.8984305486083, 43.180912770330906], [76.89843188971281, 43.18091478198767], [76.89843323081732, 43.18091478198767], [76.89843591302633, 43.180918134748936], [76.89843591302633, 43.180921487510204], [76.89842987805605, 43.18092551082373], [76.89842518419027, 43.180926851928234], [76.89841110259295, 43.180926851928234]]]}, "properties": {"id": 748, "class": "road", "confidence": 100.0, "source": "Almaty_5", "source_model": "unet-roads", "centroid_wkt": "POINT (76.89841517270281 43.180917546990216)", "bbox": [76.89839366823435, 43.180908747017384, 76.89843591302633, 43.180926851928234], "pixel_bbox": [4670, 5444, 4733, 5471], "area_m2": 5.422}}, {"type": "Feature", "geometry": {"type": "Polygon", "coordinates": [[[76.89827363938093, 43.18092618137598], [76.89826156944036, 43.18092215806246], [76.89825553447008, 43.18091679364443], [76.89825486391783, 43.18091478198767], [76.89825486391783, 43.18090941756964], [76.89826022833586, 43.180903382599354], [76.89827162772417, 43.18089868873358], [76.89828034490347, 43.18089734762907], [76.89830515533686, 43.180898018181324], [76.89832594245672, 43.18090472370386], [76.89833130687475, 43.180908747017384], [76.89833130687475, 43.18091209977865], [76.89832929521799, 43.18091411143541], [76.89831923693419, 43.18091880530119], [76.89831722527742, 43.18091880530119], [76.89831588417292, 43.1809201464057], [76.89830984920263, 43.180921487510204], [76.89830850809813, 43.18092282861471], [76.89829241484404, 43.18092618137598], [76.89827363938093, 43.18092618137598]]]}, "properties": {"id": 749, "class": "road", "confidence": 100.0, "source": "Almaty_5", "source_model": "unet-roads", "centroid_wkt": "POINT (76.89829091011474 43.18091122494577)", "bbox": [76.89825486391783, 43.18089734762907, 76.89833130687475, 43.18092618137598], "pixel_bbox": [4463, 5445, 4577, 5488], "area_m2": 15.183}}, {"type": "Feature", "geometry": {"type": "Polygon", "coordinates": [[[76.89878795295954, 43.180957697331905], [76.89877521246672, 43.18095501512289], [76.89877185970545, 43.18095300346613], [76.89876783639193, 43.180952332913876], [76.89875978976488, 43.18094830960035], [76.89875174313784, 43.180941604077816], [76.89874973148108, 43.180941604077816], [76.89873900264502, 43.180936239659786], [76.89871821552515, 43.180936239659786], [76.89870078116655, 43.18093355745077], [76.89869742840528, 43.180934228003025], [76.89869675785303, 43.18093556910753], [76.89869541674852, 43.18091545253992], [76.89869675785303, 43.180894665420055], [76.89869742840528, 43.180898018181324], [76.89869809895754, 43.18089667707682], [76.8987001106143, 43.180898018181324], [76.89871151000261, 43.18089734762907], [76.89872156828642, 43.18089935928583], [76.89872693270445, 43.180902041494846], [76.89872894436121, 43.180902041494846], [76.89872961491346, 43.180903382599354], [76.89873162657022, 43.180903382599354], [76.89874369651079, 43.18091008812189], [76.89875911921263, 43.180910758674145], [76.89877588301897, 43.180907405912876], [76.89878527075052, 43.180907405912876], [76.89879734069109, 43.18090941756964], [76.8988087400794, 43.180912770330906], [76.89882751554251, 43.18091344088316], [76.8988436087966, 43.180916123092175], [76.89885567873716, 43.1809201464057], [76.89885701984167, 43.18092215806246], [76.8988610431552, 43.18092416971922], [76.8988610431552, 43.18092618137598], [76.8988623842597, 43.18092618137598], [76.8988623842597, 43.18092752248049], [76.89886372536421, 43.18092551082373], [76.89886707812548, 43.18092551082373], [76.89886707812548, 43.18095099180937], [76.89886573702097, 43.18095099180937], [76.89886573702097, 43.180952332913876], [76.89886372536421, 43.180952332913876], [76.8988623842597, 43.180950321257114], [76.8988610431552, 43.18095367401838], [76.8988536670804, 43.1809563562274], [76.89883153885603, 43.180955685675144], [76.89881410449743, 43.180957697331905], [76.89878795295954, 43.180957697331905]]]}, "properties": {"id": 750, "class": "road", "confidence": 100.0, "source": "Almaty_5", "source_model": "unet-roads", "centroid_wkt": "POINT (76.89878357393665 43.18092931894185)", "bbox": [76.89869541674852, 43.180894665420055, 76.89886707812548, 43.180957697331905], "pixel_bbox": [5120, 5398, 5376, 5492], "area_m2": 60.73}}, {"type": "Feature", "geometry": {"type": "Polygon", "coordinates": [[[76.89535271376371, 43.18088125437498], [76.89534466713667, 43.180878572165966], [76.89534332603216, 43.180874548852444], [76.89534533768892, 43.180873207747936], [76.89535405486822, 43.18087186664343], [76.89537350088358, 43.18087253719568], [76.89537886530161, 43.180873207747936], [76.89538087695837, 43.180874548852444], [76.89537953585386, 43.18087723106146], [76.89537148922682, 43.18087991327047], [76.89535271376371, 43.18088125437498]]]}, "properties": {"id": 751, "class": "road", "confidence": 100.0, "source": "Almaty_5", "source_model": "unet-roads", "centroid_wkt": "POINT (76.89536158354564 43.180875903353005)", "bbox": [76.89534332603216, 43.18087186664343, 76.89538087695837, 43.18088125437498], "pixel_bbox": [121, 5512, 177, 5526], "area_m2": 2.423}}, {"type": "Feature", "geometry": {"type": "Polygon", "coordinates": [[[76.89749512821436, 43.180930875241756], [76.89749378710985, 43.18092081695795], [76.89749378710985, 43.180869184434414], [76.89749512821436, 43.18086784332991], [76.89785588532686, 43.18086784332991], [76.89785789698362, 43.180869184434414], [76.89786192029715, 43.180869184434414], [76.89786124974489, 43.18087052553892], [76.8978625908494, 43.180871196091175], [76.8978625908494, 43.18087253719568], [76.89786594361067, 43.180873207747936], [76.89786795526743, 43.1808752194047], [76.89787063747644, 43.18088125437498], [76.89787063747644, 43.18089198321104], [76.89786862581968, 43.18089667707682], [76.89786527305841, 43.18090070039034], [76.8978639319539, 43.18090070039034], [76.8978639319539, 43.180902041494846], [76.8978525325656, 43.18090673536062], [76.89784716814756, 43.180907405912876], [76.8978451564908, 43.180908747017384], [76.89783979207277, 43.180908747017384], [76.89783710986376, 43.180910758674145], [76.89783308655024, 43.180910758674145], [76.89782503992319, 43.18091344088316], [76.8978002294898, 43.18091746419668], [76.89778480678797, 43.18091746419668], [76.89776938408613, 43.18091344088316], [76.89775664359331, 43.18091209977865], [76.89772982150316, 43.18091209977865], [76.89770769327879, 43.18091344088316], [76.89768958836794, 43.18091545253992], [76.89768355339766, 43.18091746419668], [76.8976741656661, 43.18091880530119], [76.89766880124807, 43.180918134748936], [76.8976654484868, 43.18091880530119], [76.8976654484868, 43.180921487510204], [76.8976191803813, 43.1809201464057], [76.89759638160467, 43.18091679364443], [76.89757090061903, 43.18091746419668], [76.89755212515593, 43.1809201464057], [76.89752530306578, 43.18092618137598], [76.89752127975225, 43.18092618137598], [76.89751323312521, 43.180928863584995], [76.89749848097563, 43.18092953413725], [76.89749512821436, 43.180930875241756]]]}, "properties": {"id": 752, "class": "road", "confidence": 100.0, "source": "Almaty_5", "source_model": "unet-roads", "centroid_wkt": "POINT (76.89767078650623 43.180892449787706)", "bbox": [76.89749378710985, 43.18086784332991, 76.89787063747644, 43.180930875241756], "pixel_bbox": [3328, 5438, 3890, 5532], "area_m2": 166.149}}, {"type": "Feature", "geometry": {"type": "Polygon", "coordinates": [[[76.89692180603743, 43.18090673536062], [76.8969164416194, 43.18090472370386], [76.89691241830587, 43.18090137094259], [76.89690437167883, 43.18088460713625], [76.89690303057432, 43.180883936583996], [76.89690236002207, 43.18088058382273], [76.89690101891756, 43.18087991327047], [76.8969003483653, 43.18087387830019], [76.89690236002207, 43.18087253719568], [76.89690370112658, 43.180869184434414], [76.89690638333559, 43.180869184434414], [76.89690638333559, 43.18086784332991], [76.89696405082941, 43.18086784332991], [76.89696941524744, 43.180869184434414], [76.89696941524744, 43.18087052553892], [76.89697276800871, 43.180871196091175], [76.89697276800871, 43.18087253719568], [76.89697477966547, 43.180873207747936], [76.89697410911322, 43.18087588995695], [76.89696002751589, 43.18088058382273], [76.8969439342618, 43.18088863044977], [76.8969352170825, 43.18089667707682], [76.896933875978, 43.18090070039034], [76.89693186432123, 43.180902041494846], [76.89693052321672, 43.18090472370386], [76.8969264999032, 43.18090673536062], [76.89692180603743, 43.18090673536062]]]}, "properties": {"id": 753, "class": "road", "confidence": 100.0, "source": "Almaty_5", "source_model": "unet-roads", "centroid_wkt": "POINT (76.89693140119326 43.18088181203709)", "bbox": [76.8969003483653, 43.18086784332991, 76.89697477966547, 43.18090673536062], "pixel_bbox": [2443, 5474, 2554, 5532], "area_m2": 15.244}}, {"type": "Feature", "geometry": {"type": "Polygon", "coordinates": [[[76.89546871930361, 43.180961050093174], [76.8954660370946, 43.18095970898867], [76.89546402543783, 43.18095702677965], [76.89546268433332, 43.18095702677965], [76.89546268433332, 43.180955685675144], [76.89546134322882, 43.180955685675144], [76.89545530825853, 43.180944956839085], [76.89545463770628, 43.180941604077816], [76.89545463770628, 43.18093154579401], [76.89546000212431, 43.18091545253992], [76.89546201378107, 43.18091209977865], [76.89546134322882, 43.18090673536062], [76.89546268433332, 43.18090606480837], [76.89546268433332, 43.18090405315161], [76.89546134322882, 43.18090405315161], [76.89545597881079, 43.180900029838085], [76.8954499438405, 43.18089935928583], [76.89544390887022, 43.18089667707682], [76.89544055610895, 43.18089667707682], [76.89543519169092, 43.18090070039034], [76.89543385058641, 43.180887289345264], [76.89542848616838, 43.18088594824076], [76.89542446285486, 43.18088326603174], [76.89541440457106, 43.180881924927235], [76.8954123929143, 43.18088058382273], [76.89541105180979, 43.18087723106146], [76.89540904015303, 43.18087723106146], [76.89540769904852, 43.1808752194047], [76.89540434628725, 43.18087588995695], [76.89540434628725, 43.18087387830019], [76.89541172236204, 43.180873207747936], [76.8954123929143, 43.18086985498667], [76.89540971070528, 43.18086985498667], [76.89541172236204, 43.180869184434414], [76.89541105180979, 43.18086784332991], [76.89554046839476, 43.18086784332991], [76.89554046839476, 43.180869184434414], [76.89554180949926, 43.180869184434414], [76.89554113894701, 43.18087052553892], [76.89554248005152, 43.180871196091175], [76.89554113894701, 43.18087186664343], [76.89554113894701, 43.18087790161371], [76.89554248005152, 43.18087924271822], [76.89554113894701, 43.180881924927235], [76.89553912729025, 43.18088326603174], [76.89553778618574, 43.18088795989752], [76.89553644508123, 43.18088863044977], [76.89553443342447, 43.1808939948678], [76.89553242176771, 43.18089533597231], [76.8955297395587, 43.18090070039034], [76.89552839845419, 43.18090807646513], [76.89552705734968, 43.180908747017384], [76.89552638679743, 43.180921487510204], [76.89552437514067, 43.180923499166965], [76.89552303403616, 43.180928863584995], [76.89552169293165, 43.180928863584995], [76.8955210223794, 43.1809302046895], [76.8955210223794, 43.18093556910753], [76.89551834017038, 43.18094361573458], [76.89551565796137, 43.180944956839085], [76.89551565796137, 43.18094629794359], [76.89551431685686, 43.18094629794359], [76.89551431685686, 43.1809476390481], [76.89550962299109, 43.18095099180937], [76.89550090581179, 43.18095300346613], [76.895493529737, 43.18095300346613], [76.89548280090094, 43.18095836788416], [76.89547676593065, 43.18095903843641], [76.89547274261713, 43.180961050093174], [76.89546871930361, 43.180961050093174]]]}, "properties": {"id": 754, "class": "road", "confidence": 100.0, "source": "Almaty_5", "source_model": "unet-roads", "centroid_wkt": "POINT (76.89548509942992 43.18090422574337)", "bbox": [76.89540434628725, 43.18086784332991, 76.89554248005152, 43.180961050093174], "pixel_bbox": [212, 5393, 418, 5532], "area_m2": 65.695}}]}