{"type": "FeatureCollection", "crs": {"type": "name", "properties": {"name": "EPSG:4326"}}, "features": [{"type": "Feature", "geometry": {"type": "Polygon", "coordinates": [[[76.84076660924951, 43.23742228480657], [76.84053490285233, 43.2379938124896], [76.84049296378035, 43.23798478851057], [76.84047329059571, 43.23803331420621], [76.84049947357313, 43.238038947961236], [76.84042586525034, 43.238220466197276], [76.84058472362992, 43.238254647422025], [76.84090969549513, 43.237453072778436], [76.84076660924951, 43.23742228480657]]]}, "properties": {"id": 0, "class": "building", "confidence": 100.0, "source": "Almaty_4", "source_model": "msft-buildings", "centroid_wkt": "POINT (76.84066783885642 43.23784845543975)", "bbox": [76.84042586525034, 43.23742228480657, 76.84090969549513, 43.238254647422025], "pixel_bbox": [16253, 4452, 16974, 5693], "area_m2": 1173.328}}, {"type": "Feature", "geometry": {"type": "Polygon", "coordinates": [[[76.83459190591911, 43.233722257390376], [76.83468417904314, 43.23373674451121], [76.83470075479563, 43.233680721978715], [76.83460848167161, 43.233666234844556], [76.83459190591911, 43.233722257390376]]]}, "properties": {"id": 1, "class": "building", "confidence": 100.0, "source": "Almaty_4", "source_model": "msft-buildings", "centroid_wkt": "POINT (76.83464633035568 43.233701489680755)", "bbox": [76.83459190591911, 43.233666234844556, 76.83470075479563, 43.23373674451121], "pixel_bbox": [7552, 11190, 7715, 11295], "area_m2": 48.819}}, {"type": "Feature", "geometry": {"type": "Polygon", "coordinates": [[[76.83442099158528, 43.23428669891942], [76.83439922740956, 43.234349111401926], [76.83455040219926, 43.23437709339547], [76.83456419287526, 43.23433754630767], [76.83450256399601, 43.23432614212634], [76.83452496287073, 43.23426189181132], [76.83406251618986, 43.234176317716305], [76.83406793757793, 43.23416077092414], [76.83375047051956, 43.234102008514256], [76.83373062671228, 43.23415891418805], [76.83442099158528, 43.23428669891942]]]}, "properties": {"id": 2, "class": "building", "confidence": 100.0, "source": "Almaty_4", "source_model": "msft-buildings", "centroid_wkt": "POINT (76.83416557618786 43.23422455851871)", "bbox": [76.83373062671228, 43.234102008514256, 76.83456419287526, 43.23437709339547], "pixel_bbox": [6268, 10235, 7511, 10645], "area_m2": 434.456}}, {"type": "Feature", "geometry": {"type": "Polygon", "coordinates": [[[76.83753770793791, 43.23480582616485], [76.83737692497093, 43.23477536087242], [76.83712425423823, 43.23548296841929], [76.83726137663132, 43.23550895717732], [76.83734214475854, 43.23528270514721], [76.83736582335183, 43.23528719175068], [76.83753770793791, 43.23480582616485]]]}, "properties": {"id": 3, "class": "building", "confidence": 100.0, "source": "Almaty_4", "source_model": "msft-buildings", "centroid_wkt": "POINT (76.83733183905417 43.23513187042512)", "bbox": [76.83712425423823, 43.23477536087242, 76.83753770793791, 43.23550895717732], "pixel_bbox": [11329, 8547, 11946, 9641], "area_m2": 1044.589}}, {"type": "Feature", "geometry": {"type": "Polygon", "coordinates": [[[76.83934897077435, 43.23860993567957], [76.83919945750682, 43.23905829767245], [76.83915893369688, 43.23905112593967], [76.83911524875042, 43.23918212821908], [76.8392469511327, 43.23920543629743], [76.83929801945042, 43.23905229281848], [76.83931467693102, 43.23905524078911], [76.83945684549262, 43.238629027028125], [76.83934897077435, 43.23860993567957]]]}, "properties": {"id": 4, "class": "building", "confidence": 100.0, "source": "Almaty_4", "source_model": "msft-buildings", "centroid_wkt": "POINT (76.8392951800669 43.23891766764627)", "bbox": [76.83911524875042, 43.23860993567957, 76.83945684549262, 43.23920543629743], "pixel_bbox": [14298, 3034, 14808, 3922], "area_m2": 623.479}}, {"type": "Feature", "geometry": {"type": "Polygon", "coordinates": [[[76.83248500248128, 43.2342201100484], [76.83251191059186, 43.23416339726844], [76.83235969017458, 43.23412506132567], [76.83233278048775, 43.234181765982385], [76.83248500248128, 43.2342201100484]]]}, "properties": {"id": 5, "class": "building", "confidence": 100.0, "source": "Almaty_4", "source_model": "msft-buildings", "centroid_wkt": "POINT (76.83242234740617 43.23417258419565)", "bbox": [76.83233278048775, 43.23412506132567, 76.83251191059186, 43.2342201100484], "pixel_bbox": [4183, 10469, 4451, 10611], "area_m2": 87.212}}, {"type": "Feature", "geometry": {"type": "Polygon", "coordinates": [[[76.83128547171904, 43.236749611564086], [76.8313551610567, 43.23657268149803], [76.83139976778301, 43.23658200676087], [76.83144741253427, 43.23646104409161], [76.83125163856889, 43.23642011645731], [76.83113430447992, 43.23671800936562], [76.83128547171904, 43.236749611564086]]]}, "properties": {"id": 6, "class": "building", "confidence": 100.0, "source": "Almaty_4", "source_model": "msft-buildings", "centroid_wkt": "POINT (76.83128275749065 43.23657758788171)", "bbox": [76.83113430447992, 43.23642011645731, 76.83144741253427, 43.236749611564086], "pixel_bbox": [2396, 6697, 2863, 7188], "area_m2": 492.535}}, {"type": "Feature", "geometry": {"type": "Polygon", "coordinates": [[[76.8312930232378, 43.23734722041228], [76.83125562564838, 43.237457747348955], [76.83174962946863, 43.23754646089549], [76.83178701704787, 43.23743593232209], [76.8312930232378, 43.23734722041228]]]}, "properties": {"id": 7, "class": "building", "confidence": 100.0, "source": "Almaty_4", "source_model": "msft-buildings", "centroid_wkt": "POINT (76.83152132373135 43.23744684042024)", "bbox": [76.83125562564838, 43.23734722041228, 76.83178701704787, 43.23754646089549], "pixel_bbox": [2577, 5508, 3369, 5805], "area_m2": 522.651}}, {"type": "Feature", "geometry": {"type": "Polygon", "coordinates": [[[76.83793738803585, 43.235622655743406], [76.83797674096893, 43.235517105217696], [76.83750213793189, 43.23542318503687], [76.83746278499882, 43.235528735725254], [76.83793738803585, 43.235622655743406]]]}, "properties": {"id": 8, "class": "building", "confidence": 100.0, "source": "Almaty_4", "source_model": "msft-buildings", "centroid_wkt": "POINT (76.8377197629275 43.235522920418525)", "bbox": [76.83746278499882, 43.23542318503687, 76.83797674096893, 43.235622655743406], "pixel_bbox": [11834, 8377, 12600, 8675], "area_m2": 485.423}}, {"type": "Feature", "geometry": {"type": "Polygon", "coordinates": [[[76.83871146949981, 43.23654496418106], [76.83860813703451, 43.23683410726443], [76.83872619792741, 43.236856500867034], [76.83882953039276, 43.23656735788992], [76.83871146949981, 43.23654496418106]]]}, "properties": {"id": 9, "class": "building", "confidence": 100.0, "source": "Almaty_4", "source_model": "msft-buildings", "centroid_wkt": "POINT (76.83871883371282 43.2367007325427)", "bbox": [76.83860813703451, 43.23654496418106, 76.83882953039276, 43.236856500867034], "pixel_bbox": [13542, 6537, 13872, 7002], "area_m2": 328.934}}, {"type": "Feature", "geometry": {"type": "Polygon", "coordinates": [[[76.8382052880133, 43.23371437262628], [76.8381791892019, 43.23379929973645], [76.83827369215368, 43.23381472000612], [76.83828398555613, 43.23378122467483], [76.83839125917709, 43.23379872876964], [76.83838190557103, 43.23382916594067], [76.8385236022079, 43.233852279677244], [76.83854877172385, 43.23377040221871], [76.8382052880133, 43.23371437262628]]]}, "properties": {"id": 10, "class": "building", "confidence": 100.0, "source": "Almaty_4", "source_model": "msft-buildings", "centroid_wkt": "POINT (76.83836696120602 43.23378074042848)", "bbox": [76.8381791892019, 43.23371437262628, 76.83854877172385, 43.233852279677244], "pixel_bbox": [12902, 11017, 13453, 11223], "area_m2": 238.312}}, {"type": "Feature", "geometry": {"type": "Polygon", "coordinates": [[[76.83405865462112, 43.23548362982198], [76.83408611931823, 43.235410976096624], [76.83415343330174, 43.23542448235851], [76.83416304594574, 43.235399053539815], [76.83420044260323, 43.23540655702048], [76.83421243463867, 43.23537483386496], [76.83411875192564, 43.23535603203763], [76.83413903402058, 43.2353023923336], [76.83399088190387, 43.23527266618372], [76.83401010719189, 43.235221808409], [76.8339502725399, 43.23520980280309], [76.83394615283531, 43.2352207009034], [76.8338564008573, 43.235202692493324], [76.83385296777017, 43.23521177424478], [76.83242192234317, 43.23492463947472], [76.83234090148662, 43.23513896942586], [76.83405865462112, 43.23548362982198]]]}, "properties": {"id": 11, "class": "building", "confidence": 100.0, "source": "Almaty_4", "source_model": "msft-buildings", "centroid_wkt": "POINT (76.83324835109825 43.235206166116114)", "bbox": [76.83234090148662, 43.23492463947472, 76.83421243463867, 43.23548362982198], "pixel_bbox": [4195, 8585, 6987, 9418], "area_m2": 3607.496}}, {"type": "Feature", "geometry": {"type": "Polygon", "coordinates": [[[76.83300949985413, 43.2407971648993], [76.833029265855, 43.24075856542251], [76.83294799276148, 43.24073648335867], [76.83292823187854, 43.240775080096505], [76.83300949985413, 43.2407971648993]]]}, "properties": {"id": 12, "class": "building", "confidence": 100.0, "source": "Almaty_4", "source_model": "msft-buildings", "centroid_wkt": "POINT (76.83297874828948 43.240766823488)", "bbox": [76.83292823187854, 43.24073648335867, 76.833029265855, 43.2407971648993], "pixel_bbox": [5071, 660, 5222, 751], "area_m2": 32.244}}, {"type": "Feature", "geometry": {"type": "Polygon", "coordinates": [[[76.83793946281092, 43.23917284020316], [76.83797841006111, 43.23906789714306], [76.83715106093278, 43.23890498225064], [76.83711212827177, 43.2390098862808], [76.83793946281092, 43.23917284020316]]]}, "properties": {"id": 13, "class": "building", "confidence": 100.0, "source": "Almaty_4", "source_model": "msft-buildings", "centroid_wkt": "POINT (76.83754529117863 43.23903890652162)", "bbox": [76.83711212827177, 43.23890498225064, 76.83797841006111, 43.23917284020316], "pixel_bbox": [11311, 3083, 12603, 3482], "area_m2": 840.587}}, {"type": "Feature", "geometry": {"type": "Polygon", "coordinates": [[[76.84126525317643, 43.23363754679751], [76.84120863081179, 43.23375607176041], [76.84129954165128, 43.233779124950175], [76.84131894260645, 43.23373851384825], [76.84131894260645, 43.23365116140093], [76.84126525317643, 43.23363754679751]]]}, "properties": {"id": 14, "class": "building", "confidence": 100.0, "source": "Almaty_4", "source_model": "msft-buildings", "centroid_wkt": "POINT (76.84127478549718 43.233712209422265)", "bbox": [76.84120863081179, 43.23363754679751, 76.84131894260645, 43.233779124950175], "pixel_bbox": [17420, 11126, 17585, 11338], "area_m2": 94.35}}, {"type": "Feature", "geometry": {"type": "Polygon", "coordinates": [[[76.83039685196346, 43.233366826311126], [76.83042561167892, 43.23337405912652], [76.83046449405735, 43.23329199135649], [76.8304357343419, 43.233284758531354], [76.83039685196346, 43.233366826311126]]]}, "properties": {"id": 15, "class": "building", "confidence": 100.0, "source": "Almaty_4", "source_model": "msft-buildings", "centroid_wkt": "POINT (76.83043067301062 43.23332940883032)", "bbox": [76.83039685196346, 43.233284758531354, 76.83046449405735, 43.23337405912652], "pixel_bbox": [1296, 11731, 1397, 11864], "area_m2": 23.838}}, {"type": "Feature", "geometry": {"type": "Polygon", "coordinates": [[[76.83071156326368, 43.23753582519404], [76.83046824710115, 43.238136130550934], [76.8306064045912, 43.23816585060653], [76.83072806267248, 43.23786569881376], [76.83074286526067, 43.237868883120264], [76.83086452334193, 43.237568729864634], [76.83071156326368, 43.23753582519404]]]}, "properties": {"id": 16, "class": "building", "confidence": 100.0, "source": "Almaty_4", "source_model": "msft-buildings", "centroid_wkt": "POINT (76.83066596582897 43.237844043518315)", "bbox": [76.83046824710115, 43.23753582519404, 76.83086452334193, 43.23816585060653], "pixel_bbox": [1403, 4585, 1994, 5524], "area_m2": 857.263}}, {"type": "Feature", "geometry": {"type": "Polygon", "coordinates": [[[76.8353125534942, 43.236918286061496], [76.83537467837952, 43.23692689579018], [76.83538600395309, 43.23688352192026], [76.83532387906777, 43.23687491218548], [76.8353125534942, 43.236918286061496]]]}, "properties": {"id": 17, "class": "building", "confidence": 100.0, "source": "Almaty_4", "source_model": "msft-buildings", "centroid_wkt": "POINT (76.83534927872296 43.23690090398916)", "bbox": [76.8353125534942, 43.23687491218548, 76.83538600395309, 43.23692689579018], "pixel_bbox": [8627, 6432, 8737, 6510], "area_m2": 25.196}}, {"type": "Feature", "geometry": {"type": "Polygon", "coordinates": [[[76.83588119938123, 43.232832477261624], [76.83586976845655, 43.232897858958495], [76.83601757393365, 43.23291157614245], [76.83602900485833, 43.23284619446028], [76.83588119938123, 43.232832477261624]]]}, "properties": {"id": 18, "class": "building", "confidence": 100.0, "source": "Almaty_4", "source_model": "msft-buildings", "centroid_wkt": "POINT (76.83594938665473 43.23287202670537)", "bbox": [76.83586976845655, 43.232832477261624, 76.83602900485833, 43.23291157614245], "pixel_bbox": [9458, 12420, 9696, 12538], "area_m2": 88.628}}, {"type": "Feature", "geometry": {"type": "Polygon", "coordinates": [[[76.83558596674548, 43.23280535129932], [76.8355424814405, 43.23279836867044], [76.8355340250296, 43.23282632370315], [76.83581795849166, 43.23287191612702], [76.83585448926922, 43.23275115340948], [76.83560236161792, 43.23275115340948], [76.83558596674548, 43.23280535129932]]]}, "properties": {"id": 19, "class": "building", "confidence": 100.0, "source": "Almaty_4", "source_model": "msft-buildings", "centroid_wkt": "POINT (76.83571325343571 43.23280312785329)", "bbox": [76.8355340250296, 43.23275115340948, 76.83585448926922, 43.23287191612702], "pixel_bbox": [8957, 12479, 9435, 12660], "area_m2": 242.358}}, {"type": "Feature", "geometry": {"type": "Polygon", "coordinates": [[[76.8380651922776, 43.240544250703024], [76.83807672843083, 43.240511217689054], [76.83802130693816, 43.24050094624501], [76.838038611168, 43.240451396682076], [76.83806380275563, 43.2404560655243], [76.83808367057509, 43.240399175240064], [76.83796393616, 43.240376984431634], [76.8379805951869, 43.240329269143395], [76.83783834139663, 43.240302904707264], [76.83780950101352, 43.240385487491], [76.83776415615586, 43.240377083565015], [76.83774749282338, 43.24042479801785], [76.83783566337995, 43.24044113897117], [76.83782220453452, 43.24047967753007], [76.83777301500842, 43.24047056107188], [76.8377563559815, 43.24051827624945], [76.83781057951957, 43.240528325669864], [76.837820833878, 43.24049896298398], [76.8380651922776, 43.240544250703024]]]}, "properties": {"id": 20, "class": "building", "confidence": 100.0, "source": "Almaty_4", "source_model": "msft-buildings", "centroid_wkt": "POINT (76.83791584483048 43.240429808993525)", "bbox": [76.83774749282338, 43.240302904707264, 76.83808367057509, 43.240544250703024], "pixel_bbox": [12258, 1038, 12760, 1398], "area_m2": 435.236}}, {"type": "Feature", "geometry": {"type": "Polygon", "coordinates": [[[76.8303796805927, 43.235696061098615], [76.83030350233143, 43.235906119177216], [76.83019318585609, 43.23588488482258], [76.83017302894558, 43.23594046648154], [76.83027832921556, 43.23596074063879], [76.8302640421237, 43.23600013652659], [76.83045208157036, 43.236036331376376], [76.83050308788441, 43.23589568417394], [76.83055824612207, 43.23590630135031], [76.83061786389175, 43.235741908133484], [76.8303796805927, 43.235696061098615]]]}, "properties": {"id": 21, "class": "building", "confidence": 100.0, "source": "Almaty_4", "source_model": "msft-buildings", "centroid_wkt": "POINT (76.83041860386062 43.23586539564168)", "bbox": [76.83017302894558, 43.235696061098615, 76.83061786389175, 43.236036331376376], "pixel_bbox": [963, 7760, 1626, 8268], "area_m2": 687.641}}, {"type": "Feature", "geometry": {"type": "Polygon", "coordinates": [[[76.8313177377447, 43.23337029761186], [76.83132161141444, 43.23344361420087], [76.83137386043822, 43.23344214619094], [76.83137315954488, 43.2334289045294], [76.83140613594969, 43.2333424800906], [76.83140902776331, 43.233397113879], [76.83145723596195, 43.23339576185895], [76.83145491595212, 43.233351930916065], [76.831502279359, 43.23335060017243], [76.83147288418431, 43.23342763893232], [76.83143347863836, 43.23342874608691], [76.83143561021356, 43.233469090186226], [76.83142481369588, 43.23349738561431], [76.83133263588326, 43.23349997547742], [76.83133171741328, 43.23348259170488], [76.83127647723293, 43.233471403425646], [76.83125917344357, 43.2335167530516], [76.8313139997276, 43.233527857492504], [76.83132750076784, 43.23352747816229], [76.83130840194008, 43.23357753216198], [76.83149264669441, 43.233614848798375], [76.83156239886242, 43.23343204298962], [76.83156076770925, 43.233401170308554], [76.83158668347134, 43.23333325035517], [76.83158572826108, 43.23331517115388], [76.83153575316953, 43.23330504923166], [76.83151204910737, 43.2333671727999], [76.83150857290329, 43.23330149833644], [76.83146651382076, 43.23329297971567], [76.8313459468529, 43.23329636722271], [76.8313177377447, 43.23337029761186]]]}, "properties": {"id": 22, "class": "building", "confidence": 100.0, "source": "Almaty_4", "source_model": "msft-buildings", "centroid_wkt": "POINT (76.83143656025193 43.233446129196516)", "bbox": [76.83125917344357, 43.23329297971567, 76.83158668347134, 43.233614848798375], "pixel_bbox": [2582, 11371, 3071, 11851], "area_m2": 516.42}}, {"type": "Feature", "geometry": {"type": "Polygon", "coordinates": [[[76.83828553202812, 43.235159115118165], [76.83843983027619, 43.234806807104114], [76.83829998904606, 43.2347743059215], [76.83814572434981, 43.235126614792506], [76.83828553202812, 43.235159115118165]]]}, "properties": {"id": 23, "class": "building", "confidence": 100.0, "source": "Almaty_4", "source_model": "msft-buildings", "centroid_wkt": "POINT (76.83829277196479 43.23496670431693)", "bbox": [76.83814572434981, 43.2347743059215, 76.83843983027619, 43.235159115118165], "pixel_bbox": [12852, 9068, 13291, 9642], "area_m2": 489.804}}, {"type": "Feature", "geometry": {"type": "Polygon", "coordinates": [[[76.83948024234763, 43.23603188158486], [76.83946749663332, 43.236094999825816], [76.83958563786203, 43.23610766820407], [76.83959838357632, 43.23604454997623], [76.83948024234763, 43.23603188158486]]]}, "properties": {"id": 24, "class": "building", "confidence": 100.0, "source": "Almaty_4", "source_model": "msft-buildings", "centroid_wkt": "POINT (76.83953294010286 43.23606977489743)", "bbox": [76.83946749663332, 43.23603188158486, 76.83959838357632, 43.23610766820407], "pixel_bbox": [14823, 7654, 15019, 7767], "area_m2": 68.75}}, {"type": "Feature", "geometry": {"type": "Polygon", "coordinates": [[[76.84007457653682, 43.235228396290104], [76.8399646944719, 43.235514994473604], [76.8401150114735, 43.2355455917643], [76.84023040359736, 43.23524469756445], [76.84018203304755, 43.23523485160681], [76.84021560193287, 43.235224352141806], [76.84023376172689, 43.23517698700908], [76.84027751893427, 43.23518589391677], [76.8402619404263, 43.23515945693592], [76.84011919675203, 43.23491721806999], [76.83871804540428, 43.23463200770612], [76.83867729535278, 43.23473829459037], [76.8399368137365, 43.23499461034739], [76.84007457653682, 43.235228396290104]]]}, "properties": {"id": 25, "class": "building", "confidence": 100.0, "source": "Almaty_4", "source_model": "msft-buildings", "centroid_wkt": "POINT (76.83966899830996 43.23498455229973)", "bbox": [76.83867729535278, 43.23463200770612, 76.84027751893427, 43.2355455917643], "pixel_bbox": [13645, 8492, 16031, 9855], "area_m2": 2344.38}}, {"type": "Feature", "geometry": {"type": "Polygon", "coordinates": [[[76.83390247703053, 43.238919105112814], [76.83394952854134, 43.238740036303255], [76.83384085761504, 43.23872488213124], [76.83379380610424, 43.23890395098533], [76.83390247703053, 43.238919105112814]]]}, "properties": {"id": 26, "class": "building", "confidence": 100.0, "source": "Almaty_4", "source_model": "msft-buildings", "centroid_wkt": "POINT (76.83387166732102 43.238821993631305)", "bbox": [76.83379380610424, 43.23872488213124, 76.83394952854134, 43.238919105112814], "pixel_bbox": [6362, 3461, 6594, 3751], "area_m2": 182.034}}, {"type": "Feature", "geometry": {"type": "Polygon", "coordinates": [[[76.83618356817047, 43.23956272829436], [76.83616298466198, 43.2396108091877], [76.836309651912, 43.239644131372245], [76.83633023542055, 43.239596050505185], [76.83618356817047, 43.23956272829436]]]}, "properties": {"id": 27, "class": "building", "confidence": 100.0, "source": "Almaty_4", "source_model": "msft-buildings", "centroid_wkt": "POINT (76.83624661003527 43.23960342983822)", "bbox": [76.83616298466198, 43.23956272829436, 76.83633023542055, 43.239644131372245], "pixel_bbox": [9895, 2380, 10145, 2501], "area_m2": 69.823}}, {"type": "Feature", "geometry": {"type": "Polygon", "coordinates": [[[76.83209933108058, 43.23492313688825], [76.83213249677817, 43.23483392760801], [76.83204642875242, 43.234816947911234], [76.83201327103929, 43.23490615879154], [76.83209933108058, 43.23492313688825]]]}, "properties": {"id": 28, "class": "building", "confidence": 100.0, "source": "Almaty_4", "source_model": "msft-buildings", "centroid_wkt": "POINT (76.8320728821674 43.23487004210896)", "bbox": [76.83201327103929, 43.234816947911234, 76.83213249677817, 43.23492313688825], "pixel_bbox": [3707, 9420, 3885, 9579], "area_m2": 74.369}}, {"type": "Feature", "geometry": {"type": "Polygon", "coordinates": [[[76.83407952174203, 43.23513336508432], [76.8341538858274, 43.23514282194128], [76.8341752315948, 43.23505369278579], [76.83410087581849, 43.23504423697165], [76.83407952174203, 43.23513336508432]]]}, "properties": {"id": 29, "class": "building", "confidence": 100.0, "source": "Almaty_4", "source_model": "msft-buildings", "centroid_wkt": "POINT (76.83412737854603 43.23509353002527)", "bbox": [76.83407952174203, 43.23504423697165, 76.8341752315948, 43.23514282194128], "pixel_bbox": [6788, 9093, 6931, 9240], "area_m2": 61.632}}, {"type": "Feature", "geometry": {"type": "Polygon", "coordinates": [[[76.8367765896932, 43.23944260197467], [76.83692062768546, 43.23947229381704], [76.83705762389296, 43.239119506782636], [76.8369135859007, 43.23908981476836], [76.8367765896932, 43.23944260197467]]]}, "properties": {"id": 30, "class": "building", "confidence": 100.0, "source": "Almaty_4", "source_model": "msft-buildings", "centroid_wkt": "POINT (76.83691710679257 43.23928105432195)", "bbox": [76.8367765896932, 43.23908981476836, 76.83705762389296, 43.23947229381704], "pixel_bbox": [10810, 2636, 11230, 3207], "area_m2": 495.246}}, {"type": "Feature", "geometry": {"type": "Polygon", "coordinates": [[[76.83380237113276, 43.237450520859596], [76.8338456477248, 43.237326697001], [76.83294639831614, 43.2371598897279], [76.83292651609538, 43.2372167773262], [76.83276278721146, 43.23718640623329], [76.83279228986163, 43.237101992316624], [76.83241949178745, 43.237032839522], [76.83237780326002, 43.23715212015769], [76.83268510978066, 43.237209124382474], [76.83263957308148, 43.23733941514967], [76.83256148699836, 43.23732493050563], [76.83244347639767, 43.23766258423534], [76.83274574510645, 43.23771865349535], [76.83285990753541, 43.237392010543424], [76.83273487592142, 43.23736881771678], [76.8327730252211, 43.2372596340254], [76.83380237113276, 43.237450520859596]]]}, "properties": {"id": 31, "class": "building", "confidence": 100.0, "source": "Almaty_4", "source_model": "msft-buildings", "centroid_wkt": "POINT (76.83293866177496 43.237352133731065)", "bbox": [76.83237780326002, 43.237032839522, 76.8338456477248, 43.23771865349535], "pixel_bbox": [4251, 5251, 6440, 6274], "area_m2": 2684.058}}, {"type": "Feature", "geometry": {"type": "Polygon", "coordinates": [[[76.83549569167839, 43.234891761264706], [76.83551070376029, 43.234812032156455], [76.83546068306926, 43.23480703301725], [76.83544567145874, 43.23488675962859], [76.83549569167839, 43.234891761264706]]]}, "properties": {"id": 32, "class": "building", "confidence": 100.0, "source": "Almaty_4", "source_model": "msft-buildings", "centroid_wkt": "POINT (76.83547818762226 43.23484939652965)", "bbox": [76.83544567145874, 43.23480703301725, 76.83551070376029, 43.234891761264706], "pixel_bbox": [8826, 9467, 8923, 9594], "area_m2": 36.667}}, {"type": "Feature", "geometry": {"type": "Polygon", "coordinates": [[[76.83047536825505, 43.23828675702134], [76.83055129952056, 43.2383038112146], [76.8305445031676, 43.23831987091378], [76.83045632492382, 43.23830006604898], [76.83038987169493, 43.23845709404684], [76.83053438603895, 43.238489551932695], [76.83060310471882, 43.238327170787], [76.83060800351011, 43.23832827105694], [76.83066346326993, 43.238197220214865], [76.83052629441006, 43.23816641896945], [76.83047536825505, 43.23828675702134]]]}, "properties": {"id": 33, "class": "building", "confidence": 100.0, "source": "Almaty_4", "source_model": "msft-buildings", "centroid_wkt": "POINT (76.83052776391128 43.23833017030577)", "bbox": [76.83038987169493, 43.23816641896945, 76.83066346326993, 43.238489551932695], "pixel_bbox": [1286, 4102, 1694, 4584], "area_m2": 396.813}}, {"type": "Feature", "geometry": {"type": "Polygon", "coordinates": [[[76.83112071499986, 43.23801385651074], [76.8310960616373, 43.23806184922638], [76.8312278167313, 43.23809776312353], [76.83125247009382, 43.23804977043616], [76.83112071499986, 43.23801385651074]]]}, "properties": {"id": 34, "class": "building", "confidence": 100.0, "source": "Almaty_4", "source_model": "msft-buildings", "centroid_wkt": "POINT (76.83117426586008 43.23805580982227)", "bbox": [76.8310960616373, 43.23801385651074, 76.83125247009382, 43.23809776312353], "pixel_bbox": [2339, 4686, 2572, 4811], "area_m2": 65.051}}, {"type": "Feature", "geometry": {"type": "Polygon", "coordinates": [[[76.8351702687577, 43.239660211011284], [76.83513765151683, 43.23965446854147], [76.83506790012872, 43.23968213359209], [76.83504829328062, 43.23967868268453], [76.83503675870529, 43.23971346258632], [76.83504609412768, 43.23972595388409], [76.83508034194477, 43.23971237040099], [76.83520678258833, 43.23988157632639], [76.83542059579165, 43.23991921933151], [76.83543099096349, 43.23988788422723], [76.83545503076459, 43.23987834950702], [76.83544698503263, 43.239867583911554], [76.83546398402477, 43.23981632742021], [76.83529529391951, 43.23978663714046], [76.83519382672156, 43.23965086856469], [76.8351702687577, 43.239660211011284]]]}, "properties": {"id": 35, "class": "building", "confidence": 100.0, "source": "Almaty_4", "source_model": "msft-buildings", "centroid_wkt": "POINT (76.83525137964119 43.23979417332187)", "bbox": [76.83503675870529, 43.23965086856469, 76.83546398402477, 43.23991921933151], "pixel_bbox": [8216, 1970, 8853, 2370], "area_m2": 447.09}}, {"type": "Feature", "geometry": {"type": "Polygon", "coordinates": [[[76.83539722035346, 43.23279259777699], [76.83552004091614, 43.23281628403024], [76.83552762715537, 43.23279540853301], [76.83548000368029, 43.23278622179602], [76.83549274766267, 43.23275115340948], [76.83541228138357, 43.23275115340948], [76.83539722035346, 43.23279259777699]]]}, "properties": {"id": 36, "class": "building", "confidence": 100.0, "source": "Almaty_4", "source_model": "msft-buildings", "centroid_wkt": "POINT (76.83545721975128 43.23278114175391)", "bbox": [76.83539722035346, 43.23275115340948, 76.83552762715537, 43.23281628403024], "pixel_bbox": [8753, 12562, 8948, 12660], "area_m2": 44.963}}, {"type": "Feature", "geometry": {"type": "Polygon", "coordinates": [[[76.83650930640921, 43.23303881770622], [76.83642872926745, 43.23303161088808], [76.83641931694966, 43.23308744045862], [76.83649989937494, 43.23309464774273], [76.83650930640921, 43.23303881770622]]]}, "properties": {"id": 37, "class": "building", "confidence": 100.0, "source": "Almaty_4", "source_model": "msft-buildings", "centroid_wkt": "POINT (76.83646431294812 43.233063129503826)", "bbox": [76.83641931694966, 43.23303161088808, 76.83650930640921, 43.23309464774273], "pixel_bbox": [10278, 12147, 10412, 12241], "area_m2": 41.212}}, {"type": "Feature", "geometry": {"type": "Polygon", "coordinates": [[[76.83093594751206, 43.237368011638864], [76.8311434498961, 43.237408819499024], [76.8311650458889, 43.23735053707942], [76.8311425456304, 43.23734611212781], [76.83117696424392, 43.2372532243996], [76.83114696389923, 43.237247324454636], [76.83115978651995, 43.23721271918301], [76.8311872868359, 43.237218127468985], [76.83123047882152, 43.237101562209254], [76.83104797672473, 43.23706567077921], [76.83093594751206, 43.237368011638864]]]}, "properties": {"id": 38, "class": "building", "confidence": 100.0, "source": "Almaty_4", "source_model": "msft-buildings", "centroid_wkt": "POINT (76.83108362305423 43.23723880198943)", "bbox": [76.83093594751206, 43.23706567077921, 76.83123047882152, 43.237408819499024], "pixel_bbox": [2100, 5713, 2539, 6225], "area_m2": 541.354}}, {"type": "Feature", "geometry": {"type": "Polygon", "coordinates": [[[76.83519195721985, 43.238534519766695], [76.83513809155652, 43.23868983357331], [76.83522529891628, 43.23870588975917], [76.83527918005524, 43.2385505743955], [76.83519195721985, 43.238534519766695]]]}, "properties": {"id": 39, "class": "building", "confidence": 100.0, "source": "Almaty_4", "source_model": "msft-buildings", "centroid_wkt": "POINT (76.83520863285345 43.238620202325926)", "bbox": [76.83513809155652, 43.238534519766695, 76.83527918005524, 43.23870588975917], "pixel_bbox": [8367, 3779, 8577, 4035], "area_m2": 130.04}}, {"type": "Feature", "geometry": {"type": "Polygon", "coordinates": [[[76.82973935696421, 43.240971653074716], [76.82978842814174, 43.24082399238958], [76.82952728122473, 43.240777936804804], [76.82952728122473, 43.24093425172543], [76.82973935696421, 43.240971653074716]]]}, "properties": {"id": 40, "class": "building", "confidence": 100.0, "source": "Almaty_4", "source_model": "msft-buildings", "centroid_wkt": "POINT (76.82964601091496 43.240874331747214)", "bbox": [76.82952728122473, 43.240777936804804, 76.82978842814174, 43.240971653074716], "pixel_bbox": [0, 400, 389, 689], "area_m2": 333.743}}, {"type": "Feature", "geometry": {"type": "Polygon", "coordinates": [[[76.8299817252971, 43.23695869724968], [76.83010396279978, 43.23666402453824], [76.82992946670664, 43.236625596757456], [76.829807225822, 43.236920277807464], [76.8299817252971, 43.23695869724968]]]}, "properties": {"id": 41, "class": "building", "confidence": 100.0, "source": "Almaty_4", "source_model": "msft-buildings", "centroid_wkt": "POINT (76.82995559474978 43.23679214898784)", "bbox": [76.829807225822, 43.236625596757456, 76.83010396279978, 43.23695869724968], "pixel_bbox": [417, 6385, 860, 6882], "area_m2": 506.41}}, {"type": "Feature", "geometry": {"type": "Polygon", "coordinates": [[[76.83435552265867, 43.232881063622294], [76.83447068995069, 43.23289945668529], [76.83451529516547, 43.23275115340948], [76.83439459577532, 43.23275115340948], [76.83435552265867, 43.232881063622294]]]}, "properties": {"id": 42, "class": "building", "confidence": 100.0, "source": "Almaty_4", "source_model": "msft-buildings", "centroid_wkt": "POINT (76.83443532534292 43.23282080811292)", "bbox": [76.83435552265867, 43.23275115340948, 76.83451529516547, 43.23289945668529], "pixel_bbox": [7200, 12438, 7438, 12660], "area_m2": 151.526}}, {"type": "Feature", "geometry": {"type": "Polygon", "coordinates": [[[76.8345469260847, 43.23935892581732], [76.83462639682165, 43.23915124441619], [76.83446319152253, 43.23911810886816], [76.83434906071733, 43.239416442496314], [76.83456947895228, 43.239461204993354], [76.8346041685701, 43.239370550625495], [76.8345469260847, 43.23935892581732]]]}, "properties": {"id": 43, "class": "building", "confidence": 100.0, "source": "Almaty_4", "source_model": "msft-buildings", "centroid_wkt": "POINT (76.8344945120574 43.23929599840829)", "bbox": [76.83434906071733, 43.23911810886816, 76.83462639682165, 43.239461204993354], "pixel_bbox": [7190, 2653, 7604, 3164], "area_m2": 523.922}}, {"type": "Feature", "geometry": {"type": "Polygon", "coordinates": [[[76.83659143900866, 43.23295817069996], [76.83662944698814, 43.232839567962664], [76.83619835461207, 43.23276623484368], [76.83616033582847, 43.23288483588579], [76.83659143900866, 43.23295817069996]]]}, "properties": {"id": 44, "class": "building", "confidence": 100.0, "source": "Almaty_4", "source_model": "msft-buildings", "centroid_wkt": "POINT (76.83639489398928 43.23286220258775)", "bbox": [76.83616033582847, 43.23276623484368, 76.83662944698814, 43.23295817069996], "pixel_bbox": [9891, 12351, 10591, 12637], "area_m2": 486.582}}, {"type": "Feature", "geometry": {"type": "Polygon", "coordinates": [[[76.83927262642739, 43.23811165546074], [76.8392480202168, 43.238203919776915], [76.83930746701556, 43.23821233398379], [76.83933207322615, 43.23812006968033], [76.83927262642739, 43.23811165546074]]]}, "properties": {"id": 45, "class": "building", "confidence": 100.0, "source": "Almaty_4", "source_model": "msft-buildings", "centroid_wkt": "POINT (76.83929004672093 43.23816199472493)", "bbox": [76.8392480202168, 43.23811165546074, 76.83933207322615, 43.23821233398379], "pixel_bbox": [14496, 4515, 14621, 4665], "area_m2": 51.363}}, {"type": "Feature", "geometry": {"type": "Polygon", "coordinates": [[[76.83022937650244, 43.23336517296123], [76.83037888961218, 43.233398626767666], [76.83043492055491, 43.23326570252502], [76.8302854045084, 43.2332322556126], [76.83022937650244, 43.23336517296123]]]}, "properties": {"id": 46, "class": "building", "confidence": 100.0, "source": "Almaty_4", "source_model": "msft-buildings", "centroid_wkt": "POINT (76.83033214844217 43.23331543960926)", "bbox": [76.83022937650244, 43.2332322556126, 76.83043492055491, 43.233398626767666], "pixel_bbox": [1047, 11694, 1353, 11942], "area_m2": 196.266}}, {"type": "Feature", "geometry": {"type": "Polygon", "coordinates": [[[76.83480097198414, 43.23954070698248], [76.83463392749314, 43.239896637278854], [76.83474090384883, 43.23992328165078], [76.83480660061434, 43.23978332712967], [76.83476445252488, 43.23977282937252], [76.8347771384185, 43.239745798903925], [76.83482516724501, 43.239757763820805], [76.83491383972645, 43.23956882462806], [76.83480097198414, 43.23954070698248]]]}, "properties": {"id": 47, "class": "building", "confidence": 100.0, "source": "Almaty_4", "source_model": "msft-buildings", "centroid_wkt": "POINT (76.83477310952287 43.23972899093863)", "bbox": [76.83463392749314, 43.23954070698248, 76.83491383972645, 43.23992328165078], "pixel_bbox": [7615, 1964, 8033, 2534], "area_m2": 383.5}}, {"type": "Feature", "geometry": {"type": "Polygon", "coordinates": [[[76.83967427729999, 43.234289249665665], [76.83987169324574, 43.234320153593025], [76.8398810582366, 43.234288399117844], [76.8396836422909, 43.23425749517438], [76.83967427729999, 43.234289249665665]]]}, "properties": {"id": 48, "class": "building", "confidence": 100.0, "source": "Almaty_4", "source_model": "msft-buildings", "centroid_wkt": "POINT (76.83977766776034 43.23428882438642)", "bbox": [76.83967427729999, 43.23425749517438, 76.8398810582366, 43.234320153593025], "pixel_bbox": [15132, 10320, 15440, 10413], "area_m2": 59.185}}, {"type": "Feature", "geometry": {"type": "Polygon", "coordinates": [[[76.83085013882915, 43.23453133412833], [76.83092268295681, 43.2343481325267], [76.83096116565189, 43.23435622099334], [76.83100719568283, 43.234239949124635], [76.83082147942953, 43.234200923829306], [76.83070292223574, 43.23450039906968], [76.83085013882915, 43.23453133412833]]]}, "properties": {"id": 49, "class": "building", "confidence": 100.0, "source": "Almaty_4", "source_model": "msft-buildings", "centroid_wkt": "POINT (76.83084771250198 43.23435948569369)", "bbox": [76.83070292223574, 43.234200923829306, 76.83100719568283, 43.23453133412833], "pixel_bbox": [1753, 10005, 2207, 10497], "area_m2": 474.739}}, {"type": "Feature", "geometry": {"type": "Polygon", "coordinates": [[[76.8385676411858, 43.233905208019635], [76.83851999912439, 43.234028300532835], [76.8387212514117, 43.234069656745845], [76.83871144275197, 43.234094999274035], [76.838829379039, 43.23411923449452], [76.83888684296865, 43.23397080230997], [76.8385676411858, 43.233905208019635]]]}, "properties": {"id": 50, "class": "building", "confidence": 100.0, "source": "Almaty_4", "source_model": "msft-buildings", "centroid_wkt": "POINT (76.83870850100293 43.23400625882398)", "bbox": [76.83851999912439, 43.233905208019635, 76.83888684296865, 43.23411923449452], "pixel_bbox": [13410, 10619, 13957, 10938], "area_m2": 411.899}}, {"type": "Feature", "geometry": {"type": "Polygon", "coordinates": [[[76.82971859138128, 43.23352842137814], [76.82974107614417, 43.2333273373699], [76.82966781369284, 43.23332298891992], [76.82965836090871, 43.23340759911073], [76.82960371778006, 43.23340435859042], [76.82959915926828, 43.23344512592554], [76.82952728122473, 43.2334408633195], [76.82952728122473, 43.23351707606636], [76.82971859138128, 43.23352842137814]]]}, "properties": {"id": 51, "class": "building", "confidence": 100.0, "source": "Almaty_4", "source_model": "msft-buildings", "centroid_wkt": "POINT (76.82965073527288 43.23344569681138)", "bbox": [76.82952728122473, 43.23332298891992, 76.82974107614417, 43.23352842137814], "pixel_bbox": [0, 11500, 318, 11807], "area_m2": 238.167}}, {"type": "Feature", "geometry": {"type": "Polygon", "coordinates": [[[76.83292853730376, 43.23618164967394], [76.83302221684228, 43.23588261772859], [76.83285905466822, 43.23585548757804], [76.8327653751297, 43.236154519656516], [76.83292853730376, 43.23618164967394]]]}, "properties": {"id": 52, "class": "building", "confidence": 100.0, "source": "Almaty_4", "source_model": "msft-buildings", "centroid_wkt": "POINT (76.83289379598212 43.23601856865226)", "bbox": [76.8327653751297, 43.23585548757804, 76.83302221684228, 43.23618164967394], "pixel_bbox": [4828, 7544, 5212, 8030], "area_m2": 463.234}}, {"type": "Feature", "geometry": {"type": "Polygon", "coordinates": [[[76.8362811379355, 43.23667560675062], [76.83615580017884, 43.236989002748224], [76.8363075068273, 43.23702121263212], [76.83643287233454, 43.23670782269211], [76.8362811379355, 43.23667560675062]]]}, "properties": {"id": 53, "class": "building", "confidence": 100.0, "source": "Almaty_4", "source_model": "msft-buildings", "centroid_wkt": "POINT (76.83629433122772 43.236848406417174)", "bbox": [76.83615580017884, 43.23667560675062, 76.83643287233454, 43.23702121263212], "pixel_bbox": [9885, 6292, 10298, 6807], "area_m2": 465.519}}, {"type": "Feature", "geometry": {"type": "Polygon", "coordinates": [[[76.83718214903666, 43.23663291099476], [76.83720869999522, 43.23658621014628], [76.83706904756772, 43.23654406245507], [76.83704249660917, 43.23659076333584], [76.83718214903666, 43.23663291099476]]]}, "properties": {"id": 54, "class": "building", "confidence": 100.0, "source": "Almaty_4", "source_model": "msft-buildings", "centroid_wkt": "POINT (76.83712559829557 43.23658848673047)", "bbox": [76.83704249660917, 43.23654406245507, 76.83720869999522, 43.23663291099476], "pixel_bbox": [11207, 6871, 11455, 7003], "area_m2": 68.953}}, {"type": "Feature", "geometry": {"type": "Polygon", "coordinates": [[[76.84108301580751, 43.23749933355932], [76.84104359293423, 43.2376048507306], [76.84131894260645, 43.237659450613506], [76.84131894260645, 43.237546116247664], [76.84108301580751, 43.23749933355932]]]}, "properties": {"id": 55, "class": "building", "confidence": 100.0, "source": "Almaty_4", "source_model": "msft-buildings", "centroid_wkt": "POINT (76.84119087015817 43.237578844028434)", "bbox": [76.84104359293423, 43.23749933355932, 76.84131894260645, 43.237659450613506], "pixel_bbox": [17174, 5340, 17585, 5579], "area_m2": 261.449}}, {"type": "Feature", "geometry": {"type": "Polygon", "coordinates": [[[76.83432030800104, 43.236630085111095], [76.83434132276177, 43.236573663143055], [76.83423139912885, 43.23655193293667], [76.83423953387498, 43.23653009215304], [76.83411961718451, 43.23650638645601], [76.83413249719916, 43.23647180518579], [76.83337552309078, 43.23632216267551], [76.83338501362789, 43.23629668166443], [76.83328910606711, 43.23627772213352], [76.83323759838603, 43.236416049984065], [76.83432030800104, 43.236630085111095]]]}, "properties": {"id": 56, "class": "building", "confidence": 100.0, "source": "Almaty_4", "source_model": "msft-buildings", "centroid_wkt": "POINT (76.83374898547619 43.23645814739781)", "bbox": [76.83323759838603, 43.23627772213352, 76.83434132276177, 43.236630085111095], "pixel_bbox": [5533, 6875, 7179, 7400], "area_m2": 1107.151}}, {"type": "Feature", "geometry": {"type": "Polygon", "coordinates": [[[76.83876970018638, 43.2334298977073], [76.8385872728704, 43.233397721129705], [76.83855967033307, 43.2334807904324], [76.83871298812193, 43.23350783262831], [76.83868048734521, 43.23360567118438], [76.83884894219361, 43.23363538319372], [76.83887347778237, 43.23356154400644], [76.83902803425839, 43.23358880464585], [76.83905870374434, 43.23349650557723], [76.83893201810824, 43.23347416075789], [76.83901543911003, 43.23322310649197], [76.83919533271323, 43.23325483626369], [76.83922600219918, 43.233162536689264], [76.83903344003234, 43.23312857237452], [76.83905920240053, 43.233051040580754], [76.83892491562631, 43.23302735489888], [76.8389042875583, 43.23308943505887], [76.83872945858224, 43.233058607421384], [76.83869733793266, 43.23315527442259], [76.83885189440868, 43.23318253524372], [76.83876970018638, 43.2334298977073]]]}, "properties": {"id": 57, "class": "building", "confidence": 100.0, "source": "Almaty_4", "source_model": "msft-buildings", "centroid_wkt": "POINT (76.8388861349506 43.23332821453289)", "bbox": [76.83855967033307, 43.23302735489888, 76.83922600219918, 43.23363538319372], "pixel_bbox": [13470, 11341, 14463, 12248], "area_m2": 1481.816}}, {"type": "Feature", "geometry": {"type": "Polygon", "coordinates": [[[76.84103971556884, 43.23717226836947], [76.84100083034127, 43.23728310134618], [76.84131894260645, 43.23734235306812], [76.84131894260645, 43.23722426317014], [76.84103971556884, 43.23717226836947]]]}, "properties": {"id": 58, "class": "building", "confidence": 100.0, "source": "Almaty_4", "source_model": "msft-buildings", "centroid_wkt": "POINT (76.84116939999844 43.237256739015734)", "bbox": [76.84100083034127, 43.23717226836947, 76.84131894260645, 43.23734235306812], "pixel_bbox": [17110, 5813, 17585, 6066], "area_m2": 318.257}}, {"type": "Feature", "geometry": {"type": "Polygon", "coordinates": [[[76.83298129432399, 43.236332615143155], [76.83300962674048, 43.23627560359386], [76.83296457078107, 43.23626371928895], [76.83293623836458, 43.23632073084934], [76.83298129432399, 43.236332615143155]]]}, "properties": {"id": 59, "class": "building", "confidence": 100.0, "source": "Almaty_4", "source_model": "msft-buildings", "centroid_wkt": "POINT (76.83297293255214 43.236298167218145)", "bbox": [76.83293623836458, 43.23626371928895, 76.83300962674048, 43.236332615143155], "pixel_bbox": [5083, 7318, 5193, 7421], "area_m2": 26.219}}, {"type": "Feature", "geometry": {"type": "Polygon", "coordinates": [[[76.84070932382855, 43.23842137322216], [76.84071056910096, 43.23840579393033], [76.84064908676869, 43.23840318575063], [76.8406450396333, 43.238453818436646], [76.84074394599396, 43.23845801420045], [76.84074674785691, 43.238422960809345], [76.84070932382855, 43.23842137322216]]]}, "properties": {"id": 60, "class": "building", "confidence": 100.0, "source": "Almaty_4", "source_model": "msft-buildings", "centroid_wkt": "POINT (76.84069228118548 43.238432737543995)", "bbox": [76.8406450396333, 43.23840318575063, 76.84074674785691, 43.23845801420045], "pixel_bbox": [16580, 4149, 16731, 4231], "area_m2": 40.065}}, {"type": "Feature", "geometry": {"type": "Polygon", "coordinates": [[[76.83859769693058, 43.23464438734616], [76.83863675015543, 43.234531681954245], [76.83771524304393, 43.234362194760145], [76.83769527666962, 43.234419832749744], [76.83756667533271, 43.234396186431006], [76.83745427501835, 43.234720657476814], [76.83761677492075, 43.2347505449532], [76.83771011028591, 43.2344811845061], [76.83859769693058, 43.23464438734616]]]}, "properties": {"id": 61, "class": "building", "confidence": 100.0, "source": "Almaty_4", "source_model": "msft-buildings", "centroid_wkt": "POINT (76.83796948636241 43.2345278104724)", "bbox": [76.83745427501835, 43.234362194760145, 76.83863675015543, 43.2347505449532], "pixel_bbox": [11821, 9678, 13585, 10257], "area_m2": 1485.439}}, {"type": "Feature", "geometry": {"type": "Polygon", "coordinates": [[[76.83479318533881, 43.23837762874484], [76.83478059048741, 43.238417428118396], [76.83491404993254, 43.238439836202424], [76.83492663910913, 43.23840004269517], [76.83479318533881, 43.23837762874484]]]}, "properties": {"id": 62, "class": "building", "confidence": 100.0, "source": "Almaty_4", "source_model": "msft-buildings", "centroid_wkt": "POINT (76.83485361437893 43.23840873372644)", "bbox": [76.83478059048741, 43.23837762874484, 76.83492663910913, 43.238439836202424], "pixel_bbox": [7834, 4176, 8052, 4269], "area_m2": 50.473}}, {"type": "Feature", "geometry": {"type": "Polygon", "coordinates": [[[76.83293322009827, 43.236322662944296], [76.83298116343816, 43.2362061152706], [76.83294028988574, 43.236197191084884], [76.83291815744877, 43.2362509813192], [76.83277295185052, 43.23621927766404], [76.832747130674, 43.236282032910054], [76.83293322009827, 43.236322662944296]]]}, "properties": {"id": 63, "class": "building", "confidence": 100.0, "source": "Almaty_4", "source_model": "msft-buildings", "centroid_wkt": "POINT (76.83286838693144 43.23626424862783)", "bbox": [76.832747130674, 43.236197191084884, 76.83298116343816, 43.236322662944296], "pixel_bbox": [4801, 7333, 5150, 7520], "area_m2": 136.475}}, {"type": "Feature", "geometry": {"type": "Polygon", "coordinates": [[[76.83143141427496, 43.238641900192356], [76.8317105811395, 43.23793864798513], [76.83156454430784, 43.23790788064197], [76.8312853774433, 43.238611133204266], [76.83143141427496, 43.238641900192356]]]}, "properties": {"id": 64, "class": "building", "confidence": 100.0, "source": "Almaty_4", "source_model": "msft-buildings", "centroid_wkt": "POINT (76.83149797930645 43.23827489045254)", "bbox": [76.8312853774433, 43.23790788064197, 76.8317105811395, 43.238641900192356], "pixel_bbox": [2621, 3875, 3255, 4969], "area_m2": 1004.27}}, {"type": "Feature", "geometry": {"type": "Polygon", "coordinates": [[[76.83980248026731, 43.23542604855631], [76.83981864653923, 43.23536379100754], [76.83966178091721, 43.235342170821795], [76.83964560887115, 43.235404427596826], [76.83980248026731, 43.23542604855631]]]}, "properties": {"id": 65, "class": "building", "confidence": 100.0, "source": "Almaty_4", "source_model": "msft-buildings", "centroid_wkt": "POINT (76.83973212909468 43.23538410968578)", "bbox": [76.83964560887115, 43.235342170821795, 76.83981864653923, 43.23542604855631], "pixel_bbox": [15089, 8670, 15347, 8795], "area_m2": 91.288}}, {"type": "Feature", "geometry": {"type": "Polygon", "coordinates": [[[76.83253402145165, 43.23676299785303], [76.83248668355891, 43.236884096483955], [76.83329140914194, 43.23705109642179], [76.83333875779533, 43.23693000035583], [76.83253402145165, 43.23676299785303]]]}, "properties": {"id": 66, "class": "building", "confidence": 100.0, "source": "Almaty_4", "source_model": "msft-buildings", "centroid_wkt": "POINT (76.83291271787033 43.23690704760693)", "bbox": [76.83248668355891, 43.23676299785303, 76.83333875779533, 43.23705109642179], "pixel_bbox": [4413, 6247, 5684, 6677], "area_m2": 950.754}}, {"type": "Feature", "geometry": {"type": "Polygon", "coordinates": [[[76.83416345547336, 43.23864092037523], [76.83443271140735, 43.238694942541215], [76.83446154933935, 43.23861866014758], [76.83442165957133, 43.23861065685674], [76.83445324397303, 43.23852710935268], [76.83449064063052, 43.238534612448184], [76.83454145032026, 43.23840020971781], [76.83427468749674, 43.23834668749839], [76.83416345547336, 43.23864092037523]]]}, "properties": {"id": 67, "class": "building", "confidence": 100.0, "source": "Almaty_4", "source_model": "msft-buildings", "centroid_wkt": "POINT (76.83434839998648 43.23851875407713)", "bbox": [76.83416345547336, 43.23834668749839, 76.83454145032026, 43.238694942541215], "pixel_bbox": [6913, 3795, 7477, 4315], "area_m2": 733.523}}, {"type": "Feature", "geometry": {"type": "Polygon", "coordinates": [[[76.83631453163571, 43.24011035262532], [76.83635246356855, 43.24000003669235], [76.83546659237055, 43.23983838310956], [76.83542866043771, 43.239948699335216], [76.83631453163571, 43.24011035262532]]]}, "properties": {"id": 68, "class": "building", "confidence": 100.0, "source": "Almaty_4", "source_model": "msft-buildings", "centroid_wkt": "POINT (76.83589056181916 43.239974367906)", "bbox": [76.83542866043771, 43.23983838310956, 76.83635246356855, 43.24011035262532], "pixel_bbox": [8800, 1685, 10178, 2090], "area_m2": 937.176}}, {"type": "Feature", "geometry": {"type": "Polygon", "coordinates": [[[76.83746691372463, 43.236113145921436], [76.83764379602275, 43.23614087973394], [76.83766530562153, 43.236068042813805], [76.83754738408948, 43.23604955358478], [76.83754407492042, 43.236060759273855], [76.83748511415439, 43.23605151465893], [76.83746691372463, 43.236113145921436]]]}, "properties": {"id": 69, "class": "building", "confidence": 100.0, "source": "Almaty_4", "source_model": "msft-buildings", "centroid_wkt": "POINT (76.8375688048337 43.23609275977822)", "bbox": [76.83746691372463, 43.23604955358478, 76.83766530562153, 43.23614087973394], "pixel_bbox": [11840, 7604, 12136, 7741], "area_m2": 115.409}}, {"type": "Feature", "geometry": {"type": "Polygon", "coordinates": [[[76.82965462181296, 43.23728783448243], [76.82970842820666, 43.23729885788296], [76.82972729683344, 43.23724996414389], [76.82988974546718, 43.23728324526568], [76.82991910343564, 43.23720718968903], [76.82989921831617, 43.23720311578742], [76.82992088729287, 43.23714697946382], [76.82996065753188, 43.237155127274285], [76.83002566446201, 43.2369867180157], [76.82995358090385, 43.23697195006762], [76.82995288190459, 43.23697376092278], [76.82978882966876, 43.23694015109756], [76.82965462181296, 43.23728783448243]]]}, "properties": {"id": 70, "class": "building", "confidence": 100.0, "source": "Almaty_4", "source_model": "msft-buildings", "centroid_wkt": "POINT (76.82983950245338 43.237114351066204)", "bbox": [76.82965462181296, 43.23694015109756, 76.83002566446201, 43.23729885788296], "pixel_bbox": [189, 5877, 743, 6412], "area_m2": 677.466}}, {"type": "Feature", "geometry": {"type": "Polygon", "coordinates": [[[76.83028439590744, 43.23894413754792], [76.83024282822205, 43.23906346229013], [76.83056285760078, 43.23912262888711], [76.83058651920629, 43.239054705666916], [76.83045548355517, 43.239030479953605], [76.83047338963502, 43.238979078527024], [76.83028439590744, 43.23894413754792]]]}, "properties": {"id": 71, "class": "building", "confidence": 100.0, "source": "Almaty_4", "source_model": "msft-buildings", "centroid_wkt": "POINT (76.83040085674165 43.2390369148078)", "bbox": [76.83024282822205, 43.23894413754792, 76.83058651920629, 43.23912262888711], "pixel_bbox": [1067, 3158, 1579, 3424], "area_m2": 302.095}}, {"type": "Feature", "geometry": {"type": "Polygon", "coordinates": [[[76.83162988239154, 43.23621763010781], [76.83166048211265, 43.236119107832096], [76.83157218730535, 43.23610455253552], [76.8315415785806, 43.23620307335053], [76.83162988239154, 43.23621763010781]]]}, "properties": {"id": 72, "class": "building", "confidence": 100.0, "source": "Almaty_4", "source_model": "msft-buildings", "centroid_wkt": "POINT (76.83160103233601 43.23616109179274)", "bbox": [76.8315415785806, 43.23610455253552, 76.83166048211265, 43.23621763010781], "pixel_bbox": [3003, 7490, 3181, 7659], "area_m2": 82.525}}, {"type": "Feature", "geometry": {"type": "Polygon", "coordinates": [[[76.83334373679669, 43.239528617341726], [76.83338862521995, 43.23943554306138], [76.83332177400216, 43.23941843569794], [76.83327688704213, 43.23951150697046], [76.83334373679669, 43.239528617341726]]]}, "properties": {"id": 73, "class": "building", "confidence": 100.0, "source": "Almaty_4", "source_model": "msft-buildings", "centroid_wkt": "POINT (76.83333275594607 43.239473525812684)", "bbox": [76.83327688704213, 43.23941843569794, 76.83338862521995, 43.239528617341726], "pixel_bbox": [5591, 2552, 5758, 2717], "area_m2": 63.075}}, {"type": "Feature", "geometry": {"type": "Polygon", "coordinates": [[[76.83931550725383, 43.23740741593897], [76.83943541458225, 43.23710644358535], [76.839380990722, 43.23709493567363], [76.83940396697653, 43.23703726414383], [76.83947075989593, 43.237051387503094], [76.8395684089778, 43.23680628294927], [76.83941503264437, 43.23677385139638], [76.83917449997953, 43.23737760012866], [76.83931550725383, 43.23740741593897]]]}, "properties": {"id": 74, "class": "building", "confidence": 100.0, "source": "Almaty_4", "source_model": "msft-buildings", "centroid_wkt": "POINT (76.83936854287506 43.23708551119804)", "bbox": [76.83917449997953, 43.23677385139638, 76.8395684089778, 43.23740741593897], "pixel_bbox": [14386, 5716, 14974, 6660], "area_m2": 831.917}}, {"type": "Feature", "geometry": {"type": "Polygon", "coordinates": [[[76.83025289955958, 43.23374400074536], [76.83031273229103, 43.233566248410355], [76.83040128384756, 43.233582070308096], [76.83044196420038, 43.23346121599706], [76.83019526894934, 43.23341712518986], [76.83009472737399, 43.23371573142909], [76.83025289955958, 43.23374400074536]]]}, "properties": {"id": 75, "class": "building", "confidence": 100.0, "source": "Almaty_4", "source_model": "msft-buildings", "centroid_wkt": "POINT (76.8302523913422 43.23356821905924)", "bbox": [76.83009472737399, 43.23341712518986, 76.83044196420038, 43.23374400074536], "pixel_bbox": [846, 11179, 1364, 11666], "area_m2": 554.244}}, {"type": "Feature", "geometry": {"type": "Polygon", "coordinates": [[[76.83211463086283, 43.23471604696634], [76.83209603173715, 43.234766075112304], [76.83219459372728, 43.23478552971421], [76.83221319907155, 43.2347354977856], [76.83211463086283, 43.23471604696634]]]}, "properties": {"id": 76, "class": "building", "confidence": 100.0, "source": "Almaty_4", "source_model": "msft-buildings", "centroid_wkt": "POINT (76.8321546146865 43.23475078735623)", "bbox": [76.83209603173715, 43.23471604696634, 76.83221319907155, 43.23478552971421], "pixel_bbox": [3830, 9626, 4005, 9729], "area_m2": 47.767}}, {"type": "Feature", "geometry": {"type": "Polygon", "coordinates": [[[76.83281921257672, 43.238476724020856], [76.83278190589061, 43.23858311373663], [76.83327186396141, 43.23867429676945], [76.8333091802422, 43.23856790899848], [76.83281921257672, 43.238476724020856]]]}, "properties": {"id": 77, "class": "building", "confidence": 100.0, "source": "Almaty_4", "source_model": "msft-buildings", "centroid_wkt": "POINT (76.8330455406716 43.23857551069612)", "bbox": [76.83278190589061, 43.238476724020856, 76.8333091802422, 43.23867429676945], "pixel_bbox": [4853, 3826, 5639, 4121], "area_m2": 501.084}}, {"type": "Feature", "geometry": {"type": "Polygon", "coordinates": [[[76.83396394094082, 43.240857426271326], [76.83419241754653, 43.240900923567665], [76.8342117966792, 43.240846904242474], [76.83431596375664, 43.24086673023053], [76.83432842769707, 43.2408319776801], [76.8343811548729, 43.24084201318003], [76.83444115196149, 43.24067472619954], [76.83422151026616, 43.24063291073569], [76.83421166801428, 43.24066034611164], [76.83410872800512, 43.24064074835513], [76.83409101195166, 43.24069013201658], [76.83402824365338, 43.24067818217164], [76.83396394094082, 43.240857426271326]]]}, "properties": {"id": 78, "class": "building", "confidence": 100.0, "source": "Almaty_4", "source_model": "msft-buildings", "centroid_wkt": "POINT (76.8342000707883 43.240762893288476)", "bbox": [76.83396394094082, 43.24063291073569, 76.83444115196149, 43.240900923567665], "pixel_bbox": [6616, 506, 7328, 905], "area_m2": 778.152}}, {"type": "Feature", "geometry": {"type": "Polygon", "coordinates": [[[76.83417515457481, 43.24123782335377], [76.83485727300982, 43.240993090730534], [76.83486365182566, 43.2410025257057], [76.83504065724233, 43.2409390189881], [76.83498431103571, 43.24085567656988], [76.83492818736704, 43.24087581288091], [76.83490798778352, 43.240845935392336], [76.8341049876005, 43.24113403894721], [76.83417515457481, 43.24123782335377]]]}, "properties": {"id": 79, "class": "building", "confidence": 100.0, "source": "Almaty_4", "source_model": "msft-buildings", "centroid_wkt": "POINT (76.83456965740356 43.24103398383376)", "bbox": [76.8341049876005, 43.240845935392336, 76.83504065724233, 43.24123782335377], "pixel_bbox": [6826, 3, 8222, 588], "area_m2": 999.655}}, {"type": "Feature", "geometry": {"type": "Polygon", "coordinates": [[[76.83537563994496, 43.234003203963404], [76.83542219419805, 43.23388386977034], [76.83506482561356, 43.233809867389155], [76.83501827136047, 43.23392920172714], [76.83537563994496, 43.234003203963404]]]}, "properties": {"id": 80, "class": "building", "confidence": 100.0, "source": "Almaty_4", "source_model": "msft-buildings", "centroid_wkt": "POINT (76.83522023274637 43.23390653570413)", "bbox": [76.83501827136047, 43.233809867389155, 76.83542219419805, 43.234003203963404], "pixel_bbox": [8188, 10792, 8791, 11081], "area_m2": 415.954}}, {"type": "Feature", "geometry": {"type": "Polygon", "coordinates": [[[76.83535217403654, 43.23931334145063], [76.8352040863049, 43.2392815688841], [76.83508414850884, 43.239578243069154], [76.83523223624044, 43.239610015481], [76.83535217403654, 43.23931334145063]]]}, "properties": {"id": 81, "class": "building", "confidence": 100.0, "source": "Almaty_4", "source_model": "msft-buildings", "centroid_wkt": "POINT (76.83521816127065 43.23944579221033)", "bbox": [76.83508414850884, 43.2392815688841, 76.83535217403654, 43.239610015481], "pixel_bbox": [8287, 2431, 8686, 2921], "area_m2": 430.834}}, {"type": "Feature", "geometry": {"type": "Polygon", "coordinates": [[[76.82961008837019, 43.23794331648931], [76.82973454645739, 43.23764020687966], [76.82960898870951, 43.23761284490536], [76.82973228154093, 43.23731257157914], [76.829577177813, 43.23727877856868], [76.82952728122473, 43.237400298898756], [76.82952728122473, 43.23792527095742], [76.82961008837019, 43.23794331648931]]]}, "properties": {"id": 82, "class": "building", "confidence": 100.0, "source": "Almaty_4", "source_model": "msft-buildings", "centroid_wkt": "POINT (76.82960598024638 43.237600622703624)", "bbox": [76.82952728122473, 43.23727877856868, 76.82973454645739, 43.23794331648931], "pixel_bbox": [0, 4916, 309, 5907], "area_m2": 825.594}}, {"type": "Feature", "geometry": {"type": "Polygon", "coordinates": [[[76.83817720997384, 43.23380591537098], [76.83813509179058, 43.23396078587669], [76.8382873661286, 43.2339827598503], [76.83832130032049, 43.23385798233471], [76.83827226347614, 43.23385090355069], [76.83828044543561, 43.23382081808426], [76.83817720997384, 43.23380591537098]]]}, "properties": {"id": 83, "class": "building", "confidence": 100.0, "source": "Almaty_4", "source_model": "msft-buildings", "centroid_wkt": "POINT (76.83822770981183 43.233898005796476)", "bbox": [76.83813509179058, 43.23380591537098, 76.83832130032049, 43.2339827598503], "pixel_bbox": [12836, 10823, 13114, 11087], "area_m2": 207.334}}, {"type": "Feature", "geometry": {"type": "Polygon", "coordinates": [[[76.83522031047575, 43.23689413784053], [76.83527803157052, 43.23690516574078], [76.83530567349432, 43.2368283761654], [76.83524795239954, 43.23681734825125], [76.83522031047575, 43.23689413784053]]]}, "properties": {"id": 84, "class": "building", "confidence": 100.0, "source": "Almaty_4", "source_model": "msft-buildings", "centroid_wkt": "POINT (76.83526299198442 43.236861256998814)", "bbox": [76.83522031047575, 43.23681734825125, 76.83530567349432, 43.23690516574078], "pixel_bbox": [8490, 6465, 8617, 6596], "area_m2": 42.749}}, {"type": "Feature", "geometry": {"type": "Polygon", "coordinates": [[[76.83722941758067, 43.23708918652292], [76.83734991475811, 43.23710805469587], [76.83743829208645, 43.23680849864689], [76.83731779664159, 43.236789624508546], [76.83722941758067, 43.23708918652292]]]}, "properties": {"id": 85, "class": "building", "confidence": 100.0, "source": "Almaty_4", "source_model": "msft-buildings", "centroid_wkt": "POINT (76.83733385506848 43.23694884105684)", "bbox": [76.83722941758067, 43.236789624508546, 76.83743829208645, 43.23710805469587], "pixel_bbox": [11486, 6162, 11797, 6637], "area_m2": 340.782}}, {"type": "Feature", "geometry": {"type": "Polygon", "coordinates": [[[76.82961657438943, 43.24034576866508], [76.82972116392926, 43.240041595753645], [76.82973051314046, 43.24010441871368], [76.82980073080962, 43.239900264321804], [76.8298739771389, 43.239894479493245], [76.82991134395095, 43.23990129818332], [76.82998325219971, 43.23989561903343], [76.82999568337812, 43.239859465825845], [76.83006461040492, 43.23985402212234], [76.8300728978572, 43.23982991996989], [76.83015796491024, 43.23982320155963], [76.8307968672653, 43.239939788394054], [76.83083543139699, 43.23982763354653], [76.83024764525908, 43.23972037420479], [76.82969041904526, 43.23976438277626], [76.82959135610162, 43.24005248429296], [76.82958082340993, 43.23998170875268], [76.82952728122473, 43.24013742312036], [76.82952728122473, 43.24032947457825], [76.82961657438943, 43.24034576866508]]]}, "properties": {"id": 86, "class": "building", "confidence": 100.0, "source": "Almaty_4", "source_model": "msft-buildings", "centroid_wkt": "POINT (76.83003835261718 43.239908861906144)", "bbox": [76.82952728122473, 43.23972037420479, 76.83083543139699, 43.24034576866508], "pixel_bbox": [0, 1334, 1950, 2266], "area_m2": 1868.363}}, {"type": "Feature", "geometry": {"type": "Polygon", "coordinates": [[[76.83184649939068, 43.23873988462503], [76.8319890837108, 43.23876780861267], [76.83211983069332, 43.238413398702306], [76.83197724387185, 43.238385481332514], [76.83184649939068, 43.23873988462503]]]}, "properties": {"id": 87, "class": "building", "confidence": 100.0, "source": "Almaty_4", "source_model": "msft-buildings", "centroid_wkt": "POINT (76.83198316464318 43.23857664335007)", "bbox": [76.83184649939068, 43.238385481332514, 76.83211983069332, 43.23876780861267], "pixel_bbox": [3458, 3687, 3866, 4257], "area_m2": 488.947}}, {"type": "Feature", "geometry": {"type": "Polygon", "coordinates": [[[76.83468886510524, 43.23287537017826], [76.83470152105349, 43.23287762246336], [76.83468763903251, 43.23291902941352], [76.83473320118117, 43.23292713544121], [76.8347415180307, 43.23290232815395], [76.83483010966825, 43.23291809414096], [76.83481128347644, 43.23297424839822], [76.83494543869189, 43.23299811612166], [76.8350282346684, 43.23275115340948], [76.83473050962166, 43.23275115340948], [76.83468886510524, 43.23287537017826]]]}, "properties": {"id": 88, "class": "building", "confidence": 100.0, "source": "Almaty_4", "source_model": "msft-buildings", "centroid_wkt": "POINT (76.83486047885572 43.23285294905577)", "bbox": [76.83468763903251, 43.23275115340948, 76.8350282346684, 43.23299811612166], "pixel_bbox": [7695, 12291, 8203, 12660], "area_m2": 526.361}}, {"type": "Feature", "geometry": {"type": "Polygon", "coordinates": [[[76.84131014334316, 43.23900213629836], [76.84131894260645, 43.2390037164367], [76.84131894260645, 43.23897612373357], [76.84131014334316, 43.23900213629836]]]}, "properties": {"id": 89, "class": "building", "confidence": 100.0, "source": "Almaty_4", "source_model": "msft-buildings", "centroid_wkt": "POINT (76.84131600951869 43.23899399215622)", "bbox": [76.84131014334316, 43.23897612373357, 76.84131894260645, 43.2390037164367], "pixel_bbox": [17571, 3335, 17585, 3376], "area_m2": 1.095}}, {"type": "Feature", "geometry": {"type": "Polygon", "coordinates": [[[76.84126848506938, 43.23627307147105], [76.84122387083403, 43.23640906059823], [76.84131894260645, 43.23642561525905], [76.84131894260645, 43.23628186013518], [76.84126848506938, 43.23627307147105]]]}, "properties": {"id": 90, "class": "building", "confidence": 100.0, "source": "Almaty_4", "source_model": "msft-buildings", "centroid_wkt": "POINT (76.84128142038496 43.236354548413324)", "bbox": [76.84122387083403, 43.23627307147105, 76.84131894260645, 43.23642561525905], "pixel_bbox": [17443, 7180, 17585, 7407], "area_m2": 94.397}}, {"type": "Feature", "geometry": {"type": "Polygon", "coordinates": [[[76.83637411817138, 43.24120803335771], [76.83602646747639, 43.241139880580725], [76.83606415878633, 43.24103784949994], [76.83509373814137, 43.24084760937172], [76.83505335459499, 43.240956928721666], [76.83596625030485, 43.24113589142434], [76.83592923205403, 43.241236100361796], [76.83595088390237, 43.241240344941616], [76.83636218191263, 43.241240344941616], [76.83637411817138, 43.24120803335771]]]}, "properties": {"id": 91, "class": "building", "confidence": 100.0, "source": "Almaty_4", "source_model": "msft-buildings", "centroid_wkt": "POINT (76.83567869214666 43.24104088016328)", "bbox": [76.83505335459499, 43.24084760937172, 76.83637411817138, 43.241240344941616], "pixel_bbox": [8241, 0, 10210, 585], "area_m2": 1304.491}}, {"type": "Feature", "geometry": {"type": "Polygon", "coordinates": [[[76.83869784239138, 43.23835019067828], [76.83872921323139, 43.23837304465314], [76.83889591826384, 43.238411421598464], [76.83897008701805, 43.23835738892952], [76.83901910636092, 43.23824437884429], [76.83884839793049, 43.23820508017399], [76.83887565465704, 43.2381422418893], [76.8389578205945, 43.23816115308644], [76.83900369245485, 43.23812773485218], [76.8390122613568, 43.238107975513906], [76.83905033127729, 43.23811673958026], [76.83909965129416, 43.238003035865994], [76.83890407087827, 43.23795801125258], [76.83887757488131, 43.23797731397973], [76.8387919724295, 43.237957607415], [76.83874906316991, 43.23798886744474], [76.83873047598013, 43.23803171889471], [76.83868493987713, 43.238064892577825], [76.83864746524509, 43.238151306689325], [76.83868211569931, 43.23817654997831], [76.8386401090613, 43.23827341442071], [76.83864640232657, 43.238268829706385], [76.83861898543518, 43.238332037107334], [76.83869784239138, 43.23835019067828]]]}, "properties": {"id": 92, "class": "building", "confidence": 100.0, "source": "Almaty_4", "source_model": "msft-buildings", "centroid_wkt": "POINT (76.83884278528772 43.23817441463934)", "bbox": [76.83861898543518, 43.237957607415, 76.83909965129416, 43.238411421598464], "pixel_bbox": [13558, 4218, 14275, 4895], "area_m2": 1195.207}}, {"type": "Feature", "geometry": {"type": "Polygon", "coordinates": [[[76.83270647387795, 43.236269669389685], [76.83275011162524, 43.23615965746029], [76.83191835106405, 43.235984542326136], [76.83187471331675, 43.23609455457167], [76.83270647387795, 43.236269669389685]]]}, "properties": {"id": 93, "class": "building", "confidence": 100.0, "source": "Almaty_4", "source_model": "msft-buildings", "centroid_wkt": "POINT (76.83231241228768 43.23612710589697)", "bbox": [76.83187471331675, 43.235984542326136, 76.83275011162524, 43.236269669389685], "pixel_bbox": [3500, 7412, 4806, 7838], "area_m2": 894.709}}, {"type": "Feature", "geometry": {"type": "Polygon", "coordinates": [[[76.83312376438668, 43.24123635237507], [76.83312231403707, 43.241240344941616], [76.83314447542722, 43.241240344941616], [76.83312376438668, 43.24123635237507]]]}, "properties": {"id": 94, "class": "building", "confidence": 100.0, "source": "Almaty_4", "source_model": "msft-buildings", "centroid_wkt": "POINT (76.83313018461699 43.241239014086105)", "bbox": [76.83312231403707, 43.24123635237507, 76.83314447542722, 43.241240344941616], "pixel_bbox": [5361, 0, 5394, 5], "area_m2": 0.399}}, {"type": "Feature", "geometry": {"type": "Polygon", "coordinates": [[[76.82970955366822, 43.24066103760176], [76.82972262786163, 43.24062654240155], [76.8297724721883, 43.2406365680095], [76.82981651157664, 43.240520373526294], [76.82952728122473, 43.24046219805399], [76.82952728122473, 43.24062437561932], [76.82970955366822, 43.24066103760176]]]}, "properties": {"id": 95, "class": "building", "confidence": 100.0, "source": "Almaty_4", "source_model": "msft-buildings", "centroid_wkt": "POINT (76.82965434582042 43.240562885637736)", "bbox": [76.82952728122473, 43.24046219805399, 76.82981651157664, 43.24066103760176], "pixel_bbox": [0, 863, 431, 1160], "area_m2": 364.777}}, {"type": "Feature", "geometry": {"type": "Polygon", "coordinates": [[[76.83183172768842, 43.24099301819636], [76.83167000633487, 43.24095372875874], [76.8316917407417, 43.24090625281352], [76.83069128724262, 43.240663196617106], [76.83074362069623, 43.24054890446794], [76.83068684113678, 43.240535110044966], [76.83063496733097, 43.24064842216112], [76.83026210617653, 43.24055781774683], [76.83020333291728, 43.24068617389186], [76.83052434838564, 43.24076417976583], [76.83046718535262, 43.24088901888489], [76.83039960314875, 43.240872596637594], [76.8302518095527, 43.24119536396753], [76.83043695893487, 43.241240344941616], [76.83058258226666, 43.241240344941616], [76.83071579131688, 43.240949429256545], [76.83055767214272, 43.24091100686238], [76.83061678912722, 43.24078187342958], [76.83122988201984, 43.240930821733], [76.83112362491964, 43.24116292590877], [76.83136137776333, 43.24122068663008], [76.8314700703208, 43.24098331256022], [76.83163178827752, 43.24102260115353], [76.8315320842594, 43.241240344941616], [76.83171850150305, 43.241240344941616], [76.83183172768842, 43.24099301819636]]]}, "properties": {"id": 96, "class": "building", "confidence": 100.0, "source": "Almaty_4", "source_model": "msft-buildings", "centroid_wkt": "POINT (76.8309419132426 43.24093543668274)", "bbox": [76.83020333291728, 43.240535110044966, 76.83183172768842, 43.241240344941616], "pixel_bbox": [1008, 0, 3436, 1051], "area_m2": 3957.666}}, {"type": "Feature", "geometry": {"type": "Polygon", "coordinates": [[[76.83297661145265, 43.24048255613227], [76.83295693935958, 43.24053532898585], [76.83314559453825, 43.24057264961759], [76.83315780773371, 43.24053989465852], [76.8333638334918, 43.240580651613634], [76.83338654928642, 43.24051971369061], [76.83342401861061, 43.2405271279581], [76.83344233368344, 43.240477995476205], [76.83307895238246, 43.24040609106313], [76.83309761485184, 43.240356039446375], [76.8329089402917, 43.24031871484782], [76.8328567074929, 43.240458836149216], [76.83297661145265, 43.24048255613227]]]}, "properties": {"id": 97, "class": "building", "confidence": 100.0, "source": "Almaty_4", "source_model": "msft-buildings", "centroid_wkt": "POINT (76.83311806239874 43.24046576053051)", "bbox": [76.8328567074929, 43.24031871484782, 76.83344233368344, 43.240580651613634], "pixel_bbox": [4965, 983, 5838, 1374], "area_m2": 694.802}}, {"type": "Feature", "geometry": {"type": "Polygon", "coordinates": [[[76.83350951323452, 43.23338918840164], [76.83346018025681, 43.23350506070568], [76.83367549726424, 43.233553721218556], [76.83372483024193, 43.23343784900705], [76.83350951323452, 43.23338918840164]]]}, "properties": {"id": 98, "class": "building", "confidence": 100.0, "source": "Almaty_4", "source_model": "msft-buildings", "centroid_wkt": "POINT (76.83359250523698 43.23347145482867)", "bbox": [76.83346018025681, 43.23338918840164, 76.83372483024193, 43.233553721218556], "pixel_bbox": [5865, 11463, 6259, 11708], "area_m2": 246.822}}, {"type": "Feature", "geometry": {"type": "Polygon", "coordinates": [[[76.83188877331068, 43.24006354595367], [76.83092150415843, 43.239887729496715], [76.83088462504655, 43.239995435159194], [76.83174854923782, 43.240152422734546], [76.83175860687302, 43.24014941157803], [76.83179115417803, 43.240207104572114], [76.83179318033167, 43.240201187203986], [76.83195677284321, 43.24049116868721], [76.83198411063452, 43.240496136326804], [76.83203425452028, 43.240481123826555], [76.83204696231962, 43.240503649415395], [76.83208931102644, 43.240511344735836], [76.83207074354176, 43.240565570652485], [76.8325872606704, 43.240659454823245], [76.83260352817479, 43.240654584533786], [76.83263721740143, 43.24055619602177], [76.83219532549649, 43.24047589842616], [76.83220226439242, 43.240455633514195], [76.83205489728003, 43.24019441282464], [76.83198317139563, 43.240181379213915], [76.83197211733649, 43.24016178490835], [76.8319213115017, 43.24015255276275], [76.83187365256451, 43.24006807296186], [76.83188877331068, 43.24006354595367]]]}, "properties": {"id": 99, "class": "building", "confidence": 100.0, "source": "Almaty_4", "source_model": "msft-buildings", "centroid_wkt": "POINT (76.83181372154834 43.24025054756955)", "bbox": [76.83088462504655, 43.239887729496715, 76.83263721740143, 43.240659454823245], "pixel_bbox": [2024, 866, 4637, 2017], "area_m2": 2317.575}}, {"type": "Feature", "geometry": {"type": "Polygon", "coordinates": [[[76.83378191296221, 43.235112301361305], [76.83392178621155, 43.235143383371145], [76.83395097662184, 43.23507365922599], [76.8338111033725, 43.235042577180565], [76.83378191296221, 43.235112301361305]]]}, "properties": {"id": 100, "class": "building", "confidence": 100.0, "source": "Almaty_4", "source_model": "msft-buildings", "centroid_wkt": "POINT (76.83386644478682 43.23509298028298)", "bbox": [76.83378191296221, 43.235042577180565, 76.83395097662184, 43.235143383371145], "pixel_bbox": [6344, 9092, 6597, 9242], "area_m2": 96.198}}, {"type": "Feature", "geometry": {"type": "Polygon", "coordinates": [[[76.84048753242618, 43.23339500564819], [76.84031802931895, 43.23386894784243], [76.84047494333838, 43.23389874449582], [76.8406444890781, 43.2334248106289], [76.84048753242618, 43.23339500564819]]]}, "properties": {"id": 101, "class": "building", "confidence": 100.0, "source": "Almaty_4", "source_model": "msft-buildings", "centroid_wkt": "POINT (76.84048125237909 43.233646866404136)", "bbox": [76.84031802931895, 43.23339500564819, 76.8406444890781, 43.23389874449582], "pixel_bbox": [16092, 10948, 16579, 11699], "area_m2": 716.819}}, {"type": "Feature", "geometry": {"type": "Polygon", "coordinates": [[[76.8297652976433, 43.236589578465335], [76.82980210891249, 43.236480906245056], [76.82952728122473, 43.23643149555852], [76.82952728122473, 43.23654678607505], [76.8297652976433, 43.236589578465335]]]}, "properties": {"id": 102, "class": "building", "confidence": 100.0, "source": "Almaty_4", "source_model": "msft-buildings", "centroid_wkt": "POINT (76.82965571242491 43.23651085193712)", "bbox": [76.82952728122473, 43.23643149555852, 76.82980210891249, 43.236589578465335], "pixel_bbox": [0, 6935, 409, 7171], "area_m2": 266.781}}, {"type": "Feature", "geometry": {"type": "Polygon", "coordinates": [[[76.83451271263307, 43.239082437625854], [76.83457660896869, 43.23890932804272], [76.83461058131167, 43.238915984698714], [76.83462269092433, 43.23888318551218], [76.83459267580668, 43.23887730424521], [76.83461016746939, 43.23882992760668], [76.83457014731252, 43.2388220859104], [76.83458292968145, 43.23878746449296], [76.83453540574514, 43.238778152472015], [76.83454078779522, 43.23876357502498], [76.83436820086864, 43.23872975766573], [76.83425652332957, 43.23903223914493], [76.83451271263307, 43.239082437625854]]]}, "properties": {"id": 103, "class": "building", "confidence": 100.0, "source": "Almaty_4", "source_model": "msft-buildings", "centroid_wkt": "POINT (76.83443841806904 43.238909452625066)", "bbox": [76.83425652332957, 43.23872975766573, 76.83462269092433, 43.239082437625854], "pixel_bbox": [7052, 3218, 7598, 3744], "area_m2": 738.557}}, {"type": "Feature", "geometry": {"type": "Polygon", "coordinates": [[[76.83523661668153, 43.233108827217585], [76.83527233098305, 43.233032580138584], [76.83523389228874, 43.23302302285454], [76.83519817880956, 43.233099268189946], [76.83523661668153, 43.233108827217585]]]}, "properties": {"id": 104, "class": "building", "confidence": 100.0, "source": "Almaty_4", "source_model": "msft-buildings", "centroid_wkt": "POINT (76.8352352547644 43.23306592461756)", "bbox": [76.83519817880956, 43.23302302285454, 76.83527233098305, 43.233108827217585], "pixel_bbox": [8457, 12126, 8567, 12254], "area_m2": 29.53}}, {"type": "Feature", "geometry": {"type": "Polygon", "coordinates": [[[76.8365041650444, 43.23899021043858], [76.83636028190013, 43.238963990948726], [76.83623778646609, 43.2393207432861], [76.8363816696104, 43.23934696262245], [76.8365041650444, 43.23899021043858]]]}, "properties": {"id": 105, "class": "building", "confidence": 100.0, "source": "Almaty_4", "source_model": "msft-buildings", "centroid_wkt": "POINT (76.83637097575392 43.23915547681284)", "bbox": [76.83623778646609, 43.238963990948726, 76.8365041650444, 43.23934696262245], "pixel_bbox": [10007, 2823, 10404, 3394], "area_m2": 492.178}}, {"type": "Feature", "geometry": {"type": "Polygon", "coordinates": [[[76.83998766336572, 43.23585197131182], [76.84010525661111, 43.23555334336486], [76.83995511655759, 43.23552196294371], [76.83983749959239, 43.235820578430044], [76.83998766336572, 43.23585197131182]]]}, "properties": {"id": 106, "class": "building", "confidence": 100.0, "source": "Almaty_4", "source_model": "msft-buildings", "centroid_wkt": "POINT (76.83997138259578 43.23568696845691)", "bbox": [76.83983749959239, 43.23552196294371, 76.84010525661111, 43.23585197131182], "pixel_bbox": [15375, 8035, 15775, 8527], "area_m2": 437.947}}, {"type": "Feature", "geometry": {"type": "Polygon", "coordinates": [[[76.82982722247412, 43.236285719557664], [76.82998496142498, 43.235881495363266], [76.82992043891713, 43.23586813146876], [76.82994442643358, 43.235806660451985], [76.83000150403667, 43.23581848237072], [76.83001631985567, 43.23578051495439], [76.83003120966518, 43.23578359893473], [76.83006366336392, 43.23570043213479], [76.82995695306248, 43.23567833024201], [76.82996471372955, 43.235658442504956], [76.82978851765039, 43.23562194865254], [76.82955175592707, 43.23622867936159], [76.82982722247412, 43.236285719557664]]]}, "properties": {"id": 107, "class": "building", "confidence": 100.0, "source": "Almaty_4", "source_model": "msft-buildings", "centroid_wkt": "POINT (76.8298020870776 43.235959349457225)", "bbox": [76.82955175592707, 43.23562194865254, 76.83006366336392, 43.236285719557664], "pixel_bbox": [36, 7388, 799, 8378], "area_m2": 1575.453}}, {"type": "Feature", "geometry": {"type": "Polygon", "coordinates": [[[76.83853946448019, 43.23652579292724], [76.8385775954863, 43.23642183374974], [76.8380844158313, 43.23632582310185], [76.8380462848252, 43.23642978244314], [76.83853946448019, 43.23652579292724]]]}, "properties": {"id": 108, "class": "building", "confidence": 100.0, "source": "Almaty_4", "source_model": "msft-buildings", "centroid_wkt": "POINT (76.83831194009568 43.23642580804274)", "bbox": [76.8380462848252, 43.23632582310185, 76.8385775954863, 43.23652579292724], "pixel_bbox": [12704, 7030, 13496, 7329], "area_m2": 495.712}}, {"type": "Feature", "geometry": {"type": "Polygon", "coordinates": [[[76.82985197385639, 43.232793073545494], [76.82996376214658, 43.23281016883897], [76.82995674992438, 43.23283450101395], [76.82985010192634, 43.232818191809436], [76.82981774815671, 43.23293049563985], [76.82993466178405, 43.23294837468825], [76.82991847973287, 43.23300452571928], [76.83003021464611, 43.23302161279079], [76.83010813165016, 43.23275115340948], [76.82986405065812, 43.23275115340948], [76.82985197385639, 43.232793073545494]]]}, "properties": {"id": 109, "class": "building", "confidence": 100.0, "source": "Almaty_4", "source_model": "msft-buildings", "centroid_wkt": "POINT (76.82996882507128 43.23286871448989)", "bbox": [76.82981774815671, 43.23275115340948, 76.83010813165016, 43.23302161279079], "pixel_bbox": [433, 12256, 866, 12660], "area_m2": 460.741}}, {"type": "Feature", "geometry": {"type": "Polygon", "coordinates": [[[76.83684921783335, 43.23334095737934], [76.8367799419707, 43.23333284676421], [76.83674380770572, 43.23349667533285], [76.83681306822676, 43.23350478413003], [76.83684921783335, 43.23334095737934]]]}, "properties": {"id": 110, "class": "building", "confidence": 100.0, "source": "Almaty_4", "source_model": "msft-buildings", "centroid_wkt": "POINT (76.83679650960065 43.23341881287686)", "bbox": [76.83674380770572, 43.23333284676421, 76.83684921783335, 43.23350478413003], "pixel_bbox": [10762, 11536, 10919, 11792], "area_m2": 105.057}}, {"type": "Feature", "geometry": {"type": "Polygon", "coordinates": [[[76.83733952996808, 43.23717931124221], [76.83722169443135, 43.237175940607095], [76.83722053776603, 43.237197402116614], [76.83733837330276, 43.23720077275053], [76.83733952996808, 43.23717931124221]]]}, "properties": {"id": 111, "class": "building", "confidence": 100.0, "source": "Almaty_4", "source_model": "msft-buildings", "centroid_wkt": "POINT (76.83728003386649 43.2371883566791)", "bbox": [76.83722053776603, 43.237175940607095, 76.83733952996808, 43.23720077275053], "pixel_bbox": [11473, 6024, 11650, 6061], "area_m2": 22.856}}, {"type": "Feature", "geometry": {"type": "Polygon", "coordinates": [[[76.83421976413952, 43.235737748683675], [76.83420969840432, 43.23579345215351], [76.83427561126473, 43.235799773962825], [76.83428567699997, 43.235744070498775], [76.83421976413952, 43.235737748683675]]]}, "properties": {"id": 112, "class": "building", "confidence": 100.0, "source": "Almaty_4", "source_model": "msft-buildings", "centroid_wkt": "POINT (76.83424768770159 43.235768761324564)", "bbox": [76.83420969840432, 43.235737748683675, 76.83428567699997, 43.235799773962825], "pixel_bbox": [6982, 8113, 7096, 8206], "area_m2": 33.708}}, {"type": "Feature", "geometry": {"type": "Polygon", "coordinates": [[[76.83102163258678, 43.234181743085315], [76.83111009612595, 43.233954702236105], [76.83101577491144, 43.233935189865946], [76.8310428687313, 43.233865653638254], [76.83097584979403, 43.23385179272864], [76.83086029070073, 43.234148374396575], [76.83102163258678, 43.234181743085315]]]}, "properties": {"id": 113, "class": "building", "confidence": 100.0, "source": "Almaty_4", "source_model": "msft-buildings", "centroid_wkt": "POINT (76.83098639215544 43.23403369950861)", "bbox": [76.83086029070073, 43.23385179272864, 76.83111009612595, 43.234181743085315], "pixel_bbox": [1987, 10526, 2360, 11018], "area_m2": 402.669}}, {"type": "Feature", "geometry": {"type": "Polygon", "coordinates": [[[76.83147696078996, 43.232958615014354], [76.83136837401543, 43.23325821004542], [76.83152633806931, 43.23328860108075], [76.83163492484384, 43.232989006199084], [76.83147696078996, 43.232958615014354]]]}, "properties": {"id": 114, "class": "building", "confidence": 100.0, "source": "Almaty_4", "source_model": "msft-buildings", "centroid_wkt": "POINT (76.8315016494264 43.23312360807572)", "bbox": [76.83136837401543, 43.232958615014354, 76.83163492484384, 43.23328860108075], "pixel_bbox": [2745, 11858, 3143, 12350], "area_m2": 456.876}}, {"type": "Feature", "geometry": {"type": "Polygon", "coordinates": [[[76.83459432985545, 43.232951056152835], [76.83465359353785, 43.23295979571362], [76.83471153691947, 43.23275115340948], [76.83464984613316, 43.23275115340948], [76.83459432985545, 43.232951056152835]]]}, "properties": {"id": 115, "class": "building", "confidence": 100.0, "source": "Almaty_4", "source_model": "msft-buildings", "centroid_wkt": "POINT (76.8346525422309 43.232853305255276)", "bbox": [76.83459432985545, 43.23275115340948, 76.83471153691947, 43.23295979571362], "pixel_bbox": [7556, 12348, 7731, 12660], "area_m2": 113.727}}, {"type": "Feature", "geometry": {"type": "Polygon", "coordinates": [[[76.83193487844727, 43.237478552870556], [76.83206341968233, 43.23712420887424], [76.83192139716942, 43.237096872102796], [76.83179288775479, 43.2374512223829], [76.83193487844727, 43.237478552870556]]]}, "properties": {"id": 116, "class": "building", "confidence": 100.0, "source": "Almaty_4", "source_model": "msft-buildings", "centroid_wkt": "POINT (76.83192814816252 43.23728770742871)", "bbox": [76.83179288775479, 43.237096872102796, 76.83206341968233, 43.237478552870556], "pixel_bbox": [3378, 5609, 3782, 6179], "area_m2": 485.789}}, {"type": "Feature", "geometry": {"type": "Polygon", "coordinates": [[[76.83038061503042, 43.23636031043371], [76.83035355062127, 43.23635439026228], [76.83031735235289, 43.23644222201229], [76.83034441676205, 43.2364481421752], [76.83038061503042, 43.23636031043371]]]}, "properties": {"id": 117, "class": "building", "confidence": 100.0, "source": "Almaty_4", "source_model": "msft-buildings", "centroid_wkt": "POINT (76.83034898369182 43.23640126621995)", "bbox": [76.83031735235289, 43.23635439026228, 76.83038061503042, 43.2364481421752], "pixel_bbox": [1178, 7146, 1272, 7286], "area_m2": 23.385}}, {"type": "Feature", "geometry": {"type": "Polygon", "coordinates": [[[76.84119914145106, 43.23644920761794], [76.840956799473, 43.23704996802463], [76.84109999707394, 43.23708063411621], [76.84131894260645, 43.23653787325398], [76.84131894260645, 43.236474863560474], [76.84119914145106, 43.23644920761794]]]}, "properties": {"id": 118, "class": "building", "confidence": 100.0, "source": "Almaty_4", "source_model": "msft-buildings", "centroid_wkt": "POINT (76.84114816082841 43.23676704649277)", "bbox": [76.840956799473, 43.23644920761794, 76.84131894260645, 43.23708063411621], "pixel_bbox": [17044, 6203, 17585, 7145], "area_m2": 836.735}}, {"type": "Feature", "geometry": {"type": "Polygon", "coordinates": [[[76.8379856066161, 43.23552937756392], [76.83812725073989, 43.23555696721252], [76.83825708886842, 43.2352031595996], [76.83811547646566, 43.235175575969535], [76.8379856066161, 43.23552937756392]]]}, "properties": {"id": 119, "class": "building", "confidence": 100.0, "source": "Almaty_4", "source_model": "msft-buildings", "centroid_wkt": "POINT (76.83812135324807 43.23536627667758)", "bbox": [76.8379856066161, 43.235175575969535, 76.83825708886842, 43.23555696721252], "pixel_bbox": [12613, 8475, 13018, 9044], "area_m2": 484.525}}, {"type": "Feature", "geometry": {"type": "Polygon", "coordinates": [[[76.8312843982932, 43.233016803728006], [76.83132207750556, 43.23290637695446], [76.83075623304592, 43.232803888858406], [76.83071855383356, 43.232914315817645], [76.8312843982932, 43.233016803728006]]]}, "properties": {"id": 120, "class": "building", "confidence": 100.0, "source": "Almaty_4", "source_model": "msft-buildings", "centroid_wkt": "POINT (76.83102031559521 43.23291034632513)", "bbox": [76.83071855383356, 43.232803888858406, 76.83132207750556, 43.233016803728006], "pixel_bbox": [1776, 12263, 2676, 12581], "area_m2": 598.753}}, {"type": "Feature", "geometry": {"type": "Polygon", "coordinates": [[[76.83709263392902, 43.233604382224044], [76.83702439118473, 43.23361141142385], [76.83700350649676, 43.233607700100485], [76.83691069554499, 43.233617259895915], [76.8368825038478, 43.23370149315946], [76.83802427284056, 43.233904391115864], [76.83805856807274, 43.233801921579364], [76.83810156699408, 43.233797492580194], [76.83813198928176, 43.23370662081212], [76.83767877807409, 43.2336260827746], [76.8376316125803, 43.23363094095508], [76.83760779917401, 43.2337020720084], [76.83759627585215, 43.233642688372754], [76.83755083659359, 43.23363461357162], [76.8375342740983, 43.23363631871117], [76.837453357009, 43.23362194343214], [76.83737915668691, 43.233629586277445], [76.83737182942451, 43.23359182633929], [76.83734714662727, 43.233587441328275], [76.83733749124772, 43.2336162904213], [76.83727500744024, 43.233622726432756], [76.83724203928851, 43.233616867812714], [76.83722698086684, 43.23366184759687], [76.83718550361652, 43.23365447898331], [76.83718047317853, 43.23362855539533], [76.83709895406747, 43.23363695209583], [76.83709263392902, 43.233604382224044]]]}, "properties": {"id": 121, "class": "building", "confidence": 100.0, "source": "Almaty_4", "source_model": "msft-buildings", "centroid_wkt": "POINT (76.8375695357636 43.233730027597176)", "bbox": [76.8368825038478, 43.233587441328275, 76.83813198928176, 43.233904391115864], "pixel_bbox": [10968, 10940, 12832, 11412], "area_m2": 1821.746}}, {"type": "Feature", "geometry": {"type": "Polygon", "coordinates": [[[76.83660608082162, 43.23847819468786], [76.83672731243632, 43.23812303132748], [76.83658234783, 43.23809676960919], [76.83646108408196, 43.23845192730142], [76.83660608082162, 43.23847819468786]]]}, "properties": {"id": 122, "class": "building", "confidence": 100.0, "source": "Almaty_4", "source_model": "msft-buildings", "centroid_wkt": "POINT (76.83659420405158 43.23828748728033)", "bbox": [76.83646108408196, 43.23809676960919, 76.83672731243632, 43.23847819468786], "pixel_bbox": [10340, 4119, 10737, 4688], "area_m2": 493.39}}, {"type": "Feature", "geometry": {"type": "Polygon", "coordinates": [[[76.83746378195298, 43.236812248173244], [76.83757100874031, 43.23683372946757], [76.83772460952848, 43.23642678907968], [76.83761738274114, 43.2364053076419], [76.83746378195298, 43.236812248173244]]]}, "properties": {"id": 123, "class": "building", "confidence": 100.0, "source": "Almaty_4", "source_model": "msft-buildings", "centroid_wkt": "POINT (76.8375941957438 43.23661951857409)", "bbox": [76.83746378195298, 43.2364053076419, 76.83772460952848, 43.23683372946757], "pixel_bbox": [11835, 6571, 12224, 7210], "area_m2": 423.544}}, {"type": "Feature", "geometry": {"type": "Polygon", "coordinates": [[[76.8409658948499, 43.23421326643595], [76.84107162468831, 43.23423112232812], [76.84118749290856, 43.23386683595058], [76.84108179465325, 43.23384899067522], [76.8409658948499, 43.23421326643595]]]}, "properties": {"id": 124, "class": "building", "confidence": 100.0, "source": "Almaty_4", "source_model": "msft-buildings", "centroid_wkt": "POINT (76.84107669886544 43.23404006339539)", "bbox": [76.8409658948499, 43.23384899067522, 76.84118749290856, 43.23423112232812], "pixel_bbox": [17058, 10452, 17388, 11022], "area_m2": 366.199}}, {"type": "Feature", "geometry": {"type": "Polygon", "coordinates": [[[76.83506154020901, 43.238565228320695], [76.83507820071635, 43.238531620199964], [76.83500606205678, 43.23851263719594], [76.83498939707994, 43.238546247829404], [76.83506154020901, 43.238565228320695]]]}, "properties": {"id": 125, "class": "building", "confidence": 100.0, "source": "Almaty_4", "source_model": "msft-buildings", "centroid_wkt": "POINT (76.83503379937696 43.238538933343634)", "bbox": [76.83498939707994, 43.23851263719594, 76.83507820071635, 43.238565228320695], "pixel_bbox": [8145, 3989, 8278, 4067], "area_m2": 24.734}}, {"type": "Feature", "geometry": {"type": "Polygon", "coordinates": [[[76.83028973589106, 43.23363302403781], [76.83027314610834, 43.233723251591535], [76.83034565751981, 43.23373032483353], [76.83036223878757, 43.233640096459695], [76.83028973589106, 43.23363302403781]]]}, "properties": {"id": 126, "class": "building", "confidence": 100.0, "source": "Almaty_4", "source_model": "msft-buildings", "centroid_wkt": "POINT (76.83031769441372 43.23368167511338)", "bbox": [76.83027314610834, 43.23363302403781, 76.83036223878757, 43.23373032483353], "pixel_bbox": [1112, 11199, 1245, 11344], "area_m2": 60.099}}, {"type": "Feature", "geometry": {"type": "Polygon", "coordinates": [[[76.83391116925364, 43.23579474933], [76.83387280628723, 43.23591528501782], [76.83410188848461, 43.235953983526606], [76.83414025145105, 43.23583344791533], [76.83391116925364, 43.23579474933]]]}, "properties": {"id": 127, "class": "building", "confidence": 100.0, "source": "Almaty_4", "source_model": "msft-buildings", "centroid_wkt": "POINT (76.83400652885796 43.23587436644448)", "bbox": [76.83387280628723, 43.23579474933, 76.83414025145105, 43.235953983526606], "pixel_bbox": [6480, 7883, 6879, 8121], "area_m2": 262.58}}, {"type": "Feature", "geometry": {"type": "Polygon", "coordinates": [[[76.83657129548652, 43.233419602173626], [76.8366320750336, 43.23342502276448], [76.83665033033247, 43.23331643184563], [76.83658955129872, 43.23331100819167], [76.83657129548652, 43.233419602173626]]]}, "properties": {"id": 128, "class": "building", "confidence": 100.0, "source": "Almaty_4", "source_model": "msft-buildings", "centroid_wkt": "POINT (76.836610812895 43.23336801623087)", "bbox": [76.83657129548652, 43.23331100819167, 76.83665033033247, 43.23342502276448], "pixel_bbox": [10504, 11655, 10622, 11825], "area_m2": 60.457}}, {"type": "Feature", "geometry": {"type": "Polygon", "coordinates": [[[76.83644293880461, 43.23882267527144], [76.8364802278447, 43.23871503875877], [76.83565313100216, 43.23856301067864], [76.8356158556968, 43.23867060781374], [76.83644293880461, 43.23882267527144]]]}, "properties": {"id": 129, "class": "building", "confidence": 100.0, "source": "Almaty_4", "source_model": "msft-buildings", "centroid_wkt": "POINT (76.83604806356742 43.23869283776785)", "bbox": [76.8356158556968, 43.23856301067864, 76.8364802278447, 43.23882267527144], "pixel_bbox": [9079, 3605, 10368, 3992], "area_m2": 854.355}}, {"type": "Feature", "geometry": {"type": "Polygon", "coordinates": [[[76.82984119346737, 43.232990134249626], [76.82976921498168, 43.23326950971103], [76.82984694251988, 43.23328013973137], [76.82991892100557, 43.2330007643187], [76.82984119346737, 43.232990134249626]]]}, "properties": {"id": 130, "class": "building", "confidence": 100.0, "source": "Almaty_4", "source_model": "msft-buildings", "centroid_wkt": "POINT (76.82984406799348 43.2331351369989)", "bbox": [76.82976921498168, 43.232990134249626, 76.82991892100557, 43.23328013973137], "pixel_bbox": [360, 11871, 584, 12303], "area_m2": 202.877}}, {"type": "Feature", "geometry": {"type": "Polygon", "coordinates": [[[76.83652696821456, 43.23662910960163], [76.83657775670777, 43.23651180971945], [76.83646216654017, 43.23648525207723], [76.83653833390586, 43.2363092982216], [76.8363919594663, 43.23627566756579], [76.83626501385679, 43.23656892387143], [76.83652696821456, 43.23662910960163]]]}, "properties": {"id": 131, "class": "building", "confidence": 100.0, "source": "Almaty_4", "source_model": "msft-buildings", "centroid_wkt": "POINT (76.83642397285155 43.23646745254493)", "bbox": [76.83626501385679, 43.23627566756579, 76.83657775670777, 43.23662910960163], "pixel_bbox": [10048, 6876, 10514, 7403], "area_m2": 560.413}}, {"type": "Feature", "geometry": {"type": "Polygon", "coordinates": [[[76.8371026090241, 43.23321348856436], [76.83714176754776, 43.233085783649415], [76.83704724205276, 43.23307040289721], [76.8370240654323, 43.23314598721654], [76.83704066655741, 43.23314868931844], [76.8370246908304, 43.23320080612921], [76.8371026090241, 43.23321348856436]]]}, "properties": {"id": 132, "class": "building", "confidence": 100.0, "source": "Almaty_4", "source_model": "msft-buildings", "centroid_wkt": "POINT (76.83707882965012 43.23313951580709)", "bbox": [76.8370240654323, 43.23307040289721, 76.83714176754776, 43.23321348856436], "pixel_bbox": [11180, 11970, 11355, 12183], "area_m2": 106.174}}, {"type": "Feature", "geometry": {"type": "Polygon", "coordinates": [[[76.83639927775899, 43.23340644828965], [76.83653638075378, 43.233427987909515], [76.83664968027007, 43.23304518086393], [76.83651254213511, 43.23302363558804], [76.83639927775899, 43.23340644828965]]]}, "properties": {"id": 133, "class": "building", "confidence": 100.0, "source": "Almaty_4", "source_model": "msft-buildings", "centroid_wkt": "POINT (76.83652447264751 43.23322580497799)", "bbox": [76.83639927775899, 43.23302363558804, 76.83664968027007, 43.233427987909515], "pixel_bbox": [10248, 11650, 10621, 12253], "area_m2": 495.737}}, {"type": "Feature", "geometry": {"type": "Polygon", "coordinates": [[[76.83403231768345, 43.23287580839478], [76.83408174491012, 43.232893746079995], [76.83410636512095, 43.23285773460267], [76.83405693789427, 43.23283979690687], [76.83403231768345, 43.23287580839478]]]}, "properties": {"id": 134, "class": "building", "confidence": 100.0, "source": "Almaty_4", "source_model": "msft-buildings", "centroid_wkt": "POINT (76.83406934140146 43.23286677149538)", "bbox": [76.83403231768345, 43.23283979690687, 76.83410636512095, 43.232893746079995], "pixel_bbox": [6718, 12447, 6828, 12527], "area_m2": 20.049}}, {"type": "Feature", "geometry": {"type": "Polygon", "coordinates": [[[76.83485771420602, 43.23985925642781], [76.83480907717986, 43.23996014276641], [76.83486399428543, 43.2399741932415], [76.83488244281261, 43.23993592603811], [76.83511643743641, 43.23999579328105], [76.83514662593544, 43.23993317423063], [76.83485771420602, 43.23985925642781]]]}, "properties": {"id": 135, "class": "building", "confidence": 100.0, "source": "Almaty_4", "source_model": "msft-buildings", "centroid_wkt": "POINT (76.83497236872144 43.23992965934247)", "bbox": [76.83480907717986, 43.23985925642781, 76.83514662593544, 43.23999579328105], "pixel_bbox": [7876, 1856, 8380, 2059], "area_m2": 204.689}}, {"type": "Feature", "geometry": {"type": "Polygon", "coordinates": [[[76.83596073438382, 43.23341056978164], [76.83622547105392, 43.23345928899331], [76.8362410225401, 43.2334144447361], [76.83604311996122, 43.23337801481758], [76.83619214392158, 43.23294816840413], [76.83612535304543, 43.232935873444035], [76.83596073438382, 43.23341056978164]]]}, "properties": {"id": 136, "class": "building", "confidence": 100.0, "source": "Almaty_4", "source_model": "msft-buildings", "centroid_wkt": "POINT (76.8360890909894 43.23323171176419)", "bbox": [76.83596073438382, 43.232935873444035, 76.8362410225401, 43.23345928899331], "pixel_bbox": [9594, 11603, 10012, 12384], "area_m2": 389.705}}, {"type": "Feature", "geometry": {"type": "Polygon", "coordinates": [[[76.83674949681358, 43.23718972977432], [76.83677420918585, 43.237120131557205], [76.83629402960655, 43.23702966429307], [76.83626243151521, 43.23711865509144], [76.83713729883468, 43.23728352696919], [76.837161360473, 43.237215761539375], [76.8369015202726, 43.23716679371569], [76.83688435914317, 43.23721513818606], [76.83674949681358, 43.23718972977432]]]}, "properties": {"id": 137, "class": "building", "confidence": 100.0, "source": "Almaty_4", "source_model": "msft-buildings", "centroid_wkt": "POINT (76.8366707354266 43.23715283463001)", "bbox": [76.83626243151521, 43.23702966429307, 76.837161360473, 43.23728352696919], "pixel_bbox": [10044, 5900, 11384, 6279], "area_m2": 606.207}}, {"type": "Feature", "geometry": {"type": "Polygon", "coordinates": [[[76.84030783753674, 43.2379639718287], [76.84024970359607, 43.238166962900785], [76.84040392092227, 43.23819041092578], [76.84046205702091, 43.237987412396585], [76.84030783753674, 43.2379639718287]]]}, "properties": {"id": 138, "class": "building", "confidence": 100.0, "source": "Almaty_4", "source_model": "msft-buildings", "centroid_wkt": "POINT (76.84035588024199 43.23807718958241)", "bbox": [76.84024970359607, 43.2379639718287, 76.84046205702091, 43.23819041092578], "pixel_bbox": [15990, 4548, 16307, 4886], "area_m2": 294.798}}, {"type": "Feature", "geometry": {"type": "Polygon", "coordinates": [[[76.83027964779534, 43.23630983704045], [76.83040243897987, 43.23633495003726], [76.8304349462444, 43.23625060854412], [76.83035192944931, 43.23623362586709], [76.83033338737452, 43.23628174609788], [76.83029360698633, 43.23627361028995], [76.83027964779534, 43.23630983704045]]]}, "properties": {"id": 139, "class": "building", "confidence": 100.0, "source": "Almaty_4", "source_model": "msft-buildings", "centroid_wkt": "POINT (76.83036512345461 43.23628625203428)", "bbox": [76.83027964779534, 43.23623362586709, 76.8304349462444, 43.23633495003726], "pixel_bbox": [1122, 7315, 1353, 7466], "area_m2": 82.195}}, {"type": "Feature", "geometry": {"type": "Polygon", "coordinates": [[[76.83435217108138, 43.23588668287727], [76.83430385874924, 43.23599873741122], [76.83453970194522, 43.236052695955664], [76.8345596363242, 43.2360064503681], [76.8345889335151, 43.23601315327164], [76.83461730166982, 43.235947342189924], [76.83435217108138, 43.23588668287727]]]}, "properties": {"id": 140, "class": "building", "confidence": 100.0, "source": "Almaty_4", "source_model": "msft-buildings", "centroid_wkt": "POINT (76.83445562585132 43.235970179319246)", "bbox": [76.83430385874924, 43.23588668287727, 76.83461730166982, 43.236052695955664], "pixel_bbox": [7123, 7736, 7590, 7983], "area_m2": 281.121}}, {"type": "Feature", "geometry": {"type": "Polygon", "coordinates": [[[76.8368148740387, 43.233264267901525], [76.83688624498106, 43.23327811920518], [76.83694723268447, 43.233111354835664], [76.83687584802628, 43.23309749719216], [76.8368148740387, 43.233264267901525]]]}, "properties": {"id": 141, "class": "building", "confidence": 100.0, "source": "Almaty_4", "source_model": "msft-buildings", "centroid_wkt": "POINT (76.83688105087602 43.2331878068449)", "bbox": [76.8368148740387, 43.23309749719216, 76.83694723268447, 43.23327811920518], "pixel_bbox": [10868, 11874, 11065, 12143], "area_m2": 115.049}}, {"type": "Feature", "geometry": {"type": "Polygon", "coordinates": [[[76.83765205777011, 43.23639296922515], [76.83769000839128, 43.23628683291899], [76.83720173186255, 43.23619419158663], [76.83716379079007, 43.236300329865806], [76.83765205777011, 43.23639296922515]]]}, "properties": {"id": 142, "class": "building", "confidence": 100.0, "source": "Almaty_4", "source_model": "msft-buildings", "centroid_wkt": "POINT (76.83742689720778 43.236293580714204)", "bbox": [76.83716379079007, 43.23619419158663, 76.83769000839128, 43.23639296922515], "pixel_bbox": [11388, 7228, 12173, 7525], "area_m2": 499.391}}, {"type": "Feature", "geometry": {"type": "Polygon", "coordinates": [[[76.83664760764333, 43.23287569886579], [76.83683931702338, 43.232908799281816], [76.83685761064847, 43.23285255751942], [76.83688300609617, 43.232856943578454], [76.83691741616555, 43.23275115340948], [76.83668813010173, 43.23275115340948], [76.83664760764333, 43.23287569886579]]]}, "properties": {"id": 143, "class": "building", "confidence": 100.0, "source": "Almaty_4", "source_model": "msft-buildings", "centroid_wkt": "POINT (76.83678063481759 43.23282033546956)", "bbox": [76.83664760764333, 43.23275115340948, 76.83691741616555, 43.232908799281816], "pixel_bbox": [10618, 12424, 11020, 12660], "area_m2": 282.892}}, {"type": "Feature", "geometry": {"type": "Polygon", "coordinates": [[[76.83614305203507, 43.237377064189296], [76.83610710061926, 43.23748398484901], [76.83694307870427, 43.23763312985476], [76.83697902042945, 43.23752620772787], [76.83614305203507, 43.237377064189296]]]}, "properties": {"id": 144, "class": "building", "confidence": 100.0, "source": "Almaty_4", "source_model": "msft-buildings", "centroid_wkt": "POINT (76.83654306275173 43.23750509672893)", "bbox": [76.83610710061926, 43.237377064189296, 76.83697902042945, 43.23763312985476], "pixel_bbox": [9812, 5379, 11112, 5761], "area_m2": 854.977}}, {"type": "Feature", "geometry": {"type": "Polygon", "coordinates": [[[76.83002874936538, 43.23443724989604], [76.83006452733056, 43.2343377214515], [76.83004810981743, 43.23433458885831], [76.8300573153779, 43.23430898730951], [76.83002101967413, 43.234302061794615], [76.83008544248658, 43.234122847557515], [76.82992848426017, 43.23409289855663], [76.82981905646182, 43.234397228168746], [76.83002874936538, 43.23443724989604]]]}, "properties": {"id": 145, "class": "building", "confidence": 100.0, "source": "Almaty_4", "source_model": "msft-buildings", "centroid_wkt": "POINT (76.82996028759098 43.23427295313444)", "bbox": [76.82981905646182, 43.23409289855663, 76.83008544248658, 43.23443724989604], "pixel_bbox": [435, 10145, 832, 10659], "area_m2": 520.246}}, {"type": "Feature", "geometry": {"type": "Polygon", "coordinates": [[[76.83115114237351, 43.237445636552714], [76.83119131408439, 43.2374532848595], [76.83122346544069, 43.2373636578683], [76.83118329372977, 43.23735600955027], [76.83115114237351, 43.237445636552714]]]}, "properties": {"id": 146, "class": "building", "confidence": 100.0, "source": "Almaty_4", "source_model": "msft-buildings", "centroid_wkt": "POINT (76.83118730390696 43.23740464720691)", "bbox": [76.83115114237351, 43.23735600955027, 76.83122346544069, 43.2374532848595], "pixel_bbox": [2421, 5647, 2529, 5792], "area_m2": 34.71}}, {"type": "Feature", "geometry": {"type": "Polygon", "coordinates": [[[76.83648047214572, 43.23648674839748], [76.83657290229222, 43.23650098145003], [76.83661034745586, 43.23637191613361], [76.83651791730937, 43.23635768305092], [76.83648047214572, 43.23648674839748]]]}, "properties": {"id": 147, "class": "building", "confidence": 100.0, "source": "Almaty_4", "source_model": "msft-buildings", "centroid_wkt": "POINT (76.83654540979936 43.23642933225677)", "bbox": [76.83648047214572, 43.23635768305092, 76.83661034745586, 43.23650098145003], "pixel_bbox": [10369, 7067, 10563, 7281], "area_m2": 112.464}}, {"type": "Feature", "geometry": {"type": "Polygon", "coordinates": [[[76.83067386889965, 43.23451758980872], [76.83057607947437, 43.23481813519278], [76.8307273298008, 43.23484425685656], [76.8308250942646, 43.23454369957925], [76.83067386889965, 43.23451758980872]]]}, "properties": {"id": 148, "class": "building", "confidence": 100.0, "source": "Almaty_4", "source_model": "msft-buildings", "centroid_wkt": "POINT (76.83070059194026 43.2346809249319)", "bbox": [76.83057607947437, 43.23451758980872, 76.8308250942646, 43.23484425685656], "pixel_bbox": [1564, 9538, 1935, 10025], "area_m2": 433.247}}, {"type": "Feature", "geometry": {"type": "Polygon", "coordinates": [[[76.8306871200882, 43.23397019401007], [76.83072851855277, 43.23386341846578], [76.83023797778932, 43.23376246462767], [76.83019658882424, 43.23386924230384], [76.8306871200882, 43.23397019401007]]]}, "properties": {"id": 149, "class": "building", "confidence": 100.0, "source": "Almaty_4", "source_model": "msft-buildings", "centroid_wkt": "POINT (76.83046255131816 43.23386632966546)", "bbox": [76.83019658882424, 43.23376246462767, 76.83072851855277, 43.23397019401007], "pixel_bbox": [998, 10842, 1791, 11151], "area_m2": 510.398}}, {"type": "Feature", "geometry": {"type": "Polygon", "coordinates": [[[76.83093645314456, 43.233492071224454], [76.83092337637865, 43.23352867414887], [76.83098237702298, 43.23353986590544], [76.8309954570819, 43.23350326361238], [76.83093645314456, 43.233492071224454]]]}, "properties": {"id": 150, "class": "building", "confidence": 100.0, "source": "Almaty_4", "source_model": "msft-buildings", "centroid_wkt": "POINT (76.83095941596704 43.23351596855226)", "bbox": [76.83092337637865, 43.233492071224454, 76.8309954570819, 43.23353986590544], "pixel_bbox": [2082, 11483, 2189, 11555], "area_m2": 20.811}}, {"type": "Feature", "geometry": {"type": "Polygon", "coordinates": [[[76.83329772038182, 43.234934858895656], [76.83345105252836, 43.23497348212707], [76.83349081285891, 43.234889699394046], [76.83333748071237, 43.23485107610955], [76.83329772038182, 43.234934858895656]]]}, "properties": {"id": 151, "class": "building", "confidence": 100.0, "source": "Almaty_4", "source_model": "msft-buildings", "centroid_wkt": "POINT (76.83339426661361 43.234912279128736)", "bbox": [76.83329772038182, 43.23485107610955, 76.83349081285891, 43.23497348212707], "pixel_bbox": [5622, 9345, 5910, 9528], "area_m2": 129.791}}, {"type": "Feature", "geometry": {"type": "Polygon", "coordinates": [[[76.83024948022604, 43.235483987670605], [76.83028551300161, 43.235377096390444], [76.82952728122473, 43.23524143030016], [76.82952728122473, 43.23535476894618], [76.83024948022604, 43.235483987670605]]]}, "properties": {"id": 152, "class": "building", "confidence": 100.0, "source": "Almaty_4", "source_model": "msft-buildings", "centroid_wkt": "POINT (76.8298974618776 43.23536387411535)", "bbox": [76.82952728122473, 43.23524143030016, 76.83028551300161, 43.235483987670605], "pixel_bbox": [0, 8584, 1130, 8946], "area_m2": 757.095}}, {"type": "Feature", "geometry": {"type": "Polygon", "coordinates": [[[76.83413857210283, 43.241161172910225], [76.83398808780038, 43.24114732409385], [76.83397195644937, 43.241240344941616], [76.83412484236217, 43.241240344941616], [76.83413857210283, 43.241161172910225]]]}, "properties": {"id": 153, "class": "building", "confidence": 100.0, "source": "Almaty_4", "source_model": "msft-buildings", "centroid_wkt": "POINT (76.83405383143631 43.24119720390438)", "bbox": [76.83397195644937, 43.24114732409385, 76.83413857210283, 43.241240344941616], "pixel_bbox": [6628, 0, 6876, 138], "area_m2": 118.775}}, {"type": "Feature", "geometry": {"type": "Polygon", "coordinates": [[[76.83671909084148, 43.23344573147231], [76.83681497812, 43.23308076998587], [76.83666749424253, 43.23306020895322], [76.83663203291553, 43.233195180428076], [76.83669542490183, 43.23320402124986], [76.83663502216866, 43.23343400706882], [76.83671909084148, 43.23344573147231]]]}, "properties": {"id": 154, "class": "building", "confidence": 100.0, "source": "Almaty_4", "source_model": "msft-buildings", "centroid_wkt": "POINT (76.83671550293529 43.23323006834155)", "bbox": [76.83663203291553, 43.23306020895322, 76.83681497812, 43.23344573147231], "pixel_bbox": [10595, 11624, 10868, 12199], "area_m2": 367.133}}, {"type": "Feature", "geometry": {"type": "Polygon", "coordinates": [[[76.82966972924939, 43.23313024990348], [76.82967274726363, 43.23297394589931], [76.82952728122473, 43.23297245495909], [76.82952728122473, 43.233128789899865], [76.82966972924939, 43.23313024990348]]]}, "properties": {"id": 155, "class": "building", "confidence": 100.0, "source": "Almaty_4", "source_model": "msft-buildings", "centroid_wkt": "POINT (76.82959926237665 43.23305108706634)", "bbox": [76.82952728122473, 43.23297245495909, 76.82967274726363, 43.23313024990348], "pixel_bbox": [0, 12094, 216, 12329], "area_m2": 203.105}}, {"type": "Feature", "geometry": {"type": "Polygon", "coordinates": [[[76.83033939701247, 43.23615512736299], [76.83039458311264, 43.23603140328448], [76.8302650316261, 43.236000739312416], [76.83025399655628, 43.236025484669625], [76.83024671817822, 43.23602376192636], [76.83020257789894, 43.23612274325744], [76.83033939701247, 43.23615512736299]]]}, "properties": {"id": 156, "class": "building", "confidence": 100.0, "source": "Almaty_4", "source_model": "msft-buildings", "centroid_wkt": "POINT (76.8302990373827 43.236077768855054)", "bbox": [76.83020257789894, 43.236000739312416, 76.83039458311264, 43.23615512736299], "pixel_bbox": [1007, 7583, 1293, 7813], "area_m2": 167.098}}, {"type": "Feature", "geometry": {"type": "Polygon", "coordinates": [[[76.83526947743773, 43.23384499516794], [76.83529236754082, 43.23378094146136], [76.83525468853243, 43.23377379420709], [76.83523179842933, 43.23383784792117], [76.83526947743773, 43.23384499516794]]]}, "properties": {"id": 157, "class": "building", "confidence": 100.0, "source": "Almaty_4", "source_model": "msft-buildings", "centroid_wkt": "POINT (76.83526208298487 43.23380939468897)", "bbox": [76.83523179842933, 43.23377379420709, 76.83529236754082, 43.23384499516794], "pixel_bbox": [8507, 11028, 8597, 11134], "area_m2": 23.257}}, {"type": "Feature", "geometry": {"type": "Polygon", "coordinates": [[[76.84123357585973, 43.24022233296946], [76.8411558054129, 43.24050816711179], [76.8411591492272, 43.24051090826151], [76.84098679803448, 43.24114413199127], [76.84094420926625, 43.241137982592264], [76.84091635789004, 43.241240344941616], [76.84131894260645, 43.241240344941616], [76.84131894260645, 43.24023465926004], [76.84123357585973, 43.24022233296946]]]}, "properties": {"id": 158, "class": "building", "confidence": 100.0, "source": "Almaty_4", "source_model": "msft-buildings", "centroid_wkt": "POINT (76.84118962127832 43.24084402792909)", "bbox": [76.84091635789004, 43.24022233296946, 76.84131894260645, 43.241240344941616], "pixel_bbox": [16984, 0, 17585, 1518], "area_m2": 2064.545}}, {"type": "Feature", "geometry": {"type": "Polygon", "coordinates": [[[76.829731119243, 43.240359496826706], [76.82974042441539, 43.24018112838084], [76.82967882257944, 43.24017942290851], [76.82967531943957, 43.24024657375527], [76.82963782276944, 43.24024553373374], [76.82963202090058, 43.240356748203446], [76.829731119243, 43.240359496826706]]]}, "properties": {"id": 159, "class": "building", "confidence": 100.0, "source": "Almaty_4", "source_model": "msft-buildings", "centroid_wkt": "POINT (76.82969085735319 43.24027831834227)", "bbox": [76.82963202090058, 43.24017942290851, 76.82974042441539, 43.240359496826706], "pixel_bbox": [156, 1313, 317, 1582], "area_m2": 136.977}}, {"type": "Feature", "geometry": {"type": "Polygon", "coordinates": [[[76.8370518182065, 43.236074076839344], [76.8370748906236, 43.23601010005658], [76.83708241765063, 43.23601154083986], [76.83716679677593, 43.23577756803932], [76.83690585983791, 43.23572762067433], [76.83679840829552, 43.23602557050034], [76.8370518182065, 43.236074076839344]]]}, "properties": {"id": 160, "class": "building", "confidence": 100.0, "source": "Almaty_4", "source_model": "msft-buildings", "centroid_wkt": "POINT (76.8369820757851 43.23590068891921)", "bbox": [76.83679840829552, 43.23572762067433, 76.83716679677593, 43.236074076839344], "pixel_bbox": [10843, 7704, 11392, 8221], "area_m2": 745.387}}, {"type": "Feature", "geometry": {"type": "Polygon", "coordinates": [[[76.82970265830394, 43.23281920445676], [76.82978769000938, 43.23282520975109], [76.82979541735787, 43.2327671296414], [76.82984590493298, 43.23277069528802], [76.82984850490561, 43.23275115340948], [76.82971171223994, 43.23275115340948], [76.82970265830394, 43.23281920445676]]]}, "properties": {"id": 161, "class": "building", "confidence": 100.0, "source": "Almaty_4", "source_model": "msft-buildings", "centroid_wkt": "POINT (76.82975983108558 43.23278325905245)", "bbox": [76.82970265830394, 43.23275115340948, 76.82984850490561, 43.23282520975109], "pixel_bbox": [261, 12549, 479, 12660], "area_m2": 63.206}}, {"type": "Feature", "geometry": {"type": "Polygon", "coordinates": [[[76.83861414099216, 43.23762082901144], [76.83864162102593, 43.237539797271495], [76.83782763454312, 43.237393288902254], [76.83780015450938, 43.23747432083704], [76.83861414099216, 43.23762082901144]]]}, "properties": {"id": 162, "class": "building", "confidence": 100.0, "source": "Almaty_4", "source_model": "msft-buildings", "centroid_wkt": "POINT (76.83822088761411 43.23750705897738)", "bbox": [76.83780015450938, 43.237393288902254, 76.83864162102593, 43.23762082901144], "pixel_bbox": [12337, 5397, 13592, 5737], "area_m2": 631.545}}, {"type": "Feature", "geometry": {"type": "Polygon", "coordinates": [[[76.83271319065476, 43.23390441455078], [76.83234910982024, 43.23382315571854], [76.83223832173549, 43.23408670035797], [76.83260238656094, 43.2341679367017], [76.83271319065476, 43.23390441455078]]]}, "properties": {"id": 163, "class": "building", "confidence": 100.0, "source": "Almaty_4", "source_model": "msft-buildings", "centroid_wkt": "POINT (76.83247575079233 43.23399554998371)", "bbox": [76.83223832173549, 43.23382315571854, 76.83271319065476, 43.2341679367017], "pixel_bbox": [4042, 10547, 4751, 11061], "area_m2": 947.1}}, {"type": "Feature", "geometry": {"type": "Polygon", "coordinates": [[[76.83581135568056, 43.23780477992262], [76.83565855072588, 43.23815643800517], [76.83579994932067, 43.238189046982875], [76.83595275427535, 43.23783738908852], [76.83581135568056, 43.23780477992262]]]}, "properties": {"id": 164, "class": "building", "confidence": 100.0, "source": "Almaty_4", "source_model": "msft-buildings", "centroid_wkt": "POINT (76.8358056525016 43.237996913483066)", "bbox": [76.83565855072588, 43.23780477992262, 76.83595275427535, 43.238189046982875], "pixel_bbox": [9143, 4550, 9582, 5123], "area_m2": 493.671}}, {"type": "Feature", "geometry": {"type": "Polygon", "coordinates": [[[76.84122035347403, 43.23280047398317], [76.84122475185761, 43.23278673246142], [76.84122297441138, 43.23277984119601], [76.8412321595436, 43.23275115340948], [76.84093015942206, 43.23275115340948], [76.84122035347403, 43.23280047398317]]]}, "properties": {"id": 165, "class": "building", "confidence": 100.0, "source": "Almaty_4", "source_model": "msft-buildings", "centroid_wkt": "POINT (76.84112715630587 43.23276759894613)", "bbox": [76.84093015942206, 43.23275115340948, 76.8412321595436, 43.23280047398317], "pixel_bbox": [17005, 12586, 17455, 12660], "area_m2": 66.942}}, {"type": "Feature", "geometry": {"type": "Polygon", "coordinates": [[[76.83934485234727, 43.237507345518935], [76.8393542580879, 43.23750864230975], [76.83937502795129, 43.23742868828017], [76.83939315444579, 43.2374311865001], [76.83940668825207, 43.2373790877714], [76.83932476451731, 43.237367792735135], [76.8393134972597, 43.237411182385124], [76.83923745953783, 43.23740069887421], [76.8392229434435, 43.23745657892387], [76.83926178593177, 43.23746193224967], [76.83924934846395, 43.237509810532266], [76.83934093330114, 43.23752243754004], [76.83934485234727, 43.237507345518935]]]}, "properties": {"id": 166, "class": "building", "confidence": 100.0, "source": "Almaty_4", "source_model": "msft-buildings", "centroid_wkt": "POINT (76.8393154459324 43.237444286722834)", "bbox": [76.8392229434435, 43.237367792735135, 76.83940668825207, 43.23752243754004], "pixel_bbox": [14459, 5544, 14733, 5775], "area_m2": 151.604}}, {"type": "Feature", "geometry": {"type": "Polygon", "coordinates": [[[76.83681850777977, 43.233600911217195], [76.83686493387593, 43.233607669966545], [76.83690997517246, 43.23344344231723], [76.83692545032974, 43.23344569599839], [76.83706079090032, 43.23295222035313], [76.83721296532663, 43.23297437426455], [76.83727418544596, 43.23275115340948], [76.83705156181752, 43.23275115340948], [76.83681850777977, 43.233600911217195]]]}, "properties": {"id": 167, "class": "building", "confidence": 100.0, "source": "Almaty_4", "source_model": "msft-buildings", "centroid_wkt": "POINT (76.83704726179242 43.23304216053289)", "bbox": [76.83681850777977, 43.23275115340948, 76.83727418544596, 43.233607669966545], "pixel_bbox": [10873, 11382, 11553, 12660], "area_m2": 775.403}}, {"type": "Feature", "geometry": {"type": "Polygon", "coordinates": [[[76.83831094584534, 43.24022356789965], [76.83838092919545, 43.24023555695175], [76.83839489318329, 43.24019231206287], [76.8383249069877, 43.240180318946464], [76.83831094584534, 43.24022356789965]]]}, "properties": {"id": 168, "class": "building", "confidence": 100.0, "source": "Almaty_4", "source_model": "msft-buildings", "centroid_wkt": "POINT (76.83835291841139 43.240207938683994)", "bbox": [76.83831094584534, 43.240180318946464, 76.83839489318329, 43.24023555695175], "pixel_bbox": [13099, 1498, 13224, 1580], "area_m2": 28.822}}, {"type": "Feature", "geometry": {"type": "Polygon", "coordinates": [[[76.83972081237802, 43.23664565602406], [76.83974252187686, 43.236589692770785], [76.83974220595981, 43.23655745294266], [76.8396954949447, 43.236547837813916], [76.83969530851942, 43.236528997525475], [76.83974470106912, 43.23640164039926], [76.83965094193167, 43.23638234069975], [76.83974970496102, 43.23638182200734], [76.83976958801946, 43.23633055407856], [76.83973425367606, 43.23632328072946], [76.83978592510579, 43.236323009356624], [76.8399013164878, 43.23602547490866], [76.83982682228087, 43.23601014067377], [76.839880608482, 43.236009858192915], [76.83988053497796, 43.23600242974754], [76.839926434979, 43.23601188035986], [76.83994328214318, 43.235968450899314], [76.83991500987658, 43.23596262975755], [76.83991476853843, 43.2359382396906], [76.8399435389707, 43.23586407372622], [76.8399434042006, 43.23585045359881], [76.83978596154836, 43.23581804477154], [76.83972490346576, 43.23597548257415], [76.83982682228087, 43.23599646202922], [76.83974073165764, 43.23599691417043], [76.83950626449156, 43.23660148198619], [76.83972081237802, 43.23664565602406]]]}, "properties": {"id": 169, "class": "building", "confidence": 100.0, "source": "Almaty_4", "source_model": "msft-buildings", "centroid_wkt": "POINT (76.83973367140972 43.23623381023853)", "bbox": [76.83950626449156, 43.23581804477154, 76.8399435389707, 43.23664565602406], "pixel_bbox": [14881, 6852, 15533, 8086], "area_m2": 1227.624}}, {"type": "Feature", "geometry": {"type": "Polygon", "coordinates": [[[76.82981810916665, 43.234778444338154], [76.82992941983062, 43.234479116406], [76.82977813073677, 43.23444925414228], [76.82966679595825, 43.234748569745726], [76.82981810916665, 43.234778444338154]]]}, "properties": {"id": 170, "class": "building", "confidence": 100.0, "source": "Almaty_4", "source_model": "msft-buildings", "centroid_wkt": "POINT (76.82979811258072 43.23461385062449)", "bbox": [76.82966679595825, 43.23444925414228, 76.82992941983062, 43.234778444338154], "pixel_bbox": [208, 9636, 599, 10127], "area_m2": 438.703}}, {"type": "Feature", "geometry": {"type": "Polygon", "coordinates": [[[76.83163495518589, 43.23590256143812], [76.83148271646886, 43.235874453083575], [76.83137926946037, 43.236171916164395], [76.83153148132548, 43.236200019424], [76.83163495518589, 43.23590256143812]]]}, "properties": {"id": 171, "class": "building", "confidence": 100.0, "source": "Almaty_4", "source_model": "msft-buildings", "centroid_wkt": "POINT (76.83150710712802 43.23603723314663)", "bbox": [76.83137926946037, 43.235874453083575, 76.83163495518589, 43.236200019424], "pixel_bbox": [2761, 7516, 3143, 8002], "area_m2": 434.867}}, {"type": "Feature", "geometry": {"type": "Polygon", "coordinates": [[[76.83765806712093, 43.23853714383587], [76.83779236440103, 43.23856310258817], [76.83783450745968, 43.238447421133934], [76.8379522761456, 43.23847019106007], [76.83799791811177, 43.23834490500686], [76.83789768770363, 43.23832553108128], [76.83794290923939, 43.23820139880547], [76.83781108529911, 43.238175917981806], [76.83776986405697, 43.238289099430744], [76.83743659216823, 43.23822467992774], [76.83748272009963, 43.23809802600026], [76.83735896563755, 43.23807409861095], [76.83731747934942, 43.23818797794877], [76.83719818322297, 43.238164918676205], [76.83715323122264, 43.238288343705605], [76.83725246846795, 43.23830753073048], [76.83720699019628, 43.238432367523345], [76.83733077896088, 43.23845629509249], [76.83737200020298, 43.238343113954116], [76.83770527209174, 43.23840753333192], [76.83765806712093, 43.23853714383587]]]}, "properties": {"id": 172, "class": "building", "confidence": 100.0, "source": "Almaty_4", "source_model": "msft-buildings", "centroid_wkt": "POINT (76.83757840407834 43.238318477610726)", "bbox": [76.83715323122264, 43.23807409861095, 76.83799791811177, 43.23856310258817], "pixel_bbox": [11372, 3992, 12632, 4721], "area_m2": 1562.786}}, {"type": "Feature", "geometry": {"type": "Polygon", "coordinates": [[[76.83044408035626, 43.23848430064614], [76.83032529893812, 43.23878272803172], [76.83057869779753, 43.238836243054465], [76.8306375144757, 43.23868843619759], [76.83057813187291, 43.23867589522567], [76.83056880727757, 43.23869932804878], [76.8305316931508, 43.238691489943044], [76.83060095310222, 43.238517438592886], [76.83044408035626, 43.23848430064614]]]}, "properties": {"id": 173, "class": "building", "confidence": 100.0, "source": "Almaty_4", "source_model": "msft-buildings", "centroid_wkt": "POINT (76.83048471753139 43.23867377746978)", "bbox": [76.83032529893812, 43.23848430064614, 76.8306375144757, 43.238836243054465], "pixel_bbox": [1190, 3585, 1655, 4110], "area_m2": 589.019}}, {"type": "Feature", "geometry": {"type": "Polygon", "coordinates": [[[76.83830389533652, 43.23790883097146], [76.83824783175243, 43.238029877840965], [76.83835619414653, 43.23805651464706], [76.83836431930362, 43.23803897164506], [76.83850786817938, 43.238074257712285], [76.8385558155335, 43.23797075615202], [76.83830389533652, 43.23790883097146]]]}, "properties": {"id": 174, "class": "building", "confidence": 100.0, "source": "Almaty_4", "source_model": "msft-buildings", "centroid_wkt": "POINT (76.83839910181504 43.23799445844108)", "bbox": [76.83824783175243, 43.23790883097146, 76.8385558155335, 43.238074257712285], "pixel_bbox": [13005, 4721, 13464, 4968], "area_m2": 281.188}}, {"type": "Feature", "geometry": {"type": "Polygon", "coordinates": [[[76.83305408390454, 43.23558758586105], [76.83304043926304, 43.235630212765486], [76.83314369063478, 43.23564774971389], [76.83315733139234, 43.235605122162035], [76.83305408390454, 43.23558758586105]]]}, "properties": {"id": 175, "class": "building", "confidence": 100.0, "source": "Almaty_4", "source_model": "msft-buildings", "centroid_wkt": "POINT (76.8330988862536 43.23561766775871)", "bbox": [76.83304043926304, 43.23558758586105, 76.83315733139234, 43.23564774971389], "pixel_bbox": [5239, 8340, 5413, 8430], "area_m2": 41.877}}, {"type": "Feature", "geometry": {"type": "Polygon", "coordinates": [[[76.83127636372404, 43.23390199715894], [76.8313123716769, 43.233808824700695], [76.8312900045912, 43.233804237496344], [76.83130017997745, 43.233777908125234], [76.83134916187372, 43.233651164618074], [76.83127212109623, 43.23363536056523], [76.83128611592373, 43.233599148076806], [76.83112457880969, 43.23356601051365], [76.83101541915521, 43.233848467506284], [76.83127636372404, 43.23390199715894]]]}, "properties": {"id": 176, "class": "building", "confidence": 100.0, "source": "Almaty_4", "source_model": "msft-buildings", "centroid_wkt": "POINT (76.83118685244509 43.23373996194683)", "bbox": [76.83101541915521, 43.23356601051365, 76.83134916187372, 43.23390199715894], "pixel_bbox": [2219, 10943, 2716, 11444], "area_m2": 649.485}}, {"type": "Feature", "geometry": {"type": "Polygon", "coordinates": [[[76.83060427799805, 43.23550879226231], [76.83065538800273, 43.235387324896024], [76.83064803244524, 43.23538568250751], [76.83072620068768, 43.23519990841518], [76.83055596944936, 43.235161898138635], [76.83042671818347, 43.235469145816666], [76.83060427799805, 43.23550879226231]]]}, "properties": {"id": 177, "class": "building", "confidence": 100.0, "source": "Almaty_4", "source_model": "msft-buildings", "centroid_wkt": "POINT (76.83057728923914 43.23533641479311)", "bbox": [76.83042671818347, 43.235161898138635, 76.83072620068768, 43.23550879226231], "pixel_bbox": [1341, 8547, 1787, 9064], "area_m2": 525.116}}, {"type": "Feature", "geometry": {"type": "Polygon", "coordinates": [[[76.83258457101634, 43.234568830275485], [76.83288803973937, 43.23463224306427], [76.83290012643033, 43.234601548376006], [76.83296951853345, 43.23461604853978], [76.83300577860626, 43.23452396440414], [76.83290416874094, 43.23450273198822], [76.83292265426826, 43.23445578706486], [76.8328149583762, 43.23443328288628], [76.8328273988355, 43.23440168197475], [76.8332164902709, 43.2344830065266], [76.83321222542067, 43.23449383996882], [76.83336452232132, 43.23452567172446], [76.83331938385815, 43.234640302919495], [76.83360934371764, 43.23470089282807], [76.83365163292697, 43.234593497556745], [76.8337383714467, 43.23461162684991], [76.83370319366473, 43.23470096233129], [76.83457198366887, 43.23488250401908], [76.83472442078784, 43.23449528917916], [76.83463632794805, 43.23447687678318], [76.83464841441476, 43.23444618258612], [76.83299542605329, 43.234100688190466], [76.83300929223365, 43.23406547410136], [76.83279994994635, 43.234021729561775], [76.83258457101634, 43.234568830275485]]]}, "properties": {"id": 178, "class": "building", "confidence": 100.0, "source": "Almaty_4", "source_model": "msft-buildings", "centroid_wkt": "POINT (76.83366206191081 43.234466443627184)", "bbox": [76.83258457101634, 43.234021729561775, 76.83472442078784, 43.23488250401908], "pixel_bbox": [4559, 9481, 7750, 10765], "area_m2": 7860.611}}, {"type": "Feature", "geometry": {"type": "Polygon", "coordinates": [[[76.83792778716911, 43.236942779322035], [76.83802919853133, 43.23695589256439], [76.83806012103285, 43.23682896881837], [76.83795870967063, 43.23681585554869], [76.83792778716911, 43.236942779322035]]]}, "properties": {"id": 179, "class": "building", "confidence": 100.0, "source": "Almaty_4", "source_model": "msft-buildings", "centroid_wkt": "POINT (76.83799395409939 43.23688587406247)", "bbox": [76.83792778716911, 43.23681585554869, 76.83806012103285, 43.23695589256439], "pixel_bbox": [12527, 6389, 12725, 6598], "area_m2": 119.813}}, {"type": "Feature", "geometry": {"type": "Polygon", "coordinates": [[[76.83876753897889, 43.23382546321161], [76.8387495299837, 43.233891241679764], [76.83889914528521, 43.233912984546855], [76.83891715428038, 43.23384720610216], [76.83876753897889, 43.23382546321161]]]}, "properties": {"id": 180, "class": "building", "confidence": 100.0, "source": "Almaty_4", "source_model": "msft-buildings", "centroid_wkt": "POINT (76.83883334212783 43.23386922388424)", "bbox": [76.8387495299837, 43.23382546321161, 76.83891715428038, 43.233912984546855], "pixel_bbox": [13753, 10927, 14003, 11057], "area_m2": 92.348}}, {"type": "Feature", "geometry": {"type": "Polygon", "coordinates": [[[76.83351181499701, 43.233549325872076], [76.8333895176437, 43.23384601308102], [76.8336368403142, 43.23390012819629], [76.83373213595932, 43.23366889220999], [76.8336373726345, 43.23364815757095], [76.83366435690803, 43.233582694996365], [76.83351181499701, 43.233549325872076]]]}, "properties": {"id": 181, "class": "building", "confidence": 100.0, "source": "Almaty_4", "source_model": "msft-buildings", "centroid_wkt": "POINT (76.83356287734016 43.23373386227694)", "bbox": [76.8333895176437, 43.233549325872076, 76.83373213595932, 43.23390012819629], "pixel_bbox": [5759, 10946, 6270, 11469], "area_m2": 660.869}}, {"type": "Feature", "geometry": {"type": "Polygon", "coordinates": [[[76.83367578552074, 43.235746972193134], [76.83359180701262, 43.23595246452098], [76.8338184815048, 43.236001620820964], [76.83390245567414, 43.235796139275806], [76.83367578552074, 43.235746972193134]]]}, "properties": {"id": 182, "class": "building", "confidence": 100.0, "source": "Almaty_4", "source_model": "msft-buildings", "centroid_wkt": "POINT (76.83374713144005 43.23587429898331)", "bbox": [76.83359180701262, 43.235746972193134, 76.83390245567414, 43.236001620820964], "pixel_bbox": [6061, 7812, 6524, 8192], "area_m2": 457.589}}, {"type": "Feature", "geometry": {"type": "Polygon", "coordinates": [[[76.83489992093565, 43.233092798145265], [76.83490728744741, 43.233066536391895], [76.83482232316751, 43.233053885499224], [76.83481495665576, 43.23308014725803], [76.83489992093565, 43.233092798145265]]]}, "properties": {"id": 183, "class": "building", "confidence": 100.0, "source": "Almaty_4", "source_model": "msft-buildings", "centroid_wkt": "POINT (76.83486112205017 43.233073341823356)", "bbox": [76.83481495665576, 43.233053885499224, 76.83490728744741, 43.233092798145265], "pixel_bbox": [7885, 12150, 8023, 12208], "area_m2": 20.978}}, {"type": "Feature", "geometry": {"type": "Polygon", "coordinates": [[[76.83756831372786, 43.23968318082809], [76.83759296879944, 43.239639816853526], [76.83754031166319, 43.239623928192515], [76.83751565659165, 43.23966729217838], [76.83756831372786, 43.23968318082809]]]}, "properties": {"id": 184, "class": "building", "confidence": 100.0, "source": "Almaty_4", "source_model": "msft-buildings", "centroid_wkt": "POINT (76.83755431269478 43.23965355451245)", "bbox": [76.83751565659165, 43.239623928192515, 76.83759296879944, 43.23968318082809], "pixel_bbox": [11913, 2322, 12028, 2410], "area_m2": 24.14}}, {"type": "Feature", "geometry": {"type": "Polygon", "coordinates": [[[76.83748382021615, 43.23585671788221], [76.83744453935171, 43.23598389954489], [76.83782237592914, 43.236045838782864], [76.83786165113007, 43.235918675586476], [76.83748382021615, 43.23585671788221]]]}, "properties": {"id": 185, "class": "building", "confidence": 100.0, "source": "Almaty_4", "source_model": "msft-buildings", "centroid_wkt": "POINT (76.83765309208663 43.23595128219869)", "bbox": [76.83744453935171, 43.23585671788221, 76.83786165113007, 43.236045838782864], "pixel_bbox": [11807, 7746, 12429, 8028], "area_m2": 455.573}}, {"type": "Feature", "geometry": {"type": "Polygon", "coordinates": [[[76.83480708715743, 43.234619377990455], [76.83475835413864, 43.23460995265059], [76.8347251041634, 43.234701228619244], [76.8347551722423, 43.23470704400795], [76.83467507085086, 43.234926933276064], [76.83461853799267, 43.23491600232509], [76.83451440985618, 43.235201771796646], [76.83482905172319, 43.23526262533189], [76.83493648472844, 43.23496770849101], [76.8349891047796, 43.23497788286983], [76.83501999075841, 43.234893096801216], [76.8350010463642, 43.23488943282661], [76.83514642378938, 43.234490456306915], [76.83487330540603, 43.2344376469114], [76.83480708715743, 43.234619377990455]]]}, "properties": {"id": 186, "class": "building", "confidence": 100.0, "source": "Almaty_4", "source_model": "msft-buildings", "centroid_wkt": "POINT (76.83483889747116 43.23485794520193)", "bbox": [76.83451440985618, 43.2344376469114, 76.83514642378938, 43.23526262533189], "pixel_bbox": [7437, 8914, 8379, 10144], "area_m2": 2264.159}}, {"type": "Feature", "geometry": {"type": "Polygon", "coordinates": [[[76.83308623736608, 43.239088739250285], [76.83295421176811, 43.23912943164768], [76.83223039048735, 43.23899103620408], [76.83219517756018, 43.239001889410545], [76.83174715390096, 43.23891622664036], [76.83170731891178, 43.239026766862196], [76.83217906127547, 43.2391169885686], [76.83218662491842, 43.23909599986155], [76.83295029922066, 43.239242014987056], [76.83317989243254, 43.23917125080644], [76.83322093556072, 43.23905732795131], [76.8332661039354, 43.23906596419519], [76.83339518955263, 43.2387076616575], [76.8332345908871, 43.23867695482647], [76.83308623736608, 43.239088739250285]]]}, "properties": {"id": 187, "class": "building", "confidence": 100.0, "source": "Almaty_4", "source_model": "msft-buildings", "centroid_wkt": "POINT (76.83267454989674 43.239029852300675)", "bbox": [76.83170731891178, 43.23867695482647, 76.83339518955263, 43.239242014987056], "pixel_bbox": [3251, 2980, 5768, 3822], "area_m2": 2097.879}}, {"type": "Feature", "geometry": {"type": "Polygon", "coordinates": [[[76.83623231299342, 43.23839018409093], [76.83627264635543, 43.23828294827128], [76.83578863693164, 43.238186331917106], [76.83574830356967, 43.2382935679068], [76.83623231299342, 43.23839018409093]]]}, "properties": {"id": 188, "class": "building", "confidence": 100.0, "source": "Almaty_4", "source_model": "msft-buildings", "centroid_wkt": "POINT (76.83601047490346 43.23828825803355)", "bbox": [76.83574830356967, 43.238186331917106, 76.83627264635543, 43.23839018409093], "pixel_bbox": [9277, 4250, 10059, 4554], "area_m2": 503.534}}, {"type": "Feature", "geometry": {"type": "Polygon", "coordinates": [[[76.83843952423456, 43.23910718711019], [76.83846220621096, 43.239051517965855], [76.83839176167793, 43.239036285337015], [76.83836908461677, 43.23909195555813], [76.83843952423456, 43.23910718711019]]]}, "properties": {"id": 189, "class": "building", "confidence": 100.0, "source": "Almaty_4", "source_model": "msft-buildings", "centroid_wkt": "POINT (76.83841564431572 43.23907173616846)", "bbox": [76.83836908461677, 43.239036285337015, 76.83846220621096, 43.23910718711019], "pixel_bbox": [13185, 3181, 13324, 3286], "area_m2": 38.504}}, {"type": "Feature", "geometry": {"type": "Polygon", "coordinates": [[[76.8302738557116, 43.232853216329794], [76.83069174373739, 43.23294345993438], [76.8307359986659, 43.23283467862787], [76.8303493132427, 43.23275115340948], [76.83031538717725, 43.23275115340948], [76.8302738557116, 43.232853216329794]]]}, "properties": {"id": 190, "class": "building", "confidence": 100.0, "source": "Almaty_4", "source_model": "msft-buildings", "centroid_wkt": "POINT (76.8305053358027 43.23284416197924)", "bbox": [76.8302738557116, 43.23275115340948, 76.8307359986659, 43.23294345993438], "pixel_bbox": [1113, 12373, 1802, 12660], "area_m2": 445.295}}, {"type": "Feature", "geometry": {"type": "Polygon", "coordinates": [[[76.83407588339101, 43.235634919709554], [76.83405893105056, 43.235685715315284], [76.8345958197915, 43.235780818924674], [76.83474544786411, 43.235332476022656], [76.83452765337488, 43.23529389599062], [76.83439498276977, 43.2356914282553], [76.83407588339101, 43.235634919709554]]]}, "properties": {"id": 191, "class": "building", "confidence": 100.0, "source": "Almaty_4", "source_model": "msft-buildings", "centroid_wkt": "POINT (76.83451407169966 43.23555888810334)", "bbox": [76.83405893105056, 43.23529389599062, 76.83474544786411, 43.235780818924674], "pixel_bbox": [6758, 8141, 7781, 8867], "area_m2": 1088.229}}, {"type": "Feature", "geometry": {"type": "Polygon", "coordinates": [[[76.83690409191219, 43.23947415490294], [76.83686141108323, 43.239578195709356], [76.83735005225404, 43.23968455399211], [76.83739272390665, 43.23958051136998], [76.83690409191219, 43.23947415490294]]]}, "properties": {"id": 192, "class": "building", "confidence": 100.0, "source": "Almaty_4", "source_model": "msft-buildings", "centroid_wkt": "POINT (76.83712706965748 43.23957935414101)", "bbox": [76.83686141108323, 43.23947415490294, 76.83739272390665, 43.23968455399211], "pixel_bbox": [10937, 2320, 11729, 2633], "area_m2": 499.711}}, {"type": "Feature", "geometry": {"type": "Polygon", "coordinates": [[[76.83607820379369, 43.23454084629245], [76.8361042643042, 43.234465511718575], [76.83605130202372, 43.234455786894415], [76.83603668271296, 43.234498047771154], [76.83565838070948, 43.23442858474453], [76.8356164296438, 43.23454985506197], [76.83593168131334, 43.2346077408078], [76.83588809139594, 43.23473374827124], [76.83579842412418, 43.23471727925204], [76.8356795337079, 43.235060864831475], [76.8359922529893, 43.235118301050704], [76.83610770008026, 43.23478466679942], [76.83597907953238, 43.23476104988202], [76.83601531945835, 43.23465631854026], [76.83706334778631, 43.2348487544076], [76.83710466322978, 43.23472932210679], [76.83607820379369, 43.23454084629245]]]}, "properties": {"id": 193, "class": "building", "confidence": 100.0, "source": "Almaty_4", "source_model": "msft-buildings", "centroid_wkt": "POINT (76.83617119388059 43.234743775811445)", "bbox": [76.8356164296438, 43.23442858474453, 76.83710466322978, 43.235118301050704], "pixel_bbox": [9080, 9129, 11300, 10158], "area_m2": 2839.689}}, {"type": "Feature", "geometry": {"type": "Polygon", "coordinates": [[[76.83918967830418, 43.23779716820791], [76.83920550125309, 43.237747061143196], [76.83923861731994, 43.23775261132197], [76.83925092405796, 43.23771363913559], [76.83911845979048, 43.23769143840328], [76.83913274517852, 43.23764620030752], [76.83909038757929, 43.237639103415844], [76.83911008718364, 43.23757670086305], [76.83930878662338, 43.23761000253044], [76.83932600972345, 43.23755544479232], [76.83931657932786, 43.23752458598495], [76.83924214233666, 43.237512114259665], [76.83925598496262, 43.23746827814734], [76.83921267933673, 43.23746102018729], [76.83923201849649, 43.23739977787586], [76.8391675586382, 43.2373889744847], [76.83912608309447, 43.23739570156825], [76.83903269227703, 43.237380049383084], [76.83899285340168, 43.23750624756456], [76.8390403172546, 43.237514202431484], [76.83902507105323, 43.23756248327572], [76.83902964108253, 43.23757743764149], [76.83900758154094, 43.23758101555539], [76.83891870537583, 43.237566120065736], [76.83889673344484, 43.237569683770424], [76.83887856098407, 43.23762723127752], [76.83888564840504, 43.237650423200066], [76.83887354901499, 43.23768875047052], [76.83891590208428, 43.23769584659744], [76.8388992758716, 43.23774849742785], [76.83918967830418, 43.23779716820791]]]}, "properties": {"id": 194, "class": "building", "confidence": 100.0, "source": "Almaty_4", "source_model": "msft-buildings", "centroid_wkt": "POINT (76.83909039196719 43.23759376734855)", "bbox": [76.83887354901499, 43.237380049383084, 76.83932600972345, 43.23779716820791], "pixel_bbox": [13938, 5134, 14612, 5756], "area_m2": 908.454}}, {"type": "Feature", "geometry": {"type": "Polygon", "coordinates": [[[76.83028101910512, 43.23626716464795], [76.83028530351483, 43.23620479013854], [76.83015955459172, 43.236200205660865], [76.830155270182, 43.23626258017497], [76.83028101910512, 43.23626716464795]]]}, "properties": {"id": 195, "class": "building", "confidence": 100.0, "source": "Almaty_4", "source_model": "msft-buildings", "centroid_wkt": "POINT (76.83022028684765 43.23623368515555)", "bbox": [76.830155270182, 43.236200205660865, 76.83028530351483, 43.23626716464795], "pixel_bbox": [936, 7416, 1130, 7516], "area_m2": 70.959}}, {"type": "Feature", "geometry": {"type": "Polygon", "coordinates": [[[76.83618905333852, 43.23940579147905], [76.83622396260424, 43.2393005603797], [76.83572979379208, 43.23921355828975], [76.83569488452636, 43.23931878953938], [76.83618905333852, 43.23940579147905]]]}, "properties": {"id": 196, "class": "building", "confidence": 100.0, "source": "Almaty_4", "source_model": "msft-buildings", "centroid_wkt": "POINT (76.83595942351 43.239309674911354)", "bbox": [76.83569488452636, 43.23921355828975, 76.83622396260424, 43.23940579147905], "pixel_bbox": [9197, 2735, 9986, 3022], "area_m2": 496.66}}, {"type": "Feature", "geometry": {"type": "Polygon", "coordinates": [[[76.83953625377373, 43.23679169612988], [76.8396025860712, 43.23662815551657], [76.83945704389264, 43.23659682383363], [76.83939071159519, 43.23676036453101], [76.83953625377373, 43.23679169612988]]]}, "properties": {"id": 197, "class": "building", "confidence": 100.0, "source": "Almaty_4", "source_model": "msft-buildings", "centroid_wkt": "POINT (76.83949664882864 43.23669425999859)", "bbox": [76.83939071159519, 43.23659682383363, 76.8396025860712, 43.23679169612988], "pixel_bbox": [14709, 6634, 15025, 6924], "area_m2": 233.548}}, {"type": "Feature", "geometry": {"type": "Polygon", "coordinates": [[[76.83393070702353, 43.234103647371775], [76.83403963384956, 43.23412091013448], [76.83405077561324, 43.23408359282473], [76.83394185221002, 43.234066330593905], [76.83393070702353, 43.234103647371775]]]}, "properties": {"id": 198, "class": "building", "confidence": 100.0, "source": "Almaty_4", "source_model": "msft-buildings", "centroid_wkt": "POINT (76.83399074214246 43.23409362032846)", "bbox": [76.83393070702353, 43.234066330593905, 76.83405077561324, 43.23412091013448], "pixel_bbox": [6566, 10617, 6745, 10698], "area_m2": 38.419}}, {"type": "Feature", "geometry": {"type": "Polygon", "coordinates": [[[76.83679038389722, 43.23635402415691], [76.83687840972948, 43.23614206752596], [76.83681206364034, 43.23612744304063], [76.83682961177313, 43.23608518894702], [76.83678686216935, 43.23607576794123], [76.83680351110714, 43.23603566970756], [76.83665213966836, 43.236002303255674], [76.83652990901255, 43.2362966218579], [76.83679038389722, 43.23635402415691]]]}, "properties": {"id": 199, "class": "building", "confidence": 100.0, "source": "Almaty_4", "source_model": "msft-buildings", "centroid_wkt": "POINT (76.83670781515016 43.23618772249499)", "bbox": [76.83652990901255, 43.236002303255674, 76.83687840972948, 43.23635402415691], "pixel_bbox": [10443, 7287, 10962, 7811], "area_m2": 684.418}}, {"type": "Feature", "geometry": {"type": "Polygon", "coordinates": [[[76.83894985004744, 43.23620034993774], [76.83906973886596, 43.23622263812898], [76.83911045364098, 43.23610636557676], [76.83921973615058, 43.236126676438516], [76.8392625470644, 43.23600445110306], [76.83917189075333, 43.23598759738502], [76.83921558755776, 43.23586284254098], [76.83909620999104, 43.23584064926409], [76.83905894878488, 43.235947059646584], [76.83871748050608, 43.23588357793591], [76.83876246251063, 43.23575515360866], [76.83862796559231, 43.23573014947452], [76.83858749221322, 43.23584573336674], [76.83847416992423, 43.23582466581033], [76.83842984193758, 43.235951257484494], [76.83852402721944, 43.235968767276184], [76.83847968781497, 43.236095356528324], [76.83861567228153, 43.23612063705892], [76.83865574731922, 43.23600622265717], [76.83899571418621, 43.236069407781486], [76.83894985004744, 43.23620034993774]]]}, "properties": {"id": 200, "class": "building", "confidence": 100.0, "source": "Almaty_4", "source_model": "msft-buildings", "centroid_wkt": "POINT (76.8388416330367 43.23597535473533)", "bbox": [76.83842984193758, 43.23573014947452, 76.8392625470644, 43.23622263812898], "pixel_bbox": [13276, 7482, 14518, 8217], "area_m2": 1558.286}}, {"type": "Feature", "geometry": {"type": "Polygon", "coordinates": [[[76.8316423473086, 43.235741289203524], [76.83157968680067, 43.23572718628094], [76.83158457787849, 43.23571565179876], [76.83151011572504, 43.235698896483896], [76.8314496130757, 43.23584161028499], [76.83158673596208, 43.23587246530844], [76.8316423473086, 43.235741289203524]]]}, "properties": {"id": 201, "class": "building", "confidence": 100.0, "source": "Almaty_4", "source_model": "msft-buildings", "centroid_wkt": "POINT (76.83154593125222 43.23578787527931)", "bbox": [76.8314496130757, 43.235698896483896, 76.8316423473086, 43.23587246530844], "pixel_bbox": [2866, 8005, 3154, 8264], "area_m2": 186.3}}, {"type": "Feature", "geometry": {"type": "Polygon", "coordinates": [[[76.83652561931204, 43.23443970946275], [76.83656861130817, 43.23431676140978], [76.83576513412518, 43.23416763023212], [76.8357539528966, 43.23419960629266], [76.83571868998469, 43.23419306303429], [76.83567019634634, 43.23433174488862], [76.83572308982862, 43.23434156228637], [76.83573977328979, 43.23429385105424], [76.83652561931204, 43.23443970946275]]]}, "properties": {"id": 202, "class": "building", "confidence": 100.0, "source": "Almaty_4", "source_model": "msft-buildings", "centroid_wkt": "POINT (76.83612170021685 43.2343019920025)", "bbox": [76.83567019634634, 43.23416763023212, 76.83656861130817, 43.23443970946275], "pixel_bbox": [9160, 10141, 10500, 10547], "area_m2": 1004.434}}, {"type": "Feature", "geometry": {"type": "Polygon", "coordinates": [[[76.83630640404307, 43.240178035863316], [76.83635854712708, 43.24018705638699], [76.83637904734404, 43.2401241682325], [76.83643236688691, 43.2401333922865], [76.83643598457226, 43.24012229437182], [76.83681429942386, 43.24018774120305], [76.83682032889942, 43.24016924469396], [76.83736368043127, 43.2402632420618], [76.83734559200455, 43.24031873148661], [76.83718563337601, 43.24029105940456], [76.83717055968702, 43.24033730057428], [76.83742565722876, 43.240381431196425], [76.83747448235515, 43.240231607430474], [76.83735650583512, 43.24021119802557], [76.83737338836676, 43.240159407805926], [76.83636909309426, 43.2399856688372], [76.83630640404307, 43.240178035863316]]]}, "properties": {"id": 203, "class": "building", "confidence": 100.0, "source": "Almaty_4", "source_model": "msft-buildings", "centroid_wkt": "POINT (76.83690336902755 43.24015449275502)", "bbox": [76.83630640404307, 43.2399856688372, 76.83747448235515, 43.240381431196425], "pixel_bbox": [10109, 1280, 11851, 1871], "area_m2": 1300.765}}, {"type": "Feature", "geometry": {"type": "Polygon", "coordinates": [[[76.83847813508004, 43.238995171011666], [76.83869863486227, 43.23903622907197], [76.83877287671574, 43.238824626461145], [76.83873762798999, 43.238818064764715], [76.83872089598209, 43.23886575406039], [76.83868417713666, 43.23885891869969], [76.83873243013797, 43.238721350997366], [76.83875005479669, 43.23872463190594], [76.83885854737338, 43.23841532205971], [76.83869237480923, 43.23838437966129], [76.83847813508004, 43.238995171011666]]]}, "properties": {"id": 204, "class": "building", "confidence": 100.0, "source": "Almaty_4", "source_model": "msft-buildings", "centroid_wkt": "POINT (76.8386710563244 43.23872529264477)", "bbox": [76.83847813508004, 43.23838437966129, 76.83885854737338, 43.23903622907197], "pixel_bbox": [13348, 3287, 13915, 4259], "area_m2": 1054.179}}, {"type": "Feature", "geometry": {"type": "Polygon", "coordinates": [[[76.83193859908786, 43.238097094128136], [76.83201802538065, 43.23811776009976], [76.83209787266664, 43.23795485710707], [76.83201846025355, 43.237934194691576], [76.83193859908786, 43.238097094128136]]]}, "properties": {"id": 205, "class": "building", "confidence": 100.0, "source": "Almaty_4", "source_model": "msft-buildings", "centroid_wkt": "POINT (76.83201823818423 43.23802597887446)", "bbox": [76.83193859908786, 43.237934194691576, 76.83209787266664, 43.23811776009976], "pixel_bbox": [3596, 4656, 3833, 4930], "area_m2": 131.638}}, {"type": "Feature", "geometry": {"type": "Polygon", "coordinates": [[[76.83558894165992, 43.23864326738142], [76.83544447368415, 43.23861409051259], [76.83521458818787, 43.23921834442716], [76.83535905616364, 43.239247521006654], [76.83558894165992, 43.23864326738142]]]}, "properties": {"id": 206, "class": "building", "confidence": 100.0, "source": "Almaty_4", "source_model": "msft-buildings", "centroid_wkt": "POINT (76.8354017649321 43.23893080579525)", "bbox": [76.83521458818787, 43.23861409051259, 76.83558894165992, 43.239247521006654], "pixel_bbox": [8481, 2971, 9039, 3916], "area_m2": 848.262}}, {"type": "Feature", "geometry": {"type": "Polygon", "coordinates": [[[76.83051351941384, 43.23902403593244], [76.83056851939341, 43.239046585174286], [76.83061043117318, 43.23899233159541], [76.83055543283882, 43.23896978020378], [76.83051351941384, 43.23902403593244]]]}, "properties": {"id": 207, "class": "building", "confidence": 100.0, "source": "Almaty_4", "source_model": "msft-buildings", "centroid_wkt": "POINT (76.83056197552436 43.239008183151206)", "bbox": [76.83051351941384, 43.23896978020378, 76.83061043117318, 43.239046585174286], "pixel_bbox": [1470, 3271, 1615, 3386], "area_m2": 35.455}}, {"type": "Feature", "geometry": {"type": "Polygon", "coordinates": [[[76.83350124856453, 43.23412803555456], [76.83351517859569, 43.23408968401881], [76.83324947133458, 43.23403845631558], [76.83326704310734, 43.233990078425414], [76.8332118972718, 43.23397944361882], [76.83318039451336, 43.23406617572004], [76.83350124856453, 43.23412803555456]]]}, "properties": {"id": 208, "class": "building", "confidence": 100.0, "source": "Almaty_4", "source_model": "msft-buildings", "centroid_wkt": "POINT (76.83332692091942 43.234065638981974)", "bbox": [76.83318039451336, 43.23397944361882, 76.83351517859569, 43.23412803555456], "pixel_bbox": [5447, 10606, 5947, 10828], "area_m2": 144.589}}, {"type": "Feature", "geometry": {"type": "Polygon", "coordinates": [[[76.83584097396071, 43.23315182377057], [76.83591174800259, 43.233162408683995], [76.83592971132344, 43.23309865300346], [76.83585894315844, 43.2330880689579], [76.83584097396071, 43.23315182377057]]]}, "properties": {"id": 209, "class": "building", "confidence": 100.0, "source": "Almaty_4", "source_model": "msft-buildings", "centroid_wkt": "POINT (76.83588534398606 43.2331252390448)", "bbox": [76.83584097396071, 43.2330880689579, 76.83592971132344, 43.233162408683995], "pixel_bbox": [9415, 12046, 9547, 12157], "area_m2": 42.436}}, {"type": "Feature", "geometry": {"type": "Polygon", "coordinates": [[[76.8376760136617, 43.23615790636167], [76.83766896548227, 43.23619031219232], [76.83774746089959, 43.23619937369712], [76.83775450907899, 43.236166967871284], [76.8376760136617, 43.23615790636167]]]}, "properties": {"id": 210, "class": "building", "confidence": 100.0, "source": "Almaty_4", "source_model": "msft-buildings", "centroid_wkt": "POINT (76.83771173727969 43.23617864003046)", "bbox": [76.83766896548227, 43.23615790636167, 76.83775450907899, 43.23619937369712], "pixel_bbox": [12141, 7517, 12269, 7579], "area_m2": 23.531}}, {"type": "Feature", "geometry": {"type": "Polygon", "coordinates": [[[76.8410088638824, 43.23831594897449], [76.84096034397993, 43.23841242296748], [76.84118972547641, 43.2384736493561], [76.84123824537883, 43.23837717546006], [76.8410088638824, 43.23831594897449]]]}, "properties": {"id": 211, "class": "building", "confidence": 100.0, "source": "Almaty_4", "source_model": "msft-buildings", "centroid_wkt": "POINT (76.8410992946632 43.23839479918351)", "bbox": [76.84096034397993, 43.23831594897449, 76.84123824537883, 43.2384736493561], "pixel_bbox": [17050, 4125, 17464, 4361], "area_m2": 226.5}}, {"type": "Feature", "geometry": {"type": "Polygon", "coordinates": [[[76.83165520393828, 43.236511295746375], [76.83161762861715, 43.23661758142035], [76.83210560641209, 43.23670914529016], [76.83214318173326, 43.2366028597759], [76.83165520393828, 43.236511295746375]]]}, "properties": {"id": 212, "class": "building", "confidence": 100.0, "source": "Almaty_4", "source_model": "msft-buildings", "centroid_wkt": "POINT (76.83188040511824 43.23661022054648)", "bbox": [76.83161762861715, 43.236511295746375, 76.83214318173326, 43.23670914529016], "pixel_bbox": [3117, 6757, 3901, 7052], "area_m2": 499.085}}, {"type": "Feature", "geometry": {"type": "Polygon", "coordinates": [[[76.83302167566393, 43.23359922932213], [76.83309025294152, 43.23342604289589], [76.83291940035731, 43.23339013177183], [76.83285082307974, 43.233563318300135], [76.83302167566393, 43.23359922932213]]]}, "properties": {"id": 213, "class": "building", "confidence": 100.0, "source": "Almaty_4", "source_model": "msft-buildings", "centroid_wkt": "POINT (76.83297053800412 43.2334946805677)", "bbox": [76.83285082307974, 43.23339013177183, 76.83309025294152, 43.23359922932213], "pixel_bbox": [4956, 11395, 5313, 11707], "area_m2": 289.257}}, {"type": "Feature", "geometry": {"type": "Polygon", "coordinates": [[[76.84058916690685, 43.2386213305434], [76.8406396480606, 43.238630534807136], [76.84065644637066, 43.23858165247134], [76.84048583564547, 43.23855053617003], [76.84041723696282, 43.2387502109649], [76.84049949043013, 43.238765208264155], [76.84051313161476, 43.23872551311383], [76.84055099185578, 43.23873241811655], [76.84058916690685, 43.2386213305434]]]}, "properties": {"id": 214, "class": "building", "confidence": 100.0, "source": "Almaty_4", "source_model": "msft-buildings", "centroid_wkt": "POINT (76.84052177556111 43.23865013571361)", "bbox": [76.84041723696282, 43.23855053617003, 76.84065644637066, 43.238765208264155], "pixel_bbox": [16240, 3691, 16597, 4011], "area_m2": 239.249}}, {"type": "Feature", "geometry": {"type": "Polygon", "coordinates": [[[76.82969885337194, 43.23322249836869], [76.8297067468401, 43.23318828950525], [76.8295437117645, 43.23316832887239], [76.8295358214923, 43.23320253813832], [76.82969885337194, 43.23322249836869]]]}, "properties": {"id": 215, "class": "building", "confidence": 100.0, "source": "Almaty_4", "source_model": "msft-buildings", "centroid_wkt": "POINT (76.82962128337579 43.2331954136647)", "bbox": [76.8295358214923, 43.23316832887239, 76.8297067468401, 43.23322249836869], "pixel_bbox": [12, 11957, 267, 12037], "area_m2": 51.754}}, {"type": "Feature", "geometry": {"type": "Polygon", "coordinates": [[[76.83538176014518, 43.23624159432558], [76.83526219394696, 43.236219707528385], [76.8351994531498, 43.23640167687302], [76.83524486668657, 43.23640998987475], [76.8352252205784, 43.2364669700551], [76.83516719217023, 43.23645634789594], [76.83512473122671, 43.23657949844773], [76.83522660438534, 43.236598146394144], [76.83526626323179, 43.23648315491845], [76.8356260899232, 43.23654900315427], [76.8355800980633, 43.236682394298306], [76.835654209666, 43.236695960451904], [76.8356725931001, 43.23664265749586], [76.83570444159986, 43.23664848737854], [76.83572571903571, 43.236586775992585], [76.83583768511888, 43.23660726574343], [76.83587508651722, 43.236498819797625], [76.83577416754652, 43.23648035163163], [76.83579789145075, 43.236411563675325], [76.83569445121685, 43.23639262881677], [76.83567643089961, 43.236444879126644], [76.83533330639932, 43.23638208728384], [76.83538176014518, 43.23624159432558]]]}, "properties": {"id": 216, "class": "building", "confidence": 100.0, "source": "Almaty_4", "source_model": "msft-buildings", "centroid_wkt": "POINT (76.83549153512364 43.23647124550631)", "bbox": [76.83512473122671, 43.236219707528385, 76.83587508651722, 43.236695960451904], "pixel_bbox": [8347, 6777, 9466, 7487], "area_m2": 1106.829}}, {"type": "Feature", "geometry": {"type": "Polygon", "coordinates": [[[76.83535712412903, 43.23932421825341], [76.83531149169836, 43.239428954285444], [76.83534560657276, 43.23943684074015], [76.83539123900344, 43.23933210472167], [76.83535712412903, 43.23932421825341]]]}, "properties": {"id": 217, "class": "building", "confidence": 100.0, "source": "Almaty_4", "source_model": "msft-buildings", "centroid_wkt": "POINT (76.83535136535117 43.23938052949872)", "bbox": [76.83531149169836, 43.23932421825341, 76.83539123900344, 43.23943684074015], "pixel_bbox": [8626, 2689, 8744, 2857], "area_m2": 35.49}}, {"type": "Feature", "geometry": {"type": "Polygon", "coordinates": [[[76.83766693578754, 43.24026642388037], [76.83780829962997, 43.24028999984009], [76.83781705164012, 43.24026215013111], [76.83800819918032, 43.240294028768794], [76.83799244556211, 43.24034415820958], [76.83813771769263, 43.240368385943135], [76.83814822010481, 43.24033496633382], [76.83833307232611, 43.24036579503291], [76.83835816870992, 43.240285960481195], [76.83833642176819, 43.240282333634596], [76.83834984151706, 43.24023963073691], [76.83825809069776, 43.24022432897923], [76.83826450883853, 43.24020390583854], [76.8382058902595, 43.2401941297103], [76.83822185437002, 43.24014333033869], [76.83808932742652, 43.240121221343124], [76.83806715600507, 43.24019177300355], [76.83773211300688, 43.24013587900853], [76.83772780953726, 43.24014956889326], [76.837655077467, 43.240137438972916], [76.83761715208976, 43.24025812120028], [76.83766693578754, 43.24026642388037]]]}, "properties": {"id": 218, "class": "building", "confidence": 100.0, "source": "Almaty_4", "source_model": "msft-buildings", "centroid_wkt": "POINT (76.83801259674878 43.24024183649078)", "bbox": [76.83761715208976, 43.240121221343124, 76.83835816870992, 43.240368385943135], "pixel_bbox": [12064, 1300, 13169, 1668], "area_m2": 950.436}}, {"type": "Feature", "geometry": {"type": "Polygon", "coordinates": [[[76.8409300091694, 43.2378547007772], [76.8408902991656, 43.23796009155666], [76.84131894260645, 43.23804583109901], [76.84131894260645, 43.2379324974478], [76.8409300091694, 43.2378547007772]]]}, "properties": {"id": 219, "class": "building", "confidence": 100.0, "source": "Almaty_4", "source_model": "msft-buildings", "centroid_wkt": "POINT (76.84111438761724 43.23794916550484)", "bbox": [76.8408902991656, 43.2378547007772, 76.84131894260645, 43.23804583109901], "pixel_bbox": [16945, 4764, 17585, 5049], "area_m2": 418.075}}, {"type": "Feature", "geometry": {"type": "Polygon", "coordinates": [[[76.83688942499131, 43.23778053882231], [76.83673839175248, 43.23813224090512], [76.83688009104473, 43.23816453632092], [76.83703112710967, 43.23781282784351], [76.83688942499131, 43.23778053882231]]]}, "properties": {"id": 220, "class": "building", "confidence": 100.0, "source": "Almaty_4", "source_model": "msft-buildings", "centroid_wkt": "POINT (76.83688475894625 43.23797253600694)", "bbox": [76.83673839175248, 43.23778053882231, 76.83703112710967, 43.23816453632092], "pixel_bbox": [10753, 4586, 11190, 5159], "area_m2": 493.738}}, {"type": "Feature", "geometry": {"type": "Polygon", "coordinates": [[[76.83072805710785, 43.2336054795904], [76.8307221978399, 43.23364804315107], [76.8308894941944, 43.23366026763048], [76.83089535346234, 43.23361770407838], [76.83072805710785, 43.2336054795904]]]}, "properties": {"id": 221, "class": "building", "confidence": 100.0, "source": "Almaty_4", "source_model": "msft-buildings", "centroid_wkt": "POINT (76.83080877564834 43.23363287361235)", "bbox": [76.8307221978399, 43.2336054795904, 76.83089535346234, 43.23366026763048], "pixel_bbox": [1781, 11304, 2040, 11385], "area_m2": 64.908}}, {"type": "Feature", "geometry": {"type": "Polygon", "coordinates": [[[76.83531320218235, 43.23280011473875], [76.83536695085043, 43.23280869058589], [76.83538424531574, 43.23275115340948], [76.83532791892628, 43.23275115340948], [76.83531320218235, 43.23280011473875]]]}, "properties": {"id": 222, "class": "building", "confidence": 100.0, "source": "Almaty_4", "source_model": "msft-buildings", "centroid_wkt": "POINT (76.835348817973 43.2327778355836)", "bbox": [76.83531320218235, 43.23275115340948, 76.83538424531574, 43.23280869058589], "pixel_bbox": [8628, 12574, 8734, 12660], "area_m2": 27.068}}, {"type": "Feature", "geometry": {"type": "Polygon", "coordinates": [[[76.83343337153904, 43.23575712594899], [76.83341683638041, 43.235850315397315], [76.83353291489077, 43.23586124150657], [76.83354944901647, 43.235768057896486], [76.83343337153904, 43.23575712594899]]]}, "properties": {"id": 223, "class": "building", "confidence": 100.0, "source": "Almaty_4", "source_model": "msft-buildings", "centroid_wkt": "POINT (76.8334831423507 43.235809185130094)", "bbox": [76.83341683638041, 43.23575712594899, 76.83354944901647, 43.23586124150657], "pixel_bbox": [5800, 8021, 5998, 8177], "area_m2": 99.245}}, {"type": "Feature", "geometry": {"type": "Polygon", "coordinates": [[[76.83262965546822, 43.24115292855061], [76.83266738664261, 43.24104881286745], [76.83219225448556, 43.24095741279123], [76.83215451396025, 43.24106152683176], [76.83262965546822, 43.24115292855061]]]}, "properties": {"id": 224, "class": "building", "confidence": 100.0, "source": "Almaty_4", "source_model": "msft-buildings", "centroid_wkt": "POINT (76.8324109525221 43.24105517041937)", "bbox": [76.83215451396025, 43.24095741279123, 76.83266738664261, 43.24115292855061], "pixel_bbox": [3918, 130, 4682, 421], "area_m2": 477.505}}, {"type": "Feature", "geometry": {"type": "Polygon", "coordinates": [[[76.83036896892087, 43.2403189733091], [76.8303268108422, 43.240443140515524], [76.83113310842035, 43.24058842214506], [76.83117527965241, 43.240464216494345], [76.83036896892087, 43.2403189733091]]]}, "properties": {"id": 225, "class": "building", "confidence": 100.0, "source": "Almaty_4", "source_model": "msft-buildings", "centroid_wkt": "POINT (76.83075106276917 43.24045369186384)", "bbox": [76.8303268108422, 43.2403189733091, 76.83117527965241, 43.24058842214506], "pixel_bbox": [1192, 972, 2457, 1374], "area_m2": 958.819}}, {"type": "Feature", "geometry": {"type": "Polygon", "coordinates": [[[76.83315310314995, 43.241175047188136], [76.83343418181961, 43.24123894842089], [76.83346966244896, 43.241156127383206], [76.8331885781847, 43.24109223912284], [76.83315310314995, 43.241175047188136]]]}, "properties": {"id": 226, "class": "building", "confidence": 100.0, "source": "Almaty_4", "source_model": "msft-buildings", "centroid_wkt": "POINT (76.83331138507249 43.24116559136248)", "bbox": [76.83315310314995, 43.24109223912284, 76.83346966244896, 43.24123894842089], "pixel_bbox": [5407, 2, 5879, 220], "area_m2": 230.5}}, {"type": "Feature", "geometry": {"type": "Polygon", "coordinates": [[[76.84092672121892, 43.240545522174365], [76.84071871831965, 43.2405092206379], [76.84053251047212, 43.24107543488721], [76.84071642106943, 43.241107540813864], [76.84079483510145, 43.2408691725979], [76.84098378017967, 43.2409021575232], [76.84100895403148, 43.24082560985322], [76.84084407368451, 43.24079683437911], [76.84092672121892, 43.240545522174365]]]}, "properties": {"id": 227, "class": "building", "confidence": 100.0, "source": "Almaty_4", "source_model": "msft-buildings", "centroid_wkt": "POINT (76.84074652404841 43.240806143125255)", "bbox": [76.84053251047212, 43.2405092206379, 76.84100895403148, 43.241107540813864], "pixel_bbox": [16412, 198, 17122, 1090], "area_m2": 1189.398}}, {"type": "Feature", "geometry": {"type": "Polygon", "coordinates": [[[76.83856080553412, 43.23693305076903], [76.83860057787841, 43.23682768082284], [76.83811181447442, 43.23672978918429], [76.83807204213012, 43.236835159299744], [76.83856080553412, 43.23693305076903]]]}, "properties": {"id": 228, "class": "building", "confidence": 100.0, "source": "Almaty_4", "source_model": "msft-buildings", "centroid_wkt": "POINT (76.83833630994384 43.23683142000573)", "bbox": [76.83807204213012, 43.23672978918429, 76.83860057787841, 43.23693305076903], "pixel_bbox": [12742, 6423, 13531, 6726], "area_m2": 499.885}}, {"type": "Feature", "geometry": {"type": "Polygon", "coordinates": [[[76.83829912777769, 43.24014053694695], [76.83836594104913, 43.23996869685168], [76.83829393394149, 43.239953838818444], [76.83834200969515, 43.239830190268314], [76.8381869495928, 43.23979818699703], [76.8380720314416, 43.240093677735565], [76.83829912777769, 43.24014053694695]]]}, "properties": {"id": 229, "class": "building", "confidence": 100.0, "source": "Almaty_4", "source_model": "msft-buildings", "centroid_wkt": "POINT (76.83822605607834 43.239980063141445)", "bbox": [76.8380720314416, 43.23979818699703, 76.83836594104913, 43.24014053694695], "pixel_bbox": [12742, 1640, 13181, 2150], "area_m2": 567.286}}, {"type": "Feature", "geometry": {"type": "Polygon", "coordinates": [[[76.83486111478612, 43.23744038414025], [76.83473374390431, 43.23741514678947], [76.83468891323014, 43.23753523097886], [76.8345740296897, 43.23751246791406], [76.83453123677349, 43.23762709355326], [76.8346311355043, 43.2376468874859], [76.83458290856697, 43.23777606846143], [76.83471277691704, 43.23780180050969], [76.83475489058064, 43.23768899465021], [76.83508955132892, 43.23775530423189], [76.83504268289683, 43.23788084608708], [76.8351725512469, 43.2379065780911], [76.8352037968683, 43.23782288358506], [76.83524125889235, 43.23783030628671], [76.83525552319776, 43.23779209789169], [76.83533544218244, 43.237807932995445], [76.8353789143513, 43.2376914882455], [76.83527402068391, 43.237670704631256], [76.83532156836861, 43.237543342887776], [76.83519170001854, 43.23751761073034], [76.8351489071023, 43.23763223635988], [76.83481424635406, 43.23756592664428], [76.83486111478612, 43.23744038414025]]]}, "properties": {"id": 230, "class": "building", "confidence": 100.0, "source": "Almaty_4", "source_model": "msft-buildings", "centroid_wkt": "POINT (76.83495707781154 43.23766225092861)", "bbox": [76.83453123677349, 43.23741514678947, 76.8353789143513, 43.2379065780911], "pixel_bbox": [7462, 4971, 8726, 5704], "area_m2": 1582.081}}, {"type": "Feature", "geometry": {"type": "Polygon", "coordinates": [[[76.8316786108128, 43.23903724061737], [76.83169144228536, 43.238998459910626], [76.8316447468819, 43.238990260230295], [76.83166858329874, 43.23891823999086], [76.83083058254411, 43.238771087280426], [76.83078964403637, 43.23889481657742], [76.83083421397012, 43.23890264303905], [76.83083849230137, 43.238889716317075], [76.8316786108128, 43.23903724061737]]]}, "properties": {"id": 231, "class": "building", "confidence": 100.0, "source": "Almaty_4", "source_model": "msft-buildings", "centroid_wkt": "POINT (76.83123691031338 43.2389021787188)", "bbox": [76.83078964403637, 43.238771087280426, 76.83169144228536, 43.23903724061737], "pixel_bbox": [1882, 3285, 3227, 3682], "area_m2": 909.351}}, {"type": "Feature", "geometry": {"type": "Polygon", "coordinates": [[[76.83119629094072, 43.2370206442968], [76.83123425217484, 43.23694474233057], [76.8312058379266, 43.23693719984278], [76.83116787669252, 43.237013101818405], [76.83119629094072, 43.2370206442968]]]}, "properties": {"id": 232, "class": "building", "confidence": 100.0, "source": "Almaty_4", "source_model": "msft-buildings", "centroid_wkt": "POINT (76.83120106443387 43.23697892207114)", "bbox": [76.83116787669252, 43.23693719984278, 76.83123425217484, 43.2370206442968], "pixel_bbox": [2446, 6292, 2545, 6417], "area_m2": 22.046}}, {"type": "Feature", "geometry": {"type": "Polygon", "coordinates": [[[76.83500391744857, 43.233090756974384], [76.8350644678294, 43.233101841395296], [76.83507116004958, 43.23308243609502], [76.83514305561604, 43.233095593713855], [76.83526180740148, 43.23275115340948], [76.8351210346818, 43.23275115340948], [76.83500391744857, 43.233090756974384]]]}, "properties": {"id": 233, "class": "building", "confidence": 100.0, "source": "Almaty_4", "source_model": "msft-buildings", "centroid_wkt": "POINT (76.8351324215591 43.232921793581646)", "bbox": [76.83500391744857, 43.23275115340948, 76.83526180740148, 43.233101841395296], "pixel_bbox": [8167, 12137, 8551, 12660], "area_m2": 433.511}}, {"type": "Feature", "geometry": {"type": "Polygon", "coordinates": [[[76.83311706313542, 43.23628076237369], [76.83313981773206, 43.236229449611336], [76.83300866705251, 43.236198581091294], [76.83298591245583, 43.23624989387963], [76.83311706313542, 43.23628076237369]]]}, "properties": {"id": 234, "class": "building", "confidence": 100.0, "source": "Almaty_4", "source_model": "msft-buildings", "centroid_wkt": "POINT (76.83306286508908 43.23623967173747)", "bbox": [76.83298591245583, 43.236198581091294, 76.83313981773206, 43.23628076237369], "pixel_bbox": [5157, 7396, 5387, 7518], "area_m2": 67.069}}, {"type": "Feature", "geometry": {"type": "Polygon", "coordinates": [[[76.82968310435912, 43.233025420348234], [76.82980370876798, 43.233027886442834], [76.82980558922586, 43.23297907018729], [76.82968498481699, 43.232976604090695], [76.82968310435912, 43.233025420348234]]]}, "properties": {"id": 235, "class": "building", "confidence": 100.0, "source": "Almaty_4", "source_model": "msft-buildings", "centroid_wkt": "POINT (76.82974434679207 43.23300224526725)", "bbox": [76.82968310435912, 43.232976604090695, 76.82980558922586, 43.233027886442834], "pixel_bbox": [232, 12247, 415, 12323], "area_m2": 53.174}}, {"type": "Feature", "geometry": {"type": "Polygon", "coordinates": [[[76.83349804019208, 43.24071441676321], [76.83351409219604, 43.240659220801646], [76.83315336938671, 43.240603567554835], [76.83311096318647, 43.24074943251424], [76.8332201035453, 43.24076627093577], [76.83320324446856, 43.24082424197144], [76.83358698638493, 43.240883446449374], [76.83363019752791, 43.240734813045265], [76.83349804019208, 43.24071441676321]]]}, "properties": {"id": 236, "class": "building", "confidence": 100.0, "source": "Almaty_4", "source_model": "msft-buildings", "centroid_wkt": "POINT (76.83336873539477 43.240744255660196)", "bbox": [76.83311096318647, 43.240603567554835, 76.83363019752791, 43.240883446449374], "pixel_bbox": [5344, 532, 6118, 949], "area_m2": 818.794}}, {"type": "Feature", "geometry": {"type": "Polygon", "coordinates": [[[76.84118792130732, 43.23282281059124], [76.84107744187436, 43.23312372029648], [76.84130146665852, 43.233167380733754], [76.84131894260645, 43.233119769623976], [76.84131894260645, 43.23300774233691], [76.8412935045302, 43.233002785968196], [76.84131894260645, 43.23293350094874], [76.84131894260645, 43.23284834560542], [76.84118792130732, 43.23282281059124]]]}, "properties": {"id": 237, "class": "building", "confidence": 100.0, "source": "Almaty_4", "source_model": "msft-buildings", "centroid_wkt": "POINT (76.84122099111212 43.23300612349897)", "bbox": [76.84107744187436, 43.23282281059124, 76.84131894260645, 43.233167380733754], "pixel_bbox": [17224, 12039, 17585, 12553], "area_m2": 529.461}}, {"type": "Feature", "geometry": {"type": "Polygon", "coordinates": [[[76.83078619502122, 43.23506314873803], [76.83085109907336, 43.23488834388548], [76.8306875418427, 43.234856110325566], [76.83057601489818, 43.235156561315485], [76.83072704861485, 43.23518632661802], [76.83073786595682, 43.23515719256964], [76.8307792809587, 43.23516535452374], [76.83081510476514, 43.23506884619938], [76.83078619502122, 43.23506314873803]]]}, "properties": {"id": 238, "class": "building", "confidence": 100.0, "source": "Almaty_4", "source_model": "msft-buildings", "centroid_wkt": "POINT (76.83071711817668 43.23502635242855)", "bbox": [76.83057601489818, 43.234856110325566, 76.83085109907336, 43.23518632661802], "pixel_bbox": [1563, 9028, 1974, 9520], "area_m2": 499.367}}, {"type": "Feature", "geometry": {"type": "Polygon", "coordinates": [[[76.83006383660553, 43.2409299908017], [76.83014650228172, 43.24094600682202], [76.83016449046079, 43.240896735706045], [76.8300818247846, 43.24088071967277], [76.83006383660553, 43.2409299908017]]]}, "properties": {"id": 239, "class": "building", "confidence": 100.0, "source": "Almaty_4", "source_model": "msft-buildings", "centroid_wkt": "POINT (76.83011416353155 43.24091336325009)", "bbox": [76.83006383660553, 43.24088071967277, 76.83016449046079, 43.24094600682202], "pixel_bbox": [800, 438, 950, 536], "area_m2": 39.353}}, {"type": "Feature", "geometry": {"type": "Polygon", "coordinates": [[[76.84070064280101, 43.238682896950806], [76.84069022595646, 43.238715487225086], [76.84064038484831, 43.23870703498939], [76.8406261701819, 43.238751520527344], [76.84099913303666, 43.23881476884485], [76.84102376360653, 43.238737709423546], [76.84070064280101, 43.238682896950806]]]}, "properties": {"id": 240, "class": "building", "confidence": 100.0, "source": "Almaty_4", "source_model": "msft-buildings", "centroid_wkt": "POINT (76.84083421056562 43.23874758242375)", "bbox": [76.8406261701819, 43.238682896950806, 76.84102376360653, 43.23881476884485], "pixel_bbox": [16551, 3617, 17144, 3813], "area_m2": 257.987}}, {"type": "Feature", "geometry": {"type": "Polygon", "coordinates": [[[76.83100242900318, 43.23703446261435], [76.83115516077197, 43.23706416446978], [76.83126744482358, 43.236757717899295], [76.83111471305479, 43.236728015894485], [76.83100242900318, 43.23703446261435]]]}, "properties": {"id": 241, "class": "building", "confidence": 100.0, "source": "Almaty_4", "source_model": "msft-buildings", "centroid_wkt": "POINT (76.83113493691071 43.236896090209804)", "bbox": [76.83100242900318, 43.236728015894485, 76.83126744482358, 43.23706416446978], "pixel_bbox": [2199, 6227, 2595, 6729], "area_m2": 452.461}}, {"type": "Feature", "geometry": {"type": "Polygon", "coordinates": [[[76.8385537187498, 43.24118472549028], [76.83837944970412, 43.241182104373834], [76.83837779343617, 43.241240344941616], [76.8385521370221, 43.241240344941616], [76.8385537187498, 43.24118472549028]]]}, "properties": {"id": 242, "class": "building", "confidence": 100.0, "source": "Almaty_4", "source_model": "msft-buildings", "centroid_wkt": "POINT (76.8384651059578 43.241211874908544)", "bbox": [76.83837779343617, 43.241182104373834, 76.8385537187498, 43.241240344941616], "pixel_bbox": [13198, 0, 13461, 86], "area_m2": 89.561}}, {"type": "Feature", "geometry": {"type": "Polygon", "coordinates": [[[76.83508294195127, 43.23906922880369], [76.83519709917407, 43.2387976917852], [76.83503770689086, 43.23876212818004], [76.83502118413489, 43.23880142968845], [76.83507268010334, 43.23881291946343], [76.83503362631657, 43.238905813819564], [76.83499091546248, 43.23889628419303], [76.8349323225438, 43.23903562275282], [76.83508294195127, 43.23906922880369]]]}, "properties": {"id": 243, "class": "building", "confidence": 100.0, "source": "Almaty_4", "source_model": "msft-buildings", "centroid_wkt": "POINT (76.83506793243846 43.23892202552672)", "bbox": [76.8349323225438, 43.23876212818004, 76.83519709917407, 43.23906922880369], "pixel_bbox": [8060, 3237, 8455, 3695], "area_m2": 367.904}}, {"type": "Feature", "geometry": {"type": "Polygon", "coordinates": [[[76.83644637140621, 43.2412249652829], [76.83637689346513, 43.24121455079176], [76.8363696075837, 43.241240344941616], [76.8364420272278, 43.241240344941616], [76.83644637140621, 43.2412249652829]]]}, "properties": {"id": 244, "class": "building", "confidence": 100.0, "source": "Almaty_4", "source_model": "msft-buildings", "centroid_wkt": "POINT (76.8364057339596 43.24122983196959)", "bbox": [76.8363696075837, 43.24121455079176, 76.83644637140621, 43.241240344941616], "pixel_bbox": [10204, 0, 10318, 38], "area_m2": 13.453}}, {"type": "Feature", "geometry": {"type": "Polygon", "coordinates": [[[76.83874918574367, 43.23393715824332], [76.83889902658828, 43.233973336343425], [76.83883815695899, 43.23410715556872], [76.8389009934422, 43.23412232699034], [76.83896426582001, 43.2339832254558], [76.83891109648803, 43.233970388069984], [76.83892311023068, 43.23394397634477], [76.83876360223482, 43.23390546415441], [76.83874918574367, 43.23393715824332]]]}, "properties": {"id": 245, "class": "building", "confidence": 100.0, "source": "Almaty_4", "source_model": "msft-buildings", "centroid_wkt": "POINT (76.83887726661632 43.2340069822734)", "bbox": [76.83874918574367, 43.23390546415441, 76.83896426582001, 43.23412232699034], "pixel_bbox": [13752, 10615, 14073, 10938], "area_m2": 137.665}}, {"type": "Feature", "geometry": {"type": "Polygon", "coordinates": [[[76.83523752511003, 43.23843968247314], [76.83511074233883, 43.23841590664517], [76.83507770927362, 43.23850936656537], [76.83523468669976, 43.23853880481116], [76.83525698683398, 43.23847569429196], [76.8352268011099, 43.238470031967516], [76.83523752511003, 43.23843968247314]]]}, "properties": {"id": 246, "class": "building", "confidence": 100.0, "source": "Almaty_4", "source_model": "msft-buildings", "centroid_wkt": "POINT (76.83516774714843 43.23847866575913)", "bbox": [76.83507770927362, 43.23841590664517, 76.83525698683398, 43.23853880481116], "pixel_bbox": [8277, 4028, 8544, 4212], "area_m2": 132.346}}, {"type": "Feature", "geometry": {"type": "Polygon", "coordinates": [[[76.83057249308986, 43.23429552296118], [76.83059477633971, 43.234243964643476], [76.8304568129873, 43.234212314670195], [76.83043452523141, 43.23426387198095], [76.83057249308986, 43.23429552296118]]]}, "properties": {"id": 247, "class": "building", "confidence": 100.0, "source": "Almaty_4", "source_model": "msft-buildings", "centroid_wkt": "POINT (76.83051465184614 43.234253918702706)", "bbox": [76.83043452523141, 43.234212314670195, 76.83059477633971, 43.23429552296118], "pixel_bbox": [1352, 10356, 1591, 10480], "area_m2": 70.558}}, {"type": "Feature", "geometry": {"type": "Polygon", "coordinates": [[[76.83475099983643, 43.23311876902031], [76.83473790651229, 43.23315952843241], [76.83487903722137, 43.23318359360261], [76.83489212683337, 43.23314283357361], [76.83475099983643, 43.23311876902031]]]}, "properties": {"id": 248, "class": "building", "confidence": 100.0, "source": "Almaty_4", "source_model": "msft-buildings", "centroid_wkt": "POINT (76.8348150175678 43.23315118124571)", "bbox": [76.83473790651229, 43.23311876902031, 76.83489212683337, 43.23318359360261], "pixel_bbox": [7770, 12015, 8000, 12111], "area_m2": 54.756}}, {"type": "Feature", "geometry": {"type": "Polygon", "coordinates": [[[76.83666105436465, 43.23881982125916], [76.83675577958641, 43.238831992280346], [76.83676376205973, 43.23879902062587], [76.83666904104442, 43.23878684530901], [76.83666105436465, 43.23881982125916]]]}, "properties": {"id": 249, "class": "building", "confidence": 100.0, "source": "Almaty_4", "source_model": "msft-buildings", "centroid_wkt": "POINT (76.83671240811942 43.23880941981338)", "bbox": [76.83666105436465, 43.23878684530901, 76.83676376205973, 43.238831992280346], "pixel_bbox": [10638, 3591, 10791, 3658], "area_m2": 29.062}}, {"type": "Feature", "geometry": {"type": "Polygon", "coordinates": [[[76.83827601935539, 43.23980117983843], [76.8383948595247, 43.239491238561875], [76.83840232363623, 43.23949275779616], [76.83851699397509, 43.239193690164925], [76.83836416136948, 43.23916258268093], [76.83813059658864, 43.2397715808454], [76.83827601935539, 43.23980117983843]]]}, "properties": {"id": 250, "class": "building", "confidence": 100.0, "source": "Almaty_4", "source_model": "msft-buildings", "centroid_wkt": "POINT (76.83832341033919 43.23947846882376)", "bbox": [76.83813059658864, 43.23916258268093, 76.83851699397509, 43.23980117983843], "pixel_bbox": [12830, 2146, 13406, 3098], "area_m2": 883.099}}, {"type": "Feature", "geometry": {"type": "Polygon", "coordinates": [[[76.83216123663371, 43.238318859800614], [76.83211949046591, 43.23842334016195], [76.83260166664749, 43.23852558891628], [76.83264341281529, 43.238421108730265], [76.83216123663371, 43.238318859800614]]]}, "properties": {"id": 251, "class": "building", "confidence": 100.0, "source": "Almaty_4", "source_model": "msft-buildings", "centroid_wkt": "POINT (76.83238145157891 43.238422224387925)", "bbox": [76.83211949046591, 43.238318859800614, 76.83264341281529, 43.23852558891628], "pixel_bbox": [3865, 4048, 4647, 4356], "area_m2": 493.123}}, {"type": "Feature", "geometry": {"type": "Polygon", "coordinates": [[[76.82981235937417, 43.23478368045754], [76.82976757784337, 43.23489010872327], [76.83024568907962, 43.23499686475281], [76.83029046123363, 43.234890458958446], [76.82981235937417, 43.23478368045754]]]}, "properties": {"id": 252, "class": "building", "confidence": 100.0, "source": "Almaty_4", "source_model": "msft-buildings", "centroid_wkt": "POINT (76.83002901347604 43.234890276344245)", "bbox": [76.82976757784337, 43.23478368045754, 76.83029046123363, 43.23499686475281], "pixel_bbox": [358, 9310, 1138, 9628], "area_m2": 502.292}}, {"type": "Feature", "geometry": {"type": "Polygon", "coordinates": [[[76.83158783526149, 43.237911276297844], [76.83163178543522, 43.23780569608513], [76.83114389050817, 43.23769792971541], [76.83109994962363, 43.237803512166664], [76.83158783526149, 43.237911276297844]]]}, "properties": {"id": 253, "class": "building", "confidence": 100.0, "source": "Almaty_4", "source_model": "msft-buildings", "centroid_wkt": "POINT (76.83136586521154 43.23780460338291)", "bbox": [76.83109994962363, 43.23769792971541, 76.83163178543522, 43.237911276297844], "pixel_bbox": [2345, 4964, 3138, 5282], "area_m2": 507.58}}, {"type": "Feature", "geometry": {"type": "Polygon", "coordinates": [[[76.840331382308, 43.23916087660578], [76.84026424354944, 43.23915125400107], [76.84025154279935, 43.23919828343693], [76.84021280890022, 43.23919273193779], [76.84015438544974, 43.239409066894844], [76.84026025810738, 43.23942424093737], [76.840331382308, 43.23916087660578]]]}, "properties": {"id": 254, "class": "building", "confidence": 100.0, "source": "Almaty_4", "source_model": "msft-buildings", "centroid_wkt": "POINT (76.84024318847227 43.239292868681815)", "bbox": [76.84015438544974, 43.23915125400107, 76.840331382308, 43.23942424093737], "pixel_bbox": [15848, 2708, 16112, 3115], "area_m2": 244.275}}, {"type": "Feature", "geometry": {"type": "Polygon", "coordinates": [[[76.83255919242035, 43.23424203191209], [76.83256144655208, 43.234219663235955], [76.83246540520692, 43.234214521127555], [76.8324595292171, 43.23427283097894], [76.83269696476485, 43.234285543400645], [76.83270058734556, 43.2342495950636], [76.83255919242035, 43.23424203191209]]]}, "properties": {"id": 255, "class": "building", "confidence": 100.0, "source": "Almaty_4", "source_model": "msft-buildings", "centroid_wkt": "POINT (76.832566434664 43.23425459149823)", "bbox": [76.8324595292171, 43.234214521127555, 76.83270058734556, 43.234285543400645], "pixel_bbox": [4372, 10371, 4732, 10477], "area_m2": 96.925}}, {"type": "Feature", "geometry": {"type": "Polygon", "coordinates": [[[76.83978286809106, 43.24011694535851], [76.84001280466344, 43.24014967754337], [76.84002239680589, 43.24011391778069], [76.84005339948979, 43.24011833111024], [76.84020384467142, 43.239557464758605], [76.84020126111442, 43.23955709697776], [76.8402143872041, 43.23950816208446], [76.83995603150483, 43.239471383960215], [76.83978286809106, 43.24011694535851]]]}, "properties": {"id": 256, "class": "building", "confidence": 100.0, "source": "Almaty_4", "source_model": "msft-buildings", "centroid_wkt": "POINT (76.8399995412794 43.23981081913544)", "bbox": [76.83978286809106, 43.239471383960215, 76.8402143872041, 43.24014967754337], "pixel_bbox": [15294, 1626, 15937, 2638], "area_m2": 1566.531}}, {"type": "Feature", "geometry": {"type": "Polygon", "coordinates": [[[76.83261061947525, 43.24032387880083], [76.83265353370997, 43.240222106590466], [76.83229946603919, 43.24014287415011], [76.83225654287006, 43.240244644493494], [76.83261061947525, 43.24032387880083]]]}, "properties": {"id": 257, "class": "building", "confidence": 100.0, "source": "Almaty_4", "source_model": "msft-buildings", "centroid_wkt": "POINT (76.8324550403988 43.24023337621365)", "bbox": [76.83225654287006, 43.24014287415011, 76.83265353370997, 43.24032387880083], "pixel_bbox": [4070, 1366, 4662, 1636], "area_m2": 355.846}}, {"type": "Feature", "geometry": {"type": "Polygon", "coordinates": [[[76.83276492861799, 43.240411856240016], [76.83281873169346, 43.24028095034225], [76.83272026827856, 43.240259478727985], [76.83266646520309, 43.24039038467189], [76.83276492861799, 43.240411856240016]]]}, "properties": {"id": 258, "class": "building", "confidence": 100.0, "source": "Almaty_4", "source_model": "msft-buildings", "centroid_wkt": "POINT (76.83274259844642 43.24033566749302)", "bbox": [76.83266646520309, 43.240259478727985, 76.83281873169346, 43.240411856240016], "pixel_bbox": [4681, 1235, 4908, 1462], "area_m2": 126.734}}, {"type": "Feature", "geometry": {"type": "Polygon", "coordinates": [[[76.83611740515693, 43.237453301726454], [76.83597801587528, 43.23742170299985], [76.83582767107477, 43.23777369390246], [76.83596705758877, 43.23780529892617], [76.83611740515693, 43.237453301726454]]]}, "properties": {"id": 259, "class": "building", "confidence": 100.0, "source": "Almaty_4", "source_model": "msft-buildings", "centroid_wkt": "POINT (76.83597253763865 43.237613499421)", "bbox": [76.83582767107477, 43.23742170299985, 76.83611740515693, 43.23780529892617], "pixel_bbox": [9395, 5122, 9827, 5694], "area_m2": 485.626}}, {"type": "Feature", "geometry": {"type": "Polygon", "coordinates": [[[76.8345252058937, 43.23384527818228], [76.83498538112498, 43.233935524302815], [76.83500520840883, 43.23388187305667], [76.83502902876468, 43.23388654574159], [76.83504922472503, 43.233831882629], [76.83457024393643, 43.23373792391687], [76.83459754517006, 43.23366404843266], [76.83427870994305, 43.23360152059107], [76.83428440766258, 43.23358609887129], [76.83372041800332, 43.23347546403109], [76.83367799620453, 43.23359025516528], [76.83455581505326, 43.23376245179066], [76.8345252058937, 43.23384527818228]]]}, "properties": {"id": 260, "class": "building", "confidence": 100.0, "source": "Almaty_4", "source_model": "msft-buildings", "centroid_wkt": "POINT (76.8343526375923 43.23369453414903)", "bbox": [76.83367799620453, 43.23347546403109, 76.83504922472503, 43.233935524302815], "pixel_bbox": [6189, 10893, 8234, 11579], "area_m2": 1427.114}}, {"type": "Feature", "geometry": {"type": "Polygon", "coordinates": [[[76.83269558639559, 43.233219721130745], [76.83267470469681, 43.23327088019572], [76.83260077778758, 43.2332548591089], [76.83249121383739, 43.23352328439768], [76.83255895141038, 43.23353796064254], [76.83253660185545, 43.233592702706964], [76.8327411290591, 43.23363702661005], [76.83289395496628, 43.23326270052042], [76.83269558639559, 43.233219721130745]]]}, "properties": {"id": 261, "class": "building", "confidence": 100.0, "source": "Almaty_4", "source_model": "msft-buildings", "centroid_wkt": "POINT (76.83268931284842 43.2334222877551)", "bbox": [76.83249121383739, 43.233219721130745, 76.83289395496628, 43.23363702661005], "pixel_bbox": [4420, 11338, 5020, 11961], "area_m2": 927.579}}, {"type": "Feature", "geometry": {"type": "Polygon", "coordinates": [[[76.83584855484895, 43.23301100315154], [76.83531672675619, 43.232925198596334], [76.8352714447482, 43.233074227922515], [76.83528934280903, 43.23307711557073], [76.83527324635638, 43.23313009112341], [76.83578718397908, 43.233212982766545], [76.83584855484895, 43.23301100315154]]]}, "properties": {"id": 262, "class": "building", "confidence": 100.0, "source": "Almaty_4", "source_model": "msft-buildings", "centroid_wkt": "POINT (76.83555443750312 43.233068801862984)", "bbox": [76.8352714447482, 43.232925198596334, 76.83584855484895, 43.233212982766545], "pixel_bbox": [8566, 11971, 9426, 12400], "area_m2": 1008.028}}, {"type": "Feature", "geometry": {"type": "Polygon", "coordinates": [[[76.83704193078242, 43.233422320455254], [76.83709434536394, 43.23325930107693], [76.83703586460287, 43.23324931720455], [76.83698345002135, 43.23341233660958], [76.83704193078242, 43.233422320455254]]]}, "properties": {"id": 263, "class": "building", "confidence": 100.0, "source": "Almaty_4", "source_model": "msft-buildings", "centroid_wkt": "POINT (76.8370388976925 43.233335818834554)", "bbox": [76.83698345002135, 43.23324931720455, 76.83709434536394, 43.233422320455254], "pixel_bbox": [11119, 11659, 11284, 11917], "area_m2": 90.759}}, {"type": "Feature", "geometry": {"type": "Polygon", "coordinates": [[[76.83198810769863, 43.23463730735742], [76.8319920731255, 43.23462634362106], [76.83227436779947, 43.23468052410552], [76.83244748176519, 43.234201764532045], [76.83207126001463, 43.23412955615639], [76.83189418160694, 43.23461928022578], [76.83198810769863, 43.23463730735742]]]}, "properties": {"id": 264, "class": "building", "confidence": 100.0, "source": "Almaty_4", "source_model": "msft-buildings", "centroid_wkt": "POINT (76.83217150814546 43.23440627824204)", "bbox": [76.83189418160694, 43.23412955615639, 76.83244748176519, 43.23468052410552], "pixel_bbox": [3529, 9782, 4354, 10604], "area_m2": 1748.232}}, {"type": "Feature", "geometry": {"type": "Polygon", "coordinates": [[[76.83195238734808, 43.23706931596079], [76.83209315794342, 43.23709719414198], [76.83222520224403, 43.2367433127296], [76.83208439749653, 43.23671543480247], [76.83195238734808, 43.23706931596079]]]}, "properties": {"id": 265, "class": "building", "confidence": 100.0, "source": "Almaty_4", "source_model": "msft-buildings", "centroid_wkt": "POINT (76.83208878895306 43.23690630780853)", "bbox": [76.83195238734808, 43.23671543480247, 76.83222520224403, 43.23709719414198], "pixel_bbox": [3616, 6178, 4023, 6748], "area_m2": 482.815}}, {"type": "Feature", "geometry": {"type": "Polygon", "coordinates": [[[76.83437446442507, 43.23621420109933], [76.83437913727529, 43.23619730005752], [76.83426572170524, 43.2361806566169], [76.83424626992841, 43.236251010945296], [76.83427361765605, 43.2362550227547], [76.83426762998901, 43.236276686810086], [76.83430214367, 43.23628175159571], [76.83427750026048, 43.236370883164426], [76.83420532573808, 43.23636029545136], [76.83417960718417, 43.23645331553563], [76.83418476243735, 43.23645407205236], [76.83417645514805, 43.236484118219074], [76.83421769717353, 43.23649017034969], [76.83433270710226, 43.23650704767255], [76.83441211902993, 43.23621972681235], [76.83437446442507, 43.23621420109933]]]}, "properties": {"id": 266, "class": "building", "confidence": 100.0, "source": "Almaty_4", "source_model": "msft-buildings", "centroid_wkt": "POINT (76.83430095598011 43.23635218201657)", "bbox": [76.83417645514805, 43.2361806566169, 76.83441211902993, 43.23650704767255], "pixel_bbox": [6933, 7058, 7284, 7545], "area_m2": 378.742}}, {"type": "Feature", "geometry": {"type": "Polygon", "coordinates": [[[76.8364132958075, 43.23302386952452], [76.83623702555923, 43.23299108890974], [76.83620874435006, 43.23307181375811], [76.83616089956836, 43.23306291617142], [76.83605291676957, 43.233371137381155], [76.83614608818652, 43.23338846417166], [76.83615701501736, 43.23335727520045], [76.83628795863035, 43.23338162636964], [76.8364132958075, 43.23302386952452]]]}, "properties": {"id": 267, "class": "building", "confidence": 100.0, "source": "Almaty_4", "source_model": "msft-buildings", "centroid_wkt": "POINT (76.83623559997345 43.23319614769483)", "bbox": [76.83605291676957, 43.23299108890974, 76.8364132958075, 43.23338846417166], "pixel_bbox": [9731, 11709, 10269, 12302], "area_m2": 761.535}}, {"type": "Feature", "geometry": {"type": "Polygon", "coordinates": [[[76.83233823627234, 43.234774209558964], [76.83233823627234, 43.234799690544605], [76.83227453380823, 43.234799690544605], [76.83227453380823, 43.234774209558964], [76.83233823627234, 43.234774209558964]]]}, "properties": {"id": 268, "class": "large vehicle", "confidence": 91.0, "source": "Almaty_4", "source_model": "yolo26-obb", "centroid_wkt": "POINT (76.83230638504028 43.23478695005178)", "bbox": [76.83227453380823, 43.234774209558964, 76.83233823627234, 43.234799690544605], "pixel_bbox": [4097, 9605, 4192, 9643], "area_m2": 14.648}}, {"type": "Feature", "geometry": {"type": "Polygon", "coordinates": [[[76.83453094214201, 43.23337946087122], [76.83453094214201, 43.23341365903616], [76.83446992188692, 43.23341365903616], [76.83446992188692, 43.23337946087122], [76.83453094214201, 43.23337946087122]]]}, "properties": {"id": 269, "class": "small vehicle", "confidence": 90.9, "source": "Almaty_4", "source_model": "yolo26-obb", "centroid_wkt": "POINT (76.83450043201447 43.23339655995369)", "bbox": [76.83446992188692, 43.23337946087122, 76.83453094214201, 43.23341365903616], "pixel_bbox": [7371, 11672, 7462, 11723], "area_m2": 18.832}}, {"type": "Feature", "geometry": {"type": "Polygon", "coordinates": [[[76.83245625346899, 43.2348345592618], [76.83245625346899, 43.23486540466547], [76.83236841112375, 43.23486540466547], [76.83236841112375, 43.2348345592618], [76.83245625346899, 43.2348345592618]]]}, "properties": {"id": 270, "class": "large vehicle", "confidence": 90.7, "source": "Almaty_4", "source_model": "yolo26-obb", "centroid_wkt": "POINT (76.83241233229637 43.234849981963634)", "bbox": [76.83236841112375, 43.2348345592618, 76.83245625346899, 43.23486540466547], "pixel_bbox": [4237, 9507, 4368, 9553], "area_m2": 24.452}}, {"type": "Feature", "geometry": {"type": "Polygon", "coordinates": [[[76.8410051241517, 43.23547024279833], [76.8410051241517, 43.23550846427679], [76.8409414216876, 43.23550846427679], [76.8409414216876, 43.23547024279833], [76.8410051241517, 43.23547024279833]]]}, "properties": {"id": 271, "class": "small vehicle", "confidence": 90.7, "source": "Almaty_4", "source_model": "yolo26-obb", "centroid_wkt": "POINT (76.84097327291965 43.23548935353756)", "bbox": [76.8409414216876, 43.23547024279833, 76.8410051241517, 43.23550846427679], "pixel_bbox": [17022, 8548, 17117, 8605], "area_m2": 21.972}}, {"type": "Feature", "geometry": {"type": "Polygon", "coordinates": [[[76.83566484600306, 43.23361750692129], [76.83566484600306, 43.23365170508623], [76.83559913188219, 43.23365170508623], [76.83559913188219, 43.23361750692129], [76.83566484600306, 43.23361750692129]]]}, "properties": {"id": 272, "class": "small vehicle", "confidence": 90.3, "source": "Almaty_4", "source_model": "yolo26-obb", "centroid_wkt": "POINT (76.83563198894262 43.23363460600376)", "bbox": [76.83559913188219, 43.23361750692129, 76.83566484600306, 43.23365170508623], "pixel_bbox": [9055, 11317, 9153, 11368], "area_m2": 20.281}}, {"type": "Feature", "geometry": {"type": "Polygon", "coordinates": [[[76.83839600533247, 43.234279341995716], [76.83839600533247, 43.23431085795164], [76.83833498507738, 43.23431085795164], [76.83833498507738, 43.234279341995716], [76.83839600533247, 43.234279341995716]]]}, "properties": {"id": 273, "class": "small vehicle", "confidence": 90.1, "source": "Almaty_4", "source_model": "yolo26-obb", "centroid_wkt": "POINT (76.83836549520493 43.23429509997368)", "bbox": [76.83833498507738, 43.234279341995716, 76.83839600533247, 43.23431085795164], "pixel_bbox": [13135, 10334, 13226, 10381], "area_m2": 17.355}}, {"type": "Feature", "geometry": {"type": "Polygon", "coordinates": [[[76.83463890105486, 43.23344316333532], [76.83463890105486, 43.23347467929125], [76.83457989245653, 43.23347467929125], [76.83457989245653, 43.23344316333532], [76.83463890105486, 43.23344316333532]]]}, "properties": {"id": 274, "class": "small vehicle", "confidence": 89.5, "source": "Almaty_4", "source_model": "yolo26-obb", "centroid_wkt": "POINT (76.83460939675571 43.23345892131328)", "bbox": [76.83457989245653, 43.23344316333532, 76.83463890105486, 43.23347467929125], "pixel_bbox": [7535, 11581, 7623, 11628], "area_m2": 16.783}}, {"type": "Feature", "geometry": {"type": "Polygon", "coordinates": [[[76.83984573930502, 43.23774207383394], [76.83984573930502, 43.237793035805225], [76.83980416506529, 43.237793035805225], [76.83980416506529, 43.23774207383394], [76.83984573930502, 43.23774207383394]]]}, "properties": {"id": 275, "class": "small vehicle", "confidence": 89.3, "source": "Almaty_4", "source_model": "yolo26-obb", "centroid_wkt": "POINT (76.83982495218515 43.237767554819584)", "bbox": [76.83980416506529, 43.23774207383394, 76.83984573930502, 43.237793035805225], "pixel_bbox": [15326, 5141, 15388, 5217], "area_m2": 19.119}}, {"type": "Feature", "geometry": {"type": "Polygon", "coordinates": [[[76.83577951043844, 43.23848705738783], [76.83577951043844, 43.23851589113474], [76.83572385460138, 43.23851589113474], [76.83572385460138, 43.23848705738783], [76.83577951043844, 43.23848705738783]]]}, "properties": {"id": 276, "class": "small vehicle", "confidence": 89.3, "source": "Almaty_4", "source_model": "yolo26-obb", "centroid_wkt": "POINT (76.83575168251991 43.238501474261284)", "bbox": [76.83572385460138, 43.23848705738783, 76.83577951043844, 43.23851589113474], "pixel_bbox": [9241, 4063, 9324, 4106], "area_m2": 14.481}}, {"type": "Feature", "geometry": {"type": "Polygon", "coordinates": [[[76.8350150808692, 43.23352765291929], [76.8350150808692, 43.233555145561695], [76.8349614366889, 43.233555145561695], [76.8349614366889, 43.23352765291929], [76.8350150808692, 43.23352765291929]]]}, "properties": {"id": 277, "class": "small vehicle", "confidence": 89.1, "source": "Almaty_4", "source_model": "yolo26-obb", "centroid_wkt": "POINT (76.83498825877903 43.233541399240494)", "bbox": [76.8349614366889, 43.23352765291929, 76.8350150808692, 43.233555145561695], "pixel_bbox": [8104, 11461, 8184, 11502], "area_m2": 13.31}}, {"type": "Feature", "geometry": {"type": "Polygon", "coordinates": [[[76.83972839266062, 43.2358879968524], [76.83972839266062, 43.23594365268946], [76.83968681842089, 43.23594365268946], [76.83968681842089, 43.2358879968524], [76.83972839266062, 43.2358879968524]]]}, "properties": {"id": 278, "class": "small vehicle", "confidence": 89.1, "source": "Almaty_4", "source_model": "yolo26-obb", "centroid_wkt": "POINT (76.83970760554075 43.23591582477093)", "bbox": [76.83968681842089, 43.2358879968524, 76.83972839266062, 43.23594365268946], "pixel_bbox": [15151, 7899, 15213, 7982], "area_m2": 20.881}}, {"type": "Feature", "geometry": {"type": "Polygon", "coordinates": [[[76.83226179331541, 43.2341231033206], [76.83226179331541, 43.23415596038103], [76.83220345526934, 43.23415596038103], [76.83220345526934, 43.2341231033206], [76.83226179331541, 43.2341231033206]]]}, "properties": {"id": 279, "class": "small vehicle", "confidence": 88.9, "source": "Almaty_4", "source_model": "yolo26-obb", "centroid_wkt": "POINT (76.83223262429237 43.234139531850815)", "bbox": [76.83220345526934, 43.2341231033206, 76.83226179331541, 43.23415596038103], "pixel_bbox": [3991, 10565, 4078, 10614], "area_m2": 17.298}}, {"type": "Feature", "geometry": {"type": "Polygon", "coordinates": [[[76.8395460024476, 43.23592219501734], [76.8395460024476, 43.23595438152552], [76.83948498219252, 43.23595438152552], [76.83948498219252, 43.23592219501734], [76.8395460024476, 43.23592219501734]]]}, "properties": {"id": 280, "class": "small vehicle", "confidence": 88.8, "source": "Almaty_4", "source_model": "yolo26-obb", "centroid_wkt": "POINT (76.83951549232006 43.235938288271434)", "bbox": [76.83948498219252, 43.23592219501734, 76.8395460024476, 43.23595438152552], "pixel_bbox": [14850, 7883, 14941, 7931], "area_m2": 17.724}}, {"type": "Feature", "geometry": {"type": "Polygon", "coordinates": [[[76.83625157922506, 43.23953043669462], [76.83625157922506, 43.239563293755054], [76.83619391173124, 43.239563293755054], [76.83619391173124, 43.23953043669462], [76.83625157922506, 43.23953043669462]]]}, "properties": {"id": 281, "class": "small vehicle", "confidence": 88.8, "source": "Almaty_4", "source_model": "yolo26-obb", "centroid_wkt": "POINT (76.83622274547815 43.23954686522483)", "bbox": [76.83619391173124, 43.23953043669462, 76.83625157922506, 43.239563293755054], "pixel_bbox": [9942, 2501, 10028, 2550], "area_m2": 17.098}}, {"type": "Feature", "geometry": {"type": "Polygon", "coordinates": [[[76.83957953006029, 43.23584843426943], [76.83957953006029, 43.23587793856859], [76.83952588588, 43.23587793856859], [76.83952588588, 43.23584843426943], [76.83957953006029, 43.23584843426943]]]}, "properties": {"id": 282, "class": "small vehicle", "confidence": 88.4, "source": "Almaty_4", "source_model": "yolo26-obb", "centroid_wkt": "POINT (76.83955270797014 43.23586318641901)", "bbox": [76.83952588588, 43.23584843426943, 76.83957953006029, 43.23587793856859], "pixel_bbox": [14911, 7997, 14991, 8041], "area_m2": 14.283}}, {"type": "Feature", "geometry": {"type": "Polygon", "coordinates": [[[76.83179441839457, 43.23947612196207], [76.83179441839457, 43.23950696736574], [76.83173138648272, 43.23950696736574], [76.83173138648272, 43.23947612196207], [76.83179441839457, 43.23947612196207]]]}, "properties": {"id": 283, "class": "small vehicle", "confidence": 88.3, "source": "Almaty_4", "source_model": "yolo26-obb", "centroid_wkt": "POINT (76.83176290243864 43.239491544663906)", "bbox": [76.83173138648272, 43.23947612196207, 76.83179441839457, 43.23950696736574], "pixel_bbox": [3287, 2585, 3381, 2631], "area_m2": 17.544}}, {"type": "Feature", "geometry": {"type": "Polygon", "coordinates": [[[76.83881308883429, 43.240998946130276], [76.83881308883429, 43.241054601967335], [76.83877285569906, 43.241054601967335], [76.83877285569906, 43.240998946130276], [76.83881308883429, 43.240998946130276]]]}, "properties": {"id": 284, "class": "small vehicle", "confidence": 88.2, "source": "Almaty_4", "source_model": "yolo26-obb", "centroid_wkt": "POINT (76.83879297226667 43.241026774048805)", "bbox": [76.83877285569906, 43.240998946130276, 76.83881308883429, 43.241054601967335], "pixel_bbox": [13788, 277, 13848, 360], "area_m2": 20.206}}, {"type": "Feature", "geometry": {"type": "Polygon", "coordinates": [[[76.84014078229666, 43.2370413467288], [76.84014078229666, 43.23709834367037], [76.84009719640017, 43.23709834367037], [76.84009719640017, 43.2370413467288], [76.84014078229666, 43.2370413467288]]]}, "properties": {"id": 285, "class": "small vehicle", "confidence": 88.1, "source": "Almaty_4", "source_model": "yolo26-obb", "centroid_wkt": "POINT (76.84011898934841 43.237069845199585)", "bbox": [76.84009719640017, 43.2370413467288, 76.84014078229666, 43.23709834367037], "pixel_bbox": [15763, 6177, 15828, 6262], "area_m2": 22.418}}, {"type": "Feature", "geometry": {"type": "Polygon", "coordinates": [[[76.83367867022753, 43.23560435324907], [76.83367867022753, 43.235660679638386], [76.83363776654005, 43.235660679638386], [76.83363776654005, 43.23560435324907], [76.83367867022753, 43.23560435324907]]]}, "properties": {"id": 286, "class": "small vehicle", "confidence": 88.0, "source": "Almaty_4", "source_model": "yolo26-obb", "centroid_wkt": "POINT (76.83365821838379 43.23563251644373)", "bbox": [76.83363776654005, 43.23560435324907, 76.83367867022753, 43.235660679638386], "pixel_bbox": [6130, 8321, 6191, 8405], "area_m2": 20.792}}, {"type": "Feature", "geometry": {"type": "Polygon", "coordinates": [[[76.83349628001451, 43.23312733322382], [76.83349628001451, 43.23315683752298], [76.83343525975943, 43.23315683752298], [76.83343525975943, 43.23312733322382], [76.83349628001451, 43.23312733322382]]]}, "properties": {"id": 287, "class": "small vehicle", "confidence": 87.7, "source": "Almaty_4", "source_model": "yolo26-obb", "centroid_wkt": "POINT (76.83346576988698 43.23314208537341)", "bbox": [76.83343525975943, 43.23312733322382, 76.83349628001451, 43.23315683752298], "pixel_bbox": [5828, 12055, 5919, 12099], "area_m2": 16.248}}, {"type": "Feature", "geometry": {"type": "Polygon", "coordinates": [[[76.83291625231504, 43.2346722856164], [76.83291625231504, 43.23470447212458], [76.83284785598516, 43.23470447212458], [76.83284785598516, 43.2346722856164], [76.83291625231504, 43.2346722856164]]]}, "properties": {"id": 288, "class": "large vehicle", "confidence": 87.5, "source": "Almaty_4", "source_model": "yolo26-obb", "centroid_wkt": "POINT (76.83288205415009 43.23468837887049)", "bbox": [76.83284785598516, 43.2346722856164, 76.83291625231504, 43.23470447212458], "pixel_bbox": [4952, 9747, 5054, 9795], "area_m2": 19.867}}, {"type": "Feature", "geometry": {"type": "Polygon", "coordinates": [[[76.83379802852869, 43.23990594595671], [76.83379802852869, 43.23994014412165], [76.83372896164656, 43.23994014412165], [76.83372896164656, 43.23990594595671], [76.83379802852869, 43.23990594595671]]]}, "properties": {"id": 289, "class": "small vehicle", "confidence": 86.0, "source": "Almaty_4", "source_model": "yolo26-obb", "centroid_wkt": "POINT (76.83376349508762 43.239923045039184)", "bbox": [76.83372896164656, 43.23990594595671, 76.83379802852869, 43.23994014412165], "pixel_bbox": [6266, 1939, 6369, 1990], "area_m2": 21.314}}, {"type": "Feature", "geometry": {"type": "Polygon", "coordinates": [[[76.83909740298986, 43.24022848159075], [76.83909740298986, 43.24028078466654], [76.83905716985464, 43.24028078466654], [76.83905716985464, 43.24022848159075], [76.83909740298986, 43.24022848159075]]]}, "properties": {"id": 290, "class": "small vehicle", "confidence": 85.8, "source": "Almaty_4", "source_model": "yolo26-obb", "centroid_wkt": "POINT (76.83907728642225 43.24025463312865)", "bbox": [76.83905716985464, 43.24022848159075, 76.83909740298986, 43.24028078466654], "pixel_bbox": [14212, 1431, 14272, 1509], "area_m2": 18.989}}, {"type": "Feature", "geometry": {"type": "Polygon", "coordinates": [[[76.83476094156504, 43.233470655977726], [76.83476094156504, 43.23350083082914], [76.83470729738474, 43.23350083082914], [76.83470729738474, 43.233470655977726], [76.83476094156504, 43.233470655977726]]]}, "properties": {"id": 291, "class": "small vehicle", "confidence": 85.7, "source": "Almaty_4", "source_model": "yolo26-obb", "centroid_wkt": "POINT (76.83473411947489 43.233485743403435)", "bbox": [76.83470729738474, 43.233470655977726, 76.83476094156504, 43.23350083082914], "pixel_bbox": [7725, 11542, 7805, 11587], "area_m2": 14.608}}, {"type": "Feature", "geometry": {"type": "Polygon", "coordinates": [[[76.83890495449305, 43.24079778045416], [76.83890495449305, 43.24085008352995], [76.83886472135782, 43.24085008352995], [76.83886472135782, 43.24079778045416], [76.83890495449305, 43.24079778045416]]]}, "properties": {"id": 292, "class": "small vehicle", "confidence": 85.4, "source": "Almaty_4", "source_model": "yolo26-obb", "centroid_wkt": "POINT (76.83888483792543 43.24082393199205)", "bbox": [76.83886472135782, 43.24079778045416, 76.83890495449305, 43.24085008352995], "pixel_bbox": [13925, 582, 13985, 660], "area_m2": 18.988}}, {"type": "Feature", "geometry": {"type": "Polygon", "coordinates": [[[76.83163080364466, 43.238761983811855], [76.83163080364466, 43.238790817558765], [76.83158453553915, 43.238790817558765], [76.83158453553915, 43.238761983811855], [76.83163080364466, 43.238761983811855]]]}, "properties": {"id": 293, "class": "ship", "confidence": 85.3, "source": "Almaty_4", "source_model": "yolo26-obb", "centroid_wkt": "POINT (76.8316076695919 43.23877640068531)", "bbox": [76.83158453553915, 43.238761983811855, 76.83163080364466, 43.238790817558765], "pixel_bbox": [3068, 3653, 3137, 3696], "area_m2": 12.039}}, {"type": "Feature", "geometry": {"type": "Polygon", "coordinates": [[[76.83050896972418, 43.23696691542864], [76.83050896972418, 43.237018547952175], [76.83046940714121, 43.237018547952175], [76.83046940714121, 43.23696691542864], [76.83050896972418, 43.23696691542864]]]}, "properties": {"id": 294, "class": "small vehicle", "confidence": 84.8, "source": "Almaty_4", "source_model": "yolo26-obb", "centroid_wkt": "POINT (76.83048918843268 43.23699273169041)", "bbox": [76.83046940714121, 43.23696691542864, 76.83050896972418, 43.237018547952175], "pixel_bbox": [1405, 6296, 1464, 6373], "area_m2": 18.434}}, {"type": "Feature", "geometry": {"type": "Polygon", "coordinates": [[[76.83167304843664, 43.234178088605404], [76.83167304843664, 43.2342317327857], [76.83161940425634, 43.2342317327857], [76.83161940425634, 43.234178088605404], [76.83167304843664, 43.234178088605404]]]}, "properties": {"id": 295, "class": "small vehicle", "confidence": 84.5, "source": "Almaty_4", "source_model": "yolo26-obb", "centroid_wkt": "POINT (76.83164622634649 43.23420491069555)", "bbox": [76.83161940425634, 43.234178088605404, 76.83167304843664, 43.2342317327857], "pixel_bbox": [3120, 10452, 3200, 10532], "area_m2": 25.97}}, {"type": "Feature", "geometry": {"type": "Polygon", "coordinates": [[[76.83894786983728, 43.23509406298399], [76.83894786983728, 43.23514971882105], [76.83890227228403, 43.23514971882105], [76.83890227228403, 43.23509406298399], [76.83894786983728, 43.23509406298399]]]}, "properties": {"id": 296, "class": "small vehicle", "confidence": 83.8, "source": "Almaty_4", "source_model": "yolo26-obb", "centroid_wkt": "POINT (76.83892507106064 43.23512189090251)", "bbox": [76.83890227228403, 43.23509406298399, 76.83894786983728, 43.23514971882105], "pixel_bbox": [13981, 9083, 14049, 9166], "area_m2": 22.902}}, {"type": "Feature", "geometry": {"type": "Polygon", "coordinates": [[[76.84026081115007, 43.23737192898989], [76.84026081115007, 43.237427584826946], [76.8402199074626, 43.237427584826946], [76.8402199074626, 43.23737192898989], [76.84026081115007, 43.23737192898989]]]}, "properties": {"id": 297, "class": "small vehicle", "confidence": 83.1, "source": "Almaty_4", "source_model": "yolo26-obb", "centroid_wkt": "POINT (76.84024035930632 43.23739975690842)", "bbox": [76.8402199074626, 43.23737192898989, 76.84026081115007, 43.237427584826946], "pixel_bbox": [15946, 5686, 16007, 5769], "area_m2": 20.543}}, {"type": "Feature", "geometry": {"type": "Polygon", "coordinates": [[[76.83225240558386, 43.23382806032896], [76.83225240558386, 43.233859576284885], [76.83219272643328, 43.233859576284885], [76.83219272643328, 43.23382806032896], [76.83225240558386, 43.23382806032896]]]}, "properties": {"id": 298, "class": "small vehicle", "confidence": 83.1, "source": "Almaty_4", "source_model": "yolo26-obb", "centroid_wkt": "POINT (76.83222256600857 43.233843818306916)", "bbox": [76.83219272643328, 43.23382806032896, 76.83225240558386, 43.233859576284885], "pixel_bbox": [3975, 11007, 4064, 11054], "area_m2": 16.974}}, {"type": "Feature", "geometry": {"type": "Polygon", "coordinates": [[[76.83555487543344, 43.240345157682896], [76.83555487543344, 43.24037667363882], [76.8355005607009, 43.24037667363882], [76.8355005607009, 43.240345157682896], [76.83555487543344, 43.240345157682896]]]}, "properties": {"id": 299, "class": "small vehicle", "confidence": 83.0, "source": "Almaty_4", "source_model": "yolo26-obb", "centroid_wkt": "POINT (76.83552771806715 43.24036091566086)", "bbox": [76.8355005607009, 43.240345157682896, 76.83555487543344, 43.24037667363882], "pixel_bbox": [8908, 1288, 8989, 1335], "area_m2": 15.446}}, {"type": "Feature", "geometry": {"type": "Polygon", "coordinates": [[[76.83406826108694, 43.23489960283041], [76.83406826108694, 43.23497202247381], [76.83401796966791, 43.23497202247381], [76.83401796966791, 43.23489960283041], [76.83406826108694, 43.23489960283041]]]}, "properties": {"id": 300, "class": "small vehicle", "confidence": 82.5, "source": "Almaty_4", "source_model": "yolo26-obb", "centroid_wkt": "POINT (76.83404311537741 43.234935812652104)", "bbox": [76.83401796966791, 43.23489960283041, 76.83406826108694, 43.23497202247381], "pixel_bbox": [6697, 9348, 6772, 9456], "area_m2": 32.868}}, {"type": "Feature", "geometry": {"type": "Polygon", "coordinates": [[[76.83565881103277, 43.23358330875635], [76.83565881103277, 43.233620189130306], [76.83559041470289, 43.233620189130306], [76.83559041470289, 43.23358330875635], [76.83565881103277, 43.23358330875635]]]}, "properties": {"id": 301, "class": "small vehicle", "confidence": 82.2, "source": "Almaty_4", "source_model": "yolo26-obb", "centroid_wkt": "POINT (76.83562461286783 43.23360174894332)", "bbox": [76.83559041470289, 43.23358330875635, 76.83565881103277, 43.233620189130306], "pixel_bbox": [9042, 11364, 9144, 11419], "area_m2": 22.764}}, {"type": "Feature", "geometry": {"type": "Polygon", "coordinates": [[[76.82971637696028, 43.238898776471615], [76.82971637696028, 43.23895510286093], [76.82967279106379, 43.23895510286093], [76.82967279106379, 43.238898776471615], [76.82971637696028, 43.238898776471615]]]}, "properties": {"id": 302, "class": "small vehicle", "confidence": 81.6, "source": "Almaty_4", "source_model": "yolo26-obb", "centroid_wkt": "POINT (76.82969458401203 43.23892693966627)", "bbox": [76.82967279106379, 43.238898776471615, 76.82971637696028, 43.23895510286093], "pixel_bbox": [217, 3408, 282, 3492], "area_m2": 22.154}}, {"type": "Feature", "geometry": {"type": "Polygon", "coordinates": [[[76.8327197805047, 43.239370845258236], [76.8327197805047, 43.23942717164755], [76.83267552405596, 43.23942717164755], [76.83267552405596, 43.239370845258236], [76.8327197805047, 43.239370845258236]]]}, "properties": {"id": 303, "class": "small vehicle", "confidence": 81.4, "source": "Almaty_4", "source_model": "yolo26-obb", "centroid_wkt": "POINT (76.83269765228033 43.23939900845289)", "bbox": [76.83267552405596, 43.239370845258236, 76.8327197805047, 43.23942717164755], "pixel_bbox": [4695, 2704, 4761, 2788], "area_m2": 22.494}}, {"type": "Feature", "geometry": {"type": "Polygon", "coordinates": [[[76.83138471096754, 43.23485467582941], [76.83138471096754, 43.2349069789052], [76.83134246617556, 43.2349069789052], [76.83134246617556, 43.23485467582941], [76.83138471096754, 43.23485467582941]]]}, "properties": {"id": 304, "class": "small vehicle", "confidence": 81.3, "source": "Almaty_4", "source_model": "yolo26-obb", "centroid_wkt": "POINT (76.83136358857153 43.234880827367306)", "bbox": [76.83134246617556, 43.23485467582941, 76.83138471096754, 43.2349069789052], "pixel_bbox": [2707, 9445, 2770, 9523], "area_m2": 19.94}}, {"type": "Feature", "geometry": {"type": "Polygon", "coordinates": [[[76.83384899049997, 43.23564190417528], [76.83384899049997, 43.235692866146564], [76.8338080868125, 43.235692866146564], [76.8338080868125, 43.23564190417528], [76.83384899049997, 43.23564190417528]]]}, "properties": {"id": 305, "class": "small vehicle", "confidence": 81.3, "source": "Almaty_4", "source_model": "yolo26-obb", "centroid_wkt": "POINT (76.83382853865623 43.23566738516092)", "bbox": [76.8338080868125, 43.23564190417528, 76.83384899049997, 43.235692866146564], "pixel_bbox": [6384, 8273, 6445, 8349], "area_m2": 18.811}}, {"type": "Feature", "geometry": {"type": "Polygon", "coordinates": [[[76.83608125895262, 43.23816452175379], [76.83608125895262, 43.23819000273943], [76.83604639023542, 43.23819000273943], [76.83604639023542, 43.23816452175379], [76.83608125895262, 43.23816452175379]]]}, "properties": {"id": 306, "class": "small vehicle", "confidence": 81.3, "source": "Almaty_4", "source_model": "yolo26-obb", "centroid_wkt": "POINT (76.83606382459402 43.23817726224661)", "bbox": [76.83604639023542, 43.23816452175379, 76.83608125895262, 43.23819000273943], "pixel_bbox": [9722, 4549, 9774, 4587], "area_m2": 8.018}}, {"type": "Feature", "geometry": {"type": "Polygon", "coordinates": [[[76.83961775153875, 43.23576729744673], [76.83961775153875, 43.23582831770182], [76.83956276625395, 43.23582831770182], [76.83956276625395, 43.23576729744673], [76.83961775153875, 43.23576729744673]]]}, "properties": {"id": 307, "class": "small vehicle", "confidence": 81.1, "source": "Almaty_4", "source_model": "yolo26-obb", "centroid_wkt": "POINT (76.83959025889635 43.23579780757428)", "bbox": [76.83956276625395, 43.23576729744673, 76.83961775153875, 43.23582831770182], "pixel_bbox": [14966, 8071, 15048, 8162], "area_m2": 30.278}}, {"type": "Feature", "geometry": {"type": "Polygon", "coordinates": [[[76.84015218168497, 43.23710974305868], [76.84015218168497, 43.23716338723898], [76.84011060744524, 43.23716338723898], [76.84011060744524, 43.23710974305868], [76.84015218168497, 43.23710974305868]]]}, "properties": {"id": 308, "class": "small vehicle", "confidence": 81.0, "source": "Almaty_4", "source_model": "yolo26-obb", "centroid_wkt": "POINT (76.84013139456509 43.23713656514883)", "bbox": [76.84011060744524, 43.23710974305868, 76.84015218168497, 43.23716338723898], "pixel_bbox": [15783, 6080, 15845, 6160], "area_m2": 20.126}}, {"type": "Feature", "geometry": {"type": "Polygon", "coordinates": [[[76.83664787560701, 43.23701452463865], [76.83664787560701, 43.23704402893782], [76.83658886700869, 43.23704402893782], [76.83658886700869, 43.23701452463865], [76.83664787560701, 43.23701452463865]]]}, "properties": {"id": 309, "class": "small vehicle", "confidence": 80.9, "source": "Almaty_4", "source_model": "yolo26-obb", "centroid_wkt": "POINT (76.83661837130785 43.237029276788235)", "bbox": [76.83658886700869, 43.23701452463865, 76.83664787560701, 43.23704402893782], "pixel_bbox": [10531, 6258, 10619, 6302], "area_m2": 15.711}}, {"type": "Feature", "geometry": {"type": "Polygon", "coordinates": [[[76.83273185044527, 43.23944661766291], [76.83273185044527, 43.23950428515673], [76.83267954736948, 43.23950428515673], [76.83267954736948, 43.23944661766291], [76.83273185044527, 43.23944661766291]]]}, "properties": {"id": 310, "class": "small vehicle", "confidence": 80.4, "source": "Almaty_4", "source_model": "yolo26-obb", "centroid_wkt": "POINT (76.83270569890738 43.23947545140981)", "bbox": [76.83267954736948, 43.23944661766291, 76.83273185044527, 43.23950428515673], "pixel_bbox": [4701, 2589, 4779, 2675], "area_m2": 27.217}}, {"type": "Feature", "geometry": {"type": "Polygon", "coordinates": [[[76.83551732450724, 43.23384080082178], [76.83551732450724, 43.23386359959841], [76.8354569748044, 43.23386359959841], [76.8354569748044, 43.23384080082178], [76.83551732450724, 43.23384080082178]]]}, "properties": {"id": 311, "class": "small vehicle", "confidence": 80.2, "source": "Almaty_4", "source_model": "yolo26-obb", "centroid_wkt": "POINT (76.83548714965582 43.233852200210094)", "bbox": [76.8354569748044, 43.23384080082178, 76.83551732450724, 43.23386359959841], "pixel_bbox": [8843, 11001, 8933, 11035], "area_m2": 12.417}}, {"type": "Feature", "geometry": {"type": "Polygon", "coordinates": [[[76.83612618595362, 43.236942775547504], [76.83612618595362, 43.236991725862026], [76.83608930557966, 43.236991725862026], [76.83608930557966, 43.236942775547504], [76.83612618595362, 43.236942775547504]]]}, "properties": {"id": 312, "class": "small vehicle", "confidence": 80.1, "source": "Almaty_4", "source_model": "yolo26-obb", "centroid_wkt": "POINT (76.83610774576664 43.236967250704765)", "bbox": [76.83608930557966, 43.236942775547504, 76.83612618595362, 43.236991725862026], "pixel_bbox": [9786, 6336, 9841, 6409], "area_m2": 16.291}}, {"type": "Feature", "geometry": {"type": "Polygon", "coordinates": [[[76.8338530138135, 43.23831405490637], [76.8338530138135, 43.23837239295244], [76.83380741626024, 43.23837239295244], [76.83380741626024, 43.23831405490637], [76.8338530138135, 43.23831405490637]]]}, "properties": {"id": 313, "class": "small vehicle", "confidence": 80.1, "source": "Almaty_4", "source_model": "yolo26-obb", "centroid_wkt": "POINT (76.83383021503687 43.2383432239294)", "bbox": [76.83380741626024, 43.23831405490637, 76.8338530138135, 43.23837239295244], "pixel_bbox": [6383, 4277, 6451, 4364], "area_m2": 24.004}}, {"type": "Feature", "geometry": {"type": "Polygon", "coordinates": [[[76.83900352567434, 43.24049603193998], [76.83900352567434, 43.240546993911266], [76.83896396309137, 43.240546993911266], [76.83896396309137, 43.24049603193998], [76.83900352567434, 43.24049603193998]]]}, "properties": {"id": 314, "class": "small vehicle", "confidence": 79.9, "source": "Almaty_4", "source_model": "yolo26-obb", "centroid_wkt": "POINT (76.83898374438286 43.24052151292563)", "bbox": [76.83896396309137, 43.24049603193998, 76.83900352567434, 43.240546993911266], "pixel_bbox": [14073, 1034, 14132, 1110], "area_m2": 18.193}}, {"type": "Feature", "geometry": {"type": "Polygon", "coordinates": [[[76.83084156364202, 43.23902618139982], [76.83084156364202, 43.239077143371105], [76.83080602437258, 43.239077143371105], [76.83080602437258, 43.23902618139982], [76.83084156364202, 43.23902618139982]]]}, "properties": {"id": 315, "class": "small vehicle", "confidence": 79.7, "source": "Almaty_4", "source_model": "yolo26-obb", "centroid_wkt": "POINT (76.83082379400729 43.23905166238547)", "bbox": [76.83080602437258, 43.23902618139982, 76.83084156364202, 43.239077143371105], "pixel_bbox": [1907, 3226, 1960, 3302], "area_m2": 16.343}}, {"type": "Feature", "geometry": {"type": "Polygon", "coordinates": [[[76.8297740444541, 43.23875863105059], [76.8297740444541, 43.238812275230885], [76.82973314076662, 43.238812275230885], [76.82973314076662, 43.23875863105059], [76.8297740444541, 43.23875863105059]]]}, "properties": {"id": 316, "class": "small vehicle", "confidence": 79.6, "source": "Almaty_4", "source_model": "yolo26-obb", "centroid_wkt": "POINT (76.82975359261037 43.23878545314074)", "bbox": [76.82973314076662, 43.23875863105059, 76.8297740444541, 43.238812275230885], "pixel_bbox": [307, 3621, 368, 3701], "area_m2": 19.8}}, {"type": "Feature", "geometry": {"type": "Polygon", "coordinates": [[[76.83970760554075, 43.235941641032696], [76.83970760554075, 43.23599260300398], [76.83966804295778, 43.23599260300398], [76.83966804295778, 43.235941641032696], [76.83970760554075, 43.235941641032696]]]}, "properties": {"id": 317, "class": "small vehicle", "confidence": 79.4, "source": "Almaty_4", "source_model": "yolo26-obb", "centroid_wkt": "POINT (76.83968782424927 43.235967122018344)", "bbox": [76.83966804295778, 43.235941641032696, 76.83970760554075, 43.23599260300398], "pixel_bbox": [15123, 7826, 15182, 7902], "area_m2": 18.195}}, {"type": "Feature", "geometry": {"type": "Polygon", "coordinates": [[[76.83508615940809, 43.233542405068874], [76.83508615940809, 43.23357190936804], [76.835025139153, 43.23357190936804], [76.835025139153, 43.233542405068874], [76.83508615940809, 43.233542405068874]]]}, "properties": {"id": 318, "class": "small vehicle", "confidence": 79.0, "source": "Almaty_4", "source_model": "yolo26-obb", "centroid_wkt": "POINT (76.83505564928055 43.23355715721845)", "bbox": [76.835025139153, 43.233542405068874, 76.83508615940809, 43.23357190936804], "pixel_bbox": [8199, 11436, 8290, 11480], "area_m2": 16.248}}, {"type": "Feature", "geometry": {"type": "Polygon", "coordinates": [[[76.84021722525358, 43.23694948107004], [76.84021722525358, 43.23700111359358], [76.84017766267061, 43.23700111359358], [76.84017766267061, 43.23694948107004], [76.84021722525358, 43.23694948107004]]]}, "properties": {"id": 319, "class": "small vehicle", "confidence": 78.9, "source": "Almaty_4", "source_model": "yolo26-obb", "centroid_wkt": "POINT (76.8401974439621 43.23697529733181)", "bbox": [76.84017766267061, 43.23694948107004, 76.84021722525358, 43.23700111359358], "pixel_bbox": [15883, 6322, 15942, 6399], "area_m2": 18.434}}, {"type": "Feature", "geometry": {"type": "Polygon", "coordinates": [[[76.83167841285467, 43.23429208248854], [76.83167841285467, 43.234345726668835], [76.83163817971945, 43.234345726668835], [76.83163817971945, 43.23429208248854], [76.83167841285467, 43.23429208248854]]]}, "properties": {"id": 320, "class": "small vehicle", "confidence": 78.8, "source": "Almaty_4", "source_model": "yolo26-obb", "centroid_wkt": "POINT (76.83165829628706 43.234318904578686)", "bbox": [76.83163817971945, 43.23429208248854, 76.83167841285467, 43.234345726668835], "pixel_bbox": [3148, 10282, 3208, 10362], "area_m2": 19.477}}, {"type": "Feature", "geometry": {"type": "Polygon", "coordinates": [[[76.83364849537611, 43.23559161275625], [76.83364849537611, 43.23564928025007], [76.83360021561384, 43.23564928025007], [76.83360021561384, 43.23559161275625], [76.83364849537611, 43.23559161275625]]]}, "properties": {"id": 321, "class": "small vehicle", "confidence": 78.5, "source": "Almaty_4", "source_model": "yolo26-obb", "centroid_wkt": "POINT (76.83362435549498 43.23562044650316)", "bbox": [76.83360021561384, 43.23559161275625, 76.83364849537611, 43.23564928025007], "pixel_bbox": [6074, 8338, 6146, 8424], "area_m2": 25.125}}, {"type": "Feature", "geometry": {"type": "Polygon", "coordinates": [[[76.82997386902571, 43.2382932677865], [76.82997386902571, 43.23835160583258], [76.8299276009202, 43.23835160583258], [76.8299276009202, 43.2382932677865], [76.82997386902571, 43.2382932677865]]]}, "properties": {"id": 322, "class": "small vehicle", "confidence": 78.5, "source": "Almaty_4", "source_model": "yolo26-obb", "centroid_wkt": "POINT (76.82995073497295 43.23832243680954)", "bbox": [76.8299276009202, 43.2382932677865, 76.82997386902571, 43.23835160583258], "pixel_bbox": [597, 4308, 666, 4395], "area_m2": 24.357}}, {"type": "Feature", "geometry": {"type": "Polygon", "coordinates": [[[76.8370595946908, 43.24047524482012], [76.8370595946908, 43.240508772432804], [76.8369972333312, 43.240508772432804], [76.8369972333312, 43.24047524482012], [76.8370595946908, 43.24047524482012]]]}, "properties": {"id": 323, "class": "small vehicle", "confidence": 78.2, "source": "Almaty_4", "source_model": "yolo26-obb", "centroid_wkt": "POINT (76.837028414011 43.240492008626454)", "bbox": [76.8369972333312, 43.24047524482012, 76.8370595946908, 43.240508772432804], "pixel_bbox": [11140, 1091, 11233, 1141], "area_m2": 18.867}}, {"type": "Feature", "geometry": {"type": "Polygon", "coordinates": [[[76.8383376672864, 43.23431756347418], [76.8383376672864, 43.2343577966094], [76.83828067034483, 43.2343577966094], [76.83828067034483, 43.23431756347418], [76.8383376672864, 43.23431756347418]]]}, "properties": {"id": 324, "class": "small vehicle", "confidence": 78.0, "source": "Almaty_4", "source_model": "yolo26-obb", "centroid_wkt": "POINT (76.83830916881561 43.23433768004178)", "bbox": [76.83828067034483, 43.23431756347418, 76.8383376672864, 43.2343577966094], "pixel_bbox": [13054, 10264, 13139, 10324], "area_m2": 20.695}}, {"type": "Feature", "geometry": {"type": "Polygon", "coordinates": [[[76.83899011462927, 43.240681774914265], [76.83899011462927, 43.24073541909456], [76.83894786983728, 43.24073541909456], [76.83894786983728, 43.240681774914265], [76.83899011462927, 43.240681774914265]]]}, "properties": {"id": 325, "class": "small vehicle", "confidence": 77.9, "source": "Almaty_4", "source_model": "yolo26-obb", "centroid_wkt": "POINT (76.83896899223328 43.24070859700441)", "bbox": [76.83894786983728, 43.240681774914265, 76.83899011462927, 43.24073541909456], "pixel_bbox": [14049, 753, 14112, 833], "area_m2": 20.449}}, {"type": "Feature", "geometry": {"type": "Polygon", "coordinates": [[[76.83750417083502, 43.24069384485483], [76.83750417083502, 43.24072737246752], [76.8374391272664, 43.24072737246752], [76.8374391272664, 43.24069384485483], [76.83750417083502, 43.24069384485483]]]}, "properties": {"id": 326, "class": "large vehicle", "confidence": 77.8, "source": "Almaty_4", "source_model": "yolo26-obb", "centroid_wkt": "POINT (76.83747164905071 43.24071060866117)", "bbox": [76.8374391272664, 43.24069384485483, 76.83750417083502, 43.24072737246752], "pixel_bbox": [11799, 765, 11896, 815], "area_m2": 19.678}}, {"type": "Feature", "geometry": {"type": "Polygon", "coordinates": [[[76.83696504682302, 43.24057448655367], [76.83696504682302, 43.24060533195734], [76.83691676706076, 43.24060533195734], [76.83691676706076, 43.24057448655367], [76.83696504682302, 43.24057448655367]]]}, "properties": {"id": 327, "class": "small vehicle", "confidence": 77.7, "source": "Almaty_4", "source_model": "yolo26-obb", "centroid_wkt": "POINT (76.8369409069419 43.240589909255505)", "bbox": [76.83691676706076, 43.24057448655367, 76.83696504682302, 43.24060533195734], "pixel_bbox": [11020, 947, 11092, 993], "area_m2": 13.438}}, {"type": "Feature", "geometry": {"type": "Polygon", "coordinates": [[[76.83959629386663, 43.23582161217928], [76.83959629386663, 43.23585715144873], [76.83953125029802, 43.23585715144873], [76.83953125029802, 43.23582161217928], [76.83959629386663, 43.23582161217928]]]}, "properties": {"id": 328, "class": "small vehicle", "confidence": 77.6, "source": "Almaty_4", "source_model": "yolo26-obb", "centroid_wkt": "POINT (76.83956377208234 43.23583938181401)", "bbox": [76.83953125029802, 43.23582161217928, 76.83959629386663, 43.23585715144873], "pixel_bbox": [14919, 8028, 15016, 8081], "area_m2": 20.86}}, {"type": "Feature", "geometry": {"type": "Polygon", "coordinates": [[[76.8300362303853, 43.23899935930967], [76.8300362303853, 43.2390395924449], [76.82994436472654, 43.2390395924449], [76.82994436472654, 43.23899935930967], [76.8300362303853, 43.23899935930967]]]}, "properties": {"id": 329, "class": "large vehicle", "confidence": 77.4, "source": "Almaty_4", "source_model": "yolo26-obb", "centroid_wkt": "POINT (76.82999029755591 43.239019475877285)", "bbox": [76.82994436472654, 43.23899935930967, 76.8300362303853, 43.2390395924449], "pixel_bbox": [622, 3282, 759, 3342], "area_m2": 33.352}}, {"type": "Feature", "geometry": {"type": "Polygon", "coordinates": [[[76.83792058378458, 43.239415772259235], [76.83792058378458, 43.23947008699179], [76.8378796800971, 43.23947008699179], [76.8378796800971, 43.239415772259235], [76.83792058378458, 43.239415772259235]]]}, "properties": {"id": 330, "class": "small vehicle", "confidence": 77.2, "source": "Almaty_4", "source_model": "yolo26-obb", "centroid_wkt": "POINT (76.83790013194084 43.23944292962551)", "bbox": [76.8378796800971, 43.239415772259235, 76.83792058378458, 43.23947008699179], "pixel_bbox": [12456, 2640, 12517, 2721], "area_m2": 20.048}}, {"type": "Feature", "geometry": {"type": "Polygon", "coordinates": [[[76.84109766036272, 43.23546890169382], [76.84109766036272, 43.23549572378397], [76.8410399928689, 43.23549572378397], [76.8410399928689, 43.23546890169382], [76.84109766036272, 43.23546890169382]]]}, "properties": {"id": 331, "class": "small vehicle", "confidence": 77.2, "source": "Almaty_4", "source_model": "yolo26-obb", "centroid_wkt": "POINT (76.8410688266158 43.235482312738895)", "bbox": [76.8410399928689, 43.23546890169382, 76.84109766036272, 43.23549572378397], "pixel_bbox": [17169, 8567, 17255, 8607], "area_m2": 13.958}}, {"type": "Feature", "geometry": {"type": "Polygon", "coordinates": [[[76.83957550674677, 43.235871233046055], [76.83957550674677, 43.23590476065874], [76.83951448649168, 43.23590476065874], [76.83951448649168, 43.235871233046055], [76.83957550674677, 43.235871233046055]]]}, "properties": {"id": 332, "class": "small vehicle", "confidence": 75.8, "source": "Almaty_4", "source_model": "yolo26-obb", "centroid_wkt": "POINT (76.83954499661922 43.2358879968524)", "bbox": [76.83951448649168, 43.235871233046055, 76.83957550674677, 43.23590476065874], "pixel_bbox": [14894, 7957, 14985, 8007], "area_m2": 18.462}}, {"type": "Feature", "geometry": {"type": "Polygon", "coordinates": [[[76.83529000729322, 43.23350552469492], [76.83529000729322, 43.233539052307606], [76.83522630482912, 43.233539052307606], [76.83522630482912, 43.23350552469492], [76.83529000729322, 43.23350552469492]]]}, "properties": {"id": 333, "class": "small vehicle", "confidence": 75.8, "source": "Almaty_4", "source_model": "yolo26-obb", "centroid_wkt": "POINT (76.83525815606117 43.23352228850127)", "bbox": [76.83522630482912, 43.23350552469492, 76.83529000729322, 43.233539052307606], "pixel_bbox": [8499, 11485, 8594, 11535], "area_m2": 19.275}}, {"type": "Feature", "geometry": {"type": "Polygon", "coordinates": [[[76.83234829455614, 43.23966722935438], [76.83234829455614, 43.239725567400455], [76.83230202645063, 43.239725567400455], [76.83230202645063, 43.23966722935438], [76.83234829455614, 43.23966722935438]]]}, "properties": {"id": 334, "class": "small vehicle", "confidence": 75.7, "source": "Almaty_4", "source_model": "yolo26-obb", "centroid_wkt": "POINT (76.83232516050339 43.23969639837742)", "bbox": [76.83230202645063, 43.23966722935438, 76.83234829455614, 43.239725567400455], "pixel_bbox": [4138, 2259, 4207, 2346], "area_m2": 24.357}}, {"type": "Feature", "geometry": {"type": "Polygon", "coordinates": [[[76.83749679476023, 43.23642376810312], [76.83749679476023, 43.23645528405905], [76.8374391272664, 43.23645528405905], [76.8374391272664, 43.23642376810312], [76.83749679476023, 43.23642376810312]]]}, "properties": {"id": 335, "class": "small vehicle", "confidence": 75.7, "source": "Almaty_4", "source_model": "yolo26-obb", "centroid_wkt": "POINT (76.83746796101332 43.236439526081085)", "bbox": [76.8374391272664, 43.23642376810312, 76.83749679476023, 43.23645528405905], "pixel_bbox": [11799, 7136, 11885, 7183], "area_m2": 16.401}}, {"type": "Feature", "geometry": {"type": "Polygon", "coordinates": [[[76.83516394346952, 43.238707669079304], [76.83516394346952, 43.23874454945326], [76.83509219437838, 43.23874454945326], [76.83509219437838, 43.238707669079304], [76.83516394346952, 43.238707669079304]]]}, "properties": {"id": 336, "class": "large vehicle", "confidence": 75.5, "source": "Almaty_4", "source_model": "yolo26-obb", "centroid_wkt": "POINT (76.83512806892396 43.23872610926628)", "bbox": [76.83509219437838, 43.238707669079304, 76.83516394346952, 43.23874454945326], "pixel_bbox": [8299, 3722, 8406, 3777], "area_m2": 23.878}}, {"type": "Feature", "geometry": {"type": "Polygon", "coordinates": [[[76.8339167162776, 43.233229257166386], [76.8339167162776, 43.23325742036104], [76.83386038988829, 43.23325742036104], [76.83386038988829, 43.233229257166386], [76.8339167162776, 43.233229257166386]]]}, "properties": {"id": 337, "class": "small vehicle", "confidence": 75.3, "source": "Almaty_4", "source_model": "yolo26-obb", "centroid_wkt": "POINT (76.83388855308293 43.233243338763714)", "bbox": [76.83386038988829, 43.233229257166386, 76.8339167162776, 43.23325742036104], "pixel_bbox": [6462, 11905, 6546, 11947], "area_m2": 14.316}}, {"type": "Feature", "geometry": {"type": "Polygon", "coordinates": [[[76.83905716985464, 43.237400092184544], [76.83905716985464, 43.23742087930441], [76.8390142545104, 43.23742087930441], [76.8390142545104, 43.237400092184544], [76.83905716985464, 43.237400092184544]]]}, "properties": {"id": 338, "class": "small vehicle", "confidence": 74.7, "source": "Almaty_4", "source_model": "yolo26-obb", "centroid_wkt": "POINT (76.83903571218252 43.237410485744476)", "bbox": [76.8390142545104, 43.237400092184544, 76.83905716985464, 43.23742087930441], "pixel_bbox": [14148, 5696, 14212, 5727], "area_m2": 8.05}}, {"type": "Feature", "geometry": {"type": "Polygon", "coordinates": [[[76.83775763958693, 43.2407595589757], [76.83775763958693, 43.24079241603613], [76.8376912549138, 43.24079241603613], [76.8376912549138, 43.2407595589757], [76.83775763958693, 43.2407595589757]]]}, "properties": {"id": 339, "class": "small vehicle", "confidence": 74.6, "source": "Almaty_4", "source_model": "yolo26-obb", "centroid_wkt": "POINT (76.83772444725038 43.24077598750592)", "bbox": [76.8376912549138, 43.2407595589757, 76.83775763958693, 43.24079241603613], "pixel_bbox": [12175, 668, 12274, 717], "area_m2": 19.682}}, {"type": "Feature", "geometry": {"type": "Polygon", "coordinates": [[[76.83916244655848, 43.24037801474333], [76.83916244655848, 43.24043568223715], [76.83912020176649, 43.24043568223715], [76.83912020176649, 43.24037801474333], [76.83916244655848, 43.24037801474333]]]}, "properties": {"id": 340, "class": "small vehicle", "confidence": 74.2, "source": "Almaty_4", "source_model": "yolo26-obb", "centroid_wkt": "POINT (76.8391413241625 43.24040684849023)", "bbox": [76.83912020176649, 43.24037801474333, 76.83916244655848, 43.24043568223715], "pixel_bbox": [14306, 1200, 14369, 1286], "area_m2": 21.983}}, {"type": "Feature", "geometry": {"type": "Polygon", "coordinates": [[[76.83726344257593, 43.236368112266064], [76.83726344257593, 43.236400969326496], [76.83720510452986, 43.236400969326496], [76.83720510452986, 43.236368112266064], [76.83726344257593, 43.236368112266064]]]}, "properties": {"id": 341, "class": "small vehicle", "confidence": 74.1, "source": "Almaty_4", "source_model": "yolo26-obb", "centroid_wkt": "POINT (76.83723427355288 43.23638454079628)", "bbox": [76.83720510452986, 43.236368112266064, 76.83726344257593, 43.236400969326496], "pixel_bbox": [11450, 7217, 11537, 7266], "area_m2": 17.298}}, {"type": "Feature", "geometry": {"type": "Polygon", "coordinates": [[[76.83238718658686, 43.239631690084934], [76.83238718658686, 43.23966857045889], [76.83232013136148, 43.23966857045889], [76.83232013136148, 43.239631690084934], [76.83238718658686, 43.239631690084934]]]}, "properties": {"id": 342, "class": "small vehicle", "confidence": 74.0, "source": "Almaty_4", "source_model": "yolo26-obb", "centroid_wkt": "POINT (76.83235365897417 43.23965013027191)", "bbox": [76.83232013136148, 43.239631690084934, 76.83238718658686, 43.23966857045889], "pixel_bbox": [4165, 2344, 4265, 2399], "area_m2": 22.316}}, {"type": "Feature", "geometry": {"type": "Polygon", "coordinates": [[[76.83996241539717, 43.238221518695354], [76.83996241539717, 43.238279186189175], [76.83992017060518, 43.238279186189175], [76.83992017060518, 43.238221518695354], [76.83996241539717, 43.238221518695354]]]}, "properties": {"id": 343, "class": "small vehicle", "confidence": 73.8, "source": "Almaty_4", "source_model": "yolo26-obb", "centroid_wkt": "POINT (76.83994129300117 43.23825035244226)", "bbox": [76.83992017060518, 43.238221518695354, 76.83996241539717, 43.238279186189175], "pixel_bbox": [15499, 4416, 15562, 4502], "area_m2": 21.984}}, {"type": "Feature", "geometry": {"type": "Polygon", "coordinates": [[[76.83217328041792, 43.23323663324118], [76.83217328041792, 43.233292289078236], [76.83212902396917, 43.233292289078236], [76.83212902396917, 43.23323663324118], [76.83217328041792, 43.23323663324118]]]}, "properties": {"id": 344, "class": "small vehicle", "confidence": 73.1, "source": "Almaty_4", "source_model": "yolo26-obb", "centroid_wkt": "POINT (76.83215115219355 43.233264461159706)", "bbox": [76.83212902396917, 43.23323663324118, 76.83217328041792, 43.233292289078236], "pixel_bbox": [3880, 11853, 3946, 11936], "area_m2": 22.229}}, {"type": "Feature", "geometry": {"type": "Polygon", "coordinates": [[[76.83750484138727, 43.235710971057415], [76.83750484138727, 43.23575992137194], [76.83746863156557, 43.23575992137194], [76.83746863156557, 43.235710971057415], [76.83750484138727, 43.235710971057415]]]}, "properties": {"id": 345, "class": "small vehicle", "confidence": 72.7, "source": "Almaty_4", "source_model": "yolo26-obb", "centroid_wkt": "POINT (76.83748673647642 43.235735446214676)", "bbox": [76.83746863156557, 43.235710971057415, 76.83750484138727, 43.23575992137194], "pixel_bbox": [11843, 8173, 11897, 8246], "area_m2": 15.995}}, {"type": "Feature", "geometry": {"type": "Polygon", "coordinates": [[[76.83904308825731, 43.24072536081076], [76.83904308825731, 43.24078034609556], [76.83900017291307, 43.24078034609556], [76.83900017291307, 43.24072536081076], [76.83904308825731, 43.24072536081076]]]}, "properties": {"id": 346, "class": "small vehicle", "confidence": 72.5, "source": "Almaty_4", "source_model": "yolo26-obb", "centroid_wkt": "POINT (76.8390216305852 43.24075285345316)", "bbox": [76.83900017291307, 43.24072536081076, 76.83904308825731, 43.24078034609556], "pixel_bbox": [14127, 686, 14191, 768], "area_m2": 21.293}}, {"type": "Feature", "geometry": {"type": "Polygon", "coordinates": [[[76.83231342583895, 43.239617608487606], [76.83231342583895, 43.23964577168226], [76.83227118104696, 43.23964577168226], [76.83227118104696, 43.239617608487606], [76.83231342583895, 43.239617608487606]]]}, "properties": {"id": 347, "class": "small vehicle", "confidence": 72.4, "source": "Almaty_4", "source_model": "yolo26-obb", "centroid_wkt": "POINT (76.83229230344294 43.239631690084934)", "bbox": [76.83227118104696, 43.239617608487606, 76.83231342583895, 43.23964577168226], "pixel_bbox": [4092, 2378, 4155, 2420], "area_m2": 10.736}}, {"type": "Feature", "geometry": {"type": "Polygon", "coordinates": [[[76.83382418006659, 43.23325406759977], [76.83382418006659, 43.233284913003445], [76.83376785367727, 43.233284913003445], [76.83376785367727, 43.23325406759977], [76.83382418006659, 43.23325406759977]]]}, "properties": {"id": 348, "class": "small vehicle", "confidence": 72.3, "source": "Almaty_4", "source_model": "yolo26-obb", "centroid_wkt": "POINT (76.83379601687194 43.23326949030161)", "bbox": [76.83376785367727, 43.23325406759977, 76.83382418006659, 43.233284913003445], "pixel_bbox": [6324, 11864, 6408, 11910], "area_m2": 15.679}}, {"type": "Feature", "geometry": {"type": "Polygon", "coordinates": [[[76.83664184063673, 43.236966244876385], [76.83664184063673, 43.237000443041325], [76.83657746762037, 43.237000443041325], [76.83657746762037, 43.236966244876385], [76.83664184063673, 43.236966244876385]]]}, "properties": {"id": 349, "class": "small vehicle", "confidence": 71.5, "source": "Almaty_4", "source_model": "yolo26-obb", "centroid_wkt": "POINT (76.83660965412854 43.236983343958855)", "bbox": [76.83657746762037, 43.236966244876385, 76.83664184063673, 43.237000443041325], "pixel_bbox": [10514, 6323, 10610, 6374], "area_m2": 19.866}}, {"type": "Feature", "geometry": {"type": "Polygon", "coordinates": [[[76.8338818475604, 43.23565263301134], [76.8338818475604, 43.23570292443037], [76.83384094387293, 43.23570292443037], [76.83384094387293, 43.23565263301134], [76.8338818475604, 43.23565263301134]]]}, "properties": {"id": 350, "class": "small vehicle", "confidence": 71.1, "source": "Almaty_4", "source_model": "yolo26-obb", "centroid_wkt": "POINT (76.83386139571667 43.235677778720856)", "bbox": [76.83384094387293, 43.23565263301134, 76.8338818475604, 43.23570292443037], "pixel_bbox": [6433, 8258, 6494, 8333], "area_m2": 18.564}}, {"type": "Feature", "geometry": {"type": "Polygon", "coordinates": [[[76.83180514723063, 43.23502231389284], [76.83180514723063, 43.235051818192005], [76.83173943310976, 43.235051818192005], [76.83173943310976, 43.23502231389284], [76.83180514723063, 43.23502231389284]]]}, "properties": {"id": 351, "class": "ship", "confidence": 71.0, "source": "Almaty_4", "source_model": "yolo26-obb", "centroid_wkt": "POINT (76.83177229017019 43.23503706604242)", "bbox": [76.83173943310976, 43.23502231389284, 76.83180514723063, 43.235051818192005], "pixel_bbox": [3299, 9229, 3397, 9273], "area_m2": 17.497}}, {"type": "Feature", "geometry": {"type": "Polygon", "coordinates": [[[76.84016022831202, 43.23637347668409], [76.84016022831202, 43.23643047362566], [76.84011597186327, 43.23643047362566], [76.84011597186327, 43.23637347668409], [76.84016022831202, 43.23637347668409]]]}, "properties": {"id": 352, "class": "small vehicle", "confidence": 70.9, "source": "Almaty_4", "source_model": "yolo26-obb", "centroid_wkt": "POINT (76.84013810008763 43.23640197515487)", "bbox": [76.84011597186327, 43.23637347668409, 76.84016022831202, 43.23643047362566], "pixel_bbox": [15791, 7173, 15857, 7258], "area_m2": 22.763}}, {"type": "Feature", "geometry": {"type": "Polygon", "coordinates": [[[76.83361496776342, 43.23900941759348], [76.83361496776342, 43.23906507343054], [76.83357138186693, 43.23906507343054], [76.83357138186693, 43.23900941759348], [76.83361496776342, 43.23900941759348]]]}, "properties": {"id": 353, "class": "small vehicle", "confidence": 70.2, "source": "Almaty_4", "source_model": "yolo26-obb", "centroid_wkt": "POINT (76.83359317481516 43.23903724551201)", "bbox": [76.83357138186693, 43.23900941759348, 76.83361496776342, 43.23906507343054], "pixel_bbox": [6031, 3244, 6096, 3327], "area_m2": 21.89}}, {"type": "Feature", "geometry": {"type": "Polygon", "coordinates": [[[76.83458123356104, 43.24015203863382], [76.83458123356104, 43.240184225142], [76.83452490717173, 43.240184225142], [76.83452490717173, 43.24015203863382], [76.83458123356104, 43.24015203863382]]]}, "properties": {"id": 354, "class": "small vehicle", "confidence": 70.2, "source": "Almaty_4", "source_model": "yolo26-obb", "centroid_wkt": "POINT (76.83455307036638 43.24016813188791)", "bbox": [76.83452490717173, 43.24015203863382, 76.83458123356104, 43.240184225142], "pixel_bbox": [7453, 1575, 7537, 1623], "area_m2": 16.359}}, {"type": "Feature", "geometry": {"type": "Polygon", "coordinates": [[[76.83622475713491, 43.23814172297716], [76.83622475713491, 43.23817726224661], [76.83615703135729, 43.23817726224661], [76.83615703135729, 43.23814172297716], [76.83622475713491, 43.23814172297716]]]}, "properties": {"id": 355, "class": "small vehicle", "confidence": 69.9, "source": "Almaty_4", "source_model": "yolo26-obb", "centroid_wkt": "POINT (76.8361908942461 43.238159492611885)", "bbox": [76.83615703135729, 43.23814172297716, 76.83622475713491, 43.23817726224661], "pixel_bbox": [9887, 4568, 9988, 4621], "area_m2": 21.72}}, {"type": "Feature", "geometry": {"type": "Polygon", "coordinates": [[[76.8361047282815, 43.23698703199625], [76.8361047282815, 43.237036652863026], [76.83607053011656, 43.237036652863026], [76.83607053011656, 43.23698703199625], [76.8361047282815, 43.23698703199625]]]}, "properties": {"id": 356, "class": "small vehicle", "confidence": 69.9, "source": "Almaty_4", "source_model": "yolo26-obb", "centroid_wkt": "POINT (76.83608762919903 43.23701184242964)", "bbox": [76.83607053011656, 43.23698703199625, 76.8361047282815, 43.237036652863026], "pixel_bbox": [9758, 6269, 9809, 6343], "area_m2": 15.313}}, {"type": "Feature", "geometry": {"type": "Polygon", "coordinates": [[[76.84071946889162, 43.236288987100124], [76.84071946889162, 43.23634196072817], [76.8406805768609, 43.23634196072817], [76.8406805768609, 43.236288987100124], [76.84071946889162, 43.236288987100124]]]}, "properties": {"id": 357, "class": "small vehicle", "confidence": 69.0, "source": "Almaty_4", "source_model": "yolo26-obb", "centroid_wkt": "POINT (76.84070002287626 43.236315473914146)", "bbox": [76.8406805768609, 43.236288987100124, 76.84071946889162, 43.23634196072817], "pixel_bbox": [16633, 7305, 16691, 7384], "area_m2": 18.592}}, {"type": "Feature", "geometry": {"type": "Polygon", "coordinates": [[[76.8372030928731, 43.23635000735521], [76.8372030928731, 43.23638554662466], [76.83713871985674, 43.23638554662466], [76.83713871985674, 43.23635000735521], [76.8372030928731, 43.23635000735521]]]}, "properties": {"id": 358, "class": "small vehicle", "confidence": 68.9, "source": "Almaty_4", "source_model": "yolo26-obb", "centroid_wkt": "POINT (76.8371709063649 43.23636777698994)", "bbox": [76.83713871985674, 43.23635000735521, 76.8372030928731, 43.23638554662466], "pixel_bbox": [11351, 7240, 11447, 7293], "area_m2": 20.645}}, {"type": "Feature", "geometry": {"type": "Polygon", "coordinates": [[[76.8410225585103, 43.23501158505678], [76.8410225585103, 43.23506388813257], [76.84098165482283, 43.23506388813257], [76.84098165482283, 43.23501158505678], [76.8410225585103, 43.23501158505678]]]}, "properties": {"id": 359, "class": "small vehicle", "confidence": 68.7, "source": "Almaty_4", "source_model": "yolo26-obb", "centroid_wkt": "POINT (76.84100210666655 43.23503773659468)", "bbox": [76.84098165482283, 43.23501158505678, 76.8410225585103, 43.23506388813257], "pixel_bbox": [17082, 9211, 17143, 9289], "area_m2": 19.307}}, {"type": "Feature", "geometry": {"type": "Polygon", "coordinates": [[[76.8316126987338, 43.23878679424524], [76.8316126987338, 43.23881026357412], [76.8315838649869, 43.23881026357412], [76.8315838649869, 43.23878679424524], [76.8316126987338, 43.23878679424524]]]}, "properties": {"id": 360, "class": "ship", "confidence": 68.6, "source": "Almaty_4", "source_model": "yolo26-obb", "centroid_wkt": "POINT (76.83159828186035 43.23879852890969)", "bbox": [76.8315838649869, 43.23878679424524, 76.8316126987338, 43.23881026357412], "pixel_bbox": [3067, 3624, 3110, 3659], "area_m2": 6.107}}, {"type": "Feature", "geometry": {"type": "Polygon", "coordinates": [[[76.83950711041689, 43.23882702738047], [76.83950711041689, 43.23891218751669], [76.83945078402758, 43.23891218751669], [76.83945078402758, 43.23882702738047], [76.83950711041689, 43.23882702738047]]]}, "properties": {"id": 361, "class": "ship", "confidence": 68.1, "source": "Almaty_4", "source_model": "yolo26-obb", "centroid_wkt": "POINT (76.83947894722223 43.238869607448585)", "bbox": [76.83945078402758, 43.23882702738047, 76.83950711041689, 43.23891218751669], "pixel_bbox": [14799, 3472, 14883, 3599], "area_m2": 43.285}}, {"type": "Feature", "geometry": {"type": "Polygon", "coordinates": [[[76.83951515704393, 43.23774944990873], [76.83951515704393, 43.23779907077551], [76.83947626501322, 43.23779907077551], [76.83947626501322, 43.23774944990873], [76.83951515704393, 43.23774944990873]]]}, "properties": {"id": 362, "class": "small vehicle", "confidence": 67.2, "source": "Almaty_4", "source_model": "yolo26-obb", "centroid_wkt": "POINT (76.83949571102858 43.23777426034212)", "bbox": [76.83947626501322, 43.23774944990873, 76.83951515704393, 43.23779907077551], "pixel_bbox": [14837, 5132, 14895, 5206], "area_m2": 17.415}}, {"type": "Feature", "geometry": {"type": "Polygon", "coordinates": [[[76.83734726160765, 43.239781223237514], [76.83734726160765, 43.239810056984425], [76.83729227632284, 43.239810056984425], [76.83729227632284, 43.239781223237514], [76.83734726160765, 43.239781223237514]]]}, "properties": {"id": 363, "class": "small vehicle", "confidence": 67.1, "source": "Almaty_4", "source_model": "yolo26-obb", "centroid_wkt": "POINT (76.83731976896524 43.23979564011098)", "bbox": [76.83729227632284, 43.239781223237514, 76.83734726160765, 43.239810056984425], "pixel_bbox": [11580, 2133, 11662, 2176], "area_m2": 14.306}}, {"type": "Feature", "geometry": {"type": "Polygon", "coordinates": [[[76.83975655585527, 43.23811288923025], [76.83975655585527, 43.238165862858295], [76.83971833437681, 43.238165862858295], [76.83971833437681, 43.23811288923025], [76.83975655585527, 43.23811288923025]]]}, "properties": {"id": 364, "class": "small vehicle", "confidence": 67.0, "source": "Almaty_4", "source_model": "yolo26-obb", "centroid_wkt": "POINT (76.83973744511604 43.23813937604427)", "bbox": [76.83971833437681, 43.23811288923025, 76.83975655585527, 43.238165862858295], "pixel_bbox": [15198, 4585, 15255, 4664], "area_m2": 18.271}}, {"type": "Feature", "geometry": {"type": "Polygon", "coordinates": [[[76.83053512126207, 43.23690388351679], [76.83053512126207, 43.23695484548807], [76.83049354702234, 43.23695484548807], [76.83049354702234, 43.23690388351679], [76.83053512126207, 43.23690388351679]]]}, "properties": {"id": 365, "class": "small vehicle", "confidence": 66.8, "source": "Almaty_4", "source_model": "yolo26-obb", "centroid_wkt": "POINT (76.83051433414221 43.23692936450243)", "bbox": [76.83049354702234, 43.23690388351679, 76.83053512126207, 43.23695484548807], "pixel_bbox": [1441, 6391, 1503, 6467], "area_m2": 19.119}}, {"type": "Feature", "geometry": {"type": "Polygon", "coordinates": [[[76.83847177773714, 43.23434505611658], [76.83847177773714, 43.23438461869955], [76.83842215687037, 43.23438461869955], [76.83842215687037, 43.23434505611658], [76.83847177773714, 43.23434505611658]]]}, "properties": {"id": 366, "class": "small vehicle", "confidence": 66.8, "source": "Almaty_4", "source_model": "yolo26-obb", "centroid_wkt": "POINT (76.83844696730375 43.234364837408066)", "bbox": [76.83842215687037, 43.23434505611658, 76.83847177773714, 43.23438461869955], "pixel_bbox": [13265, 10224, 13339, 10283], "area_m2": 17.716}}, {"type": "Feature", "geometry": {"type": "Polygon", "coordinates": [[[76.83179508894682, 43.23504846543074], [76.83179508894682, 43.23506321758032], [76.83173339813948, 43.23506321758032], [76.83173339813948, 43.23504846543074], [76.83179508894682, 43.23504846543074]]]}, "properties": {"id": 367, "class": "ship", "confidence": 66.7, "source": "Almaty_4", "source_model": "yolo26-obb", "centroid_wkt": "POINT (76.83176424354315 43.23505584150553)", "bbox": [76.83173339813948, 43.23504846543074, 76.83179508894682, 43.23506321758032], "pixel_bbox": [3290, 9212, 3382, 9234], "area_m2": 8.213}}, {"type": "Feature", "geometry": {"type": "Polygon", "coordinates": [[[76.83292295783758, 43.239747025072575], [76.83292295783758, 43.23978591710329], [76.83284919708967, 43.23978591710329], [76.83284919708967, 43.239747025072575], [76.83292295783758, 43.239747025072575]]]}, "properties": {"id": 368, "class": "large vehicle", "confidence": 65.2, "source": "Almaty_4", "source_model": "yolo26-obb", "centroid_wkt": "POINT (76.83288607746363 43.23976647108793)", "bbox": [76.83284919708967, 43.239747025072575, 76.83292295783758, 43.23978591710329], "pixel_bbox": [4954, 2169, 5064, 2227], "area_m2": 25.886}}, {"type": "Feature", "geometry": {"type": "Polygon", "coordinates": [[[76.836150996387, 43.23812831193209], [76.836150996387, 43.238160498440266], [76.83608863502741, 43.238160498440266], [76.83608863502741, 43.23812831193209], [76.836150996387, 43.23812831193209]]]}, "properties": {"id": 369, "class": "small vehicle", "confidence": 64.5, "source": "Almaty_4", "source_model": "yolo26-obb", "centroid_wkt": "POINT (76.8361198157072 43.23814440518617)", "bbox": [76.83608863502741, 43.23812831193209, 76.836150996387, 43.238160498440266], "pixel_bbox": [9785, 4593, 9878, 4641], "area_m2": 18.113}}, {"type": "Feature", "geometry": {"type": "Polygon", "coordinates": [[[76.83556828647852, 43.2396611943841], [76.83556828647852, 43.23971349745989], [76.83553073555231, 43.23971349745989], [76.83553073555231, 43.2396611943841], [76.83556828647852, 43.2396611943841]]]}, "properties": {"id": 370, "class": "small vehicle", "confidence": 63.5, "source": "Almaty_4", "source_model": "yolo26-obb", "centroid_wkt": "POINT (76.83554951101542 43.239687345922)", "bbox": [76.83553073555231, 43.2396611943841, 76.83556828647852, 43.23971349745989], "pixel_bbox": [8953, 2277, 9009, 2355], "area_m2": 17.723}}, {"type": "Feature", "geometry": {"type": "Polygon", "coordinates": [[[76.83986518532038, 43.23847766965628], [76.83986518532038, 43.23853466659784], [76.83982159942389, 43.23853466659784], [76.83982159942389, 43.23847766965628], [76.83986518532038, 43.23847766965628]]]}, "properties": {"id": 371, "class": "small vehicle", "confidence": 63.4, "source": "Almaty_4", "source_model": "yolo26-obb", "centroid_wkt": "POINT (76.83984339237212 43.23850616812706)", "bbox": [76.83982159942389, 43.23847766965628, 76.83986518532038, 43.23853466659784], "pixel_bbox": [15352, 4035, 15417, 4120], "area_m2": 22.418}}, {"type": "Feature", "geometry": {"type": "Polygon", "coordinates": [[[76.83898273855448, 43.23967795819044], [76.83898273855448, 43.2397061213851], [76.8389244005084, 43.2397061213851], [76.8389244005084, 43.23967795819044], [76.83898273855448, 43.23967795819044]]]}, "properties": {"id": 372, "class": "small vehicle", "confidence": 63.3, "source": "Almaty_4", "source_model": "yolo26-obb", "centroid_wkt": "POINT (76.83895356953143 43.23969203978777)", "bbox": [76.8389244005084, 43.23967795819044, 76.83898273855448, 43.2397061213851], "pixel_bbox": [14014, 2288, 14101, 2330], "area_m2": 14.826}}, {"type": "Feature", "geometry": {"type": "Polygon", "coordinates": [[[76.83734390884638, 43.23757912963629], [76.83734390884638, 43.23760997503996], [76.83728154748678, 43.23760997503996], [76.83728154748678, 43.23757912963629], [76.83734390884638, 43.23757912963629]]]}, "properties": {"id": 373, "class": "large vehicle", "confidence": 63.2, "source": "Almaty_4", "source_model": "yolo26-obb", "centroid_wkt": "POINT (76.83731272816658 43.23759455233812)", "bbox": [76.83728154748678, 43.23757912963629, 76.83734390884638, 43.23760997503996], "pixel_bbox": [11564, 5414, 11657, 5460], "area_m2": 17.358}}, {"type": "Feature", "geometry": {"type": "Polygon", "coordinates": [[[76.83098908513784, 43.23905434459448], [76.83098908513784, 43.23911268264055], [76.83094281703234, 43.23911268264055], [76.83094281703234, 43.23905434459448], [76.83098908513784, 43.23905434459448]]]}, "properties": {"id": 374, "class": "small vehicle", "confidence": 63.2, "source": "Almaty_4", "source_model": "yolo26-obb", "centroid_wkt": "POINT (76.83096595108509 43.239083513617516)", "bbox": [76.83094281703234, 43.23905434459448, 76.83098908513784, 43.23911268264055], "pixel_bbox": [2111, 3173, 2180, 3260], "area_m2": 24.357}}, {"type": "Feature", "geometry": {"type": "Polygon", "coordinates": [[[76.83625292032957, 43.23948349803686], [76.83625292032957, 43.23951903730631], [76.83619122952223, 43.23951903730631], [76.83619122952223, 43.23948349803686], [76.83625292032957, 43.23948349803686]]]}, "properties": {"id": 375, "class": "small vehicle", "confidence": 63.0, "source": "Almaty_4", "source_model": "yolo26-obb", "centroid_wkt": "POINT (76.8362220749259 43.23950126767158)", "bbox": [76.83619122952223, 43.23948349803686, 76.83625292032957, 43.23951903730631], "pixel_bbox": [9938, 2567, 10030, 2620], "area_m2": 19.784}}, {"type": "Feature", "geometry": {"type": "Polygon", "coordinates": [[[76.8316113576293, 43.239429853856564], [76.8316113576293, 43.239455334842205], [76.8315489962697, 43.239455334842205], [76.8315489962697, 43.239429853856564], [76.8316113576293, 43.239429853856564]]]}, "properties": {"id": 376, "class": "small vehicle", "confidence": 62.9, "source": "Almaty_4", "source_model": "yolo26-obb", "centroid_wkt": "POINT (76.8315801769495 43.239442594349384)", "bbox": [76.8315489962697, 43.239429853856564, 76.8316113576293, 43.239455334842205], "pixel_bbox": [3015, 2662, 3108, 2700], "area_m2": 14.339}}, {"type": "Feature", "geometry": {"type": "Polygon", "coordinates": [[[76.83897335082293, 43.23970075696707], [76.83897335082293, 43.239732943475246], [76.83890897780657, 43.239732943475246], [76.83890897780657, 43.23970075696707], [76.83897335082293, 43.23970075696707]]]}, "properties": {"id": 377, "class": "small vehicle", "confidence": 62.5, "source": "Almaty_4", "source_model": "yolo26-obb", "centroid_wkt": "POINT (76.83894116431475 43.23971685022116)", "bbox": [76.83890897780657, 43.23970075696707, 76.83897335082293, 43.239732943475246], "pixel_bbox": [13991, 2248, 14087, 2296], "area_m2": 18.697}}, {"type": "Feature", "geometry": {"type": "Polygon", "coordinates": [[[76.83714207261801, 43.23396150022745], [76.83714207261801, 43.233996368944645], [76.83707300573587, 43.233996368944645], [76.83707300573587, 43.23396150022745], [76.83714207261801, 43.23396150022745]]]}, "properties": {"id": 378, "class": "ship", "confidence": 62.4, "source": "Almaty_4", "source_model": "yolo26-obb", "centroid_wkt": "POINT (76.83710753917694 43.23397893458605)", "bbox": [76.83707300573587, 43.23396150022745, 76.83714207261801, 43.233996368944645], "pixel_bbox": [11253, 10803, 11356, 10855], "area_m2": 21.734}}, {"type": "Feature", "geometry": {"type": "Polygon", "coordinates": [[[76.83197479695082, 43.2334029302001], [76.83197479695082, 43.23345724493265], [76.83193054050207, 43.23345724493265], [76.83193054050207, 43.2334029302001], [76.83197479695082, 43.2334029302001]]]}, "properties": {"id": 379, "class": "small vehicle", "confidence": 62.3, "source": "Almaty_4", "source_model": "yolo26-obb", "centroid_wkt": "POINT (76.83195266872644 43.23343008756637)", "bbox": [76.83193054050207, 43.2334029302001, 76.83197479695082, 43.23345724493265], "pixel_bbox": [3584, 11607, 3650, 11688], "area_m2": 21.693}}, {"type": "Feature", "geometry": {"type": "Polygon", "coordinates": [[[76.84029836207628, 43.2347621396184], [76.84029836207628, 43.23481310158968], [76.84024404734373, 43.23481310158968], [76.84024404734373, 43.2347621396184], [76.84029836207628, 43.2347621396184]]]}, "properties": {"id": 380, "class": "small vehicle", "confidence": 62.2, "source": "Almaty_4", "source_model": "yolo26-obb", "centroid_wkt": "POINT (76.84027120471 43.23478762060403)", "bbox": [76.84024404734373, 43.2347621396184, 76.84029836207628, 43.23481310158968], "pixel_bbox": [15982, 9585, 16063, 9661], "area_m2": 24.979}}, {"type": "Feature", "geometry": {"type": "Polygon", "coordinates": [[[76.83208141475916, 43.23315482586622], [76.83208141475916, 43.23320847004652], [76.83203916996717, 43.23320847004652], [76.83203916996717, 43.23315482586622], [76.83208141475916, 43.23315482586622]]]}, "properties": {"id": 381, "class": "small vehicle", "confidence": 62.0, "source": "Almaty_4", "source_model": "yolo26-obb", "centroid_wkt": "POINT (76.83206029236315 43.23318164795638)", "bbox": [76.83203916996717, 43.23315482586622, 76.83208141475916, 43.23320847004652], "pixel_bbox": [3746, 11978, 3809, 12058], "area_m2": 20.452}}, {"type": "Feature", "geometry": {"type": "Polygon", "coordinates": [[[76.84016492217779, 43.2373196259141], [76.84016492217779, 43.23737729340792], [76.84011798352003, 43.23737729340792], [76.84011798352003, 43.2373196259141], [76.84016492217779, 43.2373196259141]]]}, "properties": {"id": 382, "class": "small vehicle", "confidence": 61.9, "source": "Almaty_4", "source_model": "yolo26-obb", "centroid_wkt": "POINT (76.84014145284893 43.23734845966101)", "bbox": [76.84011798352003, 43.2373196259141, 76.84016492217779, 43.23737729340792], "pixel_bbox": [15794, 5761, 15864, 5847], "area_m2": 24.427}}, {"type": "Feature", "geometry": {"type": "Polygon", "coordinates": [[[76.83887410908937, 43.237740732729435], [76.83887410908937, 43.23779437690973], [76.83883588761091, 43.23779437690973], [76.83883588761091, 43.237740732729435], [76.83887410908937, 43.237740732729435]]]}, "properties": {"id": 383, "class": "small vehicle", "confidence": 61.7, "source": "Almaty_4", "source_model": "yolo26-obb", "centroid_wkt": "POINT (76.83885499835014 43.23776755481959)", "bbox": [76.83883588761091, 43.237740732729435, 76.83887410908937, 43.23779437690973], "pixel_bbox": [13882, 5139, 13939, 5219], "area_m2": 18.502}}, {"type": "Feature", "geometry": {"type": "Polygon", "coordinates": [[[76.8398692086339, 43.236894495785236], [76.8398692086339, 43.23694881051779], [76.83983232825994, 43.23694881051779], [76.83983232825994, 43.236894495785236], [76.8398692086339, 43.236894495785236]]]}, "properties": {"id": 384, "class": "small vehicle", "confidence": 61.5, "source": "Almaty_4", "source_model": "yolo26-obb", "centroid_wkt": "POINT (76.83985076844692 43.23692165315152)", "bbox": [76.83983232825994, 43.236894495785236, 76.8398692086339, 43.23694881051779], "pixel_bbox": [15368, 6400, 15423, 6481], "area_m2": 18.077}}, {"type": "Feature", "geometry": {"type": "Polygon", "coordinates": [[[76.83235835283995, 43.23497537523508], [76.83235835283995, 43.23504041880369], [76.83230672031641, 43.23504041880369], [76.83230672031641, 43.23497537523508], [76.83235835283995, 43.23497537523508]]]}, "properties": {"id": 385, "class": "large vehicle", "confidence": 61.4, "source": "Almaty_4", "source_model": "yolo26-obb", "centroid_wkt": "POINT (76.83233253657819 43.235007897019386)", "bbox": [76.83230672031641, 43.23497537523508, 76.83235835283995, 43.23504041880369], "pixel_bbox": [4145, 9246, 4222, 9343], "area_m2": 30.307}}, {"type": "Feature", "geometry": {"type": "Polygon", "coordinates": [[[76.83703009039164, 43.23526304215193], [76.83703009039164, 43.23531936854124], [76.8369871750474, 43.23531936854124], [76.8369871750474, 43.23526304215193], [76.83703009039164, 43.23526304215193]]]}, "properties": {"id": 386, "class": "small vehicle", "confidence": 61.4, "source": "Almaty_4", "source_model": "yolo26-obb", "centroid_wkt": "POINT (76.83700863271952 43.235291205346584)", "bbox": [76.8369871750474, 43.23526304215193, 76.83703009039164, 43.23531936854124], "pixel_bbox": [11125, 8830, 11189, 8914], "area_m2": 21.814}}, {"type": "Feature", "geometry": {"type": "Polygon", "coordinates": [[[76.8329269811511, 43.23972087353468], [76.8329269811511, 43.239754401147366], [76.83286596089602, 43.239754401147366], [76.83286596089602, 43.23972087353468], [76.8329269811511, 43.23972087353468]]]}, "properties": {"id": 387, "class": "small vehicle", "confidence": 61.3, "source": "Almaty_4", "source_model": "yolo26-obb", "centroid_wkt": "POINT (76.83289647102356 43.23973763734102)", "bbox": [76.83286596089602, 43.23972087353468, 76.8329269811511, 43.239754401147366], "pixel_bbox": [4979, 2216, 5070, 2266], "area_m2": 18.461}}, {"type": "Feature", "geometry": {"type": "Polygon", "coordinates": [[[76.83223899453878, 43.23385287076235], [76.83223899453878, 43.23388572782278], [76.83217395097017, 43.23388572782278], [76.83217395097017, 43.23385287076235], [76.83223899453878, 43.23385287076235]]]}, "properties": {"id": 388, "class": "small vehicle", "confidence": 60.9, "source": "Almaty_4", "source_model": "yolo26-obb", "centroid_wkt": "POINT (76.83220647275449 43.23386929929256)", "bbox": [76.83217395097017, 43.23385287076235, 76.83223899453878, 43.23388572782278], "pixel_bbox": [3947, 10968, 4044, 11017], "area_m2": 19.287}}, {"type": "Feature", "geometry": {"type": "Polygon", "coordinates": [[[76.83614630252123, 43.236895836889744], [76.83614630252123, 43.23694948107004], [76.83610741049051, 43.23694948107004], [76.83610741049051, 43.236895836889744], [76.83614630252123, 43.236895836889744]]]}, "properties": {"id": 389, "class": "small vehicle", "confidence": 60.5, "source": "Almaty_4", "source_model": "yolo26-obb", "centroid_wkt": "POINT (76.83612685650589 43.23692265897989)", "bbox": [76.83610741049051, 43.236895836889744, 76.83614630252123, 43.23694948107004], "pixel_bbox": [9813, 6399, 9871, 6479], "area_m2": 18.827}}, {"type": "Feature", "geometry": {"type": "Polygon", "coordinates": [[[76.83192517608404, 43.233508206903934], [76.83192517608404, 43.23356185108423], [76.8318822607398, 43.23356185108423], [76.8318822607398, 43.233508206903934], [76.83192517608404, 43.233508206903934]]]}, "properties": {"id": 390, "class": "small vehicle", "confidence": 60.4, "source": "Almaty_4", "source_model": "yolo26-obb", "centroid_wkt": "POINT (76.83190371841192 43.23353502899408)", "bbox": [76.8318822607398, 43.233508206903934, 76.83192517608404, 43.23356185108423], "pixel_bbox": [3512, 11451, 3576, 11531], "area_m2": 20.776}}, {"type": "Feature", "geometry": {"type": "Polygon", "coordinates": [[[76.83884661644697, 43.23434170335531], [76.83884661644697, 43.2343940064311], [76.83880638331175, 43.2343940064311], [76.83880638331175, 43.23434170335531], [76.83884661644697, 43.23434170335531]]]}, "properties": {"id": 391, "class": "small vehicle", "confidence": 60.4, "source": "Almaty_4", "source_model": "yolo26-obb", "centroid_wkt": "POINT (76.83882649987936 43.2343678548932)", "bbox": [76.83880638331175, 43.23434170335531, 76.83884661644697, 43.2343940064311], "pixel_bbox": [13838, 10210, 13898, 10288], "area_m2": 18.99}}, {"type": "Feature", "geometry": {"type": "Polygon", "coordinates": [[[76.83636624366045, 43.23817927390337], [76.83636624366045, 43.238210789859295], [76.83631125837564, 43.238210789859295], [76.83631125837564, 43.23817927390337], [76.83636624366045, 43.23817927390337]]]}, "properties": {"id": 392, "class": "small vehicle", "confidence": 60.3, "source": "Almaty_4", "source_model": "yolo26-obb", "centroid_wkt": "POINT (76.83633875101805 43.23819503188133)", "bbox": [76.83631125837564, 43.23817927390337, 76.83636624366045, 43.238210789859295], "pixel_bbox": [10117, 4518, 10199, 4565], "area_m2": 15.638}}, {"type": "Feature", "geometry": {"type": "Polygon", "coordinates": [[[76.83545362204313, 43.23362287133932], [76.83545362204313, 43.233655728399754], [76.83540869504213, 43.233655728399754], [76.83540869504213, 43.23362287133932], [76.83545362204313, 43.23362287133932]]]}, "properties": {"id": 393, "class": "small vehicle", "confidence": 60.1, "source": "Almaty_4", "source_model": "yolo26-obb", "centroid_wkt": "POINT (76.83543115854263 43.23363929986954)", "bbox": [76.83540869504213, 43.23362287133932, 76.83545362204313, 43.233655728399754], "pixel_bbox": [8771, 11311, 8838, 11360], "area_m2": 13.322}}, {"type": "Feature", "geometry": {"type": "Polygon", "coordinates": [[[76.8308013305068, 43.23880758136511], [76.8308013305068, 43.23884043842554], [76.83074165135622, 43.23884043842554], [76.83074165135622, 43.23880758136511], [76.8308013305068, 43.23880758136511]]]}, "properties": {"id": 394, "class": "small vehicle", "confidence": 60.0, "source": "Almaty_4", "source_model": "yolo26-obb", "centroid_wkt": "POINT (76.83077149093153 43.23882400989533)", "bbox": [76.83074165135622, 43.23880758136511, 76.8308013305068, 43.23884043842554], "pixel_bbox": [1811, 3579, 1900, 3628], "area_m2": 17.695}}, {"type": "Feature", "geometry": {"type": "Polygon", "coordinates": [[[76.83338228613138, 43.233025409281254], [76.83338228613138, 43.23304753750563], [76.83334272354841, 43.23304753750563], [76.83334272354841, 43.233025409281254], [76.83338228613138, 43.233025409281254]]]}, "properties": {"id": 395, "class": "small vehicle", "confidence": 59.9, "source": "Almaty_4", "source_model": "yolo26-obb", "centroid_wkt": "POINT (76.8333625048399 43.23303647339343)", "bbox": [76.83334272354841, 43.233025409281254, 76.83338228613138, 43.23304753750563], "pixel_bbox": [5690, 12218, 5749, 12251], "area_m2": 7.901}}, {"type": "Feature", "geometry": {"type": "Polygon", "coordinates": [[[76.83853346854448, 43.237205632030964], [76.83853346854448, 43.23725391179323], [76.83849725872278, 43.23725391179323], [76.83849725872278, 43.237205632030964], [76.83853346854448, 43.237205632030964]]]}, "properties": {"id": 396, "class": "small vehicle", "confidence": 59.8, "source": "Almaty_4", "source_model": "yolo26-obb", "centroid_wkt": "POINT (76.83851536363363 43.2372297719121)", "bbox": [76.83849725872278, 43.237205632030964, 76.83853346854448, 43.23725391179323], "pixel_bbox": [13377, 5945, 13431, 6017], "area_m2": 15.776}}, {"type": "Feature", "geometry": {"type": "Polygon", "coordinates": [[[76.83628980070353, 43.23373083025217], [76.83628980070353, 43.23375899344683], [76.83623749762774, 43.23375899344683], [76.83623749762774, 43.23373083025217], [76.83628980070353, 43.23373083025217]]]}, "properties": {"id": 397, "class": "small vehicle", "confidence": 59.8, "source": "Almaty_4", "source_model": "yolo26-obb", "centroid_wkt": "POINT (76.83626364916563 43.233744911849506)", "bbox": [76.83623749762774, 43.23373083025217, 76.83628980070353, 43.23375899344683], "pixel_bbox": [10007, 11157, 10085, 11199], "area_m2": 13.293}}, {"type": "Feature", "geometry": {"type": "Polygon", "coordinates": [[[76.83956746011972, 43.23900002986193], [76.83956746011972, 43.23905434459448], [76.83952655643225, 43.23905434459448], [76.83952655643225, 43.23900002986193], [76.83956746011972, 43.23900002986193]]]}, "properties": {"id": 398, "class": "small vehicle", "confidence": 59.8, "source": "Almaty_4", "source_model": "yolo26-obb", "centroid_wkt": "POINT (76.83954700827597 43.239027187228196)", "bbox": [76.83952655643225, 43.23900002986193, 76.83956746011972, 43.23905434459448], "pixel_bbox": [14912, 3260, 14973, 3341], "area_m2": 20.048}}, {"type": "Feature", "geometry": {"type": "Polygon", "coordinates": [[[76.83234494179487, 43.239592127501965], [76.83234494179487, 43.23962431401014], [76.83228190988302, 43.23962431401014], [76.83228190988302, 43.239592127501965], [76.83234494179487, 43.239592127501965]]]}, "properties": {"id": 399, "class": "small vehicle", "confidence": 59.0, "source": "Almaty_4", "source_model": "yolo26-obb", "centroid_wkt": "POINT (76.83231342583895 43.239608220756054)", "bbox": [76.83228190988302, 43.239592127501965, 76.83234494179487, 43.23962431401014], "pixel_bbox": [4108, 2410, 4202, 2458], "area_m2": 18.307}}, {"type": "Feature", "geometry": {"type": "Polygon", "coordinates": [[[76.8390417471528, 43.23950361460447], [76.8390417471528, 43.2395351305604], [76.83898072689772, 43.2395351305604], [76.83898072689772, 43.23950361460447], [76.8390417471528, 43.23950361460447]]]}, "properties": {"id": 400, "class": "small vehicle", "confidence": 59.0, "source": "Almaty_4", "source_model": "yolo26-obb", "centroid_wkt": "POINT (76.83901123702526 43.239519372582436)", "bbox": [76.83898072689772, 43.23950361460447, 76.8390417471528, 43.2395351305604], "pixel_bbox": [14098, 2543, 14189, 2590], "area_m2": 17.354}}, {"type": "Feature", "geometry": {"type": "Polygon", "coordinates": [[[76.83282036334276, 43.23973160237074], [76.83282036334276, 43.23976647108793], [76.83275934308767, 43.23976647108793], [76.83275934308767, 43.23973160237074], [76.83282036334276, 43.23973160237074]]]}, "properties": {"id": 401, "class": "small vehicle", "confidence": 58.8, "source": "Almaty_4", "source_model": "yolo26-obb", "centroid_wkt": "POINT (76.83278985321522 43.23974903672933)", "bbox": [76.83275934308767, 43.23973160237074, 76.83282036334276, 43.23976647108793], "pixel_bbox": [4820, 2198, 4911, 2250], "area_m2": 19.2}}, {"type": "Feature", "geometry": {"type": "Polygon", "coordinates": [[[76.83362167328596, 43.239918015897274], [76.83362167328596, 43.23995087295771], [76.83355797082186, 43.23995087295771], [76.83355797082186, 43.239918015897274], [76.83362167328596, 43.239918015897274]]]}, "properties": {"id": 402, "class": "small vehicle", "confidence": 58.5, "source": "Almaty_4", "source_model": "yolo26-obb", "centroid_wkt": "POINT (76.83358982205391 43.23993444442749)", "bbox": [76.83355797082186, 43.239918015897274, 76.83362167328596, 43.23995087295771], "pixel_bbox": [6011, 1923, 6106, 1972], "area_m2": 18.887}}, {"type": "Feature", "geometry": {"type": "Polygon", "coordinates": [[[76.83638971298933, 43.23956798762083], [76.83638971298933, 43.23959816247225], [76.83633673936129, 43.23959816247225], [76.83633673936129, 43.23956798762083], [76.83638971298933, 43.23956798762083]]]}, "properties": {"id": 403, "class": "small vehicle", "confidence": 58.1, "source": "Almaty_4", "source_model": "yolo26-obb", "centroid_wkt": "POINT (76.83636322617531 43.23958307504654)", "bbox": [76.83633673936129, 43.23956798762083, 76.83638971298933, 43.23959816247225], "pixel_bbox": [10155, 2449, 10234, 2494], "area_m2": 14.424}}, {"type": "Feature", "geometry": {"type": "Polygon", "coordinates": [[[76.83262389153242, 43.23486942797899], [76.83262389153242, 43.234898932278156], [76.8325662240386, 43.234898932278156], [76.8325662240386, 43.23486942797899], [76.83262389153242, 43.23486942797899]]]}, "properties": {"id": 404, "class": "large vehicle", "confidence": 57.9, "source": "Almaty_4", "source_model": "yolo26-obb", "centroid_wkt": "POINT (76.8325950577855 43.234884180128574)", "bbox": [76.8325662240386, 43.23486942797899, 76.83262389153242, 43.234898932278156], "pixel_bbox": [4532, 9457, 4618, 9501], "area_m2": 15.354}}, {"type": "Feature", "geometry": {"type": "Polygon", "coordinates": [[[76.83181587606668, 43.23500018566847], [76.83181587606668, 43.235026337206364], [76.83175217360258, 43.235026337206364], [76.83175217360258, 43.23500018566847], [76.83181587606668, 43.23500018566847]]]}, "properties": {"id": 405, "class": "ship", "confidence": 57.7, "source": "Almaty_4", "source_model": "yolo26-obb", "centroid_wkt": "POINT (76.83178402483465 43.235013261437416)", "bbox": [76.83175217360258, 43.23500018566847, 76.83181587606668, 43.235026337206364], "pixel_bbox": [3318, 9267, 3413, 9306], "area_m2": 15.034}}, {"type": "Feature", "geometry": {"type": "Polygon", "coordinates": [[[76.83230202645063, 43.23285240679979], [76.83230202645063, 43.232898004353046], [76.83224502950907, 43.232898004353046], [76.83224502950907, 43.23285240679979], [76.83230202645063, 43.23285240679979]]]}, "properties": {"id": 406, "class": "small vehicle", "confidence": 57.2, "source": "Almaty_4", "source_model": "yolo26-obb", "centroid_wkt": "POINT (76.83227352797985 43.23287520557642)", "bbox": [76.83224502950907, 43.23285240679979, 76.83230202645063, 43.232898004353046], "pixel_bbox": [4053, 12441, 4138, 12509], "area_m2": 23.454}}, {"type": "Feature", "geometry": {"type": "Polygon", "coordinates": [[[76.83889623731375, 43.23490295559168], [76.83889623731375, 43.23495123535395], [76.8388606980443, 43.23495123535395], [76.8388606980443, 43.23490295559168], [76.83889623731375, 43.23490295559168]]]}, "properties": {"id": 407, "class": "small vehicle", "confidence": 56.9, "source": "Almaty_4", "source_model": "yolo26-obb", "centroid_wkt": "POINT (76.83887846767902 43.23492709547281)", "bbox": [76.8388606980443, 43.23490295559168, 76.83889623731375, 43.23495123535395], "pixel_bbox": [13919, 9379, 13972, 9451], "area_m2": 15.484}}, {"type": "Feature", "geometry": {"type": "Polygon", "coordinates": [[[76.8355119600892, 43.23964510113001], [76.8355119600892, 43.23970343917608], [76.83546703308821, 43.23970343917608], [76.83546703308821, 43.23964510113001], [76.8355119600892, 43.23964510113001]]]}, "properties": {"id": 408, "class": "small vehicle", "confidence": 56.8, "source": "Almaty_4", "source_model": "yolo26-obb", "centroid_wkt": "POINT (76.8354894965887 43.23967427015305)", "bbox": [76.83546703308821, 43.23964510113001, 76.8355119600892, 43.23970343917608], "pixel_bbox": [8858, 2292, 8925, 2379], "area_m2": 23.651}}, {"type": "Feature", "geometry": {"type": "Polygon", "coordinates": [[[76.8392201140523, 43.23716137558222], [76.8392201140523, 43.23718350380659], [76.83916110545397, 43.23718350380659], [76.83916110545397, 43.23716137558222], [76.8392201140523, 43.23716137558222]]]}, "properties": {"id": 409, "class": "small vehicle", "confidence": 56.6, "source": "Almaty_4", "source_model": "yolo26-obb", "centroid_wkt": "POINT (76.83919060975313 43.237172439694405)", "bbox": [76.83916110545397, 43.23716137558222, 76.8392201140523, 43.23718350380659], "pixel_bbox": [14367, 6050, 14455, 6083], "area_m2": 11.783}}, {"type": "Feature", "geometry": {"type": "Polygon", "coordinates": [[[76.83768253773451, 43.237394727766514], [76.83768253773451, 43.23744971305132], [76.83764029294252, 43.23744971305132], [76.83764029294252, 43.237394727766514], [76.83768253773451, 43.237394727766514]]]}, "properties": {"id": 410, "class": "small vehicle", "confidence": 56.3, "source": "Almaty_4", "source_model": "yolo26-obb", "centroid_wkt": "POINT (76.83766141533852 43.237422220408924)", "bbox": [76.83764029294252, 43.237394727766514, 76.83768253773451, 43.23744971305132], "pixel_bbox": [12099, 5653, 12162, 5735], "area_m2": 20.961}}, {"type": "Feature", "geometry": {"type": "Polygon", "coordinates": [[[76.83967273682356, 43.234542198479176], [76.83967273682356, 43.23457572609186], [76.83961171656847, 43.23457572609186], [76.83961171656847, 43.234542198479176], [76.83967273682356, 43.234542198479176]]]}, "properties": {"id": 411, "class": "small vehicle", "confidence": 56.0, "source": "Almaty_4", "source_model": "yolo26-obb", "centroid_wkt": "POINT (76.83964222669601 43.23455896228552)", "bbox": [76.83961171656847, 43.234542198479176, 76.83967273682356, 43.23457572609186], "pixel_bbox": [15039, 9939, 15130, 9989], "area_m2": 18.463}}, {"type": "Feature", "geometry": {"type": "Polygon", "coordinates": [[[76.83778714388609, 43.23987778276205], [76.83778714388609, 43.23992807418108], [76.8377623334527, 43.23992807418108], [76.8377623334527, 43.23987778276205], [76.83778714388609, 43.23987778276205]]]}, "properties": {"id": 412, "class": "small vehicle", "confidence": 55.4, "source": "Almaty_4", "source_model": "yolo26-obb", "centroid_wkt": "POINT (76.83777473866941 43.239902928471565)", "bbox": [76.8377623334527, 43.23987778276205, 76.83778714388609, 43.23992807418108], "pixel_bbox": [12281, 1957, 12318, 2032], "area_m2": 11.259}}, {"type": "Feature", "geometry": {"type": "Polygon", "coordinates": [[[76.8315664306283, 43.23714729398489], [76.8315664306283, 43.23719557374716], [76.83153089135885, 43.23719557374716], [76.83153089135885, 43.23714729398489], [76.8315664306283, 43.23714729398489]]]}, "properties": {"id": 413, "class": "small vehicle", "confidence": 55.2, "source": "Almaty_4", "source_model": "yolo26-obb", "centroid_wkt": "POINT (76.83154866099358 43.237171433866024)", "bbox": [76.83153089135885, 43.23714729398489, 76.8315664306283, 43.23719557374716], "pixel_bbox": [2988, 6032, 3041, 6104], "area_m2": 15.484}}, {"type": "Feature", "geometry": {"type": "Polygon", "coordinates": [[[76.83200094848871, 43.23485668748617], [76.83200094848871, 43.234886191785336], [76.83194529265165, 43.234886191785336], [76.83194529265165, 43.23485668748617], [76.83200094848871, 43.23485668748617]]]}, "properties": {"id": 414, "class": "small vehicle", "confidence": 54.9, "source": "Almaty_4", "source_model": "yolo26-obb", "centroid_wkt": "POINT (76.83197312057017 43.23487143963575)", "bbox": [76.83194529265165, 43.23485668748617, 76.83200094848871, 43.234886191785336], "pixel_bbox": [3606, 9476, 3689, 9520], "area_m2": 14.819}}, {"type": "Feature", "geometry": {"type": "Polygon", "coordinates": [[[76.83008451014757, 43.23783528059721], [76.83008451014757, 43.23788959532976], [76.83004092425108, 43.23788959532976], [76.83004092425108, 43.23783528059721], [76.83008451014757, 43.23783528059721]]]}, "properties": {"id": 415, "class": "small vehicle", "confidence": 53.9, "source": "Almaty_4", "source_model": "yolo26-obb", "centroid_wkt": "POINT (76.83006271719931 43.237862437963486)", "bbox": [76.83004092425108, 43.23783528059721, 76.83008451014757, 43.23788959532976], "pixel_bbox": [766, 4997, 831, 5078], "area_m2": 21.363}}, {"type": "Feature", "geometry": {"type": "Polygon", "coordinates": [[[76.83897871524096, 43.23783192783594], [76.83897871524096, 43.23786813765764], [76.83891836553812, 43.23786813765764], [76.83891836553812, 43.23783192783594], [76.83897871524096, 43.23783192783594]]]}, "properties": {"id": 416, "class": "small vehicle", "confidence": 53.4, "source": "Almaty_4", "source_model": "yolo26-obb", "centroid_wkt": "POINT (76.83894854038954 43.23785003274679)", "bbox": [76.83891836553812, 43.23783192783594, 76.83897871524096, 43.23786813765764], "pixel_bbox": [14005, 5029, 14095, 5083], "area_m2": 19.72}}, {"type": "Feature", "geometry": {"type": "Polygon", "coordinates": [[[76.83671560138464, 43.233828730881214], [76.83671560138464, 43.2338622584939], [76.83665592223406, 43.2338622584939], [76.83665592223406, 43.233828730881214], [76.83671560138464, 43.233828730881214]]]}, "properties": {"id": 417, "class": "small vehicle", "confidence": 53.3, "source": "Almaty_4", "source_model": "yolo26-obb", "centroid_wkt": "POINT (76.83668576180935 43.23384549468756)", "bbox": [76.83665592223406, 43.233828730881214, 76.83671560138464, 43.2338622584939], "pixel_bbox": [10631, 11003, 10720, 11053], "area_m2": 18.057}}, {"type": "Feature", "geometry": {"type": "Polygon", "coordinates": [[[76.83540869504213, 43.23413785547018], [76.83540869504213, 43.23418948799372], [76.83537114411592, 43.23418948799372], [76.83537114411592, 43.23413785547018], [76.83540869504213, 43.23413785547018]]]}, "properties": {"id": 418, "class": "small vehicle", "confidence": 52.8, "source": "Almaty_4", "source_model": "yolo26-obb", "centroid_wkt": "POINT (76.83538991957903 43.23416367173195)", "bbox": [76.83537114411592, 43.23413785547018, 76.83540869504213, 43.23418948799372], "pixel_bbox": [8715, 10515, 8771, 10592], "area_m2": 17.497}}, {"type": "Feature", "geometry": {"type": "Polygon", "coordinates": [[[76.84008780866861, 43.23777761310339], [76.84008780866861, 43.237827233970165], [76.8400502577424, 43.237827233970165], [76.8400502577424, 43.23777761310339], [76.84008780866861, 43.23777761310339]]]}, "properties": {"id": 419, "class": "small vehicle", "confidence": 52.6, "source": "Almaty_4", "source_model": "yolo26-obb", "centroid_wkt": "POINT (76.84006903320551 43.237802423536785)", "bbox": [76.8400502577424, 43.23777761310339, 76.84008780866861, 43.237827233970165], "pixel_bbox": [15693, 5090, 15749, 5164], "area_m2": 16.814}}, {"type": "Feature", "geometry": {"type": "Polygon", "coordinates": [[[76.83244686573744, 43.234868086874485], [76.83244686573744, 43.2348982617259], [76.83238450437784, 43.2348982617259], [76.83238450437784, 43.234868086874485], [76.83244686573744, 43.234868086874485]]]}, "properties": {"id": 420, "class": "large vehicle", "confidence": 52.4, "source": "Almaty_4", "source_model": "yolo26-obb", "centroid_wkt": "POINT (76.83241568505764 43.23488317430019)", "bbox": [76.83238450437784, 43.234868086874485, 76.83244686573744, 43.2348982617259], "pixel_bbox": [4261, 9458, 4354, 9503], "area_m2": 16.982}}, {"type": "Feature", "geometry": {"type": "Polygon", "coordinates": [[[76.83354388922453, 43.23986638337374], [76.83354388922453, 43.23989991098642], [76.83348018676043, 43.23989991098642], [76.83348018676043, 43.23986638337374], [76.83354388922453, 43.23986638337374]]]}, "properties": {"id": 421, "class": "small vehicle", "confidence": 52.0, "source": "Almaty_4", "source_model": "yolo26-obb", "centroid_wkt": "POINT (76.83351203799248 43.23988314718008)", "bbox": [76.83348018676043, 43.23986638337374, 76.83354388922453, 43.23989991098642], "pixel_bbox": [5895, 1999, 5990, 2049], "area_m2": 19.273}}, {"type": "Feature", "geometry": {"type": "Polygon", "coordinates": [[[76.83922816067934, 43.23999848216772], [76.83922816067934, 43.240051455795765], [76.83918792754412, 43.240051455795765], [76.83918792754412, 43.23999848216772], [76.83922816067934, 43.23999848216772]]]}, "properties": {"id": 422, "class": "small vehicle", "confidence": 51.3, "source": "Almaty_4", "source_model": "yolo26-obb", "centroid_wkt": "POINT (76.83920804411174 43.24002496898174)", "bbox": [76.83918792754412, 43.23999848216772, 76.83922816067934, 43.240051455795765], "pixel_bbox": [14407, 1773, 14467, 1852], "area_m2": 19.232}}, {"type": "Feature", "geometry": {"type": "Polygon", "coordinates": [[[76.83924291282892, 43.237893618643284], [76.83924291282892, 43.23792513459921], [76.8391839042306, 43.23792513459921], [76.8391839042306, 43.237893618643284], [76.83924291282892, 43.237893618643284]]]}, "properties": {"id": 423, "class": "small vehicle", "confidence": 51.2, "source": "Almaty_4", "source_model": "yolo26-obb", "centroid_wkt": "POINT (76.83921340852977 43.237909376621246)", "bbox": [76.8391839042306, 43.237893618643284, 76.83924291282892, 43.23792513459921], "pixel_bbox": [14401, 4944, 14489, 4991], "area_m2": 16.782}}, {"type": "Feature", "geometry": {"type": "Polygon", "coordinates": [[[76.84021588414907, 43.234745375812054], [76.84021588414907, 43.234794326126575], [76.84016089886427, 43.234794326126575], [76.84016089886427, 43.234745375812054], [76.84021588414907, 43.234745375812054]]]}, "properties": {"id": 424, "class": "small vehicle", "confidence": 51.0, "source": "Almaty_4", "source_model": "yolo26-obb", "centroid_wkt": "POINT (76.84018839150667 43.234769850969315)", "bbox": [76.84016089886427, 43.234745375812054, 76.84021588414907, 43.234794326126575], "pixel_bbox": [15858, 9613, 15940, 9686], "area_m2": 24.29}}, {"type": "Feature", "geometry": {"type": "Polygon", "coordinates": [[[76.8308824673295, 43.23903288692236], [76.8308824673295, 43.239084519445896], [76.83084223419428, 43.239084519445896], [76.83084223419428, 43.23903288692236], [76.8308824673295, 43.23903288692236]]]}, "properties": {"id": 425, "class": "small vehicle", "confidence": 50.7, "source": "Almaty_4", "source_model": "yolo26-obb", "centroid_wkt": "POINT (76.83086235076189 43.239058703184135)", "bbox": [76.83084223419428, 43.23903288692236, 76.8308824673295, 43.239084519445896], "pixel_bbox": [1961, 3215, 2021, 3292], "area_m2": 18.745}}, {"type": "Feature", "geometry": {"type": "Polygon", "coordinates": [[[76.83814253658056, 43.23957737535238], [76.83814253658056, 43.23962900787592], [76.83810364454985, 43.23962900787592], [76.83810364454985, 43.23957737535238], [76.83814253658056, 43.23957737535238]]]}, "properties": {"id": 426, "class": "small vehicle", "confidence": 50.7, "source": "Almaty_4", "source_model": "yolo26-obb", "centroid_wkt": "POINT (76.8381230905652 43.23960319161415)", "bbox": [76.83810364454985, 43.23957737535238, 76.83814253658056, 43.23962900787592], "pixel_bbox": [12790, 2403, 12848, 2480], "area_m2": 18.12}}, {"type": "Feature", "geometry": {"type": "Polygon", "coordinates": [[[76.83582108467817, 43.23759254068136], [76.83582108467817, 43.237646855413914], [76.8357714638114, 43.237646855413914], [76.8357714638114, 43.23759254068136], [76.83582108467817, 43.23759254068136]]]}, "properties": {"id": 427, "class": "small vehicle", "confidence": 50.3, "source": "Almaty_4", "source_model": "yolo26-obb", "centroid_wkt": "POINT (76.83579627424479 43.237619698047645)", "bbox": [76.8357714638114, 43.23759254068136, 76.83582108467817, 43.237646855413914], "pixel_bbox": [9312, 5359, 9386, 5440], "area_m2": 24.321}}, {"type": "Feature", "geometry": {"type": "Polygon", "coordinates": [[[76.8376624211669, 43.23977518826723], [76.8376624211669, 43.23982480913401], [76.83762487024069, 43.23982480913401], [76.83762487024069, 43.23977518826723], [76.8376624211669, 43.23977518826723]]]}, "properties": {"id": 428, "class": "large vehicle", "confidence": 50.2, "source": "Almaty_4", "source_model": "yolo26-obb", "centroid_wkt": "POINT (76.83764364570379 43.23979999870061)", "bbox": [76.83762487024069, 43.23977518826723, 76.8376624211669, 43.23982480913401], "pixel_bbox": [12076, 2111, 12132, 2185], "area_m2": 16.814}}, {"type": "Feature", "geometry": {"type": "Polygon", "coordinates": [[[76.82966273277998, 43.238900788128376], [76.82966273277998, 43.23895778506994], [76.829620487988, 43.23895778506994], [76.829620487988, 43.238900788128376], [76.82966273277998, 43.238900788128376]]]}, "properties": {"id": 429, "class": "small vehicle", "confidence": 50.1, "source": "Almaty_4", "source_model": "yolo26-obb", "centroid_wkt": "POINT (76.82964161038399 43.23892928659915)", "bbox": [76.829620487988, 43.238900788128376, 76.82966273277998, 43.23895778506994], "pixel_bbox": [139, 3404, 202, 3489], "area_m2": 21.728}}, {"type": "Feature", "geometry": {"type": "Polygon", "coordinates": [[[76.83944877237082, 43.239040933549404], [76.83944877237082, 43.23915760964155], [76.83938037604094, 43.23915760964155], [76.83938037604094, 43.239040933549404], [76.83944877237082, 43.239040933549404]]]}, "properties": {"id": 430, "class": "ship", "confidence": 50.0, "source": "Almaty_4", "source_model": "yolo26-obb", "centroid_wkt": "POINT (76.83941457420588 43.23909927159548)", "bbox": [76.83938037604094, 43.239040933549404, 76.83944877237082, 43.23915760964155], "pixel_bbox": [14694, 3106, 14796, 3280], "area_m2": 72.012}}, {"type": "Feature", "geometry": {"type": "Polygon", "coordinates": [[[76.83733519166708, 43.237178809940815], [76.83733519166708, 43.23721166700125], [76.83727618306875, 43.23721166700125], [76.83727618306875, 43.237178809940815], [76.83733519166708, 43.237178809940815]]]}, "properties": {"id": 431, "class": "large vehicle", "confidence": 49.6, "source": "Almaty_4", "source_model": "yolo26-obb", "centroid_wkt": "POINT (76.83730568736792 43.23719523847104)", "bbox": [76.83727618306875, 43.237178809940815, 76.83733519166708, 43.23721166700125], "pixel_bbox": [11556, 6008, 11644, 6057], "area_m2": 17.496}}, {"type": "Feature", "geometry": {"type": "Polygon", "coordinates": [[[76.84001136571169, 43.23797073215246], [76.84001136571169, 43.2380310818553], [76.83996576815844, 43.2380310818553], [76.83996576815844, 43.23797073215246], [76.84001136571169, 43.23797073215246]]]}, "properties": {"id": 432, "class": "small vehicle", "confidence": 49.4, "source": "Almaty_4", "source_model": "yolo26-obb", "centroid_wkt": "POINT (76.83998856693506 43.23800090700387)", "bbox": [76.83996576815844, 43.23797073215246, 76.84001136571169, 43.2380310818553], "pixel_bbox": [15567, 4786, 15635, 4876], "area_m2": 24.832}}, {"type": "Feature", "geometry": {"type": "Polygon", "coordinates": [[[76.83346208184958, 43.23303680866957], [76.83346208184958, 43.23306631296873], [76.83340575546026, 43.23306631296873], [76.83340575546026, 43.23303680866957], [76.83346208184958, 43.23303680866957]]]}, "properties": {"id": 433, "class": "small vehicle", "confidence": 49.2, "source": "Almaty_4", "source_model": "yolo26-obb", "centroid_wkt": "POINT (76.83343391865492 43.23305156081915)", "bbox": [76.83340575546026, 43.23303680866957, 76.83346208184958, 43.23306631296873], "pixel_bbox": [5784, 12190, 5868, 12234], "area_m2": 14.998}}, {"type": "Feature", "geometry": {"type": "Polygon", "coordinates": [[[76.83888416737318, 43.23956731706858], [76.83888416737318, 43.23961693793535], [76.83884862810373, 43.23961693793535], [76.83884862810373, 43.23956731706858], [76.83888416737318, 43.23956731706858]]]}, "properties": {"id": 434, "class": "small vehicle", "confidence": 49.1, "source": "Almaty_4", "source_model": "yolo26-obb", "centroid_wkt": "POINT (76.83886639773846 43.23959212750196)", "bbox": [76.83884862810373, 43.23956731706858, 76.83888416737318, 43.23961693793535], "pixel_bbox": [13901, 2421, 13954, 2495], "area_m2": 15.913}}, {"type": "Feature", "geometry": {"type": "Polygon", "coordinates": [[[76.83469321578741, 43.23346395045519], [76.83469321578741, 43.233486749231815], [76.83467578142881, 43.233486749231815], [76.83467578142881, 43.23346395045519], [76.83469321578741, 43.23346395045519]]]}, "properties": {"id": 435, "class": "small vehicle", "confidence": 49.0, "source": "Almaty_4", "source_model": "yolo26-obb", "centroid_wkt": "POINT (76.83468449860811 43.2334753498435)", "bbox": [76.83467578142881, 43.23346395045519, 76.83469321578741, 43.233486749231815], "pixel_bbox": [7678, 11563, 7704, 11597], "area_m2": 3.587}}, {"type": "Feature", "geometry": {"type": "Polygon", "coordinates": [[[76.83076445013285, 43.2390047237277], [76.83076445013285, 43.23905501514673], [76.83072622865438, 43.23905501514673], [76.83072622865438, 43.2390047237277], [76.83076445013285, 43.2390047237277]]]}, "properties": {"id": 436, "class": "small vehicle", "confidence": 48.4, "source": "Almaty_4", "source_model": "yolo26-obb", "centroid_wkt": "POINT (76.83074533939362 43.23902986943722)", "bbox": [76.83072622865438, 43.2390047237277, 76.83076445013285, 43.23905501514673], "pixel_bbox": [1788, 3259, 1845, 3334], "area_m2": 17.346}}, {"type": "Feature", "geometry": {"type": "Polygon", "coordinates": [[[76.83967340737581, 43.23592957109213], [76.83967340737581, 43.23596779257059], [76.83961909264326, 43.23596779257059], [76.83961909264326, 43.23592957109213], [76.83967340737581, 43.23592957109213]]]}, "properties": {"id": 437, "class": "small vehicle", "confidence": 48.3, "source": "Almaty_4", "source_model": "yolo26-obb", "centroid_wkt": "POINT (76.83964625000954 43.23594868183137)", "bbox": [76.83961909264326, 43.23592957109213, 76.83967340737581, 43.23596779257059], "pixel_bbox": [15050, 7863, 15131, 7920], "area_m2": 18.734}}, {"type": "Feature", "geometry": {"type": "Polygon", "coordinates": [[[76.83883588761091, 43.234891556203365], [76.83883588761091, 43.234941847622395], [76.83879632502794, 43.234941847622395], [76.83879632502794, 43.234891556203365], [76.83883588761091, 43.234891556203365]]]}, "properties": {"id": 438, "class": "small vehicle", "confidence": 48.0, "source": "Almaty_4", "source_model": "yolo26-obb", "centroid_wkt": "POINT (76.83881610631943 43.23491670191288)", "bbox": [76.83879632502794, 43.234891556203365, 76.83883588761091, 43.234941847622395], "pixel_bbox": [13823, 9393, 13882, 9468], "area_m2": 17.955}}, {"type": "Feature", "geometry": {"type": "Polygon", "coordinates": [[[76.84064101427794, 43.23621857911348], [76.84064101427794, 43.23627557605505], [76.84059608727694, 43.23627557605505], [76.84059608727694, 43.23621857911348], [76.84064101427794, 43.23621857911348]]]}, "properties": {"id": 439, "class": "small vehicle", "confidence": 48.0, "source": "Almaty_4", "source_model": "yolo26-obb", "centroid_wkt": "POINT (76.84061855077744 43.23624707758426)", "bbox": [76.84059608727694, 43.23621857911348, 76.84064101427794, 43.23627557605505], "pixel_bbox": [16507, 7404, 16574, 7489], "area_m2": 23.108}}, {"type": "Feature", "geometry": {"type": "Polygon", "coordinates": [[[76.83873195201159, 43.23799017816782], [76.83873195201159, 43.238027058541775], [76.83867495507002, 43.238027058541775], [76.83867495507002, 43.23799017816782], [76.83873195201159, 43.23799017816782]]]}, "properties": {"id": 440, "class": "small vehicle", "confidence": 47.4, "source": "Almaty_4", "source_model": "yolo26-obb", "centroid_wkt": "POINT (76.8387034535408 43.23800861835479)", "bbox": [76.83867495507002, 43.23799017816782, 76.83873195201159, 43.238027058541775], "pixel_bbox": [13642, 4792, 13727, 4847], "area_m2": 18.969}}, {"type": "Feature", "geometry": {"type": "Polygon", "coordinates": [[[76.83268491178751, 43.239662535488605], [76.83268491178751, 43.23969338089228], [76.83261919766665, 43.23969338089228], [76.83261919766665, 43.239662535488605], [76.83268491178751, 43.239662535488605]]]}, "properties": {"id": 441, "class": "small vehicle", "confidence": 47.4, "source": "Almaty_4", "source_model": "yolo26-obb", "centroid_wkt": "POINT (76.83265205472708 43.23967795819044)", "bbox": [76.83261919766665, 43.239662535488605, 76.83268491178751, 43.23969338089228], "pixel_bbox": [4611, 2307, 4709, 2353], "area_m2": 18.291}}, {"type": "Feature", "geometry": {"type": "Polygon", "coordinates": [[[76.83898542076349, 43.23446039110422], [76.83898542076349, 43.23450330644846], [76.83892842382193, 43.23450330644846], [76.83892842382193, 43.23446039110422], [76.83898542076349, 43.23446039110422]]]}, "properties": {"id": 442, "class": "small vehicle", "confidence": 47.3, "source": "Almaty_4", "source_model": "yolo26-obb", "centroid_wkt": "POINT (76.83895692229271 43.23448184877634)", "bbox": [76.83892842382193, 43.23446039110422, 76.83898542076349, 43.23450330644846], "pixel_bbox": [14020, 10047, 14105, 10111], "area_m2": 22.074}}, {"type": "Feature", "geometry": {"type": "Polygon", "coordinates": [[[76.83200765401125, 43.23482248932123], [76.83200765401125, 43.2348533347249], [76.83194730430841, 43.2348533347249], [76.83194730430841, 43.23482248932123], [76.83200765401125, 43.23482248932123]]]}, "properties": {"id": 443, "class": "small vehicle", "confidence": 47.3, "source": "Almaty_4", "source_model": "yolo26-obb", "centroid_wkt": "POINT (76.83197747915983 43.234837912023075)", "bbox": [76.83194730430841, 43.23482248932123, 76.83200765401125, 43.2348533347249], "pixel_bbox": [3609, 9525, 3699, 9571], "area_m2": 16.799}}, {"type": "Feature", "geometry": {"type": "Polygon", "coordinates": [[[76.83310803025961, 43.23452811688185], [76.83310803025961, 43.234597854316235], [76.8330604210496, 43.234597854316235], [76.8330604210496, 43.23452811688185], [76.83310803025961, 43.23452811688185]]]}, "properties": {"id": 444, "class": "large vehicle", "confidence": 46.4, "source": "Almaty_4", "source_model": "yolo26-obb", "centroid_wkt": "POINT (76.8330842256546 43.23456298559905)", "bbox": [76.8330604210496, 43.23452811688185, 76.83310803025961, 43.234597854316235], "pixel_bbox": [5269, 9906, 5340, 10010], "area_m2": 29.962}}, {"type": "Feature", "geometry": {"type": "Polygon", "coordinates": [[[76.83899346739054, 43.239647783339024], [76.83899346739054, 43.23968131095171], [76.83892976492643, 43.23968131095171], [76.83892976492643, 43.239647783339024], [76.83899346739054, 43.239647783339024]]]}, "properties": {"id": 445, "class": "small vehicle", "confidence": 46.2, "source": "Almaty_4", "source_model": "yolo26-obb", "centroid_wkt": "POINT (76.83896161615849 43.23966454714537)", "bbox": [76.83892976492643, 43.239647783339024, 76.83899346739054, 43.23968131095171], "pixel_bbox": [14022, 2325, 14117, 2375], "area_m2": 19.273}}, {"type": "Feature", "geometry": {"type": "Polygon", "coordinates": [[[76.83913562446833, 43.23702994734049], [76.83913562446833, 43.23707152158022], [76.8391027674079, 43.23707152158022], [76.8391027674079, 43.23702994734049], [76.83913562446833, 43.23702994734049]]]}, "properties": {"id": 446, "class": "small vehicle", "confidence": 45.9, "source": "Almaty_4", "source_model": "yolo26-obb", "centroid_wkt": "POINT (76.83911919593811 43.237050734460354)", "bbox": [76.8391027674079, 43.23702994734049, 76.83913562446833, 43.23707152158022], "pixel_bbox": [14280, 6217, 14329, 6279], "area_m2": 12.327}}, {"type": "Feature", "geometry": {"type": "Polygon", "coordinates": [[[76.83791857212782, 43.23959682136774], [76.83791857212782, 43.23964577168226], [76.83788303285837, 43.23964577168226], [76.83788303285837, 43.23959682136774], [76.83791857212782, 43.23959682136774]]]}, "properties": {"id": 447, "class": "small vehicle", "confidence": 45.6, "source": "Almaty_4", "source_model": "yolo26-obb", "centroid_wkt": "POINT (76.8379008024931 43.239621296525)", "bbox": [76.83788303285837, 43.23959682136774, 76.83791857212782, 43.23964577168226], "pixel_bbox": [12461, 2378, 12514, 2451], "area_m2": 15.698}}, {"type": "Feature", "geometry": {"type": "Polygon", "coordinates": [[[76.83425333350897, 43.23495861142874], [76.83425333350897, 43.23501829057932], [76.83421041816473, 43.23501829057932], [76.83421041816473, 43.23495861142874], [76.83425333350897, 43.23495861142874]]]}, "properties": {"id": 448, "class": "small vehicle", "confidence": 44.9, "source": "Almaty_4", "source_model": "yolo26-obb", "centroid_wkt": "POINT (76.83423187583685 43.23498845100403)", "bbox": [76.83421041816473, 43.23495861142874, 76.83425333350897, 43.23501829057932], "pixel_bbox": [6984, 9279, 7048, 9368], "area_m2": 23.113}}, {"type": "Feature", "geometry": {"type": "Polygon", "coordinates": [[[76.83226581662893, 43.23409494012594], [76.83226581662893, 43.23412712663412], [76.83221217244864, 43.23412712663412], [76.83221217244864, 43.23409494012594], [76.83226581662893, 43.23409494012594]]]}, "properties": {"id": 449, "class": "small vehicle", "confidence": 44.7, "source": "Almaty_4", "source_model": "yolo26-obb", "centroid_wkt": "POINT (76.83223899453878 43.23411103338003)", "bbox": [76.83221217244864, 43.23409494012594, 76.83226581662893, 43.23412712663412], "pixel_bbox": [4004, 10608, 4084, 10656], "area_m2": 15.582}}, {"type": "Feature", "geometry": {"type": "Polygon", "coordinates": [[[76.83034133166075, 43.239087872207165], [76.83034133166075, 43.239142186939716], [76.83021392673254, 43.239142186939716], [76.83021392673254, 43.239087872207165], [76.83034133166075, 43.239087872207165]]]}, "properties": {"id": 450, "class": "large vehicle", "confidence": 44.7, "source": "Almaty_4", "source_model": "yolo26-obb", "centroid_wkt": "POINT (76.83027762919666 43.23911502957344)", "bbox": [76.83021392673254, 43.239087872207165, 76.83034133166075, 43.239142186939716], "pixel_bbox": [1024, 3129, 1214, 3210], "area_m2": 62.444}}, {"type": "Feature", "geometry": {"type": "Polygon", "coordinates": [[[76.83991346508265, 43.23821682482958], [76.83991346508265, 43.23826912790537], [76.83987658470869, 43.23826912790537], [76.83987658470869, 43.23821682482958], [76.83991346508265, 43.23821682482958]]]}, "properties": {"id": 451, "class": "small vehicle", "confidence": 44.6, "source": "Almaty_4", "source_model": "yolo26-obb", "centroid_wkt": "POINT (76.83989502489568 43.23824297636748)", "bbox": [76.83987658470869, 43.23821682482958, 76.83991346508265, 43.23826912790537], "pixel_bbox": [15434, 4431, 15489, 4509], "area_m2": 17.407}}, {"type": "Feature", "geometry": {"type": "Polygon", "coordinates": [[[76.83201771229506, 43.23333788663149], [76.83201771229506, 43.23338348418474], [76.83200296014547, 43.23338348418474], [76.83200296014547, 43.23333788663149], [76.83201771229506, 43.23333788663149]]]}, "properties": {"id": 452, "class": "small vehicle", "confidence": 44.6, "source": "Almaty_4", "source_model": "yolo26-obb", "centroid_wkt": "POINT (76.83201033622028 43.233360685408115)", "bbox": [76.83200296014547, 43.23333788663149, 76.83201771229506, 43.23338348418474], "pixel_bbox": [3692, 11717, 3714, 11785], "area_m2": 6.071}}, {"type": "Feature", "geometry": {"type": "Polygon", "coordinates": [[[76.83013949543238, 43.237706534564495], [76.83013949543238, 43.23776017874479], [76.83009658008814, 43.23776017874479], [76.83009658008814, 43.237706534564495], [76.83013949543238, 43.237706534564495]]]}, "properties": {"id": 453, "class": "small vehicle", "confidence": 44.2, "source": "Almaty_4", "source_model": "yolo26-obb", "centroid_wkt": "POINT (76.83011803776026 43.237733356654644)", "bbox": [76.83009658008814, 43.237706534564495, 76.83013949543238, 43.23776017874479], "pixel_bbox": [849, 5190, 913, 5270], "area_m2": 20.775}}, {"type": "Feature", "geometry": {"type": "Polygon", "coordinates": [[[76.8392288312316, 43.237123154103756], [76.8392288312316, 43.23715399950743], [76.83916915208101, 43.23715399950743], [76.83916915208101, 43.237123154103756], [76.8392288312316, 43.237123154103756]]]}, "properties": {"id": 454, "class": "small vehicle", "confidence": 43.8, "source": "Almaty_4", "source_model": "yolo26-obb", "centroid_wkt": "POINT (76.8391989916563 43.237138576805584)", "bbox": [76.83916915208101, 43.237123154103756, 76.8392288312316, 43.23715399950743], "pixel_bbox": [14379, 6094, 14468, 6140], "area_m2": 16.612}}, {"type": "Feature", "geometry": {"type": "Polygon", "coordinates": [[[76.83856699615717, 43.23720898479223], [76.83856699615717, 43.23726262897253], [76.83852676302195, 43.23726262897253], [76.83852676302195, 43.23720898479223], [76.83856699615717, 43.23720898479223]]]}, "properties": {"id": 455, "class": "small vehicle", "confidence": 43.7, "source": "Almaty_4", "source_model": "yolo26-obb", "centroid_wkt": "POINT (76.83854687958956 43.23723580688238)", "bbox": [76.83852676302195, 43.23720898479223, 76.83856699615717, 43.23726262897253], "pixel_bbox": [13421, 5932, 13481, 6012], "area_m2": 19.476}}, {"type": "Feature", "geometry": {"type": "Polygon", "coordinates": [[[76.83645006269217, 43.239622972905636], [76.83645006269217, 43.23965582996607], [76.83638636022806, 43.23965582996607], [76.83638636022806, 43.239622972905636], [76.83645006269217, 43.239622972905636]]]}, "properties": {"id": 456, "class": "large vehicle", "confidence": 43.5, "source": "Almaty_4", "source_model": "yolo26-obb", "centroid_wkt": "POINT (76.83641821146011 43.239639401435845)", "bbox": [76.83638636022806, 43.239622972905636, 76.83645006269217, 43.23965582996607], "pixel_bbox": [10229, 2363, 10324, 2412], "area_m2": 18.887}}, {"type": "Feature", "geometry": {"type": "Polygon", "coordinates": [[[76.83740492910147, 43.23640700429678], [76.83740492910147, 43.23643181473017], [76.8373653665185, 43.23643181473017], [76.8373653665185, 43.23640700429678], [76.83740492910147, 43.23640700429678]]]}, "properties": {"id": 457, "class": "small vehicle", "confidence": 42.9, "source": "Almaty_4", "source_model": "yolo26-obb", "centroid_wkt": "POINT (76.83738514780998 43.23641940951347)", "bbox": [76.8373653665185, 43.23640700429678, 76.83740492910147, 43.23643181473017], "pixel_bbox": [11689, 7171, 11748, 7208], "area_m2": 8.858}}, {"type": "Feature", "geometry": {"type": "Polygon", "coordinates": [[[76.83917988091707, 43.23649484664202], [76.83917988091707, 43.23652233928442], [76.83913696557283, 43.23652233928442], [76.83913696557283, 43.23649484664202], [76.83917988091707, 43.23649484664202]]]}, "properties": {"id": 458, "class": "small vehicle", "confidence": 42.5, "source": "Almaty_4", "source_model": "yolo26-obb", "centroid_wkt": "POINT (76.83915842324495 43.23650859296322)", "bbox": [76.83913696557283, 43.23649484664202, 76.83917988091707, 43.23652233928442], "pixel_bbox": [14331, 7036, 14395, 7077], "area_m2": 10.647}}, {"type": "Feature", "geometry": {"type": "Polygon", "coordinates": [[[76.83314088732004, 43.233050890266895], [76.83314088732004, 43.23308106511831], [76.83307785540819, 43.23308106511831], [76.83307785540819, 43.233050890266895], [76.83314088732004, 43.233050890266895]]]}, "properties": {"id": 459, "class": "small vehicle", "confidence": 42.1, "source": "Almaty_4", "source_model": "yolo26-obb", "centroid_wkt": "POINT (76.83310937136412 43.233065977692604)", "bbox": [76.83307785540819, 43.233050890266895, 76.83314088732004, 43.23308106511831], "pixel_bbox": [5295, 12168, 5389, 12213], "area_m2": 17.165}}, {"type": "Feature", "geometry": {"type": "Polygon", "coordinates": [[[76.8390142545104, 43.235175870358944], [76.8390142545104, 43.23523286730051], [76.83896999806166, 43.23523286730051], [76.83896999806166, 43.235175870358944], [76.8390142545104, 43.235175870358944]]]}, "properties": {"id": 460, "class": "small vehicle", "confidence": 42.0, "source": "Almaty_4", "source_model": "yolo26-obb", "centroid_wkt": "POINT (76.83899212628603 43.23520436882973)", "bbox": [76.83896999806166, 43.235175870358944, 76.8390142545104, 43.23523286730051], "pixel_bbox": [14082, 8959, 14148, 9044], "area_m2": 22.764}}, {"type": "Feature", "geometry": {"type": "Polygon", "coordinates": [[[76.83905247598886, 43.24049402028322], [76.83905247598886, 43.24054565280676], [76.8390142545104, 43.24054565280676], [76.8390142545104, 43.24049402028322], [76.83905247598886, 43.24049402028322]]]}, "properties": {"id": 461, "class": "small vehicle", "confidence": 41.6, "source": "Almaty_4", "source_model": "yolo26-obb", "centroid_wkt": "POINT (76.83903336524963 43.240519836545)", "bbox": [76.8390142545104, 43.24049402028322, 76.83905247598886, 43.24054565280676], "pixel_bbox": [14148, 1036, 14205, 1113], "area_m2": 17.808}}, {"type": "Feature", "geometry": {"type": "Polygon", "coordinates": [[[76.83435324579477, 43.23530796915293], [76.83435324579477, 43.23533210903406], [76.83432977646589, 43.23533210903406], [76.83432977646589, 43.23530796915293], [76.83435324579477, 43.23530796915293]]]}, "properties": {"id": 462, "class": "ship", "confidence": 41.5, "source": "Almaty_4", "source_model": "yolo26-obb", "centroid_wkt": "POINT (76.83434151113035 43.23532003909349)", "bbox": [76.83432977646589, 43.23530796915293, 76.83435324579477, 43.23533210903406], "pixel_bbox": [7162, 8811, 7197, 8847], "area_m2": 5.113}}, {"type": "Feature", "geometry": {"type": "Polygon", "coordinates": [[[76.84088911861181, 43.23536094278097], [76.84088911861181, 43.23540922254324], [76.84084754437208, 43.23540922254324], [76.84084754437208, 43.23536094278097], [76.84088911861181, 43.23536094278097]]]}, "properties": {"id": 463, "class": "small vehicle", "confidence": 41.5, "source": "Almaty_4", "source_model": "yolo26-obb", "centroid_wkt": "POINT (76.84086833149195 43.23538508266211)", "bbox": [76.84084754437208, 43.23536094278097, 76.84088911861181, 43.23540922254324], "pixel_bbox": [16882, 8696, 16944, 8768], "area_m2": 18.114}}, {"type": "Feature", "geometry": {"type": "Polygon", "coordinates": [[[76.83213371783495, 43.23954652994871], [76.83213371783495, 43.239576034247875], [76.83206599205732, 43.239576034247875], [76.83206599205732, 43.23954652994871], [76.83213371783495, 43.23954652994871]]]}, "properties": {"id": 464, "class": "small vehicle", "confidence": 41.4, "source": "Almaty_4", "source_model": "yolo26-obb", "centroid_wkt": "POINT (76.83209985494614 43.23956128209829)", "bbox": [76.83206599205732, 43.23954652994871, 76.83213371783495, 43.239576034247875], "pixel_bbox": [3786, 2482, 3887, 2526], "area_m2": 18.031}}, {"type": "Feature", "geometry": {"type": "Polygon", "coordinates": [[[76.83435324579477, 43.23528449982405], [76.83435324579477, 43.23530998080969], [76.83432709425688, 43.23530998080969], [76.83432709425688, 43.23528449982405], [76.83435324579477, 43.23528449982405]]]}, "properties": {"id": 465, "class": "ship", "confidence": 41.4, "source": "Almaty_4", "source_model": "yolo26-obb", "centroid_wkt": "POINT (76.83434017002583 43.23529724031686)", "bbox": [76.83432709425688, 43.23528449982405, 76.83435324579477, 43.23530998080969], "pixel_bbox": [7158, 8844, 7197, 8882], "area_m2": 6.014}}, {"type": "Feature", "geometry": {"type": "Polygon", "coordinates": [[[76.83088649064302, 43.23746647685766], [76.83088649064302, 43.23750000447035], [76.8308274820447, 43.23750000447035], [76.8308274820447, 43.23746647685766], [76.83088649064302, 43.23746647685766]]]}, "properties": {"id": 466, "class": "small vehicle", "confidence": 41.3, "source": "Almaty_4", "source_model": "yolo26-obb", "centroid_wkt": "POINT (76.83085698634386 43.23748324066401)", "bbox": [76.8308274820447, 43.23746647685766, 76.83088649064302, 43.23750000447035], "pixel_bbox": [1939, 5578, 2027, 5628], "area_m2": 17.853}}, {"type": "Feature", "geometry": {"type": "Polygon", "coordinates": [[[76.83871183544397, 43.23435176163912], [76.83871183544397, 43.23438260704279], [76.83864746242762, 43.23438260704279], [76.83864746242762, 43.23435176163912], [76.83871183544397, 43.23435176163912]]]}, "properties": {"id": 467, "class": "small vehicle", "confidence": 41.3, "source": "Almaty_4", "source_model": "yolo26-obb", "centroid_wkt": "POINT (76.8386796489358 43.234367184340954)", "bbox": [76.83864746242762, 43.23435176163912, 76.83871183544397, 43.23438260704279], "pixel_bbox": [13601, 10227, 13697, 10273], "area_m2": 17.919}}, {"type": "Feature", "geometry": {"type": "Polygon", "coordinates": [[[76.83802586048841, 43.23463071137667], [76.83802586048841, 43.23465619236231], [76.83798629790545, 43.23465619236231], [76.83798629790545, 43.23463071137667], [76.83802586048841, 43.23463071137667]]]}, "properties": {"id": 468, "class": "small vehicle", "confidence": 41.1, "source": "Almaty_4", "source_model": "yolo26-obb", "centroid_wkt": "POINT (76.83800607919693 43.23464345186949)", "bbox": [76.83798629790545, 43.23463071137667, 76.83802586048841, 43.23465619236231], "pixel_bbox": [12615, 9819, 12674, 9857], "area_m2": 9.097}}, {"type": "Feature", "geometry": {"type": "Polygon", "coordinates": [[[76.83802250772715, 43.23934603482485], [76.83802250772715, 43.23940370231867], [76.83798227459192, 43.23940370231867], [76.83798227459192, 43.23934603482485], [76.83802250772715, 43.23934603482485]]]}, "properties": {"id": 469, "class": "small vehicle", "confidence": 40.9, "source": "Almaty_4", "source_model": "yolo26-obb", "centroid_wkt": "POINT (76.83800239115953 43.23937486857176)", "bbox": [76.83798227459192, 43.23934603482485, 76.83802250772715, 43.23940370231867], "pixel_bbox": [12609, 2739, 12669, 2825], "area_m2": 20.936}}, {"type": "Feature", "geometry": {"type": "Polygon", "coordinates": [[[76.83808352798223, 43.23425855487585], [76.83808352798223, 43.23430482298136], [76.83802586048841, 43.23430482298136], [76.83802586048841, 43.23425855487585], [76.83808352798223, 43.23425855487585]]]}, "properties": {"id": 470, "class": "small vehicle", "confidence": 40.8, "source": "Almaty_4", "source_model": "yolo26-obb", "centroid_wkt": "POINT (76.83805469423532 43.234281688928604)", "bbox": [76.83802586048841, 43.23425855487585, 76.83808352798223, 43.23430482298136], "pixel_bbox": [12674, 10343, 12760, 10412], "area_m2": 24.079}}, {"type": "Feature", "geometry": {"type": "Polygon", "coordinates": [[[76.8377348408103, 43.23978792876005], [76.8377348408103, 43.23983754962683], [76.83769594877958, 43.23983754962683], [76.83769594877958, 43.23978792876005], [76.8377348408103, 43.23978792876005]]]}, "properties": {"id": 471, "class": "small vehicle", "confidence": 40.7, "source": "Almaty_4", "source_model": "yolo26-obb", "centroid_wkt": "POINT (76.83771539479496 43.23981273919344)", "bbox": [76.83769594877958, 43.23978792876005, 76.8377348408103, 43.23983754962683], "pixel_bbox": [12182, 2092, 12240, 2166], "area_m2": 17.414}}, {"type": "Feature", "geometry": {"type": "Polygon", "coordinates": [[[76.83876682072878, 43.234898932278156], [76.83876682072878, 43.234943859279156], [76.83873664587736, 43.234943859279156], [76.83873664587736, 43.234898932278156], [76.83876682072878, 43.234898932278156]]]}, "properties": {"id": 472, "class": "small vehicle", "confidence": 40.7, "source": "Almaty_4", "source_model": "yolo26-obb", "centroid_wkt": "POINT (76.83875173330306 43.23492139577866)", "bbox": [76.83873664587736, 43.234898932278156, 76.83876682072878, 43.234943859279156], "pixel_bbox": [13734, 9390, 13779, 9457], "area_m2": 12.234}}, {"type": "Feature", "geometry": {"type": "Polygon", "coordinates": [[[76.84064839035273, 43.236305080354214], [76.84064839035273, 43.23636408895254], [76.84060279279947, 43.23636408895254], [76.84060279279947, 43.236305080354214], [76.84064839035273, 43.236305080354214]]]}, "properties": {"id": 473, "class": "small vehicle", "confidence": 40.3, "source": "Almaty_4", "source_model": "yolo26-obb", "centroid_wkt": "POINT (76.84062559157609 43.23633458465338)", "bbox": [76.84060279279947, 43.236305080354214, 76.84064839035273, 43.23636408895254], "pixel_bbox": [16517, 7272, 16585, 7360], "area_m2": 24.281}}, {"type": "Feature", "geometry": {"type": "Polygon", "coordinates": [[[76.83290015906096, 43.23470178991556], [76.83290015906096, 43.23473062366247], [76.83283645659685, 43.23473062366247], [76.83283645659685, 43.23470178991556], [76.83290015906096, 43.23470178991556]]]}, "properties": {"id": 474, "class": "large vehicle", "confidence": 40.2, "source": "Almaty_4", "source_model": "yolo26-obb", "centroid_wkt": "POINT (76.8328683078289 43.234716206789024)", "bbox": [76.83283645659685, 43.23470178991556, 76.83290015906096, 43.23473062366247], "pixel_bbox": [4935, 9708, 5030, 9751], "area_m2": 16.576}}, {"type": "Feature", "geometry": {"type": "Polygon", "coordinates": [[[76.83449607342482, 43.233407624065876], [76.83449607342482, 43.23344048112631], [76.83442901819944, 43.23344048112631], [76.83442901819944, 43.233407624065876], [76.83449607342482, 43.233407624065876]]]}, "properties": {"id": 475, "class": "small vehicle", "confidence": 40.0, "source": "Almaty_4", "source_model": "yolo26-obb", "centroid_wkt": "POINT (76.83446254581212 43.2334240525961)", "bbox": [76.83442901819944, 43.233407624065876, 76.83449607342482, 43.23344048112631], "pixel_bbox": [7310, 11632, 7410, 11681], "area_m2": 19.883}}, {"type": "Feature", "geometry": {"type": "Polygon", "coordinates": [[[76.83306310325861, 43.23452677577734], [76.83306310325861, 43.23459584265947], [76.83302219957113, 43.23459584265947], [76.83302219957113, 43.23452677577734], [76.83306310325861, 43.23452677577734]]]}, "properties": {"id": 476, "class": "small vehicle", "confidence": 40.0, "source": "Almaty_4", "source_model": "yolo26-obb", "centroid_wkt": "POINT (76.83304265141487 43.2345613092184)", "bbox": [76.83302219957113, 43.23452677577734, 76.83306310325861, 43.23459584265947], "pixel_bbox": [5212, 9909, 5273, 10012], "area_m2": 25.495}}, {"type": "Feature", "geometry": {"type": "Polygon", "coordinates": [[[76.83645408600569, 43.23960218578577], [76.83645408600569, 43.23962967842817], [76.83640513569117, 43.23962967842817], [76.83640513569117, 43.23960218578577], [76.83645408600569, 43.23960218578577]]]}, "properties": {"id": 477, "class": "small vehicle", "confidence": 40.0, "source": "Almaty_4", "source_model": "yolo26-obb", "centroid_wkt": "POINT (76.83642961084841 43.23961593210697)", "bbox": [76.83640513569117, 43.23960218578577, 76.83645408600569, 43.23962967842817], "pixel_bbox": [10257, 2402, 10330, 2443], "area_m2": 12.144}}, {"type": "Feature", "geometry": {"type": "Polygon", "coordinates": [[[76.83901626616716, 43.239578045904636], [76.83901626616716, 43.23960889130831], [76.83895390480757, 43.23960889130831], [76.83895390480757, 43.239578045904636], [76.83901626616716, 43.239578045904636]]]}, "properties": {"id": 478, "class": "small vehicle", "confidence": 39.7, "source": "Almaty_4", "source_model": "yolo26-obb", "centroid_wkt": "POINT (76.83898508548737 43.23959346860647)", "bbox": [76.83895390480757, 43.239578045904636, 76.83901626616716, 43.23960889130831], "pixel_bbox": [14058, 2433, 14151, 2479], "area_m2": 17.358}}, {"type": "Feature", "geometry": {"type": "Polygon", "coordinates": [[[76.83993693441153, 43.23532808572054], [76.83993693441153, 43.235359601676464], [76.83987591415644, 43.235359601676464], [76.83987591415644, 43.23532808572054], [76.83993693441153, 43.23532808572054]]]}, "properties": {"id": 479, "class": "large vehicle", "confidence": 39.6, "source": "Almaty_4", "source_model": "yolo26-obb", "centroid_wkt": "POINT (76.83990642428398 43.2353438436985)", "bbox": [76.83987591415644, 43.23532808572054, 76.83993693441153, 43.235359601676464], "pixel_bbox": [15433, 8770, 15524, 8817], "area_m2": 17.355}}, {"type": "Feature", "geometry": {"type": "Polygon", "coordinates": [[[76.84080194681883, 43.23623199015856], [76.84080194681883, 43.23628630489111], [76.8407617136836, 43.23628630489111], [76.8407617136836, 43.23623199015856], [76.84080194681883, 43.23623199015856]]]}, "properties": {"id": 480, "class": "small vehicle", "confidence": 39.5, "source": "Almaty_4", "source_model": "yolo26-obb", "centroid_wkt": "POINT (76.84078183025122 43.236259147524834)", "bbox": [76.8407617136836, 43.23623199015856, 76.84080194681883, 43.23628630489111], "pixel_bbox": [16754, 7388, 16814, 7469], "area_m2": 19.72}}, {"type": "Feature", "geometry": {"type": "Polygon", "coordinates": [[[76.83456782251596, 43.23342841118574], [76.83456782251596, 43.23345858603716], [76.8345121666789, 43.23345858603716], [76.8345121666789, 43.23342841118574], [76.83456782251596, 43.23342841118574]]]}, "properties": {"id": 481, "class": "small vehicle", "confidence": 39.3, "source": "Almaty_4", "source_model": "yolo26-obb", "centroid_wkt": "POINT (76.83453999459743 43.23344349861145)", "bbox": [76.8345121666789, 43.23342841118574, 76.83456782251596, 43.23345858603716], "pixel_bbox": [7434, 11605, 7517, 11650], "area_m2": 15.156}}, {"type": "Feature", "geometry": {"type": "Polygon", "coordinates": [[[76.83314088732004, 43.23305021971464], [76.83314088732004, 43.23308173567057], [76.83307785540819, 43.23308173567057], [76.83307785540819, 43.23305021971464], [76.83314088732004, 43.23305021971464]]]}, "properties": {"id": 482, "class": "large vehicle", "confidence": 39.1, "source": "Almaty_4", "source_model": "yolo26-obb", "centroid_wkt": "POINT (76.83310937136412 43.233065977692604)", "bbox": [76.83307785540819, 43.23305021971464, 76.83314088732004, 43.23308173567057], "pixel_bbox": [5295, 12167, 5389, 12214], "area_m2": 17.928}}, {"type": "Feature", "geometry": {"type": "Polygon", "coordinates": [[[76.83681350201368, 43.23967929929495], [76.83681350201368, 43.23971550911665], [76.8367524817586, 43.23971550911665], [76.8367524817586, 43.23967929929495], [76.83681350201368, 43.23967929929495]]]}, "properties": {"id": 483, "class": "small vehicle", "confidence": 39.1, "source": "Almaty_4", "source_model": "yolo26-obb", "centroid_wkt": "POINT (76.83678299188614 43.239697404205806)", "bbox": [76.8367524817586, 43.23967929929495, 76.83681350201368, 43.23971550911665], "pixel_bbox": [10775, 2274, 10866, 2328], "area_m2": 19.938}}, {"type": "Feature", "geometry": {"type": "Polygon", "coordinates": [[[76.8402836099267, 43.23670472949743], [76.8402836099267, 43.23676574975252], [76.84023600071669, 43.23676574975252], [76.84023600071669, 43.23670472949743], [76.8402836099267, 43.23670472949743]]]}, "properties": {"id": 484, "class": "small vehicle", "confidence": 39.1, "source": "Almaty_4", "source_model": "yolo26-obb", "centroid_wkt": "POINT (76.8402598053217 43.23673523962498)", "bbox": [76.84023600071669, 43.23670472949743, 76.8402836099267, 43.23676574975252], "pixel_bbox": [15970, 6673, 16041, 6764], "area_m2": 26.216}}, {"type": "Feature", "geometry": {"type": "Polygon", "coordinates": [[[76.83528263121843, 43.234482519328594], [76.83528263121843, 43.23453214019537], [76.8352484330535, 43.23453214019537], [76.8352484330535, 43.234482519328594], [76.83528263121843, 43.234482519328594]]]}, "properties": {"id": 485, "class": "small vehicle", "confidence": 38.7, "source": "Almaty_4", "source_model": "yolo26-obb", "centroid_wkt": "POINT (76.83526553213596 43.234507329761975)", "bbox": [76.8352484330535, 43.234482519328594, 76.83528263121843, 43.23453214019537], "pixel_bbox": [8532, 10004, 8583, 10078], "area_m2": 15.314}}, {"type": "Feature", "geometry": {"type": "Polygon", "coordinates": [[[76.83451149612665, 43.238147757947445], [76.83451149612665, 43.23818128556013], [76.83445248752832, 43.23818128556013], [76.83445248752832, 43.238147757947445], [76.83451149612665, 43.238147757947445]]]}, "properties": {"id": 486, "class": "small vehicle", "confidence": 37.9, "source": "Almaty_4", "source_model": "yolo26-obb", "centroid_wkt": "POINT (76.83448199182749 43.238164521753795)", "bbox": [76.83445248752832, 43.238147757947445, 76.83451149612665, 43.23818128556013], "pixel_bbox": [7345, 4562, 7433, 4612], "area_m2": 17.853}}, {"type": "Feature", "geometry": {"type": "Polygon", "coordinates": [[[76.83902967721224, 43.23952842503786], [76.83902967721224, 43.23955725878477], [76.8389767035842, 43.23955725878477], [76.8389767035842, 43.23952842503786], [76.83902967721224, 43.23952842503786]]]}, "properties": {"id": 487, "class": "small vehicle", "confidence": 37.4, "source": "Almaty_4", "source_model": "yolo26-obb", "centroid_wkt": "POINT (76.83900319039822 43.239542841911316)", "bbox": [76.8389767035842, 43.23952842503786, 76.83902967721224, 43.23955725878477], "pixel_bbox": [14092, 2510, 14171, 2553], "area_m2": 13.783}}, {"type": "Feature", "geometry": {"type": "Polygon", "coordinates": [[[76.83305237442255, 43.23452677577734], [76.83305237442255, 43.23459316045046], [76.83302354067564, 43.23459316045046], [76.83302354067564, 43.23452677577734], [76.83305237442255, 43.23452677577734]]]}, "properties": {"id": 488, "class": "large vehicle", "confidence": 36.9, "source": "Almaty_4", "source_model": "yolo26-obb", "centroid_wkt": "POINT (76.8330379575491 43.2345599681139)", "bbox": [76.83302354067564, 43.23452677577734, 76.83305237442255, 43.23459316045046], "pixel_bbox": [5214, 9913, 5257, 10012], "area_m2": 17.274}}, {"type": "Feature", "geometry": {"type": "Polygon", "coordinates": [[[76.83171261101961, 43.23402788490057], [76.83171261101961, 43.23407884687185], [76.83167036622763, 43.23407884687185], [76.83167036622763, 43.23402788490057], [76.83171261101961, 43.23402788490057]]]}, "properties": {"id": 489, "class": "small vehicle", "confidence": 36.7, "source": "Almaty_4", "source_model": "yolo26-obb", "centroid_wkt": "POINT (76.83169148862362 43.23405336588621)", "bbox": [76.83167036622763, 43.23402788490057, 76.83171261101961, 43.23407884687185], "pixel_bbox": [3196, 10680, 3259, 10756], "area_m2": 19.429}}, {"type": "Feature", "geometry": {"type": "Polygon", "coordinates": [[[76.83436866849661, 43.23555205017328], [76.83436866849661, 43.235624469816685], [76.8343224003911, 43.235624469816685], [76.8343224003911, 43.23555205017328], [76.83436866849661, 43.23555205017328]]]}, "properties": {"id": 490, "class": "large vehicle", "confidence": 36.6, "source": "Almaty_4", "source_model": "yolo26-obb", "centroid_wkt": "POINT (76.83434553444386 43.23558825999498)", "bbox": [76.8343224003911, 43.23555205017328, 76.83436866849661, 43.235624469816685], "pixel_bbox": [7151, 8375, 7220, 8483], "area_m2": 30.238}}, {"type": "Feature", "geometry": {"type": "Polygon", "coordinates": [[[76.83381143957376, 43.23840592056513], [76.83381143957376, 43.23842938989401], [76.83377992361784, 43.23842938989401], [76.83377992361784, 43.23840592056513], [76.83381143957376, 43.23840592056513]]]}, "properties": {"id": 491, "class": "large vehicle", "confidence": 36.1, "source": "Almaty_4", "source_model": "yolo26-obb", "centroid_wkt": "POINT (76.8337956815958 43.23841765522957)", "bbox": [76.83377992361784, 43.23840592056513, 76.83381143957376, 43.23842938989401], "pixel_bbox": [6342, 4192, 6389, 4227], "area_m2": 6.675}}, {"type": "Feature", "geometry": {"type": "Polygon", "coordinates": [[[76.83299805969, 43.23973026126623], [76.83299805969, 43.239765129983425], [76.83292966336012, 43.239765129983425], [76.83292966336012, 43.23973026126623], [76.83299805969, 43.23973026126623]]]}, "properties": {"id": 492, "class": "small vehicle", "confidence": 36.0, "source": "Almaty_4", "source_model": "yolo26-obb", "centroid_wkt": "POINT (76.83296386152506 43.23974769562483)", "bbox": [76.83292966336012, 43.23973026126623, 76.83299805969, 43.239765129983425], "pixel_bbox": [5074, 2200, 5176, 2252], "area_m2": 21.521}}, {"type": "Feature", "geometry": {"type": "Polygon", "coordinates": [[[76.83189634233713, 43.23619108647108], [76.83189634233713, 43.23621924966574], [76.83184001594782, 43.23621924966574], [76.83184001594782, 43.23619108647108], [76.83189634233713, 43.23619108647108]]]}, "properties": {"id": 493, "class": "ship", "confidence": 35.3, "source": "Almaty_4", "source_model": "yolo26-obb", "centroid_wkt": "POINT (76.83186817914249 43.23620516806841)", "bbox": [76.83184001594782, 43.23619108647108, 76.83189634233713, 43.23621924966574], "pixel_bbox": [3449, 7488, 3533, 7530], "area_m2": 14.315}}, {"type": "Feature", "geometry": {"type": "Polygon", "coordinates": [[[76.83295179158449, 43.234632052481174], [76.83295179158449, 43.23463808745146], [76.83292295783758, 43.23463808745146], [76.83292295783758, 43.234632052481174], [76.83295179158449, 43.234632052481174]]]}, "properties": {"id": 494, "class": "small vehicle", "confidence": 35.1, "source": "Almaty_4", "source_model": "yolo26-obb", "centroid_wkt": "POINT (76.83293737471102 43.234635069966316)", "bbox": [76.83292295783758, 43.234632052481174, 76.83295179158449, 43.23463808745146], "pixel_bbox": [5064, 9846, 5107, 9855], "area_m2": 1.57}}, {"type": "Feature", "geometry": {"type": "Polygon", "coordinates": [[[76.83403808623552, 43.23372881859541], [76.83403808623552, 43.23375631123781], [76.8339877948165, 43.23375631123781], [76.8339877948165, 43.23372881859541], [76.83403808623552, 43.23372881859541]]]}, "properties": {"id": 495, "class": "small vehicle", "confidence": 35.1, "source": "Almaty_4", "source_model": "yolo26-obb", "centroid_wkt": "POINT (76.834012940526 43.233742564916604)", "bbox": [76.8339877948165, 43.23372881859541, 76.83403808623552, 43.23375631123781], "pixel_bbox": [6652, 11161, 6727, 11202], "area_m2": 12.478}}, {"type": "Feature", "geometry": {"type": "Polygon", "coordinates": [[[76.83934014290571, 43.236492834985256], [76.83934014290571, 43.23653977364302], [76.83930527418852, 43.23653977364302], [76.83930527418852, 43.236492834985256], [76.83934014290571, 43.236492834985256]]]}, "properties": {"id": 496, "class": "small vehicle", "confidence": 34.5, "source": "Almaty_4", "source_model": "yolo26-obb", "centroid_wkt": "POINT (76.83932270854713 43.23651630431414)", "bbox": [76.83930527418852, 43.236492834985256, 76.83934014290571, 43.23653977364302], "pixel_bbox": [14582, 7010, 14634, 7080], "area_m2": 14.77}}, {"type": "Feature", "geometry": {"type": "Polygon", "coordinates": [[[76.83435056358576, 43.23896449059248], [76.83435056358576, 43.23899533599615], [76.83428820222616, 43.23899533599615], [76.83428820222616, 43.23896449059248], [76.83435056358576, 43.23896449059248]]]}, "properties": {"id": 497, "class": "ship", "confidence": 34.5, "source": "Almaty_4", "source_model": "yolo26-obb", "centroid_wkt": "POINT (76.83431938290596 43.23897991329431)", "bbox": [76.83428820222616, 43.23896449059248, 76.83435056358576, 43.23899533599615], "pixel_bbox": [7100, 3348, 7193, 3394], "area_m2": 17.358}}, {"type": "Feature", "geometry": {"type": "Polygon", "coordinates": [[[76.83571245521307, 43.23366176337004], [76.83571245521307, 43.23369327932596], [76.83565076440573, 43.23369327932596], [76.83565076440573, 43.23366176337004], [76.83571245521307, 43.23366176337004]]]}, "properties": {"id": 498, "class": "small vehicle", "confidence": 34.4, "source": "Almaty_4", "source_model": "yolo26-obb", "centroid_wkt": "POINT (76.83568160980938 43.23367752134799)", "bbox": [76.83565076440573, 43.23366176337004, 76.83571245521307, 43.23369327932596], "pixel_bbox": [9132, 11255, 9224, 11302], "area_m2": 17.546}}, {"type": "Feature", "geometry": {"type": "Polygon", "coordinates": [[[76.83991681784391, 43.2379237934947], [76.83991681784391, 43.23797609657049], [76.83987457305193, 43.23797609657049], [76.83987457305193, 43.2379237934947], [76.83991681784391, 43.2379237934947]]]}, "properties": {"id": 499, "class": "small vehicle", "confidence": 34.3, "source": "Almaty_4", "source_model": "yolo26-obb", "centroid_wkt": "POINT (76.83989569544792 43.2379499450326)", "bbox": [76.83987457305193, 43.2379237934947, 76.83991681784391, 43.23797609657049], "pixel_bbox": [15431, 4868, 15494, 4946], "area_m2": 19.939}}, {"type": "Feature", "geometry": {"type": "Polygon", "coordinates": [[[76.83952856808901, 43.23912341147661], [76.83952856808901, 43.23917705565691], [76.83948766440153, 43.23917705565691], [76.83948766440153, 43.23912341147661], [76.83952856808901, 43.23912341147661]]]}, "properties": {"id": 500, "class": "small vehicle", "confidence": 34.2, "source": "Almaty_4", "source_model": "yolo26-obb", "centroid_wkt": "POINT (76.83950811624527 43.23915023356677)", "bbox": [76.83948766440153, 43.23912341147661, 76.83952856808901, 43.23917705565691], "pixel_bbox": [14854, 3077, 14915, 3157], "area_m2": 19.8}}, {"type": "Feature", "geometry": {"type": "Polygon", "coordinates": [[[76.83384228497744, 43.2356546446681], [76.83384228497744, 43.23569219559431], [76.83380875736475, 43.23569219559431], [76.83380875736475, 43.2356546446681], [76.83384228497744, 43.2356546446681]]]}, "properties": {"id": 501, "class": "large vehicle", "confidence": 33.9, "source": "Almaty_4", "source_model": "yolo26-obb", "centroid_wkt": "POINT (76.83382552117108 43.23567342013121)", "bbox": [76.83380875736475, 43.2356546446681, 76.83384228497744, 43.23569219559431], "pixel_bbox": [6385, 8274, 6435, 8330], "area_m2": 11.362}}, {"type": "Feature", "geometry": {"type": "Polygon", "coordinates": [[[76.83930594474077, 43.238594345748425], [76.83930594474077, 43.238682858645916], [76.83925699442625, 43.238682858645916], [76.83925699442625, 43.238594345748425], [76.83930594474077, 43.238594345748425]]]}, "properties": {"id": 502, "class": "large vehicle", "confidence": 33.9, "source": "Almaty_4", "source_model": "yolo26-obb", "centroid_wkt": "POINT (76.83928146958351 43.23863860219717)", "bbox": [76.83925699442625, 43.238594345748425, 76.83930594474077, 43.238682858645916], "pixel_bbox": [14510, 3814, 14583, 3946], "area_m2": 39.098}}, {"type": "Feature", "geometry": {"type": "Polygon", "coordinates": [[[76.83339234441519, 43.233537040650845], [76.83339234441519, 43.23356386274099], [76.83335077017546, 43.23356386274099], [76.83335077017546, 43.233537040650845], [76.83339234441519, 43.233537040650845]]]}, "properties": {"id": 503, "class": "small vehicle", "confidence": 33.6, "source": "Almaty_4", "source_model": "yolo26-obb", "centroid_wkt": "POINT (76.83337155729534 43.23355045169592)", "bbox": [76.83335077017546, 43.233537040650845, 76.83339234441519, 43.23356386274099], "pixel_bbox": [5702, 11448, 5764, 11488], "area_m2": 10.063}}, {"type": "Feature", "geometry": {"type": "Polygon", "coordinates": [[[76.83244619518518, 43.23472794145346], [76.83244619518518, 43.234807066619396], [76.8323576822877, 43.234807066619396], [76.8323576822877, 43.23472794145346], [76.83244619518518, 43.23472794145346]]]}, "properties": {"id": 504, "class": "large vehicle", "confidence": 33.5, "source": "Almaty_4", "source_model": "yolo26-obb", "centroid_wkt": "POINT (76.83240193873644 43.23476750403643)", "bbox": [76.8323576822877, 43.23472794145346, 76.83244619518518, 43.234807066619396], "pixel_bbox": [4221, 9594, 4353, 9712], "area_m2": 63.203}}, {"type": "Feature", "geometry": {"type": "Polygon", "coordinates": [[[76.84045862406492, 43.23673289269209], [76.84045862406492, 43.23678519576788], [76.84041772037745, 43.23678519576788], [76.84041772037745, 43.23673289269209], [76.84045862406492, 43.23673289269209]]]}, "properties": {"id": 505, "class": "small vehicle", "confidence": 33.4, "source": "Almaty_4", "source_model": "yolo26-obb", "centroid_wkt": "POINT (76.84043817222117 43.23675904422998)", "bbox": [76.84041772037745, 43.23673289269209, 76.84045862406492, 43.23678519576788], "pixel_bbox": [16241, 6644, 16302, 6722], "area_m2": 19.306}}, {"type": "Feature", "geometry": {"type": "Polygon", "coordinates": [[[76.83435056358576, 43.235332779586315], [76.83435056358576, 43.235356248915195], [76.83433178812265, 43.235356248915195], [76.83433178812265, 43.235332779586315], [76.83435056358576, 43.235332779586315]]]}, "properties": {"id": 506, "class": "large vehicle", "confidence": 33.1, "source": "Almaty_4", "source_model": "yolo26-obb", "centroid_wkt": "POINT (76.8343411758542 43.235344514250755)", "bbox": [76.83433178812265, 43.235332779586315, 76.83435056358576, 43.235356248915195], "pixel_bbox": [7165, 8775, 7193, 8810], "area_m2": 3.977}}, {"type": "Feature", "geometry": {"type": "Polygon", "coordinates": [[[76.83283913880587, 43.238715045154095], [76.83283913880587, 43.238769359886646], [76.83279823511839, 43.238769359886646], [76.83279823511839, 43.238715045154095], [76.83283913880587, 43.238715045154095]]]}, "properties": {"id": 507, "class": "small vehicle", "confidence": 32.4, "source": "Almaty_4", "source_model": "yolo26-obb", "centroid_wkt": "POINT (76.83281868696213 43.23874220252037)", "bbox": [76.83279823511839, 43.238715045154095, 76.83283913880587, 43.238769359886646], "pixel_bbox": [4878, 3685, 4939, 3766], "area_m2": 20.048}}, {"type": "Feature", "geometry": {"type": "Polygon", "coordinates": [[[76.83799099177122, 43.234235756099224], [76.83799099177122, 43.23428068310022], [76.83793734759092, 43.23428068310022], [76.83793734759092, 43.234235756099224], [76.83799099177122, 43.234235756099224]]]}, "properties": {"id": 508, "class": "small vehicle", "confidence": 31.8, "source": "Almaty_4", "source_model": "yolo26-obb", "centroid_wkt": "POINT (76.83796416968107 43.234258219599724)", "bbox": [76.83793734759092, 43.234235756099224, 76.83799099177122, 43.23428068310022], "pixel_bbox": [12542, 10379, 12622, 10446], "area_m2": 21.75}}, {"type": "Feature", "geometry": {"type": "Polygon", "coordinates": [[[76.83230202645063, 43.23285173624754], [76.83230202645063, 43.23288794606924], [76.83226313441992, 43.23288794606924], [76.83226313441992, 43.23285173624754], [76.83230202645063, 43.23285173624754]]]}, "properties": {"id": 509, "class": "large vehicle", "confidence": 31.7, "source": "Almaty_4", "source_model": "yolo26-obb", "centroid_wkt": "POINT (76.83228258043528 43.23286984115838)", "bbox": [76.83226313441992, 43.23285173624754, 76.83230202645063, 43.23288794606924], "pixel_bbox": [4080, 12456, 4138, 12510], "area_m2": 12.709}}, {"type": "Feature", "geometry": {"type": "Polygon", "coordinates": [[[76.83112386614084, 43.238639272749424], [76.83112386614084, 43.238686211407185], [76.83108899742365, 43.238686211407185], [76.83108899742365, 43.238639272749424], [76.83112386614084, 43.238639272749424]]]}, "properties": {"id": 510, "class": "small vehicle", "confidence": 31.7, "source": "Almaty_4", "source_model": "yolo26-obb", "centroid_wkt": "POINT (76.83110643178223 43.238662742078304)", "bbox": [76.83108899742365, 43.238639272749424, 76.83112386614084, 43.238686211407185], "pixel_bbox": [2329, 3809, 2381, 3879], "area_m2": 14.769}}, {"type": "Feature", "geometry": {"type": "Polygon", "coordinates": [[[76.83798965066671, 43.2394365593791], [76.83798965066671, 43.2394452765584], [76.83796416968107, 43.2394452765584], [76.83796416968107, 43.2394365593791], [76.83798965066671, 43.2394365593791]]]}, "properties": {"id": 511, "class": "small vehicle", "confidence": 31.6, "source": "Almaty_4", "source_model": "yolo26-obb", "centroid_wkt": "POINT (76.8379769101739 43.23944091796875)", "bbox": [76.83796416968107, 43.2394365593791, 76.83798965066671, 43.2394452765584], "pixel_bbox": [12582, 2677, 12620, 2690], "area_m2": 2.004}}, {"type": "Feature", "geometry": {"type": "Polygon", "coordinates": [[[76.8322866037488, 43.23281217366457], [76.8322866037488, 43.232832960784435], [76.83226983994246, 43.232832960784435], [76.83226983994246, 43.23281217366457], [76.8322866037488, 43.23281217366457]]]}, "properties": {"id": 512, "class": "small vehicle", "confidence": 31.3, "source": "Almaty_4", "source_model": "yolo26-obb", "centroid_wkt": "POINT (76.83227822184564 43.2328225672245)", "bbox": [76.83226983994246, 43.23281217366457, 76.8322866037488, 43.232832960784435], "pixel_bbox": [4090, 12538, 4115, 12569], "area_m2": 3.145}}, {"type": "Feature", "geometry": {"type": "Polygon", "coordinates": [[[76.83108363300562, 43.23744501918554], [76.83108363300562, 43.237481229007244], [76.83101993054152, 43.237481229007244], [76.83101993054152, 43.23744501918554], [76.83108363300562, 43.23744501918554]]]}, "properties": {"id": 513, "class": "ship", "confidence": 31.1, "source": "Almaty_4", "source_model": "yolo26-obb", "centroid_wkt": "POINT (76.83105178177355 43.2374631240964)", "bbox": [76.83101993054152, 43.23744501918554, 76.83108363300562, 43.237481229007244], "pixel_bbox": [2226, 5606, 2321, 5660], "area_m2": 20.815}}, {"type": "Feature", "geometry": {"type": "Polygon", "coordinates": [[[76.83872390538454, 43.23801901191473], [76.83872390538454, 43.238050527870655], [76.83866959065199, 43.238050527870655], [76.83866959065199, 43.23801901191473], [76.83872390538454, 43.23801901191473]]]}, "properties": {"id": 514, "class": "small vehicle", "confidence": 30.9, "source": "Almaty_4", "source_model": "yolo26-obb", "centroid_wkt": "POINT (76.83869674801826 43.23803476989269)", "bbox": [76.83866959065199, 43.23801901191473, 76.83872390538454, 43.238050527870655], "pixel_bbox": [13634, 4757, 13715, 4804], "area_m2": 15.447}}, {"type": "Feature", "geometry": {"type": "Polygon", "coordinates": [[[76.83935422450304, 43.23954787105322], [76.83935422450304, 43.239602856338024], [76.83930929750204, 43.239602856338024], [76.83930929750204, 43.23954787105322], [76.83935422450304, 43.23954787105322]]]}, "properties": {"id": 515, "class": "small vehicle", "confidence": 30.7, "source": "Almaty_4", "source_model": "yolo26-obb", "centroid_wkt": "POINT (76.83933176100254 43.239575363695614)", "bbox": [76.83930929750204, 43.23954787105322, 76.83935422450304, 43.239602856338024], "pixel_bbox": [14588, 2442, 14655, 2524], "area_m2": 22.291}}, {"type": "Feature", "geometry": {"type": "Polygon", "coordinates": [[[76.83343324810266, 43.23344919830561], [76.83343324810266, 43.2334753498435], [76.83337289839983, 43.2334753498435], [76.83337289839983, 43.23344919830561], [76.83343324810266, 43.23344919830561]]]}, "properties": {"id": 516, "class": "small vehicle", "confidence": 30.7, "source": "Almaty_4", "source_model": "yolo26-obb", "centroid_wkt": "POINT (76.83340307325125 43.233462274074554)", "bbox": [76.83337289839983, 43.23344919830561, 76.83343324810266, 43.2334753498435], "pixel_bbox": [5735, 11580, 5825, 11619], "area_m2": 14.243}}, {"type": "Feature", "geometry": {"type": "Polygon", "coordinates": [[[76.83476496487856, 43.23615621775389], [76.83476496487856, 43.23618236929178], [76.83473814278841, 43.23618236929178], [76.83473814278841, 43.23615621775389], [76.83476496487856, 43.23615621775389]]]}, "properties": {"id": 517, "class": "ship", "confidence": 30.1, "source": "Almaty_4", "source_model": "yolo26-obb", "centroid_wkt": "POINT (76.83475155383347 43.236169293522835)", "bbox": [76.83473814278841, 43.23615621775389, 76.83476496487856, 43.23618236929178], "pixel_bbox": [7771, 7543, 7811, 7582], "area_m2": 6.33}}, {"type": "Feature", "geometry": {"type": "Polygon", "coordinates": [[[76.83337960392237, 43.23360610753298], [76.83337960392237, 43.2336376234889], [76.83332595974207, 43.2336376234889], [76.83332595974207, 43.23360610753298], [76.83337960392237, 43.23360610753298]]]}, "properties": {"id": 518, "class": "ship", "confidence": 30.1, "source": "Almaty_4", "source_model": "yolo26-obb", "centroid_wkt": "POINT (76.83335278183222 43.23362186551094)", "bbox": [76.83332595974207, 43.23360610753298, 76.83337960392237, 43.2336376234889], "pixel_bbox": [5665, 11338, 5745, 11385], "area_m2": 15.257}}, {"type": "Feature", "geometry": {"type": "Polygon", "coordinates": [[[76.83976996690035, 43.23841463774443], [76.83976996690035, 43.23846761137247], [76.83972839266062, 43.23846761137247], [76.83972839266062, 43.23841463774443], [76.83976996690035, 43.23841463774443]]]}, "properties": {"id": 519, "class": "small vehicle", "confidence": 30.1, "source": "Almaty_4", "source_model": "yolo26-obb", "centroid_wkt": "POINT (76.8397491797805 43.23844112455845)", "bbox": [76.83972839266062, 43.23841463774443, 76.83976996690035, 43.23846761137247], "pixel_bbox": [15213, 4135, 15275, 4214], "area_m2": 19.874}}, {"type": "Feature", "geometry": {"type": "Polygon", "coordinates": [[[76.83168109506369, 43.2340969517827], [76.83168109506369, 43.23414724320173], [76.83164019137621, 43.23414724320173], [76.83164019137621, 43.2340969517827], [76.83168109506369, 43.2340969517827]]]}, "properties": {"id": 520, "class": "small vehicle", "confidence": 29.6, "source": "Almaty_4", "source_model": "yolo26-obb", "centroid_wkt": "POINT (76.83166064321995 43.23412209749222)", "bbox": [76.83164019137621, 43.2340969517827, 76.83168109506369, 43.23414724320173], "pixel_bbox": [3151, 10578, 3212, 10653], "area_m2": 18.564}}, {"type": "Feature", "geometry": {"type": "Polygon", "coordinates": [[[76.84090722352266, 43.23523219674826], [76.84090722352266, 43.23529053479433], [76.84086497873068, 43.23529053479433], [76.84086497873068, 43.23523219674826], [76.84090722352266, 43.23523219674826]]]}, "properties": {"id": 521, "class": "small vehicle", "confidence": 29.5, "source": "Almaty_4", "source_model": "yolo26-obb", "centroid_wkt": "POINT (76.84088610112666 43.235261365771294)", "bbox": [76.84086497873068, 43.23523219674826, 76.84090722352266, 43.23529053479433], "pixel_bbox": [16908, 8873, 16971, 8960], "area_m2": 22.24}}, {"type": "Feature", "geometry": {"type": "Polygon", "coordinates": [[[76.84005629271269, 43.23800090700388], [76.84005629271269, 43.23806259781122], [76.84000935405493, 43.23806259781122], [76.84000935405493, 43.23800090700388], [76.84005629271269, 43.23800090700388]]]}, "properties": {"id": 522, "class": "small vehicle", "confidence": 29.1, "source": "Almaty_4", "source_model": "yolo26-obb", "centroid_wkt": "POINT (76.84003282338381 43.23803175240756)", "bbox": [76.84000935405493, 43.23800090700388, 76.84005629271269, 43.23806259781122], "pixel_bbox": [15632, 4739, 15702, 4831], "area_m2": 26.13}}, {"type": "Feature", "geometry": {"type": "Polygon", "coordinates": [[[76.83018442243338, 43.23759790509939], [76.83018442243338, 43.23765221983194], [76.83014150708914, 43.23765221983194], [76.83014150708914, 43.23759790509939], [76.83018442243338, 43.23759790509939]]]}, "properties": {"id": 523, "class": "small vehicle", "confidence": 29.1, "source": "Almaty_4", "source_model": "yolo26-obb", "centroid_wkt": "POINT (76.83016296476126 43.23762506246567)", "bbox": [76.83014150708914, 43.23759790509939, 76.83018442243338, 43.23765221983194], "pixel_bbox": [916, 5351, 980, 5432], "area_m2": 21.034}}, {"type": "Feature", "geometry": {"type": "Polygon", "coordinates": [[[76.83348085731268, 43.23334593325853], [76.83348085731268, 43.233371414244175], [76.83343056589365, 43.233371414244175], [76.83343056589365, 43.23334593325853], [76.83348085731268, 43.23334593325853]]]}, "properties": {"id": 524, "class": "small vehicle", "confidence": 29.0, "source": "Almaty_4", "source_model": "yolo26-obb", "centroid_wkt": "POINT (76.83345571160316 43.233358673751354)", "bbox": [76.83343056589365, 43.23334593325853, 76.83348085731268, 43.233371414244175], "pixel_bbox": [5821, 11735, 5896, 11773], "area_m2": 11.565}}, {"type": "Feature", "geometry": {"type": "Polygon", "coordinates": [[[76.83907326310873, 43.23713790625334], [76.83907326310873, 43.23717076331377], [76.83901157230139, 43.23717076331377], [76.83901157230139, 43.23713790625334], [76.83907326310873, 43.23713790625334]]]}, "properties": {"id": 525, "class": "ship", "confidence": 28.7, "source": "Almaty_4", "source_model": "yolo26-obb", "centroid_wkt": "POINT (76.83904241770506 43.23715433478356)", "bbox": [76.83901157230139, 43.23713790625334, 76.83907326310873, 43.23717076331377], "pixel_bbox": [14144, 6069, 14236, 6118], "area_m2": 18.292}}, {"type": "Feature", "geometry": {"type": "Polygon", "coordinates": [[[76.83971028774977, 43.238814286887646], [76.83971028774977, 43.23883976787329], [76.83968547731638, 43.23883976787329], [76.83968547731638, 43.238814286887646], [76.83971028774977, 43.238814286887646]]]}, "properties": {"id": 526, "class": "small vehicle", "confidence": 28.6, "source": "Almaty_4", "source_model": "yolo26-obb", "centroid_wkt": "POINT (76.83969788253307 43.23882702738047)", "bbox": [76.83968547731638, 43.238814286887646, 76.83971028774977, 43.23883976787329], "pixel_bbox": [15149, 3580, 15186, 3618], "area_m2": 5.705}}, {"type": "Feature", "geometry": {"type": "Polygon", "coordinates": [[[76.84016291052103, 43.2377165928483], [76.84016291052103, 43.23775816708803], [76.8401300534606, 43.23775816708803], [76.8401300534606, 43.2377165928483], [76.84016291052103, 43.2377165928483]]]}, "properties": {"id": 527, "class": "small vehicle", "confidence": 28.4, "source": "Almaty_4", "source_model": "yolo26-obb", "centroid_wkt": "POINT (76.84014648199083 43.237737379968166)", "bbox": [76.8401300534606, 43.2377165928483, 76.84016291052103, 43.23775816708803], "pixel_bbox": [15812, 5193, 15861, 5255], "area_m2": 12.327}}, {"type": "Feature", "geometry": {"type": "Polygon", "coordinates": [[[76.83310803025961, 43.23452811688185], [76.83310803025961, 43.234597854316235], [76.8330604210496, 43.234597854316235], [76.8330604210496, 43.23452811688185], [76.83310803025961, 43.23452811688185]]]}, "properties": {"id": 528, "class": "small vehicle", "confidence": 28.3, "source": "Almaty_4", "source_model": "yolo26-obb", "centroid_wkt": "POINT (76.8330842256546 43.23456298559905)", "bbox": [76.8330604210496, 43.23452811688185, 76.83310803025961, 43.234597854316235], "pixel_bbox": [5269, 9906, 5340, 10010], "area_m2": 29.962}}, {"type": "Feature", "geometry": {"type": "Polygon", "coordinates": [[[76.83549586683512, 43.23386359959841], [76.83549586683512, 43.23389109224081], [76.83544959872961, 43.23389109224081], [76.83544959872961, 43.23386359959841], [76.83549586683512, 43.23386359959841]]]}, "properties": {"id": 529, "class": "small vehicle", "confidence": 27.9, "source": "Almaty_4", "source_model": "yolo26-obb", "centroid_wkt": "POINT (76.83547273278236 43.23387734591961)", "bbox": [76.83544959872961, 43.23386359959841, 76.83549586683512, 43.23389109224081], "pixel_bbox": [8832, 10960, 8901, 11001], "area_m2": 11.48}}, {"type": "Feature", "geometry": {"type": "Polygon", "coordinates": [[[76.83714676648378, 43.23712583631277], [76.83714676648378, 43.23716204613447], [76.83708306401968, 43.23716204613447], [76.83708306401968, 43.23712583631277], [76.83714676648378, 43.23712583631277]]]}, "properties": {"id": 530, "class": "small vehicle", "confidence": 27.8, "source": "Almaty_4", "source_model": "yolo26-obb", "centroid_wkt": "POINT (76.83711491525173 43.23714394122362)", "bbox": [76.83708306401968, 43.23712583631277, 76.83714676648378, 43.23716204613447], "pixel_bbox": [11268, 6082, 11363, 6136], "area_m2": 20.815}}, {"type": "Feature", "geometry": {"type": "Polygon", "coordinates": [[[76.8317924067378, 43.23383275419474], [76.8317924067378, 43.2338796928525], [76.83175686746836, 43.2338796928525], [76.83175686746836, 43.23383275419474], [76.8317924067378, 43.23383275419474]]]}, "properties": {"id": 531, "class": "small vehicle", "confidence": 27.8, "source": "Almaty_4", "source_model": "yolo26-obb", "centroid_wkt": "POINT (76.83177463710308 43.23385622352362)", "bbox": [76.83175686746836, 43.23383275419474, 76.8317924067378, 43.2338796928525], "pixel_bbox": [3325, 10977, 3378, 11047], "area_m2": 15.054}}, {"type": "Feature", "geometry": {"type": "Polygon", "coordinates": [[[76.83347415179014, 43.233371414244175], [76.83347415179014, 43.233398236334324], [76.83341983705759, 43.233398236334324], [76.83341983705759, 43.233371414244175], [76.83347415179014, 43.233371414244175]]]}, "properties": {"id": 532, "class": "small vehicle", "confidence": 27.6, "source": "Almaty_4", "source_model": "yolo26-obb", "centroid_wkt": "POINT (76.83344699442388 43.23338482528925)", "bbox": [76.83341983705759, 43.233371414244175, 76.83347415179014, 43.233398236334324], "pixel_bbox": [5805, 11695, 5886, 11735], "area_m2": 13.147}}, {"type": "Feature", "geometry": {"type": "Polygon", "coordinates": [[[76.83104272931814, 43.23742624372244], [76.83104272931814, 43.23746781796217], [76.83097768574953, 43.23746781796217], [76.83097768574953, 43.23742624372244], [76.83104272931814, 43.23742624372244]]]}, "properties": {"id": 533, "class": "small vehicle", "confidence": 27.6, "source": "Almaty_4", "source_model": "yolo26-obb", "centroid_wkt": "POINT (76.83101020753385 43.2374470308423)", "bbox": [76.83097768574953, 43.23742624372244, 76.83104272931814, 43.23746781796217], "pixel_bbox": [2163, 5626, 2260, 5688], "area_m2": 24.402}}, {"type": "Feature", "geometry": {"type": "Polygon", "coordinates": [[[76.8334486708045, 43.23342304676771], [76.8334486708045, 43.233445174992085], [76.83340977877378, 43.233445174992085], [76.83340977877378, 43.23342304676771], [76.8334486708045, 43.23342304676771]]]}, "properties": {"id": 534, "class": "small vehicle", "confidence": 27.6, "source": "Almaty_4", "source_model": "yolo26-obb", "centroid_wkt": "POINT (76.83342922478914 43.2334341108799)", "bbox": [76.83340977877378, 43.23342304676771, 76.8334486708045, 43.233445174992085], "pixel_bbox": [5790, 11625, 5848, 11658], "area_m2": 7.767}}, {"type": "Feature", "geometry": {"type": "Polygon", "coordinates": [[[76.83186013251543, 43.233684562146664], [76.83186013251543, 43.233736865222454], [76.83182056993246, 43.233736865222454], [76.83182056993246, 43.233684562146664], [76.83186013251543, 43.233684562146664]]]}, "properties": {"id": 535, "class": "small vehicle", "confidence": 27.4, "source": "Almaty_4", "source_model": "yolo26-obb", "centroid_wkt": "POINT (76.83184035122396 43.233710713684566)", "bbox": [76.83182056993246, 43.233684562146664, 76.83186013251543, 43.233736865222454], "pixel_bbox": [3420, 11190, 3479, 11268], "area_m2": 18.674}}, {"type": "Feature", "geometry": {"type": "Polygon", "coordinates": [[[76.83393951505423, 43.238115571439266], [76.83393951505423, 43.2381672039628], [76.83389659970999, 43.2381672039628], [76.83389659970999, 43.238115571439266], [76.83393951505423, 43.238115571439266]]]}, "properties": {"id": 536, "class": "small vehicle", "confidence": 26.6, "source": "Almaty_4", "source_model": "yolo26-obb", "centroid_wkt": "POINT (76.8339180573821 43.238141387701035)", "bbox": [76.83389659970999, 43.238115571439266, 76.83393951505423, 43.2381672039628], "pixel_bbox": [6516, 4583, 6580, 4660], "area_m2": 19.995}}, {"type": "Feature", "geometry": {"type": "Polygon", "coordinates": [[[76.83333467692137, 43.23310252279043], [76.83333467692137, 43.23311995714903], [76.83329980820417, 43.23311995714903], [76.83329980820417, 43.23310252279043], [76.83333467692137, 43.23310252279043]]]}, "properties": {"id": 537, "class": "small vehicle", "confidence": 26.2, "source": "Almaty_4", "source_model": "yolo26-obb", "centroid_wkt": "POINT (76.83331724256276 43.23311123996973)", "bbox": [76.83329980820417, 43.23310252279043, 76.83333467692137, 43.23311995714903], "pixel_bbox": [5626, 12110, 5678, 12136], "area_m2": 5.486}}, {"type": "Feature", "geometry": {"type": "Polygon", "coordinates": [[[76.83930862694979, 43.23648814111948], [76.83930862694979, 43.23653105646372], [76.83927644044161, 43.23653105646372], [76.83927644044161, 43.23648814111948], [76.83930862694979, 43.23648814111948]]]}, "properties": {"id": 538, "class": "small vehicle", "confidence": 25.9, "source": "Almaty_4", "source_model": "yolo26-obb", "centroid_wkt": "POINT (76.8392925336957 43.2365095987916)", "bbox": [76.83927644044161, 43.23648814111948, 76.83930862694979, 43.23653105646372], "pixel_bbox": [14539, 7023, 14587, 7087], "area_m2": 12.465}}, {"type": "Feature", "geometry": {"type": "Polygon", "coordinates": [[[76.83747198432684, 43.237306885421276], [76.83747198432684, 43.237339071929455], [76.83741968125105, 43.237339071929455], [76.83741968125105, 43.237306885421276], [76.83747198432684, 43.237306885421276]]]}, "properties": {"id": 539, "class": "small vehicle", "confidence": 25.8, "source": "Almaty_4", "source_model": "yolo26-obb", "centroid_wkt": "POINT (76.83744583278894 43.237322978675365)", "bbox": [76.83741968125105, 43.237306885421276, 76.83747198432684, 43.237339071929455], "pixel_bbox": [11770, 5818, 11848, 5866], "area_m2": 15.192}}, {"type": "Feature", "geometry": {"type": "Polygon", "coordinates": [[[76.83342184871435, 43.2391207292676], [76.83342184871435, 43.23917169123888], [76.83338161557913, 43.23917169123888], [76.83338161557913, 43.2391207292676], [76.83342184871435, 43.2391207292676]]]}, "properties": {"id": 540, "class": "small vehicle", "confidence": 25.8, "source": "Almaty_4", "source_model": "yolo26-obb", "centroid_wkt": "POINT (76.83340173214674 43.239146210253246)", "bbox": [76.83338161557913, 43.2391207292676, 76.83342184871435, 43.23917169123888], "pixel_bbox": [5748, 3085, 5808, 3161], "area_m2": 18.502}}, {"type": "Feature", "geometry": {"type": "Polygon", "coordinates": [[[76.83462549000978, 43.24002329260111], [76.83462549000978, 43.24005614966154], [76.83456715196371, 43.24005614966154], [76.83456715196371, 43.24002329260111], [76.83462549000978, 43.24002329260111]]]}, "properties": {"id": 541, "class": "small vehicle", "confidence": 25.8, "source": "Almaty_4", "source_model": "yolo26-obb", "centroid_wkt": "POINT (76.83459632098675 43.24003972113132)", "bbox": [76.83456715196371, 43.24002329260111, 76.83462549000978, 43.24005614966154], "pixel_bbox": [7516, 1766, 7603, 1815], "area_m2": 17.297}}, {"type": "Feature", "geometry": {"type": "Polygon", "coordinates": [[[76.83941591531038, 43.23788624256849], [76.83941591531038, 43.23791977018118], [76.83935020118952, 43.23791977018118], [76.83935020118952, 43.23788624256849], [76.83941591531038, 43.23788624256849]]]}, "properties": {"id": 542, "class": "small vehicle", "confidence": 25.6, "source": "Almaty_4", "source_model": "yolo26-obb", "centroid_wkt": "POINT (76.83938305824996 43.237903006374836)", "bbox": [76.83935020118952, 43.23788624256849, 76.83941591531038, 43.23791977018118], "pixel_bbox": [14649, 4952, 14747, 5002], "area_m2": 19.882}}, {"type": "Feature", "geometry": {"type": "Polygon", "coordinates": [[[76.83382216840982, 43.23837775737047], [76.83382216840982, 43.23843207210302], [76.83377791196108, 43.23843207210302], [76.83377791196108, 43.23837775737047], [76.83382216840982, 43.23837775737047]]]}, "properties": {"id": 543, "class": "small vehicle", "confidence": 25.5, "source": "Almaty_4", "source_model": "yolo26-obb", "centroid_wkt": "POINT (76.83380004018545 43.23840491473675)", "bbox": [76.83377791196108, 43.23837775737047, 76.83382216840982, 43.23843207210302], "pixel_bbox": [6339, 4188, 6405, 4269], "area_m2": 21.691}}, {"type": "Feature", "geometry": {"type": "Polygon", "coordinates": [[[76.8313404545188, 43.23486540466547], [76.8313404545188, 43.23491770774126], [76.83130022138357, 43.23491770774126], [76.83130022138357, 43.23486540466547], [76.8313404545188, 43.23486540466547]]]}, "properties": {"id": 544, "class": "small vehicle", "confidence": 25.5, "source": "Almaty_4", "source_model": "yolo26-obb", "centroid_wkt": "POINT (76.83132033795118 43.234891556203365)", "bbox": [76.83130022138357, 43.23486540466547, 76.8313404545188, 43.23491770774126], "pixel_bbox": [2644, 9429, 2704, 9507], "area_m2": 18.99}}, {"type": "Feature", "geometry": {"type": "Polygon", "coordinates": [[[76.83298464864492, 43.236588053405285], [76.83298464864492, 43.23661420494318], [76.83295782655478, 43.23661420494318], [76.83295782655478, 43.236588053405285], [76.83298464864492, 43.236588053405285]]]}, "properties": {"id": 545, "class": "small vehicle", "confidence": 25.0, "source": "Almaty_4", "source_model": "yolo26-obb", "centroid_wkt": "POINT (76.83297123759986 43.23660112917423)", "bbox": [76.83295782655478, 43.236588053405285, 76.83298464864492, 43.23661420494318], "pixel_bbox": [5116, 6899, 5156, 6938], "area_m2": 6.33}}, {"type": "Feature", "geometry": {"type": "Polygon", "coordinates": [[[76.83879632502794, 43.24106801301241], [76.83876615017653, 43.24106801301241], [76.83876816183329, 43.24106600135565], [76.83876749128103, 43.24106264859438], [76.83877218514681, 43.2410579547286], [76.83877285569906, 43.24105527251959], [76.83877620846033, 43.24105191975832], [76.8387795612216, 43.24105057865381], [76.8387809023261, 43.241047225892544], [76.83878693729639, 43.241047225892544], [76.8387896195054, 43.24104856699705], [76.83879096060991, 43.24105057865381], [76.8387969955802, 43.241051249206066], [76.83879632502794, 43.24106801301241]]]}, "properties": {"id": 546, "class": "road", "confidence": 100.0, "source": "Almaty_4", "source_model": "unet-roads", "centroid_wkt": "POINT (76.83878402628336 43.24105888908216)", "bbox": [76.83876615017653, 43.241047225892544, 76.8387969955802, 43.24106801301241], "pixel_bbox": [13778, 257, 13824, 288], "area_m2": 4.289}}, {"type": "Feature", "geometry": {"type": "Polygon", "coordinates": [[[76.83759670704603, 43.241038508713245], [76.83759536594152, 43.24102845042944], [76.83759536594152, 43.24097748845816], [76.83759603649378, 43.240962736308575], [76.83759737759829, 43.24096139520407], [76.83759737759829, 43.24096340686083], [76.8375987187028, 43.240962736308575], [76.83760542422533, 43.24096608906984], [76.83760542422533, 43.24096743017435], [76.83760810643435, 43.24096877127886], [76.83760810643435, 43.240970112383366], [76.83761078864336, 43.24097212404013], [76.83761145919561, 43.24097480624914], [76.83761347085238, 43.24097614735365], [76.83761414140463, 43.240978829562664], [76.83761615306139, 43.24098017066717], [76.83761615306139, 43.24098218232393], [76.8376188352704, 43.240984193980694], [76.83762151747942, 43.240989558398724], [76.83763761073351, 43.24100565165281], [76.83764029294252, 43.24101101607084], [76.83764029294252, 43.24102107435465], [76.83763895183802, 43.241022415459156], [76.83763761073351, 43.24102710932493], [76.83763358741999, 43.241031132638454], [76.83763358741999, 43.24103247374296], [76.83763224631548, 43.24103247374296], [76.83762889355421, 43.24103582650423], [76.83762688189745, 43.24103582650423], [76.8376262113452, 43.24103716760874], [76.83762151747942, 43.241038508713245], [76.83759670704603, 43.241038508713245]]]}, "properties": {"id": 547, "class": "road", "confidence": 100.0, "source": "Almaty_4", "source_model": "unet-roads", "centroid_wkt": "POINT (76.83761369316373 43.2410073410974)", "bbox": [76.83759536594152, 43.24096139520407, 76.83764029294252, 43.241038508713245], "pixel_bbox": [12032, 301, 12099, 416], "area_m2": 21.242}}, {"type": "Feature", "geometry": {"type": "Polygon", "coordinates": [[[76.83886002749205, 43.24095603078604], [76.83884862810373, 43.240954019129276], [76.83883924037218, 43.24094865471125], [76.8388345465064, 43.24093993753195], [76.83883521705866, 43.240930549800396], [76.83884058147669, 43.24092250317335], [76.83884929865599, 43.240917809307575], [76.83886673301458, 43.24091646820307], [76.83886874467134, 43.240917809307575], [76.83887612074614, 43.24091915041208], [76.83888081461191, 43.2409218326211], [76.83888617902994, 43.24092719703913], [76.83888752013445, 43.2409318909049], [76.83888886123896, 43.24093323200941], [76.83888953179121, 43.24094194918871], [76.83888752013445, 43.24094597250223], [76.83888349682093, 43.240949995815754], [76.83887880295515, 43.24095267802477], [76.8388707563281, 43.240955360233784], [76.83886002749205, 43.24095603078604]]]}, "properties": {"id": 548, "class": "road", "confidence": 100.0, "source": "Almaty_4", "source_model": "unet-roads", "centroid_wkt": "POINT (76.83886225264145 43.240936092391244)", "bbox": [76.8388345465064, 43.24091646820307, 76.83888953179121, 43.24095603078604], "pixel_bbox": [13880, 424, 13962, 483], "area_m2": 15.56}}, {"type": "Feature", "geometry": {"type": "Polygon", "coordinates": [[[76.83888282626867, 43.24082996696234], [76.83886740356684, 43.24082996696234], [76.83886673301458, 43.24082862585783], [76.83886203914881, 43.24082728475332], [76.83885600417852, 43.24081923812628], [76.83885533362627, 43.24080716818571], [76.83885801583529, 43.24079845100641], [76.83886002749205, 43.240797109901905], [76.8388606980443, 43.24079442769289], [76.83886472135782, 43.24079040437937], [76.83887276798487, 43.240786381065845], [76.8388794735074, 43.24078503996134], [76.83889087289572, 43.24078503996134], [76.83889757841825, 43.240786381065845], [76.83889824897051, 43.24078772217035], [76.83890160173178, 43.24078906327486], [76.83890629559755, 43.24079442769289], [76.83890629559755, 43.24080113321543], [76.83890495449305, 43.240802474319935], [76.83890495449305, 43.24080716818571], [76.83889959007502, 43.24081253260374], [76.83889757841825, 43.24081789702177], [76.83889355510473, 43.24082124978304], [76.83889355510473, 43.24082259088755], [76.83889087289572, 43.24082527309656], [76.83888953179121, 43.24082527309656], [76.83888886123896, 43.24082661420107], [76.83888282626867, 43.24082996696234]]]}, "properties": {"id": 549, "class": "road", "confidence": 100.0, "source": "Almaty_4", "source_model": "unet-roads", "centroid_wkt": "POINT (76.83888022215424 43.2408064346821)", "bbox": [76.83885533362627, 43.24078503996134, 76.83890629559755, 43.24082996696234], "pixel_bbox": [13911, 612, 13987, 679], "area_m2": 16.11}}, {"type": "Feature", "geometry": {"type": "Polygon", "coordinates": [[[76.83878358453512, 43.24082661420107], [76.83877687901258, 43.240823931992054], [76.83877486735582, 43.24082527309656], [76.83876615017653, 43.240825943648815], [76.83876279741526, 43.24082259088755], [76.83876145631075, 43.24082259088755], [76.8387607857585, 43.24081655591726], [76.83876279741526, 43.240797109901905], [76.83876279741526, 43.24078839272261], [76.83876145631075, 43.24078302830458], [76.838762126863, 43.24076022952795], [76.83876480907202, 43.24075151234865], [76.83876883238554, 43.240744806826115], [76.83876883238554, 43.24074279516935], [76.83877017349005, 43.24074011296034], [76.83877218514681, 43.24073877185583], [76.83877285569906, 43.24073541909456], [76.83877687901258, 43.24073005467653], [76.83877822011709, 43.24072603136301], [76.83879565447569, 43.24072536081076], [76.8387969955802, 43.240726701915264], [76.8387969955802, 43.240825943648815], [76.83879498392344, 43.24082661420107], [76.83879364281893, 43.24082527309656], [76.83878358453512, 43.24082661420107]]]}, "properties": {"id": 550, "class": "road", "confidence": 100.0, "source": "Almaty_4", "source_model": "unet-roads", "centroid_wkt": "POINT (76.83878083255074 43.24077852397784)", "bbox": [76.8387607857585, 43.24072536081076, 76.8387969955802, 43.24082661420107], "pixel_bbox": [13770, 617, 13824, 768], "area_m2": 29.172}}, {"type": "Feature", "geometry": {"type": "Polygon", "coordinates": [[[76.83776166290045, 43.24057046324015], [76.8377522751689, 43.240568451583385], [76.83774959295988, 43.24056509882212], [76.83774825185537, 43.24056509882212], [76.83774691075087, 43.24056040495634], [76.8377448990941, 43.24056040495634], [76.83774556964636, 43.24055705219507], [76.83774422854185, 43.240555711090565], [76.83774288743734, 43.24055638164282], [76.83774020522833, 43.24055504053831], [76.83775294572115, 43.240553699433804], [76.8377609923482, 43.240553699433804], [76.83776635676622, 43.24055504053831], [76.83776367455721, 43.24055705219507], [76.83776367455721, 43.24055839329958], [76.83776501566172, 43.240557722747326], [76.83776501566172, 43.24055906385183], [76.83776635676622, 43.24055906385183], [76.83776702731848, 43.240557722747326], [76.83776702731848, 43.24056979268789], [76.83776568621397, 43.240568451583385], [76.83776166290045, 43.24057046324015]], [[76.83775562793016, 43.24056040495634], [76.83775898069143, 43.24056040495634], [76.83775898069143, 43.24055906385183], [76.83775965124369, 43.24056040495634], [76.83776166290045, 43.24056040495634], [76.83776300400496, 43.24055705219507], [76.8377609923482, 43.24055839329958], [76.83775562793016, 43.24055839329958], [76.83775562793016, 43.24056040495634]]]}, "properties": {"id": 551, "class": "road", "confidence": 100.0, "source": "Almaty_4", "source_model": "unet-roads", "centroid_wkt": "POINT (76.83775685066513 43.24056097125407)", "bbox": [76.83774020522833, 43.240553699433804, 76.83776702731848, 43.24057046324015], "pixel_bbox": [12248, 999, 12288, 1024], "area_m2": 2.538}}, {"type": "Feature", "geometry": {"type": "Polygon", "coordinates": [[[76.83898273855448, 43.2405349239707], [76.83898005634546, 43.24053291231394], [76.83897871524096, 43.24053023010492], [76.83897603303194, 43.240528889000416], [76.83897536247969, 43.2405262067914], [76.83897268027067, 43.240523524582386], [76.83896999806166, 43.24051145464182], [76.83896865695715, 43.240512795746326], [76.83896865695715, 43.24049938470125], [76.83896999806166, 43.240498714149], [76.83897200971842, 43.240494690835476], [76.83897335082293, 43.240494690835476], [76.83897469192743, 43.240492679178715], [76.83898005634546, 43.2404899969697], [76.83899480849504, 43.24048865586519], [76.83900017291307, 43.24049133807421], [76.8390055373311, 43.24049603193998], [76.83900754898787, 43.240500055253506], [76.83900821954012, 43.240508772432804], [76.83900218456984, 43.240519501268864], [76.83900017291307, 43.240519501268864], [76.83899950236082, 43.24052285403013], [76.83899749070406, 43.24052419513464], [76.8389968201518, 43.2405262067914], [76.83899480849504, 43.240526877343655], [76.83899346739054, 43.24053023010492], [76.83898877352476, 43.24053358286619], [76.83898273855448, 43.2405349239707]]]}, "properties": {"id": 552, "class": "road", "confidence": 100.0, "source": "Almaty_4", "source_model": "unet-roads", "centroid_wkt": "POINT (76.83898793384925 43.2405091664357)", "bbox": [76.83896865695715, 43.24048865586519, 76.83900821954012, 43.2405349239707], "pixel_bbox": [14080, 1052, 14139, 1121], "area_m2": 11.983}}, {"type": "Feature", "geometry": {"type": "Polygon", "coordinates": [[[76.83718096464872, 43.24040953069925], [76.83717291802168, 43.24040751904249], [76.83717224746943, 43.240406177937984], [76.8371682241559, 43.24040483683348], [76.83716420084238, 43.240400813519955], [76.83716218918562, 43.240395449101925], [76.83716218918562, 43.240390084683895], [76.83716353029013, 43.24038673192263], [76.83716218918562, 43.24038606137037], [76.83716151863337, 43.24038337916136], [76.83716755360365, 43.24038203805685], [76.83722119778395, 43.24038203805685], [76.83722387999296, 43.24038337916136], [76.83722320944071, 43.24038606137037], [76.8372218683362, 43.24038673192263], [76.83722253888845, 43.2403914257884], [76.8372205272317, 43.24039679020643], [76.83721650391817, 43.24040148407221], [76.83721248060465, 43.240402825176716], [76.83721113950014, 43.24040483683348], [76.83720845729113, 43.24040550738573], [76.83720644563437, 43.24040751904249], [76.83719839900732, 43.24040953069925], [76.83718096464872, 43.24040953069925]]]}, "properties": {"id": 553, "class": "road", "confidence": 100.0, "source": "Almaty_4", "source_model": "unet-roads", "centroid_wkt": "POINT (76.83719192911809 43.2403940795181)", "bbox": [76.83716151863337, 43.24038203805685, 76.83722387999296, 43.24040953069925], "pixel_bbox": [11385, 1239, 11478, 1280], "area_m2": 13.024}}, {"type": "Feature", "geometry": {"type": "Polygon", "coordinates": [[[76.83828335255384, 43.24038203805685], [76.83828335255384, 43.240368627011776], [76.8382840231061, 43.24037063866854], [76.8382853642106, 43.24036929756403], [76.83828670531511, 43.24037130922079], [76.83829609304667, 43.24036996811628], [76.83829877525568, 43.2403726503253], [76.83830078691244, 43.24037801474333], [76.83830011636019, 43.24038203805685], [76.83828335255384, 43.24038203805685]]]}, "properties": {"id": 554, "class": "road", "confidence": 100.0, "source": "Almaty_4", "source_model": "unet-roads", "centroid_wkt": "POINT (76.83829185943449 43.24037610309526)", "bbox": [76.83828335255384, 43.240368627011776, 76.83830078691244, 43.24038203805685], "pixel_bbox": [13058, 1280, 13084, 1300], "area_m2": 1.698}}, {"type": "Feature", "geometry": {"type": "Polygon", "coordinates": [[[76.83907661587, 43.240262009203434], [76.83907192200422, 43.24026066809893], [76.83906856924295, 43.24025463312864], [76.83906856924295, 43.24024859815836], [76.83907125145197, 43.240245915949345], [76.83907125145197, 43.240242563188076], [76.83907259255648, 43.24024122208357], [76.83907393366098, 43.24024189263582], [76.83907527476549, 43.24023988097906], [76.8390779569745, 43.240238539874554], [76.83908198028803, 43.2402378693223], [76.83908734470606, 43.24023921042681], [76.83909002691507, 43.240242563188076], [76.83909002691507, 43.24024524539709], [76.83909136801958, 43.2402465865016], [76.83909069746733, 43.2402553036809], [76.83908868581057, 43.240256644785404], [76.83908868581057, 43.24025798588991], [76.83908734470606, 43.24025798588991], [76.83908265084028, 43.240262009203434], [76.83907661587, 43.240262009203434]], [[76.83907326310873, 43.24024725705385], [76.83907527476549, 43.24024725705385], [76.83907594531775, 43.240245915949345], [76.83907326310873, 43.240245915949345], [76.83907326310873, 43.24024725705385]]]}, "properties": {"id": 555, "class": "road", "confidence": 100.0, "source": "Almaty_4", "source_model": "unet-roads", "centroid_wkt": "POINT (76.83908040909206 43.24024989512287)", "bbox": [76.83906856924295, 43.2402378693223, 76.83909136801958, 43.240262009203434], "pixel_bbox": [14229, 1459, 14263, 1495], "area_m2": 3.863}}, {"type": "Feature", "geometry": {"type": "Polygon", "coordinates": [[[76.83828335255384, 43.2402827963233], [76.83828201144934, 43.24025798588991], [76.83828201144934, 43.2402103766799], [76.83830481022596, 43.2402103766799], [76.83830548077822, 43.240213729441166], [76.83830413967371, 43.240213729441166], [76.83830413967371, 43.24021507054567], [76.83830548077822, 43.24021574109793], [76.83830548077822, 43.240229152143], [76.83830413967371, 43.2402378693223], [76.8383027985692, 43.24023921042681], [76.8383014574647, 43.240245915949345], [76.83829810470343, 43.24024993926287], [76.83829810470343, 43.240253292024136], [76.83829609304667, 43.24025932699442], [76.8382940813899, 43.24026066809893], [76.83829341083765, 43.24026267975569], [76.83828938752413, 43.24026469141245], [76.83828804641962, 43.240267373621464], [76.83828804641962, 43.240271396934986], [76.83828670531511, 43.240271396934986], [76.83828603476286, 43.24027609080076], [76.8382853642106, 43.24027810245752], [76.8382840231061, 43.24027810245752], [76.83828335255384, 43.2402827963233]]]}, "properties": {"id": 556, "class": "road", "confidence": 100.0, "source": "Almaty_4", "source_model": "unet-roads", "centroid_wkt": "POINT (76.83829229727034 43.240236180219725)", "bbox": [76.83828201144934, 43.2402103766799, 76.83830548077822, 43.2402827963233], "pixel_bbox": [13056, 1428, 13091, 1536], "area_m2": 10.265}}, {"type": "Feature", "geometry": {"type": "Polygon", "coordinates": [[[76.83459062129259, 43.24028480798006], [76.83457788079977, 43.240282125771046], [76.83456782251596, 43.240276761353016], [76.83456514030695, 43.24027340859175], [76.83456379920244, 43.24027340859175], [76.83456111699343, 43.24027072638273], [76.83456111699343, 43.240269385278225], [76.83455843478441, 43.240267373621464], [76.8345557525754, 43.240262009203434], [76.83456178754568, 43.24025999754667], [76.83456245809793, 43.24025798588991], [76.83456111699343, 43.240256644785404], [76.83455776423216, 43.240256644785404], [76.83455843478441, 43.24025463312864], [76.8345570936799, 43.24025396257639], [76.83455441147089, 43.24025463312864], [76.83455441147089, 43.240253292024136], [76.83455239981413, 43.24025262147188], [76.83455172926188, 43.24025060981512], [76.83454569429159, 43.24024859815836], [76.83453496545553, 43.240240551531315], [76.83453496545553, 43.24023921042681], [76.83452758938074, 43.24023183435202], [76.83452758938074, 43.24023049324751], [76.83452557772398, 43.240229152143], [76.83452490717173, 43.24022646993399], [76.83452289551497, 43.240224458277225], [76.83452155441046, 43.240211717784405], [76.83452490717173, 43.2402103766799], [76.83464895933867, 43.2402103766799], [76.83465097099543, 43.240211717784405], [76.83465030044317, 43.24021574109793], [76.83465164154768, 43.240217082202435], [76.83465298265219, 43.240222446620464], [76.83465298265219, 43.240229822695255], [76.83465097099543, 43.24023384600878], [76.83464962989092, 43.24023451656103], [76.83464761823416, 43.24024122208357], [76.83464426547289, 43.24024524539709], [76.83464225381613, 43.240251280367374], [76.83463890105486, 43.24025463312864], [76.83463755995035, 43.240258656442165], [76.83463621884584, 43.24025932699442], [76.83463353663683, 43.24026469141245], [76.83463219553232, 43.240266032516956], [76.83462616056204, 43.240267373621464], [76.83462481945753, 43.24027005583048], [76.83462012559175, 43.24027005583048], [76.83462213724852, 43.24027072638273], [76.83462146669626, 43.24027206748724], [76.83462280780077, 43.24027609080076], [76.83462146669626, 43.24027609080076], [76.83462012559175, 43.24027877300978], [76.83461744338274, 43.24027944356203], [76.83461744338274, 43.24028078466654], [76.83461476117373, 43.240282125771046], [76.83460470288992, 43.24028480798006], [76.83459062129259, 43.24028480798006]], [[76.83456178754568, 43.24025597423315], [76.83456245809793, 43.240256644785404], [76.83456245809793, 43.24025597423315], [76.83456178754568, 43.24025597423315]]]}, "properties": {"id": 557, "class": "road", "confidence": 100.0, "source": "Almaty_4", "source_model": "unet-roads", "centroid_wkt": "POINT (76.83459184780253 43.240240329875824)", "bbox": [76.83452155441046, 43.2402103766799, 76.83465298265219, 43.24028480798006], "pixel_bbox": [7448, 1425, 7644, 1536], "area_m2": 63.32}}, {"type": "Feature", "geometry": {"type": "Polygon", "coordinates": [[[76.83755915611982, 43.240235187113285], [76.83754373341799, 43.24023116379976], [76.83754172176123, 43.24022848159075], [76.83754038065672, 43.24022848159075], [76.8375376984477, 43.24022579938173], [76.83753501623869, 43.24021976441145], [76.83753501623869, 43.24021641165018], [76.83753166347742, 43.240211717784405], [76.83753702789545, 43.2402103766799], [76.83759469538927, 43.24021104723215], [76.83759469538927, 43.24022110551596], [76.83759201318026, 43.240222446620464], [76.83758664876223, 43.24022848159075], [76.83758530765772, 43.24022848159075], [76.83758463710546, 43.240229822695255], [76.83757726103067, 43.24023049324751], [76.83757524937391, 43.24023250490427], [76.83756787329912, 43.24023384600878], [76.83756586164236, 43.240235187113285], [76.83755915611982, 43.240235187113285]]]}, "properties": {"id": 558, "class": "road", "confidence": 100.0, "source": "Almaty_4", "source_model": "unet-roads", "centroid_wkt": "POINT (76.83756402709881 43.2402207008738)", "bbox": [76.83753166347742, 43.2402103766799, 76.83759469538927, 43.240235187113285], "pixel_bbox": [11937, 1499, 12031, 1536], "area_m2": 10.851}}, {"type": "Feature", "geometry": {"type": "Polygon", "coordinates": [[[76.83785822242498, 43.240209706127644], [76.83783207088709, 43.240209706127644], [76.83783005923033, 43.240208365023136], [76.83783274143934, 43.240208365023136], [76.83783274143934, 43.24020702391863], [76.83783408254385, 43.24020702391863], [76.8378334119916, 43.240204341709614], [76.83783542364836, 43.240204341709614], [76.83783609420061, 43.24020233005285], [76.83784548193216, 43.240200988948345], [76.83785352855921, 43.24020233005285], [76.83785486966372, 43.240204341709614], [76.83785352855921, 43.24020501226187], [76.83785352855921, 43.24020702391863], [76.83786023408175, 43.240208365023136], [76.83785822242498, 43.240209706127644]]]}, "properties": {"id": 559, "class": "road", "confidence": 100.0, "source": "Almaty_4", "source_model": "unet-roads", "centroid_wkt": "POINT (76.83784494907479 43.240205698113556)", "bbox": [76.83783005923033, 43.240200988948345, 76.83786023408175, 43.240209706127644], "pixel_bbox": [12382, 1537, 12427, 1550], "area_m2": 1.556}}, {"type": "Feature", "geometry": {"type": "Polygon", "coordinates": [[[76.83369476348162, 43.24011784046888], [76.83368805795908, 43.24011582881212], [76.83367867022753, 43.24011046439409], [76.83366794139147, 43.24009973555803], [76.83366794139147, 43.240098394453526], [76.83366324752569, 43.24009370058775], [76.83365989476442, 43.24008699506521], [76.83365922421217, 43.240080289542675], [76.83366123586893, 43.24007425457239], [76.83366794139147, 43.24006553739309], [76.83366995304823, 43.24005950242281], [76.83367598801851, 43.24005749076605], [76.83367665857077, 43.24005614966154], [76.83368738740683, 43.24005749076605], [76.83368738740683, 43.24005614966154], [76.83369006961584, 43.24005547910929], [76.83369141072035, 43.24005614966154], [76.83369006961584, 43.240056820213795], [76.83369141072035, 43.240058831870556], [76.83369342237711, 43.240058831870556], [76.83370281010866, 43.24006352573633], [76.83371219784021, 43.24007157236338], [76.83372158557177, 43.24007626622915], [76.83374170213938, 43.240080289542675], [76.83375243097544, 43.240080289542675], [76.83375980705023, 43.240078277885914], [76.83376852422953, 43.24007894843817], [76.83377455919981, 43.240080289542675], [76.83377925306559, 43.24008498340845], [76.83377925306559, 43.240091018378735], [76.83377724140882, 43.24009504169226], [76.83377120643854, 43.24010107666254], [76.833764500916, 43.24010442942381], [76.83374706655741, 43.24010845273733], [76.83374304324389, 43.24011046439409], [76.83374036103487, 43.24011046439409], [76.83373633772135, 43.240112476050854], [76.83372024446726, 43.240116499364376], [76.83371219784021, 43.24011784046888], [76.83369476348162, 43.24011784046888]]]}, "properties": {"id": 560, "class": "road", "confidence": 100.0, "source": "Almaty_4", "source_model": "unet-roads", "centroid_wkt": "POINT (76.83371200156812 43.240089787423784)", "bbox": [76.83365922421217, 43.24005547910929, 76.83377925306559, 43.24011784046888], "pixel_bbox": [6162, 1674, 6341, 1767], "area_m2": 41.142}}, {"type": "Feature", "geometry": {"type": "Polygon", "coordinates": [[[76.8338355794549, 43.24006151407957], [76.8338355794549, 43.24006017297506], [76.83383356779814, 43.24005950242281], [76.83382619172335, 43.24006017297506], [76.83382418006659, 43.240058831870556], [76.83382149785757, 43.240058831870556], [76.83381881564856, 43.240056820213795], [76.83381881564856, 43.240040726959705], [76.83382418006659, 43.240040726959705], [76.83382283896208, 43.24004206806421], [76.83382283896208, 43.240044079720974], [76.83382485061884, 43.24004475027323], [76.83382820338011, 43.24004340916872], [76.83382753282785, 43.24004206806421], [76.83382485061884, 43.24004206806421], [76.83382485061884, 43.24004005640745], [76.83383088558912, 43.24004005640745], [76.83383625000715, 43.240038715302944], [76.83385636657476, 43.240038715302944], [76.83387044817209, 43.24004005640745], [76.83386776596308, 43.24004273861647], [76.8338617309928, 43.24004340916872], [76.8338617309928, 43.24004475027323], [76.83386038988829, 43.24004542082548], [76.83386106044054, 43.24004743248224], [76.83385971933603, 43.24004877358675], [76.83386038988829, 43.24005078524351], [76.83385904878378, 43.24005279690027], [76.83385770767927, 43.24005279690027], [76.83385703712702, 43.24005614966154], [76.83385167270899, 43.240056820213795], [76.83385033160448, 43.2400581613183], [76.83384362608194, 43.24005950242281], [76.83384295552969, 43.24006084352732], [76.83383960276842, 43.24006017297506], [76.8338355794549, 43.24006151407957]]]}, "properties": {"id": 561, "class": "road", "confidence": 100.0, "source": "Almaty_4", "source_model": "unet-roads", "centroid_wkt": "POINT (76.83384075013332 43.240048482609716)", "bbox": [76.83381881564856, 43.240038715302944, 76.83387044817209, 43.24006151407957], "pixel_bbox": [6400, 1758, 6477, 1792], "area_m2": 7.401}}, {"type": "Feature", "geometry": {"type": "Polygon", "coordinates": [[[76.83369006961584, 43.24005279690027], [76.83369006961584, 43.240051455795765], [76.83368537575006, 43.240051455795765], [76.83368403464556, 43.240049444139004], [76.83367934077978, 43.240049444139004], [76.83368001133204, 43.240048103034496], [76.83367665857077, 43.24004743248224], [76.83368068188429, 43.2400393858552], [76.83367598801851, 43.24003804475069], [76.83368135243654, 43.24003804475069], [76.83368403464556, 43.240035362541676], [76.83368604630232, 43.240035362541676], [76.83368738740683, 43.24003402143717], [76.83369610458612, 43.24003402143717], [76.83370281010866, 43.24003670364618], [76.83370348066092, 43.24003804475069], [76.83371152728796, 43.24003804475069], [76.83370549231768, 43.240038715302944], [76.83370281010866, 43.24004005640745], [76.83370415121317, 43.24004139751196], [76.83370415121317, 43.24004542082548], [76.83370213955641, 43.240048103034496], [76.83370213955641, 43.24005212634802], [76.83369006961584, 43.24005279690027]]]}, "properties": {"id": 562, "class": "road", "confidence": 100.0, "source": "Almaty_4", "source_model": "unet-roads", "centroid_wkt": "POINT (76.83369213646209 43.2400429458279)", "bbox": [76.83367598801851, 43.24003402143717, 76.83371152728796, 43.24005279690027], "pixel_bbox": [6187, 1771, 6240, 1799], "area_m2": 3.615}}, {"type": "Feature", "geometry": {"type": "Polygon", "coordinates": [[[76.83519344776869, 43.239941485226154], [76.83519344776869, 43.23991063982248], [76.8352035060525, 43.23991131037474], [76.83521021157503, 43.23991667479277], [76.83521021157503, 43.23991868644953], [76.83521155267954, 43.239920027554035], [76.83521155267954, 43.23993008583784], [76.83521021157503, 43.23993142694235], [76.83520954102278, 43.23993477970362], [76.83520618826151, 43.239938132464886], [76.83519948273897, 43.23993880301714], [76.83519814163446, 43.2399408146739], [76.83519344776869, 43.239941485226154]]]}, "properties": {"id": 563, "class": "road", "confidence": 100.0, "source": "Almaty_4", "source_model": "unet-roads", "centroid_wkt": "POINT (76.83520184343686 43.23992511874769)", "bbox": [76.83519344776869, 43.23991063982248, 76.83521155267954, 43.239941485226154], "pixel_bbox": [8450, 1937, 8477, 1983], "area_m2": 4.151}}, {"type": "Feature", "geometry": {"type": "Polygon", "coordinates": [[[76.8390404060483, 43.239925391972065], [76.83903235942125, 43.239923380315304], [76.83902632445097, 43.239923380315304], [76.8390229716897, 43.239922039210796], [76.83901626616716, 43.239922039210796], [76.8390129134059, 43.23992069810629], [76.8390041962266, 43.239920027554035], [76.83900084346533, 43.23991868644953], [76.83900017291307, 43.23991734534502], [76.8389968201518, 43.23991667479277], [76.83899614959955, 43.23991533368826], [76.83899145573378, 43.23991399258375], [76.83898475021124, 43.239907287061214], [76.83898340910673, 43.23990326374769], [76.83897871524096, 43.23989722877741], [76.8389780446887, 43.23989186435938], [76.83897938579321, 43.23988851159811], [76.83898340910673, 43.23988448828459], [76.838986761868, 43.239883817732334], [76.83898810297251, 43.23988180607557], [76.8389968201518, 43.239878453314304], [76.83899749070406, 43.2398771122098], [76.83900017291307, 43.23987644165754], [76.8390055373311, 43.23987241834402], [76.83901626616716, 43.23987040668726], [76.83902364224195, 43.23986705392599], [76.8390940502286, 43.23986705392599], [76.83909606188536, 43.23986906558275], [76.83909740298986, 43.23987912386656], [76.83909606188536, 43.23988448828459], [76.83909472078085, 43.23988448828459], [76.8390940502286, 43.23988851159811], [76.83909203857183, 43.239889182150364], [76.83909069746733, 43.23989186435938], [76.83908935636282, 43.23989186435938], [76.83908868581057, 43.239894546568394], [76.83908734470606, 43.239894546568394], [76.83908265084028, 43.23989991098642], [76.83907661587, 43.23990326374769], [76.83907058089972, 43.239909298717976], [76.83906521648169, 43.23991198092699], [76.83905649930239, 43.23991935700178], [76.83905448764563, 43.23991935700178], [76.83905180543661, 43.239922039210796], [76.83904644101858, 43.239923380315304], [76.83904577046633, 43.23992472141981], [76.8390404060483, 43.239925391972065]]]}, "properties": {"id": 564, "class": "road", "confidence": 100.0, "source": "Almaty_4", "source_model": "unet-roads", "centroid_wkt": "POINT (76.83903774562012 43.239892706427625)", "bbox": [76.8389780446887, 43.23986705392599, 76.83909740298986, 43.239925391972065], "pixel_bbox": [14094, 1961, 14272, 2048], "area_m2": 45.749}}, {"type": "Feature", "geometry": {"type": "Polygon", "coordinates": [[[76.83443438261747, 43.23986168950796], [76.83442030102015, 43.2398596778512], [76.83440420776606, 43.23985230177641], [76.83439414948225, 43.23985029011965], [76.83438945561647, 43.23984760791063], [76.83437872678041, 43.23984492570162], [76.83437738567591, 43.23984358459711], [76.83437135070562, 43.2398422434926], [76.83436397463083, 43.239838890731335], [76.83436330407858, 43.23983754962683], [76.83435793966055, 43.23983486741781], [76.83435324579477, 43.23982883244753], [76.83435257524252, 43.2398234680295], [76.83435592800379, 43.2398147508502], [76.83436062186956, 43.23980938643217], [76.83436397463083, 43.23980804532766], [76.83436866849661, 43.23980335146189], [76.83437000960112, 43.23980335146189], [76.83437537401915, 43.239799328148365], [76.83438140898943, 43.239797316491604], [76.8343948200345, 43.239797316491604], [76.83439817279577, 43.23979865759611], [76.83440487831831, 43.23979865759611], [76.83441694825888, 43.23980066925287], [76.83444309979677, 43.23980066925287], [76.83445382863283, 43.23980536311865], [76.83445449918509, 43.239806704223156], [76.8344571813941, 43.23980737477541], [76.83446925133467, 43.23982011526823], [76.83447126299143, 43.23982547968626], [76.83447126299143, 43.239831514656544], [76.83446992188692, 43.239835537970066], [76.83446455746889, 43.239846266806126], [76.83445785194635, 43.23985297232866], [76.83445248752832, 43.23985565453768], [76.8344484642148, 43.23985565453768], [76.83444444090128, 43.23985766619444], [76.83444175869226, 43.23985766619444], [76.83443907648325, 43.239859007298946], [76.83443773537874, 43.23986101895571], [76.83443438261747, 43.23986168950796]]]}, "properties": {"id": 565, "class": "road", "confidence": 100.0, "source": "Almaty_4", "source_model": "unet-roads", "centroid_wkt": "POINT (76.83441484328972 43.23982674630616)", "bbox": [76.83435257524252, 43.239797316491604, 76.83447126299143, 43.23986168950796], "pixel_bbox": [7196, 2056, 7373, 2152], "area_m2": 49.926}}, {"type": "Feature", "geometry": {"type": "Polygon", "coordinates": [[[76.83792393654585, 43.23986705392599], [76.83791991323233, 43.239865712821484], [76.83791991323233, 43.23986370116472], [76.83791857212782, 43.23986370116472], [76.83791857212782, 43.239862360060215], [76.83791656047106, 43.239860348403454], [76.83791656047106, 43.23985833674669], [76.83791521936655, 43.23985766619444], [76.83791521936655, 43.23984894901514], [76.83791320770979, 43.23984157294035], [76.83791320770979, 43.23982883244753], [76.83790851384401, 43.23981810361147], [76.8379071727395, 43.239817433059216], [76.83790516108274, 43.23981072753668], [76.83790180832148, 43.23980536311865], [76.83790046721697, 43.239801339805126], [76.83790046721697, 43.23979530483484], [76.83790180832148, 43.23979262262583], [76.83790516108274, 43.23978994041681], [76.83790650218725, 43.23978591710329], [76.83790918439627, 43.23978390544653], [76.83790918439627, 43.23978256434202], [76.83791521936655, 43.23977719992399], [76.83791656047106, 43.23977719992399], [76.83791656047106, 43.239775858819485], [76.83791857212782, 43.23977518826723], [76.83792192488909, 43.23977116495371], [76.8379232659936, 43.23977116495371], [76.8379246070981, 43.23976915329695], [76.83792863041162, 43.239767141640186], [76.83792997151613, 43.239765129983425], [76.83793533593416, 43.23976244777441], [76.83793801814318, 43.23976244777441], [76.83793801814318, 43.2397611066699], [76.83795679360628, 43.23976244777441], [76.8379769101739, 43.239772506058216], [76.8379769101739, 43.23977384716272], [76.8379782512784, 43.23977451771498], [76.8379782512784, 43.239775858819485], [76.83797959238291, 43.239775858819485], [76.83797959238291, 43.239777870476246], [76.83798093348742, 43.239777870476246], [76.83798093348742, 43.23977988213301], [76.83798227459192, 43.23978055268526], [76.83798227459192, 43.2397872582078], [76.83798093348742, 43.239788599312305], [76.83798093348742, 43.239791952073574], [76.8379782512784, 43.23979530483484], [76.83797556906939, 43.23980402201414], [76.83797288686037, 43.239806704223156], [76.83796886354685, 43.23981609195471], [76.83796618133783, 43.23981944471598], [76.83796618133783, 43.23982212692499], [76.83796215802431, 43.239830173552036], [76.83796215802431, 43.23983687907457], [76.8379608169198, 43.23983956128359], [76.83796148747206, 43.23984894901514], [76.8379594758153, 43.23985297232866], [76.83795813471079, 43.23985364288092], [76.83795679360628, 43.23985766619444], [76.83795142918825, 43.23986303061247], [76.83794472366571, 43.23986638337374], [76.83792393654585, 43.23986705392599]]]}, "properties": {"id": 566, "class": "road", "confidence": 100.0, "source": "Almaty_4", "source_model": "unet-roads", "centroid_wkt": "POINT (76.83794066964256 43.23981018446242)", "bbox": [76.83790046721697, 43.2397611066699, 76.83798227459192, 43.23986705392599], "pixel_bbox": [12487, 2048, 12609, 2206], "area_m2": 52.876}}, {"type": "Feature", "geometry": {"type": "Polygon", "coordinates": [[[76.83776367455721, 43.23992472141981], [76.83775763958693, 43.23992270976305], [76.83774624019861, 43.239923380315304], [76.83774087578058, 43.239922039210796], [76.83773819357157, 43.239920027554035], [76.83771807700396, 43.23991399258375], [76.83771673589945, 43.239912651479244], [76.83771472424269, 43.239912651479244], [76.83771204203367, 43.23991063982248], [76.83771003037691, 43.23991063982248], [76.83770265430212, 43.239907287061214], [76.83770198374987, 43.23990594595671], [76.83769259601831, 43.23990125209093], [76.83768723160028, 43.2398958876729], [76.83768589049578, 43.2398958876729], [76.83768119663, 43.239891193807125], [76.83768119663, 43.23988985270262], [76.83767315000296, 43.23988314718008], [76.83767315000296, 43.23988180607557], [76.83766979724169, 43.23987778276205], [76.83766778558493, 43.23986705392599], [76.83764901012182, 43.23986705392599], [76.83764901012182, 43.23986303061247], [76.83764766901731, 43.23986303061247], [76.83764766901731, 43.23986101895571], [76.83764968067408, 43.239856995642185], [76.83765102177858, 43.23985632508993], [76.83765169233084, 43.23985364288092], [76.83765437453985, 43.2398509606719], [76.83765772730112, 43.239849619567394], [76.83765906840563, 43.23984760791063], [76.83766040951014, 43.23984760791063], [76.83766644448042, 43.23984157294035], [76.83766644448042, 43.23984023183584], [76.83766979724169, 43.23983754962683], [76.83767046779394, 43.23983486741781], [76.8376724794507, 43.239833526313305], [76.83767449110746, 43.239828161895275], [76.83767650276423, 43.23982682079077], [76.83767717331648, 43.239822797477245], [76.83767918497324, 43.239820785820484], [76.83768052607775, 43.239815421402454], [76.83768253773451, 43.239812068641186], [76.83768186718225, 43.23980536311865], [76.83768253773451, 43.239801339805126], [76.83768454939127, 43.23979798704386], [76.83768656104803, 43.23978591710329], [76.8376986309886, 43.23977183550596], [76.8376986309886, 43.2397698238492], [76.83770265430212, 43.23976244777441], [76.83770801872015, 43.239759765565395], [76.8377086892724, 43.23975708335638], [76.83771003037691, 43.23975641280413], [76.83770935982466, 43.23975507169962], [76.83771137148142, 43.239754401147366], [76.83771070092916, 43.23975306004286], [76.8377086892724, 43.23975306004286], [76.8377073481679, 43.23975171893835], [76.83770265430212, 43.2397510483861], [76.83770198374987, 43.239749036729336], [76.8376999720931, 43.23974769562483], [76.83769930154085, 43.23974099010229], [76.83769728988409, 43.23973763734102], [76.83769728988409, 43.23973495513201], [76.8376986309886, 43.239732943475246], [76.8376986309886, 43.23972623795271], [76.83769460767508, 43.239720202982426], [76.83769393712282, 43.2397161796689], [76.83769192546606, 43.23971349745989], [76.83769192546606, 43.23971148580313], [76.83768924325705, 43.2397061213851], [76.83768924325705, 43.239702098071575], [76.8376912549138, 43.239700086414814], [76.83768857270479, 43.23969807475805], [76.83768857270479, 43.239696733653545], [76.8376899138093, 43.23969606310129], [76.83776702731848, 43.23969606310129], [76.83776769787073, 43.23978994041681], [76.83776836842299, 43.23979128152132], [76.83777038007975, 43.23979128152132], [76.83777708560228, 43.23979798704386], [76.83777842670679, 43.23980066925287], [76.83778043836355, 43.239801339805126], [76.83778312057257, 43.239806704223156], [76.83778446167707, 43.239806704223156], [76.8377884849906, 43.239812068641186], [76.83779116719961, 43.23981273919344], [76.83779116719961, 43.23981408029795], [76.83779250830412, 43.23981408029795], [76.83779988437891, 43.239822797477245], [76.83780323714018, 43.23983285576105], [76.83780256658792, 43.23984492570162], [76.83780457824469, 43.23984827846289], [76.83780457824469, 43.23985632508993], [76.83780323714018, 43.23985833674669], [76.83780390769243, 43.23986705392599], [76.83779921382666, 43.239867724478245], [76.83779921382666, 43.23987040668726], [76.83780122548342, 43.23987375944853], [76.83780256658792, 43.23988314718008], [76.83780256658792, 43.239891193807125], [76.83780122548342, 43.23989521712065], [76.83779653161764, 43.23990125209093], [76.83779519051313, 43.23990125209093], [76.83779384940863, 43.23990326374769], [76.8377898260951, 43.2399046048522], [76.83778915554285, 43.23990594595671], [76.83778513222933, 43.23990795761347], [76.83777708560228, 43.239909298717976], [76.83777440339327, 43.23991131037474], [76.83776702731848, 43.23991131037474], [76.83776702731848, 43.23992472141981], [76.83776367455721, 43.23992472141981]], [[76.83771204203367, 43.23975171893835], [76.83771271258593, 43.239752389490604], [76.83771271258593, 43.23975171893835], [76.83771204203367, 43.23975171893835]], [[76.83771539479494, 43.23975037783384], [76.83771807700396, 43.23975037783384], [76.83772075921297, 43.23974769562483], [76.83772344142199, 43.23974836617708], [76.83772746473551, 43.23974434286356], [76.83772746473551, 43.23974300175905], [76.83772880584002, 43.239743672311306], [76.83772880584002, 43.239738307893276], [76.837726123631, 43.239738307893276], [76.8377247825265, 43.23973696678877], [76.8377247825265, 43.23973495513201], [76.83772277086973, 43.2397336140275], [76.83772075921297, 43.239734284579754], [76.83772075921297, 43.23973763734102], [76.83772210031748, 43.239738307893276], [76.83772008866072, 43.239738307893276], [76.83771874755621, 43.23973897844553], [76.83771941810846, 43.23974031955004], [76.83771807700396, 43.23974031955004], [76.83772008866072, 43.23974300175905], [76.83771941810846, 43.23974501341581], [76.8377160653472, 43.23974434286356], [76.83771539479494, 43.23974568396807], [76.83771539479494, 43.23975037783384]]]}, "properties": {"id": 567, "class": "road", "confidence": 100.0, "source": "Almaty_4", "source_model": "unet-roads", "centroid_wkt": "POINT (76.83773471488126 43.23981977204764)", "bbox": [76.83764766901731, 43.23969606310129, 76.83780457824469, 43.23992472141981], "pixel_bbox": [12110, 1962, 12344, 2303], "area_m2": 195.776}}, {"type": "Feature", "geometry": {"type": "Polygon", "coordinates": [[[76.8366351351142, 43.23969539254904], [76.83663312345743, 43.23969405144453], [76.83663379400969, 43.23969271034002], [76.83663111180067, 43.23969002813101], [76.83663178235292, 43.23968533426523], [76.83663714677095, 43.239680640399456], [76.83663714677095, 43.23967929929495], [76.83663982897997, 43.239678628742695], [76.83663982897997, 43.23967728763819], [76.83664921671152, 43.23967259377241], [76.83665324002504, 43.23966857045889], [76.83665324002504, 43.23966722935438], [76.83665726333857, 43.23966387659311], [76.83666128665209, 43.23965650051832], [76.83666933327913, 43.23965046554804], [76.83668944984674, 43.239647783339024], [76.83670956641436, 43.23964845389128], [76.83671493083239, 43.23964912444353], [76.83671694248915, 43.23965046554804], [76.83672297745943, 43.23965046554804], [76.83673102408648, 43.23965381830931], [76.83673705905676, 43.23965381830931], [76.8367363885045, 43.23969539254904], [76.8366351351142, 43.23969539254904]]]}, "properties": {"id": 568, "class": "road", "confidence": 100.0, "source": "Almaty_4", "source_model": "unet-roads", "centroid_wkt": "POINT (76.83669120781919 43.23967396876767)", "bbox": [76.83663111180067, 43.239647783339024, 76.83673705905676, 43.23969539254904], "pixel_bbox": [10594, 2304, 10752, 2375], "area_m2": 36.774}}, {"type": "Feature", "geometry": {"type": "Polygon", "coordinates": [[[76.83244753628969, 43.23969539254904], [76.83244552463293, 43.23969405144453], [76.83244552463293, 43.23968667536974], [76.83244686573744, 43.239686004817486], [76.83244686573744, 43.23968466371298], [76.83244954794645, 43.23968466371298], [76.83245223015547, 43.23968198150396], [76.83245826512575, 43.23968265205622], [76.83247972279787, 43.239678628742695], [76.83248911052942, 43.239673264324665], [76.83249313384295, 43.23966924101114], [76.8324951454997, 43.23966521769762], [76.83249782770872, 43.23966320604086], [76.83250185102224, 43.23965113610029], [76.83250319212675, 43.23965046554804], [76.83250721544027, 43.23964308947325], [76.83250922709703, 43.239641077816486], [76.83251056820154, 43.239641077816486], [76.83251190930605, 43.23963839560747], [76.83251794427633, 43.23963571339846], [76.83252599090338, 43.2396350428462], [76.83253604918718, 43.23963839560747], [76.83254141360521, 43.2396437600255], [76.83254543691874, 43.239655159413815], [76.83254677802324, 43.23965582996607], [76.83254946023226, 43.2396611943841], [76.83255281299353, 43.23966454714537], [76.8325575068593, 43.23966655880213], [76.83255884796381, 43.23966857045889], [76.83256756514311, 43.23967259377241], [76.83257695287466, 43.23967259377241], [76.83258432894945, 43.239671252667904], [76.83259572833776, 43.23966521769762], [76.83259639889002, 43.23966387659311], [76.83260712772608, 43.23965985327959], [76.83261718600988, 43.239660523831844], [76.83261718600988, 43.23969405144453], [76.83261517435312, 43.23969539254904], [76.83244753628969, 43.23969539254904]]]}, "properties": {"id": 569, "class": "road", "confidence": 100.0, "source": "Almaty_4", "source_model": "unet-roads", "centroid_wkt": "POINT (76.8325378597545 43.23967522455999)", "bbox": [76.83244552463293, 43.2396350428462, 76.83261718600988, 43.23969539254904], "pixel_bbox": [4352, 2304, 4608, 2394], "area_m2": 49.969}}, {"type": "Feature", "geometry": {"type": "Polygon", "coordinates": [[[76.83606315404177, 43.239613585174084], [76.8360598012805, 43.239612244069576], [76.8360510841012, 43.239612244069576], [76.83605041354895, 43.239588774740696], [76.83605175465345, 43.239583410322666], [76.83605443686247, 43.23958609253168], [76.83606047183275, 43.23958609253168], [76.83607053011656, 43.2395901158452], [76.83607187122107, 43.239592127501965], [76.83607589453459, 43.239594139158726], [76.8360772356391, 43.23959816247225], [76.83607924729586, 43.239599503576756], [76.83607924729586, 43.239604867994785], [76.83607656508684, 43.23960889130831], [76.83607388287783, 43.23960956186056], [76.83607053011656, 43.239612244069576], [76.83606315404177, 43.239613585174084]]]}, "properties": {"id": 570, "class": "road", "confidence": 100.0, "source": "Almaty_4", "source_model": "unet-roads", "centroid_wkt": "POINT (76.83606343895335 43.23959972325951)", "bbox": [76.83605041354895, 43.239583410322666, 76.83607924729586, 43.239613585174084], "pixel_bbox": [9728, 2426, 9771, 2471], "area_m2": 5.735}}, {"type": "Feature", "geometry": {"type": "Polygon", "coordinates": [[[76.83887142688036, 43.23963839560747], [76.83886673301458, 43.23963571339846], [76.83885868638754, 43.239626325666904], [76.83885600417852, 43.23961894959211], [76.83885533362627, 43.239608220756054], [76.83885801583529, 43.23959816247225], [76.83885801583529, 43.23959279805422], [76.83886002749205, 43.239588774740696], [76.83886002749205, 43.23958542197943], [76.83886136859655, 43.23958408087492], [76.83886270970106, 43.23957737535238], [76.83886673301458, 43.23957268148661], [76.83886807411909, 43.239568658173084], [76.8388694152236, 43.23956798762083], [76.83887008577585, 43.239565305411816], [76.83887410908937, 43.239559940993786], [76.83887612074614, 43.23954585939646], [76.83887477964163, 43.2395351305604], [76.83887746185064, 43.23952842503786], [76.83888014405966, 43.239525742828846], [76.83888148516417, 43.239525742828846], [76.83888215571642, 43.239523731172085], [76.83888483792543, 43.23952306061983], [76.83889020234346, 43.239518366754055], [76.83889891952276, 43.23951434344053], [76.83890294283628, 43.23951367288828], [76.8389056250453, 43.23951166123152], [76.83891098946333, 43.23951032012701], [76.83892104774714, 43.239510990679264], [76.83892507106066, 43.23951233178377], [76.83892708271742, 43.23951434344053], [76.8389317765832, 43.239516355097294], [76.83893445879221, 43.23951903730631], [76.83893445879221, 43.239520378410816], [76.83893579989672, 43.239520378410816], [76.83893579989672, 43.239521719515324], [76.83893848210573, 43.239523731172085], [76.83896865695715, 43.239523731172085], [76.83896865695715, 43.23956061154604], [76.8389679864049, 43.23955859988928], [76.83896463364363, 43.239557929337025], [76.83896463364363, 43.23955658823252], [76.8389592692256, 43.239554576575756], [76.83894384652376, 43.23955524712801], [76.83893647044897, 43.239557929337025], [76.8389331176877, 43.239557929337025], [76.83893043547869, 43.239559940993786], [76.83892574161291, 43.23956061154604], [76.83892037719488, 43.239563293755054], [76.83891769498587, 43.239563293755054], [76.8389069661498, 43.239568658173084], [76.8389056250453, 43.2395713403821], [76.83890428394079, 43.2395713403821], [76.83889891952276, 43.23958273977041], [76.83889891952276, 43.239594139158726], [76.83890160173178, 43.239602856338024], [76.83890160173178, 43.23961090296507], [76.83889757841825, 43.239622972905636], [76.83889489620924, 43.2396249845624], [76.83889489620924, 43.239626325666904], [76.83889355510473, 43.239626325666904], [76.83889355510473, 43.23962766677141], [76.83889020234346, 43.23963101953268], [76.83888886123896, 43.23963101953268], [76.83888617902994, 43.239633701741695], [76.83887612074614, 43.23963839560747], [76.83887142688036, 43.23963839560747]]]}, "properties": {"id": 571, "class": "road", "confidence": 100.0, "source": "Almaty_4", "source_model": "unet-roads", "centroid_wkt": "POINT (76.83890278402599 43.23956436982537)", "bbox": [76.83885533362627, 43.23951032012701, 76.83896865695715, 43.23963839560747], "pixel_bbox": [13911, 2389, 14080, 2580], "area_m2": 60.831}}, {"type": "Feature", "geometry": {"type": "Polygon", "coordinates": [[[76.83107357472181, 43.23952306061983], [76.83107357472181, 43.23950830847025], [76.83107424527407, 43.239510990679264], [76.83107625693083, 43.23951032012701], [76.83107692748308, 43.23951166123152], [76.8310883268714, 43.23951166123152], [76.83109033852816, 43.23951367288828], [76.83109167963266, 43.23951367288828], [76.83109302073717, 43.239515013992786], [76.83109302073717, 43.23951702564955], [76.83109436184168, 43.2395176962018], [76.83109369128942, 43.23951970785856], [76.83109167963266, 43.23951970785856], [76.83109033852816, 43.23952104896307], [76.83107692748308, 43.239520378410816], [76.83107357472181, 43.23952306061983]]]}, "properties": {"id": 572, "class": "road", "confidence": 100.0, "source": "Almaty_4", "source_model": "unet-roads", "centroid_wkt": "POINT (76.83108301496995 43.239515994063716)", "bbox": [76.83107357472181, 43.23950830847025, 76.83109436184168, 43.23952306061983], "pixel_bbox": [2306, 2561, 2337, 2583], "area_m2": 1.584}}, {"type": "Feature", "geometry": {"type": "Polygon", "coordinates": [[[76.83786693960428, 43.23971416801214], [76.83786291629076, 43.23971215635538], [76.837860904634, 43.2397061213851], [76.83785889297724, 43.23970343917608], [76.83785755187273, 43.23969539254904], [76.83784548193216, 43.239694721996784], [76.83784749358892, 43.23968198150396], [76.83785285800695, 43.23967594653368], [76.83785285800695, 43.23967460542917], [76.83785822242498, 43.2396699115634], [76.83785822242498, 43.23966857045889], [76.83785956352949, 43.23966857045889], [76.83786291629076, 43.23966521769762], [76.83786291629076, 43.23966387659311], [76.83786626905203, 43.2396611943841], [76.8378696218133, 43.23965448886156], [76.8378709629178, 43.23964845389128], [76.8378709629178, 43.23964040726423], [76.8378696218133, 43.23963303118944], [76.83786425739527, 43.23961492627859], [76.83786291629076, 43.239613585174084], [76.83785956352949, 43.23959816247225], [76.83785822242498, 43.23959615081549], [76.83785755187273, 43.23956664651632], [76.83785822242498, 43.23955859988928], [76.8378622457385, 43.2395438477397], [76.83786492794752, 43.23952507227659], [76.83786559849977, 43.239523731172085], [76.83786828070879, 43.239523731172085], [76.83786895126104, 43.239518366754055], [76.83787163347006, 43.23951434344053], [76.83787364512682, 43.23950696736574], [76.83787498623133, 43.23950629681349], [76.8378796800971, 43.239496909081936], [76.83788169175386, 43.23949556797743], [76.83788437396288, 43.239487521350384], [76.83788437396288, 43.23947813361883], [76.83788303285837, 43.239473439753056], [76.83788370341063, 43.23946874588728], [76.83788236230612, 43.239466063678265], [76.83788169175386, 43.23945466428995], [76.83788035064936, 43.23945265263319], [76.8378783389926, 43.239442594349384], [76.8378783389926, 43.239428512752056], [76.8378796800971, 43.239423148334026], [76.83788504451513, 43.23941711336374], [76.83789443224669, 43.23941241949797], [76.83792795985937, 43.23941241949797], [76.83793466538191, 43.2394090667367], [76.83793801814318, 43.23940973728895], [76.83793868869543, 43.239352740347385], [76.83799300342798, 43.239352740347385], [76.83799300342798, 43.23935743421316], [76.83799434453249, 43.23935877531767], [76.8379970267415, 43.23936950415373], [76.83800037950277, 43.239376209676266], [76.83800306171179, 43.23937889188528], [76.83800373226404, 43.239381574094296], [76.83800507336855, 43.23938224464655], [76.83800507336855, 43.23938425630331], [76.83800708502531, 43.23938626796007], [76.83800708502531, 43.23938827961683], [76.83800909668207, 43.23939096182585], [76.83800909668207, 43.23939364403486], [76.83801110833883, 43.23939699679613], [76.83801177889109, 43.23940772563219], [76.8380131199956, 43.239410407841206], [76.83801379054785, 43.23941644281149], [76.8380144611001, 43.239468075335026], [76.8380131199956, 43.23947813361883], [76.83800842612982, 43.23949422687292], [76.83800708502531, 43.23951166123152], [76.83800708502531, 43.23952239006758], [76.83800842612982, 43.239523731172085], [76.8380131199956, 43.239523731172085], [76.83801513165236, 43.23953311890364], [76.8380144611001, 43.23954787105322], [76.83801177889109, 43.23955591768026], [76.83801043778658, 43.23955725878477], [76.83801043778658, 43.23956061154604], [76.83800775557756, 43.23956396430731], [76.83800708502531, 43.23956798762083], [76.8380057439208, 43.239568658173084], [76.83800507336855, 43.2395713403821], [76.83800373226404, 43.2395713403821], [76.83800373226404, 43.23957268148661], [76.83799903839827, 43.23957737535238], [76.83799903839827, 43.23957871645689], [76.83799769729376, 43.23957871645689], [76.83799434453249, 43.23958206921816], [76.83798093348742, 43.23958609253168], [76.83797489851713, 43.2395901158452], [76.83797288686037, 43.2395901158452], [76.83797154575586, 43.23959145694971], [76.83796685189009, 43.23959279805422], [76.83796618133783, 43.239594139158726], [76.8379608169198, 43.23959548026323], [76.83795746415854, 43.23959816247225], [76.83795478194952, 43.23959816247225], [76.83794807642698, 43.23960151523352], [76.83793935924768, 43.23960419744253], [76.83793868869543, 43.23961962014437], [76.83792997151613, 43.23962163180113], [76.83792728930712, 43.23962431401014], [76.83792527765036, 43.23962431401014], [76.83792393654585, 43.239626325666904], [76.83791924268007, 43.239628337323666], [76.83791924268007, 43.23962967842817], [76.83791656047106, 43.23963034898043], [76.83791656047106, 43.239631690084934], [76.83791521936655, 43.239631690084934], [76.83791387826204, 43.23963437229395], [76.83791253715754, 43.23963437229395], [76.83791253715754, 43.23963571339846], [76.83790985494852, 43.23963772505522], [76.83790851384401, 43.23964174836874], [76.83790650218725, 43.2396437600255], [76.83790449053049, 43.239660523831844], [76.837905831635, 43.239662535488605], [76.8379071727395, 43.239689357578754], [76.83790650218725, 43.23969069868326], [76.83790784329176, 43.23969271034002], [76.8379071727395, 43.239694721996784], [76.83788973838091, 43.23969539254904], [76.8378883972764, 43.23969941586256], [76.83788035064936, 43.239709474146366], [76.83787900954485, 43.239709474146366], [76.83787766844034, 43.23971148580313], [76.83787364512682, 43.23971349745989], [76.83786693960428, 43.23971416801214]]]}, "properties": {"id": 573, "class": "road", "confidence": 100.0, "source": "Almaty_4", "source_model": "unet-roads", "centroid_wkt": "POINT (76.83793545454465 43.239515544639445)", "bbox": [76.83784548193216, 43.239352740347385, 76.83801513165236, 43.23971416801214], "pixel_bbox": [12405, 2276, 12658, 2815], "area_m2": 315.68}}, {"type": "Feature", "geometry": {"type": "Polygon", "coordinates": [[[76.83557230979204, 43.23935206979513], [76.8355729803443, 43.23934603482485], [76.83557968586683, 43.239342011511326], [76.83558370918036, 43.23934268206358], [76.83558437973261, 43.23934402316809], [76.83558773249388, 43.239345364272594], [76.83558773249388, 43.239347375929356], [76.83559041470289, 43.239350728690624], [76.83558974415064, 43.23935206979513], [76.83557230979204, 43.23935206979513]]]}, "properties": {"id": 574, "class": "road", "confidence": 100.0, "source": "Almaty_4", "source_model": "unet-roads", "centroid_wkt": "POINT (76.83558113797619 43.23934763770482)", "bbox": [76.83557230979204, 43.239342011511326, 76.83559041470289, 43.23935206979513], "pixel_bbox": [9015, 2816, 9042, 2831], "area_m2": 1.203}}, {"type": "Feature", "geometry": {"type": "Polygon", "coordinates": [[[76.83688391000032, 43.23935206979513], [76.83688458055258, 43.23934938758612], [76.83688659220934, 43.23934804648161], [76.83688659220934, 43.2393467053771], [76.83689396828413, 43.2393379881978], [76.83689530938864, 43.2393379881978], [76.83689799159765, 43.23933530598879], [76.83690134435892, 43.23933530598879], [76.83690268546343, 43.23933731764555], [76.83690469712019, 43.23933731764555], [76.83690536767244, 43.239334635436535], [76.83690872043371, 43.23933061212301], [76.83690804988146, 43.23935206979513], [76.83688391000032, 43.23935206979513]]]}, "properties": {"id": 575, "class": "road", "confidence": 100.0, "source": "Almaty_4", "source_model": "unet-roads", "centroid_wkt": "POINT (76.83689901287948 43.23934423497593)", "bbox": [76.83688391000032, 43.23933061212301, 76.83690872043371, 43.23935206979513], "pixel_bbox": [10971, 2816, 11008, 2848], "area_m2": 2.846}}, {"type": "Feature", "geometry": {"type": "Polygon", "coordinates": [[[76.83746326714754, 43.23934402316809], [76.83745052665472, 43.23933932930231], [76.83744918555021, 43.23933731764555], [76.8374465033412, 43.23933597654104], [76.83744382113218, 43.23933061212301], [76.83744382113218, 43.23932323604822], [76.83744583278894, 43.23932122439146], [76.83744583278894, 43.23931988328695], [76.83745119720697, 43.23931585997343], [76.83746125549078, 43.23931585997343], [76.83746930211782, 43.23931720107794], [76.83747332543135, 43.2393192127347], [76.83747533708811, 43.239321894943714], [76.83747667819262, 43.239321894943714], [76.83747667819262, 43.23932323604822], [76.83747801929712, 43.23932323604822], [76.83747936040163, 43.239327259361744], [76.83748070150614, 43.239327929914], [76.83748070150614, 43.23933731764555], [76.83747868984938, 43.239339999854565], [76.83747600764036, 43.23934134095907], [76.83747600764036, 43.23934268206358], [76.8374726548791, 43.23934402316809], [76.83746326714754, 43.23934402316809]]]}, "properties": {"id": 576, "class": "road", "confidence": 100.0, "source": "Almaty_4", "source_model": "unet-roads", "centroid_wkt": "POINT (76.83746278099716 43.239329418888495)", "bbox": [76.83744382113218, 43.23931585997343, 76.83748070150614, 43.23934402316809], "pixel_bbox": [11806, 2828, 11861, 2870], "area_m2": 7.547}}, {"type": "Feature", "geometry": {"type": "Polygon", "coordinates": [[[76.83746326714754, 43.239289708435535], [76.83746125549078, 43.23928836733103], [76.837456561625, 43.239287696778774], [76.83745387941599, 43.23928568512201], [76.83745052665472, 43.239278979599476], [76.83745052665472, 43.23927026242018], [76.83745186775923, 43.23926892131567], [76.83745186775923, 43.23926690965891], [76.83745320886374, 43.239264227449894], [76.83745857328176, 43.23926154524088], [76.83747131377459, 43.23926154524088], [76.83747533708811, 43.23926288634539], [76.8374840542674, 43.23926892131567], [76.83748472481966, 43.239271603524685], [76.83748740702868, 43.2392742857337], [76.83748740702868, 43.23927965015173], [76.83748137205839, 43.23928635567427], [76.83747801929712, 43.23928702622652], [76.83747533708811, 43.23928903788328], [76.83746326714754, 43.239289708435535]]]}, "properties": {"id": 577, "class": "road", "confidence": 100.0, "source": "Almaty_4", "source_model": "unet-roads", "centroid_wkt": "POINT (76.83746826458996 43.23927519142051)", "bbox": [76.83745052665472, 43.23926154524088, 76.83748740702868, 43.239289708435535], "pixel_bbox": [11816, 2909, 11871, 2951], "area_m2": 7.553}}, {"type": "Feature", "geometry": {"type": "Polygon", "coordinates": [[[76.83784816414118, 43.23919650167227], [76.83783944696188, 43.23919516056776], [76.83783408254385, 43.239193148911], [76.83783072978258, 43.23918979614973], [76.83783207088709, 43.23918577283621], [76.83783408254385, 43.239185102283955], [76.83783140033484, 43.239181749522686], [76.83786895126104, 43.239181749522686], [76.83786761015654, 43.23918309062719], [76.83785956352949, 43.239185102283955], [76.8378622457385, 43.239187113940716], [76.83786492794752, 43.239187113940716], [76.83786693960428, 43.23918912559748], [76.83786626905203, 43.23919180780649], [76.83786425739527, 43.23919381946325], [76.83785956352949, 43.239195831120014], [76.83784816414118, 43.23919650167227]]]}, "properties": {"id": 578, "class": "road", "confidence": 100.0, "source": "Almaty_4", "source_model": "unet-roads", "centroid_wkt": "POINT (76.83784927394689 43.239188279118295)", "bbox": [76.83783072978258, 43.239181749522686, 76.83786895126104, 43.23919650167227], "pixel_bbox": [12383, 3048, 12440, 3070], "area_m2": 4.021}}, {"type": "Feature", "geometry": {"type": "Polygon", "coordinates": [[[76.83383088558912, 43.23920454829931], [76.83382149785757, 43.239203207194805], [76.83381948620081, 43.239201195538044], [76.83381881564856, 43.23918040841818], [76.83387380093336, 43.23918040841818], [76.83388117700815, 43.239181749522686], [76.83391403406858, 43.239181749522686], [76.83391202241182, 43.23918376117945], [76.83390732854605, 43.2391844317317], [76.83389995247126, 43.2391844317317], [76.83389727026224, 43.23918376117945], [76.83389659970999, 43.23918242007494], [76.8338818475604, 43.23918242007494], [76.8338805064559, 43.23918376117945], [76.83387715369463, 43.23918376117945], [76.83387447148561, 43.239185102283955], [76.83387313038111, 43.23918912559748], [76.83387044817209, 43.239190466701984], [76.83387044817209, 43.23919180780649], [76.83386374264956, 43.23919516056776], [76.83385971933603, 43.239195831120014], [76.833854354918, 43.23919918388128], [76.83384764939547, 43.23920052498579], [76.83384295552969, 43.239203207194805], [76.83383088558912, 43.23920454829931]]]}, "properties": {"id": 579, "class": "road", "confidence": 100.0, "source": "Almaty_4", "source_model": "unet-roads", "centroid_wkt": "POINT (76.83384670887831 43.239189741605074)", "bbox": [76.83381881564856, 43.23918040841818, 76.83391403406858, 43.23920454829931], "pixel_bbox": [6400, 3036, 6542, 3072], "area_m2": 10.192}}, {"type": "Feature", "geometry": {"type": "Polygon", "coordinates": [[[76.83638032525778, 43.23923137038946], [76.83637294918299, 43.23922600597143], [76.83637227863073, 43.23922332376242], [76.83636892586946, 43.23921997100115], [76.83636758476496, 43.239215947687626], [76.83636087924242, 43.23920790106058], [76.83635953813791, 43.23920387774706], [76.83635283261538, 43.23919717222452], [76.83635216206312, 43.239192478358746], [76.83635015040636, 43.239190466701984], [76.83635015040636, 43.23918778449297], [76.8363481387496, 43.23918376117945], [76.83634880930185, 43.23918040841818], [76.83639373630285, 43.23918040841818], [76.83639373630285, 43.239226676523685], [76.83639239519835, 43.23922801762819], [76.83639038354158, 43.23922801762819], [76.83638904243708, 43.239226676523685], [76.83638568967581, 43.23923069983721], [76.83638032525778, 43.23923137038946]]]}, "properties": {"id": 580, "class": "road", "confidence": 100.0, "source": "Almaty_4", "source_model": "unet-roads", "centroid_wkt": "POINT (76.83637602466217 43.23920093702947)", "bbox": [76.8363481387496, 43.23918040841818, 76.83639373630285, 43.23923137038946], "pixel_bbox": [10172, 2996, 10240, 3072], "area_m2": 14.903}}, {"type": "Feature", "geometry": {"type": "Polygon", "coordinates": [[[76.83585327118635, 43.239193148911], [76.83584857732058, 43.23919180780649], [76.83584589511156, 43.23918912559748], [76.8358452245593, 43.23918644338846], [76.83584656566381, 43.23918577283621], [76.83584656566381, 43.2391844317317], [76.83584589511156, 43.23918309062719], [76.83584254235029, 43.239181749522686], [76.83585125952959, 43.23918040841818], [76.83586534112692, 43.23918040841818], [76.83587271720171, 43.239181749522686], [76.83586936444044, 43.2391844317317], [76.8358700349927, 43.23918979614973], [76.83586869388819, 43.23918979614973], [76.83586601167917, 43.239192478358746], [76.83585327118635, 43.239193148911]]]}, "properties": {"id": 581, "class": "road", "confidence": 100.0, "source": "Almaty_4", "source_model": "unet-roads", "centroid_wkt": "POINT (76.83585819948799 43.23918598525765)", "bbox": [76.83584254235029, 43.23918040841818, 76.83587271720171, 43.239193148911], "pixel_bbox": [9418, 3053, 9463, 3072], "area_m2": 2.554}}, {"type": "Feature", "geometry": {"type": "Polygon", "coordinates": [[[76.83676857501268, 43.239201195538044], [76.83675918728113, 43.23919918388128], [76.83675583451986, 43.23919650167227], [76.83675181120634, 43.23919650167227], [76.83675047010183, 43.23919516056776], [76.83674845844507, 43.23919516056776], [76.83674711734056, 43.23919113725424], [76.83674577623606, 43.239190466701984], [76.83674577623606, 43.239187113940716], [76.83674711734056, 43.239185102283955], [76.8367451056838, 43.2391844317317], [76.83674443513155, 43.239181749522686], [76.8367524817586, 43.23918040841818], [76.83679606765509, 43.23918040841818], [76.83679942041636, 43.239181749522686], [76.83680411428213, 43.239181749522686], [76.83680210262537, 43.23918376117945], [76.8367987498641, 43.23918376117945], [76.8367974087596, 43.239185102283955], [76.83679807931185, 43.239187113940716], [76.83680076152086, 43.239187113940716], [76.83680344372988, 43.239190466701984], [76.83680210262537, 43.239190466701984], [76.83680210262537, 43.23919180780649], [76.83679942041636, 43.239193148911], [76.83679807931185, 43.239195831120014], [76.83679673820734, 43.239195831120014], [76.83679539710283, 43.239197842776775], [76.83678600937128, 43.23920052498579], [76.83676857501268, 43.239201195538044]]]}, "properties": {"id": 582, "class": "road", "confidence": 100.0, "source": "Almaty_4", "source_model": "unet-roads", "centroid_wkt": "POINT (76.83677415414962 43.23918943778067)", "bbox": [76.83674443513155, 43.23918040841818, 76.83680411428213, 43.239201195538044], "pixel_bbox": [10763, 3041, 10852, 3072], "area_m2": 8.993}}, {"type": "Feature", "geometry": {"type": "Polygon", "coordinates": [[[76.8353208526969, 43.23918040841818], [76.8353134766221, 43.23917906731367], [76.83531548827887, 43.23917839676142], [76.83531548827887, 43.23917705565691], [76.83531749993563, 43.23917705565691], [76.83531548827887, 43.23917504400015], [76.83531414717436, 43.23917504400015], [76.83531481772661, 43.239171020686626], [76.83531749993563, 43.23917035013437], [76.83531817048788, 43.23916766792536], [76.83532420545816, 43.23916096240282], [76.83533426374197, 43.23915760964155], [76.83533828705549, 43.23915760964155], [76.83534432202578, 43.23915962129831], [76.83534499257803, 43.23916096240282], [76.8353483453393, 43.23916230350733], [76.8353496864438, 43.23916498571634], [76.83535236865282, 43.23916632682085], [76.83535236865282, 43.23916766792536], [76.83535370975733, 43.23916766792536], [76.83535639196634, 43.239171020686626], [76.83535773307085, 43.239171020686626], [76.8353584036231, 43.23917370289564], [76.83535639196634, 43.239176385104656], [76.8353570625186, 43.23917906731367], [76.83535303920507, 43.23918040841818], [76.8353208526969, 43.23918040841818]]]}, "properties": {"id": 583, "class": "road", "confidence": 100.0, "source": "Almaty_4", "source_model": "unet-roads", "centroid_wkt": "POINT (76.83533634961506 43.2391704771906)", "bbox": [76.8353134766221, 43.23915760964155, 76.8353584036231, 43.23918040841818], "pixel_bbox": [8629, 3072, 8696, 3106], "area_m2": 6.788}}, {"type": "Feature", "geometry": {"type": "Polygon", "coordinates": [[[76.83764968067408, 43.23919851332903], [76.8376188352704, 43.23919851332903], [76.83761481195688, 43.23919717222452], [76.83760609477758, 43.23919717222452], [76.83760207146406, 43.23919650167227], [76.83760073035955, 43.23919516056776], [76.83759603649378, 43.23919516056776], [76.83759536594152, 43.239181749522686], [76.83759670704603, 43.23918107897043], [76.83759536594152, 43.23918040841818], [76.83759536594152, 43.23915895074606], [76.83759670704603, 43.23914688080549], [76.83759737759829, 43.239148892462254], [76.83759804815054, 43.239147551357746], [76.83759938925505, 43.239147551357746], [76.8376000598073, 43.23914956301451], [76.83760140091181, 43.23914956301451], [76.83760408312082, 43.239152915775776], [76.83760676532984, 43.23915358632803], [76.83761347085238, 43.23915962129831], [76.83761615306139, 43.23916029185057], [76.8376174941659, 43.23916230350733], [76.8376188352704, 43.23916230350733], [76.83762554079294, 43.23916766792536], [76.83763157576323, 43.23917035013437], [76.83764968067408, 43.23917169123888], [76.8376637622714, 43.23917035013437], [76.83766778558493, 43.239169009029865], [76.83767449110746, 43.239169009029865], [76.83767851442099, 43.239166997373104], [76.83768589049578, 43.23916766792536], [76.83768857270479, 43.23916967958212], [76.83768924325705, 43.239174373447895], [76.83768857270479, 43.23917705565691], [76.83768656104803, 43.23917839676142], [76.83768857270479, 43.23918040841818], [76.83766510337591, 43.23918107897043], [76.83766510337591, 43.23918242007494], [76.83766778558493, 43.2391844317317], [76.83766778558493, 43.23918845504522], [76.8376637622714, 43.239190466701984], [76.83765906840563, 43.23919516056776], [76.83765705674887, 43.23919516056776], [76.83765638619661, 43.23919650167227], [76.83764968067408, 43.23919851332903]]]}, "properties": {"id": 584, "class": "road", "confidence": 100.0, "source": "Almaty_4", "source_model": "unet-roads", "centroid_wkt": "POINT (76.83763211830917 43.23917910382656)", "bbox": [76.83759536594152, 43.23914688080549, 76.83768924325705, 43.23919851332903], "pixel_bbox": [12032, 3045, 12172, 3122], "area_m2": 23.081}}, {"type": "Feature", "geometry": {"type": "Polygon", "coordinates": [[[76.83340173214674, 43.239192478358746], [76.83339234441519, 43.23918979614973], [76.83339033275843, 43.23918778449297], [76.83338899165392, 43.23918778449297], [76.83338563889265, 43.23918107897043], [76.83338429778814, 43.23918040841818], [76.8333849683404, 43.23917839676142], [76.83338362723589, 43.23917370289564], [76.8333863094449, 43.2391656562686], [76.8333863094449, 43.239158280193806], [76.83338899165392, 43.23915559798479], [76.83338966220617, 43.23915023356676], [76.83339100331068, 43.23914822191], [76.83339100331068, 43.23914419859648], [76.83339234441519, 43.23914285749197], [76.8333936855197, 43.239138163626194], [76.83339569717646, 43.23913615196943], [76.83339703828096, 43.23913615196943], [76.83339904993773, 43.23913346976042], [76.83340508490801, 43.2391307875514], [76.83340843766928, 43.2391307875514], [76.83341447263956, 43.23913346976042], [76.83341648429632, 43.23913548141718], [76.83341648429632, 43.23913682252169], [76.83341782540083, 43.23913682252169], [76.8334211781621, 43.239140175282955], [76.8334211781621, 43.23914151638746], [76.83342386037111, 43.23914285749197], [76.83342654258013, 43.239147551357746], [76.83343056589365, 43.239150904119015], [76.83343660086393, 43.239163644611835], [76.83343660086393, 43.239171020686626], [76.83343458920717, 43.2391757145524], [76.83343056589365, 43.23917906731367], [76.8334312364459, 43.23918040841818], [76.83342855423689, 43.23918107897043], [76.83342520147562, 43.239185102283955], [76.8334225192666, 43.23918577283621], [76.83341916650534, 43.23918912559748], [76.83340977877378, 43.239192478358746], [76.83340173214674, 43.239192478358746]]]}, "properties": {"id": 585, "class": "road", "confidence": 100.0, "source": "Almaty_4", "source_model": "unet-roads", "centroid_wkt": "POINT (76.83340937285914 43.23916352272827)", "bbox": [76.83338362723589, 43.2391307875514, 76.83343660086393, 43.239192478358746], "pixel_bbox": [5751, 3054, 5830, 3146], "area_m2": 21.184}}, {"type": "Feature", "geometry": {"type": "Polygon", "coordinates": [[[76.8363930657506, 43.23916498571634], [76.83639105409384, 43.23916297405958], [76.83638971298933, 43.239163644611835], [76.83638770133257, 43.23916230350733], [76.8363843485713, 43.23916297405958], [76.83638032525778, 43.239161632955074], [76.836375631392, 43.239158280193806], [76.83636758476496, 43.23915559798479], [76.83636490255594, 43.239152915775776], [76.83636490255594, 43.23915157467127], [76.83636356145144, 43.239150904119015], [76.83636020869017, 43.23914486914873], [76.83635886758566, 43.23914084583521], [76.83635886758566, 43.2391307875514], [76.83636356145144, 43.23911938816309], [76.83637160807848, 43.239111341536045], [76.83637496083975, 43.23910530656576], [76.83637831360102, 43.23910195380449], [76.83638166636229, 43.23910128325224], [76.83638501912355, 43.239098601043224], [76.83638971298933, 43.23909793049097], [76.83638971298933, 43.23909658938646], [76.8363930657506, 43.23909725993872], [76.83639373630285, 43.23909591883421], [76.8363930657506, 43.23916498571634]]]}, "properties": {"id": 586, "class": "road", "confidence": 100.0, "source": "Almaty_4", "source_model": "unet-roads", "centroid_wkt": "POINT (76.83637938994954 43.23913165105944)", "bbox": [76.83635886758566, 43.23909591883421, 76.83639373630285, 43.23916498571634], "pixel_bbox": [10188, 3095, 10240, 3198], "area_m2": 15.587}}, {"type": "Feature", "geometry": {"type": "Polygon", "coordinates": [[[76.8336733058095, 43.23910664767027], [76.83365855365992, 43.239103965461254], [76.83365520089865, 43.239100612699986], [76.83365520089865, 43.23909658938646], [76.83365654200315, 43.23909390717745], [76.83365788310766, 43.23909390717745], [76.83365788310766, 43.23909256607294], [76.83365922421217, 43.23909256607294], [76.83366056531668, 43.23909055441618], [76.83366324752569, 43.23908921331167], [76.83367598801851, 43.23908921331167], [76.83367867022753, 43.23909122496843], [76.8336833640933, 43.23909256607294], [76.83368738740683, 43.23909793049097], [76.83368738740683, 43.23910195380449], [76.83368135243654, 43.23910664767027], [76.8336733058095, 43.23910664767027]]]}, "properties": {"id": 587, "class": "road", "confidence": 100.0, "source": "Almaty_4", "source_model": "unet-roads", "centroid_wkt": "POINT (76.833671635358 43.23909771458075)", "bbox": [76.83365520089865, 43.23908921331167, 76.83368738740683, 43.23910664767027], "pixel_bbox": [6156, 3182, 6204, 3208], "area_m2": 4.053}}, {"type": "Feature", "geometry": {"type": "Polygon", "coordinates": [[[76.82953264564276, 43.23918040841818], [76.82953331619501, 43.23917839676142], [76.8295319750905, 43.239177726209164], [76.82952929288149, 43.23917906731367], [76.82952728122473, 43.23917839676142], [76.82952728122473, 43.23904428631067], [76.82952862232924, 43.23904495686293], [76.82952929288149, 43.23904361575842], [76.82952996343374, 43.23904562741518], [76.82952996343374, 43.23904428631067], [76.82953264564276, 43.23904428631067], [76.82953264564276, 43.23904227465391], [76.82953398674726, 43.23904160410166], [76.82954270392656, 43.23904160410166], [76.82954739779234, 43.23904495686293], [76.82955209165812, 43.23904428631067], [76.82955343276262, 43.239046297967434], [76.82955611497164, 43.239046297967434], [76.8295581266284, 43.239048309624195], [76.8295594677329, 43.23905501514673], [76.82956214994192, 43.239059038460255], [76.82956282049417, 43.23906574398279], [76.82956013828516, 43.23906842619181], [76.8295594677329, 43.23907110840082], [76.82956013828516, 43.23907446116209], [76.82955879718065, 43.23907647281885], [76.8295581266284, 43.23908653110266], [76.82956080883741, 43.23909122496843], [76.82956147938967, 43.23909658938646], [76.82956416159868, 43.23910128325224], [76.82956483215094, 43.23910865932703], [76.82956617325544, 43.239109329879284], [76.82956751435995, 43.239113353192806], [76.8295681849122, 43.239129446446896], [76.8295668438077, 43.23914084583521], [76.82956349104643, 43.239152915775776], [76.82956147938967, 43.23916967958212], [76.82955879718065, 43.239174373447895], [76.82955209165812, 43.239177726209164], [76.82954270392656, 43.23917839676142], [76.82954337447882, 43.239179737865925], [76.8295480683446, 43.23918040841818], [76.82953264564276, 43.23918040841818]]]}, "properties": {"id": 588, "class": "road", "confidence": 100.0, "source": "Almaty_4", "source_model": "unet-roads", "centroid_wkt": "POINT (76.82954542360524 43.23911232254897)", "bbox": [76.82952728122473, 43.23904160410166, 76.8295681849122, 43.23918040841818], "pixel_bbox": [0, 3072, 61, 3279], "area_m2": 43.234}}, {"type": "Feature", "geometry": {"type": "Polygon", "coordinates": [[[76.83950375765562, 43.23916632682085], [76.83950040489435, 43.23916498571634], [76.83949436992407, 43.23915760964155], [76.8394910171628, 43.239156268537045], [76.83948699384928, 43.23915157467127], [76.83948565274477, 43.23915157467127], [76.83948364108801, 43.23914956301451], [76.83948364108801, 43.2391395047307], [76.83948297053576, 43.23913346976042], [76.83948162943125, 43.2391307875514], [76.83948162943125, 43.23912475258112], [76.83947894722223, 43.239118717610836], [76.83947894722223, 43.23911603540182], [76.83947626501322, 43.239111341536045], [76.83947626501322, 43.23910731822252], [76.8394735828042, 43.239098601043224], [76.83947157114744, 43.23909658938646], [76.83946017175913, 43.23909122496843], [76.83945681899786, 43.239087872207165], [76.83945212513208, 43.23908653110266], [76.83945145457983, 43.23908518999815], [76.83945011347532, 43.23908518999815], [76.83945011347532, 43.23908384889364], [76.83944743126631, 43.23908317834139], [76.8394460901618, 43.239080496132374], [76.83944407850504, 43.239079155027866], [76.83944407850504, 43.23907781392336], [76.83944273740053, 43.23907781392336], [76.83944072574377, 43.23907312005758], [76.83943871408701, 43.23907312005758], [76.839436031878, 43.239075131714344], [76.83943200856447, 43.239075131714344], [76.83942597359419, 43.239080496132374], [76.83942463248968, 43.239080496132374], [76.83942396193743, 43.23907781392336], [76.83942396193743, 43.23907982558012], [76.83942127972841, 43.239082507789135], [76.8394199386239, 43.239082507789135], [76.8394185975194, 43.23908653110266], [76.83941591531038, 43.23908720165491], [76.83941591531038, 43.23909725993872], [76.83941457420588, 43.23909793049097], [76.83941457420588, 43.23909994214773], [76.83941591531038, 43.23910195380449], [76.83941591531038, 43.23910865932703], [76.83941792696714, 43.23911268264055], [76.83941792696714, 43.2391207292676], [76.83941658586264, 43.23912274092436], [76.83941591531038, 43.239127434790134], [76.83941323310137, 43.23913011699915], [76.83941256254911, 43.23913346976042], [76.83940853923559, 43.23913548141718], [76.83940250426531, 43.23913615196943], [76.83939848095179, 43.23913414031267], [76.83939445763826, 43.23913011699915], [76.839391104877, 43.239122070372105], [76.83938976377249, 43.23910664767027], [76.83938842266798, 43.23910463601351], [76.83938842266798, 43.23910128325224], [76.83938708156347, 43.23909658938646], [76.83938574045897, 43.23909591883421], [76.83938574045897, 43.23909390717745], [76.83937970548868, 43.23908854275942], [76.83937031775713, 43.239084519445896], [76.83936964720488, 43.23908317834139], [76.8393649533391, 43.23908183723688], [76.8393649533391, 43.239080496132374], [76.83935958892107, 43.23907781392336], [76.83935690671206, 43.23907446116209], [76.83935556560755, 43.23907446116209], [76.83935221284628, 43.23907110840082], [76.83935020118952, 43.2390670850873], [76.83934953063726, 43.23905702680349], [76.83935288339853, 43.23905099183321], [76.83935422450304, 43.239050321280956], [76.83935422450304, 43.23904898017645], [76.83935690671206, 43.23904696851969], [76.83935690671206, 43.23904562741518], [76.83936696499586, 43.239037580788136], [76.83936897665262, 43.239037580788136], [76.83937232941389, 43.23903489857912], [76.83937903493643, 43.23903355747461], [76.83939445763826, 43.23903355747461], [76.83939512819052, 43.23903489857912], [76.83939713984728, 43.23903489857912], [76.83939848095179, 43.23903623968363], [76.83941256254911, 43.239037580788136], [76.83941725641489, 43.2390395924449], [76.83942798525095, 43.23903825134039], [76.83944273740053, 43.23903825134039], [76.8394447490573, 43.23903691023588], [76.83944743126631, 43.23903691023588], [76.83945346623659, 43.23903288692236], [76.83945346623659, 43.2390308752656], [76.83945681899786, 43.23902819305658], [76.83945816010237, 43.239024840295315], [76.83946084231138, 43.23902349919081], [76.83946151286364, 43.239021487534046], [76.8394648656249, 43.23901880532503], [76.83946821838617, 43.23901142925024], [76.8394722416997, 43.23901008814573], [76.8394735828042, 43.23901075869799], [76.8394735828042, 43.239016123116016], [76.83947559446096, 43.23901813477278], [76.83947559446096, 43.23902349919081], [76.83947760611773, 43.23903154581785], [76.83947894722223, 43.239032216370106], [76.83948028832674, 43.239035569131374], [76.83948162943125, 43.239035569131374], [76.83948364108801, 43.23903825134039], [76.83948364108801, 43.239053674042225], [76.83948498219252, 43.239055685698986], [76.83948498219252, 43.23905434459448], [76.83948632329702, 43.23905434459448], [76.83948766440153, 43.23905233293772], [76.83948900550604, 43.23905233293772], [76.83948900550604, 43.23905099183321], [76.83949034661055, 43.23905099183321], [76.83949705213308, 43.23904495686293], [76.83949839323759, 43.23904495686293], [76.83950174599886, 43.239040933549404], [76.83950308710337, 43.239040933549404], [76.83950509876013, 43.23903892189264], [76.83950509876013, 43.239037580788136], [76.83950643986464, 43.239037580788136], [76.83951046317816, 43.23903355747461], [76.83951113373041, 43.23903154581785], [76.83951314538717, 43.2390308752656], [76.83951314538717, 43.23902953416109], [76.8395171687007, 43.23902551084757], [76.83952186256647, 43.23901545256376], [76.83952320367098, 43.23901478201151], [76.83952387422323, 43.23900941759348], [76.83956880122423, 43.239008747041225], [76.83957684785128, 43.23901008814573], [76.83957550674677, 43.239012099802494], [76.83957282453775, 43.23901277035475], [76.83957282453775, 43.23901679366827], [76.83957617729902, 43.23902014642954], [76.83957617729902, 43.239035569131374], [76.83957818895578, 43.23904495686293], [76.83957751840353, 43.23905635625124], [76.83957550674677, 43.23906373232603], [76.83957416564226, 43.239066414535046], [76.8395721539855, 43.23906775563955], [76.83957148343325, 43.23907043784857], [76.83956947177649, 43.239071778953075], [76.83956947177649, 43.23907312005758], [76.8395620957017, 43.23907982558012], [76.8395620957017, 43.23908116668463], [76.83955807238817, 43.23908518999815], [76.8395533785224, 43.239087872207165], [76.83954734355211, 43.2390945777297], [76.83954264968634, 43.23910530656576], [76.83954399079084, 43.239114694297314], [76.83954734355211, 43.23912005871534], [76.83954801410437, 43.23912341147661], [76.83955002576113, 43.23912542313337], [76.83955136686563, 43.2391307875514], [76.83955270797014, 43.23913145810366], [76.83955270797014, 43.239132799208164], [76.83955404907465, 43.239132799208164], [76.83955539017916, 43.23913548141718], [76.83955539017916, 43.23913749307394], [76.83955673128366, 43.23913883417845], [76.83955673128366, 43.239143528044224], [76.8395533785224, 43.23914621025324], [76.83955136686563, 43.23914621025324], [76.83954533189535, 43.23915157467127], [76.83954063802958, 43.23915224522352], [76.83953929692507, 43.23915425688028], [76.83952454477549, 43.23915895074606], [76.83952253311872, 43.23916096240282], [76.83951918035746, 43.23916096240282], [76.83951046317816, 43.23916632682085], [76.83950375765562, 43.23916632682085]]]}, "properties": {"id": 589, "class": "road", "confidence": 100.0, "source": "Almaty_4", "source_model": "unet-roads", "centroid_wkt": "POINT (76.83948078922977 43.2390765516368)", "bbox": [76.83934953063726, 43.239008747041225, 76.83957818895578, 43.23916632682085], "pixel_bbox": [14648, 3093, 14989, 3328], "area_m2": 168.989}}, {"type": "Feature", "geometry": {"type": "Polygon", "coordinates": [[[76.83358680456877, 43.23902819305658], [76.833584792912, 43.239026851952076], [76.83358144015074, 43.239026851952076], [76.83357808738947, 43.23902416974306], [76.83357674628496, 43.23902014642954], [76.83357808738947, 43.239013440907], [76.8335733935237, 43.239012099802494], [76.83357272297144, 43.23901008814573], [76.83358144015074, 43.239008747041225], [76.8335921689868, 43.239008747041225], [76.83359887450933, 43.23901008814573], [76.83359686285257, 43.239012099802494], [76.83359283953905, 43.23901277035475], [76.83359149843454, 43.239014111459255], [76.83359283953905, 43.239019475877285], [76.83359418064356, 43.23902014642954], [76.83359418064356, 43.23902349919081], [76.83359015733004, 43.23902819305658], [76.83358680456877, 43.23902819305658]]]}, "properties": {"id": 590, "class": "road", "confidence": 100.0, "source": "Almaty_4", "source_model": "unet-roads", "centroid_wkt": "POINT (76.83358580038148 43.23901701521637)", "bbox": [76.83357272297144, 43.239008747041225, 76.83359887450933, 43.23902819305658], "pixel_bbox": [6033, 3299, 6072, 3328], "area_m2": 2.763}}, {"type": "Feature", "geometry": {"type": "Polygon", "coordinates": [[[76.83948364108801, 43.239008747041225], [76.83946218341589, 43.239008747041225], [76.8394648656249, 43.23900740593672], [76.8394648656249, 43.2389946654439], [76.83946821838617, 43.2389859482646], [76.83946888893843, 43.23898125439882], [76.8394722416997, 43.238977901637554], [76.83947693556547, 43.238977901637554], [76.83948028832674, 43.23897521942854], [76.83948297053576, 43.23897588998079], [76.83948364108801, 43.23897186666727], [76.83948364108801, 43.239008747041225]]]}, "properties": {"id": 591, "class": "road", "confidence": 100.0, "source": "Almaty_4", "source_model": "unet-roads", "centroid_wkt": "POINT (76.83947541482398 43.23899354531368)", "bbox": [76.83946218341589, 43.23897186666727, 76.83948364108801, 43.239008747041225], "pixel_bbox": [14816, 3328, 14848, 3383], "area_m2": 4.903}}, {"type": "Feature", "geometry": {"type": "Polygon", "coordinates": [[[76.83914165943861, 43.23904428631067], [76.83914165943861, 43.2390395924449], [76.8391403183341, 43.23903825134039], [76.8391403183341, 43.23903355747461], [76.83914165943861, 43.23903154581785], [76.83914165943861, 43.23902551084757], [76.8391403183341, 43.23902349919081], [76.83914098888636, 43.23898661881685], [76.83914434164762, 43.238983266055584], [76.83914568275213, 43.23897924274206], [76.8391490355134, 43.238977901637554], [76.83915305882692, 43.23897387832403], [76.83916110545397, 43.23897119611502], [76.83916378766298, 43.238972537219524], [76.83916378766298, 43.23897387832403], [76.83916579931974, 43.23897521942854], [76.839166469872, 43.23898125439882], [76.83916378766298, 43.23898460716009], [76.83916244655848, 43.23899131268263], [76.83915976434946, 43.2389946654439], [76.83915842324495, 43.23900002986193], [76.83915708214045, 43.23900002986193], [76.83915507048368, 43.2390047237277], [76.83915305882692, 43.23900606483221], [76.83915305882692, 43.23900807648897], [76.83915507048368, 43.23900807648897], [76.83915507048368, 43.23900941759348], [76.83915305882692, 43.23900941759348], [76.83915305882692, 43.23901478201151], [76.83915104717016, 43.23901679366827], [76.8391490355134, 43.239021487534046], [76.8391476944089, 43.239021487534046], [76.83914702385664, 43.23902551084757], [76.83914501219988, 43.23902752250433], [76.83914501219988, 43.239032216370106], [76.83914635330439, 43.239032216370106], [76.83914635330439, 43.239040933549404], [76.83914501219988, 43.239040933549404], [76.83914434164762, 43.23904227465391], [76.83914300054312, 43.23904227465391], [76.83914300054312, 43.23904428631067], [76.83914165943861, 43.23904428631067]], [[76.83914232999086, 43.23904160410166], [76.83914300054312, 43.23904227465391], [76.83914300054312, 43.23904160410166], [76.83914232999086, 43.23904160410166]]]}, "properties": {"id": 592, "class": "road", "confidence": 100.0, "source": "Almaty_4", "source_model": "unet-roads", "centroid_wkt": "POINT (76.83915064468289 43.2389987264558)", "bbox": [76.8391403183341, 43.23897119611502, 76.839166469872, 43.23904428631067], "pixel_bbox": [14336, 3275, 14375, 3384], "area_m2": 8.143}}, {"type": "Feature", "geometry": {"type": "Polygon", "coordinates": [[[76.83840740472078, 43.239008747041225], [76.83840539306402, 43.23900740593672], [76.83840606361628, 43.23900606483221], [76.83840405195951, 43.2390047237277], [76.83840338140726, 43.23899935930967], [76.83840472251177, 43.238992653787136], [76.8384100869298, 43.238985277712345], [76.8384114280343, 43.238985277712345], [76.83841276913881, 43.238983266055584], [76.83841545134783, 43.23898259550333], [76.83841746300459, 43.23898058384657], [76.83843154460192, 43.238979913294315], [76.83844294399023, 43.23896985501051], [76.83844562619925, 43.238969184458256], [76.83844964951277, 43.23897186666727], [76.83844964951277, 43.23897052556276], [76.83845233172178, 43.23896985501051], [76.83845367282629, 43.238967172801495], [76.83845300227404, 43.239008747041225], [76.83840740472078, 43.239008747041225]]]}, "properties": {"id": 593, "class": "road", "confidence": 100.0, "source": "Almaty_4", "source_model": "unet-roads", "centroid_wkt": "POINT (76.83843197367644 43.23899247335762)", "bbox": [76.83840338140726, 43.238967172801495, 76.83845367282629, 43.239008747041225], "pixel_bbox": [13237, 3328, 13312, 3390], "area_m2": 13.444}}, {"type": "Feature", "geometry": {"type": "Polygon", "coordinates": [[[76.83313351124525, 43.239064402878284], [76.83313217014074, 43.23905099183321], [76.83313217014074, 43.23902416974306], [76.83313082903624, 43.239021487534046], [76.83311808854342, 43.239022828638554], [76.83311272412539, 43.239024840295315], [76.83310601860285, 43.239024840295315], [76.83310333639383, 43.239026851952076], [76.83309864252806, 43.23902752250433], [76.8330966308713, 43.23902886360884], [76.83309260755777, 43.23902886360884], [76.83308858424425, 43.2390308752656], [76.8330805376172, 43.23903154581785], [76.83307249099016, 43.23903422802687], [76.83304633945227, 43.23903489857912], [76.83302689343691, 43.239032216370106], [76.83301616460085, 43.23902953416109], [76.83297391980886, 43.23902886360884], [76.83296922594309, 43.23902752250433], [76.83296855539083, 43.23902618139982], [76.83296520262957, 43.239024840295315], [76.83296117931604, 43.23902014642954], [76.83296117931604, 43.239016123116016], [76.8329631909728, 43.239014111459255], [76.8329631909728, 43.23901008814573], [76.83296721428633, 43.239008747041225], [76.83313217014074, 43.239008747041225], [76.833132840693, 43.23895912617445], [76.8331341817975, 43.23895778506994], [76.8331341817975, 43.23895912617445], [76.83313686400652, 43.238959796726704], [76.83314692229033, 43.238959796726704], [76.83315429836512, 43.238963820040226], [76.83316100388765, 43.23896985501051], [76.83316100388765, 43.23897119611502], [76.83316636830568, 43.23897588998079], [76.83316636830568, 43.2389772310853], [76.8331703916192, 43.23898192495108], [76.83317173272371, 43.23898661881685], [76.83317307382822, 43.238987289369106], [76.83317307382822, 43.23899399489164], [76.83316569775343, 43.239008747041225], [76.83320324867964, 43.239008747041225], [76.83321330696344, 43.23901075869799], [76.83321196585894, 43.239012099802494], [76.83320928364992, 43.239012099802494], [76.83320727199316, 43.239013440907], [76.83321062475443, 43.23901813477278], [76.8332066014409, 43.239021487534046], [76.83320056647062, 43.23902349919081], [76.83319587260485, 43.23902349919081], [76.83318916708231, 43.23902618139982], [76.83317642658949, 43.23902618139982], [76.83317441493273, 43.23902752250433], [76.83317173272371, 43.23902752250433], [76.8331690505147, 43.23902953416109], [76.83316502720118, 43.239030204713345], [76.83316368609667, 43.23903154581785], [76.8331616744399, 43.23903154581785], [76.83315899223089, 43.23903422802687], [76.83315631002188, 43.23903489857912], [76.83314759284258, 43.23905233293772], [76.83314356952906, 43.23905635625124], [76.83314222842455, 43.23905635625124], [76.83314222842455, 43.23905769735575], [76.83314088732004, 43.23905769735575], [76.83314088732004, 43.239059038460255], [76.83313954621553, 43.239059038460255], [76.83313820511103, 43.23906172066927], [76.83313552290201, 43.23906239122152], [76.83313552290201, 43.23906373232603], [76.83313351124525, 43.239064402878284]]]}, "properties": {"id": 594, "class": "road", "confidence": 100.0, "source": "Almaty_4", "source_model": "unet-roads", "centroid_wkt": "POINT (76.83310166472461 43.239013278387475)", "bbox": [76.83296117931604, 43.23895778506994, 76.83321330696344, 43.239064402878284], "pixel_bbox": [5121, 3245, 5497, 3404], "area_m2": 65.159}}, {"type": "Feature", "geometry": {"type": "Polygon", "coordinates": [[[76.83426607400179, 43.23898661881685], [76.83425936847925, 43.23898460716009], [76.83425132185221, 43.23897924274206], [76.83424931019545, 43.23897521942854], [76.83424931019545, 43.23896985501051], [76.83425065129995, 43.23896650224924], [76.83425400406122, 43.23896314948797], [76.83426205068827, 43.23895912617445], [76.83426272124052, 43.23895778506994], [76.83427412062883, 43.23895376175642], [76.83428283780813, 43.23895376175642], [76.83428552001715, 43.238956443965435], [76.83428753167391, 43.238956443965435], [76.83429088443518, 43.238959796726704], [76.83429088443518, 43.23896247893572], [76.83429289609194, 43.23896583169699], [76.83429289609194, 43.23897320777178], [76.83429021388292, 43.238979913294315], [76.83428820222616, 43.23898125439882], [76.83428753167391, 43.238983266055584], [76.83428283780813, 43.2389859482646], [76.83426607400179, 43.23898661881685]]]}, "properties": {"id": 595, "class": "road", "confidence": 100.0, "source": "Almaty_4", "source_model": "unet-roads", "centroid_wkt": "POINT (76.8342725831818 43.238970484543636)", "bbox": [76.83424931019545, 43.23895376175642, 76.83429289609194, 43.23898661881685], "pixel_bbox": [7042, 3361, 7107, 3410], "area_m2": 10.154}}, {"type": "Feature", "geometry": {"type": "Polygon", "coordinates": [[[76.83940518647432, 43.23894705623388], [76.83940183371305, 43.23894504457712], [76.83939848095179, 43.23894504457712], [76.83939646929502, 43.23894303292036], [76.83939646929502, 43.2389410212636], [76.83939445763826, 43.23893968015909], [76.83939579874277, 43.23893565684557], [76.8393998220563, 43.23893163353205], [76.8394098803401, 43.23893163353205], [76.83941055089235, 43.23893364518881], [76.83941256254911, 43.23893431574106], [76.83941323310137, 43.23893766850233], [76.83941457420588, 43.23893900960684], [76.83941457420588, 43.23894236236811], [76.83941256254911, 43.23894638568163], [76.83940518647432, 43.23894705623388]]]}, "properties": {"id": 596, "class": "road", "confidence": 100.0, "source": "Almaty_4", "source_model": "unet-roads", "centroid_wkt": "POINT (76.83940537911104 43.23893885373285)", "bbox": [76.83939445763826, 43.23893163353205, 76.83941457420588, 43.23894705623388], "pixel_bbox": [14715, 3420, 14745, 3443], "area_m2": 2.159}}, {"type": "Feature", "geometry": {"type": "Polygon", "coordinates": [[[76.8296580389142, 43.23894839733839], [76.82965200394392, 43.23894638568163], [76.82964731007814, 43.2389410212636], [76.82964663952589, 43.23893431574106], [76.82964328676462, 43.23892895132303], [76.82964395731688, 43.23892090469599], [76.82964529842138, 43.238920234143734], [76.82964462786913, 43.23891554027796], [76.82964731007814, 43.23891419917345], [76.8296479806304, 43.23891218751669], [76.82965267449617, 43.23890883475542], [76.82965267449617, 43.23890749365091], [76.82966742664576, 43.238906152546406], [76.82967077940702, 43.23890749365091], [76.82967144995928, 43.23890883475542], [76.8296741321683, 43.23890883475542], [76.8296741321683, 43.23891017585993], [76.82967681437731, 43.23891285806894], [76.82967748492956, 43.23892895132303], [76.82967480272055, 43.23893431574106], [76.82967480272055, 43.23893766850233], [76.82967212051153, 43.238940350711346], [76.82967212051153, 43.23894169181585], [76.82966876775026, 43.23894504457712], [76.82966273277998, 43.23894839733839], [76.8296580389142, 43.23894839733839]]]}, "properties": {"id": 597, "class": "road", "confidence": 100.0, "source": "Almaty_4", "source_model": "unet-roads", "centroid_wkt": "POINT (76.82966115729998 43.23892616304918)", "bbox": [76.82964328676462, 43.238906152546406, 76.82967748492956, 43.23894839733839], "pixel_bbox": [173, 3418, 224, 3481], "area_m2": 10.273}}, {"type": "Feature", "geometry": {"type": "Polygon", "coordinates": [[[76.83844160288572, 43.23894437402487], [76.83843690901995, 43.23894236236811], [76.83843422681093, 43.23893900960684], [76.83843020349741, 43.23893766850233], [76.83842148631811, 43.23892895132303], [76.83842081576586, 43.23891822248697], [76.83842282742262, 43.23891419917345], [76.83842550963163, 43.23891218751669], [76.83842416852713, 43.238909505307674], [76.83842550963163, 43.23890682309866], [76.83842819184065, 43.23890682309866], [76.8384288623929, 43.23890548199415], [76.83843020349741, 43.23890548199415], [76.83843221515417, 43.23890212923288], [76.83843355625868, 43.23890212923288], [76.83843556791544, 43.23889944702387], [76.83843825012445, 43.23889810591936], [76.838447637856, 43.23889810591936], [76.83845099061728, 43.238900788128376], [76.83845367282629, 43.23890011757612], [76.83845367282629, 43.23894437402487], [76.83845166116953, 43.23894236236811], [76.83844964951277, 43.238943703472614], [76.83844160288572, 43.23894437402487]]]}, "properties": {"id": 598, "class": "road", "confidence": 100.0, "source": "Almaty_4", "source_model": "unet-roads", "centroid_wkt": "POINT (76.8384398791336 43.23892070748688)", "bbox": [76.83842081576586, 43.23889810591936, 76.83845367282629, 43.23894437402487], "pixel_bbox": [13263, 3424, 13312, 3493], "area_m2": 10.979}}, {"type": "Feature", "geometry": {"type": "Polygon", "coordinates": [[[76.83429356664419, 43.2389048114419], [76.83429289609194, 43.23890347033739], [76.83429155498743, 43.23890347033739], [76.83429021388292, 43.238898776471615], [76.83428887277842, 43.23889743536711], [76.83428887277842, 43.238890059292316], [76.83429021388292, 43.23888938874006], [76.83429088443518, 43.23888670653105], [76.83429691940546, 43.23888469487429], [76.83430161327124, 43.23888670653105], [76.8343049660325, 43.238890059292316], [76.83430630713701, 43.23889274150133], [76.83430630713701, 43.238896764814854], [76.83430429548025, 43.23889944702387], [76.83430429548025, 43.23890145868063], [76.83430228382349, 43.23890212923288], [76.83430094271898, 43.238904140889645], [76.83429356664419, 43.2389048114419]]]}, "properties": {"id": 599, "class": "road", "confidence": 100.0, "source": "Almaty_4", "source_model": "unet-roads", "centroid_wkt": "POINT (76.8342975818349 43.23889450471204)", "bbox": [76.83428887277842, 43.23888469487429, 76.83430630713701, 43.2389048114419], "pixel_bbox": [7101, 3483, 7127, 3513], "area_m2": 2.428}}, {"type": "Feature", "geometry": {"type": "Polygon", "coordinates": [[[76.83846775442362, 43.2388598844409], [76.8384550139308, 43.2388598844409], [76.83845367282629, 43.238857202231884], [76.83845367282629, 43.23883708566427], [76.83848049491644, 43.23883708566427], [76.8384825065732, 43.23883842676878], [76.83848183602095, 43.238841108977795], [76.83847982436419, 43.238843120634556], [76.83848116546869, 43.23884513229132], [76.83848116546869, 43.23884982615709], [76.83847781270742, 43.23885452002287], [76.83847445994616, 43.23885586112738], [76.83847445994616, 43.238857202231884], [76.83846775442362, 43.2388598844409]]]}, "properties": {"id": 600, "class": "road", "confidence": 100.0, "source": "Almaty_4", "source_model": "unet-roads", "centroid_wkt": "POINT (76.83846696215915 43.23884734004969)", "bbox": [76.83845367282629, 43.23883708566427, 76.8384825065732, 43.2388598844409], "pixel_bbox": [13312, 3550, 13355, 3584], "area_m2": 5.194}}, {"type": "Feature", "geometry": {"type": "Polygon", "coordinates": [[[76.83742571622133, 43.23883708566427], [76.83742437511683, 43.238835744559765], [76.83742504566908, 43.23882233351469], [76.83742571622133, 43.23882434517145], [76.83742705732584, 43.2388236746192], [76.83743108063936, 43.23882635682821], [76.83743309229612, 43.23882635682821], [76.83743979781866, 43.23883105069399], [76.83743979781866, 43.23883306235075], [76.8374377861619, 43.23883440345526], [76.8374277278781, 43.23883507400751], [76.8374277278781, 43.23883641511202], [76.83744180947542, 43.23883641511202], [76.83742571622133, 43.23883708566427]]]}, "properties": {"id": 601, "class": "road", "confidence": 100.0, "source": "Almaty_4", "source_model": "unet-roads", "centroid_wkt": "POINT (76.83743103088378 43.23883051371636)", "bbox": [76.83742437511683, 43.23882233351469, 76.83744180947542, 43.23883708566427], "pixel_bbox": [11777, 3584, 11803, 3606], "area_m2": 1.185}}, {"type": "Feature", "geometry": {"type": "Polygon", "coordinates": [[[76.83501776307821, 43.23883306235075], [76.8350164219737, 43.238830380141735], [76.8350164219737, 43.23882635682821], [76.83501709252596, 43.23882434517145], [76.83501843363047, 43.238825015723705], [76.83501843363047, 43.2388236746192], [76.83501709252596, 43.2388236746192], [76.8350164219737, 43.23882099241018], [76.83500971645117, 43.23882099241018], [76.83500971645117, 43.23882568627596], [76.83501373976469, 43.23882702738047], [76.83501239866018, 43.238830380141735], [76.83500703424215, 43.238830380141735], [76.83500703424215, 43.23882903903723], [76.83500368148088, 43.23882903903723], [76.83500368148088, 43.23882702738047], [76.83500166982412, 43.238825015723705], [76.83500032871962, 43.23882099241018], [76.83500301092863, 43.23882032185793], [76.83500301092863, 43.23881898075342], [76.8350063636899, 43.23881898075342], [76.83500502258539, 43.23881831020117], [76.83500502258539, 43.2388149574399], [76.8350063636899, 43.23881361633539], [76.83501306921244, 43.2388149574399], [76.83501441031694, 43.23881629854441], [76.83501441031694, 43.23881831020117], [76.83501709252596, 43.23881831020117], [76.83501843363047, 43.23881361633539], [76.83501910418272, 43.2388149574399], [76.83502044528723, 43.2388149574399], [76.83502044528723, 43.23882702738047], [76.83501776307821, 43.23883306235075]]]}, "properties": {"id": 602, "class": "road", "confidence": 100.0, "source": "Almaty_4", "source_model": "unet-roads", "centroid_wkt": "POINT (76.83501133050015 43.238821949054994)", "bbox": [76.83500032871962, 43.23881361633539, 76.83502044528723, 43.23883306235075], "pixel_bbox": [8162, 3590, 8192, 3619], "area_m2": 1.862}}, {"type": "Feature", "geometry": {"type": "Polygon", "coordinates": [[[76.83425400406122, 43.23884915560484], [76.83424796909094, 43.238848485052586], [76.83424662798643, 43.23884580284357], [76.83424528688192, 43.23884580284357], [76.83424461632967, 43.2388424500823], [76.83424662798643, 43.238841108977795], [76.83424662798643, 43.23883976787329], [76.83424327522516, 43.23883909732103], [76.83424461632967, 43.238837756216526], [76.83424260467291, 43.238837756216526], [76.83424193412066, 43.23883641511202], [76.83424394577742, 43.23883641511202], [76.83424394577742, 43.23883507400751], [76.83424059301615, 43.23883172124624], [76.83424193412066, 43.238817639648914], [76.83424461632967, 43.2388149574399], [76.83424528688192, 43.238812275230885], [76.83424863964319, 43.23880959302187], [76.83425601571798, 43.23880959302187], [76.8342674151063, 43.23881294578314], [76.83427143841982, 43.23881562799215], [76.8342761322856, 43.23881696909666], [76.83427881449461, 43.23882032185793], [76.83427814394236, 43.238830380141735], [76.83427680283785, 43.23883440345526], [76.83427546173334, 43.23883507400751], [76.83427546173334, 43.23883641511202], [76.83427680283785, 43.23883708566427], [76.83426674455404, 43.23883708566427], [76.83426607400179, 43.23883909732103], [76.83426138013601, 43.23883976787329], [76.83426138013601, 43.238841108977795], [76.83426473289728, 43.238843120634556], [76.83426473289728, 43.23884446173906], [76.83426272124052, 43.238846473395824], [76.83425400406122, 43.23884915560484]]]}, "properties": {"id": 603, "class": "road", "confidence": 100.0, "source": "Almaty_4", "source_model": "unet-roads", "centroid_wkt": "POINT (76.8342586122715 43.23882759218006)", "bbox": [76.83424059301615, 43.23880959302187, 76.83427881449461, 43.23884915560484], "pixel_bbox": [7029, 3566, 7086, 3625], "area_m2": 9.815}}, {"type": "Feature", "geometry": {"type": "Polygon", "coordinates": [[[76.83914165943861, 43.23893968015909], [76.83914098888636, 43.2389135286212], [76.83914165943861, 43.238906152546406], [76.83914300054312, 43.23890548199415], [76.83914300054312, 43.238898776471615], [76.83914165943861, 43.23889944702387], [76.83914165943861, 43.23889408260584], [76.8391403183341, 43.23889207094908], [76.8391403183341, 43.23883708566427], [76.83913562446833, 43.23883708566427], [76.83913763612509, 43.23883641511202], [76.83913763612509, 43.23883507400751], [76.83913562446833, 43.23883440345526], [76.83913562446833, 43.23883306235075], [76.83913294225931, 43.238830380141735], [76.8391316011548, 43.238825015723705], [76.83913227170706, 43.238804899156094], [76.83913093060255, 43.23880020529032], [76.8391316011548, 43.2387874647975], [76.83913428336382, 43.2387700304389], [76.83913428336382, 43.238759972155094], [76.83913629502058, 43.23874991387129], [76.83913629502058, 43.2387425377965], [76.83913964778185, 43.238727785646915], [76.8391403183341, 43.23871035128832], [76.83914165943861, 43.238711692392826], [76.83914300054312, 43.238704316318035], [76.83914300054312, 43.2386888936162], [76.8391403183341, 43.23868352919817], [76.8391403183341, 43.238668106496334], [76.83914300054312, 43.23866542428732], [76.83924492448568, 43.23866609483957], [76.83924626559019, 43.23866676539183], [76.83924626559019, 43.238668106496334], [76.83924492448568, 43.23866877704859], [76.83924492448568, 43.2386714592576], [76.83924693614244, 43.238675482571125], [76.83924827724695, 43.23867615312338], [76.8392489477992, 43.238678835332394], [76.83924961835146, 43.23869492858648], [76.83924827724695, 43.23869626969099], [76.83924693614244, 43.238704316318035], [76.83924425393343, 43.23870833963156], [76.83924291282892, 43.238717056810856], [76.83924023061991, 43.238722421228886], [76.83924023061991, 43.238736502826214], [76.83924157172441, 43.238738514482975], [76.83924224227667, 43.23874790221453], [76.83924425393343, 43.23875192552805], [76.83924492448568, 43.23876332491636], [76.83924492448568, 43.23878142982721], [76.83924358338118, 43.238783441483974], [76.83924358338118, 43.23879484087229], [76.83924492448568, 43.23880087584257], [76.83924693614244, 43.238803558051586], [76.83924693614244, 43.238806910812855], [76.83924827724695, 43.23880758136511], [76.83925230056047, 43.238817639648914], [76.83925230056047, 43.238823004066944], [76.83925364166498, 43.23882702738047], [76.83925364166498, 43.23883172124624], [76.83925230056047, 43.23883306235075], [76.83925297111273, 43.238835744559765], [76.83925095945597, 43.23883708566427], [76.8391926214099, 43.23883708566427], [76.83919195085764, 43.23886390775442], [76.83918926864862, 43.238877318799496], [76.83918792754412, 43.23887933045626], [76.83918792754412, 43.238882683217525], [76.83918658643961, 43.23888402432203], [76.83918658643961, 43.23888670653105], [76.8391852453351, 43.238888047635555], [76.83918457478285, 43.238893412053585], [76.83918323367834, 43.238895423710346], [76.83918323367834, 43.23890682309866], [76.83918055146933, 43.238911516964436], [76.83918055146933, 43.23891419917345], [76.83917384594679, 43.23892291635275], [76.83916982263327, 43.238924257457256], [76.83916915208101, 43.238927610218525], [76.83916579931974, 43.23893029242754], [76.83916579931974, 43.23893163353205], [76.83916043490171, 43.23893766850233], [76.83915305882692, 43.238938339054585], [76.83915104717016, 43.23893565684557], [76.83914836496115, 43.23893431574106], [76.83914836496115, 43.238932974636555], [76.83914702385664, 43.23893364518881], [76.83914568275213, 43.2389323040843], [76.83914367109537, 43.2389323040843], [76.83914367109537, 43.23893766850233], [76.83914232999086, 43.23893699795008], [76.83914165943861, 43.23893968015909]]]}, "properties": {"id": 604, "class": "road", "confidence": 100.0, "source": "Almaty_4", "source_model": "unet-roads", "centroid_wkt": "POINT (76.83918635364975 43.23877714690819)", "bbox": [76.83913093060255, 43.23866542428732, 76.83925364166498, 43.23893968015909], "pixel_bbox": [14322, 3431, 14505, 3840], "area_m2": 208.013}}, {"type": "Feature", "geometry": {"type": "Polygon", "coordinates": [[[76.83901358395815, 43.23869224637747], [76.83899883180857, 43.23869023472071], [76.83899078518152, 43.238686211407185], [76.83898005634546, 43.23868419975042], [76.83897871524096, 43.238682858645916], [76.83897066861391, 43.2386801764369], [76.83896865695715, 43.238677494227886], [76.83896865695715, 43.23866609483957], [76.83907929807901, 43.23866542428732], [76.83907996863127, 43.23866676539183], [76.83908130973577, 43.23866676539183], [76.83907594531775, 43.23866944760084], [76.83907527476549, 43.2386714592576], [76.83907192200422, 43.238672129809856], [76.83907192200422, 43.23867682367563], [76.83906923979521, 43.23867816478014], [76.83906588703394, 43.23867816478014], [76.83906253427267, 43.238680846989155], [76.83905649930239, 43.23868151754141], [76.83905180543661, 43.23868352919817], [76.83904711157084, 43.23868352919817], [76.8390417471528, 43.238686211407185], [76.83903906494379, 43.238686211407185], [76.83903504163027, 43.238688223063946], [76.8390216305852, 43.238691575825214], [76.83901358395815, 43.23869224637747]]]}, "properties": {"id": 605, "class": "road", "confidence": 100.0, "source": "Almaty_4", "source_model": "unet-roads", "centroid_wkt": "POINT (76.83902002180979 43.238675918405306)", "bbox": [76.83896865695715, 43.23866542428732, 76.83908130973577, 43.23869224637747], "pixel_bbox": [14080, 3800, 14248, 3840], "area_m2": 19.21}}, {"type": "Feature", "geometry": {"type": "Polygon", "coordinates": [[[76.83553408831358, 43.23869425803423], [76.83553408831358, 43.23869291692972], [76.83553207665682, 43.23869224637747], [76.83553140610456, 43.23868956416845], [76.83553006500006, 43.2386888936162], [76.83552872389555, 43.23869023472071], [76.83552604168653, 43.238686211407185], [76.83552335947752, 43.238686211407185], [76.83552201837301, 43.23868487030268], [76.83551866561174, 43.23868487030268], [76.83551531285048, 43.238682858645916], [76.83551330119371, 43.238682858645916], [76.83551330119371, 43.23868151754141], [76.8355119600892, 43.23868151754141], [76.83550994843245, 43.23867682367563], [76.83550860732794, 43.23867615312338], [76.83550659567118, 43.238670118153095], [76.83550458401442, 43.238668106496334], [76.83550458401442, 43.23866609483957], [76.83553408831358, 43.23866542428732], [76.83553542941809, 43.238668106496334], [76.83553542941809, 43.23869425803423], [76.83553408831358, 43.23869425803423]]]}, "properties": {"id": 606, "class": "road", "confidence": 100.0, "source": "Almaty_4", "source_model": "unet-roads", "centroid_wkt": "POINT (76.83552343851754 43.23867564503475)", "bbox": [76.83550458401442, 43.23866542428732, 76.83553542941809, 43.23869425803423], "pixel_bbox": [8914, 3797, 8960, 3840], "area_m2": 5.017}}, {"type": "Feature", "geometry": {"type": "Polygon", "coordinates": [[[76.83919999748468, 43.23860976845026], [76.83919798582792, 43.23860842734575], [76.83919798582792, 43.23860440403223], [76.83919932693243, 43.23860373347998], [76.83919932693243, 43.23860239237547], [76.83919664472342, 43.23860038071871], [76.83919664472342, 43.23859836906195], [76.83919865638018, 43.238596357405186], [76.83919999748468, 43.238596357405186], [76.83919999748468, 43.23859367519617], [76.83920536190271, 43.238586969673634], [76.83920603245497, 43.23858428746462], [76.83921072632074, 43.238580264151096], [76.83921206742525, 43.238580264151096], [76.83921206742525, 43.238578252494335], [76.83921743184328, 43.23857422918081], [76.83922950178385, 43.23857355862856], [76.83923218399286, 43.23857489973307], [76.83923486620188, 43.238585628569126], [76.83923084288836, 43.238594345748425], [76.83922950178385, 43.238594345748425], [76.83922413736582, 43.23860038071871], [76.83921676129103, 43.238601721823215], [76.83921542018652, 43.23860373347998], [76.83921206742525, 43.23860440403223], [76.839211396873, 43.23860574513674], [76.83921005576849, 43.23860574513674], [76.83920871466398, 43.23860842734575], [76.83919999748468, 43.23860976845026]]]}, "properties": {"id": 607, "class": "road", "confidence": 100.0, "source": "Almaty_4", "source_model": "unet-roads", "centroid_wkt": "POINT (76.8392165236516 43.23859045415922)", "bbox": [76.83919664472342, 43.23857355862856, 76.83923486620188, 43.23860976845026], "pixel_bbox": [14420, 3923, 14477, 3977], "area_m2": 7.45}}, {"type": "Feature", "geometry": {"type": "Polygon", "coordinates": [[[76.83757055550814, 43.23866542428732], [76.83756854385138, 43.238659389317036], [76.83756653219461, 43.23864597827196], [76.8375651910901, 43.238644637167454], [76.8375651910901, 43.23864262551069], [76.8375638499856, 43.23864195495844], [76.83756049722433, 43.2386265322566], [76.83756049722433, 43.23862116783857], [76.83756250888109, 43.2386164739728], [76.83756250888109, 43.23860842734575], [76.83756452053785, 43.238601721823215], [76.83756854385138, 43.238594345748425], [76.83756854385138, 43.23858965188265], [76.83757122606039, 43.23858294636011], [76.83757122606039, 43.23857758194208], [76.83757323771715, 43.2385715469718], [76.83757323771715, 43.238567523658276], [76.83757457882166, 43.23856618255377], [76.83757524937391, 43.238562159240246], [76.83757860213518, 43.23855947703123], [76.83757994323969, 43.238551430404186], [76.8375812843442, 43.238549418747425], [76.83758396655321, 43.23854807764292], [76.83758597820997, 43.238549418747425], [76.83758597820997, 43.23854807764292], [76.83758866041899, 43.23854673653841], [76.83759067207575, 43.238547407090664], [76.83759067207575, 43.238544054329395], [76.83759201318026, 43.23854137212038], [76.83759335428476, 43.238542042672634], [76.83759335428476, 43.23854070156813], [76.83759536594152, 43.23854070156813], [76.83759536594152, 43.23866542428732], [76.83757055550814, 43.23866542428732]]]}, "properties": {"id": 608, "class": "road", "confidence": 100.0, "source": "Almaty_4", "source_model": "unet-roads", "centroid_wkt": "POINT (76.8375816199789 43.23861072546557)", "bbox": [76.83756049722433, 43.23854070156813, 76.83759536594152, 43.23866542428732], "pixel_bbox": [11980, 3840, 12032, 4026], "area_m2": 29.086}}, {"type": "Feature", "geometry": {"type": "Polygon", "coordinates": [[[76.83945547789335, 43.23866542428732], [76.83945413678885, 43.23864798992872], [76.8394548073411, 43.23864195495844], [76.83945346623659, 43.23863256722689], [76.83945212513208, 43.23863122612238], [76.83945145457983, 43.2386265322566], [76.83944743126631, 43.23862116783857], [76.83944676071405, 43.23861848562956], [76.83944541960955, 43.238617815077305], [76.83944407850504, 43.238612450659275], [76.83944273740053, 43.23861110955477], [76.83944273740053, 43.23860842734575], [76.83944072574377, 43.23860440403223], [76.83944005519152, 43.23859702795744], [76.83943804353476, 43.23859300464392], [76.839436031878, 43.23858428746462], [76.83942932635546, 43.2385715469718], [76.83942396193743, 43.238565512001514], [76.8394185975194, 43.238554783165455], [76.83941524475813, 43.23854137212038], [76.83941591531038, 43.238533325493336], [76.83941725641489, 43.23853198438883], [76.83941725641489, 43.23852997273207], [76.8394185975194, 43.23852930217981], [76.8394185975194, 43.23852729052305], [76.83942530304193, 43.23851924389601], [76.8394373729825, 43.23851253837347], [76.8394460901618, 43.238509856164455], [76.83944944292307, 43.238509856164455], [76.8394548073411, 43.23850717395544], [76.83945883065462, 43.23850650340319], [76.83946017175913, 43.23850516229868], [76.83946218341589, 43.23850516229868], [76.83947023004293, 43.2385004684329], [76.8394722416997, 43.2385004684329], [76.83947291225195, 43.238499127328396], [76.83947492390871, 43.238499127328396], [76.83947559446096, 43.23849778622389], [76.83947760611773, 43.23849778622389], [76.83947894722223, 43.23849644511938], [76.83948297053576, 43.23849644511938], [76.83948364108801, 43.238493762910366], [76.83951046317816, 43.238493762910366], [76.83951180428267, 43.23849510401487], [76.83951381593943, 43.23849510401487], [76.83951582759619, 43.238499127328396], [76.8395171687007, 43.238499127328396], [76.83951783925295, 43.23850113898516], [76.83952052146196, 43.23850315064192], [76.83952119201422, 43.23850583285093], [76.83952253311872, 43.23850583285093], [76.8395272269845, 43.23852326720953], [76.83952655643225, 43.238556794822216], [76.83952789753675, 43.23855813592672], [76.83952923864126, 43.23856484144926], [76.83953125029802, 43.238567523658276], [76.83953192085028, 43.23857557028532], [76.8395359441638, 43.23858764022589], [76.8395359441638, 43.238605074584484], [76.83953862637281, 43.23862250894308], [76.83953862637281, 43.23863122612238], [76.83953661471605, 43.238644637167454], [76.83953393250704, 43.238648660480976], [76.83953326195478, 43.238652013242245], [76.83953192085028, 43.238652013242245], [76.83953192085028, 43.23865335434675], [76.83952923864126, 43.23865536600351], [76.83952655643225, 43.23866005986929], [76.83952655643225, 43.238662742078304], [76.83952387422323, 43.23866542428732], [76.83945547789335, 43.23866542428732]]]}, "properties": {"id": 609, "class": "road", "confidence": 100.0, "source": "Almaty_4", "source_model": "unet-roads", "centroid_wkt": "POINT (76.8394840103353 43.238578732836935)", "bbox": [76.83941524475813, 43.238493762910366, 76.83953862637281, 43.23866542428732], "pixel_bbox": [14746, 3840, 14930, 4096], "area_m2": 141.493}}, {"type": "Feature", "geometry": {"type": "Polygon", "coordinates": [[[76.83198150247335, 43.23851119726896], [76.83197345584631, 43.23850516229868], [76.8319721147418, 43.238502480089664], [76.83197278529406, 43.23850113898516], [76.8319707736373, 43.23849979788065], [76.83196943253279, 43.23849510401487], [76.83197546750307, 43.238493762910366], [76.83199491351843, 43.238493762910366], [76.83200430124998, 43.23849510401487], [76.83200228959322, 43.23849644511938], [76.83200228959322, 43.23849778622389], [76.83199692517519, 43.23849845677614], [76.83199692517519, 43.23850583285093], [76.83199424296618, 43.2385091856122], [76.83198753744364, 43.23851119726896], [76.83198150247335, 43.23851119726896]]]}, "properties": {"id": 610, "class": "road", "confidence": 100.0, "source": "Almaty_4", "source_model": "unet-roads", "centroid_wkt": "POINT (76.8319857195345 43.23850090375504)", "bbox": [76.83196943253279, 43.238493762910366, 76.83200430124998, 43.23851119726896], "pixel_bbox": [3642, 4070, 3694, 4096], "area_m2": 3.717}}, {"type": "Feature", "geometry": {"type": "Polygon", "coordinates": [[[76.83362033218145, 43.23851589113474], [76.8336196616292, 43.23851455003023], [76.83361697942019, 43.23851387947798], [76.83361429721117, 43.23851119726896], [76.83361295610666, 43.238507844507694], [76.8336109444499, 43.23850650340319], [76.8336109444499, 43.238499127328396], [76.83361161500216, 43.23849778622389], [76.83361295610666, 43.23849778622389], [76.8336109444499, 43.23849510401487], [76.83361764997244, 43.238493762910366], [76.8336458131671, 43.238493762910366], [76.8336471542716, 43.23849510401487], [76.8336471542716, 43.238509856164455], [76.8336458131671, 43.23851119726896], [76.83364044874907, 43.23851186782122], [76.8336384370923, 43.23851387947798], [76.83363307267427, 43.23851589113474], [76.83362033218145, 43.23851589113474]]]}, "properties": {"id": 611, "class": "road", "confidence": 100.0, "source": "Almaty_4", "source_model": "unet-roads", "centroid_wkt": "POINT (76.83362960532585 43.23850362161242)", "bbox": [76.8336109444499, 43.238493762910366, 76.8336471542716, 43.23851589113474], "pixel_bbox": [6090, 4063, 6144, 4096], "area_m2": 6.413}}, {"type": "Feature", "geometry": {"type": "Polygon", "coordinates": [[[76.83530006557703, 43.238493762910366], [76.83530006557703, 43.238489739596844], [76.83529805392027, 43.23848772794008], [76.83530006557703, 43.23847766965628], [76.83529939502478, 43.23846895247698], [76.83530006557703, 43.23846224695444], [76.8353034183383, 43.23845822364092], [76.8353034183383, 43.238454200327396], [76.8353047594428, 43.238452188670635], [76.8353047594428, 43.23844078928232], [76.83530073612928, 43.238436095416546], [76.83529872447252, 43.23843140155077], [76.83529134839773, 43.23842402547598], [76.83529000729322, 43.23842067271471], [76.83528531342745, 43.238415978848934], [76.83528263121843, 43.23841128498316], [76.83528263121843, 43.23840323835611], [76.8352846428752, 43.238397873938084], [76.83529201894999, 43.23839049786329], [76.83530408889055, 43.23838647454977], [76.83533895760775, 43.238387145102024], [76.8353496864438, 43.23838848620653], [76.8353584036231, 43.238392509520054], [76.83536175638437, 43.238392509520054], [76.83536376804113, 43.23839049786329], [76.83536376804113, 43.238493762910366], [76.83530006557703, 43.238493762910366]]]}, "properties": {"id": 612, "class": "road", "confidence": 100.0, "source": "Almaty_4", "source_model": "unet-roads", "centroid_wkt": "POINT (76.8353294591235 43.23843809610493)", "bbox": [76.83528263121843, 43.23838647454977, 76.83536376804113, 43.238493762910366], "pixel_bbox": [8583, 4096, 8704, 4256], "area_m2": 64.908}}, {"type": "Feature", "geometry": {"type": "Polygon", "coordinates": [[[76.83946218341589, 43.238493762910366], [76.83946151286364, 43.23849242180586], [76.83945950120687, 43.23849242180586], [76.83946218341589, 43.238491751253605], [76.83946285396814, 43.238489739596844], [76.83946017175913, 43.238488398492336], [76.83945950120687, 43.23848571628332], [76.83945950120687, 43.23847498744726], [76.83946084231138, 43.23847230523825], [76.83945883065462, 43.238462917506695], [76.83945748955011, 43.23846224695444], [76.83945681899786, 43.23845889419317], [76.8394548073411, 43.238457553088665], [76.8394548073411, 43.23845621198416], [76.83945078402758, 43.23845084756613], [76.83944810181856, 43.23845084756613], [76.83944139629602, 43.23844615370035], [76.83943536132574, 43.23844615370035], [76.83943200856447, 43.238444812595844], [76.83940719813108, 43.23844414204359], [76.839391104877, 43.238446824252605], [76.83938909322023, 43.23844347149134], [76.83938909322023, 43.238439448177814], [76.83938574045897, 43.23843006044626], [76.83938574045897, 43.23842469602823], [76.83938305824995, 43.23841396719217], [76.83938506990671, 43.23839586228132], [76.83938506990671, 43.23836836963892], [76.83938909322023, 43.238354958593845], [76.83939848095179, 43.238347582519054], [76.83940317481756, 43.238347582519054], [76.83941457420588, 43.23835227638483], [76.83942127972841, 43.238352946937084], [76.83942530304193, 43.238354958593845], [76.83943066745996, 43.2383556291461], [76.83943334966898, 43.23835697025061], [76.83943469077349, 43.23835965245962], [76.839436031878, 43.23835965245962], [76.839436031878, 43.23836099356413], [76.8394373729825, 43.23836099356413], [76.8394373729825, 43.23836300522089], [76.83944005519152, 43.238367699086666], [76.83944072574377, 43.23837775737047], [76.83943938463926, 43.23838245123625], [76.83943804353476, 43.2383831217885], [76.83943804353476, 43.23838513344526], [76.83943469077349, 43.23838982731104], [76.83943469077349, 43.23840457946062], [76.83943804353476, 43.238412626087666], [76.83943938463926, 43.23841329663992], [76.83944005519152, 43.238415978848934], [76.83944273740053, 43.2384193316102], [76.83944273740053, 43.238421343266964], [76.83944676071405, 43.238426707684994], [76.83945212513208, 43.238428719341755], [76.83945346623659, 43.238430730998516], [76.8394722416997, 43.23843140155077], [76.83947894722223, 43.23843475431204], [76.83948028832674, 43.238434083759785], [76.8394822999835, 43.23844011873007], [76.83948364108801, 43.238439448177814], [76.83948364108801, 43.23845151811838], [76.83948028832674, 43.238455541431904], [76.83947760611773, 43.23846157640219], [76.83947626501322, 43.23846224695444], [76.83947626501322, 43.238473646342754], [76.83947827666998, 43.23847632855177], [76.839480958879, 43.23847766965628], [76.83948162943125, 43.2384816929698], [76.83948297053576, 43.23848236352205], [76.83948364108801, 43.23848504573107], [76.83948297053576, 43.238493762910366], [76.83946218341589, 43.238493762910366]]]}, "properties": {"id": 613, "class": "road", "confidence": 100.0, "source": "Almaty_4", "source_model": "unet-roads", "centroid_wkt": "POINT (76.83942624861714 43.23841398438582)", "bbox": [76.83938305824995, 43.238347582519054, 76.83948364108801, 43.238493762910366], "pixel_bbox": [14698, 4096, 14848, 4314], "area_m2": 60.132}}, {"type": "Feature", "geometry": {"type": "Polygon", "coordinates": [[[76.83948431164026, 43.23839049786329], [76.83948364108801, 43.23837574571371], [76.83948162943125, 43.23837507516146], [76.83947961777449, 43.23837708681822], [76.8394722416997, 43.23837708681822], [76.83946754783392, 43.23837574571371], [76.8394635245204, 43.23837172240019], [76.8394635245204, 43.23836501687765], [76.83946888893843, 43.238358311355114], [76.83947291225195, 43.23835629969835], [76.83948297053576, 43.23835629969835], [76.83948364108801, 43.23834624141455], [76.83948565274477, 43.23834624141455], [76.8394910171628, 43.23834892362356], [76.83949705213308, 43.2383556291461], [76.83949839323759, 43.23835898190737], [76.83949839323759, 43.23836971074343], [76.83949705213308, 43.23837507516146], [76.83949571102858, 43.23837574571371], [76.83949168771505, 43.238383792340755], [76.83948431164026, 43.23839049786329]]]}, "properties": {"id": 614, "class": "road", "confidence": 100.0, "source": "Almaty_4", "source_model": "unet-roads", "centroid_wkt": "POINT (76.8394835638128 43.238366344790286)", "bbox": [76.8394635245204, 43.23834624141455, 76.83949839323759, 43.23839049786329], "pixel_bbox": [14818, 4250, 14870, 4316], "area_m2": 7.614}}, {"type": "Feature", "geometry": {"type": "Polygon", "coordinates": [[[76.83485012501478, 43.238306008279324], [76.83484878391027, 43.23830399662256], [76.83484811335802, 43.23827985674143], [76.83484341949224, 43.23828052729368], [76.83483939617872, 43.238279186189175], [76.83481391519308, 43.238275833427906], [76.83478306978941, 43.23826510459185], [76.83477234095335, 43.23825974017382], [76.83476630598307, 43.23825437575579], [76.83476362377405, 43.23825370520353], [76.8347542360425, 43.23824431747198], [76.83475289493799, 43.23824431747198], [76.83474887162447, 43.23823895305395], [76.83474484831095, 43.238228894770145], [76.83474484831095, 43.23822017759085], [76.83474753051996, 43.238210789859295], [76.83474820107222, 43.23820207268], [76.83474753051996, 43.23818799108267], [76.83474618941545, 43.23818262666464], [76.83474753051996, 43.238171227276325], [76.83474685996771, 43.23816988617182], [76.83475155383348, 43.238160498440266], [76.834755577147, 43.238158486783504], [76.83476027101278, 43.238158486783504], [76.8347629532218, 43.23815647512674], [76.83476764708757, 43.238157145679], [76.83476764708757, 43.23815580457449], [76.83476898819208, 43.23815580457449], [76.83476697653532, 43.23815379291773], [76.83475289493799, 43.238153122365475], [76.83475222438574, 43.23815178126097], [76.83478441089392, 43.23815178126097], [76.83478105813265, 43.23815379291773], [76.8347716704011, 43.23815379291773], [76.83477032929659, 43.23815580457449], [76.8347716704011, 43.238157145679], [76.83477703481913, 43.238157145679], [76.83477904647589, 43.23815915733576], [76.83478709310293, 43.238158486783504], [76.83479245752096, 43.238160498440266], [76.83479648083448, 43.23815982788801], [76.83480452746153, 43.23816183954477], [76.83481056243181, 43.23816183954477], [76.83481324464083, 43.23816318064928], [76.83481458574533, 43.23816519230604], [76.8348179385066, 43.238165862858295], [76.83481927961111, 43.23816787451506], [76.83482933789492, 43.23816988617182], [76.83483134955168, 43.238171227276325], [76.83484073728323, 43.23817256838083], [76.83484811335802, 43.23817256838083], [76.83484811335802, 43.2381672039628], [76.83484945446253, 43.23816787451506], [76.83485012501478, 43.238160498440266], [76.83485079556704, 43.23816183954477], [76.83485347777605, 43.23816251009703], [76.83485347777605, 43.238163851201534], [76.83485951274633, 43.23816318064928], [76.83486085385084, 43.23816183954477], [76.83486487716436, 43.23816183954477], [76.83486621826887, 43.23816318064928], [76.83486822992563, 43.23816318064928], [76.8348715826869, 43.23816653341055], [76.83487359434366, 43.238171227276325], [76.83487493544817, 43.238171227276325], [76.83487493544817, 43.238173238933086], [76.83487627655268, 43.238173238933086], [76.83487761765718, 43.238176591694355], [76.83487895876169, 43.238176591694355], [76.83487895876169, 43.238178603351116], [76.8348816409707, 43.23818128556013], [76.83488298207521, 43.23818597942591], [76.83488566428423, 43.23819000273943], [76.83488566428423, 43.23819201439619], [76.83488700538874, 43.238192684948444], [76.83488700538874, 43.238194696605206], [76.83488834649324, 43.23819603770971], [76.83489236980677, 43.2382121309638], [76.83489371091127, 43.23821347206831], [76.83489438146353, 43.238221518695354], [76.83489572256804, 43.23822420090437], [76.83489572256804, 43.23823291808367], [76.83489236980677, 43.238241635262966], [76.83489169925451, 43.238246999680996], [76.83489169925451, 43.23825504630804], [76.83489371091127, 43.23825974017382], [76.83489236980677, 43.23826711624861], [76.83489371091127, 43.23827985674143], [76.83489236980677, 43.238281197845936], [76.83488834649324, 43.23829259723425], [76.8348802998662, 43.238299302756786], [76.83487627655268, 43.23829997330904], [76.83487359434366, 43.238302655518055], [76.83486420661211, 43.23830533772707], [76.83485481888056, 43.238304667174816], [76.83485012501478, 43.238306008279324]]]}, "properties": {"id": 615, "class": "road", "confidence": 100.0, "source": "Almaty_4", "source_model": "unet-roads", "centroid_wkt": "POINT (76.83482396056655 43.23822232781271)", "bbox": [76.83474484831095, 43.23815178126097, 76.83489572256804, 43.238306008279324], "pixel_bbox": [7781, 4376, 8006, 4606], "area_m2": 146.748}}, {"type": "Feature", "geometry": {"type": "Polygon", "coordinates": [[[76.83432038873434, 43.23829796165228], [76.83431301265955, 43.238297291100025], [76.83430831879377, 43.23829460889101], [76.83430161327124, 43.23829393833876], [76.83429356664419, 43.23829125612974], [76.83428417891264, 43.23829125612974], [76.83428015559912, 43.238289915025234], [76.8342774733901, 43.23828857392073], [76.8342761322856, 43.238286562263966], [76.83427479118109, 43.238286562263966], [76.83426942676306, 43.23827985674143], [76.83426942676306, 43.238275833427906], [76.83427210897207, 43.238273821771145], [76.83427277952433, 43.23827113956213], [76.8342761322856, 43.23826778680086], [76.83428954333067, 43.238261081278324], [76.83429356664419, 43.2382570579648], [76.83429691940546, 43.238255716860294], [76.83430295437574, 43.23824901133776], [76.83430563658476, 43.23824230581522], [76.83430563658476, 43.23823291808367], [76.83430295437574, 43.23822487145662], [76.83429826050997, 43.23821950703859], [76.83429557830095, 43.23821414262056], [76.83429021388292, 43.238208778202534], [76.83428954333067, 43.23820609599352], [76.83428552001715, 43.23820274323225], [76.8342848494649, 43.238200061023235], [76.83428216725588, 43.238198049366474], [76.83428015559912, 43.23819402605295], [76.83427881449461, 43.23818799108267], [76.83427881449461, 43.238176591694355], [76.8342761322856, 43.23816653341055], [76.8342774733901, 43.23815781623125], [76.83427680283785, 43.23815446346998], [76.83427479118109, 43.23815245181322], [76.83427814394236, 43.23815044015646], [76.83433379977942, 43.23815044015646], [76.83433379977942, 43.23829393833876], [76.83433245867491, 43.238295279443264], [76.83432910591364, 43.23829393833876], [76.83432642370462, 43.23829594999552], [76.83432038873434, 43.23829796165228]]]}, "properties": {"id": 616, "class": "road", "confidence": 100.0, "source": "Almaty_4", "source_model": "unet-roads", "centroid_wkt": "POINT (76.83430920092376 43.2382205811611)", "bbox": [76.83426942676306, 43.23815044015646, 76.83433379977942, 43.23829796165228], "pixel_bbox": [7072, 4388, 7168, 4608], "area_m2": 61.565}}, {"type": "Feature", "geometry": {"type": "Polygon", "coordinates": [[[76.83622140437365, 43.2381933555007], [76.83621805161238, 43.23819067329168], [76.83621134608984, 43.23819067329168], [76.83620665222406, 43.238189332187176], [76.83620531111956, 43.238187320530415], [76.83620397001505, 43.238187320530415], [76.8362032994628, 43.2381846383214], [76.83619994670153, 43.238181956112385], [76.83619726449251, 43.23817726224661], [76.83618117123842, 43.238169215619564], [76.83618050068617, 43.2381672039628], [76.83617915958166, 43.2381672039628], [76.83617781847715, 43.23816519230604], [76.83617848902941, 43.23816183954477], [76.8361771479249, 43.23815982788801], [76.8361771479249, 43.238155134022236], [76.83617513626814, 43.23815379291773], [76.83617446571589, 43.23815178126097], [76.83617983013391, 43.23815044015646], [76.8362220749259, 43.23815044015646], [76.83622140437365, 43.2381933555007]]]}, "properties": {"id": 617, "class": "road", "confidence": 100.0, "source": "Almaty_4", "source_model": "unet-roads", "centroid_wkt": "POINT (76.83620344555176 43.23816646625152)", "bbox": [76.83617446571589, 43.23815044015646, 76.8362220749259, 43.2381933555007], "pixel_bbox": [9913, 4544, 9984, 4608], "area_m2": 12.231}}, {"type": "Feature", "geometry": {"type": "Polygon", "coordinates": [[[76.83954130858183, 43.23817927390337], [76.83953661471605, 43.238176591694355], [76.83953661471605, 43.23817256838083], [76.83953326195478, 43.238165862858295], [76.83953460305929, 43.238155134022236], [76.83953259140253, 43.23815178126097], [76.83954667299986, 43.23815044015646], [76.8395620957017, 43.23815044015646], [76.83957483619452, 43.23815178126097], [76.83957349509001, 43.238153122365475], [76.83956880122423, 43.23815379291773], [76.83956813067198, 43.238155134022236], [76.83956678956747, 43.238155134022236], [76.83956746011972, 43.23815982788801], [76.83956611901522, 43.23816251009703], [76.83955941349268, 43.238169215619564], [76.83955270797014, 43.23817189782858], [76.83954935520887, 43.23817525058985], [76.83954734355211, 43.23817525058985], [76.83954399079084, 43.238178603351116], [76.83954130858183, 43.23817927390337]]]}, "properties": {"id": 618, "class": "road", "confidence": 100.0, "source": "Almaty_4", "source_model": "unet-roads", "centroid_wkt": "POINT (76.83954969795614 43.23816150632492)", "bbox": [76.83953259140253, 43.23815044015646, 76.83957483619452, 43.23817927390337], "pixel_bbox": [14921, 4565, 14984, 4608], "area_m2": 6.616}}, {"type": "Feature", "geometry": {"type": "Polygon", "coordinates": [[[76.83926705271006, 43.23839586228132], [76.839256323874, 43.23839586228132], [76.83925565332174, 43.238394521176815], [76.83925230056047, 43.238394521176815], [76.83925095945597, 43.238392509520054], [76.83924961835146, 43.238392509520054], [76.83924693614244, 43.238389156758785], [76.83924425393343, 43.23838781565428], [76.83924425393343, 43.23838580399752], [76.83924224227667, 43.23838446289301], [76.83924157172441, 43.23837909847498], [76.83923956006765, 43.238376416265965], [76.8392388895154, 43.23837172240019], [76.83923084288836, 43.23835898190737], [76.83922614902258, 43.238338865339756], [76.83922480791807, 43.2383381947875], [76.83922547847033, 43.23833417147398], [76.83922413736582, 43.238329477608204], [76.83922480791807, 43.23832210153341], [76.83922816067934, 43.238320760428905], [76.83922547847033, 43.238318748772144], [76.83922681957483, 43.23831472545862], [76.83922681957483, 43.238297291100025], [76.83922816067934, 43.23829662054777], [76.83923084288836, 43.23829125612974], [76.83923285454512, 43.23829058557749], [76.83923218399286, 43.23828253895044], [76.83923486620188, 43.23827851563692], [76.83923486620188, 43.238270469009876], [76.83923754841089, 43.2382657751441], [76.83924492448568, 43.23826242238283], [76.83925364166498, 43.23826242238283], [76.83926168829203, 43.238266445696354], [76.83926973491907, 43.238266445696354], [76.83926973491907, 43.23826510459185], [76.83927711099386, 43.23826376348734], [76.83927778154612, 43.23826242238283], [76.83928180485964, 43.23826175183058], [76.83928314596415, 43.23825974017382], [76.83928448706865, 43.23825974017382], [76.83928918093443, 43.23825504630804], [76.83928918093443, 43.23825370520353], [76.83929320424795, 43.23824968189001], [76.83929320424795, 43.2382483407855], [76.83929588645697, 43.23824632912874], [76.83929588645697, 43.23824431747198], [76.83929722756147, 43.23824364691973], [76.839301250875, 43.238236270844936], [76.83930192142725, 43.2382295653224], [76.83930326253176, 43.23822822421789], [76.839301250875, 43.23822822421789], [76.83929856866598, 43.23822554200888], [76.83929856866598, 43.23822420090437], [76.83929655700922, 43.23822420090437], [76.83929320424795, 43.238221518695354], [76.83929119259119, 43.238221518695354], [76.83929119259119, 43.23822017759085], [76.83928851038218, 43.23821883648634], [76.83928918093443, 43.23821414262056], [76.83929052203894, 43.23821347206831], [76.8392938748002, 43.238207437098026], [76.83929320424795, 43.238205425441265], [76.83929521590471, 43.23819871991873], [76.83929521590471, 43.238189332187176], [76.8392938748002, 43.23818597942591], [76.8392925336957, 43.23818597942591], [76.83929119259119, 43.238183967769146], [76.83928314596415, 43.2381846383214], [76.83927912265062, 43.23818664997816], [76.83927778154612, 43.23818866163492], [76.83927644044161, 43.23818866163492], [76.83927644044161, 43.23819000273943], [76.8392750993371, 43.23819000273943], [76.83926302939653, 43.23820207268], [76.83926302939653, 43.238203413784504], [76.83926034718752, 43.23820609599352], [76.83925900608301, 43.23820609599352], [76.83925431221724, 43.23821011930704], [76.83924693614244, 43.238212801516056], [76.83923352509737, 43.2382121309638], [76.83923084288836, 43.23821347206831], [76.83922547847033, 43.23821347206831], [76.83921676129103, 43.2382121309638], [76.83920938521624, 43.23820810765028], [76.83920938521624, 43.23820676654577], [76.83920536190271, 43.23820274323225], [76.8392040207982, 43.23819871991873], [76.8392040207982, 43.23818866163492], [76.83920737355947, 43.238176591694355], [76.83920871466398, 43.23817525058985], [76.83921072632074, 43.23816854506731], [76.8392127379775, 43.2381672039628], [76.8392127379775, 43.23816519230604], [76.83921877294779, 43.23815915733576], [76.83921944350004, 43.238157145679], [76.83922078460455, 43.238157145679], [76.83922614902258, 43.23815245181322], [76.83923151344061, 43.23815044015646], [76.83924693614244, 43.238149769604206], [76.83924693614244, 43.2381484284997], [76.83924827724695, 43.2381484284997], [76.83925163000822, 43.23814507573843], [76.8392576649785, 43.23814306408167], [76.83926034718752, 43.23814105242491], [76.83926235884428, 43.23814105242491], [76.83926437050104, 43.23813904076815], [76.83928180485964, 43.2381309941411], [76.83929521590471, 43.23813032358885], [76.83929990977049, 43.23812898248434], [76.8393099680543, 43.23813032358885], [76.8393113091588, 43.23812898248434], [76.83931197971106, 43.23815044015646], [76.83932203799486, 43.23815044015646], [76.83932539075613, 43.23815178126097], [76.83932941406965, 43.23815178126097], [76.83932472020388, 43.238153122365475], [76.83932472020388, 43.23815446346998], [76.83932740241289, 43.23815446346998], [76.83932740241289, 43.238163851201534], [76.83932337909937, 43.238163851201534], [76.83932337909937, 43.23816519230604], [76.83932472020388, 43.23816519230604], [76.83932337909937, 43.238169215619564], [76.83932539075613, 43.238169215619564], [76.83932539075613, 43.23817189782858], [76.8393300846219, 43.23817189782858], [76.8393300846219, 43.23817390948534], [76.83932673186064, 43.23817390948534], [76.83932203799486, 43.23817189782858], [76.83932270854712, 43.23816452175379], [76.83932136744261, 43.23816452175379], [76.83932136744261, 43.23816183954477], [76.83932069689035, 43.23816318064928], [76.83931600302458, 43.23816519230604], [76.83931265026331, 43.23816519230604], [76.83931197971106, 43.23816653341055], [76.83931265026331, 43.238228894770145], [76.83931399136782, 43.238228894770145], [76.83931466192007, 43.23822755366564], [76.83931734412909, 43.23822755366564], [76.8393186852336, 43.23822621256113], [76.83932337909937, 43.238226883113384], [76.83932472020388, 43.23822554200888], [76.8393287435174, 43.238226883113384], [76.83932941406965, 43.238228894770145], [76.83933142572641, 43.2382295653224], [76.83933142572641, 43.23823157697916], [76.83933410793543, 43.23823492974043], [76.83933813124895, 43.23825504630804], [76.83933947235346, 43.23825638741255], [76.83933947235346, 43.23825974017382], [76.83934081345797, 43.23826041072607], [76.83934081345797, 43.23826242238283], [76.83934349566698, 43.23826443403959], [76.83934349566698, 43.2382657751441], [76.839346177876, 43.23826778680086], [76.839346177876, 43.23826912790537], [76.8393475189805, 43.23826912790537], [76.83935422450304, 43.238275833427906], [76.83935422450304, 43.23827717453241], [76.83935958892107, 43.23828253895044], [76.83935958892107, 43.23828388005495], [76.8393649533391, 43.23828857392073], [76.83936629444361, 43.23828857392073], [76.83936763554811, 43.23829058557749], [76.83937165886164, 43.23829259723425], [76.83937769383192, 43.2382932677865], [76.83937836438417, 43.23829460889101], [76.8393837288022, 43.23829594999552], [76.83938641101122, 43.23829863220453], [76.83938909322023, 43.23829863220453], [76.83939579874277, 43.2383019849658], [76.83940786868334, 43.23831472545862], [76.83940786868334, 43.2383194193244], [76.83940585702658, 43.23832008987665], [76.83940585702658, 43.23832143098116], [76.83940853923559, 43.23832210153341], [76.83931197971106, 43.23832210153341], [76.83931197971106, 43.23837507516146], [76.83930929750204, 43.23837239295244], [76.83930862694979, 43.2383744046092], [76.83930326253176, 43.23837507516146], [76.83930058032274, 43.23837708681822], [76.83929588645697, 43.23837775737047], [76.83928716927767, 43.23838446289301], [76.83928180485964, 43.238387145102024], [76.83927979320288, 43.238387145102024], [76.83927711099386, 43.23838982731104], [76.83927308768034, 43.238391168415546], [76.83927107602358, 43.23839385062456], [76.83926705271006, 43.23839586228132]]]}, "properties": {"id": 619, "class": "road", "confidence": 100.0, "source": "Almaty_4", "source_model": "unet-roads", "centroid_wkt": "POINT (76.83928578709323 43.23826742595068)", "bbox": [76.8392040207982, 43.23812898248434, 76.83940853923559, 43.23839586228132], "pixel_bbox": [14431, 4242, 14736, 4640], "area_m2": 201.393}}, {"type": "Feature", "geometry": {"type": "Polygon", "coordinates": [[[76.83936361223459, 43.23815044015646], [76.8393649533391, 43.238149769604206], [76.83936294168234, 43.238145746290684], [76.83936428278685, 43.23813837021589], [76.83936763554811, 43.238135017454624], [76.83936830610037, 43.23813233524561], [76.83936964720488, 43.23813233524561], [76.83936964720488, 43.2381309941411], [76.83937232941389, 43.238129653036594], [76.83937232941389, 43.23812831193209], [76.83937903493643, 43.23812160640955], [76.83938641101122, 43.238118924200535], [76.83939512819052, 43.238118924200535], [76.83941390365362, 43.238124288618565], [76.8394286558032, 43.238124288618565], [76.83943402022123, 43.23812160640955], [76.8394373729825, 43.23812160640955], [76.83943938463926, 43.23812026530504], [76.83944743126631, 43.23812026530504], [76.83945011347532, 43.238118924200535], [76.83946151286364, 43.23812294751406], [76.83946419507265, 43.23812562972307], [76.83946419507265, 43.23812697082758], [76.83946553617716, 43.23812697082758], [76.83946553617716, 43.23812831193209], [76.83946687728167, 43.23812831193209], [76.83946687728167, 43.238129653036594], [76.8394722416997, 43.23813434690237], [76.83947559446096, 43.23814105242491], [76.83947559446096, 43.23814507573843], [76.83947425335646, 43.23814641684294], [76.83947492390871, 43.238147757947445], [76.8394735828042, 43.2381484284997], [76.8394735828042, 43.238149769604206], [76.83947090059519, 43.23815044015646], [76.83936361223459, 43.23815044015646]]]}, "properties": {"id": 620, "class": "road", "confidence": 100.0, "source": "Almaty_4", "source_model": "unet-roads", "centroid_wkt": "POINT (76.8394195502245 43.238136297806896)", "bbox": [76.83936294168234, 43.238118924200535, 76.83947559446096, 43.23815044015646], "pixel_bbox": [14668, 4608, 14836, 4655], "area_m2": 26.778}}, {"type": "Feature", "geometry": {"type": "Polygon", "coordinates": [[[76.83972302824259, 43.238179944455624], [76.83971498161554, 43.238176591694355], [76.83971364051104, 43.23817390948534], [76.83971229940653, 43.23817390948534], [76.83971028774977, 43.238169215619564], [76.83971028774977, 43.23816452175379], [76.839708276093, 43.23815915733576], [76.839708276093, 43.23815245181322], [76.83970760554075, 43.23815044015646], [76.83970626443624, 43.23815044015646], [76.83970760554075, 43.238149769604206], [76.83970760554075, 43.238131664693356], [76.83970961719751, 43.23812764137983], [76.83971095830202, 43.238120935857296], [76.83971229940653, 43.23812026530504], [76.83971498161554, 43.238113559782505], [76.83972101658583, 43.238108195364475], [76.83972235769033, 43.23810551315546], [76.83973174542189, 43.23810148984194], [76.83974582701921, 43.23810148984194], [76.83975387364626, 43.23810551315546], [76.83975387364626, 43.23810685425997], [76.83975655585527, 43.23810752481222], [76.8397605791688, 43.238112218678], [76.83976326137781, 43.2381222769618], [76.83976259082556, 43.238129653036594], [76.83975923806429, 43.2381397113204], [76.83975789695978, 43.23814105242491], [76.83975655585527, 43.23814708739519], [76.83975454419851, 43.2381484284997], [76.83975454419851, 43.23815044015646], [76.839753203094, 43.23815044015646], [76.83974917978048, 43.23815915733576], [76.83974917978048, 43.23816116899252], [76.83974716812372, 43.23816251009703], [76.83974649757147, 43.238165862858295], [76.83974381536245, 43.23817055672407], [76.83974180370569, 43.23817189782858], [76.83974180370569, 43.238173238933086], [76.83973912149668, 43.2381759211421], [76.83973241597414, 43.23817927390337], [76.83972302824259, 43.238179944455624]]]}, "properties": {"id": 621, "class": "road", "confidence": 100.0, "source": "Almaty_4", "source_model": "unet-roads", "centroid_wkt": "POINT (76.83973369946628 43.23813833222662)", "bbox": [76.83970626443624, 43.23810148984194, 76.83976326137781, 43.238179944455624], "pixel_bbox": [15180, 4564, 15265, 4681], "area_m2": 29.764}}, {"type": "Feature", "geometry": {"type": "Polygon", "coordinates": [[[76.83391537517309, 43.238126300275326], [76.83391202241182, 43.23812361806631], [76.83390866965055, 43.23811624199152], [76.83390866965055, 43.23810953646898], [76.83391068130732, 43.23810484260321], [76.83391403406858, 43.23810216039419], [76.83391403406858, 43.238100819289684], [76.83391537517309, 43.238100819289684], [76.83391872793436, 43.238097466528416], [76.83393079787493, 43.23809813708067], [76.8339341506362, 43.238100819289684], [76.83393482118845, 43.238102830946445], [76.83393616229296, 43.238102830946445], [76.83393683284521, 43.238106183707714], [76.83393884450197, 43.23810886591673], [76.83393884450197, 43.23811423033476], [76.83393750339746, 43.238115571439266], [76.83393683284521, 43.238118924200535], [76.83393348008394, 43.2381222769618], [76.83392878621817, 43.23812361806631], [76.83392811566591, 43.23812495917082], [76.83392610400915, 43.23812495917082], [76.83392476290464, 43.238126300275326], [76.83391537517309, 43.238126300275326]]]}, "properties": {"id": 622, "class": "road", "confidence": 100.0, "source": "Almaty_4", "source_model": "unet-roads", "centroid_wkt": "POINT (76.83392371189021 43.2381116658069)", "bbox": [76.83390866965055, 43.238097466528416, 76.83393884450197, 43.238126300275326], "pixel_bbox": [6534, 4644, 6579, 4687], "area_m2": 6.202}}, {"type": "Feature", "geometry": {"type": "Polygon", "coordinates": [[[76.83157313615084, 43.238092102110386], [76.8315664306283, 43.23808941990137], [76.83156441897154, 43.23808740824461], [76.83156307786703, 43.238084726035595], [76.83156441897154, 43.2380760088563], [76.8315664306283, 43.238073997199535], [76.8315664306283, 43.23807265609503], [76.83156844228506, 43.238071985542774], [76.83157112449408, 43.238068632781506], [76.83157246559858, 43.238068632781506], [76.83157313615084, 43.238066621124744], [76.83157447725534, 43.238066621124744], [76.83157581835985, 43.23806460946798], [76.83158051222563, 43.23806259781122], [76.83158051222563, 43.23806393891573], [76.83158252388239, 43.23806528002024], [76.83158319443464, 43.23806259781122], [76.8315852060914, 43.23806192725897], [76.83158587664366, 43.238057903945446], [76.83158721774817, 43.23805723339319], [76.83158721774817, 43.23809143155813], [76.83158118277788, 43.23809076100588], [76.83157783001661, 43.238092102110386], [76.83157313615084, 43.238092102110386]]]}, "properties": {"id": 623, "class": "road", "confidence": 100.0, "source": "Almaty_4", "source_model": "unet-roads", "centroid_wkt": "POINT (76.8315773130829 43.23807801578837)", "bbox": [76.83156307786703, 43.23805723339319, 76.83158721774817, 43.238092102110386], "pixel_bbox": [3036, 4695, 3072, 4747], "area_m2": 5.135}}, {"type": "Feature", "geometry": {"type": "Polygon", "coordinates": [[[76.83943334966898, 43.2380585744977], [76.83942999690771, 43.23805522173643], [76.83943066745996, 43.2380498573184], [76.83943200856447, 43.238047175109386], [76.83943334966898, 43.238047175109386], [76.83943536132574, 43.23804449290037], [76.83943871408701, 43.23804449290037], [76.83944206684828, 43.23804784566164], [76.83944206684828, 43.23805455118418], [76.83943804353476, 43.2380585744977], [76.83943334966898, 43.2380585744977]]]}, "properties": {"id": 624, "class": "road", "confidence": 100.0, "source": "Almaty_4", "source_model": "unet-roads", "centroid_wkt": "POINT (76.83943663808432 43.23805144677559)", "bbox": [76.83942999690771, 43.23804449290037, 76.83944206684828, 43.2380585744977], "pixel_bbox": [14768, 4745, 14786, 4766], "area_m2": 1.205}}, {"type": "Feature", "geometry": {"type": "Polygon", "coordinates": [[[76.83392275124788, 43.23805321007967], [76.8339180573821, 43.238050527870655], [76.83391336351633, 43.23804449290037], [76.83391269296408, 43.238037787377834], [76.83391403406858, 43.238034434616566], [76.8339167162776, 43.23803175240755], [76.83392744511366, 43.238027058541775], [76.83393817394972, 43.23802638798952], [76.83394420892, 43.238029070198536], [76.83394622057676, 43.23803175240755], [76.83394622057676, 43.238034434616566], [76.83394756168127, 43.23803644627333], [76.83394689112902, 43.23804181069136], [76.83394487947226, 43.23804248124361], [76.83394420892, 43.238045163452625], [76.83394085615873, 43.238048516213894], [76.83393951505423, 43.238048516213894], [76.83393884450197, 43.238050527870655], [76.83393683284521, 43.238050527870655], [76.83393616229296, 43.238052539527416], [76.8339341506362, 43.23805186897516], [76.83393079787493, 43.23805321007967], [76.83392275124788, 43.23805321007967]]]}, "properties": {"id": 625, "class": "road", "confidence": 100.0, "source": "Almaty_4", "source_model": "unet-roads", "centroid_wkt": "POINT (76.83393038302046 43.23803927360811)", "bbox": [76.83391269296408, 43.23802638798952, 76.83394756168127, 43.23805321007967], "pixel_bbox": [6540, 4753, 6592, 4793], "area_m2": 6.496}}, {"type": "Feature", "geometry": {"type": "Polygon", "coordinates": [[[76.835971288383, 43.238045163452625], [76.83596592396498, 43.238043151795864], [76.83595184236765, 43.2380411401391], [76.83594647794962, 43.23803711682558], [76.8359437957406, 43.23803644627333], [76.83594111353159, 43.23803309351206], [76.83593977242708, 43.23803309351206], [76.83593776077032, 43.2380310818553], [76.83593776077032, 43.23802974075079], [76.83593641966581, 43.238029070198536], [76.83593641966581, 43.23802638798952], [76.8359350785613, 43.238025046885014], [76.8359350785613, 43.23801498860121], [76.83593709021807, 43.23801163583994], [76.83593709021807, 43.238008953630924], [76.83593977242708, 43.23800627142191], [76.83594580739737, 43.23800425976515], [76.83595519512892, 43.23800425976515], [76.83596190065145, 43.238005600869656], [76.83597397059202, 43.23801029473543], [76.8359786644578, 43.238010965287685], [76.83598134666681, 43.23801297694445], [76.83598402887583, 43.23801297694445], [76.8359873816371, 43.23801498860121], [76.83600146323442, 43.23801767081022], [76.83600548654795, 43.238019682466984], [76.8360061571002, 43.23802102357149], [76.83600816875696, 43.23802102357149], [76.83600950986147, 43.23802303522825], [76.83601152151823, 43.23802303522825], [76.83601353317499, 43.23802571743727], [76.8360148742795, 43.23802571743727], [76.836016215384, 43.23802839964628], [76.836016215384, 43.238034434616566], [76.8360148742795, 43.23803510516882], [76.8360148742795, 43.23803644627333], [76.83601286262274, 43.23803711682558], [76.83601286262274, 43.23803845793009], [76.83601085096598, 43.23804046958685], [76.83600414544344, 43.23804248124361], [76.83600280433893, 43.23804382234812], [76.83599878102541, 43.23804382234812], [76.83599542826414, 43.238045163452625], [76.835971288383, 43.238045163452625]]]}, "properties": {"id": 626, "class": "road", "confidence": 100.0, "source": "Almaty_4", "source_model": "unet-roads", "centroid_wkt": "POINT (76.83597299489281 43.23802600073114)", "bbox": [76.8359350785613, 43.23800425976515, 76.836016215384, 43.238045163452625], "pixel_bbox": [9556, 4765, 9677, 4826], "area_m2": 21.643}}, {"type": "Feature", "geometry": {"type": "Polygon", "coordinates": [[[76.8315838649869, 43.238029070198536], [76.83158319443464, 43.23802437633276], [76.83158118277788, 43.23802437633276], [76.83158051222563, 43.23802839964628], [76.83158051222563, 43.238025046885014], [76.83157917112112, 43.23802303522825], [76.83157783001661, 43.23802303522825], [76.83157783001661, 43.238019682466984], [76.83157581835985, 43.238016329705715], [76.8315764889121, 43.23801498860121], [76.83157850056887, 43.23801498860121], [76.83157850056887, 43.2380136474967], [76.83158051222563, 43.2380136474967], [76.83158051222563, 43.238010965287685], [76.83157850056887, 43.238010965287685], [76.8315764889121, 43.23800761252642], [76.83157112449408, 43.238005600869656], [76.83156911283731, 43.238003589212894], [76.83156777173281, 43.23799956589937], [76.83156374841928, 43.2379962131381], [76.83156374841928, 43.237994872033596], [76.83156039565802, 43.23799218982458], [76.83156039565802, 43.237990848720074], [76.831557713449, 43.23798816651106], [76.83155704289675, 43.237985484302044], [76.83155838400126, 43.23798481374979], [76.83155838400126, 43.23798347264528], [76.83155033737421, 43.23798146098852], [76.83155100792646, 43.23797877877951], [76.83158654719591, 43.23797877877951], [76.83158721774817, 43.23802638798952], [76.83158453553915, 43.238025046885014], [76.8315838649869, 43.238029070198536]], [[76.83157984167337, 43.238022364676], [76.83158051222563, 43.238023705780506], [76.83158051222563, 43.238022364676], [76.83157984167337, 43.238022364676]], [[76.83158118277788, 43.238023705780506], [76.83158252388239, 43.23802102357149], [76.83158185333014, 43.23801767081022], [76.83158118277788, 43.23801767081022], [76.83158118277788, 43.238023705780506]], [[76.83157984167337, 43.238018341362476], [76.83158051222563, 43.23801901191473], [76.83158051222563, 43.238018341362476], [76.83157984167337, 43.238018341362476]], [[76.83158118277788, 43.23801498860121], [76.83158252388239, 43.238014318048954], [76.83158185333014, 43.23801297694445], [76.83158118277788, 43.23801297694445], [76.83158118277788, 43.23801498860121]]]}, "properties": {"id": 627, "class": "road", "confidence": 100.0, "source": "Almaty_4", "source_model": "unet-roads", "centroid_wkt": "POINT (76.83157552168969 43.23799520660886)", "bbox": [76.83155033737421, 43.23797877877951, 76.83158721774817, 43.238029070198536], "pixel_bbox": [3017, 4789, 3072, 4864], "area_m2": 7.764}}, {"type": "Feature", "geometry": {"type": "Polygon", "coordinates": [[[76.83975722640753, 43.238050527870655], [76.83974649757147, 43.23804784566164], [76.83974582701921, 43.23804650455713], [76.83974180370569, 43.238045163452625], [76.83973979204893, 43.23804248124361], [76.83973643928766, 43.2380411401391], [76.83973040431738, 43.23803376406431], [76.83972705155611, 43.238019682466984], [76.83972772210836, 43.23801498860121], [76.83973174542189, 43.238005600869656], [76.83973710983992, 43.238000236451626], [76.83974247425795, 43.23799755424261], [76.83975387364626, 43.23799420148134], [76.83976259082556, 43.237992860376835], [76.83976728469133, 43.237990848720074], [76.83977331966162, 43.237990848720074], [76.83978136628866, 43.2379861548543], [76.83978740125895, 43.237985484302044], [76.8397880718112, 43.23798414319754], [76.83979142457247, 43.23798347264528], [76.83979611843824, 43.23797944933176], [76.83978337794542, 43.23797810822725], [76.83978874236345, 43.237977437675], [76.83978740125895, 43.23797609657049], [76.83978874236345, 43.23797609657049], [76.83979008346796, 43.23797207325697], [76.83979142457247, 43.23797207325697], [76.83979209512472, 43.23797006160021], [76.83979745954275, 43.237966038286686], [76.83979745954275, 43.23796469718218], [76.83980349451303, 43.23796134442091], [76.83981020003557, 43.237960673868656], [76.83981355279684, 43.23795799165964], [76.83981690555811, 43.23795799165964], [76.83981891721487, 43.2379600033164], [76.83982025831938, 43.2379600033164], [76.83982092887163, 43.23796268552542], [76.83981891721487, 43.23796469718218], [76.83981690555811, 43.23797274380922], [76.8398142233491, 43.237976767122746], [76.83981489390135, 43.23797877877951], [76.83980617672205, 43.23797944933176], [76.8398068472743, 43.237985484302044], [76.8398055061698, 43.23798481374979], [76.83980282396078, 43.23798816651106], [76.83980282396078, 43.237989507615566], [76.83980416506529, 43.23799017816782], [76.83980215340853, 43.23799151927233], [76.83980148285627, 43.23799688369036], [76.83979745954275, 43.2380049303174], [76.839798130095, 43.2380136474967], [76.8397967889905, 43.23801565915346], [76.8397967889905, 43.238021694123745], [76.83979477733374, 43.23802571743727], [76.83979343622923, 43.23802638798952], [76.83979276567698, 43.238029070198536], [76.83978874236345, 43.23803376406431], [76.83978874236345, 43.23803510516882], [76.83978337794542, 43.238039799034595], [76.83978203684092, 43.23804248124361], [76.83978069573641, 43.23804248124361], [76.83978069573641, 43.23804382234812], [76.8397793546319, 43.23804382234812], [76.83977734297514, 43.23804583400488], [76.83977533131838, 43.23804583400488], [76.83977264910936, 43.23804784566164], [76.83976661413908, 43.2380498573184], [76.83975722640753, 43.238050527870655]]]}, "properties": {"id": 628, "class": "road", "confidence": 100.0, "source": "Almaty_4", "source_model": "unet-roads", "centroid_wkt": "POINT (76.83977070024446 43.238011055593184)", "bbox": [76.83972705155611, 43.23795799165964, 76.83982092887163, 43.238050527870655], "pixel_bbox": [15211, 4757, 15351, 4895], "area_m2": 36.589}}, {"type": "Feature", "geometry": {"type": "Polygon", "coordinates": [[[76.83598805218935, 43.23797877877951], [76.83592434972525, 43.23797810822725], [76.8359250202775, 43.23797609657049], [76.83592367917299, 43.237974755465984], [76.83592367917299, 43.237971402704716], [76.83592904359102, 43.237960673868656], [76.83593306690454, 43.23795732110739], [76.83593910187483, 43.237956650555134], [76.8359424546361, 43.23795463889837], [76.83594714850187, 43.237955309450626], [76.83594848960638, 43.23795396834612], [76.83595787733793, 43.23795463889837], [76.83595854789019, 43.23795598000288], [76.83598067611456, 43.23796335607767], [76.83598335832357, 43.23796469718218], [76.83599073439837, 43.23797274380922], [76.83599207550287, 43.23797274380922], [76.83599207550287, 43.23797408491373], [76.83599341660738, 43.23797408491373], [76.83599274605513, 43.23797542601824], [76.83599408715963, 43.23797542601824], [76.83599341660738, 43.23797810822725], [76.83598805218935, 43.23797877877951]]]}, "properties": {"id": 629, "class": "road", "confidence": 100.0, "source": "Almaty_4", "source_model": "unet-roads", "centroid_wkt": "POINT (76.83595605256481 43.23796813929509)", "bbox": [76.83592367917299, 43.23795396834612, 76.83599408715963, 43.23797877877951], "pixel_bbox": [9539, 4864, 9644, 4901], "area_m2": 11.475}}, {"type": "Feature", "geometry": {"type": "Polygon", "coordinates": [[[76.83980014175177, 43.23794525116682], [76.83979745954275, 43.237942568957806], [76.83979745954275, 43.23793787509203], [76.8397967889905, 43.23793586343527], [76.83979477733374, 43.23793452233076], [76.83979477733374, 43.237931840121746], [76.83979343622923, 43.23793049901724], [76.83979343622923, 43.237913735210896], [76.83979611843824, 43.23790702968836], [76.839798130095, 43.237906359136105], [76.83979947119951, 43.23790434747934], [76.83980215340853, 43.237903006374836], [76.83980885893106, 43.237903006374836], [76.83981154114008, 43.23790434747934], [76.83981355279684, 43.23790770024061], [76.83981489390135, 43.23790770024061], [76.83981757611036, 43.23791440576315], [76.8398155644536, 43.23791641741991], [76.8398155644536, 43.23791977018118], [76.83981221169233, 43.23792044073343], [76.83981221169233, 43.237922452390194], [76.83981489390135, 43.2379237934947], [76.8398142233491, 43.237929828464985], [76.83981288224459, 43.237932510674], [76.83981087058783, 43.23793385177851], [76.83980818837881, 43.23793921619654], [76.83980617672205, 43.23793988674879], [76.83980617672205, 43.237942568957806], [76.83980483561754, 43.23794323951006], [76.83980483561754, 43.23794458061457], [76.83980014175177, 43.23794525116682]]]}, "properties": {"id": 630, "class": "road", "confidence": 100.0, "source": "Almaty_4", "source_model": "unet-roads", "centroid_wkt": "POINT (76.83980449110344 43.23792171099028)", "bbox": [76.83979343622923, 43.237903006374836, 76.83981757611036, 43.23794525116682], "pixel_bbox": [15310, 4914, 15346, 4977], "area_m2": 6.529}}, {"type": "Feature", "geometry": {"type": "Polygon", "coordinates": [[[76.83965664356947, 43.23793116956949], [76.83965664356947, 43.23790434747934], [76.83965798467398, 43.2379050180316], [76.83965865522623, 43.23790233582258], [76.83965999633074, 43.23790434747934], [76.83966401964426, 43.23790367692709], [76.83967273682356, 43.237906359136105], [76.83967407792807, 43.23790971189737], [76.83967810124159, 43.237913735210896], [76.83967676013708, 43.2379237934947], [76.83967407792807, 43.23792714625597], [76.83967273682356, 43.23792714625597], [76.8396707251668, 43.23792915791273], [76.83966670185328, 43.23792848736048], [76.839663349092, 43.237926475703716], [76.83965999633074, 43.237926475703716], [76.83965865522623, 43.23793049901724], [76.83965731412172, 43.23792848736048], [76.83965664356947, 43.23793116956949]]]}, "properties": {"id": 631, "class": "road", "confidence": 100.0, "source": "Almaty_4", "source_model": "unet-roads", "centroid_wkt": "POINT (76.83966655213456 43.237916216008614)", "bbox": [76.83965664356947, 43.23790233582258, 76.83967810124159, 43.23793116956949], "pixel_bbox": [15106, 4935, 15138, 4978], "area_m2": 4.062}}, {"type": "Feature", "geometry": {"type": "Polygon", "coordinates": [[[76.83353047817945, 43.23788557201624], [76.83351639658213, 43.237882889807224], [76.83351572602987, 43.23788154870272], [76.83350969105959, 43.237879537045956], [76.83350298553705, 43.23787283152342], [76.83350097388029, 43.237864784896374], [76.8335023149848, 43.237859420478344], [76.83350566774607, 43.237856067717075], [76.83351438492537, 43.23785204440355], [76.83351907879114, 43.23785204440355], [76.83352310210466, 43.237850703299046], [76.83354321867228, 43.23785204440355], [76.83354925364256, 43.23785271495581], [76.83355260640383, 43.23785472661257], [76.83355528861284, 43.23785472661257], [76.83355797082186, 43.23785673826933], [76.83356065303087, 43.23785673826933], [76.83356735855341, 43.23786277323961], [76.83356869965792, 43.2378701493144], [76.83356735855341, 43.23787081986666], [76.8335660174489, 43.23787551373243], [76.83355998247862, 43.23788087815046], [76.83355059474707, 43.23788423091173], [76.83354254812002, 43.23788557201624], [76.83353047817945, 43.23788557201624]]]}, "properties": {"id": 632, "class": "road", "confidence": 100.0, "source": "Almaty_4", "source_model": "unet-roads", "centroid_wkt": "POINT (76.83353474718432 43.23786770770454)", "bbox": [76.83350097388029, 43.237850703299046, 76.83356869965792, 43.23788557201624], "pixel_bbox": [5926, 5003, 6027, 5055], "area_m2": 16.831}}, {"type": "Feature", "geometry": {"type": "Polygon", "coordinates": [[[76.83305975049734, 43.23784936219454], [76.83305639773607, 43.23784735053778], [76.83305639773607, 43.237845338881016], [76.83304969221354, 43.23783863335848], [76.83304231613874, 43.23783528059721], [76.83303896337748, 43.23783192783594], [76.83303561061621, 43.237830586731434], [76.8330342695117, 43.23782857507467], [76.83303024619818, 43.237827233970165], [76.83302689343691, 43.2378238812089], [76.8330255523324, 43.2378238812089], [76.83302354067564, 43.237819857895374], [76.83302219957113, 43.23781918734312], [76.83302287012339, 43.23781181126833], [76.83301884680986, 43.23781047016382], [76.83301884680986, 43.23780845850706], [76.83302756398916, 43.237807117402554], [76.83307316154242, 43.237807117402554], [76.83307718485594, 43.23780845850706], [76.83307450264692, 43.237811140716076], [76.83307517319918, 43.23781717568636], [76.83307651430368, 43.23781784623861], [76.83307651430368, 43.2378238812089], [76.83307517319918, 43.23782589286566], [76.83307517319918, 43.23782857507467], [76.83307249099016, 43.237832598388195], [76.83307182043791, 43.23783729225397], [76.83306980878115, 43.237839974462986], [76.83306980878115, 43.237843327224255], [76.83305975049734, 43.23784936219454]]]}, "properties": {"id": 633, "class": "road", "confidence": 100.0, "source": "Almaty_4", "source_model": "unet-roads", "centroid_wkt": "POINT (76.83305241880396 43.23782252628754)", "bbox": [76.83301884680986, 43.237807117402554, 76.83307718485594, 43.23784936219454], "pixel_bbox": [5207, 5057, 5294, 5120], "area_m2": 14.08}}, {"type": "Feature", "geometry": {"type": "Polygon", "coordinates": [[[76.83836851269007, 43.23782052844763], [76.83836113661528, 43.23781784623861], [76.83836113661528, 43.237814493477345], [76.83835912495852, 43.23780845850706], [76.8383651599288, 43.237807117402554], [76.83838929980993, 43.237807117402554], [76.83839332312346, 43.23780845850706], [76.83839332312346, 43.23780979961157], [76.8383913114667, 43.23781047016382], [76.83838929980993, 43.237816505134106], [76.83838527649641, 43.23781918734312], [76.83836851269007, 43.23782052844763]]]}, "properties": {"id": 634, "class": "road", "confidence": 100.0, "source": "Almaty_4", "source_model": "unet-roads", "centroid_wkt": "POINT (76.83837584593887 43.23781279900701)", "bbox": [76.83835912495852, 43.237807117402554, 76.83839332312346, 43.23782052844763], "pixel_bbox": [13171, 5100, 13222, 5120], "area_m2": 3.309}}, {"type": "Feature", "geometry": {"type": "Polygon", "coordinates": [[[76.83744180947542, 43.23783326894045], [76.83743175119162, 43.237829245626926], [76.83742839843035, 43.237829245626926], [76.83742571622133, 43.237830586731434], [76.83742437511683, 43.23782991617918], [76.83742370456457, 43.23779571801424], [76.83742437511683, 43.23779236525297], [76.83742638677359, 43.23779035359621], [76.8374290689826, 43.237791024148464], [76.83743443340063, 43.2377890124917], [76.83744851499796, 43.2377890124917], [76.83745253831148, 43.237791024148464], [76.83746058493853, 43.23779169470072], [76.8374739959836, 43.23779504746199], [76.83747600764036, 43.237796388566494], [76.83748673647642, 43.237797729671], [76.83748874813318, 43.23779907077551], [76.83749344199896, 43.23779907077551], [76.83750081807375, 43.23779705911875], [76.83750215917826, 43.237797729671], [76.8375088647008, 43.23779504746199], [76.83751355856657, 43.23779437690973], [76.83752495795488, 43.23779437690973], [76.83753434568644, 43.237796388566494], [76.8375376984477, 43.237800411880016], [76.8375376984477, 43.23780309408903], [76.83753434568644, 43.23780309408903], [76.83753166347742, 43.23780443519354], [76.83753434568644, 43.23780510574579], [76.83753434568644, 43.2378064468503], [76.8375289812684, 43.237807117402554], [76.83749746531248, 43.2378064468503], [76.83749947696924, 43.23780510574579], [76.83750215917826, 43.23780510574579], [76.83750215917826, 43.237803764641285], [76.83749746531248, 43.23780309408903], [76.83749612420797, 43.237801752984524], [76.83748874813318, 43.237801752984524], [76.83748807758093, 43.23780309408903], [76.8374827131629, 43.237803764641285], [76.83748204261065, 43.23780510574579], [76.83748606592417, 43.237805776298046], [76.8374840542674, 43.237807117402554], [76.83746594935656, 43.237807117402554], [76.83746594935656, 43.237809129059315], [76.83746863156557, 43.237811140716076], [76.83747064322233, 43.237816505134106], [76.83746863156557, 43.23782455176115], [76.83746661990881, 43.23782656341791], [76.8374652788043, 43.23782656341791], [76.83746326714754, 43.237829245626926], [76.83745589107275, 43.23783326894045], [76.83744180947542, 43.23783326894045]]]}, "properties": {"id": 635, "class": "road", "confidence": 100.0, "source": "Almaty_4", "source_model": "unet-roads", "centroid_wkt": "POINT (76.83746168075842 43.23780794674292)", "bbox": [76.83742370456457, 43.2377890124917, 76.8375376984477, 43.23783326894045], "pixel_bbox": [11776, 5081, 11946, 5147], "area_m2": 22.187}}, {"type": "Feature", "geometry": {"type": "Polygon", "coordinates": [[[76.83686312288046, 43.23797877877951], [76.83685977011919, 43.237977437675], [76.83685909956694, 43.23797207325697], [76.83686044067144, 43.23797006160021], [76.83686446398497, 43.2379687204957], [76.83686446398497, 43.23796737939119], [76.83686915785074, 43.23796268552542], [76.836869828403, 43.23795933276415], [76.83686848729849, 43.23795463889837], [76.83686580508947, 43.23794927448034], [76.83686379343271, 43.237947933375835], [76.83686379343271, 43.23794659227133], [76.83685507625341, 43.237937204539776], [76.83685306459665, 43.237931840121746], [76.83685038238764, 43.23793049901724], [76.83684770017862, 43.23792513459921], [76.83684568852186, 43.2379237934947], [76.83684032410383, 43.23791105300188], [76.83683898299932, 43.23791105300188], [76.83683227747679, 43.237903006374836], [76.83681685477495, 43.237897641956806], [76.83680679649115, 43.237897641956806], [76.8367987498641, 43.2378963008523], [76.83679338544607, 43.237897641956806], [76.83679338544607, 43.237898983061314], [76.83679204434156, 43.237898983061314], [76.83679070323706, 43.23789697140455], [76.83678667992353, 43.237897641956806], [76.83678533881903, 43.237898983061314], [76.8367813155055, 43.237898983061314], [76.83677662163973, 43.237895630300045], [76.83677192777395, 43.237895630300045], [76.83676924556494, 43.237893618643284], [76.83676186949015, 43.23789697140455], [76.83675985783339, 43.237895630300045], [76.83675985783339, 43.237893618643284], [76.83675784617662, 43.23789093643427], [76.83674644678831, 43.23788624256849], [76.8367437645793, 43.237882889807224], [76.83674242347479, 43.237882889807224], [76.83674242347479, 43.23788087815046], [76.83673974126577, 43.23788087815046], [76.83673840016127, 43.237874172627926], [76.83673705905676, 43.23787551373243], [76.8367363885045, 43.23781583458185], [76.83673772960901, 43.23780309408903], [76.83674041181803, 43.23780309408903], [76.83674041181803, 43.23780443519354], [76.83674175292253, 43.23780510574579], [76.8367451056838, 43.23780510574579], [76.83674577623606, 43.237803764641285], [76.83675047010183, 43.237803764641285], [76.8367524817586, 43.23780242353678], [76.83675784617662, 43.23780242353678], [76.83675985783339, 43.23780108243227], [76.8367625400424, 43.23780108243227], [76.83677863329649, 43.237793035805225], [76.83678466826677, 43.23778700083494], [76.83679472655058, 43.237782306969166], [76.83679673820734, 43.237780295312405], [76.83680880814791, 43.23777962476015], [76.83681014925241, 43.23778096586466], [76.83681350201368, 43.23778096586466], [76.83681417256594, 43.237782306969166], [76.8368175253272, 43.23778297752142], [76.83682221919298, 43.237787671387196], [76.8368262425065, 43.23779504746199], [76.83682825416327, 43.23780108243227], [76.83682825416327, 43.237805776298046], [76.83683093637228, 43.237807117402554], [76.83690872043371, 43.237807117402554], [76.83690872043371, 43.237977437675], [76.83690804988146, 43.23797877877951], [76.83686312288046, 43.23797877877951]]]}, "properties": {"id": 636, "class": "road", "confidence": 100.0, "source": "Almaty_4", "source_model": "unet-roads", "centroid_wkt": "POINT (76.83683450924043 43.237865100379494)", "bbox": [76.8367363885045, 43.23777962476015, 76.83690872043371, 43.23797877877951], "pixel_bbox": [10751, 4864, 11008, 5161], "area_m2": 190.798}}, {"type": "Feature", "geometry": {"type": "Polygon", "coordinates": [[[76.83885265141726, 43.23781717568636], [76.83884460479021, 43.237814493477345], [76.8388432636857, 43.23781181126833], [76.8388419225812, 43.23781181126833], [76.83884058147669, 43.23780778795481], [76.83883856981993, 43.237807117402554], [76.83883924037218, 43.23780510574579], [76.83883722871542, 43.237803764641285], [76.83883655816317, 43.237801752984524], [76.83883588761091, 43.23779236525297], [76.83883856981993, 43.237787671387196], [76.83883924037218, 43.23778364807367], [76.8388419225812, 43.23778096586466], [76.8388432636857, 43.23778096586466], [76.83884393423796, 43.23777962476015], [76.83884996920824, 43.237776942551136], [76.838851980865, 43.237774930894375], [76.83886472135782, 43.237774930894375], [76.83887545019388, 43.2377789542079], [76.83887746185064, 43.23778163641691], [76.83888014405966, 43.23778297752142], [76.83888014405966, 43.23778431862593], [76.83888215571642, 43.237785659730434], [76.83888349682093, 43.23778834193945], [76.83888215571642, 43.23779571801424], [76.83887679129839, 43.237801752984524], [76.83887679129839, 43.23780309408903], [76.83887410908937, 43.237803764641285], [76.83887209743261, 43.237805776298046], [76.83887276798487, 43.237807117402554], [76.83887008577585, 43.23780778795481], [76.83886606246233, 43.23781181126833], [76.83886338025331, 43.23781248182058], [76.83885935693979, 43.23781583458185], [76.83885265141726, 43.23781717568636]]]}, "properties": {"id": 637, "class": "road", "confidence": 100.0, "source": "Almaty_4", "source_model": "unet-roads", "centroid_wkt": "POINT (76.8388585979587 43.23779430465627)", "bbox": [76.83883588761091, 43.237774930894375, 76.83888349682093, 43.23781717568636], "pixel_bbox": [13882, 5105, 13953, 5168], "area_m2": 13.12}}, {"type": "Feature", "geometry": {"type": "Polygon", "coordinates": [[[76.83283109217882, 43.23778968304396], [76.83282103389502, 43.23778968304396], [76.832818351686, 43.23778633028269], [76.83281969279051, 43.23777828365564], [76.8328270688653, 43.237771578133106], [76.83283042162657, 43.23777090758085], [76.83283243328333, 43.23776889592409], [76.83283377438784, 43.237769566476345], [76.83283377438784, 43.23776822537184], [76.83283511549234, 43.23776822537184], [76.83283511549234, 43.23776688426733], [76.83283645659685, 43.23776688426733], [76.83283913880587, 43.23776286095381], [76.83284249156713, 43.23776353150606], [76.83284383267164, 43.23776487261057], [76.83284383267164, 43.237767554819584], [76.83284249156713, 43.237767554819584], [76.83284182101488, 43.2377702370286], [76.83283980935812, 43.23777090758085], [76.83284047991037, 43.23777828365564], [76.8328371271491, 43.237782306969166], [76.83283645659685, 43.237785659730434], [76.83283109217882, 43.23778968304396]]]}, "properties": {"id": 638, "class": "road", "confidence": 100.0, "source": "Almaty_4", "source_model": "unet-roads", "centroid_wkt": "POINT (76.83283119359447 43.237777977528125)", "bbox": [76.832818351686, 43.23776286095381, 76.83284383267164, 43.23778968304396], "pixel_bbox": [4908, 5146, 4946, 5186], "area_m2": 3.376}}, {"type": "Feature", "geometry": {"type": "Polygon", "coordinates": [[[76.84006500989199, 43.23781382292509], [76.84006232768297, 43.23781248182058], [76.84005830436945, 43.23780778795481], [76.84005361050367, 43.237807117402554], [76.84005428105593, 43.237805776298046], [76.84005159884691, 43.23780443519354], [76.84004623442888, 43.23779504746199], [76.84004355221987, 43.2377789542079], [76.84004355221987, 43.237769566476345], [76.84004556387663, 43.237762190401554], [76.84004556387663, 43.237756825983524], [76.84004757553339, 43.23775213211775], [76.84004757553339, 43.23774542659521], [76.84004623442888, 43.23774542659521], [76.84004623442888, 43.237744085490704], [76.84004288166761, 43.237744085490704], [76.84003081172705, 43.23773939162493], [76.84002477675676, 43.237738721072674], [76.84002008289099, 43.23773603886366], [76.84001337736845, 43.2377340272069], [76.84001203626394, 43.23773201555014], [76.84000935405493, 43.23773134499788], [76.8400039896369, 43.2377253100276], [76.8400039896369, 43.23772396892309], [76.84000197798014, 43.23772195726633], [76.84000063687563, 43.2377165928483], [76.83999996632338, 43.23769647628069], [76.84000130742788, 43.23769312351942], [76.84000130742788, 43.2376891002059], [76.8400039896369, 43.23768641799688], [76.8400039896369, 43.23768440634012], [76.84000667184591, 43.23768239468336], [76.84000667184591, 43.237681053578854], [76.84000935405493, 43.23767904192209], [76.84001069515944, 43.23767635971308], [76.84001673012972, 43.23767300695181], [76.84001941233873, 43.23766965419054], [76.84002745896578, 43.23766630142927], [76.8400314822793, 43.23766630142927], [76.84003617614508, 43.23766361922026], [76.84004757553339, 43.237664960324764], [76.84005428105593, 43.23766831308603], [76.84005964547396, 43.23767300695181], [76.84006366878748, 43.237674348056316], [76.84006568044424, 43.23767635971308], [76.84006568044424, 43.237677700817585], [76.84007037431002, 43.23768172413111], [76.84007104486227, 43.23768440634012], [76.84007305651903, 43.23768574744463], [76.84007439762354, 43.23769245296717], [76.84007573872805, 43.23769312351942], [76.84007842093706, 43.23769848793745], [76.84007976204157, 43.23769848793745], [76.84008043259382, 43.23769982904196], [76.84008043259382, 43.237704522907734], [76.84007707983255, 43.237708546221256], [76.84007707983255, 43.237709887325764], [76.84007573872805, 43.237709887325764], [76.84007506817579, 43.237711898982525], [76.84007305651903, 43.23771324008703], [76.84006970375776, 43.23771994560957], [76.840067692101, 43.23772128671408], [76.840067692101, 43.23772329837084], [76.8400663509965, 43.23772396892309], [76.8400663509965, 43.23772598057985], [76.84006098657846, 43.237737379968166], [76.84006098657846, 43.23774207383394], [76.84006299823523, 43.237746097147465], [76.84006836265326, 43.23775012046099], [76.84006970375776, 43.23775012046099], [76.84007171541452, 43.23775414377451], [76.84007439762354, 43.23775548487902], [76.84007775038481, 43.23775548487902], [76.84007842093706, 43.237756825983524], [76.84008110314608, 43.237756825983524], [76.84008177369833, 43.23775816708803], [76.84008378535509, 43.23775816708803], [76.84009317308664, 43.23776353150606], [76.84009585529566, 43.23776688426733], [76.84009920805693, 43.23777426034212], [76.84009920805693, 43.23778163641691], [76.84009719640017, 43.23778498917818], [76.84009719640017, 43.237787671387196], [76.84009585529566, 43.23778834193945], [76.84009317308664, 43.23779504746199], [76.84009116142988, 43.237796388566494], [76.84009116142988, 43.237797729671], [76.84008914977312, 43.23779907077551], [76.84008713811636, 43.23780309408903], [76.84008378535509, 43.237805776298046], [76.84008378535509, 43.237807117402554], [76.84007573872805, 43.23780979961157], [76.84007439762354, 43.23781047016382], [76.84007439762354, 43.23781181126833], [76.84007171541452, 43.23781315237284], [76.84006500989199, 43.23781382292509]]]}, "properties": {"id": 639, "class": "road", "confidence": 100.0, "source": "Almaty_4", "source_model": "unet-roads", "centroid_wkt": "POINT (76.84004984292588 43.23773139116432)", "bbox": [76.83999996632338, 43.23766361922026, 76.84009920805693, 43.23781382292509], "pixel_bbox": [15618, 5110, 15766, 5334], "area_m2": 67.883}}, {"type": "Feature", "geometry": {"type": "Polygon", "coordinates": [[[76.83942262083292, 43.23797877877951], [76.83942396193743, 43.23795262724161], [76.83942932635546, 43.237942568957806], [76.83943133801222, 43.2379412278533], [76.83943200856447, 43.23793586343527], [76.83943402022123, 43.23793452233076], [76.83943670243025, 43.23792848736048], [76.83943469077349, 43.237906359136105], [76.83943469077349, 43.237893618643284], [76.83943066745996, 43.237866796553135], [76.83942932635546, 43.23786411434412], [76.8394286558032, 43.23785271495581], [76.83943200856447, 43.23784131556749], [76.83943804353476, 43.237829245626926], [76.83943804353476, 43.23781248182058], [76.83944005519152, 43.23781047016382], [76.83944005519152, 43.237807117402554], [76.83948162943125, 43.2378064468503], [76.83948162943125, 43.237800411880016], [76.8394822999835, 43.237797729671], [76.83948364108801, 43.23779705911875], [76.83948364108801, 43.237774930894375], [76.839480958879, 43.23777224868536], [76.83947961777449, 43.23777224868536], [76.83947626501322, 43.237767554819584], [76.83947291225195, 43.237751461565495], [76.83947425335646, 43.23773469775915], [76.83947693556547, 43.23772598057985], [76.83947693556547, 43.237709887325764], [76.83947492390871, 43.237704522907734], [76.83947425335646, 43.23769848793745], [76.83947023004293, 43.23769111186266], [76.83946955949068, 43.23768775910139], [76.83946821838617, 43.23768708854914], [76.83946687728167, 43.23768239468336], [76.83946687728167, 43.237679712474346], [76.83946888893843, 43.23767703026533], [76.83946955949068, 43.23766898363829], [76.83947157114744, 43.23766764253378], [76.83947492390871, 43.237661607563496], [76.83948364108801, 43.237654231488705], [76.83948364108801, 43.23763679713011], [76.83948632329702, 43.2376354560256], [76.83952655643225, 43.2376354560256], [76.83952990919352, 43.23763679713011], [76.83953393250704, 43.23763679713011], [76.83953326195478, 43.237638138234615], [76.83953460305929, 43.23763947933912], [76.83953661471605, 43.23763947933912], [76.83953929692507, 43.237641490995884], [76.83955539017916, 43.237646855413914], [76.83955606073141, 43.23764819651842], [76.83955874294043, 43.237648867070675], [76.83955941349268, 43.23765020817518], [76.8395634368062, 43.23765221983194], [76.83956880122423, 43.23765221983194], [76.83957081288099, 43.23765356093645], [76.83957617729902, 43.237654231488705], [76.83957818895578, 43.237656243145466], [76.8395808711648, 43.237656243145466], [76.8395822122693, 43.23765758424997], [76.83958824723959, 43.23765825480223], [76.8395909294486, 43.237659595906734], [76.83959160000086, 43.23766093701124], [76.83959495276213, 43.23766227811575], [76.83959562331438, 43.23766428977251], [76.83959696441889, 43.23766428977251], [76.8395996466279, 43.237670324742794], [76.8395983055234, 43.237685076892376], [76.83959696441889, 43.23768775910139], [76.83959428220987, 43.23768977075815], [76.83959294110537, 43.23769312351942], [76.83958757668734, 43.237695805728436], [76.83957953006029, 43.23769714683294], [76.83956746011972, 43.23769647628069], [76.83954935520887, 43.2376978173852], [76.83954197913408, 43.23770184069872], [76.83953862637281, 43.23770519345999], [76.83953862637281, 43.23770720511675], [76.8395372852683, 43.237707875669], [76.83953527361155, 43.23771324008703], [76.8395359441638, 43.237737379968166], [76.83953460305929, 43.237751461565495], [76.83952990919352, 43.23776084929705], [76.83952856808901, 43.2377615198493], [76.83952856808901, 43.23776286095381], [76.8395272269845, 43.23776286095381], [76.83952320367098, 43.2377702370286], [76.83952052146196, 43.23777224868536], [76.83951918035746, 43.23777627199888], [76.83951783925295, 43.237776942551136], [76.83951783925295, 43.2377789542079], [76.83951582759619, 43.237780295312405], [76.83951180428267, 43.237791024148464], [76.83951247483492, 43.2378064468503], [76.83952990919352, 43.237807117402554], [76.83953326195478, 43.23780845850706], [76.83953192085028, 43.23781047016382], [76.83953259140253, 43.23782052844763], [76.83952923864126, 43.237829245626926], [76.83952789753675, 43.237842656672], [76.83953125029802, 43.23785673826933], [76.83953125029802, 43.23786746710539], [76.83952856808901, 43.23787350207567], [76.83952655643225, 43.237874172627926], [76.83952521532774, 43.23787819594145], [76.83952387422323, 43.2378788664937], [76.83952253311872, 43.237882889807224], [76.83952052146196, 43.23788356035948], [76.83952052146196, 43.237884901463985], [76.83951515704393, 43.23788959532976], [76.83951247483492, 43.23789428919554], [76.83951046317816, 43.2378963008523], [76.83950912207365, 43.2378963008523], [76.83950912207365, 43.237897641956806], [76.83950778096914, 43.237897641956806], [76.83950778096914, 43.237898983061314], [76.83950375765562, 43.23790233582258], [76.83950375765562, 43.23790367692709], [76.83949302881956, 43.23791306465864], [76.83949034661055, 43.23791842907667], [76.83948833495378, 43.237919099628925], [76.83948833495378, 43.23792044073343], [76.83948565274477, 43.237922452390194], [76.83948498219252, 43.23793586343527], [76.83948565274477, 43.2379412278533], [76.83948699384928, 43.23794323951006], [76.83948699384928, 43.23794927448034], [76.83949302881956, 43.23796335607767], [76.83950174599886, 43.237971402704716], [76.83950174599886, 43.23797274380922], [76.83950643986464, 43.23797341436148], [76.83951314538717, 43.237976767122746], [76.8395185098052, 43.237976767122746], [76.83952052146196, 43.23797810822725], [76.83942262083292, 43.23797877877951]]]}, "properties": {"id": 640, "class": "road", "confidence": 100.0, "source": "Almaty_4", "source_model": "unet-roads", "centroid_wkt": "POINT (76.83949480104293 43.23779976740692)", "bbox": [76.83942262083292, 43.2376354560256, 76.8395996466279, 43.23797877877951], "pixel_bbox": [14757, 4864, 15021, 5376], "area_m2": 231.391}}, {"type": "Feature", "geometry": {"type": "Polygon", "coordinates": [[[76.83356400579214, 43.23765490204096], [76.8335559591651, 43.23765356093645], [76.83355394750834, 43.23765221983194], [76.83355126529932, 43.23765221983194], [76.8335485830903, 43.23765020817518], [76.83354321867228, 43.23764953762293], [76.83353651314974, 43.23764484375715], [76.83353651314974, 43.23764283210039], [76.83353383094072, 43.23764082044363], [76.83353383094072, 43.23763947933912], [76.83352913707495, 43.23763880878687], [76.8335284665227, 43.23763746768236], [76.83352578431368, 43.23763679713011], [76.83354120701551, 43.2376354560256], [76.83357205241919, 43.2376354560256], [76.83358278125525, 43.23763679713011], [76.83358211070299, 43.237638138234615], [76.83358009904623, 43.237638138234615], [76.83357875794172, 43.23763880878687], [76.83357875794172, 43.23764014989138], [76.83357741683722, 43.23764014989138], [76.83357808738947, 43.2376441732049], [76.8335733935237, 43.23765154927969], [76.83356400579214, 43.23765490204096]]]}, "properties": {"id": 641, "class": "road", "confidence": 100.0, "source": "Almaty_4", "source_model": "unet-roads", "centroid_wkt": "POINT (76.83355750303703 43.2376429710161)", "bbox": [76.83352578431368, 43.2376354560256, 76.83358278125525, 43.23765490204096], "pixel_bbox": [5963, 5347, 6048, 5376], "area_m2": 6.228}}, {"type": "Feature", "geometry": {"type": "Polygon", "coordinates": [[[76.8399691209197, 43.2376354560256], [76.83997381478548, 43.23763478547335], [76.83997247368097, 43.23763210326433], [76.83996979147196, 43.23763143271208], [76.83996979147196, 43.237627409398556], [76.83997314423323, 43.23761869221926], [76.83997046202421, 43.23761198669672], [76.8399691209197, 43.237611316144466], [76.83996845036745, 43.2376079633832], [76.83996375650167, 43.23760259896517], [76.83996241539717, 43.23759589344263], [76.83996442705393, 43.2375905290246], [76.83996710926294, 43.23758851736784], [76.83996710926294, 43.23758717626333], [76.83997247368097, 43.23758315294981], [76.83997381478548, 43.23758315294981], [76.83997448533773, 43.2375818118453], [76.83997984975576, 43.23757912963629], [76.83999728411436, 43.237580470740795], [76.83999862521887, 43.237578459084034], [76.83999862521887, 43.237573094666004], [76.83999996632338, 43.23757443577051], [76.84000130742788, 43.237573094666004], [76.8400039896369, 43.237573094666004], [76.84000466018915, 43.2375717535615], [76.84000734239817, 43.2375717535615], [76.8400140479207, 43.237575106322765], [76.84001605957747, 43.237575106322765], [76.84001941233873, 43.23757778853178], [76.84002410620451, 43.237578459084034], [76.84002477675676, 43.23757980018854], [76.84002678841352, 43.23757980018854], [76.84002745896578, 43.23758114129305], [76.84003349393606, 43.237583823502064], [76.84003416448832, 43.23758516460657], [76.84003885835409, 43.23758650571108], [76.84003952890635, 43.237587846815586], [76.84004489332438, 43.2375905290246], [76.84004489332438, 43.237593211233616], [76.84004824608564, 43.23759455233812], [76.84004623442888, 43.237598575651646], [76.84004556387663, 43.23760461062193], [76.84004422277212, 43.23760528117418], [76.84004355221987, 43.237609304487705], [76.8400415405631, 43.23761064559221], [76.84004087001085, 43.23761332780123], [76.84003818780184, 43.23761601001024], [76.84003684669733, 43.23761601001024], [76.8400314822793, 43.237622044980526], [76.8400314822793, 43.23762606829405], [76.8400301411748, 43.23762875050306], [76.84002678841352, 43.23763210326433], [76.84002544730902, 43.23763210326433], [76.84002611786127, 43.23763344436884], [76.84002410620451, 43.23763344436884], [76.84002880007029, 43.2376354560256], [76.8399691209197, 43.2376354560256]]]}, "properties": {"id": 642, "class": "road", "confidence": 100.0, "source": "Almaty_4", "source_model": "unet-roads", "centroid_wkt": "POINT (76.84000407799647 43.23760516842998)", "bbox": [76.83996241539717, 43.2375717535615, 76.84004824608564, 43.2376354560256], "pixel_bbox": [15562, 5376, 15690, 5471], "area_m2": 35.891}}, {"type": "Feature", "geometry": {"type": "Polygon", "coordinates": [[[76.83313149958849, 43.237670324742794], [76.83313149958849, 43.23766831308603], [76.83313015848398, 43.237666971981525], [76.83312680572271, 43.23766764253378], [76.8331241235137, 43.23766630142927], [76.83311741799116, 43.237659595906734], [76.83311741799116, 43.23765825480223], [76.83311339467764, 43.23765356093645], [76.83310937136412, 43.2376441732049], [76.83311004191637, 43.23763679713011], [76.83311138302088, 43.23763679713011], [76.83311138302088, 43.2376354560256], [76.83309327811003, 43.2376354560256], [76.83309461921453, 43.23763411492109], [76.83308724313974, 43.237632773816586], [76.83306243270636, 43.237632773816586], [76.83305639773607, 43.23763143271208], [76.83305572718382, 43.23763009160757], [76.83305237442255, 43.23762942105532], [76.83304969221354, 43.23762606829405], [76.83304835110903, 43.23762606829405], [76.833042986691, 43.237620033323765], [76.83304164558649, 43.23761533945799], [76.83304030448198, 43.23761399835348], [76.83304231613874, 43.2376079633832], [76.83304499834776, 43.23760528117418], [76.83305505663157, 43.23759991675615], [76.83306310325861, 43.23759790509939], [76.8330704793334, 43.23759455233812], [76.8330805376172, 43.237593211233616], [76.83308657258749, 43.2375905290246], [76.83308992534876, 43.2375905290246], [76.83309998363256, 43.23758717626333], [76.83310400694609, 43.23758516460657], [76.83310467749834, 43.237583823502064], [76.83310870081186, 43.237582482397556], [76.83311205357313, 43.23757912963629], [76.83311942964792, 43.23757577687502], [76.83312747627497, 43.23757577687502], [76.83312814682722, 43.237573094666004], [76.83313015848398, 43.237573094666004], [76.83313217014074, 43.23756907135248], [76.83313149958849, 43.237670324742794]]]}, "properties": {"id": 643, "class": "road", "confidence": 100.0, "source": "Almaty_4", "source_model": "unet-roads", "centroid_wkt": "POINT (76.83309820947792 43.23761479237784)", "bbox": [76.83304030448198, 43.23756907135248, 76.83313217014074, 43.237670324742794], "pixel_bbox": [5239, 5324, 5376, 5475], "area_m2": 40.03}}, {"type": "Feature", "geometry": {"type": "Polygon", "coordinates": [[[76.83993358165026, 43.237512074410915], [76.83992821723223, 43.237510062754154], [76.83992486447096, 43.237510062754154], [76.8399228528142, 43.23750872164965], [76.83991748839617, 43.23750872164965], [76.83990810066462, 43.237504698336124], [76.83990743011236, 43.23750335723162], [76.8399040773511, 43.23750268667936], [76.83990273624659, 43.2375006750226], [76.83990072458982, 43.2375006750226], [76.83990005403757, 43.237499333918095], [76.83989603072405, 43.23749732226133], [76.83989603072405, 43.237495981156826], [76.83989267796278, 43.23749329894781], [76.83989200741053, 43.237490616738796], [76.83988999575377, 43.23748927563429], [76.83988932520151, 43.237486593425274], [76.839887984097, 43.237486593425274], [76.83988731354475, 43.23748458176851], [76.83988463133574, 43.23748458176851], [76.83987993746996, 43.23748793452978], [76.83987054973841, 43.23748793452978], [76.8398692086339, 43.23748927563429], [76.83985780924559, 43.23749128729105], [76.83985110372305, 43.237493969500065], [76.83983903378248, 43.237495981156826], [76.83983232825994, 43.237495981156826], [76.83983098715544, 43.23749732226133], [76.83982830494642, 43.23749732226133], [76.83982696384192, 43.23749262839556], [76.83982696384192, 43.23746379464865], [76.83988060802221, 43.23746379464865], [76.83988463133574, 43.23746580630541], [76.83988597244024, 43.23747184127569], [76.83988865464926, 43.2374731823802], [76.83988865464926, 43.23747921735048], [76.83988731354475, 43.23748055845499], [76.83988731354475, 43.237483240664005], [76.83989133685827, 43.23748257011175], [76.83989133685827, 43.23748391121626], [76.83989200741053, 43.23748257011175], [76.83989468961954, 43.23748391121626], [76.83989468961954, 43.23748257011175], [76.83989603072405, 43.2374818995595], [76.83989603072405, 43.23747921735048], [76.8399054184556, 43.23747452348471], [76.8399154767394, 43.237475864589214], [76.83994632214308, 43.23747519403696], [76.83994900435209, 43.23747653514147], [76.83995168656111, 43.23748055845499], [76.83995168656111, 43.237483240664005], [76.83995638042688, 43.237491957843304], [76.83995638042688, 43.23749464005232], [76.83995772153139, 43.23749531060457], [76.83995705097914, 43.23749866336584], [76.83995839208364, 43.23750000447035], [76.83995973318815, 43.23749732226133], [76.83996241539717, 43.23749531060457], [76.83997180312872, 43.23749531060457], [76.83997247368097, 43.23749665170908], [76.83997716754675, 43.23749732226133], [76.83997917920351, 43.23750000447035], [76.83998052030802, 43.23750000447035], [76.83998052030802, 43.237501345574856], [76.83997917920351, 43.237501345574856], [76.83997984975576, 43.237504698336124], [76.83997716754675, 43.23750603944063], [76.83997716754675, 43.23750738054514], [76.83997448533773, 43.23750738054514], [76.83997247368097, 43.23750872164965], [76.83996241539717, 43.23750872164965], [76.8399590626359, 43.23750603944063], [76.8399590626359, 43.237504698336124], [76.83995705097914, 43.237504698336124], [76.83995369821787, 43.23750536888838], [76.83994766324759, 43.2375093922019], [76.83994431048632, 43.2375093922019], [76.83994229882956, 43.23751140385866], [76.83993358165026, 43.237512074410915]]]}, "properties": {"id": 644, "class": "road", "confidence": 100.0, "source": "Almaty_4", "source_model": "unet-roads", "centroid_wkt": "POINT (76.83989789123169 43.23748628791748)", "bbox": [76.83982696384192, 43.23746379464865, 76.83998052030802, 43.237512074410915], "pixel_bbox": [15360, 5560, 15589, 5632], "area_m2": 34.686}}, {"type": "Feature", "geometry": {"type": "Polygon", "coordinates": [[[76.83289211243391, 43.23776889592409], [76.83288607746363, 43.237767554819584], [76.83287870138884, 43.237767554819584], [76.83287736028433, 43.237766213715076], [76.83286931365728, 43.237766213715076], [76.83286193758249, 43.23776353150606], [76.8328545615077, 43.23776286095381], [76.8328532204032, 43.23776084929705], [76.83285120874643, 43.23776017874479], [76.83284651488066, 43.23776017874479], [76.83284785598516, 43.23775548487902], [76.83284383267164, 43.237751461565495], [76.83284316211939, 43.23774877935648], [76.83284115046263, 43.23774743825197], [76.83284115046263, 43.237746097147465], [76.83283779770136, 43.237742744386196], [76.83283779770136, 43.23774140328169], [76.83283645659685, 43.237740732729435], [76.83283645659685, 43.23773939162493], [76.83283511549234, 43.237738721072674], [76.83283511549234, 43.237737379968166], [76.83283109217882, 43.23773201555014], [76.83283176273108, 43.23772598057985], [76.83283645659685, 43.23772195726633], [76.83284249156713, 43.23771994560957], [76.83284316211939, 43.23771860450506], [76.83284718543291, 43.237717263400555], [76.83284919708967, 43.23771525174379], [76.83285254985094, 43.23771458119154], [76.8328545615077, 43.23771055787802], [76.83285724371672, 43.237708546221256], [76.83285925537348, 43.23770385235548], [76.83285858482122, 43.237693794071674], [76.8328532204032, 43.237688429653645], [76.8328545615077, 43.23768440634012], [76.8328532204032, 43.23768373578787], [76.8328532204032, 43.23768172413111], [76.83285120874643, 43.23767904192209], [76.83285120874643, 43.237670324742794], [76.83284316211939, 43.23765356093645], [76.83284182101488, 43.23764752596617], [76.83284316211939, 43.23764014989138], [76.83284115046263, 43.23763880878687], [76.83284115046263, 43.23763679713011], [76.8328445032239, 43.2376354560256], [76.83290485292673, 43.2376354560256], [76.83290686458349, 43.23763344436884], [76.83290753513575, 43.23763009160757], [76.83291289955378, 43.23762472718954], [76.83291558176279, 43.237620033323765], [76.83291558176279, 43.237618021667004], [76.83291759341955, 43.23761601001024], [76.8329182639718, 43.237609304487705], [76.83292094618082, 43.23760595172644], [76.83292295783758, 43.23760528117418], [76.83292295783758, 43.23760259896517], [76.8329256400466, 43.2375992462039], [76.83292631059885, 43.23758985847235], [76.83292496949434, 43.23758717626333], [76.83292362838984, 43.23758717626333], [76.83292228728533, 43.23758449405432], [76.83291357010603, 43.23757644742727], [76.83291357010603, 43.237575106322765], [76.83291155844927, 43.23757376521826], [76.83290954679251, 43.237569741904736], [76.83290753513575, 43.23756169527769], [76.832908205688, 43.237548284232616], [76.83291155844927, 43.237535543739796], [76.83291289955378, 43.23753487318754], [76.83291424065828, 43.237530179321766], [76.83291558176279, 43.23752950876951], [76.83291558176279, 43.2375268265605], [76.83291960507631, 43.237517438828945], [76.83292161673307, 43.23751609772444], [76.83292161673307, 43.23751475661993], [76.83292362838984, 43.23751341551542], [76.83292362838984, 43.237512074410915], [76.8329256400466, 43.23751073330641], [76.8329269811511, 43.23750805109739], [76.8329269811511, 43.23750536888838], [76.83292832225561, 43.23750402778387], [76.83292832225561, 43.237501345574856], [76.83293167501688, 43.237493969500065], [76.83293234556913, 43.23747921735048], [76.83292966336012, 43.237465135753155], [76.83293100446463, 43.23746379464865], [76.83296050876379, 43.23746379464865], [76.83296050876379, 43.237591199576855], [76.8329618498683, 43.23758985847235], [76.83296252042055, 43.237591199576855], [76.83296855539083, 43.237591199576855], [76.83297391980886, 43.23758985847235], [76.83297660201788, 43.237587846815586], [76.8329792842269, 43.237587846815586], [76.83297995477915, 43.23758650571108], [76.83298330754042, 43.23758516460657], [76.83298598974943, 43.2375818118453], [76.8329893425107, 43.23758114129305], [76.83299001306295, 43.23757980018854], [76.83299604803324, 43.23757711797953], [76.83299873024225, 43.23757443577051], [76.83300141245127, 43.23757443577051], [76.83300878852606, 43.23757108300924], [76.83301482349634, 43.23757242411375], [76.83301616460085, 43.23757376521826], [76.83301616460085, 43.23757577687502], [76.83301750570536, 43.23757644742727], [76.83301750570536, 43.237578459084034], [76.83301884680986, 43.23757912963629], [76.83302018791437, 43.23758516460657], [76.83302152901888, 43.23758650571108], [76.83302287012339, 43.23760997503996], [76.83301817625761, 43.23761064559221], [76.83301750570536, 43.23761198669672], [76.83301348239183, 43.23761198669672], [76.83301281183958, 43.23761601001024], [76.83301482349634, 43.237618021667004], [76.83301616460085, 43.237618021667004], [76.83301616460085, 43.23761936277151], [76.83301884680986, 43.23762137442827], [76.83301884680986, 43.23762606829405], [76.83302018791437, 43.2376267388463], [76.83302018791437, 43.23762875050306], [76.83301616460085, 43.23763009160757], [76.8330154940486, 43.23763143271208], [76.83301080018282, 43.23763143271208], [76.83300744742155, 43.23763478547335], [76.83300141245127, 43.23763478547335], [76.83299873024225, 43.23763344436884], [76.83299336582422, 43.2376354560256], [76.83296050876379, 43.23763478547335], [76.83295916765928, 43.2376354560256], [76.83296050876379, 43.23763880878687], [76.83295983821154, 43.23764618486166], [76.83295849710703, 43.23764618486166], [76.83295849710703, 43.237643502652645], [76.83295983821154, 43.23764283210039], [76.83295916765928, 43.23764082044363], [76.83295782655478, 43.237641490995884], [76.83295715600252, 43.23764484375715], [76.83295648545027, 43.23763947933912], [76.832953132689, 43.23764014989138], [76.83295380324125, 43.23764484375715], [76.83295246213675, 43.23765020817518], [76.83295380324125, 43.237656243145466], [76.832953132689, 43.237662948668], [76.83295112103224, 43.237666971981525], [76.83295179158449, 43.23767099529505], [76.83294977992773, 43.237675689160824], [76.83295045047998, 43.237679712474346], [76.83294910937548, 43.237683065235615], [76.83294642716646, 43.23768574744463], [76.83294575661421, 43.237688429653645], [76.83293502777815, 43.237699158489704], [76.83293368667364, 43.23770251125097], [76.83293100446463, 43.23770385235548], [76.83293100446463, 43.23770586401224], [76.83292966336012, 43.23770720511675], [76.83292832225561, 43.237706534564495], [76.8329269811511, 43.23771055787802], [76.83292496949434, 43.23771256953478], [76.83292429894209, 43.23771793395281], [76.83292295783758, 43.23771994560957], [76.83292295783758, 43.23772665113211], [76.83292161673307, 43.23772866278887], [76.83292161673307, 43.23773134499788], [76.83292027562857, 43.23773268610239], [76.83292027562857, 43.237735368311405], [76.83291759341955, 43.23774006217718], [76.8329169228673, 43.23775079101324], [76.83291424065828, 43.23775548487902], [76.83291424065828, 43.23775749653578], [76.83291222900152, 43.23775816708803], [76.83291021734476, 43.23776084929705], [76.83290887624025, 43.23776084929705], [76.83290887624025, 43.237762190401554], [76.83290015906096, 43.237766213715076], [76.8328994885087, 43.237767554819584], [76.83289211243391, 43.23776889592409]], [[76.83295514434576, 43.23763679713011], [76.83295782655478, 43.237636126577854], [76.83295782655478, 43.2376354560256], [76.83295246213675, 43.2376354560256], [76.83295514434576, 43.23763679713011]]]}, "properties": {"id": 645, "class": "road", "confidence": 100.0, "source": "Almaty_4", "source_model": "unet-roads", "centroid_wkt": "POINT (76.83292213339796 43.23763649168635)", "bbox": [76.83283109217882, 43.23746379464865, 76.83302287012339, 43.23776889592409], "pixel_bbox": [4927, 5177, 5213, 5632], "area_m2": 196.193}}, {"type": "Feature", "geometry": {"type": "Polygon", "coordinates": [[[76.83101791888475, 43.23746379464865], [76.83101322501898, 43.23746044188738], [76.83101188391447, 43.237452395260334], [76.8310071900487, 43.23744501918554], [76.83100651949644, 43.23743898421526], [76.83101121336222, 43.23743160814047], [76.83101255446672, 43.23743160814047], [76.83101389557123, 43.23742959648371], [76.83102127164602, 43.237425573170185], [76.83103803545237, 43.23742154985666], [76.83105412870646, 43.23741551488638], [76.83106150478125, 43.237414844334126], [76.83106619864702, 43.23741752654314], [76.83106619864702, 43.23741886764765], [76.8310722336173, 43.23741886764765], [76.83107156306505, 43.23746379464865], [76.83101791888475, 43.23746379464865]]]}, "properties": {"id": 646, "class": "road", "confidence": 100.0, "source": "Almaty_4", "source_model": "unet-roads", "centroid_wkt": "POINT (76.83104316592522 43.23744159327695)", "bbox": [76.83100651949644, 43.237414844334126, 76.8310722336173, 43.23746379464865], "pixel_bbox": [2206, 5632, 2304, 5705], "area_m2": 23.7}}, {"type": "Feature", "geometry": {"type": "Polygon", "coordinates": [[[76.8400663509965, 43.23753956705332], [76.84005964547396, 43.23753621429205], [76.84005629271269, 43.23753286153078], [76.84005629271269, 43.23753152042627], [76.84004623442888, 43.23752146214247], [76.84004355221987, 43.23751676827669], [76.8400415405631, 43.23751609772444], [76.8400415405631, 43.23751475661993], [76.84003885835409, 43.23751274496317], [76.84003818780184, 43.237510062754154], [76.84003349393606, 43.23750402778387], [76.84003349393606, 43.23750201612711], [76.8400314822793, 43.23750000447035], [76.84002812951803, 43.23749262839556], [76.84001941233873, 43.23748391121626], [76.8400127068162, 43.237481229007244], [76.84000130742788, 43.237481229007244], [76.84000130742788, 43.23747921735048], [76.83999996632338, 43.2374818995595], [76.83999996632338, 43.23747854679823], [76.83999862521887, 43.2374818995595], [76.83999862521887, 43.23746647685766], [76.83999996632338, 43.237467147409916], [76.84000331908464, 43.237465135753155], [76.84000734239817, 43.2374644652009], [76.83997046202421, 43.23746379464865], [76.83997314423323, 43.237463124096394], [76.83997314423323, 43.237461782991886], [76.83997180312872, 43.23746111243963], [76.83997180312872, 43.23745708912611], [76.83997448533773, 43.23745507746935], [76.83997448533773, 43.23745373636484], [76.83997917920351, 43.237449042499065], [76.83997917920351, 43.23744770139456], [76.83998052030802, 43.23744770139456], [76.83998588472605, 43.23744233697653], [76.8399966135621, 43.23743764311075], [76.83999795466661, 43.23743563145399], [76.84000063687563, 43.23743563145399], [76.84000600129366, 43.23743227869272], [76.8400127068162, 43.23743026703596], [76.84001673012972, 43.23742624372244], [76.84002075344324, 43.23742490261793], [76.8400214239955, 43.237423561513424], [76.84002544730902, 43.23742222040892], [76.84002611786127, 43.23742087930441], [76.84003550559282, 43.23741618543863], [76.84004221111536, 43.23741551488638], [76.84004690498114, 43.23741685599089], [76.84004757553339, 43.23741551488638], [76.84005159884691, 43.23741417378187], [76.84005226939917, 43.237412832677364], [76.84005428105593, 43.237412832677364], [76.84005495160818, 43.23741149157286], [76.84006031602621, 43.2374108210206], [76.84006568044424, 43.23740813881159], [76.84006702154875, 43.23740880936384], [76.84006903320551, 43.237407468259335], [76.84007305651903, 43.237407468259335], [76.84007439762354, 43.23740612715483], [76.84007775038481, 43.23740545660257], [76.84008713811636, 43.23740612715483], [76.84009451419115, 43.23740880936384], [76.84010054916143, 43.23740813881159], [76.8401039019227, 43.237409479916096], [76.84010792523623, 43.23740813881159], [76.84011328965425, 43.237409479916096], [76.84011932462454, 43.23741417378187], [76.8401213362813, 43.23741886764765], [76.84012401849031, 43.237420208752155], [76.84012468904257, 43.237423561513424], [76.84012603014708, 43.237423561513424], [76.84012670069933, 43.23742490261793], [76.84012670069933, 43.23743898421526], [76.84012334793806, 43.2374456897378], [76.84012200683355, 43.2374456897378], [76.8401213362813, 43.23744837194681], [76.84011932462454, 43.237449042499065], [76.84011865407228, 43.237452395260334], [76.84011664241552, 43.237452395260334], [76.84011597186327, 43.23745843023062], [76.84011396020651, 43.23745843023062], [76.84011328965425, 43.23746111243963], [76.84011194854975, 43.23746111243963], [76.84011328965425, 43.23746379464865], [76.8401025608182, 43.2374644652009], [76.8401025608182, 43.23747988790274], [76.84010457247496, 43.237488605082035], [76.84010457247496, 43.237501345574856], [76.84010323137045, 43.23750805109739], [76.84010054916143, 43.23751274496317], [76.84009987860918, 43.23751676827669], [76.84009585529566, 43.237520791590214], [76.84009451419115, 43.23752414435148], [76.84008311480284, 43.23753487318754], [76.84007506817579, 43.237538896501064], [76.8400663509965, 43.23753956705332]]]}, "properties": {"id": 647, "class": "road", "confidence": 100.0, "source": "Almaty_4", "source_model": "unet-roads", "centroid_wkt": "POINT (76.84006096087452 43.237463111116114)", "bbox": [76.83997046202421, 43.23740545660257, 76.84012670069933, 43.23753956705332], "pixel_bbox": [15574, 5519, 15807, 5719], "area_m2": 106.028}}, {"type": "Feature", "geometry": {"type": "Polygon", "coordinates": [[[76.83644134551287, 43.237310238182545], [76.83643463999033, 43.23730889707804], [76.8364292755723, 43.23730956763029], [76.83642324060202, 43.23730755597353], [76.83641653507948, 43.237306885421276], [76.83641251176596, 43.23730353266001], [76.8364105001092, 43.23729883879423], [76.83641452342272, 43.23729481548071], [76.83642189949751, 43.237294144928455], [76.83642659336329, 43.237294144928455], [76.83642994612455, 43.23729481548071], [76.83643128722906, 43.23729615658522], [76.83644000440836, 43.237297497689724], [76.83644067496061, 43.23729883879423], [76.83644335716963, 43.23729883879423], [76.83644402772188, 43.23730017989874], [76.83644536882639, 43.23730017989874], [76.8364480510354, 43.23730420321226], [76.8364480510354, 43.23730755597353], [76.8364467099309, 43.23730755597353], [76.83644536882639, 43.23730956763029], [76.83644134551287, 43.237310238182545]]]}, "properties": {"id": 648, "class": "road", "confidence": 100.0, "source": "Almaty_4", "source_model": "unet-roads", "centroid_wkt": "POINT (76.8364296003382 43.23730185219206)", "bbox": [76.8364105001092, 43.237294144928455, 76.8364480510354, 43.237310238182545], "pixel_bbox": [10265, 5861, 10321, 5885], "area_m2": 3.883}}, {"type": "Feature", "geometry": {"type": "Polygon", "coordinates": [[[76.83064509183168, 43.237306885421276], [76.83063570410013, 43.23730621486902], [76.83063570410013, 43.237304873764515], [76.83063436299562, 43.237304873764515], [76.83063436299562, 43.23730353266001], [76.83063302189112, 43.237302862107754], [76.83063369244337, 43.237299509346485], [76.83063637465239, 43.23729883879423], [76.83063637465239, 43.23729615658522], [76.83063503354788, 43.23729682713747], [76.83063302189112, 43.23729548603296], [76.83062765747309, 43.23729682713747], [76.83061826974154, 43.2372934743762], [76.83065917342901, 43.2372934743762], [76.83065045624971, 43.23730017989874], [76.8306491151452, 43.237304873764515], [76.83064509183168, 43.237306885421276]]]}, "properties": {"id": 649, "class": "road", "confidence": 100.0, "source": "Almaty_4", "source_model": "unet-roads", "centroid_wkt": "POINT (76.83064198747648 43.23729838628197)", "bbox": [76.83061826974154, 43.2372934743762, 76.83065917342901, 43.237306885421276], "pixel_bbox": [1627, 5866, 1688, 5886], "area_m2": 2.36}}, {"type": "Feature", "geometry": {"type": "Polygon", "coordinates": [[[76.83753099292517, 43.23749464005232], [76.83752227574587, 43.23748994618654], [76.83751758188009, 43.23748927563429], [76.83751489967108, 43.23748726397753], [76.83751154690981, 43.237486593425274], [76.83750350028276, 43.237477876245975], [76.83750350028276, 43.23746848851442], [76.83750081807375, 43.23746647685766], [76.83749746531248, 43.23746647685766], [76.83749478310347, 43.237465135753155], [76.8375189229846, 43.23746379464865], [76.83754842728376, 43.23746379464865], [76.83755312114954, 43.23746245354414], [76.83755043894053, 43.237461782991886], [76.83755110949278, 43.23746044188738], [76.83754976838827, 43.23746044188738], [76.83754976838827, 43.237457759678364], [76.83754842728376, 43.23745708912611], [76.83754842728376, 43.23745038360357], [76.83754574507475, 43.23744032531977], [76.8375450745225, 43.23742624372244], [76.83754976838827, 43.237407468259335], [76.83755312114954, 43.237400092184544], [76.83755312114954, 43.23739606887102], [76.8375551328063, 43.237391375005245], [76.83755580335855, 43.23738466948271], [76.83755781501532, 43.23738131672144], [76.83755848556757, 43.23737662285566], [76.83755982667208, 43.237375281751156], [76.83755982667208, 43.23737259954214], [76.83756250888109, 43.23736656457186], [76.83756452053785, 43.23735047131777], [76.83756720274687, 43.23734309524298], [76.83756653219461, 43.23732767254114], [76.83756452053785, 43.237322978675365], [76.83756720274687, 43.23730554431677], [76.83757055550814, 43.23730017989874], [76.83757055550814, 43.23729816824198], [76.83757189661264, 43.23729682713747], [76.83757122606039, 43.23729548603296], [76.83757457882166, 43.237292133271694], [76.83759469538927, 43.237292133271694], [76.83759536594152, 43.23734175413847], [76.83759603649378, 43.23733974248171], [76.83759737759829, 43.23733974248171], [76.8376000598073, 43.23734175413847], [76.8376000598073, 43.23734309524298], [76.83760140091181, 43.23734242469072], [76.83760207146406, 43.23734376579523], [76.83760408312082, 43.23734376579523], [76.83760944753885, 43.23735047131777], [76.83761078864336, 43.237355165183544], [76.83760944753885, 43.237365894019604], [76.83760408312082, 43.237365894019604], [76.83760140091181, 43.23736857622862], [76.8375987187028, 43.23736924678087], [76.8375987187028, 43.23737058788538], [76.83759737759829, 43.23737125843763], [76.83759670704603, 43.237369917333126], [76.83759536594152, 43.237369917333126], [76.83759536594152, 43.23746379464865], [76.83756317943335, 43.23746379464865], [76.83756787329912, 43.237465135753155], [76.83758195489645, 43.23746580630541], [76.83758061379194, 43.23746580630541], [76.83758061379194, 43.237467147409916], [76.83757860213518, 43.23746781796217], [76.83755848556757, 43.23746848851442], [76.83755781501532, 43.2374731823802], [76.83755580335855, 43.237475864589214], [76.83755580335855, 43.23747921735048], [76.83755043894053, 43.23748726397753], [76.83754775673151, 43.23748793452978], [76.83754708617926, 43.23748994618654], [76.83754574507475, 43.23748994618654], [76.83754373341799, 43.23749262839556], [76.8375376984477, 43.23749329894781], [76.83753568679094, 43.23749464005232], [76.83753099292517, 43.23749464005232]], [[76.83756183832884, 43.23746379464865], [76.83756250888109, 43.2374644652009], [76.83756250888109, 43.23746379464865], [76.83756183832884, 43.23746379464865]]]}, "properties": {"id": 650, "class": "road", "confidence": 100.0, "source": "Almaty_4", "source_model": "unet-roads", "centroid_wkt": "POINT (76.83756949681505 43.237402319289124)", "bbox": [76.83749478310347, 43.237292133271694, 76.83761078864336, 43.23749464005232], "pixel_bbox": [11882, 5586, 12055, 5888], "area_m2": 74.233}}, {"type": "Feature", "geometry": {"type": "Polygon", "coordinates": [[[76.83950711041689, 43.23729012161493], [76.83949302881956, 43.23729012161493], [76.83949168771505, 43.237288780510426], [76.83948967605829, 43.23729012161493], [76.83948498219252, 43.23728945106268], [76.83948498219252, 43.23726933449507], [76.83948565274477, 43.237270675599575], [76.83948632329702, 43.23726933449507], [76.83949906378984, 43.23726933449507], [76.83950375765562, 43.237270675599575], [76.83950442820787, 43.23727201670408], [76.83950711041689, 43.23727201670408], [76.83951180428267, 43.23727536946535], [76.83951180428267, 43.23727738112211], [76.83951381593943, 43.23728073388338], [76.83951314538717, 43.23728609830141], [76.83950711041689, 43.23729012161493]]]}, "properties": {"id": 651, "class": "road", "confidence": 100.0, "source": "Almaty_4", "source_model": "unet-roads", "centroid_wkt": "POINT (76.83949841963766 43.237279795558976)", "bbox": [76.83948498219252, 43.23726933449507, 76.83951381593943, 43.23729012161493], "pixel_bbox": [14850, 5891, 14893, 5922], "area_m2": 4.749}}, {"type": "Feature", "geometry": {"type": "Polygon", "coordinates": [[[76.83639373630285, 43.237292133271694], [76.83639373630285, 43.23726397007704], [76.83639507740736, 43.23725190013647], [76.83639574795961, 43.237254582345486], [76.83639708906412, 43.23725391179323], [76.83639775961637, 43.23725592344999], [76.83641117066145, 43.23725659400225], [76.83641653507948, 43.23725927621126], [76.83641787618399, 43.23726195842028], [76.83643128722906, 43.2372659817338], [76.83643262833357, 43.237267322838306], [76.83644268661737, 43.23726799339056], [76.83644536882639, 43.23727000504732], [76.83645006269217, 43.23727000504732], [76.83645341545343, 43.23727201670408], [76.83646012097597, 43.23727201670408], [76.83646682649851, 43.237274028360844], [76.83647286146879, 43.237274028360844], [76.83647487312555, 43.23727536946535], [76.83647822588682, 43.23727536946535], [76.83648560196161, 43.237278051674366], [76.83648962527514, 43.237278051674366], [76.83649096637964, 43.23727939277887], [76.83649700134993, 43.23728073388338], [76.83649901300669, 43.23728274554014], [76.8365016952157, 43.237283416092396], [76.83650303632021, 43.23728542774916], [76.83650437742472, 43.23728542774916], [76.83650437742472, 43.23728743940592], [76.83650102466345, 43.237288780510426], [76.83650102466345, 43.23729012161493], [76.83650303632021, 43.23729079216719], [76.83650102466345, 43.237292133271694], [76.83639373630285, 43.237292133271694]]]}, "properties": {"id": 652, "class": "road", "confidence": 100.0, "source": "Almaty_4", "source_model": "unet-roads", "centroid_wkt": "POINT (76.83643754942516 43.23727873802456)", "bbox": [76.83639373630285, 43.23725190013647, 76.83650437742472, 43.237292133271694], "pixel_bbox": [10240, 5888, 10405, 5948], "area_m2": 22.806}}, {"type": "Feature", "geometry": {"type": "Polygon", "coordinates": [[[76.84012603014708, 43.2373833283782], [76.84011865407228, 43.23737997561693], [76.84011865407228, 43.237378634512424], [76.84011731296778, 43.237378634512424], [76.84011463075876, 43.237375281751156], [76.84011328965425, 43.237375281751156], [76.84011328965425, 43.23737394064665], [76.84010926634073, 43.23737058788538], [76.84010792523623, 43.23736723512411], [76.84010591357946, 43.237365894019604], [76.84010524302721, 43.23736321181059], [76.84010121971369, 43.23735918849707], [76.84009987860918, 43.23735918849707], [76.84009853750467, 43.237357176840305], [76.84009585529566, 43.2373558357358], [76.84008914977312, 43.2373558357358], [76.84008914977312, 43.237357176840305], [76.8400864675641, 43.23735851794481], [76.8400851264596, 43.237364552915096], [76.84008244425058, 43.237369917333126], [76.84007842093706, 43.23737394064665], [76.84007573872805, 43.2373746111989], [76.84007573872805, 43.23737595230341], [76.84006903320551, 43.23737930506468], [76.84006702154875, 43.23737930506468], [76.84006433933973, 43.23738131672144], [76.84005696326494, 43.23738198727369], [76.84004489332438, 43.23737729340792], [76.84004489332438, 43.23737595230341], [76.84003952890635, 43.23737125843763], [76.84003818780184, 43.23736656457186], [76.84003617614508, 43.23736522346735], [76.84003550559282, 43.237360529601574], [76.84003416448832, 43.23735918849707], [76.84003282338381, 43.23735449463129], [76.84003282338381, 43.237344436347485], [76.8400314822793, 43.237341083586216], [76.84003215283155, 43.23732431977987], [76.84003818780184, 43.2373021915555], [76.84003818780184, 43.23729280382395], [76.84002410620451, 43.237292133271694], [76.84003081172705, 43.23729146271944], [76.8400314822793, 43.23729012161493], [76.84002343565226, 43.23728609830141], [76.8400227651, 43.23728207498789], [76.8400214239955, 43.237281404435635], [76.84002075344324, 43.237278051674366], [76.84001673012972, 43.23727201670408], [76.84001605957747, 43.23726128786802], [76.84001941233873, 43.237254582345486], [76.84002812951803, 43.237247206270695], [76.84003081172705, 43.23724586516619], [76.84003952890635, 43.23724452406168], [76.84004221111536, 43.23724251240492], [76.84004690498114, 43.237241841852665], [76.84005428105593, 43.237238489091396], [76.84005830436945, 43.23723781853914], [76.84006098657846, 43.23723580688238], [76.84006299823523, 43.23723580688238], [76.84006366878748, 43.237234465777874], [76.84006568044424, 43.237234465777874], [76.84006836265326, 43.23723178356886], [76.84007305651903, 43.2372297719121], [76.84007909148932, 43.23722440749407], [76.84008311480284, 43.23722306638956], [76.84008378535509, 43.23722172528505], [76.84009049087763, 43.237218372523785], [76.84009183198214, 43.23721636086702], [76.84010189026594, 43.237210996448994], [76.84010725468397, 43.237209655344486], [76.84010792523623, 43.23720831423998], [76.840112619102, 43.23720697313547], [76.84012401849031, 43.23720697313547], [76.8401387706399, 43.23720898479223], [76.84014480561018, 43.237210996448994], [76.84016022831202, 43.23721166700125], [76.84016223996878, 43.23721032589674], [76.84016827493906, 43.23721032589674], [76.84017028659582, 43.23720630258322], [76.84017028659582, 43.237292133271694], [76.84017229825258, 43.2372934743762], [76.84017162770033, 43.23729883879423], [76.8401763215661, 43.23730085045099], [76.84017766267061, 43.237302862107754], [76.84018168598413, 43.23730420321226], [76.84018168598413, 43.23730755597353], [76.84018302708864, 43.237310238182545], [76.84018235653639, 43.23732163757086], [76.84018034487963, 43.23732431977987], [76.84017900377512, 43.23733102530241], [76.84017766267061, 43.237331695854664], [76.8401763215661, 43.23733638972044], [76.84017363935709, 43.23733974248171], [76.84017363935709, 43.23734175413847], [76.84017028659582, 43.23734577745199], [76.84017028659582, 43.23736857622862], [76.8401676043868, 43.237367905676365], [76.84016693383455, 43.23736924678087], [76.84016223996878, 43.23737058788538], [76.84016156941652, 43.23737192898989], [76.840157546103, 43.237373270094395], [76.84015352278948, 43.23737662285566], [76.84015151113272, 43.23737662285566], [76.84014681726694, 43.23737930506468], [76.84014145284891, 43.23737997561693], [76.8401387706399, 43.23738198727369], [76.84013407677412, 43.2373833283782], [76.84012603014708, 43.2373833283782]]]}, "properties": {"id": 653, "class": "road", "confidence": 100.0, "source": "Almaty_4", "source_model": "unet-roads", "centroid_wkt": "POINT (76.8401048172528 43.237295851999654)", "bbox": [76.84001605957747, 43.23720630258322, 76.84018302708864, 43.2373833283782], "pixel_bbox": [15642, 5752, 15891, 6016], "area_m2": 198.288}}, {"type": "Feature", "geometry": {"type": "Polygon", "coordinates": [[[76.83852542191744, 43.237292133271694], [76.83852072805166, 43.23729079216719], [76.83852273970842, 43.237288780510426], [76.83852139860392, 43.237286768853664], [76.83852273970842, 43.23726799339056], [76.83852072805166, 43.237259946763515], [76.83851804584265, 43.23725525289774], [76.83851804584265, 43.237252570688725], [76.83851536363363, 43.2372485473752], [76.83851536363363, 43.23724452406168], [76.83851402252913, 43.23724318295717], [76.83851536363363, 43.237239830195904], [76.83851402252913, 43.23723714798689], [76.83851402252913, 43.237225748598576], [76.83851603418589, 43.23721971362829], [76.8385187163949, 43.23721703141928], [76.83851804584265, 43.23721434921026], [76.83852273970842, 43.237210996448994], [76.83852341026068, 43.23720831423998], [76.83852542191744, 43.23720630258322], [76.83854218572378, 43.23719959706068], [76.83855224400759, 43.23719959706068], [76.83855626732111, 43.237202279269695], [76.83855827897787, 43.237202279269695], [76.8385636433959, 43.237210996448994], [76.8385636433959, 43.23721636086702], [76.83856096118689, 43.23722507804632], [76.83856096118689, 43.237234465777874], [76.83855962008238, 43.237239830195904], [76.83855827897787, 43.23724117130041], [76.83855626732111, 43.237252570688725], [76.83855693787336, 43.2372572645545], [76.83855626732111, 43.23726128786802], [76.8385549262166, 43.23726262897253], [76.8385549262166, 43.23726799339056], [76.8385535851121, 43.23726933449507], [76.8385549262166, 43.237278051674366], [76.83855693787336, 43.23727939277887], [76.83855760842562, 43.23728207498789], [76.83855693787336, 43.237286768853664], [76.83855425566435, 43.23729146271944], [76.83852542191744, 43.237292133271694]]]}, "properties": {"id": 654, "class": "road", "confidence": 100.0, "source": "Almaty_4", "source_model": "unet-roads", "centroid_wkt": "POINT (76.83853914133377 43.23724406085273)", "bbox": [76.83851402252913, 43.23719959706068, 76.8385636433959, 43.237292133271694], "pixel_bbox": [13402, 5888, 13476, 6026], "area_m2": 31.99}}, {"type": "Feature", "geometry": {"type": "Polygon", "coordinates": [[[76.8395097926259, 43.23723044246435], [76.8395010754466, 43.23722776025534], [76.83949772268534, 43.23722440749407], [76.83949638158083, 43.2372210547328], [76.83949638158083, 43.237215019762516], [76.83949906378984, 43.23720898479223], [76.83950778096914, 43.23719959706068], [76.83952052146196, 43.237194903194904], [76.8395359441638, 43.2371935620904], [76.83954063802958, 43.23719557374716], [76.83954399079084, 43.23719557374716], [76.83954533189535, 43.237196914851665], [76.83954734355211, 43.237196914851665], [76.83955002576113, 43.23719959706068], [76.83955270797014, 43.237200267612934], [76.83955539017916, 43.23720496147871], [76.83955539017916, 43.237210996448994], [76.83955002576113, 43.237220384180546], [76.83954868465662, 43.237220384180546], [76.83954667299986, 43.23722306638956], [76.83953125029802, 43.237229101359844], [76.8395097926259, 43.23723044246435]]]}, "properties": {"id": 655, "class": "road", "confidence": 100.0, "source": "Almaty_4", "source_model": "unet-roads", "centroid_wkt": "POINT (76.83952592904447 43.237212006605844)", "bbox": [76.83949638158083, 43.2371935620904, 76.83955539017916, 43.23723044246435], "pixel_bbox": [14867, 5980, 14955, 6035], "area_m2": 15.086}}, {"type": "Feature", "geometry": {"type": "Polygon", "coordinates": [[[76.84001874178648, 43.237215019762516], [76.84000935405493, 43.23721367865801], [76.84000466018915, 43.237209655344486], [76.84000331908464, 43.23719758540392], [76.84000130742788, 43.23719557374716], [76.83999862521887, 43.23718886822462], [76.83999862521887, 43.23712047189474], [76.84003684669733, 43.237121142446995], [76.84003885835409, 43.23712181299925], [76.84003885835409, 43.237123154103756], [76.84003550559282, 43.23712516576052], [76.84003550559282, 43.237128518521786], [76.84003952890635, 43.23713321238756], [76.84003952890635, 43.2371399179101], [76.84003684669733, 43.23714528232813], [76.84003550559282, 43.237144611775875], [76.84003550559282, 43.2371486350894], [76.84003751724958, 43.23715064674616], [76.84003751724958, 43.23715601116419], [76.84004221111536, 43.23716338723898], [76.84004221111536, 43.2371674105525], [76.84004489332438, 43.23717478662729], [76.84004489332438, 43.23718283325434], [76.84004355221987, 43.2371848449111], [76.84004355221987, 43.23718886822462], [76.84003818780184, 43.23719959706068], [76.84003550559282, 43.23720160871744], [76.84003550559282, 43.23720294982195], [76.84003416448832, 43.23720294982195], [76.84003416448832, 43.23720429092646], [76.84002947062254, 43.23720831423998], [76.84002947062254, 43.237209655344486], [76.84002678841352, 43.2372123375535], [76.8400214239955, 43.237213008105755], [76.84001874178648, 43.237215019762516]]]}, "properties": {"id": 656, "class": "road", "confidence": 100.0, "source": "Almaty_4", "source_model": "unet-roads", "centroid_wkt": "POINT (76.8400198785164 43.23716541814922)", "bbox": [76.83999862521887, 43.23712047189474, 76.84004489332438, 43.237215019762516], "pixel_bbox": [15616, 6003, 15685, 6144], "area_m2": 32.785}}, {"type": "Feature", "geometry": {"type": "Polygon", "coordinates": [[[76.83192986994982, 43.23721770197153], [76.83192986994982, 43.23721636086702], [76.8319271877408, 43.23721636086702], [76.83192651718855, 43.237215019762516], [76.83192316442728, 43.237215019762516], [76.83191981166601, 43.237213008105755], [76.83191780000925, 43.237213008105755], [76.83191511780024, 43.23721032589674], [76.83190640062094, 43.237184174358845], [76.83190237730742, 43.23717813938856], [76.83189902454615, 43.23716338723898], [76.83189768344164, 43.23716204613447], [76.83189701288939, 43.23715399950743], [76.83189835399389, 43.237146623432636], [76.8318996950984, 43.237144611775875], [76.83190036565065, 43.23713790625334], [76.83190170675516, 43.23713656514883], [76.83190237730742, 43.237131871283054], [76.83190438896418, 43.23712784796953], [76.83190573006868, 43.23712717741728], [76.83190707117319, 43.2371224835515], [76.8319097533822, 43.23712047189474], [76.83192919939756, 43.23712047189474], [76.83193054050207, 43.237123154103756], [76.83192986994982, 43.23721770197153]]]}, "properties": {"id": 657, "class": "road", "confidence": 100.0, "source": "Almaty_4", "source_model": "unet-roads", "centroid_wkt": "POINT (76.83191705262028 43.23716292092753)", "bbox": [76.83189701288939, 43.23712047189474, 76.83193054050207, 43.23721770197153], "pixel_bbox": [3534, 5999, 3584, 6144], "area_m2": 21.854}}, {"type": "Feature", "geometry": {"type": "Polygon", "coordinates": [[[76.83690872043371, 43.2371486350894], [76.83690804988146, 43.23714394122362], [76.83690402656794, 43.23714394122362], [76.83689463883638, 43.23714058846235], [76.83689530938864, 43.23713455349207], [76.8368973210454, 43.23713321238756], [76.8368973210454, 43.237131871283054], [76.83689933270216, 43.23713053017855], [76.83690067380667, 43.23712717741728], [76.83690402656794, 43.23712382465601], [76.83690804988146, 43.237123154103756], [76.83690804988146, 43.23712047189474], [76.83694157749414, 43.23712047189474], [76.83694493025541, 43.23712181299925], [76.8369435891509, 43.2371224835515], [76.83694425970316, 43.23713053017855], [76.83693554252386, 43.23713857680559], [76.83693688362837, 43.23714058846235], [76.83693621307611, 43.23714327067137], [76.83692816644907, 43.23714595288038], [76.83692213147879, 43.237146623432636], [76.83692146092653, 43.237147964537144], [76.83691944926977, 43.23714729398489], [76.83691810816526, 43.2371486350894], [76.83690872043371, 43.2371486350894]]]}, "properties": {"id": 658, "class": "road", "confidence": 100.0, "source": "Almaty_4", "source_model": "unet-roads", "centroid_wkt": "POINT (76.83692025005126 43.23713294403713)", "bbox": [76.83689463883638, 43.23712047189474, 76.83694493025541, 43.2371486350894], "pixel_bbox": [10987, 6102, 11062, 6144], "area_m2": 9.452}}, {"type": "Feature", "geometry": {"type": "Polygon", "coordinates": [[[76.83898877352476, 43.23712985962629], [76.83898206800222, 43.23712784796953], [76.83897603303194, 43.23712449520826], [76.83897066861391, 43.23712516576052], [76.83896999806166, 43.23712784796953], [76.83896999806166, 43.237121142446995], [76.83897737413645, 43.237121142446995], [76.8389693275094, 43.23712047189474], [76.83896865695715, 43.23711846023798], [76.83896865695715, 43.23709029704332], [76.83896999806166, 43.23708225041628], [76.83897335082293, 43.23708560317755], [76.83897871524096, 43.237083591520786], [76.83898542076349, 43.237083591520786], [76.83901358395815, 43.23709096759558], [76.83901492506266, 43.237092308700085], [76.83901894837618, 43.23709297925234], [76.83902431279421, 43.237097673118114], [76.83902565389872, 43.237097673118114], [76.83902699500322, 43.237099684774876], [76.83902833610773, 43.237099684774876], [76.83903101831675, 43.237105049192905], [76.83902900665998, 43.23711309581995], [76.83902632445097, 43.23711711913347], [76.83902431279421, 43.23711711913347], [76.83902431279421, 43.23711846023798], [76.8390216305852, 43.23711846023798], [76.83901827782393, 43.23712047189474], [76.83901358395815, 43.23712047189474], [76.83901492506266, 43.237121142446995], [76.83901492506266, 43.2371224835515], [76.8390055373311, 43.23712717741728], [76.83900017291307, 43.23712784796953], [76.83899883180857, 43.23712918907404], [76.8389954790473, 43.23712985962629], [76.83898877352476, 43.23712985962629]]]}, "properties": {"id": 659, "class": "road", "confidence": 100.0, "source": "Almaty_4", "source_model": "unet-roads", "centroid_wkt": "POINT (76.83899602483056 43.237106316682464)", "bbox": [76.83896865695715, 43.23708225041628, 76.83903101831675, 43.23712985962629], "pixel_bbox": [14080, 6130, 14173, 6201], "area_m2": 19.937}}, {"type": "Feature", "geometry": {"type": "Polygon", "coordinates": [[[76.84012468904257, 43.23718350380659], [76.84011932462454, 43.23718149214983], [76.84011060744524, 43.23717277497053], [76.84010792523623, 43.23716472834349], [76.84010591357946, 43.23716204613447], [76.84010524302721, 43.23715802282095], [76.8401039019227, 43.23715668171644], [76.8401025608182, 43.23714729398489], [76.84009987860918, 43.23714125901461], [76.84009786695242, 43.23713254183531], [76.84009786695242, 43.23712181299925], [76.84009853750467, 43.23712047189474], [76.8401025608182, 43.23711980134249], [76.8401025608182, 43.237052746117115], [76.84010457247496, 43.23704872280359], [76.84010859578848, 43.237045370042324], [76.84010859578848, 43.23704402893782], [76.8401112779975, 43.2370413467288], [76.84012066572905, 43.23703598231077], [76.8401387706399, 43.23703531175852], [76.84014480561018, 43.237036652863026], [76.84015285223722, 43.237036652863026], [76.8401562049985, 43.23703799396753], [76.84017028659582, 43.23703732341528], [76.84017162770033, 43.237047381699085], [76.84017766267061, 43.237049393355846], [76.84018101543188, 43.237049393355846], [76.84018302708864, 43.23705140501261], [76.84018705040216, 43.23705207556486], [76.84018973261118, 43.237054757773876], [76.84019308537245, 43.23705542832613], [76.84019844979048, 43.2370587810874], [76.84020046144724, 43.2370587810874], [76.84021521359682, 43.23706615716219], [76.84022326022387, 43.23706816881895], [76.84023130685091, 43.23707554489374], [76.84023398905993, 43.23708225041628], [76.84023398905993, 43.23708962649107], [76.84023130685091, 43.23709901422262], [76.8402286246419, 43.237103037536144], [76.8402286246419, 43.23710571974516], [76.84022594243288, 43.23710907250643], [76.84022594243288, 43.237112425267696], [76.84022393077612, 43.23711644858122], [76.84022460132837, 43.23711846023798], [76.84022326022387, 43.23711846023798], [76.84022258967161, 43.23711980134249], [76.84024807065725, 43.23712047189474], [76.84025343507528, 43.2371224835515], [76.84025209397078, 43.2371224835515], [76.84025276452303, 43.23712382465601], [76.84025075286627, 43.23712516576052], [76.84025008231401, 43.23712784796953], [76.84024471789598, 43.23713053017855], [76.84024471789598, 43.237131871283054], [76.84024069458246, 43.23713589459658], [76.84023331850767, 43.237137235701084], [76.84023197740316, 43.23713857680559], [76.84022929519415, 43.23713857680559], [76.84022728353739, 43.23714058846235], [76.84022326022387, 43.23714125901461], [76.84022258967161, 43.237142600119114], [76.84021454304457, 43.237146623432636], [76.84021186083555, 43.23714930564165], [76.84020649641752, 43.237151987850666], [76.840202473104, 43.23715265840292], [76.84019979089499, 43.23715467005968], [76.84019643813372, 43.23715467005968], [76.84019174426794, 43.23715668171644], [76.84018101543188, 43.237157352268696], [76.84017565101385, 43.23715668171644], [76.8401749804616, 43.237155340611935], [76.84017095714808, 43.23715399950743], [76.84017028659582, 43.237173445522785], [76.84016358107328, 43.237173445522785], [76.84016223996878, 43.23717478662729], [76.84015352278948, 43.23717746883631], [76.84014949947596, 43.23718015104532], [76.84014078229666, 43.23718149214983], [76.8401387706399, 43.23718283325434], [76.84012468904257, 43.23718350380659]]]}, "properties": {"id": 660, "class": "road", "confidence": 100.0, "source": "Almaty_4", "source_model": "unet-roads", "centroid_wkt": "POINT (76.84016090541634 43.23710686630224)", "bbox": [76.84009786695242, 43.23703531175852, 76.84025343507528, 43.23718350380659], "pixel_bbox": [15764, 6050, 15996, 6271], "area_m2": 138.421}}, {"type": "Feature", "geometry": {"type": "Polygon", "coordinates": [[[76.83876346796751, 43.237018547952175], [76.83875810354948, 43.237018547952175], [76.83875743299723, 43.23701720684767], [76.83875475078821, 43.237016536295414], [76.83875475078821, 43.23701519519091], [76.83875139802694, 43.2370138540864], [76.83875072747469, 43.23700848966837], [76.83874938637018, 43.237007819116116], [76.83874603360891, 43.237000443041325], [76.83874536305666, 43.2369964197278], [76.83874804526567, 43.236989714205265], [76.83875139802694, 43.23698703199625], [76.83875408023596, 43.236986361443996], [76.83875877410173, 43.23698703199625], [76.83876682072878, 43.23699105530977], [76.83876816183329, 43.23699239641428], [76.83876816183329, 43.23699440807104], [76.8387695029378, 43.236995078623295], [76.83877017349005, 43.237007819116116], [76.83876816183329, 43.23701184242964], [76.83876816183329, 43.23701452463865], [76.83876346796751, 43.237018547952175]]]}, "properties": {"id": 661, "class": "road", "confidence": 100.0, "source": "Almaty_4", "source_model": "unet-roads", "centroid_wkt": "POINT (76.8387587808993 43.23700155644855)", "bbox": [76.83874536305666, 43.236986361443996, 76.83877017349005, 43.237018547952175], "pixel_bbox": [13747, 6296, 13784, 6344], "area_m2": 5.37}}, {"type": "Feature", "geometry": {"type": "Polygon", "coordinates": [[[76.83867294341326, 43.23701787739992], [76.83867026120424, 43.23701452463865], [76.83866959065199, 43.23700983077288], [76.83866757899523, 43.23700848966837], [76.83866623789072, 43.2370051369071], [76.83866757899523, 43.23700111359358], [76.83866757899523, 43.236995078623295], [76.83866959065199, 43.23698904365301], [76.838672272861, 43.236987702548504], [76.83867294341326, 43.23698569089174], [76.83867897838354, 43.23698502033949], [76.83868434280157, 43.23698904365301], [76.83868367224932, 43.23700379580259], [76.83867696672678, 43.237016536295414], [76.83867294341326, 43.23701787739992]]]}, "properties": {"id": 662, "class": "road", "confidence": 100.0, "source": "Almaty_4", "source_model": "unet-roads", "centroid_wkt": "POINT (76.83867589453055 43.23699990356556)", "bbox": [76.83866623789072, 43.23698502033949, 76.83868434280157, 43.23701787739992], "pixel_bbox": [13629, 6297, 13656, 6346], "area_m2": 3.826}}, {"type": "Feature", "geometry": {"type": "Polygon", "coordinates": [[[76.83879498392344, 43.23695618659258], [76.8387795612216, 43.236953504383564], [76.83877889066935, 43.23695216327906], [76.83877285569906, 43.23694881051779], [76.83869037777185, 43.23694881051779], [76.83868769556284, 43.23694746941328], [76.83868769556284, 43.23694344609976], [76.83868635445833, 43.23694210499525], [76.83868501335382, 43.2369327172637], [76.83869171887636, 43.23691997677088], [76.83870043605566, 43.23691327124834], [76.83870580047369, 43.23691193014383], [76.8387346342206, 43.23691193014383], [76.83873664587736, 43.236910589039326], [76.83873932808638, 43.236910589039326], [76.83873999863863, 43.23690924793482], [76.83874670416117, 43.236908577382565], [76.8387534096837, 43.236903212964535], [76.83876011520624, 43.236901201307774], [76.83876816183329, 43.23689516633749], [76.83877285569906, 43.23689382523298], [76.83877553790808, 43.23689181357622], [76.83878425508738, 43.23688980191946], [76.83879297226667, 43.23688980191946], [76.8387969955802, 43.23689114302397], [76.8387969955802, 43.236926682293415], [76.83880101889372, 43.236928693950176], [76.83880437165499, 43.236928693950176], [76.83880638331175, 43.23693070560694], [76.8388144299388, 43.23693472892046], [76.83881912380457, 43.23694009333849], [76.83881912380457, 43.23694210499525], [76.83882113546133, 43.236944787204266], [76.83882046490908, 43.23694881051779], [76.8387969955802, 43.23694881051779], [76.8387969955802, 43.236955516040325], [76.83879498392344, 43.23695618659258]]]}, "properties": {"id": 663, "class": "road", "confidence": 100.0, "source": "Almaty_4", "source_model": "unet-roads", "centroid_wkt": "POINT (76.83875427456599 43.23692716336442)", "bbox": [76.83868501335382, 43.23688980191946, 76.83882113546133, 43.23695618659258], "pixel_bbox": [13657, 6389, 13860, 6488], "area_m2": 47.884}}, {"type": "Feature", "geometry": {"type": "Polygon", "coordinates": [[[76.83998923748732, 43.236948139965534], [76.83998186141253, 43.23694746941328], [76.83998186141253, 43.23694612830877], [76.83997984975576, 43.236944787204266], [76.8399764969945, 43.236944787204266], [76.83997381478548, 43.23694344609976], [76.83997314423323, 43.23693808168173], [76.83997180312872, 43.23693674057722], [76.83997180312872, 43.23692601174116], [76.83996979147196, 43.23692064732313], [76.8399677798152, 43.2369065657258], [76.83996576815844, 43.236901201307774], [76.83996845036745, 43.236876390874386], [76.83997113257647, 43.236874379217625], [76.83997381478548, 43.23686968535185], [76.83997984975576, 43.23686767369509], [76.83999460190535, 43.236865662038326], [76.83999862521887, 43.236863650381565], [76.83999862521887, 43.23688041418791], [76.83999996632338, 43.23688041418791], [76.84000264853239, 43.23687572032213], [76.84000667184591, 43.23687236756086], [76.8400140479207, 43.236869014799595], [76.84001807123423, 43.236869014799595], [76.84002075344324, 43.236871026456356], [76.84002209454775, 43.236874379217625], [76.84002209454775, 43.23688577860594], [76.84002075344324, 43.23688846081495], [76.84002075344324, 43.23689382523298], [76.84001605957747, 43.236899860203266], [76.84001605957747, 43.23690254241228], [76.8400140479207, 43.23690455406904], [76.84001136571169, 43.236905224621296], [76.84001136571169, 43.2369065657258], [76.84001002460718, 43.2369065657258], [76.84000868350267, 43.236908577382565], [76.84000734239817, 43.236908577382565], [76.84000734239817, 43.23690991848707], [76.83999862521887, 43.23691125959158], [76.83999862521887, 43.23694411665201], [76.83999057859182, 43.236944787204266], [76.83998789638281, 43.23694612830877], [76.83998923748732, 43.23694679886103], [76.83998923748732, 43.236948139965534]], [[76.83998454362154, 43.23694612830877], [76.8399865552783, 43.23694679886103], [76.8399865552783, 43.23694612830877], [76.83998454362154, 43.23694612830877]]]}, "properties": {"id": 664, "class": "road", "confidence": 100.0, "source": "Almaty_4", "source_model": "unet-roads", "centroid_wkt": "POINT (76.83999080842959 43.23690095970506)", "bbox": [76.83996576815844, 43.236863650381565, 76.84002209454775, 43.236948139965534], "pixel_bbox": [15567, 6401, 15651, 6527], "area_m2": 27.444}}, {"type": "Feature", "geometry": {"type": "Polygon", "coordinates": [[[76.83992754667997, 43.23687303811312], [76.83992553502321, 43.236871026456356], [76.8399228528142, 43.2368703559041], [76.83991748839617, 43.23686499148607], [76.83991614729166, 43.23686230927706], [76.8399154767394, 43.236856274306774], [76.83991882950068, 43.236851580441], [76.83992553502321, 43.23685023933649], [76.839932911098, 43.236851580441], [76.83993559330702, 43.236852921545506], [76.83993894606829, 43.23685761541128], [76.8399402871728, 43.23685761541128], [76.83994296938181, 43.23686230927706], [76.83994229882956, 43.23686968535185], [76.83993559330702, 43.23687303811312], [76.83992754667997, 43.23687303811312]]]}, "properties": {"id": 665, "class": "road", "confidence": 100.0, "source": "Almaty_4", "source_model": "unet-roads", "centroid_wkt": "POINT (76.83992954475957 43.23686142846509)", "bbox": [76.8399154767394, 43.23685023933649, 76.83994296938181, 43.23687303811312], "pixel_bbox": [15492, 6513, 15533, 6547], "area_m2": 4.258}}, {"type": "Feature", "geometry": {"type": "Polygon", "coordinates": [[[76.83948431164026, 43.23694881051779], [76.83948364108801, 43.23690388351679], [76.83948498219252, 43.23688913136721], [76.83948364108801, 43.23688242584467], [76.83948364108801, 43.236851580441], [76.83948498219252, 43.236842192709446], [76.83948565274477, 43.23684353381395], [76.83948699384928, 43.2368428632617], [76.83948766440153, 43.23684420436621], [76.83949168771505, 43.236845545470715], [76.83949302881956, 43.23684353381395], [76.83949705213308, 43.236842192709446], [76.83949772268534, 43.236840181052685], [76.83950174599886, 43.236838169395924], [76.83950241655111, 43.236836828291416], [76.83951918035746, 43.23683548718691], [76.83952320367098, 43.2368341460824], [76.8395460024476, 43.236834816634655], [76.83955136686563, 43.23683749884367], [76.83955270797014, 43.23683951050043], [76.83955539017916, 43.23684085160494], [76.83955539017916, 43.236842192709446], [76.83955673128366, 43.236842192709446], [76.83955673128366, 43.23684353381395], [76.8395620957017, 43.23684621602297], [76.8395634368062, 43.23684822767973], [76.83956477791071, 43.23684822767973], [76.83957014232874, 43.236852921545506], [76.83957148343325, 43.23685694485903], [76.83957282453775, 43.23685761541128], [76.83957282453775, 43.236867003142834], [76.83957148343325, 43.23686767369509], [76.83957148343325, 43.23686968535185], [76.83957014232874, 43.2368703559041], [76.83956746011972, 43.23687572032213], [76.83956611901522, 43.23687572032213], [76.83956611901522, 43.23687706142664], [76.83956477791071, 43.23687706142664], [76.83955874294043, 43.23688242584467], [76.83955404907465, 43.23688376694918], [76.83953661471605, 43.236892484128475], [76.8395359441638, 43.23689382523298], [76.83952923864126, 43.236896507442], [76.83952856808901, 43.236897848546505], [76.83952655643225, 43.236897848546505], [76.83952588588, 43.23689918965101], [76.83952320367098, 43.236899860203266], [76.83952119201422, 43.23690187186003], [76.83951985090971, 43.23690589517355], [76.8395185098052, 43.2369065657258], [76.83951918035746, 43.23690924793482], [76.83951783925295, 43.23690991848707], [76.83952052146196, 43.23691260069609], [76.83952454477549, 43.236913941800594], [76.83952454477549, 43.2369152829051], [76.83952923864126, 43.236915953457355], [76.83953259140253, 43.23691997677088], [76.83953393250704, 43.2369240000844], [76.83954130858183, 43.23692332953215], [76.83954399079084, 43.2369240000844], [76.8395446613431, 43.23692534118891], [76.83955002576113, 43.23692534118891], [76.8395533785224, 43.2369240000844], [76.83955740183592, 43.23692534118891], [76.83956544846296, 43.236924670636654], [76.83956947177649, 43.23692735284567], [76.8395721539855, 43.23692735284567], [76.83957282453775, 43.236928693950176], [76.83957550674677, 43.23692936450243], [76.83957953006029, 43.23693338781595], [76.83957953006029, 43.23693472892046], [76.8395808711648, 43.23693472892046], [76.83958154171705, 43.236937411129475], [76.83958422392607, 43.23694009333849], [76.83958489447832, 43.23694344609976], [76.83958355337381, 43.23694344609976], [76.83958355337381, 43.236944787204266], [76.83958556503057, 43.23694679886103], [76.83958288282156, 43.23694881051779], [76.83948431164026, 43.23694881051779]]]}, "properties": {"id": 666, "class": "road", "confidence": 100.0, "source": "Almaty_4", "source_model": "unet-roads", "centroid_wkt": "POINT (76.8395238911047 43.236892358656505)", "bbox": [76.83948364108801, 43.2368341460824, 76.83958556503057, 43.23694881051779], "pixel_bbox": [14848, 6400, 15000, 6571], "area_m2": 72.353}}, {"type": "Feature", "geometry": {"type": "Polygon", "coordinates": [[[76.84032786637545, 43.23684353381395], [76.84032250195742, 43.236842192709446], [76.84032116085291, 43.23684085160494], [76.84032116085291, 43.23683749884367], [76.84032719582319, 43.23683213442564], [76.84033323079348, 43.236832804977894], [76.84033457189798, 43.236834816634655], [76.84033591300249, 43.236834816634655], [76.84033591300249, 43.23683615773916], [76.840337254107, 43.23683615773916], [76.840337254107, 43.23683749884367], [76.84033323079348, 43.2368428632617], [76.84032786637545, 43.23684353381395]]]}, "properties": {"id": 667, "class": "road", "confidence": 100.0, "source": "Almaty_4", "source_model": "unet-roads", "centroid_wkt": "POINT (76.84032928887976 43.23683772482775)", "bbox": [76.84032116085291, 43.23683213442564, 76.840337254107, 43.23684353381395], "pixel_bbox": [16097, 6557, 16121, 6574], "area_m2": 1.195}}, {"type": "Feature", "geometry": {"type": "Polygon", "coordinates": [[[76.83208744972944, 43.23685694485903], [76.83208208531141, 43.23685426265001], [76.8320794031024, 43.236851580441], [76.83207672089338, 43.236850909888744], [76.83207269757986, 43.2368428632617], [76.83207470923662, 43.236834816634655], [76.83207470923662, 43.23682878166437], [76.83207605034113, 43.23682677000761], [76.83207739144564, 43.236818723380566], [76.83207739144564, 43.236813358962536], [76.83207537978888, 43.23681000620127], [76.83207336813211, 43.23679994791746], [76.83207336813211, 43.23679592460394], [76.83207537978888, 43.236789889633656], [76.83207537978888, 43.236784525215626], [76.83207739144564, 43.236777149140835], [76.83210220187902, 43.236777149140835], [76.83210220187902, 43.236856274306774], [76.83209884911776, 43.236856274306774], [76.8320981785655, 43.23685426265001], [76.832096837461, 43.23685426265001], [76.83209348469973, 43.23685694485903], [76.83208744972944, 43.23685694485903]]]}, "properties": {"id": 668, "class": "road", "confidence": 100.0, "source": "Almaty_4", "source_model": "unet-roads", "centroid_wkt": "POINT (76.83208913861137 43.23681591277632)", "bbox": [76.83207269757986, 43.236777149140835, 76.83210220187902, 43.23685694485903], "pixel_bbox": [3796, 6537, 3840, 6656], "area_m2": 18.971}}, {"type": "Feature", "geometry": {"type": "Polygon", "coordinates": [[[76.83046940714121, 43.23712047189474], [76.83039765805006, 43.23711980134249], [76.83039765805006, 43.23711644858122], [76.8303956463933, 43.23711510747671], [76.83039497584105, 43.237110413610935], [76.83039765805006, 43.237103037536144], [76.83040302246809, 43.237097673118114], [76.83040369302034, 43.2370949909091], [76.83040637522936, 43.23709163814783], [76.83040637522936, 43.237088955938816], [76.83040838688612, 43.237084932625294], [76.83040838688612, 43.23707822710276], [76.83040235191584, 43.23706950992346], [76.8303969874978, 43.237068839371204], [76.83039363473654, 43.237065486609936], [76.83039229363203, 43.237065486609936], [76.83039095252752, 43.237063474953175], [76.83039095252752, 43.23706079274416], [76.83038961142302, 43.23706079274416], [76.83038759976625, 43.23706280440092], [76.83038625866175, 43.23706146329641], [76.8303855881095, 43.23695283383131], [76.83038827031851, 43.23695216327906], [76.83038961142302, 43.236950151622295], [76.83039296418428, 43.236950151622295], [76.83039229363203, 43.23694881051779], [76.83042112737894, 43.23694881051779], [76.83042582124472, 43.23694746941328], [76.8304231390357, 43.23694545775652], [76.83042448014021, 43.23693472892046], [76.8304217979312, 43.23692534118891], [76.83042045682669, 43.23690455406904], [76.83041911572218, 43.236897848546505], [76.83042112737894, 43.23688108474016], [76.83042246848345, 43.23688041418791], [76.83042380958796, 43.23687572032213], [76.83042917400599, 43.236869014799595], [76.83043722063303, 43.23686499148607], [76.83044258505106, 43.23686432093382], [76.83044325560331, 43.23686297982931], [76.83045599609613, 43.236856274306774], [76.8304593488574, 43.236852921545506], [76.83046404272318, 43.236842192709446], [76.8304667249322, 43.23683012276888], [76.83046940714121, 43.23682475835085], [76.83047074824572, 43.236824087798595], [76.83047141879797, 43.23682140558958], [76.83049287647009, 43.23680128902197], [76.83049287647009, 43.23679994791746], [76.8304955586791, 43.2367979362607], [76.83049824088812, 43.23679123073816], [76.83049958199263, 43.23679056018591], [76.83049958199263, 43.23678854852915], [76.83050159364939, 43.23678653687239], [76.83050159364939, 43.23678519576788], [76.83050628751516, 43.23678184300661], [76.83050628751516, 43.23677849024534], [76.83051031082869, 43.236777149140835], [76.8305579200387, 43.236777149140835], [76.83055859059095, 43.23680464178324], [76.83055926114321, 43.236807994544506], [76.83056060224771, 43.236807994544506], [76.83056060224771, 43.23680933564901], [76.83056194335222, 43.23681000620127], [76.83056261390448, 43.23681402951479], [76.83056529611349, 43.23681805282831], [76.83056596666574, 43.236824087798595], [76.83056864887476, 43.23683079332113], [76.83056931942701, 43.23684956878424], [76.83056864887476, 43.23685694485903], [76.830566637218, 43.236861638724804], [76.83056596666574, 43.236867003142834], [76.83056462556124, 43.23686767369509], [76.83056462556124, 43.236871026456356], [76.83055724948645, 43.23688443750143], [76.83055724948645, 43.23690723627806], [76.83055188506842, 43.23690790683031], [76.83055054396391, 43.23690991848707], [76.8305478617549, 43.236910589039326], [76.83054249733686, 43.2369152829051], [76.83054115623236, 43.2369152829051], [76.8305404856801, 43.23691729456186], [76.83053847402334, 43.23691796511412], [76.83053847402334, 43.236919306218624], [76.83053579181433, 43.236921317875385], [76.83053579181433, 43.23692265897989], [76.83053378015757, 43.23692332953215], [76.83053310960531, 43.23692534118891], [76.83053109794855, 43.23692601174116], [76.83052975684404, 43.23692802339792], [76.83052841573954, 43.23692802339792], [76.83052707463503, 43.23693070560694], [76.83052439242601, 43.2369327172637], [76.830521710217, 43.236937411129475], [76.830521710217, 43.236939422786236], [76.83051969856024, 43.23694009333849], [76.83051969856024, 43.236941434443], [76.83051835745573, 43.23694210499525], [76.83051835745573, 43.236944787204266], [76.83051567524672, 43.23694746941328], [76.83051567524672, 43.23694881051779], [76.83050628751516, 43.23694948107004], [76.83050561696291, 43.23695484548807], [76.83050360530615, 43.23695685714483], [76.8305029347539, 43.236964233219624], [76.83050025254488, 43.2369689270854], [76.83050025254488, 43.236973620951176], [76.83049757033587, 43.23697563260794], [76.83049891144037, 43.23697965592146], [76.83049757033587, 43.23698099702597], [76.83049689978361, 43.23698569089174], [76.8304955586791, 43.236987702548504], [76.8304942175746, 43.23700111359358], [76.83049287647009, 43.23700379580259], [76.83049220591784, 43.23700983077288], [76.83049019426107, 43.23701251298189], [76.83049019426107, 43.23701452463865], [76.8304868414998, 43.23702123016119], [76.83047879487276, 43.23702994734049], [76.83047745376825, 43.23702994734049], [76.83047208935022, 43.23703531175852], [76.83047208935022, 43.237036652863026], [76.8304680660367, 43.23704067617655], [76.83046538382769, 43.237045370042324], [76.83046538382769, 43.237054757773876], [76.8304667249322, 43.23705542832613], [76.8304680660367, 43.23706146329641], [76.83047007769346, 43.23706280440092], [76.83047074824572, 43.237068839371204], [76.83047477155924, 43.23707353323698], [76.83047477155924, 43.237088955938816], [76.83047611266375, 43.23709633201361], [76.83047544211149, 43.23711175471544], [76.83047410100698, 43.237112425267696], [76.83047343045473, 43.23711510747671], [76.83047074824572, 43.23711644858122], [76.83046940714121, 43.23712047189474]]]}, "properties": {"id": 669, "class": "road", "confidence": 100.0, "source": "Almaty_4", "source_model": "unet-roads", "centroid_wkt": "POINT (76.83047093679644 43.2369430199895)", "bbox": [76.8303855881095, 43.236777149140835, 76.83056931942701, 43.23712047189474], "pixel_bbox": [1280, 6144, 1554, 6656], "area_m2": 304.336}}, {"type": "Feature", "geometry": {"type": "Polygon", "coordinates": [[[76.83850932866335, 43.23677647858858], [76.83847580105066, 43.23677647858858], [76.83847513049841, 43.236775137484074], [76.8384724482894, 43.23677446693182], [76.83846842497587, 43.23677446693182], [76.83846775442362, 43.23677312582731], [76.83846574276686, 43.23677312582731], [76.83846574276686, 43.236771784722805], [76.83846171945333, 43.23677111417055], [76.8384637311101, 43.23677111417055], [76.83846574276686, 43.236768431961536], [76.83846775442362, 43.236768431961536], [76.83846842497587, 43.23676709085703], [76.83847445994616, 43.236764408648014], [76.83847513049841, 43.23676306754351], [76.83848317712545, 43.236761055886745], [76.83849189430475, 43.236761055886745], [76.83849591761827, 43.23676239699125], [76.83850061148405, 43.236761726439], [76.83850329369307, 43.23676306754351], [76.83851066976786, 43.23676373809576], [76.83851268142462, 43.23676574975252], [76.83851536363363, 43.236766420304775], [76.83851536363363, 43.23676776140928], [76.83852005749941, 43.23676910251379], [76.8385274335742, 43.236769773066044], [76.83853145688772, 43.236768431961536], [76.83853883296251, 43.2367704436183], [76.83854822069407, 43.236769773066044], [76.83854889124632, 43.23677111417055], [76.83855224400759, 43.23677111417055], [76.83855023235083, 43.23677312582731], [76.8385173752904, 43.23677312582731], [76.83851603418589, 43.23677446693182], [76.83851335197687, 43.23677446693182], [76.83850932866335, 43.23677647858858]]]}, "properties": {"id": 670, "class": "road", "confidence": 100.0, "source": "Almaty_4", "source_model": "unet-roads", "centroid_wkt": "POINT (76.8384983844198 43.236769404229335)", "bbox": [76.83846171945333, 43.236761055886745, 76.83855224400759, 43.23677647858858], "pixel_bbox": [13324, 6657, 13459, 6680], "area_m2": 6.878}}, {"type": "Feature", "geometry": {"type": "Polygon", "coordinates": [[[76.83941256254911, 43.23660548776388], [76.83941323310137, 43.2365994527936], [76.83941524475813, 43.23659744113684], [76.83941524475813, 43.23659610003233], [76.83941725641489, 43.23659408837557], [76.83942195028067, 43.23659274727106], [76.83942329138517, 43.2365907356143], [76.8394286558032, 43.23658872395754], [76.83945883065462, 43.236586041748524], [76.83946754783392, 43.236586041748524], [76.83947626501322, 43.23658872395754], [76.839480958879, 43.236588053405285], [76.8394822999835, 43.23658939450979], [76.83948364108801, 43.236588053405285], [76.83948364108801, 43.23660548776388], [76.83941256254911, 43.23660548776388]]]}, "properties": {"id": 671, "class": "road", "confidence": 100.0, "source": "Almaty_4", "source_model": "unet-roads", "centroid_wkt": "POINT (76.83945090032556 43.23659645657582)", "bbox": [76.83941256254911, 43.236586041748524, 76.83948364108801, 43.23660548776388], "pixel_bbox": [14742, 6912, 14848, 6941], "area_m2": 10.789}}, {"type": "Feature", "geometry": {"type": "Polygon", "coordinates": [[[76.83690939098597, 43.23660548776388], [76.83690939098597, 43.236548490822315], [76.83691006153822, 43.23654714971781], [76.83691408485174, 43.23654782027006], [76.8369248136878, 43.2365458086133], [76.83693151921034, 43.236546479165554], [76.83693688362837, 43.23654513806105], [76.83695498853922, 43.23654714971781], [76.83696303516626, 43.23655117303133], [76.83696437627077, 43.236553855240345], [76.83696571737528, 43.236553855240345], [76.8369697406888, 43.23655787855387], [76.8369697406888, 43.236559219658375], [76.83697108179331, 43.236559219658375], [76.83697108179331, 43.236561231315136], [76.83697242289782, 43.23656190186739], [76.83697778731585, 43.23658335953951], [76.83697912842035, 43.23658335953951], [76.83698114007711, 43.236586041748524], [76.83698315173388, 43.23658671230078], [76.83698315173388, 43.236588053405285], [76.83698449283838, 43.236588053405285], [76.83699119836092, 43.23659408837557], [76.83699119836092, 43.236595429480076], [76.83699388056993, 43.23659744113684], [76.83699388056993, 43.23660213500261], [76.83699522167444, 43.23660213500261], [76.83699522167444, 43.236604146659374], [76.83699186891317, 43.23660548776388], [76.83690939098597, 43.23660548776388]]]}, "properties": {"id": 672, "class": "road", "confidence": 100.0, "source": "Almaty_4", "source_model": "unet-roads", "centroid_wkt": "POINT (76.83694480296464 43.23657820860337)", "bbox": [76.83690939098597, 43.23654513806105, 76.83699522167444, 43.23660548776388], "pixel_bbox": [11009, 6912, 11137, 7002], "area_m2": 36.466}}, {"type": "Feature", "geometry": {"type": "Polygon", "coordinates": [[[76.84034463018179, 43.236508928239346], [76.84034194797277, 43.23650825768709], [76.84034194797277, 43.23647875338793], [76.84034328907728, 43.23647875338793], [76.84034328907728, 43.23647741228342], [76.84035133570433, 43.236478082835674], [76.8403560295701, 43.23647875338793], [76.84036206454039, 43.23648143559694], [76.84036608785391, 43.236487470567226], [76.84036608785391, 43.23649149388075], [76.8403647467494, 43.236492164433], [76.84036541730165, 43.23650021106005], [76.84036072343588, 43.23650289326906], [76.84036072343588, 43.23650624603033], [76.84035535901785, 43.23650624603033], [76.84035334736109, 43.23650758713484], [76.84034463018179, 43.236508928239346]]]}, "properties": {"id": 673, "class": "road", "confidence": 100.0, "source": "Almaty_4", "source_model": "unet-roads", "centroid_wkt": "POINT (76.84035299167857 43.23649258101707)", "bbox": [76.84034194797277, 43.23647741228342, 76.84036608785391, 43.236508928239346], "pixel_bbox": [16128, 7056, 16164, 7103], "area_m2": 5.711}}, {"type": "Feature", "geometry": {"type": "Polygon", "coordinates": [[[76.83972101658583, 43.23648277670145], [76.83971632272005, 43.23648143559694], [76.83971431106329, 43.23647875338793], [76.83971162885427, 43.236478082835674], [76.83970961719751, 43.23647540062666], [76.839708276093, 43.23647540062666], [76.839708276093, 43.23647405952215], [76.83970626443624, 43.2364733889699], [76.83970626443624, 43.23647204786539], [76.83970090001822, 43.236469365656376], [76.83969754725695, 43.23646333068609], [76.83969620615244, 43.23646266013384], [76.83969620615244, 43.23646131902933], [76.83969352394342, 43.23645930737257], [76.83968883007765, 43.23644991964102], [76.83969017118216, 43.23643986135721], [76.8396895006299, 43.23643784970045], [76.83968748897314, 43.2364371791482], [76.83968748897314, 43.236435167491436], [76.83969352394342, 43.23643382638693], [76.83973576873541, 43.23643382638693], [76.8397431448102, 43.236435167491436], [76.83974180370569, 43.2364371791482], [76.83973845094442, 43.236438520252705], [76.83974046260118, 43.23644187301397], [76.83974046260118, 43.23644790798426], [76.83973778039217, 43.23645059019327], [76.83973643928766, 43.236454613506794], [76.83973375707865, 43.23645796626806], [76.83973375707865, 43.236459977924824], [76.83973241597414, 43.23646064847708], [76.83973174542189, 43.236478082835674], [76.83972638100386, 43.23648277670145], [76.83972101658583, 43.23648277670145]]]}, "properties": {"id": 674, "class": "road", "confidence": 100.0, "source": "Almaty_4", "source_model": "unet-roads", "centroid_wkt": "POINT (76.83971568794836 43.23645342415658)", "bbox": [76.83968748897314, 43.23643382638693, 76.8397431448102, 43.23648277670145], "pixel_bbox": [15152, 7095, 15235, 7168], "area_m2": 16.837}}, {"type": "Feature", "geometry": {"type": "Polygon", "coordinates": [[[76.84040699154139, 43.23643382638693], [76.84041101485491, 43.23643248528242], [76.84040766209364, 43.23643181473017], [76.84040766209364, 43.23643047362566], [76.84040162712336, 43.236429803073406], [76.84040028601885, 43.236427791416645], [76.84040028601885, 43.23642309755087], [76.84040363878012, 43.23642309755087], [76.84040565043688, 43.23641907423735], [76.84040900319815, 43.23641639202833], [76.8404096737504, 43.236411698162556], [76.84041168540716, 43.236409686505795], [76.84041570872068, 43.23640901595354], [76.84042174369097, 43.23640901595354], [76.84042643755674, 43.2364110276103], [76.84043113142252, 43.2364110276103], [76.84043850749731, 43.236415050923824], [76.84044051915407, 43.236415050923824], [76.84044118970633, 43.23641639202833], [76.84044320136309, 43.23641639202833], [76.84044521301985, 43.23641907423735], [76.84044923633337, 43.23642108589411], [76.84044923633337, 43.236422426998615], [76.84045057743788, 43.236422426998615], [76.84045258909464, 43.23642645031214], [76.84045393019915, 43.23642645031214], [76.8404546007514, 43.236429803073406], [76.84045325964689, 43.23643047362566], [76.84045325964689, 43.23643248528242], [76.84045594185591, 43.236433155834675], [76.84040699154139, 43.23643382638693]]]}, "properties": {"id": 675, "class": "road", "confidence": 100.0, "source": "Almaty_4", "source_model": "unet-roads", "centroid_wkt": "POINT (76.84042677163592 43.236422887746336)", "bbox": [76.84040028601885, 43.23640901595354, 76.84045594185591, 43.23643382638693], "pixel_bbox": [16215, 7168, 16298, 7205], "area_m2": 8.714}}, {"type": "Feature", "geometry": {"type": "Polygon", "coordinates": [[[76.8360510841012, 43.23643382638693], [76.83605041354895, 43.23641035705805], [76.83605175465345, 43.236409686505795], [76.83605175465345, 43.23640834540129], [76.83605309575796, 43.23640901595354], [76.83605846017599, 43.236404322087765], [76.83606382459402, 43.23640365153551], [76.83606717735529, 43.23640163987875], [76.83607522398233, 43.23639962822199], [76.83608394116163, 43.236400969326496], [76.8360859528184, 43.23640298098326], [76.83608997613192, 43.23640365153551], [76.83609534054995, 43.236406333744526], [76.83609802275896, 43.236406333744526], [76.83610539883375, 43.2364110276103], [76.83610875159502, 43.2364110276103], [76.83611411601305, 43.23641438037157], [76.83611880987883, 43.23641572147608], [76.83613020926714, 43.236417062580585], [76.83616239577532, 43.23641773313284], [76.83616507798433, 43.236420415341854], [76.83616641908884, 43.236420415341854], [76.83616910129786, 43.23642645031214], [76.83616910129786, 43.2364284619689], [76.83616641908884, 43.236429803073406], [76.83616574853659, 43.23643248528242], [76.83616239577532, 43.23643382638693], [76.8360510841012, 43.23643382638693]]]}, "properties": {"id": 676, "class": "road", "confidence": 100.0, "source": "Almaty_4", "source_model": "unet-roads", "centroid_wkt": "POINT (76.83610063367298 43.236420887090055)", "bbox": [76.83605041354895, 43.23639962822199, 76.83616910129786, 43.23643382638693], "pixel_bbox": [9728, 7168, 9905, 7219], "area_m2": 24.386}}, {"type": "Feature", "geometry": {"type": "Polygon", "coordinates": [[[76.837456561625, 43.23647875338793], [76.83744046837091, 43.236474730074406], [76.83743510395288, 43.23647204786539], [76.83743443340063, 43.23647070676088], [76.83743175119162, 43.23647003620863], [76.83742973953485, 43.236467353999615], [76.83742839843035, 43.236467353999615], [76.83742638677359, 43.2364646717906], [76.83742437511683, 43.236464001238346], [76.83742370456457, 43.23643382638693], [76.83741565793753, 43.23643382638693], [76.83741498738527, 43.23643181473017], [76.83741632848978, 43.23640566319227], [76.83741834014654, 43.236400969326496], [76.83741834014654, 43.23639828711748], [76.83742370456457, 43.23639024049044], [76.83742437511683, 43.23637615889311], [76.83742973953485, 43.236375488340855], [76.83743443340063, 43.23637347668409], [76.83745320886374, 43.23637414723635], [76.83747131377459, 43.23638018220663], [76.83747868984938, 43.23638420552015], [76.83749478310347, 43.236388228833675], [76.83750484138727, 43.236388228833675], [76.83751154690981, 43.23638688772917], [76.83753032237291, 43.23638688772917], [76.83755245059729, 43.23638956993818], [76.83756921440363, 43.236395604908466], [76.83757055550814, 43.23639761656523], [76.83757323771715, 43.23639828711748], [76.83757323771715, 43.23639962822199], [76.83757591992617, 43.23640029877424], [76.8375812843442, 43.23640566319227], [76.83758396655321, 43.23641035705805], [76.83758664876223, 43.236411698162556], [76.83758664876223, 43.23641370981932], [76.83758933097124, 43.23641840368509], [76.83758933097124, 43.236425779759884], [76.83759067207575, 43.23642712086439], [76.83759067207575, 43.2364284619689], [76.83758933097124, 43.2364284619689], [76.83758866041899, 43.23643382638693], [76.8375537917018, 43.23643382638693], [76.83755178004503, 43.23644321411848], [76.83755043894053, 43.236443884670734], [76.83754775673151, 43.236449249088764], [76.83754239231348, 43.23645394295454], [76.83753166347742, 43.23645729571581], [76.83750081807375, 43.23645729571581], [76.8374927714467, 43.23646333068609], [76.83749008923769, 43.23647003620863], [76.83748740702868, 43.23647204786539], [76.83748740702868, 43.2364733889699], [76.83748472481966, 43.23647405952215], [76.8374840542674, 43.23647540062666], [76.83747936040163, 43.23647607117891], [76.8374726548791, 43.23647875338793], [76.837456561625, 43.23647875338793]]]}, "properties": {"id": 677, "class": "road", "confidence": 100.0, "source": "Almaty_4", "source_model": "unet-roads", "centroid_wkt": "POINT (76.83748991682837 43.23642325453263)", "bbox": [76.83741498738527, 43.23637347668409, 76.83759067207575, 43.23647875338793], "pixel_bbox": [11763, 7101, 12025, 7258], "area_m2": 110.844}}, {"type": "Feature", "geometry": {"type": "Polygon", "coordinates": [[[76.83733988553286, 43.23639828711748], [76.83733250945807, 43.23639493435621], [76.8373304978013, 43.2363922521472], [76.8373291566968, 43.23638956993818], [76.83732982724905, 43.236382864415646], [76.83733452111483, 43.23637414723635], [76.83733653277159, 43.23637347668409], [76.8373378738761, 43.23637146502733], [76.83734256774187, 43.23636945337057], [76.8373479321599, 43.23636945337057], [76.83735262602568, 43.23637079447508], [76.83735731989145, 43.2363748177886], [76.83735731989145, 43.23637615889311], [76.83736067265272, 43.23637951165438], [76.83736201375723, 43.236386217176914], [76.83736134320498, 43.23638956993818], [76.83735866099596, 43.236391581594944], [76.8373579904437, 43.236393593251705], [76.83735061436892, 43.23639761656523], [76.83733988553286, 43.23639828711748]]]}, "properties": {"id": 678, "class": "road", "confidence": 100.0, "source": "Almaty_4", "source_model": "unet-roads", "centroid_wkt": "POINT (76.83734570922613 43.23638401123407)", "bbox": [76.8373291566968, 43.23636945337057, 76.83736201375723, 43.23639828711748], "pixel_bbox": [11635, 7221, 11684, 7264], "area_m2": 6.539}}, {"type": "Feature", "geometry": {"type": "Polygon", "coordinates": [[[76.84068661183119, 43.236314468085766], [76.84068594127893, 43.2362849637866], [76.84068728238344, 43.236283622682095], [76.84068996459246, 43.236288987100124], [76.84069130569696, 43.23628831654787], [76.84069197624922, 43.23628965765238], [76.84069264680147, 43.23629770427942], [76.84069197624922, 43.23630440980196], [76.84068996459246, 43.23630440980196], [76.84068996459246, 43.23630642145872], [76.84068862348795, 43.23630776256323], [76.84068862348795, 43.23631178587675], [76.84068661183119, 43.236314468085766]]]}, "properties": {"id": 679, "class": "road", "confidence": 100.0, "source": "Almaty_4", "source_model": "unet-roads", "centroid_wkt": "POINT (76.84068916139924 43.23629728470088)", "bbox": [76.84068594127893, 43.236283622682095, 76.84069264680147, 43.236314468085766], "pixel_bbox": [16641, 7346, 16651, 7392], "area_m2": 1.173}}, {"type": "Feature", "geometry": {"type": "Polygon", "coordinates": [[[76.84007573872805, 43.23643382638693], [76.84007573872805, 43.23643248528242], [76.84007439762354, 43.23643181473017], [76.8400764092803, 43.23643181473017], [76.84007573872805, 43.23642645031214], [76.84007707983255, 43.236422426998615], [76.84008110314608, 43.23641840368509], [76.84008244425058, 43.23641840368509], [76.84008378535509, 43.23641572147608], [76.8400851264596, 43.23641572147608], [76.84009049087763, 43.23641035705805], [76.84009183198214, 43.23641035705805], [76.84009183198214, 43.23640901595354], [76.8400938436389, 43.23640901595354], [76.8400938436389, 43.23640767484903], [76.84009652584791, 43.236406333744526], [76.84009719640017, 43.23640365153551], [76.84009920805693, 43.23640298098326], [76.84009987860918, 43.23640029877424], [76.84010121971369, 43.23639962822199], [76.8401039019227, 43.23639426380396], [76.84010591357946, 43.2363835349679], [76.8401025608182, 43.236375488340855], [76.84009987860918, 43.23637280613184], [76.84009786695242, 43.23637280613184], [76.84009652584791, 43.236370123922825], [76.8400938436389, 43.23636744171381], [76.84009250253439, 43.23636744171381], [76.84009183198214, 43.23636543005705], [76.84008847922087, 43.236364759504795], [76.84008110314608, 43.23635805398226], [76.84007842093706, 43.236357383430004], [76.84007439762354, 43.23635000735521], [76.84007238596678, 43.236348666250706], [76.84006836265326, 43.2363386079669], [76.84006702154875, 43.23633190244436], [76.840067692101, 43.23631044477224], [76.84006970375776, 43.23630575090647], [76.84007238596678, 43.23630306869745], [76.84007238596678, 43.23630105704069], [76.84007506817579, 43.23629703372717], [76.8400764092803, 43.23629233986139], [76.84007775038481, 43.23629166930914], [76.84007842093706, 43.236288987100124], [76.84008043259382, 43.23628764599562], [76.84008177369833, 43.236283622682095], [76.84008311480284, 43.23628295212984], [76.84008445590734, 43.23627758771181], [76.84008780866861, 43.236270882189274], [76.84009183198214, 43.23626887053251], [76.84009049087763, 43.23626350611448], [76.84009987860918, 43.23626350611448], [76.84009786695242, 43.23626417666674], [76.84009920805693, 43.236265517771244], [76.84009920805693, 43.236267529428005], [76.84010189026594, 43.23626819998026], [76.8401025608182, 43.23627021163702], [76.84010993689299, 43.23627423495054], [76.8401112779975, 43.23627557605505], [76.84011060744524, 43.23627691715956], [76.84011328965425, 43.236278258264065], [76.84011328965425, 43.23627959936857], [76.84011731296778, 43.236283622682095], [76.84011865407228, 43.236283622682095], [76.84011999517679, 43.23628697544336], [76.84013541787863, 43.23629502207041], [76.84013810008764, 43.23629837483168], [76.8401401117444, 43.23629904538393], [76.8401401117444, 43.23630038648844], [76.84014279395342, 43.236301727592945], [76.84014279395342, 43.23630306869745], [76.84014681726694, 43.236307092010975], [76.8401488289237, 43.23631580919027], [76.84015218168497, 43.23632184416056], [76.84015285223722, 43.2363298907876], [76.84015151113272, 43.2363386079669], [76.8401488289237, 43.23634263128042], [76.8401474878192, 43.2363473251462], [76.84014547616243, 43.236348666250706], [76.84014547616243, 43.23635067790747], [76.84014212340117, 43.23635336011648], [76.84014212340117, 43.23635470122099], [76.84014078229666, 43.23635537177324], [76.84014078229666, 43.23635671287775], [76.84013675898314, 43.23636207729578], [76.84013675898314, 43.23636408895254], [76.84013474732637, 43.236366771161556], [76.84013340622187, 43.23637146502733], [76.84013206511736, 43.23638219386339], [76.84013474732637, 43.23638688772917], [76.84013474732637, 43.23638889938593], [76.84013944119215, 43.236393593251705], [76.84014078229666, 43.23639761656523], [76.8401474878192, 43.23640298098326], [76.84014815837145, 43.23640566319227], [76.84015352278948, 43.23640834540129], [76.84015486389399, 43.23641035705805], [76.84016089886427, 43.23641370981932], [76.84016358107328, 43.236417062580585], [76.84016492217779, 43.236417062580585], [76.84016492217779, 43.23641840368509], [76.84016693383455, 43.236420415341854], [76.8401676043868, 43.236424438655376], [76.84016961604357, 43.23642309755087], [76.84017028659582, 43.236420415341854], [76.84017095714808, 43.23643382638693], [76.84007573872805, 43.23643382638693]]]}, "properties": {"id": 680, "class": "road", "confidence": 100.0, "source": "Almaty_4", "source_model": "unet-roads", "centroid_wkt": "POINT (76.8401133607656 43.236354099002334)", "bbox": [76.84006702154875, 43.23626350611448, 76.84017095714808, 43.23643382638693], "pixel_bbox": [15718, 7168, 15873, 7422], "area_m2": 89.463}}, {"type": "Feature", "geometry": {"type": "Polygon", "coordinates": [[[76.83803994208574, 43.236262165009975], [76.8379970267415, 43.23626149445772], [76.83799836784601, 43.236260153353214], [76.83799233287573, 43.23625881224871], [76.83798965066671, 43.236256800591946], [76.83798965066671, 43.23625344783068], [76.8379869684577, 43.23625009506941], [76.83798562735319, 43.2362400367856], [76.83798763900995, 43.23623802512884], [76.8379883095622, 43.23623534291983], [76.83799635618925, 43.23622930794954], [76.83800306171179, 43.23622662574053], [76.83801043778658, 43.23622528463602], [76.83802384883165, 43.236225955188274], [76.83802586048841, 43.23622729629278], [76.8380332365632, 43.23622863739729], [76.83803860098124, 43.236231319606304], [76.838040612638, 43.23623400181532], [76.83804262429476, 43.23623467236757], [76.83804463595152, 43.236238695681095], [76.83804865926504, 43.23624137789011], [76.83804865926504, 43.23624473065138], [76.8380506709218, 43.23624741286039], [76.83805000036955, 43.23625009506941], [76.83804798871279, 43.236251436173916], [76.83804798871279, 43.23625411838293], [76.8380493298173, 43.23625613003969], [76.83804798871279, 43.23625881224871], [76.8380493298173, 43.23626082390547], [76.83803994208574, 43.236262165009975]]]}, "properties": {"id": 681, "class": "road", "confidence": 100.0, "source": "Almaty_4", "source_model": "unet-roads", "centroid_wkt": "POINT (76.83801811674292 43.23624470502928)", "bbox": [76.83798562735319, 43.23622528463602, 76.8380506709218, 43.236262165009975], "pixel_bbox": [12614, 7424, 12711, 7479], "area_m2": 17.61}}, {"type": "Feature", "geometry": {"type": "Polygon", "coordinates": [[[76.83752428740263, 43.23618974536657], [76.8375102058053, 43.23618773370981], [76.8375088647008, 43.236186392605305], [76.83750618249178, 43.236186392605305], [76.83749545365572, 43.23618236929178], [76.83748472481966, 43.236181028187275], [76.8374652788043, 43.23618236929178], [76.83746125549078, 43.23618371039629], [76.83745320886374, 43.236183039844036], [76.83745119720697, 43.23618035763502], [76.83744985610247, 43.23618035763502], [76.83744985610247, 43.236179016530514], [76.8374478444457, 43.23617700487375], [76.8374465033412, 43.23617700487375], [76.83744180947542, 43.23617298156023], [76.83744180947542, 43.23617164045572], [76.83743979781866, 43.236170299351215], [76.83743979781866, 43.23616694658995], [76.83744248002768, 43.23616024106741], [76.83744449168444, 43.23615822941065], [76.83745320886374, 43.23615353554487], [76.83745790272951, 43.236152194440365], [76.83747064322233, 43.236152194440365], [76.83749411255121, 43.23615554720163], [76.83749746531248, 43.23615688830614], [76.83750350028276, 43.23615688830614], [76.83752026408911, 43.23616426438093], [76.83753032237291, 43.23617432266474], [76.83753300458193, 43.236181028187275], [76.83753166347742, 43.236186392605305], [76.83752428740263, 43.23618974536657]]]}, "properties": {"id": 682, "class": "road", "confidence": 100.0, "source": "Almaty_4", "source_model": "unet-roads", "centroid_wkt": "POINT (76.83748571443567 43.23616983768258)", "bbox": [76.83743979781866, 43.236152194440365, 76.83753300458193, 43.23618974536657], "pixel_bbox": [11800, 7532, 11939, 7588], "area_m2": 21.258}}, {"type": "Feature", "geometry": {"type": "Polygon", "coordinates": [[[76.83802653104067, 43.23616091161966], [76.83802250772715, 43.236159570515156], [76.83802183717489, 43.23615353554487], [76.83802451938391, 43.236152194440365], [76.83802451938391, 43.23615085333586], [76.83802787214518, 43.236146830022335], [76.83802988380194, 43.236146830022335], [76.8380318954587, 43.23614414781332], [76.83803927153349, 43.236144818365574], [76.838040612638, 43.236141465604305], [76.83804396539927, 43.236141465604305], [76.83804597705603, 43.23614280670881], [76.8380506709218, 43.236141465604305], [76.83805402368307, 43.23614213615656], [76.83805335313082, 43.23614817112684], [76.83804530650377, 43.23615688830614], [76.83804329484701, 43.23615688830614], [76.8380419537425, 43.23615822941065], [76.838040612638, 43.23615621775389], [76.83803927153349, 43.236157558858395], [76.83803793042898, 43.23615688830614], [76.83803658932447, 43.2361588999629], [76.83802653104067, 43.23616091161966]]]}, "properties": {"id": 683, "class": "road", "confidence": 100.0, "source": "Almaty_4", "source_model": "unet-roads", "centroid_wkt": "POINT (76.83803810831635 43.23615061985472)", "bbox": [76.83802183717489, 43.236141465604305, 76.83805402368307, 43.23616091161966], "pixel_bbox": [12668, 7575, 12716, 7604], "area_m2": 3.573}}, {"type": "Feature", "geometry": {"type": "Polygon", "coordinates": [[[76.83741565793753, 43.23620315641165], [76.83740828186274, 43.23620181530714], [76.83740425854921, 43.23619779199362], [76.83740224689245, 43.236193768680096], [76.8374015763402, 43.23618773370981], [76.8374029174447, 43.23618371039629], [76.8374029174447, 43.23617834597826], [76.83739956468344, 43.236170299351215], [76.83739420026541, 43.236164934933186], [76.8373928591609, 43.236164934933186], [76.83739151805639, 43.23616225272417], [76.83739017695189, 43.23616225272417], [76.83738548308611, 43.23615688830614], [76.83738078922033, 43.236154206097126], [76.83737475425005, 43.23614615947008], [76.83737475425005, 43.2361401244998], [76.83737743645906, 43.23613543063402], [76.8373828008771, 43.23613006621599], [76.83739621192217, 43.23612403124571], [76.83740761131048, 43.23612201958895], [76.83741364628077, 43.2361226901412], [76.83741834014654, 43.236125372350216], [76.83742370456457, 43.23612403124571], [76.83742370456457, 43.236202485859394], [76.83741565793753, 43.23620315641165]]]}, "properties": {"id": 684, "class": "road", "confidence": 100.0, "source": "Almaty_4", "source_model": "unet-roads", "centroid_wkt": "POINT (76.83740596937015 43.23615609004512)", "bbox": [76.83737475425005, 43.23612201958895, 76.83742370456457, 43.23620315641165], "pixel_bbox": [11703, 7512, 11776, 7633], "area_m2": 23.029}}, {"type": "Feature", "geometry": {"type": "Polygon", "coordinates": [[[76.83548111468554, 43.23617231100798], [76.83546300977468, 43.23616962879896], [76.83545161038637, 43.23616962879896], [76.83544892817736, 43.236168287694454], [76.83544021099806, 43.23616694658995], [76.83543417602777, 43.236164934933186], [76.83543149381876, 43.236162923276424], [76.835429482162, 43.236162923276424], [76.83542478829622, 43.23615822941065], [76.83542344719172, 43.236154206097126], [76.83542143553495, 43.236152194440365], [76.83542009443045, 43.236152194440365], [76.83542009443045, 43.23615085333586], [76.83541808277369, 43.23615085333586], [76.83541741222143, 43.236148841679096], [76.83541338890791, 43.23614817112684], [76.83540936559439, 43.23614615947008], [76.83540869504213, 43.236144818365574], [76.83540534228086, 43.23614414781332], [76.8354033306241, 43.23614213615656], [76.83540131896734, 43.23614213615656], [76.83539729565382, 43.2361401244998], [76.83539662510157, 43.23613878339529], [76.83539394289255, 43.23613811284304], [76.83538991957903, 43.236134089529514], [76.83538924902678, 43.23612671345472], [76.8353932723403, 43.2361226901412], [76.83539729565382, 43.23612067848444], [76.83540869504213, 43.23612067848444], [76.83541540056467, 43.23612671345472], [76.83541741222143, 43.23612738400698], [76.8354194238782, 43.23613274842501], [76.83542210608721, 43.236136101186275], [76.83542210608721, 43.23613811284304], [76.83542411774397, 43.236139453947544], [76.83542344719172, 43.236143477261066], [76.83542478829622, 43.23614414781332], [76.83542612940073, 43.236143477261066], [76.83542612940073, 43.23614213615656], [76.83542747050524, 43.23614213615656], [76.83543283492327, 43.23614414781332], [76.83544557541609, 43.236143477261066], [76.83544892817736, 43.236144818365574], [76.8354569748044, 43.236144818365574], [76.83546166867018, 43.23614750057459], [76.83546703308821, 43.23614817112684], [76.83546904474497, 43.23614951223135], [76.83547910302877, 43.23614951223135], [76.83549251407385, 43.236146830022335], [76.83550324290991, 43.23614615947008], [76.83551665395498, 43.236139453947544], [76.83552201837301, 43.2361401244998], [76.83552671223879, 43.23614414781332], [76.8355280533433, 43.23614414781332], [76.8355280533433, 43.236146830022335], [76.8355293944478, 43.236146830022335], [76.8355293944478, 43.23615152388811], [76.8355280533433, 43.23615152388811], [76.8355280533433, 43.23615353554487], [76.83552671223879, 43.23615353554487], [76.83552671223879, 43.23615554720163], [76.83552537113428, 43.23615554720163], [76.83552134782076, 43.23616359382868], [76.83551799505949, 43.23616426438093], [76.83551665395498, 43.23616560548544], [76.83551397174597, 43.23616560548544], [76.83551263064146, 43.2361676171422], [76.83550324290991, 43.23617096990347], [76.83549251407385, 43.23617231100798], [76.83548111468554, 43.23617231100798]]]}, "properties": {"id": 685, "class": "road", "confidence": 100.0, "source": "Almaty_4", "source_model": "unet-roads", "centroid_wkt": "POINT (76.83546180416423 43.23615157410953)", "bbox": [76.83538924902678, 43.23612067848444, 76.8355293944478, 43.23617231100798], "pixel_bbox": [8742, 7558, 8951, 7635], "area_m2": 27.531}}, {"type": "Feature", "geometry": {"type": "Polygon", "coordinates": [[[76.83700863271952, 43.23615621775389], [76.83697041124105, 43.23615621775389], [76.83696504682302, 43.236154206097126], [76.83695767074823, 43.23615353554487], [76.83695364743471, 43.23615152388811], [76.8369509652257, 43.23615152388811], [76.83694694191217, 43.236148841679096], [76.83694493025541, 43.236148841679096], [76.83694291859865, 43.236146830022335], [76.83694023638964, 43.23614615947008], [76.83693889528513, 43.23614414781332], [76.83693755418062, 43.23614414781332], [76.83693487197161, 43.236141465604305], [76.8369335308671, 43.23613811284304], [76.83693151921034, 43.23613744229078], [76.83693084865808, 43.23613476008177], [76.83692950755358, 43.236134089529514], [76.83692816644907, 43.23613006621599], [76.8369248136878, 43.23612671345472], [76.8369234725833, 43.236123360693455], [76.83691810816526, 43.23611866682768], [76.83690939098597, 43.23611531406641], [76.83690872043371, 43.236091174185276], [76.83707032352686, 43.23609050363302], [76.83707635849714, 43.23609184473753], [76.83707501739264, 43.23609385639429], [76.8370770290494, 43.23609586805105], [76.8370770290494, 43.23609787970781], [76.8370783701539, 43.23609787970781], [76.8370770290494, 43.23610324412584], [76.83707568794489, 43.23610592633486], [76.83707367628813, 43.23610793799162], [76.83707233518362, 43.23610793799162], [76.83707166463137, 43.23610994964838], [76.83706898242235, 43.23611196130514], [76.8370595946908, 43.23611330240965], [76.83704551309347, 43.23610927909613], [76.83702807873487, 43.23610860854387], [76.83701802045107, 43.23611129075289], [76.83701399713755, 43.236114643514156], [76.83701265603304, 43.236114643514156], [76.83700729161501, 43.236121349036694], [76.83700729161501, 43.23612738400698], [76.83700863271952, 43.23612738400698], [76.83700997382402, 43.23613006621599], [76.83701131492853, 43.23613006621599], [76.83701265603304, 43.23613274842501], [76.83701533824205, 43.23613476008177], [76.83701533824205, 43.236136101186275], [76.83701667934656, 43.236136101186275], [76.83701667934656, 43.23613744229078], [76.83701936155558, 43.23613878339529], [76.83701936155558, 43.2361401244998], [76.83702070266008, 43.23614079505205], [76.83702070266008, 43.23614750057459], [76.8370146676898, 43.23615353554487], [76.83700863271952, 43.23615621775389]]]}, "properties": {"id": 686, "class": "road", "confidence": 100.0, "source": "Almaty_4", "source_model": "unet-roads", "centroid_wkt": "POINT (76.83698187122752 43.23611683056941)", "bbox": [76.83690872043371, 43.23609050363302, 76.8370783701539, 43.23615621775389], "pixel_bbox": [11008, 7582, 11261, 7680], "area_m2": 63.811}}, {"type": "Feature", "geometry": {"type": "Polygon", "coordinates": [[[76.84020716696978, 43.236777149140835], [76.84021051973104, 43.23677647858858], [76.84020917862654, 43.236773796379566], [76.84020649641752, 43.23677312582731], [76.84020716696978, 43.23676776140928], [76.84021051973104, 43.23676239699125], [76.8402111902833, 43.236759044229984], [76.84021588414907, 43.23675435036421], [76.84021856635809, 43.2367442920804], [76.84022057801485, 43.23674160987139], [76.84022326022387, 43.23673356324434], [76.84022326022387, 43.23672953993082], [76.84022460132837, 43.23672417551279], [76.84022594243288, 43.23672283440828], [76.84022661298513, 43.236716799438], [76.8402299657464, 43.23671143501997], [76.84023130685091, 43.236701376736164], [76.8402286246419, 43.23669467121363], [76.84022594243288, 43.236692659556866], [76.84022594243288, 43.23669131845236], [76.84022393077612, 43.2366893067956], [76.84021923691034, 43.236687295138836], [76.84021789580584, 43.236685283482075], [76.84020984917879, 43.23668260127306], [76.84020783752203, 43.2366805896163], [76.84019777923822, 43.23667589575052], [76.84019308537245, 43.236671872437], [76.84019107371569, 43.236671872437], [76.84019040316343, 43.23667053133249], [76.84018570929766, 43.236669190227985], [76.84018034487963, 43.2366631552577], [76.84017833322287, 43.2366631552577], [76.8401749804616, 43.23666047304869], [76.84017296880484, 43.23666047304869], [76.84017296880484, 43.23665913194418], [76.84017162770033, 43.23665913194418], [76.84017028659582, 43.23665577918291], [76.84017028659582, 43.23660548776388], [76.84012066572905, 43.23660548776388], [76.84012468904257, 43.23659677058458], [76.84012737125158, 43.236593417823315], [76.84012737125158, 43.23659140616655], [76.84013072401285, 43.236584700644016], [76.84013206511736, 43.23656927794218], [76.84013340622187, 43.236564584076405], [76.84013742953539, 43.23656056076288], [76.84013810008764, 43.23655787855387], [76.84014346450567, 43.23655318468809], [76.84014346450567, 43.236551843583584], [76.84014815837145, 43.23654714971781], [76.84015151113272, 43.23653977364302], [76.84015486389399, 43.236535750329494], [76.8401562049985, 43.23653105646372], [76.84015888720751, 43.2365283742547], [76.84015888720751, 43.23652636259794], [76.8401662632823, 43.2365183159709], [76.8401662632823, 43.23651697486639], [76.84017028659582, 43.23651161044836], [76.84017028659582, 43.23648076504469], [76.84017162770033, 43.23647741228342], [76.84017162770033, 43.2364733889699], [76.84017296880484, 43.23647405952215], [76.84017296880484, 43.23647204786539], [76.8401749804616, 43.23647137731314], [76.84017565101385, 43.236467353999615], [76.84018436819315, 43.23646064847708], [76.84018436819315, 43.23645930737257], [76.8401924148202, 43.23644857853651], [76.84020113199949, 43.23644455522299], [76.840202473104, 43.23644187301397], [76.84020381420851, 43.23644187301397], [76.84021051973104, 43.236435167491436], [76.8402125313878, 43.23643449693918], [76.84020783752203, 43.236433155834675], [76.84021186083555, 43.23643248528242], [76.8402111902833, 43.236427791416645], [76.84021387249231, 43.23642510920763], [76.84021454304457, 43.23642175644636], [76.84021655470133, 43.2364197447896], [76.84021789580584, 43.236415050923824], [76.84021923691034, 43.23641438037157], [76.84022057801485, 43.23640901595354], [76.84022594243288, 43.23640365153551], [76.84022661298513, 43.23639962822199], [76.8402286246419, 43.23639761656523], [76.8402299657464, 43.236393593251705], [76.8402299657464, 43.236386217176914], [76.8402286246419, 43.23638018220663], [76.84022527188063, 43.23637682944536], [76.84022393077612, 43.23637682944536], [76.84022393077612, 43.236375488340855], [76.84022258967161, 43.236375488340855], [76.8402212485671, 43.23637347668409], [76.84021320194006, 43.236370123922825], [76.84021186083555, 43.236368112266064], [76.84020917862654, 43.236366771161556], [76.84020716696978, 43.236366771161556], [76.84020515531301, 43.23636408895254], [76.840202473104, 43.236362747848034], [76.84020180255175, 43.23636073619127], [76.84020046144724, 43.23636073619127], [76.84019979089499, 43.23635872453451], [76.84019979089499, 43.23635134845972], [76.84020180255175, 43.23634531348944], [76.84020448476076, 43.236343301832676], [76.84020448476076, 43.236341290175915], [76.84020716696978, 43.2363386079669], [76.84020783752203, 43.23633525520563], [76.84021051973104, 43.23633324354887], [76.84021387249231, 43.23632720857859], [76.84021655470133, 43.236325196921825], [76.84021856635809, 43.2363211736083], [76.84022393077612, 43.23631580919027], [76.84022728353739, 43.236309103667736], [76.8402299657464, 43.23630642145872], [76.8402299657464, 43.23630440980196], [76.84023264795542, 43.236301727592945], [76.84023398905993, 43.236296363174915], [76.84023600071669, 43.236294351518154], [76.84023600071669, 43.23628429323435], [76.84023398905993, 43.23628161102533], [76.84023264795542, 43.23627423495054], [76.84023063629866, 43.23627155274153], [76.84022795408964, 43.23626350611448], [76.84022527188063, 43.236262165009975], [76.84010993689299, 43.236262165009975], [76.8401112779975, 43.23626149445772], [76.8401112779975, 43.23625948280096], [76.84010993689299, 43.23625948280096], [76.84010725468397, 43.23625210672617], [76.84010792523623, 43.236244060099125], [76.84011463075876, 43.236238695681095], [76.84011597186327, 43.23623467236757], [76.84011865407228, 43.23623199015856], [76.84011999517679, 43.23623199015856], [76.84012200683355, 43.23622930794954], [76.84012535959482, 43.236227966845036], [76.84013206511736, 43.236220590770245], [76.84013340622187, 43.23621455579996], [76.84013474732637, 43.236213214695454], [76.84013474732637, 43.23621120303869], [76.84013675898314, 43.236209861934185], [76.84013810008764, 43.23620516806841], [76.84014279395342, 43.23617231100798], [76.84014480561018, 43.23616694658995], [76.84014480561018, 43.23616359382868], [76.8401474878192, 43.236157558858395], [76.8401474878192, 43.23615487664938], [76.84015151113272, 43.236144818365574], [76.84015151113272, 43.23614079505205], [76.84015285223722, 43.23613878339529], [76.84015218168497, 43.23613677173853], [76.8401562049985, 43.236128725111485], [76.840157546103, 43.23612805455923], [76.84015821665525, 43.23612403124571], [76.84016022831202, 43.236120007932186], [76.84016156941652, 43.23611933737993], [76.84016223996878, 43.23611665517092], [76.84016425162554, 43.23611531406641], [76.8401662632823, 43.23611129075289], [76.8401676043868, 43.23611129075289], [76.84016961604357, 43.23610927909613], [76.84017028659582, 43.23609050363302], [76.84017833322287, 43.23609050363302], [76.84018101543188, 43.236089162528515], [76.84018101543188, 43.23607910424471], [76.84017900377512, 43.236071057617664], [76.84017900377512, 43.23606368154287], [76.84018034487963, 43.23606166988611], [76.84017900377512, 43.23605965822935], [76.84017967432737, 43.236052952706814], [76.84018235653639, 43.236051611602306], [76.84018637984991, 43.23604691773653], [76.84018772095442, 43.23604691773653], [76.84018772095442, 43.23604557663202], [76.84019040316343, 43.23604356497526], [76.8401937559247, 43.236036859452724], [76.84019643813372, 43.23603484779596], [76.84019643813372, 43.236033506691456], [76.84020046144724, 43.23602881282568], [76.84020314365625, 43.236028142273426], [76.84020515531301, 43.23602546006441], [76.84020917862654, 43.236024118959904], [76.84020984917879, 43.236022777855396], [76.84022728353739, 43.23601741343737], [76.8402286246419, 43.236015401780605], [76.84023264795542, 43.2360140606761], [76.84023533016443, 43.23601070791483], [76.84023935347795, 43.23600869625807], [76.84024002403021, 43.23600668460131], [76.84024605900049, 43.23600064963102], [76.84024605900049, 43.23599863797426], [76.8402487412095, 43.2359966263175], [76.84025008231401, 43.23599327355623], [76.84025142341852, 43.23599327355623], [76.8402574583888, 43.23598723858595], [76.84025879949331, 43.23598321527243], [76.84026282280684, 43.23597852140665], [76.84026349335909, 43.235975839197636], [76.8402648344636, 43.23597516864538], [76.84026885777712, 43.23596779257059], [76.84027690440416, 43.2359604164958], [76.84028696268797, 43.23595706373453], [76.84029635041952, 43.23595840483904], [76.84030640870333, 43.23596645146608], [76.84030640870333, 43.235968463122845], [76.84030909091234, 43.23597114533186], [76.84031043201685, 43.23597516864538], [76.84031177312136, 43.23597516864538], [76.84031244367361, 43.23597650974989], [76.84031244367361, 43.23598388582468], [76.84031043201685, 43.23599059134722], [76.84030774980783, 43.23599327355623], [76.84030707925558, 43.23599796742201], [76.84030372649431, 43.236002661287785], [76.8403010442853, 43.23601741343737], [76.84029836207628, 43.236020766198635], [76.84029769152403, 43.23602546006441], [76.84029433876276, 43.23602881282568], [76.84029433876276, 43.23603015393019], [76.84028897434473, 43.23603484779596], [76.84028897434473, 43.23603618890047], [76.84028763324022, 43.23603618890047], [76.8402822688222, 43.2360415533185], [76.84027690440416, 43.236044235527515], [76.84027556329966, 43.23604691773653], [76.84027422219515, 43.23604691773653], [76.84026751667261, 43.236052952706814], [76.84026751667261, 43.23605563491583], [76.8402661755681, 43.23605764657259], [76.84026751667261, 43.2360589876771], [76.84026751667261, 43.23606166988611], [76.84027019888163, 43.23606301099062], [76.84027153998613, 43.23606502264738], [76.84028495103121, 43.23606435209513], [76.84028696268797, 43.23606301099062], [76.84029567986727, 43.23606301099062], [76.84030439704657, 43.2360589876771], [76.84030842036009, 43.236054964363575], [76.84031646698713, 43.23605094105005], [76.84031914919615, 43.236047588288784], [76.84032049030066, 43.236047588288784], [76.84032719582319, 43.236042223870754], [76.8403385952115, 43.2360415533185], [76.84034127742052, 43.23604289442301], [76.84034261852503, 43.2360415533185], [76.84034328907728, 43.23604356497526], [76.84034664183855, 43.23604356497526], [76.84034932404757, 43.23604624718428], [76.84035334736109, 43.23604691773653], [76.8403546884656, 43.236049599945545], [76.8403560295701, 43.236049599945545], [76.8403560295701, 43.23605094105005], [76.84036206454039, 43.23605362325907], [76.8403634056449, 43.23605630546808], [76.84037145227194, 43.23605630546808], [76.84037748724222, 43.23605429381132], [76.84038419276476, 43.236054964363575], [76.84038955718279, 43.236056976020336], [76.84039358049631, 43.23606099933386], [76.84039492160082, 43.23606099933386], [76.84039559215307, 43.236062340438366], [76.84039827436209, 43.236062340438366], [76.84039894491434, 43.23606368154287], [76.84040028601885, 43.23606368154287], [76.84040162712336, 43.23606636375189], [76.84040296822786, 43.23606636375189], [76.84040699154139, 43.23607373982668], [76.84040699154139, 43.236076422035694], [76.84041235595942, 43.236076422035694], [76.84041436761618, 43.2360777631402], [76.84042241424322, 43.23607709258795], [76.840427108109, 43.23607910424471], [76.84043381363153, 43.23607977479696], [76.84043917804956, 43.236081786453724], [76.8404458835721, 43.236081786453724], [76.84045124799013, 43.23608044534922], [76.84046734124422, 43.23607373982668], [76.84046935290098, 43.236071057617664], [76.84047069400549, 43.236071057617664], [76.84047739952803, 43.23606502264738], [76.84047874063253, 43.23606502264738], [76.84047874063253, 43.23606368154287], [76.84048008173704, 43.23606368154287], [76.84048008173704, 43.236062340438366], [76.84049349278212, 43.2360502704978], [76.84049818664789, 43.236047588288784], [76.84050355106592, 43.23604624718428], [76.84050891548395, 43.23604691773653], [76.84051092714071, 43.23604892939329], [76.84051360934973, 43.23604691773653], [76.84051360934973, 43.236062340438366], [76.84051562100649, 43.23606435209513], [76.84053238481283, 43.236067704856396], [76.84054914861917, 43.236067704856396], [76.84055048972368, 43.23606703430414], [76.84055048972368, 43.236065693199635], [76.84055853635073, 43.23606166988611], [76.84056255966425, 43.236056976020336], [76.84056390076876, 43.236056976020336], [76.84056725353003, 43.23605362325907], [76.84056725353003, 43.23605228215456], [76.84057127684355, 43.23604825884104], [76.84057127684355, 43.23604691773653], [76.84057328850031, 43.23604624718428], [76.84057530015707, 43.236044235527515], [76.84057530015707, 43.23604289442301], [76.84057865291834, 43.23604021221399], [76.84057932347059, 43.23603753000498], [76.84058133512735, 43.23603618890047], [76.84058133512735, 43.23603484779596], [76.84058535844088, 43.23603015393019], [76.84058535844088, 43.236028142273426], [76.84058669954538, 43.236028142273426], [76.84058669954538, 43.23602680116892], [76.84059139341116, 43.23602344840765], [76.84059139341116, 43.23602143675089], [76.84059273451567, 43.23602143675089], [76.84059273451567, 43.23602009564638], [76.84059541672468, 43.236018754541874], [76.84059675782919, 43.23601473122835], [76.84059876948595, 43.236013390123844], [76.84060279279947, 43.2360140606761], [76.84060346335173, 43.23601674288511], [76.84060547500849, 43.23601741343737], [76.84060547500849, 43.23602143675089], [76.84060748666525, 43.23602478951216], [76.8406081572175, 43.23602881282568], [76.84061150997877, 43.2360328361392], [76.84061218053102, 43.23604289442301], [76.84061486274004, 43.23604825884104], [76.84061486274004, 43.2360502704978], [76.84063028544188, 43.236065693199635], [76.84063162654638, 43.2360690459609], [76.84063833206892, 43.23607441037893], [76.84064168483019, 43.23608111590147], [76.84064503759146, 43.236081786453724], [76.84064637869596, 43.2360864803195], [76.84064771980047, 43.23608782142401], [76.84064704924822, 43.236089162528515], [76.84064973145723, 43.23608983308077], [76.8406356498599, 43.236091174185276], [76.84063632041216, 43.23609385639429], [76.84063900262117, 43.2360951974988], [76.84064034372568, 43.236099891364574], [76.84064168483019, 43.23610056191683], [76.8406430259347, 43.23610659688711], [76.8406443670392, 43.23610793799162], [76.8406443670392, 43.23611196130514], [76.84064570814371, 43.236114643514156], [76.84064839035273, 43.2361314073205], [76.84064906090498, 43.236141465604305], [76.84064704924822, 43.23615688830614], [76.84064503759146, 43.23615822941065], [76.8406443670392, 43.23616359382868], [76.84064235538244, 43.236164934933186], [76.84064168483019, 43.236170299351215], [76.84063967317343, 43.23617298156023], [76.84063967317343, 43.236188404262066], [76.8406443670392, 43.23619645088911], [76.84064704924822, 43.236209861934185], [76.84064704924822, 43.23621656745672], [76.84064503759146, 43.236222602427006], [76.8406443670392, 43.23623601347208], [76.8406430259347, 43.23623802512884], [76.84064034372568, 43.236256800591946], [76.84063833206892, 43.236260153353214], [76.84063900262117, 43.236262165009975], [76.84063699096441, 43.23626283556223], [76.84063497930765, 43.236274905502796], [76.84063095599413, 43.236285634338856], [76.84063095599413, 43.23629032820463], [76.84062961488962, 43.23629233986139], [76.84062827378511, 43.23630105704069], [76.8406255915761, 43.236305080354214], [76.84062425047159, 43.23630977421999], [76.8406168743968, 43.23631715029478], [76.84060882776976, 43.236317820847034], [76.84060346335173, 43.236314468085766], [76.84060346335173, 43.23631312698126], [76.84060145169497, 43.2363111153245], [76.8405994400382, 43.236303739249706], [76.84059876948595, 43.23629502207041], [76.84059675782919, 43.23629166930914], [76.84059541672468, 43.2362849637866], [76.84059340506792, 43.23628161102533], [76.84059340506792, 43.23627892881632], [76.8405907228589, 43.23627356439829], [76.84058804064989, 43.23626350611448], [76.84058669954538, 43.236262165009975], [76.84057798236609, 43.236262165009975], [76.84057731181383, 43.23625881224871], [76.84057530015707, 43.236256800591946], [76.84057530015707, 43.236254788935184], [76.84057261794806, 43.23625076562166], [76.8405706062913, 43.23624473065138], [76.84056524187326, 43.2362400367856], [76.84056524187326, 43.236238695681095], [76.84056255966425, 43.23623735457659], [76.8405545130372, 43.23623735457659], [76.84055048972368, 43.23623936623335], [76.84055048972368, 43.236240707337856], [76.84054378420115, 43.23624741286039], [76.84054110199213, 43.23625411838293], [76.84053707867861, 43.23625814169645], [76.84053707867861, 43.236260153353214], [76.84053372591734, 43.236262165009975], [76.84050556272268, 43.236262165009975], [76.84050891548395, 43.23626149445772], [76.84050891548395, 43.236260153353214], [76.84050623327494, 43.23625948280096], [76.84050355106592, 43.23625411838293], [76.84050220996141, 43.23624808341265], [76.8404995277524, 43.23624271899462], [76.84049818664789, 43.236242048442364], [76.84049684554338, 43.23623735457659], [76.84049349278212, 43.23623400181532], [76.84049215167761, 43.23622863739729], [76.84049014002085, 43.23622662574053], [76.84048544615507, 43.236207850277424], [76.84048410505056, 43.23619578033686], [76.84048477560282, 43.23619108647108], [76.84048343449831, 43.23618974536657], [76.84048477560282, 43.23618035763502], [76.84048410505056, 43.23617298156023], [76.84048544615507, 43.23617231100798], [76.84048477560282, 43.23616627603769], [76.84048611670732, 43.23616426438093], [76.84048544615507, 43.2361588999629], [76.84048142284155, 43.23615621775389], [76.8404733762145, 43.23615487664938], [76.84047002345324, 43.23615152388811], [76.8404646590352, 43.236148841679096], [76.84045258909464, 43.23613677173853], [76.84045124799013, 43.23613274842501], [76.84044923633337, 43.23613207787275], [76.84044856578112, 43.23613006621599], [76.84044722467661, 43.23613006621599], [76.84044722467661, 43.236128725111485], [76.8404458835721, 43.236128725111485], [76.84044320136309, 43.236123360693455], [76.84043917804956, 43.23611933737993], [76.84043649584055, 43.236117996275425], [76.84042777866125, 43.23611665517092], [76.84041034430265, 43.23611665517092], [76.84039827436209, 43.236121349036694], [76.84039559215307, 43.236121349036694], [76.84038888663054, 43.23612470179796], [76.84038754552603, 43.23612671345472], [76.84038486331701, 43.23612738400698], [76.8403734639287, 43.23613811284304], [76.84037212282419, 43.23614280670881], [76.84037011116743, 43.23614414781332], [76.84036541730165, 43.23615353554487], [76.8403634056449, 43.236154206097126], [76.84036206454039, 43.23615688830614], [76.84036072343588, 43.23615688830614], [76.84036005288363, 43.236159570515156], [76.84035804122686, 43.23616024106741], [76.84035670012236, 43.23616426438093], [76.84035535901785, 43.23616426438093], [76.84035535901785, 43.23616627603769], [76.84035267680883, 43.23616895824671], [76.84034932404757, 43.23618035763502], [76.84034530073404, 43.23618236929178], [76.84034328907728, 43.236181028187275], [76.84034261852503, 43.23618572205305], [76.84034194797277, 43.23616158217192], [76.84034060686827, 43.23615822941065], [76.84033993631601, 43.236183039844036], [76.84033457189798, 43.23618907481432], [76.84033457189798, 43.23619041591883], [76.84033121913671, 43.23619242757559], [76.84032920747995, 43.23619779199362], [76.84032786637545, 43.23619846254587], [76.84032719582319, 43.23620114475489], [76.84032451361418, 43.236204497516155], [76.84032451361418, 43.236206509172916], [76.84032317250967, 43.236207850277424], [76.84032317250967, 43.236209861934185], [76.84032116085291, 43.2362125441432], [76.84032116085291, 43.23621455579996], [76.8403184786439, 43.23621992021799], [76.84031780809164, 43.236231319606304], [76.84032049030066, 43.236233331263065], [76.84032049030066, 43.23623467236757], [76.84032250195742, 43.23623467236757], [76.84032317250967, 43.23623601347208], [76.84033323079348, 43.23623936623335], [76.84033457189798, 43.236240707337856], [76.84034060686827, 43.23624137789011], [76.84034194797277, 43.236238695681095], [76.84034194797277, 43.236262165009975], [76.84037212282419, 43.236262165009975], [76.84037145227194, 43.23626350611448], [76.8403734639287, 43.23626350611448], [76.8403734639287, 43.23626887053251], [76.84037212282419, 43.23627222329378], [76.84037279337645, 43.23627356439829], [76.84037145227194, 43.23627557605505], [76.84036944061518, 43.236288987100124], [76.84036944061518, 43.23629703372717], [76.84036675840616, 43.23630440980196], [76.8403647467494, 43.236307092010975], [76.8403634056449, 43.236307092010975], [76.8403634056449, 43.23630843311548], [76.84036005288363, 43.23631178587675], [76.84035737067461, 43.236312456429005], [76.84035737067461, 43.23631379753351], [76.84035334736109, 43.23631513863802], [76.84034865349531, 43.23631916195154], [76.84034530073404, 43.236319832503796], [76.84034463018179, 43.23631849139929], [76.84034328907728, 43.23631849139929], [76.84034194797277, 43.23632184416056], [76.84034194797277, 43.23638152331114], [76.84034395962954, 43.2363835349679], [76.84034395962954, 43.23638487607241], [76.84035066515207, 43.236386217176914], [76.84035200625658, 43.23638956993818], [76.8403546884656, 43.236391581594944], [76.8403546884656, 43.236393593251705], [76.8403560295701, 43.23639426380396], [76.84035737067461, 43.236398957669735], [76.84036005288363, 43.236400969326496], [76.84036005288363, 43.23640700429678], [76.84035871177912, 43.23640767484903], [76.84035670012236, 43.23641438037157], [76.84035535901785, 43.236415050923824], [76.84035267680883, 43.23642108589411], [76.84035066515207, 43.236422426998615], [76.84035066515207, 43.236427791416645], [76.84034798294306, 43.23642913252115], [76.84034530073404, 43.23643248528242], [76.84034664183855, 43.23643382638693], [76.84034194797277, 43.23643382638693], [76.84034194797277, 43.236445896327496], [76.84033926576376, 43.236445896327496], [76.84033926576376, 43.23644790798426], [76.84033658355474, 43.236449249088764], [76.84033658355474, 43.23645059019327], [76.84033457189798, 43.236451260745525], [76.84033121913671, 43.2364559546113], [76.84033121913671, 43.23646668344736], [76.8403285369277, 43.23647070676088], [76.8403285369277, 43.2364733889699], [76.84032585471869, 43.23647942394018], [76.84032049030066, 43.23648411780596], [76.84031914919615, 43.23648680001497], [76.84031780809164, 43.23648680001497], [76.84031780809164, 43.23648814111948], [76.84031244367361, 43.23649484664202], [76.84031177312136, 43.236498199403286], [76.84030774980783, 43.23650222271681], [76.84030707925558, 43.23650624603033], [76.84030439704657, 43.23651026934385], [76.8403023853898, 43.236519657075405], [76.84030372649431, 43.23653172701597], [76.8403023853898, 43.23654178529978], [76.8403010442853, 43.236543126404285], [76.84030037373304, 43.23656793683767], [76.84029836207628, 43.23657397180796], [76.84029836207628, 43.23657799512148], [76.84029165655375, 43.236593417823315], [76.84028763324022, 43.23659811168909], [76.84028696268797, 43.23660146445036], [76.84028495103121, 43.23660280555487], [76.84028495103121, 43.23660548776388], [76.84027623385191, 43.236606158316135], [76.84027690440416, 43.23662158101797], [76.8402748927474, 43.23662627488375], [76.8402748927474, 43.23663700371981], [76.84027690440416, 43.236643709242344], [76.84027690440416, 43.23665913194418], [76.84027556329966, 43.23666851967573], [76.84027221053839, 43.23667857795954], [76.84027153998613, 43.23668997734785], [76.84027221053839, 43.23669735342264], [76.84027422219515, 43.23670070618391], [76.8402748927474, 43.23670607060194], [76.84027623385191, 43.23670741170645], [76.84027824550867, 43.23672417551279], [76.84028025716543, 43.2367255166173], [76.84028025716543, 43.23673289269209], [76.84028159826994, 43.23673356324434], [76.84027958661318, 43.23674697428942], [76.84027623385191, 43.236753679811954], [76.84027288109064, 43.23675703257322], [76.84027288109064, 43.23675837367773], [76.84027086943388, 43.23676038533449], [76.84026952832937, 43.23676038533449], [76.8402661755681, 43.23676507920027], [76.84026349335909, 43.23676574975252], [76.84026215225458, 43.23676776140928], [76.84025947004557, 43.236768431961536], [76.84025812894106, 43.2367704436183], [76.84024941176176, 43.236775137484074], [76.84025008231401, 43.236777149140835], [76.84020716696978, 43.236777149140835]], [[76.84051427990198, 43.23614280670881], [76.84051562100649, 43.23614280670881], [76.84051629155874, 43.2361401244998], [76.84052366763353, 43.23613274842501], [76.84052366763353, 43.2361314073205], [76.84052836149931, 43.23612604290247], [76.84053037315607, 43.23612067848444], [76.84053171426058, 43.236120007932186], [76.84053506702185, 43.236112631857395], [76.84053506702185, 43.236110620200634], [76.84053707867861, 43.23610793799162], [76.84054043143988, 43.236096538603306], [76.84054244309664, 43.236094526946545], [76.84054311364889, 43.23609050363302], [76.84051360934973, 43.23609050363302], [76.84051427990198, 43.23614280670881]], [[76.8404083326459, 43.23608983308077], [76.84041302651167, 43.23608983308077], [76.84041302651167, 43.236089162528515], [76.84040766209364, 43.23608849197626], [76.8404083326459, 43.23608983308077]], [[76.84040766209364, 43.23607709258795], [76.8404083326459, 43.2360777631402], [76.8404083326459, 43.23607709258795], [76.84040766209364, 43.23607709258795]]]}, "properties": {"id": 687, "class": "road", "confidence": 100.0, "source": "Almaty_4", "source_model": "unet-roads", "centroid_wkt": "POINT (76.84033132112822 43.23628554097443)", "bbox": [76.84010725468397, 43.23595706373453, 76.84064973145723, 43.236777149140835], "pixel_bbox": [15778, 6656, 16587, 7879], "area_m2": 1356.687}}, {"type": "Feature", "geometry": {"type": "Polygon", "coordinates": [[[76.84038687497377, 43.2360328361392], [76.84038486331701, 43.23603082448244], [76.84037882834673, 43.236028142273426], [76.84037882834673, 43.23602680116892], [76.84037614613771, 43.236024118959904], [76.84037413448095, 43.236024118959904], [76.84036541730165, 43.23601607233286], [76.84036072343588, 43.23600668460131], [76.84036005288363, 43.236002661287785], [76.84036139398813, 43.23600199073553], [76.84036139398813, 43.2359966263175], [76.84036407619715, 43.23599327355623], [76.84036675840616, 43.23599260300398], [76.84036809951067, 43.23599059134722], [76.84037011116743, 43.235989920794964], [76.84037011116743, 43.235988579690456], [76.8403734639287, 43.2359879091382], [76.84037681668997, 43.23598388582468], [76.84037815779448, 43.23598388582468], [76.84038151055574, 43.23598053306341], [76.84038419276476, 43.23597986251116], [76.84038486331701, 43.23597852140665], [76.84038620442152, 43.23597852140665], [76.84038955718279, 43.23597516864538], [76.84039358049631, 43.23597315698862], [76.84039559215307, 43.23597315698862], [76.84040565043688, 43.235968463122845], [76.84041906148195, 43.23596712201834], [76.84042241424322, 43.235968463122845], [76.84043113142252, 43.235968463122845], [76.84043783694506, 43.23597114533186], [76.84043917804956, 43.235970474779606], [76.84044789522886, 43.23597181588411], [76.84045325964689, 43.235970474779606], [76.84045661240816, 43.235968463122845], [76.84045929461718, 43.2359691336751], [76.84046532958746, 43.235963098704815], [76.84047203511, 43.235961087048054], [76.84047270566225, 43.235959745943546], [76.84047471731901, 43.235959745943546], [76.84047605842352, 43.23595840483904], [76.84048343449831, 43.23595706373453], [76.84049483388662, 43.23595706373453], [76.84049818664789, 43.23595907539129], [76.84050019830465, 43.23595907539129], [76.84050288051367, 43.23596242815256], [76.84050489217043, 43.235963098704815], [76.84050489217043, 43.23596443980932], [76.84050623327494, 43.23596443980932], [76.84050623327494, 43.23596578091383], [76.84050757437944, 43.23596578091383], [76.84050757437944, 43.2359691336751], [76.84050891548395, 43.235970474779606], [76.84051025658846, 43.235970474779606], [76.84051226824522, 43.23597248643637], [76.84051360934973, 43.23597181588411], [76.84051360934973, 43.235979191958904], [76.84051226824522, 43.23597449809313], [76.84051226824522, 43.23597852140665], [76.84051092714071, 43.235979191958904], [76.84051025658846, 43.23598187416792], [76.8405082449317, 43.23598254472017], [76.8405082449317, 43.23598522692919], [76.84050690382719, 43.23598723858595], [76.8405082449317, 43.235995285212994], [76.84050690382719, 43.235995285212994], [76.84050690382719, 43.2359966263175], [76.84050489217043, 43.235997296869755], [76.84050489217043, 43.235999308526516], [76.84050288051367, 43.23600132018328], [76.84050355106592, 43.23600400239229], [76.84050220996141, 43.23600400239229], [76.84050220996141, 43.2360053434968], [76.8404995277524, 43.23600668460131], [76.84048678725958, 43.23600668460131], [76.84048276394606, 43.236002661287785], [76.84047538787127, 43.23599997907877], [76.84047404676676, 43.23599796742201], [76.84046667069197, 43.2359966263175], [76.84046264737844, 43.23599461466074], [76.84046197682619, 43.23599327355623], [76.84045795351267, 43.23599260300398], [76.84045594185591, 43.23599059134722], [76.84045325964689, 43.23599059134722], [76.84045191854239, 43.23598925024271], [76.84044923633337, 43.23598925024271], [76.84044856578112, 43.2359879091382], [76.84044253081083, 43.2359879091382], [76.84044118970633, 43.235989920794964], [76.84043649584055, 43.235991932451725], [76.84042979031801, 43.23599796742201], [76.84042777866125, 43.23599796742201], [76.84042643755674, 43.23599997907877], [76.84042509645224, 43.23599997907877], [76.84042509645224, 43.23600132018328], [76.84042308479548, 43.23600199073553], [76.84042308479548, 43.23600333184004], [76.8404197320342, 43.23600601404905], [76.84041906148195, 43.23600869625807], [76.84041704982519, 43.236010037362576], [76.84041369706392, 43.23601607233286], [76.8404083326459, 43.23602143675089], [76.84040699154139, 43.23602143675089], [76.84040565043688, 43.23602344840765], [76.84040162712336, 43.23602546006441], [76.84039760380983, 43.23603015393019], [76.84039358049631, 43.236031495034695], [76.84039290994406, 43.2360328361392], [76.84038687497377, 43.2360328361392]]]}, "properties": {"id": 688, "class": "road", "confidence": 100.0, "source": "Almaty_4", "source_model": "unet-roads", "centroid_wkt": "POINT (76.84043423320394 43.23598985633415)", "bbox": [76.84036005288363, 43.23595706373453, 76.84051360934973, 43.2360328361392], "pixel_bbox": [16155, 7766, 16384, 7879], "area_m2": 51.074}}, {"type": "Feature", "geometry": {"type": "Polygon", "coordinates": [[[76.84063296765089, 43.23598321527243], [76.84063095599413, 43.23598187416792], [76.84062894433737, 43.23597650974989], [76.84062894433737, 43.235970474779606], [76.84063095599413, 43.23596980422735], [76.84063229709864, 43.23596578091383], [76.84063497930765, 43.23596376925707], [76.84063632041216, 43.235959745943546], [76.84064034372568, 43.23595505207777], [76.84064168483019, 43.23594968765974], [76.8406443670392, 43.235947005450726], [76.8406443670392, 43.23594432324171], [76.84064570814371, 43.2359429821372], [76.84064704924822, 43.23593761771917], [76.84064839035273, 43.23593694716692], [76.84064906090498, 43.23593359440565], [76.84065241366625, 43.23593024164438], [76.84065241366625, 43.23592822998762], [76.84065375477076, 43.23592822998762], [76.84065442532301, 43.235926888883114], [76.84065509587526, 43.235923536121845], [76.840651743114, 43.23592018336058], [76.84066113084555, 43.23591884225607], [76.84068527072668, 43.23591951280832], [76.84068527072668, 43.23596175760031], [76.84068258851767, 43.235959745943546], [76.84068191796541, 43.23596242815256], [76.84067990630865, 43.23596242815256], [76.84067856520414, 43.23596645146608], [76.84067722409964, 43.23596645146608], [76.84067655354738, 43.235968463122845], [76.84067454189062, 43.235968463122845], [76.84067387133837, 43.235970474779606], [76.84067253023386, 43.235970474779606], [76.8406705185771, 43.23597315698862], [76.84066381305456, 43.23597650974989], [76.84066113084555, 43.23597650974989], [76.84065509587526, 43.235979191958904], [76.84064034372568, 43.235979191958904], [76.84063632041216, 43.23598254472017], [76.84063296765089, 43.23598321527243]]]}, "properties": {"id": 689, "class": "road", "confidence": 100.0, "source": "Almaty_4", "source_model": "unet-roads", "centroid_wkt": "POINT (76.84066135488894 43.235950567107366)", "bbox": [76.84062894433737, 43.23591884225607, 76.84068527072668, 43.23598321527243], "pixel_bbox": [16556, 7840, 16640, 7936], "area_m2": 21.554}}, {"type": "Feature", "geometry": {"type": "Polygon", "coordinates": [[[76.83371488004923, 43.23591884225607], [76.83371018618345, 43.23591750115156], [76.83371152728796, 43.2359154894948], [76.83371018618345, 43.23591481894255], [76.83371018618345, 43.23591146618128], [76.83371286839247, 43.235910795629025], [76.83371353894472, 43.23590945452452], [76.83372158557177, 43.23590610176325], [76.83373432606459, 43.23590476065874], [76.83373901993036, 43.23590274900198], [76.83374505490065, 43.235902078449726], [76.83375108987093, 43.23589939624071], [76.8337631598115, 43.235900066792965], [76.833764500916, 43.235902078449726], [76.83376651257277, 43.23590274900198], [76.83376986533403, 43.23590945452452], [76.83376919478178, 43.23591481894255], [76.83377053588629, 43.23591750115156], [76.83376651257277, 43.23591884225607], [76.83371488004923, 43.23591884225607]]]}, "properties": {"id": 690, "class": "road", "confidence": 100.0, "source": "Almaty_4", "source_model": "unet-roads", "centroid_wkt": "POINT (76.8337433611347 43.235910577406486)", "bbox": [76.83371018618345, 43.23589939624071, 76.83377053588629, 43.23591884225607], "pixel_bbox": [6238, 7936, 6328, 7965], "area_m2": 8.008}}, {"type": "Feature", "geometry": {"type": "Polygon", "coordinates": [[[76.8379970267415, 43.23591884225607], [76.83799367398024, 43.23591750115156], [76.837995685637, 43.2359154894948], [76.83799501508474, 43.235912807285786], [76.83799635618925, 43.23590878397226], [76.83799970895052, 43.235905431210995], [76.83800641447306, 43.235902078449726], [76.83801244944334, 43.23590140789747], [76.83802116662264, 43.23589872568846], [76.8380318954587, 43.235898055136204], [76.83803658932447, 43.235896714031696], [76.83804664760828, 43.235896714031696], [76.8380506709218, 43.23589537292719], [76.83805469423532, 43.23589604347944], [76.83805670589209, 43.235894702374935], [76.83806475251913, 43.23589403182268], [76.83807212859392, 43.23589403182268], [76.83808218687773, 43.23589939624071], [76.83808285742998, 43.23590140789747], [76.83808419853449, 43.23590140789747], [76.83808419853449, 43.23590274900198], [76.8380868807435, 43.235905431210995], [76.83809023350477, 43.2359154894948], [76.83809023350477, 43.23591750115156], [76.83808822184801, 43.23591884225607], [76.8379970267415, 43.23591884225607]]]}, "properties": {"id": 691, "class": "road", "confidence": 100.0, "source": "Almaty_4", "source_model": "unet-roads", "centroid_wkt": "POINT (76.83804505202984 43.235908056209404)", "bbox": [76.83799367398024, 43.23589403182268, 76.83809023350477, 43.23591884225607], "pixel_bbox": [12626, 7936, 12770, 7973], "area_m2": 17.117}}, {"type": "Feature", "geometry": {"type": "Polygon", "coordinates": [[[76.83096293359995, 43.23591884225607], [76.83095958083868, 43.23591750115156], [76.83096025139093, 43.23591481894255], [76.83095891028643, 43.23591481894255], [76.83095756918192, 43.23591213673353], [76.83095756918192, 43.235907442867756], [76.83096159249544, 43.23589939624071], [76.83096427470446, 43.23589872568846], [76.83096427470446, 43.23589738458395], [76.83096561580896, 43.23589738458395], [76.83096762746572, 43.23589537292719], [76.8309723213315, 43.23589537292719], [76.83097500354052, 43.23589336127043], [76.83097768574953, 43.23589336127043], [76.83098170906305, 43.23589134961367], [76.83098774403334, 43.23589336127043], [76.83099243789911, 43.23589336127043], [76.83099377900362, 43.235896714031696], [76.83099579066038, 43.235896714031696], [76.83100048452616, 43.23590140789747], [76.83100182563066, 43.23590140789747], [76.83100450783968, 43.2359067723155], [76.83100651949644, 43.23590811342001], [76.83100786060095, 43.235912807285786], [76.8310071900487, 43.23591481894255], [76.83100584894419, 43.23591481894255], [76.83100651949644, 43.235916160047054], [76.83100383728743, 43.23591683059931], [76.83100316673517, 43.235918171703815], [76.83096293359995, 43.23591884225607]]]}, "properties": {"id": 692, "class": "road", "confidence": 100.0, "source": "Almaty_4", "source_model": "unet-roads", "centroid_wkt": "POINT (76.83098205154941 43.23590677000823)", "bbox": [76.83095756918192, 43.23589134961367, 76.83100786060095, 43.23591884225607], "pixel_bbox": [2133, 7936, 2208, 7977], "area_m2": 9.434}}, {"type": "Feature", "geometry": {"type": "Polygon", "coordinates": [[[76.83183532208204, 43.235900066792965], [76.83183196932077, 43.23589872568846], [76.83183196932077, 43.23589738458395], [76.83182928711176, 43.23589604347944], [76.8318286165595, 43.235883973538876], [76.83182995766401, 43.23587793856859], [76.83183331042528, 43.23587458580732], [76.83183666318655, 43.235873244702816], [76.83184538036585, 43.23587726801634], [76.83184806257486, 43.235883973538876], [76.83184806257486, 43.23589000850916], [76.83184403926134, 43.23589738458395], [76.83183934539557, 43.235900066792965], [76.83183532208204, 43.235900066792965]]]}, "properties": {"id": 693, "class": "road", "confidence": 100.0, "source": "Almaty_4", "source_model": "unet-roads", "centroid_wkt": "POINT (76.83183829598678 43.23588662431385)", "bbox": [76.8318286165595, 43.235873244702816, 76.83184806257486, 43.235900066792965], "pixel_bbox": [3432, 7964, 3461, 8004], "area_m2": 3.715}}, {"type": "Feature", "geometry": {"type": "Polygon", "coordinates": [[[76.83969285339117, 43.23597449809313], [76.83968883007765, 43.23597248643637], [76.83968614786863, 43.23597248643637], [76.8396807834506, 43.235968463122845], [76.83967810124159, 43.23596779257059], [76.83967340737581, 43.23596242815256], [76.8396720662713, 43.23596242815256], [76.83967005461454, 43.235957734286785], [76.83966603130102, 43.23595304042101], [76.83966133743525, 43.2359429821372], [76.83965999633074, 43.23593560606241], [76.83965865522623, 43.23593359440565], [76.83965798467398, 43.23592018336058], [76.83965932577848, 43.23591884225607], [76.83956880122423, 43.23591884225607], [76.83956477791071, 43.2359154894948], [76.83955874294043, 43.235912807285786], [76.83955539017916, 43.23590878397226], [76.83955539017916, 43.235907442867756], [76.83955404907465, 43.235907442867756], [76.83955136686563, 43.23589939624071], [76.83955404907465, 43.23589000850916], [76.83955404907465, 43.23588531464338], [76.83955606073141, 43.23588129132986], [76.8395547196269, 43.235878609120846], [76.83955539017916, 43.235871233046055], [76.83955673128366, 43.235867880284786], [76.83955807238817, 43.23586720973253], [76.83955807238817, 43.23586452752352], [76.83956008404493, 43.235860504209995], [76.83955874294043, 43.23585715144873], [76.83955874294043, 43.23585044592619], [76.83956142514944, 43.23584508150816], [76.83956947177649, 43.23584172874689], [76.8395721539855, 43.23583837598562], [76.83957416564226, 43.23583770543337], [76.83957550674677, 43.235835023224354], [76.83958020061255, 43.235835023224354], [76.8395808711648, 43.23583234101534], [76.83958288282156, 43.23583032935858], [76.83959361165762, 43.235829658806324], [76.83960366994143, 43.235835023224354], [76.83960568159819, 43.235839046537876], [76.83960501104593, 43.23584508150816], [76.83960366994143, 43.235847763717175], [76.8395996466279, 43.23585111647844], [76.83959696441889, 43.23585782200098], [76.83959562331438, 43.235871233046055], [76.83959696441889, 43.23587190359831], [76.83959696441889, 43.23587391525507], [76.8395983055234, 43.23587525635958], [76.8395996466279, 43.23587525635958], [76.83960366994143, 43.2358792796731], [76.8396070227027, 43.23587995022535], [76.83961037546396, 43.23588330298662], [76.83961641043425, 43.23588598519564], [76.83963116258383, 43.23588598519564], [76.8396432325244, 43.23588330298662], [76.83964658528566, 43.23588062077761], [76.8396532908082, 43.23588062077761], [76.83965530246496, 43.23587793856859], [76.83965530246496, 43.23589067906141], [76.83965731412172, 43.2358879968524], [76.83965731412172, 43.235889337956905], [76.83965865522623, 43.23588866740465], [76.83965999633074, 43.23589067906141], [76.83966536074877, 43.23589336127043], [76.83967005461454, 43.23589403182268], [76.83967474848032, 43.235896714031696], [76.8397156521678, 43.235896714031696], [76.83971900492907, 43.235898055136204], [76.83972906321287, 43.23589872568846], [76.83973040431738, 43.235900066792965], [76.83973375707865, 43.23590073734522], [76.83973576873541, 43.23590341955423], [76.83973778039217, 43.23590341955423], [76.83974046260118, 43.23590610176325], [76.83974113315344, 43.235910795629025], [76.83974247425795, 43.235910795629025], [76.83974247425795, 43.23591347783804], [76.83974113315344, 43.23591347783804], [76.83974113315344, 43.23591951280832], [76.83974247425795, 43.23592018336058], [76.83974247425795, 43.235921524465084], [76.83974046260118, 43.235923536121845], [76.83973912149668, 43.23593158274889], [76.83973509818316, 43.235939629375935], [76.83973375707865, 43.235939629375935], [76.83973241597414, 43.2359429821372], [76.83972906321287, 43.23594566434622], [76.83972772210836, 43.23594901710749], [76.83972369879484, 43.23595304042101], [76.83972168713808, 43.235957734286785], [76.83971900492907, 43.235959745943546], [76.83971900492907, 43.235961087048054], [76.83971162885427, 43.2359691336751], [76.83971028774977, 43.2359691336751], [76.83970760554075, 43.23597181588411], [76.83970157057047, 43.235973827540874], [76.83969285339117, 43.23597449809313]]]}, "properties": {"id": 694, "class": "road", "confidence": 100.0, "source": "Almaty_4", "source_model": "unet-roads", "centroid_wkt": "POINT (76.83964558686371 43.23590663189917)", "bbox": [76.83955136686563, 43.235829658806324, 76.83974247425795, 43.23597449809313], "pixel_bbox": [14949, 7853, 15234, 8069], "area_m2": 97.903}}, {"type": "Feature", "geometry": {"type": "Polygon", "coordinates": [[[76.83824244886637, 43.23591012507677], [76.83822702616453, 43.2359067723155], [76.83822300285101, 43.23590476065874], [76.838220320642, 43.23590140789747], [76.83821897953749, 43.23590140789747], [76.83821763843298, 43.23589872568846], [76.83821562677622, 43.23589738458395], [76.83821361511946, 43.235892690718174], [76.83821361511946, 43.23588464409113], [76.83821696788073, 43.235876597464085], [76.83821897953749, 43.23587458580732], [76.83821965008974, 43.235871233046055], [76.83822233229876, 43.23586855083704], [76.83822434395552, 43.23586855083704], [76.83822501450777, 43.23586720973253], [76.83822903782129, 43.23586720973253], [76.83822970837355, 43.235865868628025], [76.83824580162764, 43.23586653918028], [76.83825451880693, 43.23586117476225], [76.83825451880693, 43.23585916310549], [76.8382565304637, 43.23585782200098], [76.83825720101595, 43.23585446923971], [76.83825451880693, 43.2358517870307], [76.83825384825468, 43.23584843426943], [76.83824580162764, 43.23584172874689], [76.83824378997087, 43.23584172874689], [76.8382404372096, 43.235839046537876], [76.83823775500059, 43.235839046537876], [76.83823708444834, 43.23583770543337], [76.83822903782129, 43.235837034881115], [76.83822769671679, 43.235835023224354], [76.83822568506002, 43.235835023224354], [76.8382216617465, 43.235831670463085], [76.838220320642, 43.235831670463085], [76.83821562677622, 43.23582697659731], [76.83821562677622, 43.2358256354928], [76.8382129445672, 43.23582295328379], [76.8382129445672, 43.235820941627026], [76.83820825070143, 43.23581490665674], [76.83820690959692, 43.23581088334322], [76.83820758014917, 43.23580954223871], [76.83820623904467, 43.23580753058195], [76.83820623904467, 43.235802836716175], [76.83820690959692, 43.23580015450716], [76.83821965008974, 43.2357894256711], [76.83823239058256, 43.23578406125307], [76.83824580162764, 43.23578272014856], [76.83825451880693, 43.23578406125307], [76.83825720101595, 43.23578607290983], [76.83826390653849, 43.23578741401434], [76.83826792985201, 43.2357894256711], [76.83827597647905, 43.235797472298145], [76.83827798813581, 43.235797472298145], [76.83827932924032, 43.235795460641384], [76.83828201144934, 43.23579411953688], [76.83828201144934, 43.235902078449726], [76.83828067034483, 43.23590341955423], [76.83827597647905, 43.23590341955423], [76.83827061206102, 43.2359067723155], [76.83826591819525, 43.23590811342001], [76.83825183659792, 43.23591012507677], [76.83824244886637, 43.23591012507677]]]}, "properties": {"id": 695, "class": "road", "confidence": 100.0, "source": "Almaty_4", "source_model": "unet-roads", "centroid_wkt": "POINT (76.83825036712022 43.23584510840181)", "bbox": [76.83820623904467, 43.23578272014856, 76.83828201144934, 43.23591012507677], "pixel_bbox": [12943, 7949, 13056, 8139], "area_m2": 63.241}}, {"type": "Feature", "geometry": {"type": "Polygon", "coordinates": [[[76.83373365551233, 43.235820941627026], [76.8337269499898, 43.23582027107477], [76.83372627943754, 43.235818929970264], [76.83372359722853, 43.235818929970264], [76.83371689170599, 43.235815577208996], [76.83371689170599, 43.23581423610449], [76.8337108567357, 43.23581088334322], [76.83370281010866, 43.23580149561167], [76.83370146900415, 43.23579344898462], [76.83370012789965, 43.23579143732786], [76.83370012789965, 43.23578741401434], [76.83370146900415, 43.235786743462086], [76.83370213955641, 43.23578406125307], [76.83370616286993, 43.23577869683504], [76.83371018618345, 43.235777355730534], [76.83371353894472, 43.23577467352152], [76.83372493833303, 43.23577333241701], [76.83374706655741, 43.235777355730534], [76.83376651257277, 43.23577668517828], [76.83376785367727, 43.23577802628279], [76.83377254754305, 43.23577802628279], [76.83378595858812, 43.23577534407377], [76.83378931134939, 43.23577266186476], [76.8337919935584, 43.235771991312504], [76.8337919935584, 43.235770650207996], [76.83379668742418, 43.23576930910349], [76.83380004018545, 43.23576528578997], [76.83380004018545, 43.23576394468546], [76.83380205184221, 43.23576260358095], [76.83380272239447, 43.23576059192419], [76.8338007107377, 43.23575858026743], [76.83380205184221, 43.23574986308813], [76.83380741626024, 43.23575120419264], [76.83381479233503, 43.23574986308813], [76.83381613343954, 43.235750533640385], [76.83381546288729, 43.23575723916292], [76.83381345123053, 43.23575656861067], [76.83381009846926, 43.23575992137194], [76.83380473405123, 43.23576059192419], [76.83381211012602, 43.23576461523771], [76.83381211012602, 43.23576595634222], [76.83381479233503, 43.23576796799898], [76.83381479233503, 43.23576997965574], [76.83381345123053, 43.23576930910349], [76.83381278067827, 43.235771991312504], [76.83381479233503, 43.235771991312504], [76.83381747454405, 43.23577467352152], [76.83381881564856, 43.23578540235758], [76.83381747454405, 43.23578406125307], [76.83381747454405, 43.23578607290983], [76.83381613343954, 43.235786743462086], [76.83381546288729, 43.2357894256711], [76.83381009846926, 43.235790096223354], [76.83380540460348, 43.23579479008913], [76.83379802852869, 43.2357981428504], [76.83378931134939, 43.23580551892519], [76.83378797024488, 43.23580551892519], [76.83378662914038, 43.23580753058195], [76.83377992361784, 43.23581088334322], [76.83376986533403, 43.23581289499998], [76.83376852422953, 43.23581423610449], [76.83376517146826, 43.23581423610449], [76.83376248925924, 43.235815577208996], [76.83373365551233, 43.235820941627026]]]}, "properties": {"id": 696, "class": "road", "confidence": 100.0, "source": "Almaty_4", "source_model": "unet-roads", "centroid_wkt": "POINT (76.83375818907615 43.23579142583843)", "bbox": [76.83370012789965, 43.23574986308813, 76.83381881564856, 43.235820941627026], "pixel_bbox": [6223, 8082, 6400, 8188], "area_m2": 38.759}}, {"type": "Feature", "geometry": {"type": "Polygon", "coordinates": [[[76.84047404676676, 43.23591884225607], [76.84047203511, 43.235910795629025], [76.84047203511, 43.23590073734522], [76.84047270566225, 43.235894702374935], [76.84047404676676, 43.23589202016592], [76.84047404676676, 43.23588598519564], [76.84047538787127, 43.23588464409113], [76.84047739952803, 43.23587793856859], [76.8404807522893, 43.23587525635958], [76.84048343449831, 43.23587525635958], [76.84048678725958, 43.23587190359831], [76.84048812836409, 43.23587190359831], [76.84049148112535, 43.23586519807577], [76.8404908105731, 43.235858492553234], [76.84048812836409, 43.235853128135204], [76.84048678725958, 43.23585245758295], [76.84048544615507, 43.23584843426943], [76.84048410505056, 43.235847763717175], [76.84047605842352, 43.23582898825407], [76.84047605842352, 43.23582161217928], [76.84047807008028, 43.23581289499998], [76.84047874063253, 43.23580350726843], [76.8404820933938, 43.235795460641384], [76.84048343449831, 43.23578607290983], [76.84048343449831, 43.23578339070082], [76.8404820933938, 43.235781379044056], [76.8404807522893, 43.2357619330287], [76.84048142284155, 43.23575455695391], [76.84047941118479, 43.23574852198362], [76.84048544615507, 43.235747180879116], [76.84053506702185, 43.235747180879116], [76.84053640812635, 43.23574919253588], [76.8405343964696, 43.23575187474489], [76.84053305536509, 43.23575187474489], [76.84053305536509, 43.23575522750616], [76.84053171426058, 43.23575656861067], [76.84053171426058, 43.23575925081968], [76.84053037315607, 43.23575992137194], [76.84053037315607, 43.235761262476444], [76.84052634984255, 43.23576528578997], [76.84052366763353, 43.23576595634222], [76.84052299708128, 43.23576729744673], [76.840516962111, 43.235770650207996], [76.84051495045424, 43.235770650207996], [76.84051495045424, 43.23576930910349], [76.84051360934973, 43.235768638551235], [76.84051360934973, 43.23591884225607], [76.84047404676676, 43.23591884225607]]]}, "properties": {"id": 697, "class": "road", "confidence": 100.0, "source": "Almaty_4", "source_model": "unet-roads", "centroid_wkt": "POINT (76.8404983031741 43.23583041259392)", "bbox": [76.84047203511, 43.235747180879116, 76.84053640812635, 43.23591884225607], "pixel_bbox": [16322, 7936, 16418, 8192], "area_m2": 55.549}}, {"type": "Feature", "geometry": {"type": "Polygon", "coordinates": [[[76.8364842608571, 43.2357619330287], [76.83647487312555, 43.235757909715176], [76.8364755436778, 43.23575522750616], [76.83647487312555, 43.23575388640165], [76.83647353202105, 43.23575388640165], [76.8364742025733, 43.23575120419264], [76.83647219091654, 43.23575120419264], [76.83647084981203, 43.23574919253588], [76.83646883815527, 43.23574919253588], [76.8364742025733, 43.235747180879116], [76.83646682649851, 43.235747180879116], [76.83646682649851, 43.2357444986701], [76.83646146208048, 43.235741816461086], [76.83646146208048, 43.23573712259531], [76.836465485394, 43.23573175817728], [76.83646749705076, 43.23572237044573], [76.83647084981203, 43.23571566492319], [76.8364742025733, 43.23571231216192], [76.83648560196161, 43.2357082888484], [76.83649230748415, 43.2357082888484], [76.83649431914091, 43.23570962995291], [76.83650571852922, 43.23571164160967], [76.83650705963373, 43.235712982714176], [76.83651644736528, 43.23571566492319], [76.83652181178331, 43.23572035878897], [76.83652449399233, 43.235725723207], [76.83652449399233, 43.2357357814908], [76.83652315288782, 43.235743157565594], [76.83652114123106, 43.235745169222355], [76.83652181178331, 43.23574651032686], [76.836510412395, 43.235747180879116], [76.83651108294725, 43.23574919253588], [76.83650840073824, 43.23575187474489], [76.83650840073824, 43.23575388640165], [76.83650504797697, 43.23575723916292], [76.83649968355894, 43.23575992137194], [76.8364842608571, 43.2357619330287]]]}, "properties": {"id": 698, "class": "road", "confidence": 100.0, "source": "Almaty_4", "source_model": "unet-roads", "centroid_wkt": "POINT (76.83649364009274 43.23573380942358)", "bbox": [76.83646146208048, 43.2357082888484, 76.83652449399233, 43.2357619330287], "pixel_bbox": [10341, 8170, 10435, 8250], "area_m2": 22.124}}, {"type": "Feature", "geometry": {"type": "Polygon", "coordinates": [[[76.83364782482386, 43.23576528578997], [76.8336471542716, 43.235747180879116], [76.83361899107695, 43.235747180879116], [76.83361630886793, 43.23574248701334], [76.83361630886793, 43.23573108762503], [76.8336196616292, 43.235718347132206], [76.8336196616292, 43.235707618296146], [76.83361764997244, 43.23569756001234], [76.83361630886793, 43.23569621890783], [76.83361228555441, 43.23568280786276], [76.83361228555441, 43.235664032399654], [76.83361429721117, 43.23565665632486], [76.83361764997244, 43.23565062135458], [76.83361899107695, 43.235649950802326], [76.83361899107695, 43.23564860969782], [76.83362234383821, 43.23564726859331], [76.83362234383821, 43.235645927488804], [76.83362636715174, 43.23564190417528], [76.83362770825624, 43.23564190417528], [76.833629719913, 43.23563922196627], [76.83363240212202, 43.23563788086176], [76.83363642543554, 43.23563788086176], [76.83364447206259, 43.23564391583204], [76.8336471542716, 43.23564190417528], [76.8336471542716, 43.23565598577261], [76.83364782482386, 43.23565799742937], [76.83365117758512, 43.235660679638386], [76.83365318924189, 43.23566738516092], [76.83365184813738, 43.23567811399698], [76.83364849537611, 43.235678784549236], [76.8336471542716, 43.23568481951952], [76.83364782482386, 43.2357170060277], [76.8336558714509, 43.235716335475445], [76.8336659297347, 43.235718347132206], [76.83367196470499, 43.235718347132206], [76.83369476348162, 43.23572438210249], [76.83370415121317, 43.23572438210249], [76.83370616286993, 43.235721699893475], [76.83370750397444, 43.235721699893475], [76.83370817452669, 43.23571968823671], [76.8337095156312, 43.23571968823671], [76.8337095156312, 43.235718347132206], [76.83371219784021, 43.23571566492319], [76.83372359722853, 43.23571030050516], [76.83373499661684, 43.2357082888484], [76.83374974876642, 43.2357082888484], [76.83377120643854, 43.23571231216192], [76.83377388864756, 43.23571365326643], [76.83377522975206, 43.23571566492319], [76.83377657085657, 43.23571566492319], [76.83377992361784, 43.23572035878897], [76.83377992361784, 43.23572505265474], [76.83377858251333, 43.235727064311504], [76.83377590030432, 43.23572840541601], [76.83377388864756, 43.23572840541601], [76.83377254754305, 43.23572974652052], [76.83375712484121, 43.23573041707277], [76.83374840766191, 43.235732428729534], [76.83374505490065, 43.23573376983404], [76.83374438434839, 43.23573511093855], [76.83373901993036, 43.23573645204306], [76.83373834937811, 43.235737793147564], [76.83373365551233, 43.23573846369982], [76.83372963219881, 43.235743157565594], [76.83372158557177, 43.23574382811785], [76.83372158557177, 43.235745169222355], [76.8337182328105, 43.23574583977461], [76.83372762054205, 43.235747180879116], [76.83368001133204, 43.23574785143137], [76.83367732912302, 43.23574919253588], [76.83367598801851, 43.23575120419264], [76.8336733058095, 43.23575187474489], [76.83367263525724, 43.2357532158494], [76.83366794139147, 43.23575455695391], [76.83366660028696, 43.23575656861067], [76.83365654200315, 43.23575992137194], [76.83365520089865, 43.2357619330287], [76.83365184813738, 43.23576260358095], [76.83365117758512, 43.23576394468546], [76.83364916592836, 43.23576394468546], [76.83364782482386, 43.23576528578997]], [[76.83364447206259, 43.23571164160967], [76.8336458131671, 43.235710971057415], [76.83364648371935, 43.23570694774389], [76.83364648371935, 43.235698230564594], [76.83364514261484, 43.23569688946009], [76.83364380151033, 43.235698230564594], [76.83364447206259, 43.23571164160967]]]}, "properties": {"id": 699, "class": "road", "confidence": 100.0, "source": "Almaty_4", "source_model": "unet-roads", "centroid_wkt": "POINT (76.83367090969125 43.23571266649342)", "bbox": [76.83361228555441, 43.23563788086176, 76.83377992361784, 43.23576528578997], "pixel_bbox": [6092, 8165, 6342, 8355], "area_m2": 64.493}}, {"type": "Feature", "geometry": {"type": "Polygon", "coordinates": [[[76.84060011059046, 43.23567945510149], [76.8405980989337, 43.23567744344473], [76.84059675782919, 43.23567744344473], [76.84059474617243, 43.23567543178797], [76.84059474617243, 43.23567409068346], [76.84059340506792, 43.23567409068346], [76.84059206396341, 43.235671408474445], [76.8405907228589, 43.235671408474445], [76.8405907228589, 43.23567006736994], [76.84058871120214, 43.23566872626543], [76.84058737009764, 43.235666044056416], [76.84058669954538, 43.23565933853388], [76.84058535844088, 43.23565799742937], [76.84058535844088, 43.235655315220356], [76.84058401733637, 43.23565397411585], [76.84058401733637, 43.235651291906834], [76.84058133512735, 43.235644586384296], [76.84058133512735, 43.23564190417528], [76.84057999402285, 43.23564123362303], [76.84057999402285, 43.23563922196627], [76.84057798236609, 43.23563653975725], [76.84057798236609, 43.23563251644373], [76.84057664126158, 43.23562916368246], [76.84057798236609, 43.2356184348464], [76.84057731181383, 43.2356097176671], [76.84057597070932, 43.23560435324907], [76.84057395905256, 43.23560167104006], [76.84057395905256, 43.23559898883104], [76.8405719473958, 43.23559697717428], [76.84057127684355, 43.23559429496527], [76.8405706062913, 43.23558557778597], [76.84057261794806, 43.23558021336794], [76.84057127684355, 43.23557686060667], [76.84057530015707, 43.23557551950216], [76.84064839035273, 43.23557551950216], [76.84066314250231, 43.23557686060667], [76.84065777808428, 43.23557887226343], [76.84065241366625, 43.23557887226343], [76.84065040200949, 43.235581554472446], [76.84065107256174, 43.23558356612921], [76.84065241366625, 43.23558356612921], [76.84065241366625, 43.23558557778597], [76.84065107256174, 43.235586918890476], [76.84064973145723, 43.23558624833822], [76.84064973145723, 43.235588259994984], [76.84064704924822, 43.23558893054724], [76.84064704924822, 43.235590942204], [76.84064570814371, 43.235590942204], [76.84064168483019, 43.235595636069775], [76.84063900262117, 43.23559630662203], [76.84063900262117, 43.235597647726536], [76.84063632041216, 43.23559898883104], [76.8406343087554, 43.23560167104006], [76.84063095599413, 43.235603012144566], [76.84063095599413, 43.23560435324907], [76.84062961488962, 43.23560435324907], [76.84062961488962, 43.23560569435358], [76.84062827378511, 43.23560569435358], [76.84062827378511, 43.23560703545809], [76.8406255915761, 43.2356097176671], [76.84062357991934, 43.23561441153288], [76.8406255915761, 43.23562849313021], [76.8406269326806, 43.23562916368246], [76.84062827378511, 43.23563318699598], [76.84063095599413, 43.235635869205], [76.84063296765089, 43.23564190417528], [76.84063095599413, 43.23565263301134], [76.84062827378511, 43.23565665632486], [76.84062827378511, 43.235658667981625], [76.8406269326806, 43.23565933853388], [76.84062156826258, 43.23566872626543], [76.84062022715807, 43.23566872626543], [76.84062022715807, 43.23567006736994], [76.8406168743968, 43.235671408474445], [76.84061285108328, 43.23567610234022], [76.84061016887426, 43.23567744344473], [76.8406081572175, 43.23567744344473], [76.84060480445623, 43.23567945510149], [76.84060011059046, 43.23567945510149]]]}, "properties": {"id": 700, "class": "road", "confidence": 100.0, "source": "Almaty_4", "source_model": "unet-roads", "centroid_wkt": "POINT (76.84060653696945 43.23561814801218)", "bbox": [76.8405706062913, 43.23557551950216, 76.84066314250231, 43.23567945510149], "pixel_bbox": [16469, 8293, 16607, 8448], "area_m2": 48.351}}, {"type": "Feature", "geometry": {"type": "Polygon", "coordinates": [[[76.83272313326597, 43.23553662747145], [76.83271642774343, 43.23553327471018], [76.83271039277315, 43.2355285808444], [76.83271039277315, 43.235527239739895], [76.8327023461461, 43.235519863665104], [76.8327023461461, 43.2355185225606], [76.8327010050416, 43.2355185225606], [76.83269966393709, 43.23551584035158], [76.83269765228033, 43.23551516979933], [76.8326922878623, 43.23550511151552], [76.83269027620554, 43.23549572378397], [76.83268893510103, 43.23545012623072], [76.83269027620554, 43.23544543236494], [76.83269429951906, 43.235440738499165], [76.83269497007132, 43.23543805629015], [76.83269631117582, 43.23543805629015], [76.83269765228033, 43.235435374081135], [76.83269899338484, 43.235435374081135], [76.8327023461461, 43.23543135076761], [76.83270368725061, 43.23543135076761], [76.83270771056414, 43.23542732745409], [76.8327097222209, 43.23542732745409], [76.83271307498217, 43.235424645245075], [76.83272246271372, 43.235424645245075], [76.83272313326597, 43.23542330414057], [76.83272447437048, 43.23542330414057], [76.83272380381823, 43.23542196303606], [76.83273117989302, 43.23542196303606], [76.83273319154978, 43.23542397469282], [76.83273855596781, 43.235424645245075], [76.83274257928133, 43.2354286685586], [76.83274928480387, 43.23542933911085], [76.83275196701288, 43.235432021319866], [76.8327546492219, 43.23543269187212], [76.83275531977415, 43.23543403297663], [76.83275934308767, 43.23543604463339], [76.832773424685, 43.23543939739466], [76.83277610689402, 43.23544207960367], [76.83277878910303, 43.235442750155926], [76.83278348296881, 43.23544945567846], [76.83278616517782, 43.235448114573956], [76.83278683573008, 43.23544476181269], [76.83278884738684, 43.23544342070818], [76.83278884738684, 43.235493041574955], [76.83278683573008, 43.23549572378397], [76.83278281241655, 43.235495053231716], [76.83277744799852, 43.23549773544073], [76.83277744799852, 43.23549907654524], [76.83277543634176, 43.235501088202], [76.83277007192373, 43.23550309985876], [76.83277007192373, 43.23550444096327], [76.83276738971472, 43.23550712317228], [76.8327647075057, 43.23550779372454], [76.83276403695345, 43.2355098053813], [76.83276202529669, 43.2355098053813], [76.83276135474443, 43.23551181703806], [76.83276001363993, 43.23551181703806], [76.83276001363993, 43.23551315814257], [76.8327559903264, 43.23551584035158], [76.8327546492219, 43.23552053421736], [76.83275196701288, 43.235521875321865], [76.83274995535612, 43.23552589863539], [76.83274660259485, 43.235529251396656], [76.83274526149035, 43.235529251396656], [76.83274459093809, 43.23553126305342], [76.83273520320654, 43.23553595691919], [76.83272313326597, 43.23553662747145]]]}, "properties": {"id": 701, "class": "road", "confidence": 100.0, "source": "Almaty_4", "source_model": "unet-roads", "centroid_wkt": "POINT (76.8327358513354 43.23547631870393)", "bbox": [76.83268893510103, 43.23542196303606, 76.83278884738684, 43.23553662747145], "pixel_bbox": [4715, 8506, 4864, 8677], "area_m2": 77.214}}, {"type": "Feature", "geometry": {"type": "Polygon", "coordinates": [[[76.83777775615454, 43.235427998006344], [76.83777239173651, 43.235426656901836], [76.83777172118425, 43.23542531579733], [76.83776836842299, 43.235424645245075], [76.83776836842299, 43.23542330414057], [76.83776702731848, 43.235422633588314], [76.83776702731848, 43.23540385812521], [76.83780457824469, 43.23540385812521], [76.8378059193492, 43.23540519922972], [76.83780524879694, 43.23541056364775], [76.83780390769243, 43.235411904752254], [76.83780256658792, 43.23541659861803], [76.83779988437891, 43.235419280827045], [76.8377985432744, 43.235419280827045], [76.83779586106539, 43.235422633588314], [76.83778446167707, 43.235427998006344], [76.83777775615454, 43.235427998006344]]]}, "properties": {"id": 702, "class": "road", "confidence": 100.0, "source": "Almaty_4", "source_model": "unet-roads", "centroid_wkt": "POINT (76.8377847936404 43.23541407389753)", "bbox": [76.83776702731848, 43.23540385812521, 76.8378059193492, 43.235427998006344], "pixel_bbox": [12288, 8668, 12346, 8704], "area_m2": 6.981}}, {"type": "Feature", "geometry": {"type": "Polygon", "coordinates": [[[76.83617580682039, 43.23542129248381], [76.8361597135663, 43.23542129248381], [76.83615233749151, 43.23541793972254], [76.83614831417799, 43.235411904752254], [76.83614764362574, 43.23540519922972], [76.83615032583475, 43.23540385812521], [76.83619659394026, 43.23540385812521], [76.83619190007448, 43.23540586978197], [76.83619257062674, 43.23540989309549], [76.83618854731321, 43.2354112342], [76.83618787676096, 43.235413916409016], [76.83618318289518, 43.23541861027479], [76.83617580682039, 43.23542129248381]]]}, "properties": {"id": 703, "class": "road", "confidence": 100.0, "source": "Almaty_4", "source_model": "unet-roads", "centroid_wkt": "POINT (76.83616970086355 43.23541125735029)", "bbox": [76.83614764362574, 43.23540385812521, 76.83619659394026, 43.23542129248381], "pixel_bbox": [9873, 8678, 9946, 8704], "area_m2": 5.906}}, {"type": "Feature", "geometry": {"type": "Polygon", "coordinates": [[[76.83905247598886, 43.235432021319866], [76.839031688869, 43.235432021319866], [76.83903034776449, 43.23543068021536], [76.83902028948069, 43.2354286685586], [76.83901224285364, 43.23542531579733], [76.83900956064463, 43.23542531579733], [76.83900084346533, 43.23542129248381], [76.83899614959955, 43.23541659861803], [76.83899279683828, 43.23540519922972], [76.8389968201518, 43.23540385812521], [76.8391389772296, 43.23540385812521], [76.8391403183341, 43.23540519922972], [76.8391403183341, 43.23542397469282], [76.8391316011548, 43.23542933911085], [76.83911886066198, 43.235430009663105], [76.8390953913331, 43.23542397469282], [76.8390866741538, 43.23542397469282], [76.83907661587, 43.23542531579733], [76.83907192200422, 43.23542732745409], [76.83905716985464, 43.235430009663105], [76.83905247598886, 43.235432021319866]]]}, "properties": {"id": 704, "class": "road", "confidence": 100.0, "source": "Almaty_4", "source_model": "unet-roads", "centroid_wkt": "POINT (76.83906854596506 43.23541556014071)", "bbox": [76.83899279683828, 43.23540385812521, 76.8391403183341, 43.235432021319866], "pixel_bbox": [14116, 8662, 14336, 8704], "area_m2": 31.043}}, {"type": "Feature", "geometry": {"type": "Polygon", "coordinates": [[[76.84047471731901, 43.23549572378397], [76.8404733762145, 43.23549438267946], [76.84046935290098, 43.23549438267946], [76.84046600013971, 43.235493041574955], [76.84046398848295, 43.235491029918194], [76.84046264737844, 43.23548700660467], [76.84046063572168, 43.23548499494791], [76.84045929461718, 43.23548499494791], [76.84045728296041, 43.23548097163439], [76.84045527130365, 43.235469572246075], [76.84045191854239, 43.23546286672354], [76.84045057743788, 43.23545280843973], [76.84044856578112, 43.23544677346945], [76.8404458835721, 43.23544409126043], [76.8404458835721, 43.235442750155926], [76.84043917804956, 43.23543671518564], [76.84043649584055, 43.23543604463339], [76.8404358252883, 43.23543470352888], [76.84042979031801, 43.23543135076761], [76.84042442589998, 43.23543068021536], [76.84041906148195, 43.235427998006344], [76.84040497988462, 43.235424645245075], [76.84038419276476, 43.235424645245075], [76.84037413448095, 43.235430009663105], [76.84037212282419, 43.23543269187212], [76.84037078171968, 43.23543269187212], [76.84037078171968, 43.23543403297663], [76.84036809951067, 43.23543604463339], [76.84036809951067, 43.23543805629015], [76.84036608785391, 43.23543939739466], [76.8403647467494, 43.23544945567846], [76.84035737067461, 43.23546353727579], [76.8403546884656, 43.235464207828045], [76.84035200625658, 43.23546689003706], [76.84034395962954, 43.235469572246075], [76.84034328907728, 43.23547091335058], [76.84034194797277, 43.23546689003706], [76.84034194797277, 43.23544207960367], [76.84034060686827, 43.235427998006344], [76.84034127742052, 43.23540385812521], [76.84047270566225, 43.23540385812521], [76.84047471731901, 43.23539983481169], [76.84047538787127, 43.23539111763239], [76.84047739952803, 43.23538709431887], [76.84047739952803, 43.23538441210985], [76.84048142284155, 43.23537703603506], [76.84048343449831, 43.23537569493055], [76.84048343449831, 43.235374353826046], [76.84049014002085, 43.23536831885576], [76.8404995277524, 43.23536295443773], [76.84051293879747, 43.23536027222872], [76.84051360934973, 43.23540385812521], [76.84051562100649, 43.23540385812521], [76.84051562100649, 43.23540519922972], [76.840516962111, 43.23540519922972], [76.84051562100649, 43.235408551990986], [76.84051562100649, 43.23541793972254], [76.84051427990198, 43.235419280827045], [76.84051360934973, 43.235422633588314], [76.84051360934973, 43.235482312738895], [76.84050623327494, 43.2354836538434], [76.84050220996141, 43.23548700660467], [76.84049215167761, 43.23549035936594], [76.84049148112535, 43.23549170047045], [76.8404894694686, 43.23549170047045], [76.84048477560282, 43.235495053231716], [76.84047471731901, 43.23549572378397]]]}, "properties": {"id": 705, "class": "road", "confidence": 100.0, "source": "Almaty_4", "source_model": "unet-roads", "centroid_wkt": "POINT (76.84045124664328 43.23542991378014)", "bbox": [76.84034060686827, 43.23536027222872, 76.840516962111, 43.23549572378397], "pixel_bbox": [16126, 8567, 16389, 8769], "area_m2": 93.435}}, {"type": "Feature", "geometry": {"type": "Polygon", "coordinates": [[[76.83809090405703, 43.23543470352888], [76.83808822184801, 43.235432021319866], [76.8380868807435, 43.235432021319866], [76.838085539639, 43.23542732745409], [76.83808285742998, 43.23542531579733], [76.83808084577322, 43.23542129248381], [76.8380768224597, 43.235417269170284], [76.83807414025068, 43.23541659861803], [76.83807212859392, 43.23541458696127], [76.83807346969843, 43.23540788143873], [76.83807212859392, 43.23540788143873], [76.83807212859392, 43.23540586978197], [76.83807078748941, 43.23540519922972], [76.8380768224597, 43.23540385812521], [76.83811102062464, 43.23540385812521], [76.83811035007238, 43.23540519922972], [76.83811169117689, 43.235406540334225], [76.83811169117689, 43.23540519922972], [76.8381143733859, 43.23540385812521], [76.8381130322814, 43.235401175916195], [76.83811169117689, 43.23540184646845], [76.83811169117689, 43.23540050536394], [76.83811035007238, 43.23539983481169], [76.83811035007238, 43.23533412069082], [76.83811504393816, 43.23533546179533], [76.83811772614717, 43.235338144004345], [76.83812376111746, 43.2353388145566], [76.83812443166971, 43.235340155661106], [76.83813046664, 43.23534216731787], [76.83813717216253, 43.23534820228815], [76.83814320713282, 43.23535021394491], [76.8381492421031, 43.23535021394491], [76.83815661817789, 43.23535356670618], [76.83815862983465, 43.23535356670618], [76.83816131204367, 43.23535557836294], [76.83816332370043, 43.23535557836294], [76.83816466480494, 43.23535691946745], [76.8381666764617, 43.23535691946745], [76.83816734701395, 43.23535826057196], [76.838175393641, 43.235361613333225], [76.83817941695452, 43.23536563664675], [76.83817941695452, 43.23537636548281], [76.83817204087973, 43.235385082662106], [76.83816935867071, 43.23539111763239], [76.83816466480494, 43.235393799841404], [76.83816332370043, 43.23539849370718], [76.83816131204367, 43.235399164259434], [76.83816131204367, 43.235403187572956], [76.83813381940126, 43.23540385812521], [76.83814119547606, 43.23540519922972], [76.83814119547606, 43.235406540334225], [76.8381318077445, 43.235408551990986], [76.83813448995352, 43.23540922254324], [76.83813448995352, 43.23541056364775], [76.83813650161028, 43.2354112342], [76.83813650161028, 43.235413916409016], [76.83812912553549, 43.23542330414057], [76.8381217494607, 43.235424645245075], [76.83811504393816, 43.23542397469282], [76.83811370283365, 43.23542598634958], [76.8381130322814, 43.23542397469282], [76.83811035007238, 43.235422633588314], [76.83811035007238, 43.23543403297663], [76.83810565620661, 43.235433362424374], [76.83809962123632, 43.23543470352888], [76.83809090405703, 43.23543470352888]]]}, "properties": {"id": 706, "class": "road", "confidence": 100.0, "source": "Almaty_4", "source_model": "unet-roads", "centroid_wkt": "POINT (76.83812923112876 43.23538609022579)", "bbox": [76.83807078748941, 43.23533412069082, 76.83817941695452, 43.23543470352888], "pixel_bbox": [12741, 8658, 12903, 8808], "area_m2": 44.426}}, {"type": "Feature", "geometry": {"type": "Polygon", "coordinates": [[[76.83620262891054, 43.23539514094591], [76.83619994670153, 43.23538709431887], [76.83619994670153, 43.23538240045309], [76.83619860559702, 43.23538038879633], [76.83619927614927, 43.23536429554224], [76.83620061725378, 43.235363624989986], [76.83620531111956, 43.23535222560167], [76.83620665222406, 43.23535222560167], [76.83620799332857, 43.23534954339266], [76.83620933443308, 43.23534954339266], [76.83621067553759, 43.2353475317359], [76.8362133577466, 43.23534619063139], [76.83621805161238, 43.23534619063139], [76.83621872216463, 43.235336132347584], [76.83622006326914, 43.2353388145566], [76.83622006326914, 43.23533680289984], [76.83622140437365, 43.23533680289984], [76.8362220749259, 43.23533412069082], [76.8362220749259, 43.23539111763239], [76.83621872216463, 43.235390447080135], [76.83621738106012, 43.23538709431887], [76.83621603995562, 43.23538709431887], [76.83621671050787, 43.235388435423374], [76.8362120166421, 43.23539111763239], [76.83621134608984, 43.23539312928915], [76.83620866388083, 43.23539447039366], [76.83620262891054, 43.23539514094591]], [[76.83621939271688, 43.23534082621336], [76.83622006326914, 43.235341496765614], [76.83622006326914, 43.23534082621336], [76.83621939271688, 43.23534082621336]]]}, "properties": {"id": 707, "class": "road", "confidence": 100.0, "source": "Almaty_4", "source_model": "unet-roads", "centroid_wkt": "POINT (76.83621194654737 43.23536948260406)", "bbox": [76.83619860559702, 43.23533412069082, 76.8362220749259, 43.23539514094591], "pixel_bbox": [9949, 8717, 9984, 8808], "area_m2": 8.773}}, {"type": "Feature", "geometry": {"type": "Polygon", "coordinates": [[[76.83721717447042, 43.23540385812521], [76.83721650391817, 43.23539849370718], [76.83721516281366, 43.23539648205042], [76.83721516281366, 43.23539111763239], [76.83721382170916, 43.235388435423374], [76.83721449226141, 43.235374353826046], [76.83721583336592, 43.23536965996027], [76.83721449226141, 43.23535893112421], [76.83721583336592, 43.23535289615393], [76.83723259717226, 43.235336132347584], [76.83723796159029, 43.23533345013857], [76.8372480198741, 43.23533210903406], [76.8372480198741, 43.235330767929554], [76.83725003153086, 43.23533143848181], [76.83725003153086, 43.2353300973773], [76.83725204318762, 43.23532942682505], [76.83725204318762, 43.2354025170207], [76.83725137263536, 43.23540385812521], [76.83721717447042, 43.23540385812521]]]}, "properties": {"id": 708, "class": "road", "confidence": 100.0, "source": "Almaty_4", "source_model": "unet-roads", "centroid_wkt": "POINT (76.8372349780843 43.23537041923699)", "bbox": [76.83721382170916, 43.23532942682505, 76.83725204318762, 43.23540385812521], "pixel_bbox": [11463, 8704, 11520, 8815], "area_m2": 21.794}}, {"type": "Feature", "geometry": {"type": "Polygon", "coordinates": [[[76.83757726103067, 43.23537636548281], [76.83757457882166, 43.235374353826046], [76.83757323771715, 43.23536764830351], [76.83757323771715, 43.23534283787012], [76.83757591992617, 43.2353388145566], [76.83757591992617, 43.235334791243076], [76.83757793158293, 43.2353300973773], [76.83757994323969, 43.23532942682505], [76.8375812843442, 43.23532674461603], [76.8375826254487, 43.23532674461603], [76.83758396655321, 43.23532473295927], [76.83758798986673, 43.23532473295927], [76.83759067207575, 43.23532607406378], [76.83759201318026, 43.23532473295927], [76.83759201318026, 43.23532272130251], [76.83759335428476, 43.235322050750256], [76.83759402483702, 43.23532339185476], [76.83759536594152, 43.23532339185476], [76.83759536594152, 43.23537100106478], [76.83758798986673, 43.23536965996027], [76.83758530765772, 43.23537100106478], [76.83758463710546, 43.23537301272154], [76.83758061379194, 43.23537636548281], [76.83757726103067, 43.23537636548281]]]}, "properties": {"id": 709, "class": "road", "confidence": 100.0, "source": "Almaty_4", "source_model": "unet-roads", "centroid_wkt": "POINT (76.8375850444643 43.23534980714525)", "bbox": [76.83757323771715, 43.235322050750256, 76.83759536594152, 43.23537636548281], "pixel_bbox": [11999, 8745, 12032, 8826], "area_m2": 8.921}}, {"type": "Feature", "geometry": {"type": "Polygon", "coordinates": [[[76.83822099119425, 43.23527444154024], [76.83821830898523, 43.23527242988348], [76.83821696788073, 43.23526304215193], [76.83822099119425, 43.235259018838406], [76.83822300285101, 43.235259018838406], [76.83822434395552, 43.2352576777339], [76.83822434395552, 43.23525566607714], [76.83822702616453, 43.23525432497263], [76.83822702616453, 43.23525231331587], [76.83822501450777, 43.23524963110685], [76.83822501450777, 43.235242925584316], [76.83822635561228, 43.23524158447981], [76.83823239058256, 43.23524225503206], [76.83823440223932, 43.235244266688824], [76.83823440223932, 43.23524560779333], [76.83823641389608, 43.235246278345585], [76.83823641389608, 43.23525030165911], [76.83823775500059, 43.23525097221136], [76.83823708444834, 43.23525298386812], [76.83823574334383, 43.235253654420376], [76.83823641389608, 43.23525566607714], [76.83823440223932, 43.235264383256435], [76.83823306113482, 43.235264383256435], [76.83823306113482, 43.2352663949132], [76.83823172003031, 43.2352663949132], [76.83822836726904, 43.235269747674465], [76.83822769671679, 43.23527242988348], [76.83822367340326, 43.23527242988348], [76.83822099119425, 43.23527444154024]], [[76.83823574334383, 43.23525231331587], [76.83823641389608, 43.23525298386812], [76.83823641389608, 43.23525231331587], [76.83823574334383, 43.23525231331587]]]}, "properties": {"id": 710, "class": "road", "confidence": 100.0, "source": "Almaty_4", "source_model": "unet-roads", "centroid_wkt": "POINT (76.83822812139988 43.23525802216616)", "bbox": [76.83821696788073, 43.23524158447981, 76.83823775500059, 43.23527444154024], "pixel_bbox": [12959, 8897, 12990, 8946], "area_m2": 3.368}}, {"type": "Feature", "geometry": {"type": "Polygon", "coordinates": [[[76.83193054050207, 43.23525432497263], [76.8319084122777, 43.23525030165911], [76.8318909779191, 43.2352489605546], [76.83188024908304, 43.2352489605546], [76.83186952024698, 43.23525097221136], [76.8318547680974, 43.23525097221136], [76.83184739202261, 43.2352489605546], [76.83184672147036, 43.23524761945009], [76.83184538036585, 43.23524761945009], [76.83184538036585, 43.235246278345585], [76.83184403926134, 43.235246278345585], [76.83184403926134, 43.23524493724108], [76.8318359926343, 43.23524158447981], [76.8318359926343, 43.23523689061403], [76.83182928711176, 43.235235549509525], [76.83182660490274, 43.235233537852764], [76.83183666318655, 43.23523219674826], [76.83193054050207, 43.23523219674826], [76.83193054050207, 43.23525432497263]]]}, "properties": {"id": 711, "class": "road", "confidence": 100.0, "source": "Almaty_4", "source_model": "unet-roads", "centroid_wkt": "POINT (76.83188536483684 43.23524074665297)", "bbox": [76.83182660490274, 43.23523219674826, 76.83193054050207, 43.23525432497263], "pixel_bbox": [3429, 8927, 3584, 8960], "area_m2": 15.283}}, {"type": "Feature", "geometry": {"type": "Polygon", "coordinates": [[[76.84075031429529, 43.2353126630187], [76.84074629098177, 43.235309310257435], [76.84074226766825, 43.235309310257435], [76.84073824435472, 43.23530528694391], [76.84073824435472, 43.23529589921236], [76.84074092656374, 43.235285840928555], [76.84074092656374, 43.23527980595827], [76.8407342210412, 43.23526304215193], [76.8407328799367, 43.235262371599674], [76.84072885662317, 43.23525298386812], [76.84072751551867, 43.23525231331587], [76.84072751551867, 43.23525097221136], [76.84072617441416, 43.23525030165911], [76.84072282165289, 43.235244266688824], [76.84072215110064, 43.23523957282305], [76.84072349220514, 43.23523622006178], [76.84072215110064, 43.235233537852764], [76.8407255038619, 43.23523219674826], [76.84082139283419, 43.23523286730051], [76.84082139283419, 43.235244266688824], [76.84082005172968, 43.23524560779333], [76.84082005172968, 43.235248290002346], [76.84081602841616, 43.235253654420376], [76.84081602841616, 43.23525499552488], [76.84081468731165, 43.23525566607714], [76.84081267565489, 43.23526304215193], [76.84081066399813, 43.23526572436094], [76.84081066399813, 43.23526840656996], [76.84080731123686, 43.235271759331226], [76.84080395847559, 43.23527980595827], [76.84079993516207, 43.23528382927179], [76.84079993516207, 43.2352851703763], [76.84079859405756, 43.2352851703763], [76.84079859405756, 43.23528651148081], [76.84079390019178, 43.235291205346584], [76.84079390019178, 43.23529254645109], [76.840786524117, 43.235298581421375], [76.84077981859446, 43.23530126363039], [76.8407791480422, 43.23530327528715], [76.84077378362417, 43.235305957496166], [76.84077378362417, 43.235307298600674], [76.8407704308629, 43.23530998080969], [76.84076640754938, 43.23531065136194], [76.84076305478811, 43.2353126630187], [76.84075031429529, 43.2353126630187]]]}, "properties": {"id": 712, "class": "road", "confidence": 100.0, "source": "Almaty_4", "source_model": "unet-roads", "centroid_wkt": "POINT (76.84077064821423 43.2352648293948)", "bbox": [76.84072215110064, 43.23523219674826, 76.84082139283419, 43.2353126630187], "pixel_bbox": [16695, 8840, 16843, 8960], "area_m2": 49.827}}, {"type": "Feature", "geometry": {"type": "Polygon", "coordinates": [[[76.8386260047555, 43.23523219674826], [76.83862667530775, 43.235214091837406], [76.83862734586, 43.235215432941914], [76.83862868696451, 43.235215432941914], [76.83862935751677, 43.235217444598675], [76.83864746242762, 43.23521610349417], [76.83865215629339, 43.23521811515093], [76.83866020292044, 43.23521878570318], [76.83866623789072, 43.23522213846445], [76.83866757899523, 43.23522415012121], [76.83867160230875, 43.23522549122572], [76.83867428451777, 43.23522884398699], [76.83867428451777, 43.23523219674826], [76.8386260047555, 43.23523219674826]]]}, "properties": {"id": 713, "class": "road", "confidence": 100.0, "source": "Almaty_4", "source_model": "unet-roads", "centroid_wkt": "POINT (76.83864775285839 43.235224836830405)", "bbox": [76.8386260047555, 43.235214091837406, 76.83867428451777, 43.23523219674826], "pixel_bbox": [13569, 8960, 13641, 8987], "area_m2": 5.754}}, {"type": "Feature", "geometry": {"type": "Polygon", "coordinates": [[[76.83702740818262, 43.23540385812521], [76.83694694191217, 43.235403187572956], [76.83694627135992, 43.23539983481169], [76.8369435891509, 43.235399164259434], [76.8369435891509, 43.23539648205042], [76.83694560080767, 43.23539514094591], [76.83694560080767, 43.235393799841404], [76.83694694191217, 43.235393799841404], [76.83694828301668, 43.23539178818464], [76.83695364743471, 43.23538910597563], [76.83696437627077, 43.23538642376661], [76.83696638792753, 43.23538441210985], [76.83697175234556, 43.2353837415576], [76.83697376400232, 43.23538172990084], [76.8369797989726, 43.23538038879633], [76.83698046952486, 43.23537904769182], [76.83698315173388, 43.23537904769182], [76.83698315173388, 43.235377706587315], [76.83698583394289, 43.2353750243783], [76.8369871750474, 43.23537569493055], [76.8369885161519, 43.23537368327379], [76.83698985725641, 43.23537368327379], [76.83699052780867, 43.23537100106478], [76.83699522167444, 43.23536764830351], [76.83699656277895, 43.23536295443773], [76.83699857443571, 43.235361613333225], [76.83699924498796, 43.23535893112421], [76.83700058609247, 43.23535893112421], [76.83700192719698, 43.23535490781069], [76.83700326830149, 43.23535490781069], [76.83700729161501, 43.235345520079136], [76.83700729161501, 43.23534082621336], [76.83700527995825, 43.23533345013857], [76.83700058609247, 43.235330767929554], [76.83699790388346, 43.23532406240702], [76.83699455112219, 43.235320039093494], [76.83699388056993, 43.23531400412321], [76.83699052780867, 43.23530796915293], [76.83699052780867, 43.23530528694391], [76.83698918670416, 43.23530327528715], [76.83698784559965, 43.235296569764614], [76.83698650449514, 43.23529522866011], [76.83698650449514, 43.23529254645109], [76.83698382228613, 43.23528852313757], [76.83698046952486, 43.235276453197], [76.8369784578681, 43.23527377098799], [76.83697778731585, 43.23526907712221], [76.83697309345007, 43.235257007181644], [76.83696504682302, 43.23524761945009], [76.83696035295725, 43.23524493724108], [76.83695565909147, 43.2352402433753], [76.83695565909147, 43.235238902270794], [76.83694962412119, 43.23523420840502], [76.83694895356894, 43.23523219674826], [76.83693621307611, 43.23523219674826], [76.83693554252386, 43.235230185091496], [76.83693286031485, 43.235228173434734], [76.83693286031485, 43.23521878570318], [76.83693554252386, 43.23521342128515], [76.83694157749414, 43.235208727419376], [76.83694627135992, 43.235206715762615], [76.83695029467344, 43.235206715762615], [76.83695700019598, 43.235204704105854], [76.83697041124105, 43.23519665747881], [76.83697309345007, 43.23519665747881], [76.83697912842035, 43.235193975269794], [76.8369885161519, 43.235193975269794], [76.8369958922267, 43.23519196361303], [76.83700393885374, 43.23519263416529], [76.8370059505105, 43.235193975269794], [76.83700863271952, 43.235193975269794], [76.83701131492853, 43.235195986926556], [76.83701399713755, 43.235195986926556], [76.83701667934656, 43.23519732803106], [76.83701802045107, 43.235199339687824], [76.83702003210783, 43.235199339687824], [76.83702070266008, 43.23520068079233], [76.8370247259736, 43.23520202189684], [76.83702606707811, 43.2352040335536], [76.83702874928713, 43.235204704105854], [76.83703009039164, 43.23520738631487], [76.83703009039164, 43.23521476238966], [76.83703143149614, 43.23521677404642], [76.83703076094389, 43.235228173434734], [76.83702941983938, 43.23522951453924], [76.83702941983938, 43.235231526196], [76.83704283088446, 43.23523219674826], [76.83704350143671, 43.235233537852764], [76.83704148977995, 43.235238902270794], [76.8370408192277, 43.235246278345585], [76.83703813701868, 43.23525030165911], [76.83703612536192, 43.23525633662939], [76.83703411370516, 43.23527578264475], [76.8370334431529, 43.235278464853764], [76.8370321020484, 43.23527913540602], [76.83703143149614, 43.23529455810785], [76.83703009039164, 43.23529724031687], [76.83702874928713, 43.235305957496166], [76.83702606707811, 43.235311321914196], [76.83702539652586, 43.235320039093494], [76.83702003210783, 43.235341496765614], [76.83702003210783, 43.23534484952688], [76.8370247259736, 43.23535021394491], [76.83702740818262, 43.23535893112421], [76.83703143149614, 43.23536295443773], [76.83703143149614, 43.235390447080135], [76.83703277260065, 43.2353924587369], [76.83703277260065, 43.235397823154926], [76.83703143149614, 43.23540184646845], [76.83702740818262, 43.23540385812521]]]}, "properties": {"id": 714, "class": "road", "confidence": 100.0, "source": "Almaty_4", "source_model": "unet-roads", "centroid_wkt": "POINT (76.83699875094682 43.235285139786285)", "bbox": [76.83693286031485, 43.23519196361303, 76.83704350143671, 43.23540385812521], "pixel_bbox": [11044, 8704, 11209, 9020], "area_m2": 103.839}}, {"type": "Feature", "geometry": {"type": "Polygon", "coordinates": [[[76.8410500511527, 43.23523219674826], [76.84104468673468, 43.23523085564375], [76.84104468673468, 43.235228173434734], [76.84104200452566, 43.23522415012121], [76.84104066342115, 43.23521476238966], [76.84103932231665, 43.23521342128515], [76.84103798121214, 43.235208727419376], [76.84103664010763, 43.235208727419376], [76.84103529900312, 43.2352040335536], [76.84103395789862, 43.23520336300135], [76.84103395789862, 43.23519330471754], [76.84103865176439, 43.235188610851765], [76.8410500511527, 43.23518592864275], [76.84106145054102, 43.235188610851765], [76.84106547385454, 43.235188610851765], [76.84107016772032, 43.235190622508526], [76.84108022600412, 43.23519263416529], [76.84110570698977, 43.23519129306078], [76.8411110714078, 43.23519196361303], [76.84111442416906, 43.235193975269794], [76.84112180024385, 43.23521878570318], [76.8411211296916, 43.23522549122572], [76.8411197885871, 43.23522683233023], [76.8411197885871, 43.235231526196], [76.8410500511527, 43.23523219674826]]]}, "properties": {"id": 715, "class": "road", "confidence": 100.0, "source": "Almaty_4", "source_model": "unet-roads", "centroid_wkt": "POINT (76.84107784040901 43.23521040854801)", "bbox": [76.84103395789862, 43.23518592864275, 76.84112180024385, 43.23523219674826], "pixel_bbox": [17160, 8960, 17291, 9029], "area_m2": 30.086}}, {"type": "Feature", "geometry": {"type": "Polygon", "coordinates": [[[76.83433312922716, 43.23522415012121], [76.83433312922716, 43.23521342128515], [76.8343311175704, 43.2352127507329], [76.83433044701815, 43.235214091837406], [76.83432977646589, 43.235210068523884], [76.83432709425688, 43.235208727419376], [76.83432709425688, 43.23520738631487], [76.83432508260012, 43.23520604521036], [76.83432441204786, 43.2351953163743], [76.83432575315237, 43.235193975269794], [76.83432776480913, 43.23518726974726], [76.83433245867491, 43.23518257588148], [76.83433379977942, 43.23517721146345], [76.83433312922716, 43.23522415012121]]]}, "properties": {"id": 716, "class": "road", "confidence": 100.0, "source": "Almaty_4", "source_model": "unet-roads", "centroid_wkt": "POINT (76.83433023224707 43.23519767909918)", "bbox": [76.83432441204786, 43.23517721146345, 76.83433379977942, 43.23522415012121], "pixel_bbox": [7154, 8972, 7168, 9042], "area_m2": 1.867}}, {"type": "Feature", "geometry": {"type": "Polygon", "coordinates": [[[76.84000600129366, 43.23529187589884], [76.8400039896369, 43.23528986424208], [76.84000130742788, 43.23528986424208], [76.84000130742788, 43.235287852585316], [76.83999996632338, 43.23528852313757], [76.83999862521887, 43.23527980595827], [76.83999862521887, 43.23519732803106], [76.83999795466661, 43.235193975269794], [76.83999594300985, 43.23519330471754], [76.83999124914408, 43.235188610851765], [76.83999057859182, 43.23518592864275], [76.83998856693506, 43.23518458753824], [76.8399865552783, 43.235179893672466], [76.8399852141738, 43.23517922312021], [76.83998186141253, 43.23517117649317], [76.83998186141253, 43.235167153179646], [76.83998052030802, 43.23516380041838], [76.83998186141253, 43.235125578939915], [76.83998387306929, 43.23512356728315], [76.83998923748732, 43.23512088507414], [76.83999124914408, 43.23512088507414], [76.83999259024858, 43.235118202865124], [76.8399952724576, 43.235118202865124], [76.83999728411436, 43.23511954396963], [76.83999795466661, 43.23511753231287], [76.83999862521887, 43.23512088507414], [76.83999996632338, 43.235122226178646], [76.84000466018915, 43.23512356728315], [76.84000734239817, 43.23512624949217], [76.84001002460718, 43.23513429611921], [76.84001136571169, 43.23513563722372], [76.84001136571169, 43.235138319432735], [76.8400140479207, 43.23514301329851], [76.8400140479207, 43.23514636605978], [76.84001538902521, 43.23514770716429], [76.84001673012972, 43.23515307158232], [76.84001807123423, 43.23516380041838], [76.84001807123423, 43.235175870358944], [76.84001673012972, 43.23517922312021], [76.84001673012972, 43.235193975269794], [76.84001807123423, 43.23519732803106], [76.84001740068197, 43.235215432941914], [76.84001874178648, 43.23521811515093], [76.84002008289099, 43.235228173434734], [76.84001874178648, 43.235231526196], [76.84002477675676, 43.23523219674826], [76.8400227651, 43.23523286730051], [76.84002477675676, 43.235233537852764], [76.8400227651, 43.23523420840502], [76.8400227651, 43.235235549509525], [76.84002477675676, 43.23523622006178], [76.84002678841352, 43.235240913927555], [76.84002477675676, 43.23526572436094], [76.84002611786127, 43.23527041822672], [76.84002544730902, 43.23527444154024], [76.84002745896578, 43.23527578264475], [76.84002745896578, 43.23527913540602], [76.84002611786127, 43.235280476510525], [76.84002544730902, 43.2352851703763], [76.84001605957747, 43.23529187589884], [76.84000600129366, 43.23529187589884]]]}, "properties": {"id": 717, "class": "road", "confidence": 100.0, "source": "Almaty_4", "source_model": "unet-roads", "centroid_wkt": "POINT (76.84000540861358 43.23520190357343)", "bbox": [76.83998052030802, 43.23511753231287, 76.84002745896578, 43.23529187589884], "pixel_bbox": [15589, 8871, 15659, 9131], "area_m2": 41.379}}, {"type": "Feature", "geometry": {"type": "Polygon", "coordinates": [[[76.83435257524252, 43.2351678237319], [76.83434788137674, 43.23516648262739], [76.83434519916773, 43.23516380041838], [76.83434318751097, 43.23515776544809], [76.83434385806322, 43.23514837771654], [76.83434184640646, 43.23514636605978], [76.83434184640646, 43.23514435440302], [76.83433916419744, 43.23514234274626], [76.83433916419744, 43.23514100164175], [76.83433782309294, 43.23514100164175], [76.83433648198843, 43.23514301329851], [76.83433648198843, 43.23513966053724], [76.83433514088392, 43.23513966053724], [76.83433447033167, 43.23513563722372], [76.83433312922716, 43.235165141522884], [76.83433178812265, 43.235159777104855], [76.83432910591364, 43.2351591065526], [76.83432575315237, 43.23515575379133], [76.83432307094336, 43.23515508323908], [76.83431636542082, 43.23514837771654], [76.83431502431631, 43.23514435440302], [76.8343136832118, 43.235143683850765], [76.83431167155504, 43.23513966053724], [76.83430965989828, 43.235132955014706], [76.83430697768927, 43.235130943357944], [76.83430630713701, 43.23512826114893], [76.83430429548025, 43.23512692004442], [76.834303624928, 43.23512423783541], [76.83430094271898, 43.23512088507414], [76.83429893106222, 43.23511216789484], [76.83429893106222, 43.23510076850653], [76.83430161327124, 43.235069923102856], [76.834303624928, 43.23506724089384], [76.83430228382349, 43.23506187647581], [76.834303624928, 43.23506120592356], [76.83438140898943, 43.235060535371304], [76.83439012616873, 43.23506187647581], [76.83438543230295, 43.23506589978933], [76.83438677340746, 43.23506858199835], [76.83438811451197, 43.23506858199835], [76.83438945561647, 43.23507193475962], [76.83439079672098, 43.23507193475962], [76.83439616113901, 43.23508333414793], [76.83439750224352, 43.23509003967047], [76.83439616113901, 43.23510009795427], [76.83439146727324, 43.23511015623808], [76.83438945561647, 43.23511149734259], [76.83438677340746, 43.23511753231287], [76.83438275009394, 43.23512155562639], [76.83438207954168, 43.23512423783541], [76.83438006788492, 43.23512624949217], [76.83437738567591, 43.23512692004442], [76.8343760445714, 43.23512893170118], [76.83437470346689, 43.23512893170118], [76.83436866849661, 43.23513697832823], [76.83436866849661, 43.23513898998499], [76.83436531573534, 43.23514502495527], [76.83436665683985, 43.23515709489584], [76.83436464518309, 43.23516380041838], [76.83436062186956, 43.235165141522884], [76.83436062186956, 43.23516648262739], [76.83435928076506, 43.235167153179646], [76.83435257524252, 43.2351678237319]]]}, "properties": {"id": 718, "class": "road", "confidence": 100.0, "source": "Almaty_4", "source_model": "unet-roads", "centroid_wkt": "POINT (76.83434573675179 43.23510422894099)", "bbox": [76.83429893106222, 43.235060535371304, 76.83439750224352, 43.2351678237319], "pixel_bbox": [7116, 9056, 7263, 9216], "area_m2": 69.596}}, {"type": "Feature", "geometry": {"type": "Polygon", "coordinates": [[[76.83999795466661, 43.23510680347681], [76.83999728411436, 43.23510278016329], [76.83999594300985, 43.23510278016329], [76.8399952724576, 43.23510479182005], [76.83999393135309, 43.235104121267796], [76.83999124914408, 43.2351054623723], [76.83998789638281, 43.2351054623723], [76.83997716754675, 43.23510143905878], [76.83995973318815, 43.235086016356945], [76.83995638042688, 43.235078640282154], [76.83995638042688, 43.23507193475962], [76.83995772153139, 43.23506858199835], [76.8399604037404, 43.23506589978933], [76.83996174484491, 43.23506589978933], [76.83996174484491, 43.23506321758032], [76.8399604037404, 43.23506187647581], [76.83997381478548, 43.235060535371304], [76.83999795466661, 43.23506187647581], [76.8399966135621, 43.23506321758032], [76.8399966135621, 43.23506589978933], [76.83999862521887, 43.235067911446095], [76.83999795466661, 43.23510680347681]]]}, "properties": {"id": 719, "class": "road", "confidence": 100.0, "source": "Almaty_4", "source_model": "unet-roads", "centroid_wkt": "POINT (76.83998027808335 43.23508039082309)", "bbox": [76.83995638042688, 43.235060535371304, 76.83999862521887, 43.23510680347681], "pixel_bbox": [15553, 9147, 15616, 9216], "area_m2": 13.563}}, {"type": "Feature", "geometry": {"type": "Polygon", "coordinates": [[[76.83963987976313, 43.23505986481905], [76.83957282453775, 43.23505986481905], [76.83957416564226, 43.23505785316229], [76.83957282453775, 43.23505785316229], [76.8395721539855, 43.23505651205778], [76.83956746011972, 43.23505584150553], [76.83956746011972, 43.23505114763975], [76.83957148343325, 43.23504578322172], [76.83957148343325, 43.235044442117214], [76.83957416564226, 43.2350417599082], [76.83957953006029, 43.23504041880369], [76.83958020061255, 43.235039077699184], [76.83959160000086, 43.2350330427289], [76.83959227055311, 43.23503170162439], [76.8395983055234, 43.23502968996763], [76.83960232883692, 43.23502700775862], [76.83960635215044, 43.235026337206364], [76.8396070227027, 43.235024996101856], [76.83961506932974, 43.235022984445095], [76.83962646871805, 43.23502231389284], [76.83963250368834, 43.235024996101856], [76.83963786810637, 43.235024996101856], [76.83964189141989, 43.235026337206364], [76.83964926749468, 43.235033713281155], [76.83965060859919, 43.23504041880369], [76.83964926749468, 43.235051818192005], [76.83964792639017, 43.235051818192005], [76.83964658528566, 43.23505450040102], [76.83963853865862, 43.235057182610035], [76.83963786810637, 43.23505852371454], [76.83963987976313, 43.23505852371454], [76.83963987976313, 43.23505986481905]]]}, "properties": {"id": 720, "class": "road", "confidence": 100.0, "source": "Almaty_4", "source_model": "unet-roads", "centroid_wkt": "POINT (76.83961310286601 43.235043339926484)", "bbox": [76.83956746011972, 43.23502231389284, 76.83965060859919, 43.23505986481905], "pixel_bbox": [14973, 9217, 15097, 9273], "area_m2": 21.398}}, {"type": "Feature", "geometry": {"type": "Polygon", "coordinates": [[[76.83177027851343, 43.2350692525506], [76.83176625519991, 43.23506724089384], [76.8317649140954, 43.23506522923708], [76.8317635729909, 43.23506522923708], [76.83175954967737, 43.235060535371304], [76.83172468096018, 43.235060535371304], [76.83172266930342, 43.235059194266796], [76.83172266930342, 43.23505248874426], [76.83172602206469, 43.2350417599082], [76.83172937482595, 43.235035724937916], [76.83173272758722, 43.23503237217665], [76.83173339813948, 43.23502968996763], [76.83173473924398, 43.23502901941538], [76.831737421453, 43.235020972788334], [76.83174010366201, 43.23501829057932], [76.83174345642328, 43.23501158505678], [76.83175083249807, 43.23500420898199], [76.83175552636385, 43.235001526772976], [76.83175887912512, 43.2349968329072], [76.83176022022963, 43.23497202247381], [76.83176089078188, 43.23497403413057], [76.83176156133413, 43.23497202247381], [76.83176424354315, 43.23497336357832], [76.83176424354315, 43.23497202247381], [76.83176893740892, 43.23497135192156], [76.83177564293146, 43.234967328608036], [76.83178301900625, 43.23496598750353], [76.8317910656333, 43.23496598750353], [76.83179844170809, 43.234967328608036], [76.8318185582757, 43.234967328608036], [76.83182124048471, 43.23496598750353], [76.83182325214148, 43.23496665805578], [76.831827275455, 43.23496464639902], [76.8318286165595, 43.23496263474226], [76.83183062821627, 43.23496263474226], [76.83183666318655, 43.23495861142874], [76.83186013251543, 43.234952576458454], [76.8318809196353, 43.23495324701071], [76.83189500123262, 43.23495592921972], [76.83191780000925, 43.23495727032423], [76.83191981166601, 43.23495861142874], [76.83192517608404, 43.23495861142874], [76.83192785829306, 43.2349606230855], [76.83193054050207, 43.23495928198099], [76.83193054050207, 43.23505651205778], [76.83192852884531, 43.23505986481905], [76.83178905397654, 43.235060535371304], [76.83178503066301, 43.235062547028065], [76.83178436011076, 43.23506388813257], [76.83178033679724, 43.23506522923708], [76.83177698403597, 43.23506858199835], [76.83177027851343, 43.2350692525506]]]}, "properties": {"id": 721, "class": "road", "confidence": 100.0, "source": "Almaty_4", "source_model": "unet-roads", "centroid_wkt": "POINT (76.83183874974225 43.23501255919973)", "bbox": [76.83172266930342, 43.234952576458454, 76.83193054050207, 43.2350692525506], "pixel_bbox": [3274, 9203, 3584, 9377], "area_m2": 168.797}}, {"type": "Feature", "geometry": {"type": "Polygon", "coordinates": [[[76.83622140437365, 43.2349519059062], [76.83622006326914, 43.23494989424944], [76.83621805161238, 43.23495056480169], [76.83621738106012, 43.23494855314493], [76.83621536940336, 43.234949223697186], [76.83621067553759, 43.23494788259268], [76.83620665222406, 43.234943859279156], [76.83620397001505, 43.23493916541338], [76.83620397001505, 43.23493245989084], [76.83620732277632, 43.23492709547281], [76.83621268719435, 43.234925754368305], [76.83621402829885, 43.2349244132638], [76.83621603995562, 43.2349244132638], [76.83621738106012, 43.234925754368305], [76.83621872216463, 43.23492240160704], [76.83621939271688, 43.234923742711544], [76.83622006326914, 43.23492240160704], [76.83622140437365, 43.23492240160704], [76.8362220749259, 43.23491971939802], [76.83622140437365, 43.2349519059062]]]}, "properties": {"id": 722, "class": "road", "confidence": 100.0, "source": "Almaty_4", "source_model": "unet-roads", "centroid_wkt": "POINT (76.83621440709861 43.23493620036634)", "bbox": [76.83620397001505, 43.23491971939802, 76.8362220749259, 43.2349519059062], "pixel_bbox": [9957, 9378, 9984, 9426], "area_m2": 3.459}}, {"type": "Feature", "geometry": {"type": "Polygon", "coordinates": [[[76.83566484600306, 43.23495123535395], [76.83565814048052, 43.234949223697186], [76.83565277606249, 43.234943859279156], [76.83565143495798, 43.234943859279156], [76.83564204722643, 43.234931118786335], [76.83563936501741, 43.234915025532246], [76.8356366828084, 43.234907649457455], [76.8356366828084, 43.23489960283041], [76.8356380239129, 43.23489557951689], [76.8356380239129, 43.23489222675562], [76.8356366828084, 43.23489222675562], [76.8356366828084, 43.23489021509886], [76.83564204722643, 43.23488887399435], [76.83570507913828, 43.234889544546604], [76.83570574969053, 43.234891556203365], [76.83570306748152, 43.23489356786013], [76.83570507913828, 43.23490295559168], [76.83570373803377, 43.2349156960845], [76.83570239692926, 43.23491703718901], [76.8357003852725, 43.2349244132638], [76.83569837361574, 43.23492709547281], [76.83569837361574, 43.234929107129574], [76.83569636195898, 43.234931118786335], [76.83569569140673, 43.234934471547604], [76.83569435030222, 43.23493514209986], [76.83569435030222, 43.234936483204365], [76.83569300919771, 43.234936483204365], [76.8356916680932, 43.23493916541338], [76.8356903269887, 43.23493916541338], [76.83568898588419, 43.234941847622395], [76.83568764477968, 43.234941847622395], [76.83568563312292, 43.23494452983141], [76.83568429201841, 43.23494452983141], [76.83567959815264, 43.23494855314493], [76.8356728926301, 43.23495056480169], [76.83566484600306, 43.23495123535395]]]}, "properties": {"id": 723, "class": "road", "confidence": 100.0, "source": "Almaty_4", "source_model": "unet-roads", "centroid_wkt": "POINT (76.83567074087999 43.23491561680018)", "bbox": [76.8356366828084, 43.23488887399435, 76.83570574969053, 43.23495123535395], "pixel_bbox": [9111, 9379, 9214, 9472], "area_m2": 31.001}}, {"type": "Feature", "geometry": {"type": "Polygon", "coordinates": [[[76.83825451880693, 43.235060535371304], [76.83825116604567, 43.235059194266796], [76.83825250715017, 43.23505651205778], [76.83825049549341, 43.235055170953274], [76.83824982494116, 43.23505248874426], [76.83825116604567, 43.23504846543074], [76.83825384825468, 43.235046453773975], [76.83825451880693, 43.235044442117214], [76.83825518935919, 43.235035724937916], [76.8382578715682, 43.235030360519886], [76.83825921267271, 43.23502968996763], [76.83825988322496, 43.23502700775862], [76.83826256543398, 43.2350243255496], [76.83826323598623, 43.23502030223608], [76.83826457709074, 43.235019631683826], [76.83826457709074, 43.2350142672658], [76.83826390653849, 43.23500890284777], [76.83826256543398, 43.235006891191006], [76.83826256543398, 43.235001526772976], [76.83825988322496, 43.234992139041424], [76.83825854212046, 43.23497403413057], [76.83825518935919, 43.234967328608036], [76.83825451880693, 43.234961964190006], [76.83825183659792, 43.23495659977198], [76.83824982494116, 43.23494788259268], [76.83824982494116, 43.23493715375662], [76.83825317770243, 43.23492307215929], [76.83825921267271, 43.234913013875484], [76.83826055377722, 43.234907649457455], [76.83826390653849, 43.234902285039425], [76.838265247643, 43.23489759117365], [76.8382665887475, 43.234896920621395], [76.8382665887475, 43.234894908964634], [76.83826792985201, 43.23489423841238], [76.83826591819525, 43.23489222675562], [76.83826591819525, 43.23489021509886], [76.83827396482229, 43.23488887399435], [76.8383651599288, 43.23488887399435], [76.83836583048105, 43.23489021509886], [76.83836717158556, 43.23489021509886], [76.83836717158556, 43.23489222675562], [76.8383651599288, 43.23489289730787], [76.8383651599288, 43.234900273382664], [76.83836247771978, 43.23490563780069], [76.83835711330175, 43.23491033166647], [76.83835376054049, 43.23492307215929], [76.83835241943598, 43.234923742711544], [76.83835107833147, 43.234927766025066], [76.83834973722696, 43.234938494861126], [76.83835107833147, 43.23494050651789], [76.83835107833147, 43.23494520038366], [76.83835308998823, 43.234947212040424], [76.83835308998823, 43.23494855314493], [76.83835979551077, 43.23495525866747], [76.83836113661528, 43.23495525866747], [76.83836180716753, 43.23495727032423], [76.83836448937654, 43.234957940876484], [76.83836448937654, 43.23495928198099], [76.83836583048105, 43.23495928198099], [76.83837186545134, 43.23496665805578], [76.83837186545134, 43.234978057444096], [76.83836717158556, 43.23498744517565], [76.83836113661528, 43.23499280959368], [76.83835845440626, 43.23499348014593], [76.83835778385401, 43.23499549180269], [76.83835443109274, 43.234996162354946], [76.83835376054049, 43.234997503459454], [76.83834906667471, 43.23499884456396], [76.83834705501795, 43.23500085622072], [76.83834169059992, 43.23500219732523], [76.83834102004766, 43.23500353842974], [76.83833163231611, 43.23500622063875], [76.83832962065935, 43.23500823229551], [76.83831352740526, 43.23501359671354], [76.83830413967371, 43.23502030223608], [76.8383014574647, 43.23502566665411], [76.8383014574647, 43.23503438383341], [76.83830346912146, 43.235039077699184], [76.83830413967371, 43.235046453773975], [76.83830548077822, 43.23504779487848], [76.83830548077822, 43.235055170953274], [76.83830413967371, 43.235057182610035], [76.83830548077822, 43.235057182610035], [76.83830615133047, 43.235059194266796], [76.83830413967371, 43.235059194266796], [76.8383027985692, 43.235060535371304], [76.83825451880693, 43.235060535371304]]]}, "properties": {"id": 724, "class": "road", "confidence": 100.0, "source": "Almaty_4", "source_model": "unet-roads", "centroid_wkt": "POINT (76.8383041693012 43.23496303382671)", "bbox": [76.83824982494116, 43.23488887399435, 76.83837186545134, 43.235060535371304], "pixel_bbox": [13008, 9216, 13190, 9472], "area_m2": 132.46}}, {"type": "Feature", "geometry": {"type": "Polygon", "coordinates": [[[76.8413182720542, 43.2349606230855], [76.84131693094969, 43.234949223697186], [76.84131357818842, 43.23495391756296], [76.84131022542715, 43.234954588115215], [76.8413095548749, 43.23495592921972], [76.84130419045687, 43.23495592921972], [76.84130284935236, 43.23495324701071], [76.8413008376956, 43.2349519059062], [76.84129949659109, 43.23494788259268], [76.84129815548658, 43.234947212040424], [76.84129681438208, 43.234943859279156], [76.84129815548658, 43.234934471547604], [76.84129681438208, 43.23493044823408], [76.84129681438208, 43.23492240160704], [76.84129480272532, 43.23491703718901], [76.84128541499376, 43.23490899056196], [76.84127267450094, 43.23490295559168], [76.84126529842615, 43.23489557951689], [76.84126261621714, 43.23488887399435], [76.84126663953066, 43.23488887399435], [76.84126663953066, 43.23488753288984], [76.84126127511263, 43.23488216847181], [76.84126127511263, 43.23487613350153], [76.8412646278739, 43.23487278074026], [76.8412746861577, 43.234870098531246], [76.84129144996405, 43.2348707690835], [76.84130687266588, 43.23487479239702], [76.84131223708391, 43.23487747460604], [76.84131290763617, 43.2348794862628], [76.84131491929293, 43.23488015681505], [76.84131626039743, 43.234878815710545], [76.84131894260645, 43.234878815710545], [76.8413182720542, 43.2349606230855]]]}, "properties": {"id": 725, "class": "road", "confidence": 100.0, "source": "Almaty_4", "source_model": "unet-roads", "centroid_wkt": "POINT (76.84129727266979 43.234903459153394)", "bbox": [76.84126127511263, 43.234870098531246, 76.84131894260645, 43.2349606230855], "pixel_bbox": [17499, 9365, 17585, 9500], "area_m2": 25.913}}, {"type": "Feature", "geometry": {"type": "Polygon", "coordinates": [[[76.83737743645906, 43.235060535371304], [76.8373754248023, 43.235059194266796], [76.83737609535456, 43.23505584150553], [76.8373740836978, 43.235055170953274], [76.8373740836978, 43.23505248874426], [76.83737609535456, 43.2350504770875], [76.83737609535456, 43.23504846543074], [76.83737475425005, 43.23504779487848], [76.8373740836978, 43.23503773659468], [76.83737207204103, 43.23503639549017], [76.83736804872751, 43.23502700775862], [76.8373653665185, 43.23502365499735], [76.83736469596624, 43.23501896113157], [76.83736134320498, 43.235015608370304], [76.83735933154821, 43.235010243952274], [76.8373566493392, 43.23499482125044], [76.8373566493392, 43.234983421862125], [76.83736000210047, 43.23497671633959], [76.83736000210047, 43.23497403413057], [76.83736335486174, 43.234970681369305], [76.8373653665185, 43.23496598750353], [76.83737006038427, 43.234961964190006], [76.83737006038427, 43.2349606230855], [76.83737207204103, 43.234959952533245], [76.83737207204103, 43.23495861142874], [76.83737341314554, 43.23495861142874], [76.8373740836978, 43.23495727032423], [76.83737944811583, 43.234954588115215], [76.83738078922033, 43.234952576458454], [76.83738213032484, 43.234952576458454], [76.8373841419816, 43.23494989424944], [76.83738548308611, 43.23494989424944], [76.83739084750414, 43.2349431887269], [76.83739218860865, 43.23493916541338], [76.83739352971315, 43.234938494861126], [76.83739621192217, 43.23493044823408], [76.83739822357893, 43.234918378293514], [76.83739822357893, 43.23491100221872], [76.83739554136992, 43.23490563780069], [76.83739554136992, 43.23489625006914], [76.83739688247442, 43.23489423841238], [76.83739688247442, 43.23489021509886], [76.83739889413118, 43.23488887399435], [76.83744113892317, 43.2348882034421], [76.83744113892317, 43.23488686233759], [76.8374391272664, 43.23488552123308], [76.8374391272664, 43.234884180128574], [76.83744113892317, 43.23488350957632], [76.83744046837091, 43.234878815710545], [76.83744180947542, 43.23487814515829], [76.83744180947542, 43.23487613350153], [76.83744449168444, 43.23487479239702], [76.83744449168444, 43.23487211018801], [76.83744717389345, 43.234871439635754], [76.83744851499796, 43.234866075217724], [76.83744985610247, 43.234866075217724], [76.83744985610247, 43.234862722456455], [76.83744851499796, 43.234862722456455], [76.83744851499796, 43.23486004024744], [76.83745253831148, 43.23485802859068], [76.83745253831148, 43.234855346381664], [76.83745790272951, 43.23485132306814], [76.83746326714754, 43.234849981963634], [76.83746594935656, 43.23485132306814], [76.83747131377459, 43.23485065251589], [76.83747466653585, 43.23485400527716], [76.83747466653585, 43.23485601693392], [76.83747667819262, 43.23485802859068], [76.83747801929712, 43.234866075217724], [76.83747466653585, 43.23486942797899], [76.8374739959836, 43.234873451292515], [76.8374726548791, 43.23487412184477], [76.8374726548791, 43.23488216847181], [76.83746661990881, 43.2348882034421], [76.83748003095388, 43.23488887399435], [76.83748137205839, 43.23489021509886], [76.83747936040163, 43.23489356786013], [76.83747936040163, 43.23490362614393], [76.83747801929712, 43.234904296696186], [76.83747801929712, 43.23490630835295], [76.83747667819262, 43.2349069789052], [76.8374739959836, 43.23491234332323], [76.8374739959836, 43.23491435497999], [76.8374726548791, 43.234915025532246], [76.8374726548791, 43.23491770774126], [76.83746997267008, 43.23492307215929], [76.83746729046106, 43.234925754368305], [76.83746729046106, 43.234927766025066], [76.8374652788043, 43.234929107129574], [76.83746460825205, 43.23493178933859], [76.83746058493853, 43.234936483204365], [76.83746058493853, 43.234938494861126], [76.83745857328176, 43.23493983596563], [76.83745857328176, 43.234941847622395], [76.8374552205205, 43.23494520038366], [76.8374552205205, 43.23494788259268], [76.83745320886374, 43.2349519059062], [76.83745320886374, 43.234963305294514], [76.83744717389345, 43.23497537523508], [76.83743845671415, 43.23498275130987], [76.83743175119162, 43.23498409241438], [76.83743041008711, 43.23498543351889], [76.83742571622133, 43.234986774623394], [76.83742437511683, 43.23498610407114], [76.83742370456457, 43.23498744517565], [76.83742370456457, 43.235059194266796], [76.83742169290781, 43.235060535371304], [76.83737743645906, 43.235060535371304]]]}, "properties": {"id": 726, "class": "road", "confidence": 100.0, "source": "Almaty_4", "source_model": "unet-roads", "centroid_wkt": "POINT (76.83741670359663 43.2349596192555)", "bbox": [76.8373566493392, 43.234849981963634, 76.83748137205839, 43.235060535371304], "pixel_bbox": [11676, 9216, 11862, 9530], "area_m2": 115.96}}, {"type": "Feature", "geometry": {"type": "Polygon", "coordinates": [[[76.83478776365519, 43.23490899056196], [76.8347716704011, 43.23490161448717], [76.83476228266954, 43.234900273382664], [76.83475088328123, 43.23489625006914], [76.83474685996771, 43.23489423841238], [76.8347441777587, 43.234889544546604], [76.83472942560911, 43.2348882034421], [76.8347354605794, 43.23488753288984], [76.83473344892263, 43.23488552123308], [76.83473344892263, 43.23488216847181], [76.83473747223616, 43.23487680405378], [76.83474015444517, 43.2348707690835], [76.83474283665419, 43.23486942797899], [76.83474484831095, 43.23486674576998], [76.8347542360425, 43.23486406356096], [76.83476161211729, 43.23486406356096], [76.8347642943263, 43.234862722456455], [76.83477099984884, 43.2348620519042], [76.83477435261011, 43.234862722456455], [76.83477502316236, 43.23486138135195], [76.83477770537138, 43.23486138135195], [76.83477837592363, 43.23486004024744], [76.83477971702814, 43.23486004024744], [76.8347817286849, 43.23485601693392], [76.83478709310293, 43.23485467582941], [76.8347891047597, 43.234851993620396], [76.83479379862547, 43.23485065251589], [76.83479581028223, 43.23484797030687], [76.83480653911829, 43.23484729975462], [76.83481056243181, 43.23484931141138], [76.83481056243181, 43.23485065251589], [76.83481190353632, 43.23485065251589], [76.83481458574533, 43.2348533347249], [76.83481592684984, 43.234857358038425], [76.83481726795435, 43.23485802859068], [76.8348179385066, 43.23486406356096], [76.83481995016336, 43.23486674576998], [76.83482062071562, 43.234873451292515], [76.83481995016336, 43.234884180128574], [76.83481860905886, 43.23488485068083], [76.8348179385066, 43.23488753288984], [76.83482129126787, 43.2348882034421], [76.83482129126787, 43.234889544546604], [76.83481860905886, 43.234889544546604], [76.83481927961111, 43.23489557951689], [76.83481726795435, 43.23489759117365], [76.83481592684984, 43.23489759117365], [76.83481592684984, 43.234898932278156], [76.8348078802228, 43.234902285039425], [76.83480519801378, 43.23490496724844], [76.83479715138674, 43.23490899056196], [76.83478776365519, 43.23490899056196]]]}, "properties": {"id": 727, "class": "road", "confidence": 100.0, "source": "Almaty_4", "source_model": "unet-roads", "centroid_wkt": "POINT (76.83478393807513 43.23487932931676)", "bbox": [76.83472942560911, 43.23484729975462, 76.83482129126787, 43.23490899056196], "pixel_bbox": [7758, 9442, 7895, 9534], "area_m2": 32.054}}, {"type": "Feature", "geometry": {"type": "Polygon", "coordinates": [[[76.84109766036272, 43.23485467582941], [76.84108961373568, 43.23485266417265], [76.84108693152666, 43.23485065251589], [76.84108424931765, 43.23485065251589], [76.84108022600412, 43.23484797030687], [76.84107217937708, 43.23484528809786], [76.84107150882483, 43.23484394699335], [76.84105474501848, 43.234835900366306], [76.84105407446623, 43.2348345592618], [76.84104803949594, 43.234831877052784], [76.84104535728693, 43.23482919484377], [76.84102926403284, 43.23482181876898], [76.84102859348059, 43.23481444269419], [76.84104334563017, 43.23481377214193], [76.84105809777975, 43.23481511324644], [76.84109229594469, 43.234821148216724], [76.84111174196005, 43.23482919484377], [76.84111710637808, 43.234833888709545], [76.84111844748259, 43.234833888709545], [76.8411197885871, 43.234835900366306], [76.8411211296916, 43.234835900366306], [76.84112783521414, 43.23484394699335], [76.84112716466188, 43.23484931141138], [76.84112180024385, 43.23485266417265], [76.84111375361681, 43.23485467582941], [76.84109766036272, 43.23485467582941]]]}, "properties": {"id": 728, "class": "road", "confidence": 100.0, "source": "Almaty_4", "source_model": "unet-roads", "centroid_wkt": "POINT (76.8410823348404 43.234833360389466)", "bbox": [76.84102859348059, 43.23481377214193, 76.84112783521414, 43.23485467582941], "pixel_bbox": [17152, 9523, 17300, 9584], "area_m2": 20.001}}, {"type": "Feature", "geometry": {"type": "Polygon", "coordinates": [[[76.84080999344587, 43.234774209558964], [76.84080127626657, 43.2347721979022], [76.84079725295305, 43.23477018624544], [76.84079457074404, 43.23477018624544], [76.84078920632601, 43.23476750403643], [76.84078719466925, 43.23476750403643], [76.84078451246023, 43.234765492379665], [76.84078250080347, 43.234765492379665], [76.84078183025122, 43.23476415127516], [76.84077646583319, 43.23476146906614], [76.84077579528093, 43.23475878685713], [76.84077445417643, 43.234758116304874], [76.84077445417643, 43.23475610464811], [76.84077579528093, 43.23475543409586], [76.84077579528093, 43.23475409299135], [76.84078048914671, 43.23475141078234], [76.84080462902784, 43.23475141078234], [76.84082340449095, 43.23475610464811], [76.8408240750432, 43.23475744575262], [76.84082608669996, 43.23475744575262], [76.84083413332701, 43.234763480722904], [76.84083413332701, 43.23476817458868], [76.84083078056574, 43.23477152734995], [76.84082675725222, 43.23477353900671], [76.84080999344587, 43.234774209558964]]]}, "properties": {"id": 729, "class": "road", "confidence": 100.0, "source": "Almaty_4", "source_model": "unet-roads", "centroid_wkt": "POINT (76.84080555880998 43.23476191525374)", "bbox": [76.84077445417643, 43.23475141078234, 76.84083413332701, 43.234774209558964], "pixel_bbox": [16773, 9643, 16862, 9677], "area_m2": 8.832}}, {"type": "Feature", "geometry": {"type": "Polygon", "coordinates": [[[76.83739956468344, 43.234778232872486], [76.83739688247442, 43.23477689176798], [76.83739218860865, 43.23477689176798], [76.83739017695189, 43.23477555066347], [76.83739017695189, 43.234774209558964], [76.8373841419816, 43.23477353900671], [76.83738011866808, 43.234770856797695], [76.83737006038427, 43.23476817458868], [76.83736469596624, 43.23476415127516], [76.83736201375723, 43.234763480722904], [76.83735597878695, 43.234758116304874], [76.83735329657793, 43.23475744575262], [76.83734524995089, 43.23475006967783], [76.83734457939863, 43.234747387468815], [76.83734323829412, 43.23474671691656], [76.83734323829412, 43.234745375812054], [76.83734189718962, 43.2347447052598], [76.83734189718962, 43.23474336415529], [76.8373378738761, 43.23473799973726], [76.83733988553286, 43.234731294214725], [76.83733988553286, 43.234729282557964], [76.83733854442835, 43.234729282557964], [76.83733854442835, 43.2347272709012], [76.83733720332384, 43.2347272709012], [76.83733854442835, 43.23472324758768], [76.83733452111483, 43.23472123593092], [76.8373291566968, 43.23472123593092], [76.83732446283102, 43.234718553721905], [76.83735128492117, 43.234718553721905], [76.83735061436892, 43.234720565378666], [76.83734055608511, 43.23472190648317], [76.83734055608511, 43.23472458869219], [76.83734256774187, 43.234725929796696], [76.83734189718962, 43.23472794145346], [76.83734994381666, 43.234725929796696], [76.83735463768244, 43.234725929796696], [76.83736067265272, 43.23472861200571], [76.837366707623, 43.23472794145346], [76.83737810701132, 43.23472995311022], [76.8374015763402, 43.23473062366247], [76.83740962296724, 43.234734646975994], [76.83741230517626, 43.23473732918501], [76.83741297572851, 43.234740011394024], [76.83741431683302, 43.234740011394024], [76.83741498738527, 43.234742023050785], [76.83741699904203, 43.23474336415529], [76.83741834014654, 43.23474671691656], [76.83741834014654, 43.23475074023008], [76.83741968125105, 43.23475208133459], [76.8374203518033, 43.23475543409586], [76.8374203518033, 43.234768845140934], [76.83741766959429, 43.23477018624544], [76.83741699904203, 43.234772868454456], [76.8374102935195, 43.234774209558964], [76.83740895241499, 43.23477555066347], [76.83740895241499, 43.23477756232023], [76.83740761131048, 43.23477689176798], [76.83740492910147, 43.234778232872486], [76.83739956468344, 43.234778232872486]]]}, "properties": {"id": 730, "class": "road", "confidence": 100.0, "source": "Almaty_4", "source_model": "unet-roads", "centroid_wkt": "POINT (76.83738172176729 43.23474890867203)", "bbox": [76.83732446283102, 43.234718553721905, 76.8374203518033, 43.234778232872486], "pixel_bbox": [11628, 9637, 11771, 9726], "area_m2": 27.532}}, {"type": "Feature", "geometry": {"type": "Polygon", "coordinates": [[[76.8384375795722, 43.23476683348417], [76.83843221515417, 43.234765492379665], [76.83842685073614, 43.23476146906614], [76.83842618018389, 43.23475744575262], [76.83842215687037, 43.23475409299135], [76.8384201452136, 43.234749399125576], [76.83841813355684, 43.23474805802107], [76.83841746300459, 43.23474269360304], [76.83842349797487, 43.23473196476698], [76.83842349797487, 43.23472995311022], [76.83842685073614, 43.23472324758768], [76.83843154460192, 43.2347172126174], [76.83845300227404, 43.2347172126174], [76.83845367282629, 43.23476281017065], [76.83845166116953, 43.234765492379665], [76.83844897896051, 43.2347621396184], [76.8384462967515, 43.23476482182741], [76.83844160288572, 43.23476616293192], [76.83844026178122, 43.234765492379665], [76.8384375795722, 43.23476683348417]]]}, "properties": {"id": 731, "class": "road", "confidence": 100.0, "source": "Almaty_4", "source_model": "unet-roads", "centroid_wkt": "POINT (76.83843842726606 43.23474123455638)", "bbox": [76.83841746300459, 43.2347172126174, 76.83845367282629, 43.23476683348417], "pixel_bbox": [13258, 9654, 13312, 9728], "area_m2": 12.908}}, {"type": "Feature", "geometry": {"type": "Polygon", "coordinates": [[[76.84064369648695, 43.23473934084177], [76.84063363820314, 43.23473732918501], [76.84061821550131, 43.23473196476698], [76.8406155332923, 43.23472995311022], [76.84061352163553, 43.23472995311022], [76.84060011059046, 43.23472324758768], [76.84059876948595, 43.234720565378666], [76.84059608727694, 43.23471922427416], [76.84059608727694, 43.23471788316965], [76.84067118912935, 43.2347172126174], [76.84067588299513, 43.234718553721905], [76.84067521244287, 43.23471989482641], [76.84067722409964, 43.234720565378666], [76.84067722409964, 43.23472190648317], [76.84068258851767, 43.23472324758768], [76.84068258851767, 43.23472525924444], [76.84068460017443, 43.23472458869219], [76.84068527072668, 43.23472190648317], [76.84068527072668, 43.23473732918501], [76.84068258851767, 43.23473531752825], [76.84068191796541, 43.23473732918501], [76.8406792357564, 43.23473799973726], [76.84064369648695, 43.23473934084177]]]}, "properties": {"id": 732, "class": "road", "confidence": 100.0, "source": "Almaty_4", "source_model": "unet-roads", "centroid_wkt": "POINT (76.84064663747886 43.2347268948716)", "bbox": [76.84059608727694, 43.2347172126174, 76.84068527072668, 43.23473934084177], "pixel_bbox": [16507, 9695, 16640, 9728], "area_m2": 13.387}}, {"type": "Feature", "geometry": {"type": "Polygon", "coordinates": [[[76.84044856578112, 43.23468770831823], [76.84044387191534, 43.23468703776598], [76.84043850749731, 43.234684355556965], [76.84043515473604, 43.234681002795696], [76.84043448418379, 43.23467765003443], [76.84043917804956, 43.23467429727316], [76.84044722467661, 43.23467496782541], [76.84044923633337, 43.23467630892992], [76.84045862406492, 43.23467832058668], [76.8404633179307, 43.234682343900204], [76.8404633179307, 43.23468368500471], [76.84046063572168, 43.234686367213726], [76.84044856578112, 43.23468770831823]]]}, "properties": {"id": 733, "class": "road", "confidence": 100.0, "source": "Almaty_4", "source_model": "unet-roads", "centroid_wkt": "POINT (76.8404486012122 43.23468097904933)", "bbox": [76.84043448418379, 43.23467429727316, 76.8404633179307, 43.23468770831823], "pixel_bbox": [16266, 9772, 16309, 9792], "area_m2": 2.406}}, {"type": "Feature", "geometry": {"type": "Polygon", "coordinates": [[[76.83313149958849, 43.234666250646114], [76.83313082903624, 43.23466222733259], [76.83312948793173, 43.23466222733259], [76.83312948793173, 43.2346635684371], [76.83312613517046, 43.2346635684371], [76.83311942964792, 43.23466021567583], [76.83311942964792, 43.234657533466816], [76.83311741799116, 43.234655521810055], [76.83311674743891, 43.23464881628752], [76.83311875909567, 43.23464412242174], [76.83312077075243, 43.23464211076498], [76.8331254646182, 43.23464076966047], [76.83312747627497, 43.23464144021273], [76.83312881737947, 43.23463875800371], [76.83313015848398, 43.234639428555965], [76.83313015848398, 43.23463808745146], [76.83313149958849, 43.23463808745146], [76.83313217014074, 43.2346360757947], [76.83313149958849, 43.234666250646114]]]}, "properties": {"id": 734, "class": "road", "confidence": 100.0, "source": "Almaty_4", "source_model": "unet-roads", "centroid_wkt": "POINT (76.83312569032697 43.234651057024344)", "bbox": [76.83311674743891, 43.2346360757947, 76.83313217014074, 43.234666250646114], "pixel_bbox": [5353, 9804, 5376, 9849], "area_m2": 2.69}}, {"type": "Feature", "geometry": {"type": "Polygon", "coordinates": [[[76.83307383209467, 43.23460053652525], [76.83306846767664, 43.23459718376398], [76.83306846767664, 43.23459517210722], [76.83306645601988, 43.23459181934595], [76.83306712657213, 43.23458846658468], [76.83306980878115, 43.23458645492792], [76.83307986706495, 43.23458444327116], [76.83308321982622, 43.234587125480175], [76.83308321982622, 43.234589137136936], [76.83308523148298, 43.2345911487937], [76.83308523148298, 43.23459517210722], [76.83308389037848, 43.23459517210722], [76.83308321982622, 43.234597854316235], [76.83308187872171, 43.234597854316235], [76.83308187872171, 43.23459919542074], [76.83307986706495, 43.23460053652525], [76.83307383209467, 43.23460053652525]]]}, "properties": {"id": 735, "class": "road", "confidence": 100.0, "source": "Almaty_4", "source_model": "unet-roads", "centroid_wkt": "POINT (76.83307641320982 43.23459225860434)", "bbox": [76.83306645601988, 43.23458444327116, 76.83308523148298, 43.23460053652525], "pixel_bbox": [5278, 9902, 5306, 9926], "area_m2": 2.041}}, {"type": "Feature", "geometry": {"type": "Polygon", "coordinates": [[[76.84011999517679, 43.23462065309286], [76.8400951847434, 43.23461730033159], [76.84008177369833, 43.23461327701807], [76.84005562216043, 43.23460053652525], [76.84005159884691, 43.23459651321173], [76.84005159884691, 43.23459181934595], [76.8400576338172, 43.23458779603243], [76.84007305651903, 43.234583772718906], [76.8400864675641, 43.23458310216665], [76.84011328965425, 43.23458578437567], [76.84012468904257, 43.23458779603243], [76.84014279395342, 43.23459383100271], [76.84014346450567, 43.23459517210722], [76.84014547616243, 43.23459517210722], [76.8401488289237, 43.234597854316235], [76.84016223996878, 43.23460388928652], [76.84016492217779, 43.23460657149553], [76.84016492217779, 43.234608583152294], [76.8401662632823, 43.2346099242568], [76.8401662632823, 43.234613947570324], [76.84016291052103, 43.23461662977934], [76.84014614671469, 43.234617970883846], [76.84013675898314, 43.23461998254061], [76.84011999517679, 43.23462065309286]]]}, "properties": {"id": 736, "class": "road", "confidence": 100.0, "source": "Almaty_4", "source_model": "unet-roads", "centroid_wkt": "POINT (76.8401088169 43.23460170086897)", "bbox": [76.84005159884691, 43.23458310216665, 76.8401662632823, 43.23462065309286], "pixel_bbox": [15695, 9872, 15866, 9928], "area_m2": 26.483}}, {"type": "Feature", "geometry": {"type": "Polygon", "coordinates": [[[76.83807346969843, 43.23469240218401], [76.8380593881011, 43.23468770831823], [76.83805737644434, 43.23468502610922], [76.83805402368307, 43.23468368500471], [76.83804731816053, 43.234676979482174], [76.83804597705603, 43.23467429727316], [76.83804396539927, 43.23466759175062], [76.83804396539927, 43.23466222733259], [76.83805000036955, 43.234650157392025], [76.83805134147406, 43.234642781317234], [76.83805268257856, 43.23464211076498], [76.83805268257856, 43.234637416899204], [76.83805134147406, 43.23463473469019], [76.83804798871279, 43.23463272303343], [76.83804262429476, 43.23463272303343], [76.83804128319025, 43.23463138192892], [76.83803927153349, 43.23463138192892], [76.83803524821997, 43.23463272303343], [76.83803256601095, 43.23463540524244], [76.83802787214518, 43.234637416899204], [76.83802586048841, 43.234639428555965], [76.83802384883165, 43.23464412242174], [76.8380231782794, 43.234657533466816], [76.83802049607038, 43.23466423898935], [76.8380131199956, 43.23466893285513], [76.8379970267415, 43.23467429727316], [76.83799099177122, 43.23467563837767], [76.83798495680094, 43.23467496782541], [76.83798227459192, 43.234673626720905], [76.83797623962164, 43.23467295616865], [76.83797154575586, 43.23467027395964], [76.83796886354685, 43.23467027395964], [76.8379681929946, 43.23466893285513], [76.83796014636755, 43.23466558009386], [76.83795277029276, 43.23466490954161], [76.83794807642698, 43.23466222733259], [76.83794271200895, 43.23466155678034], [76.8379420414567, 43.234662897884846], [76.83794002979994, 43.234662897884846], [76.83793868869543, 43.234652169048786], [76.83793935924768, 43.2345824316144], [76.83794070035219, 43.234581761062145], [76.83794405311346, 43.23458310216665], [76.83794874697924, 43.234581761062145], [76.8379681929946, 43.234581761062145], [76.83799434453249, 43.23458645492792], [76.83801513165236, 43.234592489898205], [76.8380318954587, 43.234590478241444], [76.83803860098124, 43.2345911487937], [76.83804396539927, 43.23459383100271], [76.83804396539927, 43.23459517210722], [76.83804530650377, 43.23459517210722], [76.83804530650377, 43.23459651321173], [76.8380506709218, 43.23460187762976], [76.8380506709218, 43.23460388928652], [76.83805201202631, 43.23460388928652], [76.83805335313082, 43.23460791260004], [76.83805469423532, 43.234608583152294], [76.83805737644434, 43.234613947570324], [76.83805737644434, 43.234615959227085], [76.83805871754885, 43.23461662977934], [76.83806139975786, 43.2346273586154], [76.83806139975786, 43.23463339358568], [76.83806341141462, 43.23463540524244], [76.83806475251913, 43.23463540524244], [76.83806676417589, 43.23463808745146], [76.83807212859392, 43.23463808745146], [76.83807615190744, 43.23464076966047], [76.83808017522097, 43.23464144021273], [76.83808352798223, 43.234644792973995], [76.83808621019125, 43.23464546352625], [76.8380868807435, 43.23464747518301], [76.83808822184801, 43.23464747518301], [76.83808822184801, 43.23464881628752], [76.83809358626604, 43.23465418070555], [76.83809760957956, 43.23466423898935], [76.83809760957956, 43.234678991138935], [76.83809626847506, 43.23468368500471], [76.8380942568183, 43.23468502610922], [76.8380942568183, 43.234686367213726], [76.83809157460928, 43.23468770831823], [76.83809023350477, 43.234689719974995], [76.838085539639, 43.234691731631756], [76.83807346969843, 43.23469240218401]]]}, "properties": {"id": 737, "class": "road", "confidence": 100.0, "source": "Almaty_4", "source_model": "unet-roads", "centroid_wkt": "POINT (76.83800810230137 43.234633611259966)", "bbox": [76.83793868869543, 43.234581761062145, 76.83809760957956, 43.23469240218401], "pixel_bbox": [12544, 9765, 12781, 9930], "area_m2": 96.936}}, {"type": "Feature", "geometry": {"type": "Polygon", "coordinates": [[[76.83699857443571, 43.23465887457132], [76.8369972333312, 43.234657533466816], [76.8369885161519, 43.23465686291456], [76.83698650449514, 43.2346548512578], [76.83698315173388, 43.23465418070555], [76.83698248118162, 43.23465283960104], [76.8369797989726, 43.234653510153294], [76.83697644621134, 43.234652169048786], [76.83697577565908, 43.23465082794428], [76.83697376400232, 43.23465149849653], [76.8369697406888, 43.23464948683977], [76.83694425970316, 43.234646804630756], [76.83693218976259, 43.23464747518301], [76.83691408485174, 43.23464412242174], [76.83691140264273, 43.234644792973995], [76.83691140264273, 43.23464345186949], [76.83691006153822, 43.23464412242174], [76.83691006153822, 43.23464211076498], [76.83690872043371, 43.234642781317234], [76.83690872043371, 43.234652169048786], [76.83690670877695, 43.234650157392025], [76.83690335601568, 43.23465149849653], [76.83689061552286, 43.234652169048786], [76.83687921613455, 43.234652169048786], [76.83686513453722, 43.234650157392025], [76.83683093637228, 43.23463875800371], [76.83682288974524, 43.23463473469019], [76.83682221919298, 43.23463339358568], [76.83681685477495, 43.23463071137667], [76.83681149035692, 43.23462467640638], [76.83680813759565, 43.23462400585413], [76.83680679649115, 43.23462266474962], [76.83679539710283, 43.23462065309286], [76.83678533881903, 43.23461730033159], [76.8367813155055, 43.23461730033159], [76.83677729219198, 43.23461528867483], [76.83676656335592, 43.234613947570324], [76.83675449341536, 43.23460925370455], [76.83674979954958, 43.234608583152294], [76.8367451056838, 43.23460590094328], [76.83673840016127, 43.23460590094328], [76.83673840016127, 43.23460388928652], [76.83673705905676, 43.23460254818201], [76.83673705905676, 43.23459383100271], [76.83673571795225, 43.234589137136936], [76.83672498911619, 43.23459383100271], [76.8367075547576, 43.234594501554966], [76.83669414371252, 43.234590478241444], [76.83668877929449, 43.23458645492792], [76.83668810874224, 43.2345824316144], [76.83669615536928, 43.23457840830088], [76.83671157807112, 43.23457572609186], [76.83672431856394, 43.23457572609186], [76.8367350474, 43.23457773774862], [76.83674108237028, 43.234576396644115], [76.83674577623606, 43.23457773774862], [76.8367611989379, 43.23457773774862], [76.83677192777395, 43.23457907885313], [76.83681283146143, 43.23457840830088], [76.83681819587946, 43.234576396644115], [76.83682221919298, 43.234576396644115], [76.83683294802904, 43.2345737144351], [76.83683428913355, 43.23457237333059], [76.83684300631285, 43.23457036167383], [76.83685172349215, 43.23456633836031], [76.83685842901468, 43.234565667808056], [76.8368611112237, 43.23456432670355], [76.83688994497061, 43.2345649972558], [76.83689329773188, 43.23456633836031], [76.83689799159765, 43.23456633836031], [76.83690268546343, 43.23456835001707], [76.8369073793292, 43.23456633836031], [76.83690872043371, 43.23456700891256], [76.83690939098597, 43.23462534695864], [76.83691073209047, 43.234623335301876], [76.83691073209047, 43.23462467640638], [76.8369160965085, 43.23462467640638], [76.83692280203104, 43.23462937027216], [76.83692816644907, 43.23462937027216], [76.83693084865808, 43.23463071137667], [76.83693688362837, 43.23463071137667], [76.83694291859865, 43.23463272303343], [76.83694425970316, 43.234632052481174], [76.83694627135992, 43.23463339358568], [76.83695901185274, 43.23463473469019], [76.83696772903204, 43.23464009910822], [76.8369697406888, 43.23464009910822], [76.83697242289782, 43.23464211076498], [76.83697711676359, 43.23464211076498], [76.8369797989726, 43.23464412242174], [76.83698449283838, 43.23464345186949], [76.83699790388346, 43.23464546352625], [76.83700192719698, 43.23464881628752], [76.83700393885374, 43.23464881628752], [76.83700662106276, 43.23465149849653], [76.83700662106276, 43.23465283960104], [76.83700796216726, 43.23465283960104], [76.83700997382402, 43.2346548512578], [76.83700997382402, 43.23465820401907], [76.83700863271952, 43.23465887457132], [76.83699857443571, 43.23465887457132]]]}, "properties": {"id": 738, "class": "road", "confidence": 100.0, "source": "Almaty_4", "source_model": "unet-roads", "centroid_wkt": "POINT (76.83684585720243 43.234607143470896)", "bbox": [76.83668810874224, 43.23456432670355, 76.83700997382402, 43.23465887457132], "pixel_bbox": [10679, 9815, 11159, 9956], "area_m2": 110.708}}, {"type": "Feature", "geometry": {"type": "Polygon", "coordinates": [[[76.8365727737546, 43.234545551240444], [76.83656673878431, 43.234540186822414], [76.83656740933657, 43.234536834061146], [76.83656942099333, 43.23453549295664], [76.83657009154558, 43.23453348129988], [76.83657143265009, 43.23453348129988], [76.83657344430685, 43.23453079909086], [76.83657478541136, 43.23453079909086], [76.83657880872488, 43.23452677577734], [76.83658216148615, 43.23452543467283], [76.83658350259066, 43.23452342301607], [76.83658551424742, 43.23452342301607], [76.83658953756094, 43.234520740807056], [76.83659423142672, 43.23451939970255], [76.836600266397, 43.23451470583677], [76.83660227805376, 43.23451470583677], [76.83660563081503, 43.23451269418001], [76.83661501854658, 43.234511353075504], [76.83664117008448, 43.23451202362776], [76.83664720505476, 43.23451403528452], [76.83665458112955, 43.23451470583677], [76.83667201548815, 43.234518729150295], [76.83668006211519, 43.23452141135931], [76.8366814032197, 43.23452275246382], [76.83668408542871, 43.23452275246382], [76.83668944984674, 43.23452543467283], [76.83669347316027, 43.234526105225086], [76.83669548481703, 43.23452811688185], [76.83669749647379, 43.23452811688185], [76.83669816702604, 43.234529457986355], [76.83670353144407, 43.23453214019537], [76.83670420199633, 43.23453415185213], [76.83670554310083, 43.23453415185213], [76.83670822530985, 43.23453817516565], [76.83670822530985, 43.23454085737467], [76.83670621365309, 43.23454152792692], [76.83670621365309, 43.23454421013594], [76.83670420199633, 43.234545551240444], [76.8365727737546, 43.234545551240444]]]}, "properties": {"id": 739, "class": "road", "confidence": 100.0, "source": "Almaty_4", "source_model": "unet-roads", "centroid_wkt": "POINT (76.83663648876444 43.234531048756686)", "bbox": [76.83656673878431, 43.234511353075504, 76.83670822530985, 43.234545551240444], "pixel_bbox": [10498, 9984, 10709, 10035], "area_m2": 33.038}}, {"type": "Feature", "geometry": {"type": "Polygon", "coordinates": [[[76.83892708271742, 43.23453348129988], [76.83892104774714, 43.23453281074762], [76.83892104774714, 43.234531469643116], [76.83891702443361, 43.23453012853861], [76.8389143422246, 43.234527446329594], [76.83891098946333, 43.2345200702548], [76.83891098946333, 43.23451604694128], [76.83891501277685, 43.234511353075504], [76.8389156833291, 43.23450867086649], [76.83891702443361, 43.23450867086649], [76.83891702443361, 43.23450732976198], [76.83892708271742, 43.23450397700071], [76.83893445879221, 43.23450397700071], [76.83893848210573, 43.234508000314236], [76.83893848210573, 43.234510011971], [76.83893982321024, 43.234511353075504], [76.8389404937625, 43.234518729150295], [76.83893915265799, 43.234524093568325], [76.83893714100122, 43.23452476412058], [76.83893579989672, 43.2345287874341], [76.83893378823996, 43.23453079909086], [76.83892708271742, 43.23453348129988]]]}, "properties": {"id": 740, "class": "road", "confidence": 100.0, "source": "Almaty_4", "source_model": "unet-roads", "centroid_wkt": "POINT (76.83892659825253 43.23451797834739)", "bbox": [76.83891098946333, 43.23450397700071, 76.8389404937625, 43.23453348129988], "pixel_bbox": [13994, 10002, 14038, 10046], "area_m2": 5.973}}, {"type": "Feature", "geometry": {"type": "Polygon", "coordinates": [[[76.83532018214464, 43.234590478241444], [76.83531012386084, 43.23458846658468], [76.83530408889055, 43.234585113823414], [76.83529939502478, 43.23458041995764], [76.83529604226351, 43.23457170277834], [76.83528799563646, 43.23456097394228], [76.83528531342745, 43.23455158621073], [76.83528397232294, 43.23455024510622], [76.83528397232294, 43.234545551240444], [76.83528196066618, 43.23454488068819], [76.83528196066618, 43.23454152792692], [76.83527860790491, 43.23453281074762], [76.8352772668004, 43.234526105225086], [76.8352772668004, 43.23450867086649], [76.83527860790491, 43.23450732976198], [76.83527793735266, 43.23449995368719], [76.83528196066618, 43.234495259821415], [76.83528330177069, 43.23449123650789], [76.83528531342745, 43.234489895403385], [76.83528665453196, 43.23448587208986], [76.83529000729322, 43.234484530985355], [76.83529134839773, 43.234482519328594], [76.83529604226351, 43.23448117822409], [76.83530744165182, 43.23448117822409], [76.83530811220407, 43.234482519328594], [76.83531012386084, 43.234482519328594], [76.83531280606985, 43.23448654264212], [76.83531481772661, 43.23448654264212], [76.83531749993563, 43.23448855429888], [76.8353208526969, 43.23448855429888], [76.83532353490591, 43.23448654264212], [76.83532822877169, 43.23448654264212], [76.83532889932394, 43.234487883746624], [76.83533024042845, 43.234487883746624], [76.8353309109807, 43.234489895403385], [76.83532822877169, 43.23449660092592], [76.8353295698762, 43.23450464755297], [76.8353309109807, 43.23450531810522], [76.8353309109807, 43.23450665920973], [76.83533225208521, 43.23450665920973], [76.83533359318972, 43.23450867086649], [76.83533828705549, 43.23450934141874], [76.83534096926451, 43.234511353075504], [76.83534432202578, 43.234511353075504], [76.83534633368254, 43.234513364732265], [76.83535035699606, 43.23451470583677], [76.83535102754831, 43.23451604694128], [76.8353584036231, 43.234516717493534], [76.83536108583212, 43.23451939970255], [76.83536376804113, 43.23451805859804], [76.83536376804113, 43.234545551240444], [76.83534901589155, 43.2345462217927], [76.83535102754831, 43.23454957455397], [76.83535102754831, 43.234556280076504], [76.83535035699606, 43.234560303390026], [76.83534700423479, 43.234565667808056], [76.83534499257803, 43.23457170277834], [76.83534231036901, 43.2345737144351], [76.83533962816, 43.23457907885313], [76.83533426374197, 43.23458310216665], [76.83533359318972, 43.234585113823414], [76.83533158153296, 43.234585113823414], [76.83533024042845, 43.234587125480175], [76.83532487601042, 43.23458980768919], [76.83532018214464, 43.234590478241444]]]}, "properties": {"id": 741, "class": "road", "confidence": 100.0, "source": "Almaty_4", "source_model": "unet-roads", "centroid_wkt": "POINT (76.83531685112483 43.23453434885433)", "bbox": [76.8352772668004, 43.23448117822409, 76.83536376804113, 43.234590478241444], "pixel_bbox": [8575, 9917, 8704, 10080], "area_m2": 57.663}}, {"type": "Feature", "geometry": {"type": "Polygon", "coordinates": [[[76.83749947696924, 43.23453012853861], [76.83748941868544, 43.234526105225086], [76.83748740702868, 43.234524093568325], [76.83748740702868, 43.23452275246382], [76.83748472481966, 43.234520740807056], [76.83747936040163, 43.23450665920973], [76.83747936040163, 43.23449593037367], [76.83748137205839, 43.23448855429888], [76.8374840542674, 43.23448520153761], [76.83748539537191, 43.23448050767183], [76.83748740702868, 43.23447648435831], [76.83749008923769, 43.23447447270155], [76.83749008923769, 43.23447313159704], [76.83750282973051, 43.23446374386549], [76.83751288801432, 43.23446240276098], [76.83752093464136, 43.23446575552225], [76.83752495795488, 43.23447044938803], [76.83752629905939, 43.23447044938803], [76.83752629905939, 43.234471790492535], [76.8375276401639, 43.234471790492535], [76.8375276401639, 43.23447313159704], [76.83753099292517, 43.23447648435831], [76.83753300458193, 43.23448587208986], [76.83753233402967, 43.23450196534395], [76.83753099292517, 43.23450397700071], [76.8375289812684, 43.23451269418001], [76.83752026408911, 43.234522081911564], [76.83751758188009, 43.23452275246382], [76.83751624077559, 43.23452543467283], [76.83751154690981, 43.23452677577734], [76.83750819414854, 43.234529457986355], [76.83749947696924, 43.23453012853861]]]}, "properties": {"id": 742, "class": "road", "confidence": 100.0, "source": "Almaty_4", "source_model": "unet-roads", "centroid_wkt": "POINT (76.83750675584011 43.23449616874458)", "bbox": [76.83747936040163, 43.23446240276098, 76.83753300458193, 43.23453012853861], "pixel_bbox": [11859, 10007, 11939, 10108], "area_m2": 25.051}}, {"type": "Feature", "geometry": {"type": "Polygon", "coordinates": [[[76.8353295698762, 43.23447111994028], [76.83532688766718, 43.234468437731266], [76.83532554656267, 43.23446508497], [76.83532420545816, 43.234455697238445], [76.83532487601042, 43.234448321163654], [76.83532889932394, 43.23444429785013], [76.83532889932394, 43.234442956745625], [76.83533426374197, 43.2344389334321], [76.83534365147352, 43.23444027453661], [76.83534700423479, 43.234442956745625], [76.8353483453393, 43.23444563895464], [76.8353483453393, 43.23445100337267], [76.83534566313028, 43.2344563677907], [76.83534566313028, 43.23445837944746], [76.83534432202578, 43.234459049999714], [76.83534432202578, 43.23446039110422], [76.83534298092127, 43.23446039110422], [76.83534298092127, 43.23446173220873], [76.83534163981676, 43.23446173220873], [76.83534029871225, 43.23446508497], [76.83533895760775, 43.23446508497], [76.83533895760775, 43.234466426074505], [76.83533694595098, 43.23446709662676], [76.83533359318972, 43.23447111994028], [76.8353295698762, 43.23447111994028]]]}, "properties": {"id": 743, "class": "road", "confidence": 100.0, "source": "Almaty_4", "source_model": "unet-roads", "centroid_wkt": "POINT (76.83533587373486 43.234453598177176)", "bbox": [76.83532420545816, 43.2344389334321, 76.8353483453393, 43.23447111994028], "pixel_bbox": [8645, 10095, 8681, 10143], "area_m2": 5.028}}, {"type": "Feature", "geometry": {"type": "Polygon", "coordinates": [[[76.838941834867, 43.23444563895464], [76.83893110603094, 43.23444094508886], [76.83893043547869, 43.234439603984356], [76.83892909437418, 43.234439603984356], [76.83892842382193, 43.23443826287985], [76.83892574161291, 43.234437592327595], [76.8389244005084, 43.234435580670834], [76.83891702443361, 43.23443155735731], [76.8389143422246, 43.23442820459604], [76.83891031891108, 43.23442619293928], [76.83890361338854, 43.23441881686449], [76.83890227228403, 43.234416134655476], [76.83890227228403, 43.23440942913294], [76.83890361338854, 43.23440808802843], [76.83890361338854, 43.23440607637167], [76.8389069661498, 43.2344027236104], [76.8389069661498, 43.234401382505894], [76.83891233056784, 43.23439735919237], [76.83892104774714, 43.23439333587885], [76.83892842382193, 43.23439333587885], [76.83893714100122, 43.23439668864012], [76.83893982321024, 43.23439668864012], [76.83894518762827, 43.234401382505894], [76.83894921094179, 43.2344027236104], [76.83895256370306, 43.234405405819416], [76.83895658701658, 43.234414122998714], [76.83895658701658, 43.23442552238703], [76.83895524591208, 43.23442619293928], [76.83895457535982, 43.23443088680506], [76.83895256370306, 43.23443155735731], [76.83895256370306, 43.23443491011858], [76.83894921094179, 43.234442956745625], [76.83894719928503, 43.234444968402386], [76.838941834867, 43.23444563895464]]]}, "properties": {"id": 744, "class": "road", "confidence": 100.0, "source": "Almaty_4", "source_model": "unet-roads", "centroid_wkt": "POINT (76.83893156722807 43.23441725464748)", "bbox": [76.83890227228403, 43.23439333587885, 76.83895658701658, 43.23444563895464], "pixel_bbox": [13981, 10133, 14062, 10211], "area_m2": 17.82}}, {"type": "Feature", "geometry": {"type": "Polygon", "coordinates": [[[76.83370884507895, 43.23442619293928], [76.83370683342218, 43.234424851834774], [76.83370348066092, 43.234424851834774], [76.83370012789965, 43.23442216962576], [76.8336920812726, 43.234419487416744], [76.83368738740683, 43.234419487416744], [76.833674646914, 43.234416134655476], [76.83366928249598, 43.234416134655476], [76.8336558714509, 43.234410770237446], [76.83365184813738, 43.234410770237446], [76.83365050703287, 43.23441278189421], [76.83364916592836, 43.23441278189421], [76.83364849537611, 43.23441479355097], [76.8336471542716, 43.23440741747618], [76.8336471542716, 43.23437388986349], [76.83370012789965, 43.23437388986349], [76.8337095156312, 43.234375230968], [76.83370683342218, 43.23437858372927], [76.83370750397444, 43.23438059538603], [76.8337095156312, 43.234381936490536], [76.8337095156312, 43.23438327759504], [76.83371286839247, 43.23438327759504], [76.83371353894472, 43.23438461869955], [76.83371689170599, 43.23438595980406], [76.83371756225824, 43.23438797146082], [76.83371890336275, 43.23438797146082], [76.83371890336275, 43.23438931256533], [76.83372158557177, 43.23438998311758], [76.83372158557177, 43.23439132422209], [76.83372560888529, 43.23439534753561], [76.8337282910943, 43.234401382505894], [76.83373097330332, 43.23440406471491], [76.83373164385557, 43.23440942913294], [76.83373030275106, 43.23441009968519], [76.83373030275106, 43.23441546410322], [76.8337269499898, 43.23441881686449], [76.83372560888529, 43.23442216962576], [76.83372292667627, 43.23442284017801], [76.83372225612402, 43.23442418128252], [76.8337182328105, 43.23442619293928], [76.83370884507895, 43.23442619293928]]]}, "properties": {"id": 745, "class": "road", "confidence": 100.0, "source": "Almaty_4", "source_model": "unet-roads", "centroid_wkt": "POINT (76.83368812336488 43.23439783026397)", "bbox": [76.8336471542716, 43.23437388986349, 76.83373164385557, 43.23442619293928], "pixel_bbox": [6144, 10162, 6270, 10240], "area_m2": 30.573}}, {"type": "Feature", "geometry": {"type": "Polygon", "coordinates": [[[76.83751825243235, 43.23442284017801], [76.83751422911882, 43.234421499073505], [76.83750953525305, 43.23441680520773], [76.83750685304403, 43.234408758580685], [76.83750685304403, 43.2344027236104], [76.8375088647008, 43.23439937084913], [76.83751154690981, 43.23438931256533], [76.83751422911882, 43.23438595980406], [76.83751422911882, 43.2343839481473], [76.83751624077559, 43.23438059538603], [76.83751624077559, 43.23437791317701], [76.83751422911882, 43.23437724262476], [76.83751355856657, 43.234375230968], [76.83752160519361, 43.23437388986349], [76.83754306286573, 43.23437388986349], [76.83754909783602, 43.234375230968], [76.83754775673151, 43.23437724262476], [76.83754306286573, 43.23437858372927], [76.83754775673151, 43.23438797146082], [76.837546415627, 43.23440205305815], [76.8375450745225, 43.23440674692392], [76.83754373341799, 43.23440741747618], [76.83754373341799, 43.23440942913294], [76.83754239231348, 43.23441009968519], [76.83754105120897, 43.23441345244646], [76.83753971010447, 43.23441345244646], [76.83753971010447, 43.23441479355097], [76.83753702789545, 43.234416134655476], [76.83753501623869, 43.23441881686449], [76.83753300458193, 43.23441881686449], [76.83753233402967, 43.234420157969], [76.8375276401639, 43.234421499073505], [76.83752629905939, 43.23442284017801], [76.83751825243235, 43.23442284017801]]]}, "properties": {"id": 746, "class": "road", "confidence": 100.0, "source": "Almaty_4", "source_model": "unet-roads", "centroid_wkt": "POINT (76.83752789833237 43.23439720492964)", "bbox": [76.83750685304403, 43.23437388986349, 76.83754909783602, 43.23442284017801], "pixel_bbox": [11900, 10167, 11963, 10240], "area_m2": 14.35}}, {"type": "Feature", "geometry": {"type": "Polygon", "coordinates": [[[76.83165360242128, 43.23434840887785], [76.831647567451, 43.234345726668835], [76.83164555579424, 43.23434170335531], [76.83164421468973, 43.23434103280306], [76.83164421468973, 43.2343390211463], [76.83164086192846, 43.234332986176014], [76.83163952082396, 43.23431823402643], [76.83164220303297, 43.23430482298136], [76.83164421468973, 43.234300799667835], [76.83165024966002, 43.234295435249805], [76.8316576257348, 43.234293423593044], [76.83166433125734, 43.23429476469755], [76.83167237788439, 43.234300799667835], [76.8316737189889, 43.23430482298136], [76.8316750600934, 43.23430549353361], [76.83167438954115, 43.23430884629488], [76.83167640119791, 43.2343128696084], [76.83167640119791, 43.234322257339954], [76.83167438954115, 43.234327621757984], [76.8316737189889, 43.23433365672827], [76.83167103677988, 43.2343390211463], [76.83166969567537, 43.23433969169855], [76.83166902512312, 43.234342373907566], [76.83166567236185, 43.234345726668835], [76.83166231960058, 43.23434639722109], [76.83166030794382, 43.23434840887785], [76.83165360242128, 43.23434840887785]]]}, "properties": {"id": 747, "class": "road", "confidence": 100.0, "source": "Almaty_4", "source_model": "unet-roads", "centroid_wkt": "POINT (76.83165814448319 43.23432031947129)", "bbox": [76.83163952082396, 43.234293423593044, 76.83167640119791, 43.23434840887785], "pixel_bbox": [3150, 10278, 3205, 10360], "area_m2": 14.427}}, {"type": "Feature", "geometry": {"type": "Polygon", "coordinates": [[[76.83548714965582, 43.234290070831776], [76.83548379689455, 43.23428940027952], [76.8354831263423, 43.23428738862276], [76.83548178523779, 43.23428738862276], [76.83548111468554, 43.23428135365248], [76.83548379689455, 43.234279341995716], [76.8354844674468, 43.23427598923445], [76.83548782020807, 43.23427263647318], [76.83549452573061, 43.23427129536867], [76.83549720793962, 43.23427330702543], [76.83549787849188, 43.23428202420473], [76.83549452573061, 43.234285376966], [76.83549452573061, 43.23428671807051], [76.8354918435216, 43.23428738862276], [76.8354918435216, 43.23428872972727], [76.83548916131258, 43.23428872972727], [76.83548714965582, 43.234290070831776]]]}, "properties": {"id": 748, "class": "road", "confidence": 100.0, "source": "Almaty_4", "source_model": "unet-roads", "centroid_wkt": "POINT (76.83549013159691 43.2342803444064)", "bbox": [76.83548111468554, 43.23427129536867, 76.83549787849188, 43.234290070831776], "pixel_bbox": [8879, 10365, 8904, 10393], "area_m2": 1.99}}, {"type": "Feature", "geometry": {"type": "Polygon", "coordinates": [[[76.83286260813475, 43.23420222848654], [76.83285992592573, 43.23420088738203], [76.83286126703024, 43.234198205173016], [76.83285925537348, 43.23419753462076], [76.83285925537348, 43.234195522964], [76.83286461979151, 43.23419015854597], [76.83286596089602, 43.23419015854597], [76.83286596089602, 43.23418881744146], [76.83287937194109, 43.23418144136667], [76.83288540691137, 43.234180100262165], [76.83289211243391, 43.2341767475009], [76.83289278298616, 43.23417540639639], [76.83289747685194, 43.23417339473963], [76.8328994885087, 43.23417004197836], [76.83290753513575, 43.23416668921709], [76.83291289955378, 43.234167359769344], [76.8329169228673, 43.234169371426105], [76.8329169228673, 43.23417071253061], [76.83291960507631, 43.23417138308287], [76.83292027562857, 43.234172724187374], [76.83292362838984, 43.23417339473963], [76.83292765170336, 43.23417540639639], [76.83292832225561, 43.2341767475009], [76.83293100446463, 43.23417741805315], [76.83293167501688, 43.23417875915766], [76.83293703943491, 43.23418077081442], [76.83293838053942, 43.23418278247118], [76.83293972164392, 43.23418278247118], [76.83294039219618, 43.23418412357569], [76.83294374495745, 43.234185464680195], [76.83294374495745, 43.2341868057847], [76.83294508606195, 43.2341868057847], [76.83294642716646, 43.234190829098225], [76.83294910937548, 43.23419351130724], [76.83294910937548, 43.23419686406851], [76.83294575661421, 43.234198205173016], [76.83294575661421, 43.23420021682978], [76.83294709771872, 43.23420088738203], [76.83294106274843, 43.23420222848654], [76.83286260813475, 43.23420222848654]]]}, "properties": {"id": 749, "class": "road", "confidence": 100.0, "source": "Almaty_4", "source_model": "unet-roads", "centroid_wkt": "POINT (76.83290653012365 43.23418870337795)", "bbox": [76.83285925537348, 43.23416668921709, 76.83294910937548, 43.23420222848654], "pixel_bbox": [4969, 10496, 5103, 10549], "area_m2": 18.889}}, {"type": "Feature", "geometry": {"type": "Polygon", "coordinates": [[[76.83330316096544, 43.23417741805315], [76.83330249041319, 43.23417607694864], [76.83329042047262, 43.2341767475009], [76.83328438550234, 43.234174735844135], [76.83327969163656, 43.23417205363512], [76.8332776799798, 43.234169371426105], [76.8332763388753, 43.234169371426105], [76.8332763388753, 43.23416534811258], [76.83327902108431, 43.23416333645582], [76.83327902108431, 43.234161995351315], [76.83328036218882, 43.234161995351315], [76.83328170329332, 43.2341593131423], [76.83328438550234, 43.23415998369455], [76.83329176157713, 43.234156630933285], [76.83330450206995, 43.234156630933285], [76.83330718427896, 43.234158642590046], [76.83331053704023, 43.234158642590046], [76.83331456035376, 43.234161995351315], [76.83331590145826, 43.23416668921709], [76.83331523090601, 43.23417004197836], [76.8333138898015, 43.23417004197836], [76.83331120759249, 43.234172724187374], [76.83331120759249, 43.23417406529188], [76.83330316096544, 43.23417741805315]]]}, "properties": {"id": 750, "class": "road", "confidence": 100.0, "source": "Almaty_4", "source_model": "unet-roads", "centroid_wkt": "POINT (76.83329693666323 43.23416639559318)", "bbox": [76.8332763388753, 43.234156630933285, 76.83331590145826, 43.23417741805315], "pixel_bbox": [5591, 10533, 5650, 10564], "area_m2": 5.618}}, {"type": "Feature", "geometry": {"type": "Polygon", "coordinates": [[[76.83381613343954, 43.23417741805315], [76.83381479233503, 43.23417406529188], [76.83380875736475, 43.23417607694864], [76.83380473405123, 43.23417406529188], [76.83380473405123, 43.234172724187374], [76.8337993696332, 43.23416870087385], [76.8337993696332, 43.23416668921709], [76.83379802852869, 43.23416601866484], [76.83379668742418, 43.234161995351315], [76.83379668742418, 43.234158642590046], [76.83379400521517, 43.23415528982878], [76.8337919935584, 43.234149254858494], [76.8337919935584, 43.23413785547018], [76.83379467576742, 43.23413249105215], [76.83380138128996, 43.23412578552961], [76.83381412178278, 43.23412511497736], [76.83381881564856, 43.234122432768345], [76.83381881564856, 43.2341767475009], [76.83381613343954, 43.23417741805315]]]}, "properties": {"id": 751, "class": "road", "confidence": 100.0, "source": "Almaty_4", "source_model": "unet-roads", "centroid_wkt": "POINT (76.83380751858009 43.23414871450568)", "bbox": [76.8337919935584, 43.234122432768345, 76.83381881564856, 43.23417741805315], "pixel_bbox": [6360, 10533, 6400, 10615], "area_m2": 10.378}}, {"type": "Feature", "geometry": {"type": "Polygon", "coordinates": [[[76.83175552636385, 43.23417138308287], [76.83174077421427, 43.23417071253061], [76.83173608034849, 43.2341680303216], [76.83173473924398, 43.23416601866484], [76.83173339813948, 43.23416601866484], [76.83173339813948, 43.23416467756033], [76.8317287042737, 43.2341593131423], [76.8317287042737, 43.23415193706751], [76.83173540979624, 43.23413383215666], [76.83173608034849, 43.23412377387285], [76.8317387625575, 43.23411840945482], [76.83174479752779, 43.23411304503679], [76.83174680918455, 43.23411304503679], [76.83175016194582, 43.23411036282778], [76.83175686746836, 43.23410902172327], [76.83175820857286, 43.23410768061876], [76.8317649140954, 43.23410902172327], [76.83176759630442, 43.23411036282778], [76.83176826685667, 43.23411237448454], [76.83177027851343, 43.23411304503679], [76.83177027851343, 43.2341143861413], [76.83177161961794, 43.234115056693554], [76.83177296072245, 43.23412176221609], [76.83177698403597, 43.2341318204999], [76.83178503066301, 43.234140537679195], [76.83178704231977, 43.23414858430624], [76.83178637176752, 43.23415730148554], [76.83178301900625, 43.234158642590046], [76.831782348454, 43.23416065424681], [76.83178033679724, 43.23416132479906], [76.83177832514048, 43.234164007008076], [76.83177296072245, 43.23416668921709], [76.83176893740892, 43.234167359769344], [76.83176759630442, 43.23416870087385], [76.83176089078188, 43.234169371426105], [76.83175954967737, 43.23417071253061], [76.83175552636385, 43.23417138308287]]]}, "properties": {"id": 752, "class": "road", "confidence": 100.0, "source": "Almaty_4", "source_model": "unet-roads", "centroid_wkt": "POINT (76.83175714885242 43.23414225459661)", "bbox": [76.8317287042737, 43.23410768061876, 76.83178704231977, 43.23417138308287], "pixel_bbox": [3283, 10542, 3370, 10637], "area_m2": 24.075}}, {"type": "Feature", "geometry": {"type": "Polygon", "coordinates": [[[76.83515924960375, 43.23405336588621], [76.83514852076769, 43.2340506836772], [76.83514650911093, 43.234048672020435], [76.83514382690191, 43.23404800146818], [76.83514315634966, 43.23404598981142], [76.83513913303614, 43.2340419664979], [76.83513846248388, 43.23403391987085], [76.83513712137938, 43.23403391987085], [76.83513645082712, 43.23403190821409], [76.8351411446929, 43.234030567109585], [76.83519210666418, 43.234030567109585], [76.83519210666418, 43.23405336588621], [76.83517802506685, 43.234052024781704], [76.83515924960375, 43.23405336588621]]]}, "properties": {"id": 753, "class": "road", "confidence": 100.0, "source": "Almaty_4", "source_model": "unet-roads", "centroid_wkt": "POINT (76.83516700826922 43.23404079815232)", "bbox": [76.83513645082712, 43.234030567109585, 76.83519210666418, 43.23405336588621], "pixel_bbox": [8365, 10718, 8448, 10752], "area_m2": 10.073}}, {"type": "Feature", "geometry": {"type": "Polygon", "coordinates": [[[76.83522898703814, 43.234054036438465], [76.83521959930658, 43.2340506836772], [76.83521892875433, 43.23404934257269], [76.83520954102278, 43.23404397815466], [76.83520551770926, 43.23403861373663], [76.83520551770926, 43.234035931527615], [76.83520752936602, 43.23403526097536], [76.83520685881376, 43.234032578766346], [76.83520283550024, 43.23403190821409], [76.83520819991827, 43.23403190821409], [76.83521021157503, 43.234030567109585], [76.83528263121843, 43.234030567109585], [76.83530140668154, 43.23403190821409], [76.83530006557703, 43.23403391987085], [76.83529604226351, 43.23403459042311], [76.83529604226351, 43.234035931527615], [76.83529134839773, 43.23403727263212], [76.83529134839773, 43.23403861373663], [76.83529537171125, 43.23403995484114], [76.83529403060675, 43.23404263705015], [76.83529201894999, 43.234043307602406], [76.83528397232294, 43.23404263705015], [76.83528263121843, 43.23404531925917], [76.83527994900942, 43.234046660363674], [76.83525580912828, 43.23405001312494], [76.83524373918772, 43.234054036438465], [76.83522898703814, 43.234054036438465]]]}, "properties": {"id": 754, "class": "road", "confidence": 100.0, "source": "Almaty_4", "source_model": "unet-roads", "centroid_wkt": "POINT (76.83524892044821 43.23403985818662)", "bbox": [76.83520283550024, 43.234030567109585, 76.83530140668154, 43.234054036438465], "pixel_bbox": [8464, 10717, 8611, 10752], "area_m2": 14.742}}, {"type": "Feature", "geometry": {"type": "Polygon", "coordinates": [[[76.83227520436049, 43.23410768061876], [76.83227386325598, 43.234095610678196], [76.83227319270372, 43.23403995484114], [76.83227185159922, 43.23403995484114], [76.83227118104696, 43.23404263705015], [76.8322691693902, 43.23404464870691], [76.83226246386766, 43.23404531925917], [76.83225307613611, 43.23405001312494], [76.83224637061357, 43.23405001312494], [76.83224368840456, 43.234048672020435], [76.83224100619555, 43.23404531925917], [76.83224100619555, 43.234032578766346], [76.83224435895681, 43.234030567109585], [76.832231618464, 43.23402989655733], [76.83223363012075, 43.23402989655733], [76.83223363012075, 43.23402654379606], [76.83223228901625, 43.234025202691555], [76.8322329595685, 43.234023191034794], [76.83223497122526, 43.23402117937803], [76.83223631232977, 43.23402117937803], [76.83223631232977, 43.234019838273525], [76.83224368840456, 43.23401313275099], [76.83224905282259, 43.23401045054197], [76.83225240558386, 43.23401045054197], [76.83225978165865, 43.23400642722845], [76.83226514607668, 43.2340057566762], [76.83226983994246, 43.23400307446718], [76.83227118104696, 43.23400441557169], [76.83227386325598, 43.23400307446718], [76.83227386325598, 43.23393736034632], [76.83227453380823, 43.23393065482378], [76.83227587491274, 43.233929984271526], [76.83228123933077, 43.23393400758505], [76.83229263871908, 43.23393601924181], [76.83229397982359, 43.23393803089857], [76.83229800313711, 43.23394004255533], [76.83230269700289, 43.233946077525616], [76.83230470865965, 43.23395412415266], [76.83230672031641, 43.23395814746618], [76.83230806142092, 43.233958818018436], [76.83230873197317, 43.233962170779705], [76.83231074362993, 43.233964182436466], [76.83231208473444, 43.23396820574999], [76.83231342583895, 43.23396887630224], [76.83231476694345, 43.233974911272526], [76.83231879025698, 43.2339796051383], [76.83232147246599, 43.23398698121309], [76.8323228135705, 43.23398698121309], [76.8323228135705, 43.2339883223176], [76.83232482522726, 43.23398966342211], [76.83232683688402, 43.23399368673563], [76.83232683688402, 43.233996368944645], [76.83232817798853, 43.233998380601406], [76.83232750743628, 43.23400240391493], [76.83232884854078, 43.23402117937803], [76.83232750743628, 43.23402587324381], [76.83232549577951, 43.234028555452824], [76.832324154675, 43.234028555452824], [76.832324154675, 43.23402989655733], [76.83233086019754, 43.234030567109585], [76.83233086019754, 43.23403459042311], [76.83232549577951, 43.23405873030424], [76.832324154675, 43.234059400856495], [76.83232147246599, 43.23406744748354], [76.83231610804796, 43.23407348245382], [76.83231342583895, 43.234080858528614], [76.83230806142092, 43.2340868934989], [76.83230336755514, 43.2340969517827], [76.83230135589838, 43.23409762233496], [76.83230135589838, 43.234098963439465], [76.83229196816683, 43.23410701006651], [76.83228459209204, 43.23410768061876], [76.83228325098753, 43.234105668962], [76.8322778865695, 43.234104327857494], [76.83227520436049, 43.23410768061876]]]}, "properties": {"id": 755, "class": "road", "confidence": 100.0, "source": "Almaty_4", "source_model": "unet-roads", "centroid_wkt": "POINT (76.83229103273992 43.234022434430926)", "bbox": [76.832231618464, 43.233929984271526, 76.83233086019754, 43.23410768061876], "pixel_bbox": [4033, 10637, 4181, 10902], "area_m2": 79.701}}, {"type": "Feature", "geometry": {"type": "Polygon", "coordinates": [[[76.83540064841509, 43.23430147022009], [76.83539260178804, 43.23429945856333], [76.83539193123579, 43.23429811745882], [76.83538656681776, 43.234295435249805], [76.83537919074297, 43.23428872972727], [76.83537852019072, 43.23428604751825], [76.83537650853395, 43.23428403586149], [76.83537516742945, 43.23428403586149], [76.83537516742945, 43.234282694756985], [76.83537248522043, 43.23428068310022], [76.83537181466818, 43.23427867144346], [76.83536846190691, 43.23427800089121], [76.8353671208024, 43.23428135365248], [76.8353657796979, 43.23428001254797], [76.8353657796979, 43.23428202420473], [76.83536443859339, 43.234279341995716], [76.83536510914564, 43.23426526039839], [76.83536645025015, 43.234266601502895], [76.8353671208024, 43.234264589846134], [76.83536779135466, 43.23426727205515], [76.83536913245916, 43.2342679426074], [76.83536913245916, 43.23426391929388], [76.83537114411592, 43.23426257818937], [76.83537114411592, 43.234259225428104], [76.83536980301142, 43.23425855487585], [76.83536846190691, 43.23425453156233], [76.83536980301142, 43.234246484935284], [76.83536913245916, 43.23423910886049], [76.83537047356367, 43.23423374444246], [76.83536913245916, 43.23422770947218], [76.8353671208024, 43.23422770947218], [76.8353671208024, 43.23422636836767], [76.83536443859339, 43.23422435671091], [76.83536376804113, 43.23420759290457], [76.83536443859339, 43.23420558124781], [76.83536645025015, 43.23420491069555], [76.83536645025015, 43.23420289903879], [76.83536510914564, 43.23420222848654], [76.83537315577269, 43.234201557934284], [76.83537315577269, 43.23420021682978], [76.83537181466818, 43.23419954627752], [76.83537181466818, 43.234192840754986], [76.83537382632494, 43.2341868057847], [76.83537382632494, 43.234178088605404], [76.8353758379817, 43.23417071253061], [76.8353758379817, 43.2341593131423], [76.83537852019072, 43.23415193706751], [76.83538120239973, 43.23413651436567], [76.835384555161, 43.23408957570791], [76.8353858962655, 43.2340868934989], [76.8353858962655, 43.23408018797636], [76.83538723737001, 43.23407683521509], [76.83538723737001, 43.23406744748354], [76.83538522571325, 43.234061412513256], [76.835384555161, 43.23405336588621], [76.83538254350424, 43.23404598981142], [76.835384555161, 43.23403459042311], [76.83538254350424, 43.2340332493186], [76.83538254350424, 43.23403190821409], [76.83538723737001, 43.234030567109585], [76.83540601283312, 43.234030567109585], [76.83540735393763, 43.23402922600508], [76.83540869504213, 43.23402117937803], [76.83541271835566, 43.23401380330324], [76.83541338890791, 43.23400843888521], [76.83541540056467, 43.23400441557169], [76.83541674166918, 43.234003745019436], [76.83541741222143, 43.23400039225817], [76.83542143553495, 43.23399502784014], [76.83542210608721, 43.23399234563112], [76.83542747050524, 43.23398631066084], [76.83543283492327, 43.23397558182478], [76.83543417602777, 43.233974911272526], [76.83543886989355, 43.233958818018436], [76.83543886989355, 43.23394741863012], [76.83544088155031, 43.23394205421209], [76.83544155210257, 43.23392931371927], [76.83544624596834, 43.23391120880842], [76.8354469165206, 43.23390316218138], [76.83545161038637, 43.233893774449825], [76.83545228093863, 43.23388908058405], [76.8354569748044, 43.233877681195736], [76.83545965701342, 43.233864940702915], [76.83546233922243, 43.23386024683714], [76.83546166867018, 43.23385890573263], [76.8354656919837, 43.23385823518038], [76.83546703308821, 43.23385689407587], [76.83546971529722, 43.23385689407587], [76.83547105640173, 43.23385823518038], [76.83548245579004, 43.23385890573263], [76.83550257235765, 43.23385890573263], [76.83550391346216, 43.23386024683714], [76.83550659567118, 43.23386024683714], [76.83550391346216, 43.23386091738939], [76.83550391346216, 43.233864940702915], [76.83550525456667, 43.233864940702915], [76.83550659567118, 43.233866952359676], [76.83550994843245, 43.23386762291193], [76.8355119600892, 43.233870305120945], [76.83551330119371, 43.233870305120945], [76.83551330119371, 43.23387164622545], [76.83551866561174, 43.23387432843447], [76.83552470058203, 43.233881033957005], [76.83552671223879, 43.233881033957005], [76.83553140610456, 43.23388572782278], [76.83553341776133, 43.233886398375034], [76.83553408831358, 43.23388505727053], [76.83553542941809, 43.23388505727053], [76.83553542941809, 43.23393199592829], [76.83553744107485, 43.233935348689556], [76.83554548770189, 43.23393937200308], [76.83554884046316, 43.233946077525616], [76.83554816991091, 43.23395613580942], [76.83554615825415, 43.233956806361675], [76.83554548770189, 43.23395948857069], [76.83554347604513, 43.233960159122944], [76.83554213494062, 43.23396284133196], [76.8355367705226, 43.23396686464548], [76.83553542941809, 43.23397021740675], [76.83553542941809, 43.234030567109585], [76.83552872389555, 43.23403123766184], [76.83553006500006, 43.23403190821409], [76.83553006500006, 43.23403459042311], [76.83553207665682, 43.23403727263212], [76.83553274720907, 43.23404464870691], [76.83553475886583, 43.23404397815466], [76.83553542941809, 43.23404733091593], [76.83553475886583, 43.234056048095226], [76.83553341776133, 43.234056048095226], [76.83553274720907, 43.23405269533396], [76.8355293944478, 43.23407348245382], [76.8355293944478, 43.234093599021435], [76.83553073555231, 43.234098963439465], [76.83553207665682, 43.234098963439465], [76.83553207665682, 43.23410030454397], [76.83553408831358, 43.234100975096226], [76.83553542941809, 43.2340969517827], [76.83553542941809, 43.23420222848654], [76.83552268892527, 43.23420222848654], [76.83552537113428, 43.23420289903879], [76.83552403002977, 43.2342042401433], [76.83551598340273, 43.2342042401433], [76.83551531285048, 43.23420289903879], [76.83551732450724, 43.23420222848654], [76.83549921959639, 43.23420222848654], [76.8354918435216, 43.234203569591045], [76.83550458401442, 43.2342042401433], [76.83548983186483, 43.2342042401433], [76.83548647910357, 43.234212286770344], [76.8354844674468, 43.234212286770344], [76.83548379689455, 43.234214298427105], [76.83548245579004, 43.234214298427105], [76.83548044413328, 43.23421698063612], [76.8354757502675, 43.234219662845135], [76.83547105640173, 43.234225027263165], [76.83546703308821, 43.23423307389021], [76.8354656919837, 43.23423307389021], [76.83546166867018, 43.23423709720373], [76.83546166867018, 43.23423843830824], [76.8354569748044, 43.234241120517254], [76.83544892817736, 43.23424983769655], [76.83544892817736, 43.23425117880106], [76.83544423431158, 43.23425453156233], [76.83544356375933, 43.23425721377134], [76.8354395404458, 43.23426190763712], [76.83543752878904, 43.23426861315966], [76.83543618768454, 43.23426928371191], [76.83543618768454, 43.23427129536867], [76.83543417602777, 43.23427330702543], [76.83543283492327, 43.234277330338955], [76.83543149381876, 43.23427800089121], [76.83542881160975, 43.23428336530924], [76.83542277663946, 43.23428940027952], [76.83542277663946, 43.23429074138403], [76.83542009443045, 43.23429275304079], [76.83542009443045, 43.2342940941453], [76.83541405946016, 43.23429945856333], [76.83540064841509, 43.23430147022009]]]}, "properties": {"id": 756, "class": "road", "confidence": 100.0, "source": "Almaty_4", "source_model": "unet-roads", "centroid_wkt": "POINT (76.83545985024281 43.23408382380879)", "bbox": [76.83536376804113, 43.23385689407587, 76.83554884046316, 43.23430147022009], "pixel_bbox": [8704, 10348, 8980, 11011], "area_m2": 459.122}}, {"type": "Feature", "geometry": {"type": "Polygon", "coordinates": [[[76.83181252330542, 43.2347172126174], [76.83181051164865, 43.23471453040838], [76.83180917054415, 43.23471453040838], [76.8318084999919, 43.23470916599035], [76.83180715888739, 43.234707824885845], [76.83180715888739, 43.23470514267683], [76.83180380612612, 43.23469776660204], [76.83179374784231, 43.234686367213726], [76.83179039508104, 43.23467966169119], [76.83178905397654, 43.234671615064144], [76.83178972452879, 43.2346635684371], [76.83178838342428, 43.23465686291456], [76.83178905397654, 43.23464881628752], [76.83178838342428, 43.234644792973995], [76.83178704231977, 43.23464345186949], [76.83178436011076, 43.23463540524244], [76.83177966624498, 43.23463071137667], [76.83177564293146, 43.234628699719906], [76.83175954967737, 43.23462534695864], [76.83175820857286, 43.23464345186949], [76.83175820857286, 43.23464076966047], [76.83175686746836, 43.23464009910822], [76.83175552636385, 43.23464144021273], [76.8317461386323, 43.23464076966047], [76.83174144476652, 43.23463875800371], [76.83173675090075, 43.23463473469019], [76.83173406869173, 43.234634064137936], [76.83173138648272, 43.23463071137667], [76.83172937482595, 43.23462467640638], [76.83173004537821, 43.234619311988354], [76.83173272758722, 43.234613947570324], [76.83173406869173, 43.23461327701807], [76.83173473924398, 43.234610594809055], [76.83173608034849, 43.2346099242568], [76.83174144476652, 43.23459718376398], [76.83174345642328, 43.23458578437567], [76.83174345642328, 43.23457572609186], [76.83174077421427, 43.23456767946482], [76.83174077421427, 43.23456231504679], [76.83174278587103, 43.234558291733265], [76.83174680918455, 43.234556280076504], [76.83175150305033, 43.23455158621073], [76.83175418525934, 43.234550915658474], [76.8317548558116, 43.23454957455397], [76.83175686746836, 43.23454957455397], [76.83175887912512, 43.234547562897205], [76.83175887912512, 43.234545551240444], [76.8317924067378, 43.23454488068819], [76.83179173618555, 43.23454085737467], [76.83179575949907, 43.2345287874341], [76.83180246502161, 43.23451537638903], [76.83180648833513, 43.23451068252325], [76.83180648833513, 43.234508000314236], [76.83180917054415, 43.234502635896206], [76.83180782943964, 43.23449391871691], [76.83180246502161, 43.23448654264212], [76.8318011239171, 43.23448654264212], [76.83179911226034, 43.234484530985355], [76.83178167790174, 43.23448050767183], [76.83177631348372, 43.23447782546282], [76.83177229017019, 43.234473802149296], [76.83176759630442, 43.23446508497], [76.83176625519991, 43.23445770889521], [76.83176893740892, 43.2344563677907], [76.83177229017019, 43.23445234447718], [76.83177631348372, 43.23445100337267], [76.83177765458822, 43.23444899171591], [76.831782348454, 43.23444698005915], [76.831782348454, 43.23444563895464], [76.8317836895585, 43.23444563895464], [76.83178503066301, 43.23444362729788], [76.83178637176752, 43.23444362729788], [76.83178972452879, 43.23444027453661], [76.83179508894682, 43.234437592327595], [76.83179844170809, 43.234434239566326], [76.83179844170809, 43.23443289846182], [76.83180045336485, 43.234432227909565], [76.8318011239171, 43.23442954570055], [76.83180447667837, 43.23442619293928], [76.83180581778288, 43.23442619293928], [76.83180648833513, 43.23442284017801], [76.83180917054415, 43.23442082852125], [76.83180917054415, 43.234419487416744], [76.83181185275316, 43.23441814631224], [76.83181185275316, 43.23441680520773], [76.83181587606668, 43.23441345244646], [76.83181721717119, 43.234410770237446], [76.83182056993246, 43.23440942913294], [76.83182526379824, 43.23440473526716], [76.83182794600725, 43.23440406471491], [76.8318286165595, 43.2344027236104], [76.83183666318655, 43.23439937084913], [76.8318373337388, 43.234398029744625], [76.83184403926134, 43.23439467698336], [76.8318460509181, 43.23439199477434], [76.83185208588839, 43.23438864201307], [76.83186080306768, 43.234379924833775], [76.8318634852767, 43.234375230968], [76.8318648263812, 43.234375230968], [76.8318648263812, 43.23437388986349], [76.83184135705233, 43.23437388986349], [76.83184001594782, 43.23437321931124], [76.83184001594782, 43.234371207654476], [76.83183867484331, 43.23436986654997], [76.83183867484331, 43.234363831579685], [76.83184403926134, 43.23435444384813], [76.8318460509181, 43.23434103280306], [76.83184940367937, 43.234329633414745], [76.83185208588839, 43.23432628065348], [76.83185409754515, 43.23432091623545], [76.83185543864965, 43.23432024568319], [76.83185677975416, 43.23431622236967], [76.83185812085867, 43.23431555181742], [76.83185812085867, 43.234313540160656], [76.83185946196318, 43.2343128696084], [76.83186281472445, 43.23430147022009], [76.83186281472445, 43.23429141193628], [76.83186147361994, 43.234288059175014], [76.83186147361994, 43.23428336530924], [76.83186013251543, 43.23428135365248], [76.83186013251543, 43.234271965920925], [76.83186147361994, 43.234255872666836], [76.83186616748571, 43.23423910886049], [76.83186616748571, 43.234227038919926], [76.8318648263812, 43.23422234505415], [76.83186281472445, 43.234219662845135], [76.83186281472445, 43.23420625180006], [76.83186080306768, 43.23420491069555], [76.83186080306768, 43.234203569591045], [76.83186549693346, 43.23420222848654], [76.8318909779191, 43.234201557934284], [76.83189164847136, 43.234192840754986], [76.83190573006868, 43.23417205363512], [76.83190707117319, 43.234167359769344], [76.83190707117319, 43.23415596038103], [76.83190573006868, 43.23415260761976], [76.83190573006868, 43.23414657264948], [76.83190304785967, 43.23413651436567], [76.83190304785967, 43.2341318204999], [76.83190170675516, 43.23412913829088], [76.83190237730742, 43.23411103338003], [76.83190371841192, 43.23410231620073], [76.83190505951643, 43.23409963399172], [76.83190505951643, 43.234090246260166], [76.83190640062094, 43.2340868934989], [76.83190505951643, 43.23406275361776], [76.83190774172544, 43.23405537754297], [76.83191511780024, 43.23404800146818], [76.83191645890474, 43.23404800146818], [76.83192048221827, 43.23404397815466], [76.83192383497953, 43.234043307602406], [76.8319258466363, 43.23404062539339], [76.83192986994982, 43.23403861373663], [76.83193054050207, 43.234023191034794], [76.83193188160658, 43.23402050882578], [76.83193322271109, 43.23402117937803], [76.83193322271109, 43.23401916772127], [76.83193523436785, 43.23401849716902], [76.83193724602461, 43.23401514440775], [76.83194193989038, 43.23401380330324], [76.83194261044264, 43.234012462198734], [76.83194797486067, 43.23400977998972], [76.8319546803832, 43.23400307446718], [76.8319546803832, 43.234001733362675], [76.831962056458, 43.233993016183376], [76.83196540921926, 43.23398631066084], [76.8319707736373, 43.23397021740675], [76.83197144418955, 43.23396284133196], [76.83197412639856, 43.23395412415266], [76.83197412639856, 43.23394875973463], [76.83197613805532, 43.23394473642111], [76.83197680860758, 43.233938701450825], [76.8319808319211, 43.233925960958004], [76.83198351413012, 43.23391254991293], [76.83198418468237, 43.23390316218138], [76.83198753744364, 43.23389444500208], [76.83198753744364, 43.233875669538975], [76.83198887854815, 43.23386963456869], [76.83199223130941, 43.23386427015066], [76.83199223130941, 43.2338622584939], [76.83199021965265, 43.23386024683714], [76.83199491351843, 43.23385890573263], [76.83202642947435, 43.23385890573263], [76.83202777057886, 43.23385823518038], [76.83202911168337, 43.233854211866856], [76.83203514665365, 43.23385085910559], [76.8320358172059, 43.23384951800108], [76.83205123990774, 43.23384415358305], [76.83210220187902, 43.23384415358305], [76.83210220187902, 43.23390584439039], [76.83210287243128, 43.233915232121944], [76.83210421353579, 43.23391657322645], [76.83210354298353, 43.23392193764448], [76.83210622519255, 43.2339246198535], [76.83210622519255, 43.23393266648054], [76.83210287243128, 43.23394004255533], [76.83210287243128, 43.233944065868855], [76.83210019022226, 43.233946077525616], [76.83209616690874, 43.233956806361675], [76.83209616690874, 43.233970887959], [76.83209415525198, 43.23397558182478], [76.83209415525198, 43.23398228734732], [76.83209616690874, 43.233988992869854], [76.8320981785655, 43.233988992869854], [76.83210019022226, 43.233993016183376], [76.83210153132677, 43.233993016183376], [76.83210220187902, 43.233991004526615], [76.83210220187902, 43.23399502784014], [76.83210488408804, 43.233996368944645], [76.83214779943228, 43.23399502784014], [76.83215785771608, 43.23399569839239], [76.83216590434313, 43.233998380601406], [76.83216724544764, 43.23399972170591], [76.83217126876116, 43.23400039225817], [76.83217193931341, 43.234001733362675], [76.83217395097017, 43.234001733362675], [76.83217462152243, 43.23400307446718], [76.83218132704496, 43.23400642722845], [76.83218333870173, 43.234009109437466], [76.83218467980623, 43.234009109437466], [76.83218535035849, 43.23401112109423], [76.83219071477652, 43.23401514440775], [76.83219071477652, 43.23401715606451], [76.83219272643328, 43.234017826616764], [76.83219339698553, 43.2340245321393], [76.83219272643328, 43.23402587324381], [76.83219071477652, 43.23402587324381], [76.83219205588102, 43.23402654379606], [76.83219004422426, 43.234027214348316], [76.83219071477652, 43.234028555452824], [76.8321880325675, 43.234028555452824], [76.83219071477652, 43.23402922600508], [76.83219004422426, 43.234030567109585], [76.83210756629705, 43.234030567109585], [76.83210354298353, 43.234025202691555], [76.83210220187902, 43.23402587324381], [76.83210220187902, 43.23402788490057], [76.83210019022226, 43.234027214348316], [76.83210019022226, 43.23402587324381], [76.83209348469973, 43.23402587324381], [76.83209281414747, 43.234027214348316], [76.83209080249071, 43.234027214348316], [76.83209281414747, 43.234028555452824], [76.83208879083395, 43.234028555452824], [76.8320894613862, 43.23402989655733], [76.83208744972944, 43.234030567109585], [76.8320720270276, 43.234030567109585], [76.83207269757986, 43.234032578766346], [76.8320706859231, 43.23403459042311], [76.83206934481859, 43.2340419664979], [76.83206465095282, 43.234046660363674], [76.83206465095282, 43.23404800146818], [76.83204922825098, 43.23406275361776], [76.83204922825098, 43.23406409472227], [76.83204520493746, 43.23406878858805], [76.83204520493746, 43.23407080024481], [76.83204386383295, 43.23407147079706], [76.83204051107168, 43.23407951742411], [76.83203984051943, 43.234086222946644], [76.83203782886267, 43.234090246260166], [76.83203715831041, 43.23409829288721], [76.8320358172059, 43.23410030454397], [76.8320344761014, 43.23410701006651], [76.83203313499689, 43.23410835117102], [76.83203246444464, 43.234120421111584], [76.83203112334013, 43.234122432768345], [76.83202978223562, 43.23413047939539], [76.83203045278788, 43.23414523154497], [76.83203179389238, 43.234151266515255], [76.83203179389238, 43.234164007008076], [76.83203313499689, 43.23417004197836], [76.83203112334013, 43.234187476336956], [76.83202911168337, 43.234192840754986], [76.83202911168337, 43.234196193516254], [76.83202777057886, 43.234198205173016], [76.83202844113111, 43.23420021682978], [76.83202642947435, 43.23420088738203], [76.83202710002661, 43.23420222848654], [76.83201435953379, 43.23420289903879], [76.83201435953379, 43.234217651188374], [76.8320157006383, 43.2342230156064], [76.83202039450407, 43.234227038919926], [76.8320257589221, 43.23422905057669], [76.83204855769873, 43.23422972112894], [76.83205660432577, 43.234232403337955], [76.8320606276393, 43.23423508554697], [76.83207001537085, 43.23423508554697], [76.83207672089338, 43.234232403337955], [76.83207739144564, 43.23423106223345], [76.83208007365465, 43.234230391681194], [76.83208208531141, 43.23422770947218], [76.83208342641592, 43.23422770947218], [76.83208610862494, 43.2342230156064], [76.83208879083395, 43.234221674501896], [76.83208879083395, 43.234219662845135], [76.83209147304296, 43.234216310083866], [76.83209147304296, 43.234214298427105], [76.83209281414747, 43.2342129573226], [76.83209281414747, 43.234210945665836], [76.832096837461, 43.23420222848654], [76.83210220187902, 43.23420222848654], [76.83210220187902, 43.234187476336956], [76.83210488408804, 43.23418613523245], [76.83210488408804, 43.23418479412794], [76.83211628347635, 43.23417406529188], [76.83211829513311, 43.23417004197836], [76.83212231844664, 43.23416668921709], [76.83212500065565, 43.23416132479906], [76.83213572949171, 43.234150595963], [76.83213572949171, 43.23414858430624], [76.83214042335749, 43.234143890440464], [76.83214042335749, 43.23414254933596], [76.83214377611876, 43.234140537679195], [76.83214846998453, 43.234140537679195], [76.83215316385031, 43.234143890440464], [76.83215517550707, 43.23415193706751], [76.83215651661158, 43.23415260761976], [76.83215785771608, 43.23415998369455], [76.83216121047735, 43.23416534811258], [76.8321618810296, 43.23417071253061], [76.83216322213411, 43.23417205363512], [76.83216322213411, 43.23417607694864], [76.83216456323862, 43.23417741805315], [76.83216456323862, 43.234180100262165], [76.83216657489538, 43.23418479412794], [76.83216657489538, 43.234201557934284], [76.83217529207468, 43.23420222848654], [76.83217596262693, 43.23420625180006], [76.83217462152243, 43.23421161621809], [76.83217328041792, 43.2342129573226], [76.83217328041792, 43.23421563953161], [76.8321692571044, 43.2342230156064], [76.83216590434313, 43.23423374444246], [76.83216389268637, 43.234235756099224], [76.8321605399251, 43.23424581438303], [76.83215919882059, 43.234246484935284], [76.83215785771608, 43.23425184935331], [76.83215584605932, 43.234253861010075], [76.83215584605932, 43.23425654321909], [76.83215115219355, 43.234264589846134], [76.83215115219355, 43.234269954264164], [76.83214914053679, 43.23427800089121], [76.83214712888002, 43.23428135365248], [76.83214712888002, 43.23428403586149], [76.83214578777552, 43.234284706413746], [76.83214511722326, 43.23428738862276], [76.832141764462, 43.234290070831776], [76.832141764462, 43.234293423593044], [76.83214042335749, 43.234293423593044], [76.83213774114847, 43.234298788011074], [76.83213371783495, 43.23431018739939], [76.8321330472827, 43.23433432728052], [76.83213103562593, 43.2343390211463], [76.83213103562593, 43.23434170335531], [76.83212969452143, 43.23434304445982], [76.83213103562593, 43.23435980826616], [76.8321330472827, 43.23436249047518], [76.83213371783495, 43.23436852544546], [76.8321330472827, 43.23436986654997], [76.83213170617819, 43.23436986654997], [76.83213237673044, 43.234372548758984], [76.83212969452143, 43.23437388986349], [76.83210220187902, 43.23437388986349], [76.83210220187902, 43.23437187820673], [76.83209951967001, 43.234369195997715], [76.83209884911776, 43.23437388986349], [76.83207605034113, 43.234374560415745], [76.83207873255014, 43.23437590152025], [76.83207806199789, 43.23437791317701], [76.83207672089338, 43.23437791317701], [76.83207739144564, 43.23438059538603], [76.83207537978888, 43.23438864201307], [76.83207403868437, 43.23438931256533], [76.83207269757986, 43.234401382505894], [76.83207001537085, 43.23440808802843], [76.83206934481859, 43.234419487416744], [76.83206800371408, 43.23442216962576], [76.83206733316183, 43.23442954570055], [76.83205459266901, 43.234466426074505], [76.83204118162394, 43.23447983711958], [76.83202106505632, 43.234489895403385], [76.83202039450407, 43.23449123650789], [76.8320170417428, 43.2344925776124], [76.83201167732477, 43.234498612582684], [76.83201033622026, 43.234502635896206], [76.83200966566801, 43.23451269418001], [76.8320170417428, 43.234529457986355], [76.83201771229506, 43.23453951627016], [76.8320157006383, 43.23454353958368], [76.83201637119055, 43.234545551240444], [76.83201100677252, 43.234550915658474], [76.8320083245635, 43.23455560952425], [76.832006983459, 43.23455560952425], [76.83200497180223, 43.234558291733265], [76.8319982662797, 43.23456164449453], [76.83199625462294, 43.23456432670355], [76.83199223130941, 43.23456633836031], [76.83199223130941, 43.23456767946482], [76.8319895491004, 43.23456835001707], [76.83198887854815, 43.23457036167383], [76.83198753744364, 43.23457036167383], [76.83198485523462, 43.23457304388285], [76.83198351413012, 43.23457706719637], [76.8319808319211, 43.23457907885313], [76.83197814971209, 43.234583772718906], [76.83197546750307, 43.234585113823414], [76.83197479695082, 43.23458779603243], [76.83196742087603, 43.23459181934595], [76.83196272701025, 43.234592489898205], [76.83195870369673, 43.23459584265947], [76.83195736259222, 43.23459584265947], [76.83195266872644, 43.23460053652525], [76.83194998651743, 43.2346012070775], [76.83194998651743, 43.23460254818201], [76.83194395154715, 43.23460724204779], [76.83194193989038, 43.23461126536131], [76.83194193989038, 43.23461260646582], [76.83194328099489, 43.23461260646582], [76.8319446220994, 43.23461528867483], [76.8319459632039, 43.234621323645115], [76.83194931596518, 43.23462400585413], [76.83194931596518, 43.23462534695864], [76.83195065706968, 43.23462534695864], [76.83195266872644, 43.23463071137667], [76.8319546803832, 43.23463272303343], [76.8319546803832, 43.23463540524244], [76.83195602148771, 43.234637416899204], [76.83195602148771, 43.234644792973995], [76.8319546803832, 43.23464747518301], [76.83194529265165, 43.23465283960104], [76.83194529265165, 43.23465418070555], [76.83194395154715, 43.23465418070555], [76.83194126933813, 43.23465686291456], [76.8319345638156, 43.234655521810055], [76.83193188160658, 43.23465887457132], [76.83193054050207, 43.234657533466816], [76.83193054050207, 43.23465149849653], [76.831917129457, 43.23465149849653], [76.83191243559122, 43.234648145735264], [76.8319084122777, 43.234648145735264], [76.83190438896418, 43.23464412242174], [76.83189768344164, 43.23464211076498], [76.83189433068037, 43.234639428555965], [76.83188896626234, 43.23463875800371], [76.83188561350107, 43.23464144021273], [76.83187756687403, 43.23464412242174], [76.83187756687403, 43.23464546352625], [76.8318735435605, 43.234648145735264], [76.831872202456, 43.23465149849653], [76.83186616748571, 43.23465820401907], [76.8318648263812, 43.23466490954161], [76.83186616748571, 43.23466960340738], [76.83186616748571, 43.234676979482174], [76.83186817914248, 43.23468301445246], [76.83186952024698, 43.23468301445246], [76.83186952024698, 43.234684355556965], [76.8318735435605, 43.23468837887049], [76.83187488466501, 43.23468837887049], [76.83187890797853, 43.23469240218401], [76.83188024908304, 43.23469240218401], [76.83188024908304, 43.23469374328852], [76.83188159018755, 43.23469374328852], [76.83188829571009, 43.234700448811054], [76.8318909779191, 43.23470111936331], [76.83189298957586, 43.23470380157232], [76.83189433068037, 43.23470380157232], [76.83190036565065, 43.234709836542606], [76.83190036565065, 43.234711177647114], [76.83190170675516, 43.234711177647114], [76.8318996950984, 43.23471184819937], [76.8318996950984, 43.23471385985613], [76.83190170675516, 43.23471385985613], [76.83190237730742, 43.23471587151289], [76.83189298957586, 43.2347172126174], [76.83181252330542, 43.2347172126174]]]}, "properties": {"id": 757, "class": "road", "confidence": 100.0, "source": "Almaty_4", "source_model": "unet-roads", "centroid_wkt": "POINT (76.83196351164085 43.234307781586345)", "bbox": [76.83172937482595, 43.23384415358305, 76.83219339698553, 43.2347172126174], "pixel_bbox": [3284, 9728, 3976, 11030], "area_m2": 1528.427}}, {"type": "Feature", "geometry": {"type": "Polygon", "coordinates": [[[76.83169517666101, 43.23408957570791], [76.83169048279524, 43.234088234603405], [76.83168780058622, 43.23408555239439], [76.83168780058622, 43.23408354073763], [76.83168578892946, 43.23408219963312], [76.83168578892946, 43.234080858528614], [76.83168444782495, 43.234080858528614], [76.83168444782495, 43.234075494110584], [76.83168310672045, 43.23407415300608], [76.83168310672045, 43.23406811803579], [76.83168444782495, 43.234064765274525], [76.8316837772727, 43.2340506836772], [76.83168042451143, 43.23404397815466], [76.83168176561594, 43.23403526097536], [76.83167908340693, 43.23403190821409], [76.8316824361682, 43.234030567109585], [76.83169785887003, 43.234030567109585], [76.83169919997454, 43.23402989655733], [76.83169919997454, 43.234027214348316], [76.83170322328806, 43.23402252048254], [76.83171059936285, 43.23401849716902], [76.83171596378088, 43.23401715606451], [76.8317199870944, 43.23401313275099], [76.83172602206469, 43.23401179164648], [76.83172602206469, 43.234009109437466], [76.83173071593046, 43.23400441557169], [76.83173138648272, 43.23400039225817], [76.83173339813948, 43.233998380601406], [76.83173406869173, 43.23399368673563], [76.83173608034849, 43.233991004526615], [76.83173809200525, 43.23398429900408], [76.83174010366201, 43.23398228734732], [76.83174479752779, 43.233972899615765], [76.83174479752779, 43.233969546854496], [76.83174680918455, 43.233965523540974], [76.83174479752779, 43.233960159122944], [76.83174278587103, 43.23395814746618], [76.83174278587103, 43.23395546525717], [76.83174144476652, 43.233954794704914], [76.83174144476652, 43.23395345360041], [76.831737421453, 43.23394808918238], [76.83173608034849, 43.23394205421209], [76.83173608034849, 43.233933337032795], [76.83173809200525, 43.23392730206251], [76.83174010366201, 43.2339246198535], [76.83174010366201, 43.23392193764448], [76.83174211531878, 43.23391925543547], [76.83174211531878, 43.23391657322645], [76.83174077421427, 43.23391456156969], [76.83174211531878, 43.23390047997236], [76.83174479752779, 43.2338984683156], [76.83174546808004, 43.23389511555433], [76.83174680918455, 43.23389511555433], [76.83174882084131, 43.23389310389757], [76.83174882084131, 43.233891762793064], [76.83175351470709, 43.23389109224081], [76.83175552636385, 43.233891762793064], [76.83175686746836, 43.233893774449825], [76.83175753802061, 43.23388438671827], [76.83175887912512, 43.233883045613766], [76.83175954967737, 43.23383744806051], [76.83176022022963, 43.2338347658515], [76.83176156133413, 43.233834095299244], [76.83176223188639, 43.23383007198572], [76.8317649140954, 43.2338260486722], [76.83176759630442, 43.2338173314929], [76.83176960796118, 43.23381599038839], [76.83177027851343, 43.23381196707487], [76.83177497237921, 43.23380459100008], [76.83177631348372, 43.23379922658205], [76.83177765458822, 43.2337985560298], [76.83177765458822, 43.23379587382078], [76.83178033679724, 43.233791179955006], [76.83178503066301, 43.233775086700916], [76.83178503066301, 43.23375631123781], [76.831782348454, 43.233744241297245], [76.831782348454, 43.23373485356569], [76.83178436011076, 43.23373083025217], [76.8317924067378, 43.23372345417738], [76.83179374784231, 43.23372345417738], [76.83179844170809, 43.23371808975935], [76.83180045336485, 43.233717419207096], [76.83180045336485, 43.23371607810259], [76.8318084999919, 43.23370534926653], [76.83181252330542, 43.23369596153498], [76.83181654661894, 43.233691938221455], [76.83181721717119, 43.233688585460186], [76.8318185582757, 43.233688585460186], [76.83181922882795, 43.23368724435568], [76.83182526379824, 43.23368724435568], [76.83182794600725, 43.23368523269892], [76.83182928711176, 43.23367986828089], [76.83183062821627, 43.23367718607187], [76.83183263987303, 43.233675844967365], [76.83183532208204, 43.23366712778807], [76.83183800429106, 43.2336637750268], [76.83183800429106, 43.23366109281778], [76.83184202760458, 43.233655728399754], [76.83184403926134, 43.233649022877216], [76.83184672147036, 43.23364567011595], [76.83184672147036, 43.23364365845919], [76.83184873312712, 43.23364097625017], [76.83184873312712, 43.23363829404116], [76.83185007423162, 43.23363695293665], [76.83185007423162, 43.233634270727634], [76.83185677975416, 43.233623541891575], [76.83186281472445, 43.23362220078707], [76.83187086135149, 43.233618177473545], [76.83187488466501, 43.233618177473545], [76.83187756687403, 43.23361683636904], [76.83188762515783, 43.23361683636904], [76.83189231902361, 43.23362085968256], [76.83189500123262, 43.233621530234814], [76.83189634233713, 43.233623541891575], [76.83190170675516, 43.23362622410059], [76.83190573006868, 43.23363024741411], [76.83190640062094, 43.23363292962313], [76.83190908282995, 43.23363561183214], [76.83191176503897, 43.23363561183214], [76.83191176503897, 43.233634270727634], [76.831917129457, 43.233634270727634], [76.8319184705615, 43.23363292962313], [76.83192048221827, 43.23363292962313], [76.83192115277052, 43.23363158851862], [76.8319258466363, 43.233630917966366], [76.83192986994982, 43.233628906309605], [76.83193054050207, 43.23361348360777], [76.83193188160658, 43.23361214250326], [76.83193992823362, 43.233612813055515], [76.83194663375616, 43.233610801398754], [76.83195065706968, 43.23361214250326], [76.8319546803832, 43.23361549526453], [76.83195669203997, 43.23361549526453], [76.831962056458, 43.233621530234814], [76.83197010308504, 43.2336376234889], [76.8319707736373, 43.233644999563694], [76.83197345584631, 43.23365103453398], [76.83197345584631, 43.23365841060877], [76.83197479695082, 43.23366042226553], [76.83197613805532, 43.23366913944483], [76.83197613805532, 43.23368187993765], [76.83197479695082, 43.233684562146664], [76.83197546750307, 43.23368724435568], [76.83188360184431, 43.23368791490793], [76.83188561350107, 43.233691938221455], [76.83188695460558, 43.23369260877371], [76.83188762515783, 43.23369596153498], [76.8318896368146, 43.23369797319174], [76.83189030736685, 43.23370199650526], [76.83189231902361, 43.23370333760977], [76.83189231902361, 43.233704678714275], [76.83189500123262, 43.23370669037104], [76.83189500123262, 43.233708031475544], [76.83189902454615, 43.233710043132305], [76.83190707117319, 43.233717419207096], [76.83191109448671, 43.23371808975935], [76.83191243559122, 43.23371943086386], [76.83191578835249, 43.23371943086386], [76.83191780000925, 43.233720771968365], [76.83192919939756, 43.23372144252062], [76.83193054050207, 43.23371607810259], [76.83193054050207, 43.2337536290288], [76.83192785829306, 43.23375429958105], [76.8319271877408, 43.23375564068556], [76.8319258466363, 43.233754970133305], [76.83192383497953, 43.233756981790066], [76.83192182332277, 43.233756981790066], [76.83191780000925, 43.23376100510359], [76.83191645890474, 43.23376100510359], [76.83191578835249, 43.233762346208096], [76.83191109448671, 43.23376435786486], [76.83190908282995, 43.23376704007387], [76.83190774172544, 43.23376704007387], [76.83190438896418, 43.233771063387394], [76.83190304785967, 43.233771063387394], [76.83189902454615, 43.233775086700916], [76.83189768344164, 43.23377978056669], [76.83189634233713, 43.233780451118946], [76.83189634233713, 43.23378246277571], [76.83189500123262, 43.23378246277571], [76.83189433068037, 43.23378447443247], [76.83189366012812, 43.233796544373035], [76.83189500123262, 43.23381934314966], [76.83189231902361, 43.233834095299244], [76.83189298957586, 43.23384750634432], [76.83189164847136, 43.233852200210094], [76.8318896368146, 43.23385488241911], [76.8318896368146, 43.233857564628124], [76.83188561350107, 43.23385890573263], [76.83185141533613, 43.23385823518038], [76.83185141533613, 43.23384750634432], [76.8318547680974, 43.233839459717274], [76.8318547680974, 43.23383677750826], [76.83185745030642, 43.233836106956005], [76.83185745030642, 43.23383342474699], [76.83185543864965, 43.23383275419474], [76.83185409754515, 43.233830742537975], [76.83184940367937, 43.23383141309023], [76.83184873312712, 43.23382940143347], [76.83184068650007, 43.233828730881214], [76.83183331042528, 43.23383141309023], [76.83183062821627, 43.23383677750826], [76.83182928711176, 43.23383677750826], [76.8318286165595, 43.233838118612766], [76.83182794600725, 43.23384281247854], [76.83182660490274, 43.2338448241353], [76.83182660490274, 43.23384951800108], [76.8318286165595, 43.23385555297136], [76.83182794600725, 43.233857564628124], [76.83182995766401, 43.23385890573263], [76.83180648833513, 43.23385890573263], [76.83180380612612, 43.233864940702915], [76.8318011239171, 43.23386628180742], [76.8318011239171, 43.23386762291193], [76.83179844170809, 43.233870305120945], [76.83179710060358, 43.233870305120945], [76.83179307729006, 43.23387432843447], [76.83179039508104, 43.23387499898672], [76.831782348454, 43.23388237506151], [76.831782348454, 43.23389310389757], [76.83178503066301, 43.23389511555433], [76.83178637176752, 43.23389779776335], [76.83178771287203, 43.23389779776335], [76.83179441839457, 43.23390383273363], [76.83179441839457, 43.23390517383814], [76.83179710060358, 43.2339071854949], [76.83179710060358, 43.23390919715166], [76.83180045336485, 43.23391456156969], [76.83180045336485, 43.23393266648054], [76.83179911226034, 43.2339433953166], [76.83179575949907, 43.23395077139139], [76.83179575949907, 43.233954794704914], [76.83179173618555, 43.233960159122944], [76.83179173618555, 43.23396150022745], [76.83179039508104, 43.233962170779705], [76.83178972452879, 43.23396485298872], [76.83178637176752, 43.233967535197735], [76.8317836895585, 43.233972899615765], [76.8317836895585, 43.233974911272526], [76.831782348454, 43.23397558182478], [76.83178100734949, 43.23398094624281], [76.83178100734949, 43.23398698121309], [76.83178301900625, 43.233991004526615], [76.83178771287203, 43.23399368673563], [76.83178905397654, 43.2339970394969], [76.83179643005133, 43.23400240391493], [76.8318011239171, 43.23401380330324], [76.8318011239171, 43.234030567109585], [76.83179911226034, 43.23403123766184], [76.83179844170809, 43.234037943184376], [76.83179575949907, 43.23404397815466], [76.83179039508104, 43.23405001312494], [76.83178637176752, 43.234052024781704], [76.83178637176752, 43.23405336588621], [76.83178301900625, 43.23405671864748], [76.83177698403597, 43.23406007140875], [76.83177430182695, 43.23406007140875], [76.83177161961794, 43.23406208306551], [76.83176826685667, 43.23406275361776], [76.83176290243864, 43.23406275361776], [76.83176290243864, 43.23406409472227], [76.83176022022963, 43.234064765274525], [76.83176022022963, 43.23406342417002], [76.83175887912512, 43.23406409472227], [76.83175887912512, 43.23406007140875], [76.8317561969161, 43.234059400856495], [76.83175351470709, 43.234061412513256], [76.83174278587103, 43.23406275361776], [76.83173406869173, 43.23406543582678], [76.83173272758722, 43.23406744748354], [76.83173138648272, 43.23406744748354], [76.83172669261694, 43.234072141349316], [76.83172401040792, 43.23407281190157], [76.83172199875116, 43.234075494110584], [76.83172065764666, 43.234075494110584], [76.83172065764666, 43.23407683521509], [76.83171931654215, 43.23407683521509], [76.83171596378088, 43.234080858528614], [76.83171462267637, 43.234080858528614], [76.83171261101961, 43.23408354073763], [76.8317099288106, 43.23408421128988], [76.83170858770609, 43.234086222946644], [76.83170322328806, 43.23408890515566], [76.83169517666101, 43.23408957570791]], [[76.83188360184431, 43.23368590325117], [76.83189701288939, 43.233686573803425], [76.83189701288939, 43.23368523269892], [76.83189567178488, 43.233684562146664], [76.83189164847136, 43.233684562146664], [76.8318909779191, 43.233681209385395], [76.83189231902361, 43.23367986828089], [76.83189433068037, 43.23367986828089], [76.83189433068037, 43.23367852717638], [76.83189902454615, 43.233677856624126], [76.83190573006868, 43.23367182165384], [76.83191176503897, 43.23366913944483], [76.83191243559122, 43.23366712778807], [76.83191780000925, 43.23366176337004], [76.83191780000925, 43.233654387295246], [76.83191042393446, 43.233647011220455], [76.8319084122777, 43.233647011220455], [76.83190304785967, 43.23364969342947], [76.83190237730742, 43.23365103453398], [76.83189567178488, 43.23365304619074], [76.83189433068037, 43.233654387295246], [76.83189164847136, 43.233654387295246], [76.83188427239656, 43.23365908116102], [76.83188293129206, 43.23365841060877], [76.83188159018755, 43.23365908116102], [76.83188159018755, 43.23366042226553], [76.83187957853079, 43.23366042226553], [76.83187689632177, 43.2336637750268], [76.83187622576952, 43.2336724922061], [76.83187823742628, 43.23367316275835], [76.83187890797853, 43.23367182165384], [76.8318809196353, 43.23367182165384], [76.8318822607398, 43.23367450386286], [76.83188494294882, 43.233675844967365], [76.83188695460558, 43.23368187993765], [76.83188628405333, 43.23368389159441], [76.83188494294882, 43.23368389159441], [76.83188494294882, 43.23368523269892], [76.83188360184431, 43.23368590325117]]]}, "properties": {"id": 758, "class": "road", "confidence": 100.0, "source": "Almaty_4", "source_model": "unet-roads", "centroid_wkt": "POINT (76.83182592707313 43.23382193642816)", "bbox": [76.83167908340693, 43.233610801398754, 76.83197613805532, 43.23408957570791], "pixel_bbox": [3209, 10664, 3652, 11378], "area_m2": 374.923}}, {"type": "Feature", "geometry": {"type": "Polygon", "coordinates": [[[76.83176022022963, 43.2336463406682], [76.83175954967737, 43.23360946029425], [76.83176089078188, 43.23360677808523], [76.83176089078188, 43.233610801398754], [76.83176223188639, 43.23360946029425], [76.8317635729909, 43.23361348360777], [76.8317649140954, 43.23361214250326], [76.83176625519991, 43.233616165816784], [76.83176826685667, 43.233618177473545], [76.83176960796118, 43.2336275652051], [76.83176826685667, 43.233634270727634], [76.83176625519991, 43.233636282384396], [76.8317649140954, 43.23364030569792], [76.8317635729909, 43.23363896459341], [76.83176290243864, 43.23364298790693], [76.83176089078188, 43.23364298790693], [76.83176022022963, 43.2336463406682]]]}, "properties": {"id": 759, "class": "road", "confidence": 100.0, "source": "Almaty_4", "source_model": "unet-roads", "centroid_wkt": "POINT (76.83176407021172 43.233625777065754)", "bbox": [76.83175954967737, 43.23360677808523, 76.83176960796118, 43.2336463406682], "pixel_bbox": [3329, 11325, 3344, 11384], "area_m2": 2.151}}, {"type": "Feature", "geometry": {"type": "Polygon", "coordinates": [[[76.8334848806262, 43.23355380445719], [76.83347951620817, 43.23355179280043], [76.83347549289465, 43.23354709893465], [76.83347549289465, 43.233515582978725], [76.83358076959848, 43.233515582978725], [76.83358546346426, 43.23351692408323], [76.83358546346426, 43.23351826518774], [76.8335834518075, 43.233518935739994], [76.8335834518075, 43.233520947396755], [76.83358613401651, 43.23352228850126], [76.83358680456877, 43.23352564126253], [76.833584792912, 43.233529664576054], [76.83358009904623, 43.23353301733732], [76.83356802910566, 43.23353435844183], [76.8335646763444, 43.23353637009859], [76.83353584259748, 43.23353637009859], [76.83352645486593, 43.2335377112031], [76.83352444320917, 43.233539052307606], [76.83351036161184, 43.233542405068874], [76.83349158614874, 43.23355246335268], [76.8334848806262, 43.23355380445719]]]}, "properties": {"id": 760, "class": "road", "confidence": 100.0, "source": "Almaty_4", "source_model": "unet-roads", "centroid_wkt": "POINT (76.83352269481337 43.23352871121535)", "bbox": [76.83347549289465, 43.233515582978725, 76.83358680456877, 43.23355380445719], "pixel_bbox": [5888, 11463, 6054, 11520], "area_m2": 24.824}}, {"type": "Feature", "geometry": {"type": "Polygon", "coordinates": [[[76.83263596147299, 43.233360685408115], [76.83263529092073, 43.23335934430361], [76.83263327926397, 43.23335934430361], [76.83263260871172, 43.2333580031991], [76.83263126760721, 43.2333580031991], [76.83263126760721, 43.23335666209459], [76.8326285853982, 43.233355320990086], [76.83262657374144, 43.23335062712431], [76.83262724429369, 43.233347944915295], [76.83262456208467, 43.23334526270628], [76.83263529092073, 43.23334392160177], [76.8326560780406, 43.23334526270628], [76.8326560780406, 43.23334660381079], [76.83265339583158, 43.23334861546755], [76.8326560780406, 43.23335129767656], [76.83265540748835, 43.233355320990086], [76.83265339583158, 43.23335666209459], [76.83265339583158, 43.2333580031991], [76.83264669030905, 43.23335934430361], [76.83264534920454, 43.233360685408115], [76.83263596147299, 43.233360685408115]]]}, "properties": {"id": 761, "class": "road", "confidence": 100.0, "source": "Almaty_4", "source_model": "unet-roads", "centroid_wkt": "POINT (76.83264152482771 43.23335140262449)", "bbox": [76.83262456208467, 43.23334392160177, 76.8326560780406, 43.233360685408115], "pixel_bbox": [4619, 11751, 4666, 11776], "area_m2": 3.662}}, {"type": "Feature", "geometry": {"type": "Polygon", "coordinates": [[[76.83446254581213, 43.23331240564585], [76.83445181697607, 43.23330771178007], [76.8344484642148, 43.23330368846655], [76.83444511145353, 43.23330234736204], [76.83443706482649, 43.23329497128725], [76.83443572372198, 43.23329094797373], [76.83443371206522, 43.23328960686922], [76.83443438261747, 43.233284913003445], [76.83443237096071, 43.233284913003445], [76.8344310298562, 43.23328223079443], [76.83442767709494, 43.233279548585415], [76.83442767709494, 43.23327820748091], [76.83442499488592, 43.233276195824146], [76.83441895991564, 43.23325742036104], [76.83441292494535, 43.23324669152498], [76.83440823107958, 43.23324266821146], [76.83440823107958, 43.23324132710695], [76.83440688997507, 43.23324132710695], [76.8344035372138, 43.23323730379343], [76.8344021961093, 43.23323730379343], [76.83439750224352, 43.233232609927654], [76.83439347893, 43.23323059827089], [76.83438744395971, 43.23322456330061], [76.83438677340746, 43.23321584612131], [76.83439213782549, 43.23320981115103], [76.83440085500479, 43.23320511728525], [76.8344122543931, 43.23320109397173], [76.83441493660212, 43.23320109397173], [76.83442164212465, 43.233198411762714], [76.83444309979677, 43.233195059001446], [76.8344672396779, 43.2331957295537], [76.83446992188692, 43.23319707065821], [76.83449070900679, 43.233200423419476], [76.83449942618608, 43.233203776180744], [76.83450546115637, 43.233203776180744], [76.83450613170862, 43.23321517556906], [76.8345208838582, 43.23321986943483], [76.83452155441046, 43.23322121053934], [76.83452356606722, 43.23322121053934], [76.83452423661947, 43.23322255164385], [76.83452624827623, 43.23322255164385], [76.83453295379877, 43.23322590440512], [76.83453362435102, 43.233227245509624], [76.83454636484385, 43.23323395103216], [76.83456379920244, 43.23325004428625], [76.83456379920244, 43.23325138539076], [76.83456648141146, 43.23325339704752], [76.83456648141146, 43.23325473815203], [76.83457184582949, 43.233261443674564], [76.83457385748625, 43.2332681491971], [76.834573186934, 43.23327552527189], [76.83457050472498, 43.23328021913767], [76.83456648141146, 43.23328223079443], [76.8345658108592, 43.23328357189894], [76.83455843478441, 43.2332855835557], [76.83455105870962, 43.2332855835557], [76.83454032987356, 43.23328357189894], [76.83451820164919, 43.233276195824146], [76.83450814336538, 43.23327552527189], [76.83450546115637, 43.2332768663764], [76.83450546115637, 43.23330704122782], [76.8345021083951, 43.233306370675564], [76.83449942618608, 43.233308382332325], [76.83449137955904, 43.233310393989086], [76.83448534458876, 43.233310393989086], [76.8344746157527, 43.23331240564585], [76.83446254581213, 43.23331240564585]]]}, "properties": {"id": 762, "class": "road", "confidence": 100.0, "source": "Almaty_4", "source_model": "unet-roads", "centroid_wkt": "POINT (76.83447738409991 43.233249353095566)", "bbox": [76.83438677340746, 43.233195059001446, 76.83457385748625, 43.23331240564585], "pixel_bbox": [7247, 11823, 7526, 11998], "area_m2": 120.382}}, {"type": "Feature", "geometry": {"type": "Polygon", "coordinates": [[[76.83237310498953, 43.23321182280779], [76.832369081676, 43.23321048170328], [76.83236639946699, 43.23320779949427], [76.83236438781023, 43.23320779949427], [76.83236103504896, 43.233204446733], [76.83235634118319, 43.23320243507624], [76.83235365897417, 43.23319774121046], [76.83234628289938, 43.23319438844919], [76.83234293013811, 43.23319170624018], [76.83234293013811, 43.23319036513567], [76.83234091848135, 43.233189694583416], [76.83233823627234, 43.233184330165386], [76.83233823627234, 43.23317963629961], [76.8323402479291, 43.233176954090595], [76.8323402479291, 43.23317427188158], [76.83233890682459, 43.23317360132933], [76.83234427124262, 43.23317226022482], [76.83238584548235, 43.23317226022482], [76.83239322155714, 43.23317360132933], [76.83239120990038, 43.23317427188158], [76.83239053934813, 43.23317628353834], [76.83239120990038, 43.233182318508625], [76.83239255100489, 43.23318298906088], [76.83239255100489, 43.23318835347891], [76.83239120990038, 43.23319237679243], [76.83238852769136, 43.23319438844919], [76.83238718658686, 43.233198411762714], [76.83238584548235, 43.233198411762714], [76.83238584548235, 43.23319975286722], [76.83238316327333, 43.23320176452398], [76.83238182216883, 43.23320511728525], [76.83238048106432, 43.23320511728525], [76.8323777988553, 43.23320779949427], [76.83237712830305, 43.233211152255535], [76.83237310498953, 43.23321182280779]]]}, "properties": {"id": 763, "class": "road", "confidence": 100.0, "source": "Almaty_4", "source_model": "unet-roads", "centroid_wkt": "POINT (76.8323673003109 43.233187528395284)", "bbox": [76.83233823627234, 43.23317226022482, 76.83239322155714, 43.23321182280779], "pixel_bbox": [4192, 11973, 4274, 12032], "area_m2": 13.858}}, {"type": "Feature", "geometry": {"type": "Polygon", "coordinates": [[[76.8320532515645, 43.23334392160177], [76.83204989880323, 43.23333855718374], [76.83204587548971, 43.23333855718374], [76.83204587548971, 43.233335204422474], [76.83204721659422, 43.233335204422474], [76.83204721659422, 43.23333386331797], [76.83204855769873, 43.23333319276571], [76.83205056935549, 43.23332715779543], [76.83205258101225, 43.23332581669092], [76.83205392211676, 43.2333217933774], [76.83205660432577, 43.23332045227289], [76.83205928653479, 43.23331441730261], [76.83205928653479, 43.233308382332325], [76.83205459266901, 43.23329966515303], [76.8320532515645, 43.233295641839504], [76.8320532515645, 43.23329094797373], [76.83205660432577, 43.233274184167385], [76.83205861598253, 43.233272172510624], [76.83205928653479, 43.23326747864485], [76.8320606276393, 43.233266808092594], [76.83206263929605, 43.233261443674564], [76.83206263929605, 43.233241997659206], [76.83206129819155, 43.23323529213667], [76.83205928653479, 43.23323328047991], [76.83205928653479, 43.23323126882315], [76.83205660432577, 43.23322590440512], [76.83205459266901, 43.23322456330061], [76.83205191046, 43.233218528330326], [76.83204922825098, 43.23321584612131], [76.83204721659422, 43.233198411762714], [76.83204855769873, 43.23319640010595], [76.83204989880323, 43.233180306851864], [76.83205123990774, 43.233176954090595], [76.8320532515645, 43.23317628353834], [76.8320532515645, 43.23317360132933], [76.83205459266901, 43.23317360132933], [76.83205392211676, 43.23317226022482], [76.83205928653479, 43.23317226022482], [76.83206263929605, 43.23317024856806], [76.83206599205732, 43.23317024856806], [76.83206733316183, 43.233171589672565], [76.8320807442069, 43.23317226022482], [76.83208543807268, 43.233178965747356], [76.8320894613862, 43.23317963629961], [76.83209080249071, 43.23318097740412], [76.83209214359522, 43.2331870123744], [76.83209482580423, 43.233187682926655], [76.83209482580423, 43.233189694583416], [76.83209750801325, 43.23319103568792], [76.83209951967001, 43.233187682926655], [76.83210086077452, 43.23318835347891], [76.83210086077452, 43.233189694583416], [76.83210220187902, 43.23318902403116], [76.83210220187902, 43.23331106454134], [76.83210086077452, 43.23331106454134], [76.83210019022226, 43.233308382332325], [76.8320981785655, 43.233310393989086], [76.832096837461, 43.23332045227289], [76.83209884911776, 43.23332313448191], [76.83209884911776, 43.233326487243176], [76.83210220187902, 43.233329840004444], [76.83210220187902, 43.23333855718374], [76.83210153132677, 43.23333989828825], [76.83209616690874, 43.233340568840504], [76.83209750801325, 43.23334325104952], [76.83209415525198, 43.23334392160177], [76.8320532515645, 43.23334392160177]]]}, "properties": {"id": 764, "class": "road", "confidence": 100.0, "source": "Almaty_4", "source_model": "unet-roads", "centroid_wkt": "POINT (76.83207775660848 43.23325809015504)", "bbox": [76.83204587548971, 43.23317024856806, 76.83210220187902, 43.23334392160177], "pixel_bbox": [3756, 11776, 3840, 12035], "area_m2": 70.574}}, {"type": "Feature", "geometry": {"type": "Polygon", "coordinates": [[[76.8340890482068, 43.23316019028425], [76.83408234268427, 43.23315817862749], [76.83407228440046, 43.23315281420946], [76.8340702727437, 43.233150132000446], [76.8340689316392, 43.233150132000446], [76.83406691998243, 43.233148120343685], [76.83406691998243, 43.233146108686924], [76.83407295495272, 43.233146108686924], [76.83407831937075, 43.23314744979143], [76.83409038931131, 43.23315281420946], [76.83409508317709, 43.23315683752298], [76.83409508317709, 43.233158849179745], [76.83409374207258, 43.23316019028425], [76.8340890482068, 43.23316019028425]]]}, "properties": {"id": 765, "class": "road", "confidence": 100.0, "source": "Almaty_4", "source_model": "unet-roads", "centroid_wkt": "POINT (76.83408185102311 43.233152787588)", "bbox": [76.83406691998243, 43.233146108686924, 76.83409508317709, 43.23316019028425], "pixel_bbox": [6770, 12050, 6812, 12071], "area_m2": 1.763}}, {"type": "Feature", "geometry": {"type": "Polygon", "coordinates": [[[76.83402936905622, 43.233148120343685], [76.83402132242918, 43.23314543813467], [76.83401260524988, 43.23313806205988], [76.83400992304087, 43.2331333681941], [76.83401126414537, 43.23312934488058], [76.83401595801115, 43.23312800377607], [76.83403003960848, 43.23312934488058], [76.8340427801013, 43.23313470929861], [76.83405015617609, 43.233140744268894], [76.83405015617609, 43.233142755925655], [76.8340441212058, 43.23314677923918], [76.83403741568327, 43.233148120343685], [76.83402936905622, 43.233148120343685]]]}, "properties": {"id": 766, "class": "road", "confidence": 100.0, "source": "Almaty_4", "source_model": "unet-roads", "centroid_wkt": "POINT (76.83402970672982 43.23313794901023)", "bbox": [76.83400992304087, 43.23312800377607, 76.83405015617609, 43.233148120343685], "pixel_bbox": [6685, 12068, 6745, 12098], "area_m2": 4.918}}, {"type": "Feature", "geometry": {"type": "Polygon", "coordinates": [[[76.83372762054205, 43.233137391507626], [76.83371353894472, 43.2331333681941], [76.83371152728796, 43.23313135653734], [76.83370884507895, 43.23313068598509], [76.83370683342218, 43.23312800377607], [76.83370549231768, 43.23312800377607], [76.83370482176542, 43.233124651014805], [76.83370213955641, 43.233122639358044], [76.83370213955641, 43.233119286596775], [76.8337007984519, 43.23311861604452], [76.83370012789965, 43.233114592731], [76.83369811624289, 43.23311258107424], [76.83369811624289, 43.23310922831297], [76.83369677513838, 43.233108557760715], [76.83369476348162, 43.23310252279043], [76.83369342237711, 43.23310185223818], [76.83369141072035, 43.23309648782015], [76.83369006961584, 43.233095817267895], [76.83369006961584, 43.23309447616339], [76.8336920812726, 43.23309447616339], [76.8336920812726, 43.23309313505888], [76.83368537575006, 43.23308575898409], [76.83368403464556, 43.23308575898409], [76.83367867022753, 43.23308106511831], [76.833674646914, 43.233079724013805], [76.83367397636175, 43.2330783829093], [76.83366861194372, 43.23307637125254], [76.83366794139147, 43.23307503014803], [76.83365385979414, 43.23307100683451], [76.83364983648062, 43.23306430131197], [76.83364916592836, 43.233066983520985], [76.83364782482386, 43.233066983520985], [76.8336471542716, 43.23307100683451], [76.8336471542716, 43.23304753750563], [76.83364849537611, 43.23305357247591], [76.83364849537611, 43.23305156081915], [76.83364983648062, 43.23305290192366], [76.83364983648062, 43.23305156081915], [76.83365251868963, 43.23305021971464], [76.83365251868963, 43.233048878610134], [76.83365385979414, 43.23304820805788], [76.83366391807795, 43.23304686695337], [76.83367665857077, 43.233043514192104], [76.83371420949697, 43.23303949087858], [76.8337370082736, 43.23303882032633], [76.83376248925924, 43.23304083198309], [76.83378126472235, 43.233043514192104], [76.83380205184221, 43.23304820805788], [76.83381009846926, 43.233050890266895], [76.83381412178278, 43.23305357247591], [76.83381747454405, 43.23305357247591], [76.83381881564856, 43.23305491358042], [76.83381881564856, 43.23311861604452], [76.83381345123053, 43.233119286596775], [76.8338080868125, 43.23312196880579], [76.83380406349897, 43.23312196880579], [76.83379668742418, 43.233124651014805], [76.83379132300615, 43.23312532156706], [76.83378998190165, 43.233126662671566], [76.83378729969263, 43.233126662671566], [76.83378528803587, 43.23312800377607], [76.83377657085657, 43.23312934488058], [76.83376785367727, 43.23313269764185], [76.83375243097544, 43.23313470929861], [76.83374304324389, 43.233137391507626], [76.83372762054205, 43.233137391507626]]]}, "properties": {"id": 767, "class": "road", "confidence": 100.0, "source": "Almaty_4", "source_model": "unet-roads", "centroid_wkt": "POINT (76.83374466635254 43.23308291714655)", "bbox": [76.8336471542716, 43.23303882032633, 76.83381881564856, 43.233137391507626], "pixel_bbox": [6144, 12084, 6400, 12231], "area_m2": 111.315}}, {"type": "Feature", "geometry": {"type": "Polygon", "coordinates": [[[76.83360423892736, 43.23304485529661], [76.83357406407595, 43.233038149774075], [76.83351773768663, 43.23303680866957], [76.8335036560893, 43.2330334559083], [76.83348957449198, 43.23302876204252], [76.8334761634469, 43.23302138596773], [76.8334761634469, 43.23300797492266], [76.83347683399916, 43.23300663381815], [76.83347750455141, 43.23300797492266], [76.83348085731268, 43.2330073043704], [76.83348152786493, 43.233005963265896], [76.83348555117846, 43.23300462216139], [76.83348823338747, 43.23300193995237], [76.83349560946226, 43.233000598847866], [76.83355126529932, 43.233000598847866], [76.83355931192636, 43.23300193995237], [76.83356199413538, 43.233003951609135], [76.83357071131468, 43.233005963265896], [76.83357540518045, 43.23300864547491], [76.83358144015074, 43.23300998657942], [76.83358278125525, 43.233011327683926], [76.83358680456877, 43.23301199823618], [76.83358814567327, 43.23301333934069], [76.83360021561384, 43.23301736265421], [76.83361496776342, 43.233024738729], [76.83361563831568, 43.23302607983351], [76.83361832052469, 43.23302675038576], [76.8336196616292, 43.23302876204252], [76.83362167328596, 43.233029432594776], [76.83362167328596, 43.233030773699284], [76.83362368494272, 43.23303211480379], [76.83362502604723, 43.233034797012806], [76.83362502604723, 43.23303680866957], [76.83362100273371, 43.23304150253534], [76.83361429721117, 43.23304418474436], [76.83360423892736, 43.23304485529661]]]}, "properties": {"id": 768, "class": "road", "confidence": 100.0, "source": "Almaty_4", "source_model": "unet-roads", "centroid_wkt": "POINT (76.83354738576051 43.233021140393575)", "bbox": [76.8334761634469, 43.233000598847866, 76.83362502604723, 43.23304485529661], "pixel_bbox": [5889, 12222, 6111, 12288], "area_m2": 39.662}}, {"type": "Feature", "geometry": {"type": "Polygon", "coordinates": [[[76.83289747685194, 43.233000598847866], [76.83289479464293, 43.232998587191105], [76.8328894302249, 43.23299791663885], [76.83288741856813, 43.232996575534344], [76.83287065476179, 43.232996575534344], [76.83286461979151, 43.23299389332533], [76.832863278687, 43.23299188166857], [76.83286059647799, 43.23299054056406], [76.83286059647799, 43.23298919945955], [76.83285925537348, 43.23298919945955], [76.83285925537348, 43.232987858355045], [76.83285590261221, 43.23298517614603], [76.83285254985094, 43.23297780007124], [76.83285389095545, 43.23297042399645], [76.83285858482122, 43.232961036264896], [76.83286596089602, 43.232953660190105], [76.83286864310503, 43.23295298963785], [76.83287266641855, 43.23294963687658], [76.83287870138884, 43.232948295772076], [76.83289278298616, 43.232948295772076], [76.83290082961321, 43.23294427245855], [76.83290686458349, 43.232942931354046], [76.832908205688, 43.23294159024954], [76.83293033391237, 43.232937566936016], [76.8329356983304, 43.232934884727], [76.83293838053942, 43.232934884727], [76.83293905109167, 43.232933543622494], [76.83295246213675, 43.232930190861225], [76.83295380324125, 43.232928179204464], [76.83295782655478, 43.232928179204464], [76.83296050876379, 43.23292549699545], [76.83295983821154, 43.232889957726], [76.83295782655478, 43.23288928717375], [76.83295715600252, 43.232890628278255], [76.83295380324125, 43.23289129883051], [76.832953132689, 43.23289263993502], [76.83294709771872, 43.23289331048727], [76.83292631059885, 43.232889957726], [76.83291558176279, 43.23288593441248], [76.83291155844927, 43.23288191109896], [76.83291088789701, 43.23287654668093], [76.83291289955378, 43.232872523367405], [76.83291893452406, 43.23286782950163], [76.83292631059885, 43.23286581784487], [76.83294039219618, 43.23286581784487], [76.83294642716646, 43.23286782950163], [76.83295045047998, 43.23286782950163], [76.83295380324125, 43.23286984115839], [76.83295715600252, 43.23286984115839], [76.83295782655478, 43.2328711822629], [76.83295916765928, 43.2328711822629], [76.83296050876379, 43.23286850005388], [76.83296117931604, 43.23286045342684], [76.83301884680986, 43.23286045342684], [76.83304566890001, 43.2328624650836], [76.83307584375143, 43.23286581784487], [76.83309059590101, 43.23286850005388], [76.8330966308713, 43.2328711822629], [76.83309931308031, 43.2328711822629], [76.83311004191637, 43.23287654668093], [76.83311205357313, 43.23287654668093], [76.83311272412539, 43.232877887785435], [76.83311741799116, 43.23287922888994], [76.83311808854342, 43.23288056999445], [76.83312010020018, 43.23288056999445], [76.83312345296144, 43.232883252203465], [76.83312747627497, 43.23288392275572], [76.83313217014074, 43.23288660496473], [76.83313217014074, 43.23293957859278], [76.83310400694609, 43.23294226080179], [76.83308590203524, 43.232946284115314], [76.83305773884058, 43.232946284115314], [76.83304835110903, 43.23294896632433], [76.83304499834776, 43.232948295772076], [76.833042986691, 43.23294963687658], [76.83303091675043, 43.23295097798109], [76.83302756398916, 43.23295298963785], [76.83302018791437, 43.23295433074236], [76.8330154940486, 43.232957012951374], [76.83299269527197, 43.232962377369404], [76.8329792842269, 43.23296908289194], [76.83297593146563, 43.23297243565321], [76.83297459036112, 43.23297243565321], [76.83297391980886, 43.23297444730997], [76.83297123759985, 43.23297645896673], [76.83296855539083, 43.23298383504152], [76.83296788483858, 43.23299590498209], [76.83296654373407, 43.232996575534344], [76.83296520262957, 43.233000598847866], [76.83296050876379, 43.233000598847866], [76.83296050876379, 43.23299791663885], [76.83295916765928, 43.23299791663885], [76.83295782655478, 43.233000598847866], [76.83289747685194, 43.233000598847866]]]}, "properties": {"id": 769, "class": "road", "confidence": 100.0, "source": "Almaty_4", "source_model": "unet-roads", "centroid_wkt": "POINT (76.83299894687185 43.232924529191095)", "bbox": [76.83285254985094, 43.23286045342684, 76.83313217014074, 43.233000598847866], "pixel_bbox": [4959, 12288, 5376, 12497], "area_m2": 199.367}}]}