{"type": "FeatureCollection", "crs": {"type": "name", "properties": {"name": "EPSG:4326"}}, "features": [{"type": "Feature", "geometry": {"type": "Polygon", "coordinates": [[[76.87957287215313, 43.20356093575566], [76.87960138544574, 43.20350271910908], [76.87957997455771, 43.20349714721971], [76.87959356382483, 43.20346940148717], [76.87953270531699, 43.20345356388683], [76.87949059726051, 43.20353952066571], [76.87957287215313, 43.20356093575566]]]}, "properties": {"id": 0, "class": "building", "confidence": 100.0, "source": "Almaty_7", "source_model": "msft-buildings", "centroid_wkt": "POINT (76.8795486894375 43.20350919219099)", "bbox": [76.87949059726051, 43.20345356388683, 76.87960138544574, 43.20356093575566], "pixel_bbox": [528, 261, 693, 421], "area_m2": 65.946}}, {"type": "Feature", "geometry": {"type": "Polygon", "coordinates": [[[76.88620546792066, 43.2034303884319], [76.8862319338035, 43.20334069100064], [76.88628172467237, 43.20334849695222], [76.8863208842999, 43.20321582118588], [76.8863351718112, 43.20321806111175], [76.88643416308658, 43.202882560801775], [76.88626753003854, 43.202856428240814], [76.8861299402866, 43.20332274584853], [76.886105388827, 43.20331889679782], [76.88604471898154, 43.203524450331955], [76.88687223941088, 43.20365418396756], [76.88687223941088, 43.20353492112702], [76.88620546792066, 43.2034303884319]]]}, "properties": {"id": 1, "class": "building", "confidence": 100.0, "source": "Almaty_7", "source_model": "msft-buildings", "centroid_wkt": "POINT (76.88636845134661 43.20333864727831)", "bbox": [76.88604471898154, 43.202856428240814, 76.88687223941088, 43.20365418396756], "pixel_bbox": [10302, 122, 11537, 1312], "area_m2": 1700.187}}, {"type": "Feature", "geometry": {"type": "Polygon", "coordinates": [[[76.8816034754966, 43.19957979854095], [76.88162203418135, 43.19946480772361], [76.88152943780382, 43.199456870940516], [76.88151087987112, 43.19957185711303], [76.8816034754966, 43.19957979854095]]]}, "properties": {"id": 2, "class": "building", "confidence": 100.0, "source": "Almaty_7", "source_model": "msft-buildings", "centroid_wkt": "POINT (76.88156645714997 43.19951833360601)", "bbox": [76.88151087987112, 43.199456870940516, 76.88162203418135, 43.19957979854095], "pixel_bbox": [3541, 6198, 3707, 6382], "area_m2": 97.472}}, {"type": "Feature", "geometry": {"type": "Polygon", "coordinates": [[[76.87923085429917, 43.19894343658227], [76.87920725791828, 43.1990217828659], [76.87972524549672, 43.19910466090434], [76.87985578426499, 43.19867109846418], [76.87938238807446, 43.19859533036318], [76.87936192532332, 43.19866329421809], [76.87955128657468, 43.198693592218845], [76.87946479282432, 43.198980866819994], [76.87923085429917, 43.19894343658227]]]}, "properties": {"id": 3, "class": "building", "confidence": 100.0, "source": "Almaty_7", "source_model": "msft-buildings", "centroid_wkt": "POINT (76.87959624342972 43.198862923027825)", "bbox": [76.87920725791828, 43.19859533036318, 76.87985578426499, 43.19910466090434], "pixel_bbox": [106, 6907, 1073, 7666], "area_m2": 1460.864}}, {"type": "Feature", "geometry": {"type": "Polygon", "coordinates": [[[76.88374951945562, 43.201786561348], [76.88384655189023, 43.20180244227725], [76.88388553757463, 43.20167586996827], [76.88373232846735, 43.20165079476292], [76.88378312754145, 43.20148586822102], [76.88361715349156, 43.20145869526881], [76.88356899542542, 43.20161504747691], [76.88337493345936, 43.20158327609119], [76.88342538476672, 43.20141947844454], [76.88324534680339, 43.201390002942844], [76.88319602748537, 43.20155007560252], [76.8830339181925, 43.20152353540897], [76.88299686756349, 43.2016438256049], [76.88308623954275, 43.20165845281093], [76.88310057251492, 43.201611918794505], [76.88376958561672, 43.20172141385187], [76.88374951945562, 43.201786561348]]]}, "properties": {"id": 4, "class": "building", "confidence": 100.0, "source": "Almaty_7", "source_model": "msft-buildings", "centroid_wkt": "POINT (76.88346310716854 43.20158664636456)", "bbox": [76.88299686756349, 43.201390002942844, 76.88388553757463, 43.20180244227725], "pixel_bbox": [5757, 2884, 7082, 3499], "area_m2": 1186.532}}, {"type": "Feature", "geometry": {"type": "Polygon", "coordinates": [[[76.88673293468956, 43.20237507412537], [76.88670636902685, 43.20246062879269], [76.88687223941088, 43.20248799587054], [76.88687223941088, 43.20239805814703], [76.88673293468956, 43.20237507412537]]]}, "properties": {"id": 5, "class": "building", "confidence": 100.0, "source": "Almaty_7", "source_model": "msft-buildings", "centroid_wkt": "POINT (76.88679575291667 43.20243171229203)", "bbox": [76.88670636902685, 43.20237507412537, 76.88687223941088, 43.20248799587054], "pixel_bbox": [11289, 1861, 11537, 2030], "area_m2": 123.91}}, {"type": "Feature", "geometry": {"type": "Polygon", "coordinates": [[[76.88240930058545, 43.20360706628711], [76.88227004811539, 43.20360300979394], [76.88227454294797, 43.2035210251837], [76.88223437396623, 43.20351985503981], [76.88223619330323, 43.20348667076086], [76.88216544982244, 43.20348460996431], [76.88215893302794, 43.203603683218006], [76.88207970089543, 43.20360137514679], [76.88207381480514, 43.20370873578219], [76.88217557622559, 43.203711700137475], [76.88217607274102, 43.203702643843464], [76.88232603735834, 43.203707004728955], [76.88232442808489, 43.20373635739088], [76.88240221214576, 43.20373635739088], [76.88240930058545, 43.20360706628711]]]}, "properties": {"id": 6, "class": "building", "confidence": 100.0, "source": "Almaty_7", "source_model": "msft-buildings", "centroid_wkt": "POINT (76.88223912628854 43.20363281855085)", "bbox": [76.88207381480514, 43.20348460996431, 76.88240930058545, 43.20373635739088], "pixel_bbox": [4381, 0, 4881, 375], "area_m2": 433.257}}, {"type": "Feature", "geometry": {"type": "Polygon", "coordinates": [[[76.88232215675242, 43.20033941413675], [76.88232122603516, 43.200324027095235], [76.88222506322785, 43.20030803299253], [76.88218916543778, 43.20030918499539], [76.88216278119788, 43.200393480568145], [76.88251083814933, 43.2004513704018], [76.88243200368825, 43.200453900287634], [76.88356544407895, 43.20064241696628], [76.88358860104738, 43.200568432580326], [76.88358539914113, 43.200515497388785], [76.88263534947961, 43.20035743396093], [76.88266850707157, 43.20035636989514], [76.88258609060765, 43.20034266213532], [76.88252697996126, 43.200332830668884], [76.88232215675242, 43.20033941413675]]]}, "properties": {"id": 7, "class": "building", "confidence": 100.0, "source": "Almaty_7", "source_model": "msft-buildings", "centroid_wkt": "POINT (76.88291093131176 43.20046830440501)", "bbox": [76.88216278119788, 43.20030803299253, 76.88358860104738, 43.20064241696628], "pixel_bbox": [4513, 4614, 6640, 5112], "area_m2": 1566.08}}, {"type": "Feature", "geometry": {"type": "Polygon", "coordinates": [[[76.88271584559607, 43.20365724168116], [76.88278918645265, 43.20366552558268], [76.88279568047986, 43.203634977019874], [76.88272233962327, 43.20362669311418], [76.88271584559607, 43.20365724168116]]]}, "properties": {"id": 8, "class": "building", "confidence": 100.0, "source": "Almaty_7", "source_model": "msft-buildings", "centroid_wkt": "POINT (76.88275576303715 43.20364610934935)", "bbox": [76.88271584559607, 43.20362669311418, 76.88279568047986, 43.20366552558268], "pixel_bbox": [5338, 105, 5457, 163], "area_m2": 20.715}}, {"type": "Feature", "geometry": {"type": "Polygon", "coordinates": [[[76.88610245890378, 43.20031419557339], [76.88615561219835, 43.20014102814336], [76.88616838382015, 43.200143111315064], [76.88618553004423, 43.20008725075084], [76.88615998680062, 43.20008308440351], [76.88618570613669, 43.199999293455555], [76.88618059748798, 43.19999846018491], [76.88627318709793, 43.19969681181531], [76.88610204736578, 43.19966889710418], [76.88591343890108, 43.20028336471113], [76.88610245890378, 43.20031419557339]]]}, "properties": {"id": 9, "class": "building", "confidence": 100.0, "source": "Almaty_7", "source_model": "msft-buildings", "centroid_wkt": "POINT (76.88609542230878 43.19999880702392)", "bbox": [76.88591343890108, 43.19966889710418, 76.88627318709793, 43.20031419557339], "pixel_bbox": [10107, 5103, 10643, 6065], "area_m2": 1046.729}}, {"type": "Feature", "geometry": {"type": "Polygon", "coordinates": [[[76.88061387874862, 43.203278604914495], [76.880466963064, 43.203271724336425], [76.88045969324385, 43.20335429219583], [76.8806066095857, 43.20336116530018], [76.88061387874862, 43.203278604914495]]]}, "properties": {"id": 10, "class": "building", "confidence": 100.0, "source": "Almaty_7", "source_model": "msft-buildings", "centroid_wkt": "POINT (76.88053678505231 43.20331644663483)", "bbox": [76.88045969324385, 43.203271724336425, 76.88061387874862, 43.20336116530018], "pixel_bbox": [1973, 559, 2203, 692], "area_m2": 109.973}}, {"type": "Feature", "geometry": {"type": "Polygon", "coordinates": [[[76.88540141175872, 43.2017338249007], [76.88543635413072, 43.20161616165619], [76.88431925980876, 43.20143988439912], [76.88428431743677, 43.2015575479836], [76.88540141175872, 43.2017338249007]]]}, "properties": {"id": 11, "class": "building", "confidence": 100.0, "source": "Almaty_7", "source_model": "msft-buildings", "centroid_wkt": "POINT (76.88486033552707 43.20158685469351)", "bbox": [76.88428431743677, 43.20143988439912, 76.88543635413072, 43.2017338249007], "pixel_bbox": [7677, 2986, 9395, 3424], "area_m2": 1242.432}}, {"type": "Feature", "geometry": {"type": "Polygon", "coordinates": [[[76.87933215294144, 43.20067357583304], [76.87929501841727, 43.20067070934983], [76.87928265979694, 43.20075578519365], [76.87931979432112, 43.200758651672885], [76.87933215294144, 43.20067357583304]]]}, "properties": {"id": 12, "class": "building", "confidence": 100.0, "source": "Almaty_7", "source_model": "msft-buildings", "centroid_wkt": "POINT (76.87930740636907 43.20071468051223)", "bbox": [76.87928265979694, 43.20067070934983, 76.87933215294144, 43.200758651672885], "pixel_bbox": [218, 4440, 292, 4571], "area_m2": 28.846}}, {"type": "Feature", "geometry": {"type": "Polygon", "coordinates": [[[76.8814635870061, 43.2011351076518], [76.881342151795, 43.20149249156291], [76.88147861876249, 43.20151713122731], [76.88160005397361, 43.201159747460565], [76.8814635870061, 43.2011351076518]]]}, "properties": {"id": 13, "class": "building", "confidence": 100.0, "source": "Almaty_7", "source_model": "msft-buildings", "centroid_wkt": "POINT (76.8814711028834 43.20132611946477)", "bbox": [76.881342151795, 43.2011351076518, 76.88160005397361, 43.20151713122731], "pixel_bbox": [3289, 3309, 3674, 3879], "area_m2": 467.385}}, {"type": "Feature", "geometry": {"type": "Polygon", "coordinates": [[[76.88220237950047, 43.200615711862525], [76.88204096916805, 43.20059023272366], [76.88202266063324, 43.20065186513219], [76.88218407096566, 43.20067734424531], [76.88220237950047, 43.200615711862525]]]}, "properties": {"id": 14, "class": "building", "confidence": 100.0, "source": "Almaty_7", "source_model": "msft-buildings", "centroid_wkt": "POINT (76.88211252006155 43.20063378848984)", "bbox": [76.88202266063324, 43.20059023272366, 76.88220237950047, 43.20067734424531], "pixel_bbox": [4304, 4561, 4572, 4691], "area_m2": 94.037}}, {"type": "Feature", "geometry": {"type": "Polygon", "coordinates": [[[76.88414586317118, 43.19883740030278], [76.88411272246113, 43.19894127736367], [76.884953513605, 43.19908382594348], [76.88498664485358, 43.19897994752117], [76.88414586317118, 43.19883740030278]]]}, "properties": {"id": 15, "class": "building", "confidence": 100.0, "source": "Almaty_7", "source_model": "msft-buildings", "centroid_wkt": "POINT (76.8845496858366 43.19896061285311)", "bbox": [76.88411272246113, 43.19883740030278, 76.88498664485358, 43.19908382594348], "pixel_bbox": [7421, 6938, 8724, 7305], "area_m2": 831.291}}, {"type": "Feature", "geometry": {"type": "Polygon", "coordinates": [[[76.88220669647289, 43.20336337236547], [76.88220109287491, 43.20348445332127], [76.88231517952231, 43.20348725289867], [76.88232158324759, 43.20334859533516], [76.88228943317526, 43.203347806401304], [76.88228862143546, 43.20336538272984], [76.88220669647289, 43.20336337236547]]]}, "properties": {"id": 16, "class": "building", "confidence": 100.0, "source": "Almaty_7", "source_model": "msft-buildings", "centroid_wkt": "POINT (76.88226267088164 43.20342262834051)", "bbox": [76.88220109287491, 43.203347806401304, 76.88232158324759, 43.20348725289867], "pixel_bbox": [4570, 371, 4750, 579], "area_m2": 129.967}}, {"type": "Feature", "geometry": {"type": "Polygon", "coordinates": [[[76.88350759922358, 43.198803922950326], [76.88353437937334, 43.198709432965686], [76.88300445714117, 43.198629646685816], [76.88301063586387, 43.19860784588428], [76.88269423037542, 43.198560190954204], [76.88266127885198, 43.1986764560246], [76.88350759922358, 43.198803922950326]]]}, "properties": {"id": 17, "class": "building", "confidence": 100.0, "source": "Almaty_7", "source_model": "msft-buildings", "centroid_wkt": "POINT (76.88307811106857 43.198685170221616)", "bbox": [76.88266127885198, 43.198560190954204, 76.88353437937334, 43.198803922950326], "pixel_bbox": [5257, 7355, 6559, 7719], "area_m2": 817.723}}, {"type": "Feature", "geometry": {"type": "Polygon", "coordinates": [[[76.88507669224413, 43.203385451676084], [76.88509563920046, 43.20333025412823], [76.8851093267099, 43.203332751226455], [76.88526536438007, 43.20287829702759], [76.88530574996875, 43.20288566487818], [76.88534175866187, 43.2027807903642], [76.88507168003744, 43.20273151776184], [76.88486068173042, 43.20334604354513], [76.88507669224413, 43.203385451676084]]]}, "properties": {"id": 18, "class": "building", "confidence": 100.0, "source": "Almaty_7", "source_model": "msft-buildings", "centroid_wkt": "POINT (76.88508748157275 43.20305142852523)", "bbox": [76.88486068173042, 43.20273151776184, 76.88534175866187, 43.203385451676084], "pixel_bbox": [8537, 523, 9254, 1498], "area_m2": 1387.692}}, {"type": "Feature", "geometry": {"type": "Polygon", "coordinates": [[[76.87988636512726, 43.19898874408087], [76.8798424585698, 43.198982462745036], [76.87980190986181, 43.199133083908364], [76.87973734139491, 43.19912384667143], [76.87973104401405, 43.19914723872675], [76.87965466404268, 43.19913631562212], [76.87966125103199, 43.199111839062326], [76.87930998928238, 43.19906160505148], [76.87929298256726, 43.19912480024864], [76.87933836972897, 43.19913129338672], [76.87932671197541, 43.199174596903624], [76.87981743232368, 43.19924479981093], [76.87988636512726, 43.19898874408087]]]}, "properties": {"id": 19, "class": "building", "confidence": 100.0, "source": "Almaty_7", "source_model": "msft-buildings", "centroid_wkt": "POINT (76.87959851306698 43.19914388437253)", "bbox": [76.87929298256726, 43.198982462745036, 76.87988636512726, 43.19924479981093], "pixel_bbox": [233, 6698, 1118, 7089], "area_m2": 560.411}}, {"type": "Feature", "geometry": {"type": "Polygon", "coordinates": [[[76.88421385233337, 43.2022900061061], [76.88422639644507, 43.20225317261912], [76.88411134453831, 43.20223235282448], [76.88409879709539, 43.202269185721235], [76.88421385233337, 43.2022900061061]]]}, "properties": {"id": 20, "class": "building", "confidence": 100.0, "source": "Almaty_7", "source_model": "msft-buildings", "centroid_wkt": "POINT (76.88416259756973 43.202261179405944)", "bbox": [76.88409879709539, 43.20223235282448, 76.88422639644507, 43.2022900061061], "pixel_bbox": [7400, 2156, 7591, 2242], "area_m2": 40.622}}, {"type": "Feature", "geometry": {"type": "Polygon", "coordinates": [[[76.88417448399814, 43.20371444918963], [76.88412162754224, 43.20370717388864], [76.88411406747336, 43.20373635739088], [76.88416880651233, 43.20373635739088], [76.88417448399814, 43.20371444918963]]]}, "properties": {"id": 21, "class": "building", "confidence": 100.0, "source": "Almaty_7", "source_model": "msft-buildings", "centroid_wkt": "POINT (76.88414346966155 43.20372349804172)", "bbox": [76.88411406747336, 43.20370717388864, 76.88417448399814, 43.20373635739088], "pixel_bbox": [7423, 0, 7513, 43], "area_m2": 12.626}}, {"type": "Feature", "geometry": {"type": "Polygon", "coordinates": [[[76.87953473676592, 43.2028540768323], [76.87954178004915, 43.20280179176992], [76.87940363717038, 43.202791903879145], [76.87939659388715, 43.20284418895], [76.87953473676592, 43.2028540768323]]]}, "properties": {"id": 22, "class": "building", "confidence": 100.0, "source": "Almaty_7", "source_model": "msft-buildings", "centroid_wkt": "POINT (76.8794691869663 43.20282299035768)", "bbox": [76.87939659388715, 43.202791903879145, 76.87954178004915, 43.2028540768323], "pixel_bbox": [388, 1315, 605, 1408], "area_m2": 65.844}}, {"type": "Feature", "geometry": {"type": "Polygon", "coordinates": [[[76.88037350326162, 43.20335452557569], [76.8804281833958, 43.20318190034523], [76.8803812565268, 43.20317400231723], [76.88036455872934, 43.20322673332072], [76.88028052318582, 43.203212594013124], [76.88029075659071, 43.203180277311226], [76.88023073184094, 43.203170174843585], [76.88020662554521, 43.20324627851465], [76.880303390778, 43.203262564569435], [76.88027928448228, 43.20333866812525], [76.88037350326162, 43.20335452557569]]]}, "properties": {"id": 23, "class": "building", "confidence": 100.0, "source": "Almaty_7", "source_model": "msft-buildings", "centroid_wkt": "POINT (76.880325255258 43.20325567648954)", "bbox": [76.88020662554521, 43.203170174843585, 76.8804281833958, 43.20335452557569], "pixel_bbox": [1596, 569, 1926, 844], "area_m2": 189.709}}, {"type": "Feature", "geometry": {"type": "Polygon", "coordinates": [[[76.8800654166221, 43.19861450768244], [76.88030300058341, 43.19865136983281], [76.88035993455959, 43.198456428945065], [76.88011156952078, 43.198456428945065], [76.8800654166221, 43.19861450768244]]]}, "properties": {"id": 24, "class": "building", "confidence": 100.0, "source": "Almaty_7", "source_model": "msft-buildings", "centroid_wkt": "POINT (76.88021420930286 43.1985450036284)", "bbox": [76.8800654166221, 43.198456428945065, 76.88035993455959, 43.19865136983281], "pixel_bbox": [1385, 7583, 1825, 7874], "area_m2": 395.839}}, {"type": "Feature", "geometry": {"type": "Polygon", "coordinates": [[[76.88566003955151, 43.19897595725186], [76.8857742588271, 43.19861588619564], [76.88563017114976, 43.19859159693954], [76.88551598468995, 43.1989516736709], [76.88566003955151, 43.19897595725186]]]}, "properties": {"id": 25, "class": "building", "confidence": 100.0, "source": "Almaty_7", "source_model": "msft-buildings", "centroid_wkt": "POINT (76.88564511572059 43.1987837716701)", "bbox": [76.88551598468995, 43.19859159693954, 76.8857742588271, 43.19897595725186], "pixel_bbox": [9514, 7099, 9899, 7672], "area_m2": 493.47}}, {"type": "Feature", "geometry": {"type": "Polygon", "coordinates": [[[76.87930114954304, 43.2034830801282], [76.87940408611007, 43.203496376891465], [76.87942436334608, 43.203412970229046], [76.87932143454351, 43.20339967445057], [76.87930114954304, 43.2034830801282]]]}, "properties": {"id": 26, "class": "building", "confidence": 100.0, "source": "Almaty_7", "source_model": "msft-buildings", "centroid_wkt": "POINT (76.87936275825643 43.203448025948596)", "bbox": [76.87930114954304, 43.20339967445057, 76.87942436334608, 43.203496376891465], "pixel_bbox": [246, 357, 429, 502], "area_m2": 79.951}}, {"type": "Feature", "geometry": {"type": "Polygon", "coordinates": [[[76.88325836753324, 43.20359109924637], [76.88328896979937, 43.20350081043821], [76.88314846470209, 43.20347549984267], [76.88312808542227, 43.203535609802856], [76.88314725864892, 43.20353906268796], [76.88313702991074, 43.2035692415137], [76.88325836753324, 43.20359109924637]]]}, "properties": {"id": 27, "class": "building", "confidence": 100.0, "source": "Almaty_7", "source_model": "msft-buildings", "centroid_wkt": "POINT (76.88320680028492 43.203532385559015)", "bbox": [76.88312808542227, 43.20347549984267, 76.88328896979937, 43.20359109924637], "pixel_bbox": [5953, 216, 6193, 389], "area_m2": 115.995}}, {"type": "Feature", "geometry": {"type": "Polygon", "coordinates": [[[76.88110098859376, 43.19872553891931], [76.88093677336553, 43.19870005189127], [76.88081731347792, 43.19910894352687], [76.88098152636456, 43.19913443839887], [76.88110098859376, 43.19872553891931]]]}, "properties": {"id": 28, "class": "building", "confidence": 100.0, "source": "Almaty_7", "source_model": "msft-buildings", "centroid_wkt": "POINT (76.8809591507161 43.19891724321496)", "bbox": [76.88081731347792, 43.19870005189127, 76.88110098859376, 43.19913443839887], "pixel_bbox": [2507, 6862, 2930, 7510], "area_m2": 633.805}}, {"type": "Feature", "geometry": {"type": "Polygon", "coordinates": [[[76.88331877476782, 43.1992594435179], [76.88320676824152, 43.19962028951371], [76.88336751709531, 43.19964680463355], [76.88347952362162, 43.19928595879457], [76.88331877476782, 43.1992594435179]]]}, "properties": {"id": 29, "class": "building", "confidence": 100.0, "source": "Almaty_7", "source_model": "msft-buildings", "centroid_wkt": "POINT (76.8833431459287 43.199453124105354)", "bbox": [76.88320676824152, 43.1992594435179, 76.88347952362162, 43.19964680463355], "pixel_bbox": [6070, 6098, 6477, 6676], "area_m2": 550.582}}, {"type": "Feature", "geometry": {"type": "Polygon", "coordinates": [[[76.88583160182641, 43.20162793274296], [76.88583713204821, 43.20160518451248], [76.88595549989586, 43.20162046903274], [76.8859748482602, 43.201540849222134], [76.88559903110134, 43.201492320891575], [76.8855741451033, 43.201594688051294], [76.88583160182641, 43.20162793274296]]]}, "properties": {"id": 30, "class": "building", "confidence": 100.0, "source": "Almaty_7", "source_model": "msft-buildings", "centroid_wkt": "POINT (76.8857655392859 43.20156352216235)", "bbox": [76.8855741451033, 43.201492320891575, 76.8859748482602, 43.20162793274296], "pixel_bbox": [9601, 3144, 10198, 3346], "area_m2": 333.2}}, {"type": "Feature", "geometry": {"type": "Polygon", "coordinates": [[[76.88548347507023, 43.20197826901696], [76.88532847066308, 43.20247869989596], [76.8853029495951, 43.202474499570194], [76.88526952857052, 43.202582398634405], [76.88549666607575, 43.202619781457514], [76.8855882857811, 43.202323988921016], [76.88553469153825, 43.202315168214184], [76.88563149726465, 43.20200263110057], [76.88548347507023, 43.20197826901696]]]}, "properties": {"id": 31, "class": "building", "confidence": 100.0, "source": "Almaty_7", "source_model": "msft-buildings", "centroid_wkt": "POINT (76.88546675627651 43.20232581524128)", "bbox": [76.88526952857052, 43.20197826901696, 76.88563149726465, 43.202619781457514], "pixel_bbox": [9146, 1665, 9686, 2621], "area_m2": 1031.054}}, {"type": "Feature", "geometry": {"type": "Polygon", "coordinates": [[[76.87994969567083, 43.20199893258353], [76.87978991530194, 43.2019729776609], [76.87966712273894, 43.20237451638434], [76.87982693746264, 43.20240048487011], [76.87994969567083, 43.20199893258353]]]}, "properties": {"id": 32, "class": "building", "confidence": 100.0, "source": "Almaty_7", "source_model": "msft-buildings", "centroid_wkt": "POINT (76.87980841569728 43.20218673559655)", "bbox": [76.87966712273894, 43.2019729776609, 76.87994969567083, 43.20240048487011], "pixel_bbox": [791, 1992, 1213, 2629], "area_m2": 608.146}}, {"type": "Feature", "geometry": {"type": "Polygon", "coordinates": [[[76.8818612689963, 43.20005875959064], [76.88189301308502, 43.1999515859612], [76.88104731033516, 43.19981847582558], [76.88101555403553, 43.19992569091503], [76.8818612689963, 43.20005875959064]]]}, "properties": {"id": 33, "class": "building", "confidence": 100.0, "source": "Almaty_7", "source_model": "msft-buildings", "centroid_wkt": "POINT (76.88145425936186 43.19993862378386)", "bbox": [76.88101555403553, 43.19981847582558, 76.88189301308502, 43.20005875959064], "pixel_bbox": [2802, 5484, 4111, 5842], "area_m2": 856.726}}, {"type": "Feature", "geometry": {"type": "Polygon", "coordinates": [[[76.8863248278506, 43.202391540385264], [76.88663270944677, 43.20243936937736], [76.88666879740192, 43.2023159343743], [76.88636091580578, 43.20226810528543], [76.8863248278506, 43.202391540385264]]]}, "properties": {"id": 34, "class": "building", "confidence": 100.0, "source": "Almaty_7", "source_model": "msft-buildings", "centroid_wkt": "POINT (76.88649681260728 43.2023537373517)", "bbox": [76.8863248278506, 43.20226810528543, 76.88666879740192, 43.20243936937736], "pixel_bbox": [10720, 1934, 11233, 2189], "area_m2": 358.723}}, {"type": "Feature", "geometry": {"type": "Polygon", "coordinates": [[[76.87930394953695, 43.202877463974914], [76.8793229155034, 43.20282227233838], [76.87914876988327, 43.202790474933686], [76.87913607805967, 43.20282740861076], [76.87913607805967, 43.20284681219931], [76.87930394953695, 43.202877463974914]]]}, "properties": {"id": 35, "class": "building", "confidence": 100.0, "source": "Almaty_7", "source_model": "msft-buildings", "centroid_wkt": "POINT (76.8792269134768 43.20283393353201)", "bbox": [76.87913607805967, 43.202790474933686, 76.8793229155034, 43.202877463974914], "pixel_bbox": [0, 1280, 278, 1410], "area_m2": 91.677}}, {"type": "Feature", "geometry": {"type": "Polygon", "coordinates": [[[76.88512476178587, 43.198878925427785], [76.88519533425386, 43.19889023146184], [76.88522706609298, 43.19878497369566], [76.88515648294941, 43.19877366953301], [76.88512476178587, 43.198878925427785]]]}, "properties": {"id": 36, "class": "building", "confidence": 100.0, "source": "Almaty_7", "source_model": "msft-buildings", "centroid_wkt": "POINT (76.88517591182277 43.198831948861375)", "bbox": [76.88512476178587, 43.19877366953301, 76.88522706609298, 43.19889023146184], "pixel_bbox": [8930, 7227, 9083, 7400], "area_m2": 70.318}}, {"type": "Feature", "geometry": {"type": "Polygon", "coordinates": [[[76.87941672846871, 43.20329566252527], [76.87938206850792, 43.20337998422631], [76.87947948447494, 43.20340126016031], [76.87951413700634, 43.20331693686609], [76.87941672846871, 43.20329566252527]]]}, "properties": {"id": 37, "class": "building", "confidence": 100.0, "source": "Almaty_7", "source_model": "msft-buildings", "centroid_wkt": "POINT (76.87944810439195 43.20334846147906)", "bbox": [76.87938206850792, 43.20329566252527, 76.87951413700634, 43.20340126016031], "pixel_bbox": [366, 499, 563, 657], "area_m2": 80.822}}, {"type": "Feature", "geometry": {"type": "Polygon", "coordinates": [[[76.87935614990809, 43.20050181632026], [76.87938592615065, 43.200390697618175], [76.87913607805967, 43.20035512051126], [76.87913607805967, 43.20047047925704], [76.87935614990809, 43.20050181632026]]]}, "properties": {"id": 38, "class": "building", "confidence": 100.0, "source": "Almaty_7", "source_model": "msft-buildings", "centroid_wkt": "POINT (76.879253715264 43.200428332539026)", "bbox": [76.87913607805967, 43.20035512051126, 76.87938592615065, 43.20050181632026], "pixel_bbox": [0, 4823, 372, 5042], "area_m2": 244.74}}, {"type": "Feature", "geometry": {"type": "Polygon", "coordinates": [[[76.88413883553063, 43.20201901244219], [76.8842867442601, 43.20204115240373], [76.88438790443382, 43.20168205151057], [76.88423996058081, 43.20165991370901], [76.88413883553063, 43.20201901244219]]]}, "properties": {"id": 39, "class": "building", "confidence": 100.0, "source": "Almaty_7", "source_model": "msft-buildings", "centroid_wkt": "POINT (76.8842633633327 43.201850525853054)", "bbox": [76.88413883553063, 43.20165991370901, 76.88438790443382, 43.20204115240373], "pixel_bbox": [7460, 2528, 7832, 3096], "area_m2": 499.853}}, {"type": "Feature", "geometry": {"type": "Polygon", "coordinates": [[[76.87978631574944, 43.19898226060537], [76.87973890080316, 43.19911815995554], [76.87979180490633, 43.19912796880158], [76.87983921985263, 43.198992069473256], [76.87978631574944, 43.19898226060537]]]}, "properties": {"id": 40, "class": "building", "confidence": 100.0, "source": "Almaty_7", "source_model": "msft-buildings", "centroid_wkt": "POINT (76.87978906032777 43.199055114707285)", "bbox": [76.87973890080316, 43.19898226060537, 76.87983921985263, 43.19912796880158], "pixel_bbox": [898, 6872, 1048, 7089], "area_m2": 69.119}}, {"type": "Feature", "geometry": {"type": "Polygon", "coordinates": [[[76.88117946994049, 43.203388862147264], [76.881194969502, 43.203330437662494], [76.88113918170227, 43.203322573837596], [76.88115618715204, 43.20325849613383], [76.8811033770878, 43.20325105204051], [76.88107087800721, 43.2033735550875], [76.88117946994049, 43.203388862147264]]]}, "properties": {"id": 41, "class": "building", "confidence": 100.0, "source": "Almaty_7", "source_model": "msft-buildings", "centroid_wkt": "POINT (76.88112887402664 43.20332932327018)", "bbox": [76.88107087800721, 43.20325105204051, 76.881194969502, 43.203388862147264], "pixel_bbox": [2885, 518, 3070, 723], "area_m2": 91.121}}, {"type": "Feature", "geometry": {"type": "Polygon", "coordinates": [[[76.88531794094095, 43.200425275736094], [76.88530176971838, 43.20046138081757], [76.88536848383681, 43.20047726250126], [76.88538465956972, 43.20044115509896], [76.88531794094095, 43.200425275736094]]]}, "properties": {"id": 42, "class": "building", "confidence": 100.0, "source": "Almaty_7", "source_model": "msft-buildings", "centroid_wkt": "POINT (76.88534321405213 43.20045126850945)", "bbox": [76.88530176971838, 43.200425275736094, 76.88538465956972, 43.20047726250126], "pixel_bbox": [9194, 4860, 9318, 4937], "area_m2": 24.07}}, {"type": "Feature", "geometry": {"type": "Polygon", "coordinates": [[[76.8856413060962, 43.201994457091104], [76.88568260695389, 43.20185337618806], [76.88571082621043, 43.20185776581063], [76.88572560717, 43.2018072749887], [76.88572170077799, 43.20180666733272], [76.88573405187749, 43.201764490559505], [76.88578022752333, 43.20177167573912], [76.88579635304664, 43.201716609953046], [76.88580025116855, 43.201717216323466], [76.88581478701335, 43.201667562683966], [76.88560955898838, 43.201635628035106], [76.88551047323026, 43.201974098863474], [76.8856413060962, 43.201994457091104]]]}, "properties": {"id": 43, "class": "building", "confidence": 100.0, "source": "Almaty_7", "source_model": "msft-buildings", "centroid_wkt": "POINT (76.88564817777979 43.20180065535752)", "bbox": [76.88551047323026, 43.201635628035106, 76.88581478701335, 43.201994457091104], "pixel_bbox": [9506, 2597, 9960, 3132], "area_m2": 512.709}}, {"type": "Feature", "geometry": {"type": "Polygon", "coordinates": [[[76.88569397549401, 43.20141929318318], [76.88585005870571, 43.20144190845157], [76.8859310929217, 43.20114472736368], [76.8857749822609, 43.201122108007944], [76.88569397549401, 43.20141929318318]]]}, "properties": {"id": 44, "class": "building", "confidence": 100.0, "source": "Almaty_7", "source_model": "msft-buildings", "centroid_wkt": "POINT (76.88581252852944 43.20128200489146)", "bbox": [76.88569397549401, 43.201122108007944, 76.8859310929217, 43.20144190845157], "pixel_bbox": [9779, 3421, 10133, 3898], "area_m2": 435.41}}, {"type": "Feature", "geometry": {"type": "Polygon", "coordinates": [[[76.87987278699973, 43.20280309402557], [76.87985900268575, 43.20284981186581], [76.87981911311479, 43.202843558136806], [76.87979870598497, 43.202912699487015], [76.87987961985685, 43.20292538482847], [76.87991380495556, 43.20280952466254], [76.87987278699973, 43.20280309402557]]]}, "properties": {"id": 45, "class": "building", "confidence": 100.0, "source": "Almaty_7", "source_model": "msft-buildings", "centroid_wkt": "POINT (76.87985881495324 43.202870489075195)", "bbox": [76.87979870598497, 43.20280309402557, 76.87991380495556, 43.20292538482847], "pixel_bbox": [988, 1209, 1159, 1391], "area_m2": 70.951}}, {"type": "Feature", "geometry": {"type": "Polygon", "coordinates": [[[76.88421326418488, 43.20262320099184], [76.88409901625216, 43.20298117184601], [76.88424150792818, 43.20300533572206], [76.88435575586094, 43.20264736500965], [76.88421326418488, 43.20262320099184]]]}, "properties": {"id": 46, "class": "building", "confidence": 100.0, "source": "Almaty_7", "source_model": "msft-buildings", "centroid_wkt": "POINT (76.88422738605496 43.20281426838264)", "bbox": [76.88409901625216, 43.20262320099184, 76.88435575586094, 43.20300533572206], "pixel_bbox": [7401, 1090, 7784, 1660], "area_m2": 485.48}}, {"type": "Feature", "geometry": {"type": "Polygon", "coordinates": [[[76.88549765989943, 43.20018067383072], [76.88547875440446, 43.200247107556535], [76.88537966344661, 43.20023212286123], [76.88535779871303, 43.20030898118215], [76.88552495144536, 43.200334258255374], [76.88554148331711, 43.20027614589938], [76.88570485884019, 43.20030085179108], [76.8857291021442, 43.20021566111795], [76.88549765989943, 43.20018067383072]]]}, "properties": {"id": 47, "class": "building", "confidence": 100.0, "source": "Almaty_7", "source_model": "msft-buildings", "centroid_wkt": "POINT (76.88554381483185 43.20025733234958)", "bbox": [76.88535779871303, 43.20018067383072, 76.8857291021442, 43.200334258255374], "pixel_bbox": [9278, 5073, 9832, 5302], "area_m2": 294.654}}, {"type": "Feature", "geometry": {"type": "Polygon", "coordinates": [[[76.87992030366321, 43.202989784931134], [76.87998739807432, 43.20300668068408], [76.88001057682663, 43.20295777335397], [76.87994348241557, 43.20294087758749], [76.87992030366321, 43.202989784931134]]]}, "properties": {"id": 48, "class": "building", "confidence": 100.0, "source": "Almaty_7", "source_model": "msft-buildings", "centroid_wkt": "POINT (76.87996544024371 43.202973779138475)", "bbox": [76.87992030366321, 43.20294087758749, 76.88001057682663, 43.20300668068408], "pixel_bbox": [1169, 1088, 1304, 1186], "area_m2": 33.164}}, {"type": "Feature", "geometry": {"type": "Polygon", "coordinates": [[[76.88109773689473, 43.203231472128095], [76.88110874188656, 43.20319361991599], [76.88098346160737, 43.20313952930227], [76.88097979336023, 43.20313896282033], [76.88098762982902, 43.20311200886093], [76.88101233209241, 43.2030816090668], [76.88095954633569, 43.203058818420864], [76.8809319154916, 43.203054550015445], [76.88091521018562, 43.20311200886093], [76.88088092192483, 43.203154205619676], [76.8808224210458, 43.203145168433316], [76.88079486990456, 43.20323993197342], [76.8808234667367, 43.20325227883435], [76.8808122087932, 43.20329100104871], [76.88075081402101, 43.2032815199686], [76.88079040183769, 43.20329861224344], [76.88075826419201, 43.203338162233216], [76.88074332080856, 43.20338956060999], [76.88072243807179, 43.20341525978213], [76.88071924147759, 43.20342625458792], [76.88079736818386, 43.20345998617249], [76.8808826308822, 43.203473157442836], [76.88089796952843, 43.203420399615275], [76.88089379298104, 43.20342553944797], [76.88095655419656, 43.20320966952395], [76.88109773689473, 43.203231472128095]]]}, "properties": {"id": 49, "class": "building", "confidence": 100.0, "source": "Almaty_7", "source_model": "msft-buildings", "centroid_wkt": "POINT (76.88088689530353 43.2032700361415)", "bbox": [76.88071924147759, 43.203054550015445, 76.88110874188656, 43.203473157442836], "pixel_bbox": [2360, 392, 2941, 1016], "area_m2": 560.486}}, {"type": "Feature", "geometry": {"type": "Polygon", "coordinates": [[[76.88165850976182, 43.203443950188024], [76.88168902073578, 43.20337268546252], [76.88164013748889, 43.20336156530485], [76.88158445496141, 43.203491623389915], [76.88154534836389, 43.2034827272813], [76.88155984107652, 43.20344887656857], [76.88150362534257, 43.20343608840306], [76.88144184062031, 43.2035803992358], [76.8816300411209, 43.203623211678135], [76.88170250468401, 43.203453958316494], [76.88165850976182, 43.203443950188024]]]}, "properties": {"id": 50, "class": "building", "confidence": 100.0, "source": "Almaty_7", "source_model": "msft-buildings", "centroid_wkt": "POINT (76.88158183774013 43.20351275951267)", "bbox": [76.88144184062031, 43.20336156530485, 76.88170250468401, 43.203623211678135], "pixel_bbox": [3438, 168, 3827, 558], "area_m2": 313.459}}, {"type": "Feature", "geometry": {"type": "Polygon", "coordinates": [[[76.8812166813333, 43.203258554971846], [76.8811947542721, 43.203305954121255], [76.88125598214268, 43.20332100388773], [76.8812779132902, 43.203273605754426], [76.8812166813333, 43.203258554971846]]]}, "properties": {"id": 51, "class": "building", "confidence": 100.0, "source": "Almaty_7", "source_model": "msft-buildings", "centroid_wkt": "POINT (76.88123633288055 43.20328977941963)", "bbox": [76.8811947542721, 43.203258554971846, 76.8812779132902, 43.20332100388773], "pixel_bbox": [3070, 619, 3194, 712], "area_m2": 29.184}}, {"type": "Feature", "geometry": {"type": "Polygon", "coordinates": [[[76.87916037222747, 43.20300912632691], [76.8792798261559, 43.203029608916005], [76.87925266129442, 43.20311378668221], [76.87941786611313, 43.20314210563037], [76.87944383267694, 43.20306164115765], [76.87937919350652, 43.20305055758103], [76.87940702634316, 43.20296428415096], [76.87935365164623, 43.20295513478438], [76.87934827233747, 43.20297180903712], [76.87926550615052, 43.20295762145078], [76.87927327845448, 43.202933536787626], [76.87918940523883, 43.20291915942796], [76.87916037222747, 43.20300912632691]]]}, "properties": {"id": 52, "class": "building", "confidence": 100.0, "source": "Almaty_7", "source_model": "msft-buildings", "centroid_wkt": "POINT (76.87930964484705 43.20303077439773)", "bbox": [76.87916037222747, 43.20291915942796, 76.87944383267694, 43.20314210563037], "pixel_bbox": [36, 886, 458, 1218], "area_m2": 296.078}}, {"type": "Feature", "geometry": {"type": "Polygon", "coordinates": [[[76.88109348316995, 43.20262209279603], [76.88109474958829, 43.20261761255877], [76.88221141964942, 43.20278533101053], [76.88224144815909, 43.202679098656866], [76.88113505468242, 43.2025129798567], [76.88113366975892, 43.20251787934075], [76.88000413483533, 43.202348227902334], [76.87997422465284, 43.2024540422222], [76.88109348316995, 43.20262209279603]]]}, "properties": {"id": 53, "class": "building", "confidence": 100.0, "source": "Almaty_7", "source_model": "msft-buildings", "centroid_wkt": "POINT (76.88110890584429 43.20256684984137)", "bbox": [76.87997422465284, 43.202348227902334, 76.88224144815909, 43.20278533101053], "pixel_bbox": [1249, 1418, 4631, 2070], "area_m2": 2230.25}}, {"type": "Feature", "geometry": {"type": "Polygon", "coordinates": [[[76.87956108548997, 43.203328268012534], [76.879524318527, 43.20332003916291], [76.87951227696922, 43.20334862636055], [76.87955639732475, 43.203358500975334], [76.87953984018282, 43.20339780834384], [76.87963053202476, 43.203418106145016], [76.87960225520273, 43.20348523645826], [76.87971255392551, 43.203509928079235], [76.87972728616114, 43.20347495318255], [76.87978366217101, 43.203487570719474], [76.87982505502588, 43.20338930239531], [76.87979073919378, 43.20338162214338], [76.87982385347769, 43.20330300736018], [76.87973665303679, 43.203283490935085], [76.8797301976813, 43.203298812756586], [76.87958699597756, 43.203266755317024], [76.87956108548997, 43.203328268012534]]]}, "properties": {"id": 54, "class": "building", "confidence": 100.0, "source": "Almaty_7", "source_model": "msft-buildings", "centroid_wkt": "POINT (76.87968489527911 43.20338085049723)", "bbox": [76.87951227696922, 43.203266755317024, 76.87982505502588, 43.203509928079235], "pixel_bbox": [561, 337, 1027, 700], "area_m2": 428.798}}, {"type": "Feature", "geometry": {"type": "Polygon", "coordinates": [[[76.88131230349205, 43.201583493380504], [76.88134285009247, 43.20147873531429], [76.88050111516131, 43.20134831432893], [76.88047056856085, 43.20145307261909], [76.88131230349205, 43.201583493380504]]]}, "properties": {"id": 55, "class": "building", "confidence": 100.0, "source": "Almaty_7", "source_model": "msft-buildings", "centroid_wkt": "POINT (76.88090670918339 43.20146590388783)", "bbox": [76.88047056856085, 43.20134831432893, 76.88134285009247, 43.201583493380504], "pixel_bbox": [1990, 3210, 3290, 3561], "area_m2": 832.161}}, {"type": "Feature", "geometry": {"type": "Polygon", "coordinates": [[[76.87931728577038, 43.203605095542805], [76.87933951931907, 43.20353776199994], [76.8792913487931, 43.20352930819787], [76.8792691144774, 43.20359664407301], [76.87931728577038, 43.203605095542805]]]}, "properties": {"id": 56, "class": "building", "confidence": 100.0, "source": "Almaty_7", "source_model": "msft-buildings", "centroid_wkt": "POINT (76.87930431695108 43.203567202428665)", "bbox": [76.8792691144774, 43.20352930819787, 76.87933951931907, 43.203605095542805], "pixel_bbox": [198, 195, 303, 308], "area_m2": 30.983}}, {"type": "Feature", "geometry": {"type": "Polygon", "coordinates": [[[76.87939006884376, 43.203505676418], [76.87924642963415, 43.203476950652046], [76.87923479539138, 43.203507861254835], [76.87937843736118, 43.20353658755822], [76.87939006884376, 43.203505676418]]]}, "properties": {"id": 57, "class": "building", "confidence": 100.0, "source": "Almaty_7", "source_model": "msft-buildings", "centroid_wkt": "POINT (76.87931243278379 43.203506769019135)", "bbox": [76.87923479539138, 43.203476950652046, 76.87939006884376, 43.20353658755822], "pixel_bbox": [147, 297, 378, 386], "area_m2": 43.106}}, {"type": "Feature", "geometry": {"type": "Polygon", "coordinates": [[[76.88584254960958, 43.20160919587894], [76.88583414131091, 43.20164126264329], [76.88592346058753, 43.20165370757638], [76.88593186591581, 43.20162164040472], [76.88584254960958, 43.20160919587894]]]}, "properties": {"id": 58, "class": "building", "confidence": 100.0, "source": "Almaty_7", "source_model": "msft-buildings", "centroid_wkt": "POINT (76.8858830043312 43.20163145171445)", "bbox": [76.88583414131091, 43.20160919587894, 76.88593186591581, 43.20165370757638], "pixel_bbox": [9988, 3105, 10134, 3172], "area_m2": 26.806}}, {"type": "Feature", "geometry": {"type": "Polygon", "coordinates": [[[76.87924145263966, 43.20339914005113], [76.87925725237805, 43.20334488580146], [76.87923671992132, 43.203341708730434], [76.87925742302679, 43.20327061687825], [76.87913607805967, 43.20325184064714], [76.87913607805967, 43.20338283502372], [76.87924145263966, 43.20339914005113]]]}, "properties": {"id": 59, "class": "building", "confidence": 100.0, "source": "Almaty_7", "source_model": "msft-buildings", "centroid_wkt": "POINT (76.87919220478128 43.20332541232364)", "bbox": [76.87913607805967, 43.20325184064714, 76.87925742302679, 43.20339914005113], "pixel_bbox": [0, 502, 180, 722], "area_m2": 132.445}}, {"type": "Feature", "geometry": {"type": "Polygon", "coordinates": [[[76.87973376759027, 43.19983127030601], [76.87986152477825, 43.1998470572484], [76.87989360286124, 43.19970910902023], [76.87976584419982, 43.199693328378316], [76.87973376759027, 43.19983127030601]]]}, "properties": {"id": 60, "class": "building", "confidence": 100.0, "source": "Almaty_7", "source_model": "msft-buildings", "centroid_wkt": "POINT (76.87981368534392 43.199770191297596)", "bbox": [76.87973376759027, 43.199693328378316, 76.87989360286124, 43.1998470572484], "pixel_bbox": [891, 5800, 1129, 6029], "area_m2": 163.704}}, {"type": "Feature", "geometry": {"type": "Polygon", "coordinates": [[[76.8791658331342, 43.20363266578737], [76.87918103995656, 43.20359485787765], [76.87913607805967, 43.203585249127904], [76.87913607805967, 43.203626306872486], [76.8791658331342, 43.20363266578737]]]}, "properties": {"id": 61, "class": "building", "confidence": 100.0, "source": "Almaty_7", "source_model": "msft-buildings", "centroid_wkt": "POINT (76.87915501521708 43.20360843231736)", "bbox": [76.87913607805967, 43.203585249127904, 76.87918103995656, 43.20363266578737], "pixel_bbox": [0, 154, 67, 225], "area_m2": 13.849}}, {"type": "Feature", "geometry": {"type": "Polygon", "coordinates": [[[76.88299003680876, 43.20351867671015], [76.8829946344689, 43.20346413889029], [76.88288240548076, 43.20345911185054], [76.88287780782062, 43.2035136496749], [76.88299003680876, 43.20351867671015]]]}, "properties": {"id": 62, "class": "building", "confidence": 100.0, "source": "Almaty_7", "source_model": "msft-buildings", "centroid_wkt": "POINT (76.88293622114399 43.20348889428141)", "bbox": [76.88287780782062, 43.20345911185054, 76.8829946344689, 43.20351867671015], "pixel_bbox": [5580, 324, 5754, 413], "area_m2": 55.473}}, {"type": "Feature", "geometry": {"type": "Polygon", "coordinates": [[[76.88171099195242, 43.201870930059506], [76.88175580789729, 43.201759263371684], [76.88163849507687, 43.20173425169476], [76.88159368900862, 43.20184592053411], [76.88171099195242, 43.201870930059506]]]}, "properties": {"id": 63, "class": "building", "confidence": 100.0, "source": "Almaty_7", "source_model": "msft-buildings", "centroid_wkt": "POINT (76.88167474629505 43.201802590629406)", "bbox": [76.88159368900862, 43.20173425169476, 76.88175580789729, 43.201870930059506], "pixel_bbox": [3665, 2781, 3906, 2985], "area_m2": 128.398}}, {"type": "Feature", "geometry": {"type": "Polygon", "coordinates": [[[76.88045992262492, 43.20356681523377], [76.88047643941614, 43.20349855303525], [76.88038539315329, 43.20348685257822], [76.88036887636207, 43.203555114789836], [76.88045992262492, 43.20356681523377]]]}, "properties": {"id": 64, "class": "building", "confidence": 100.0, "source": "Almaty_7", "source_model": "msft-buildings", "centroid_wkt": "POINT (76.88042265788773 43.203526833908896)", "bbox": [76.88036887636207, 43.20348685257822, 76.88047643941614, 43.20356681523377], "pixel_bbox": [1838, 252, 1998, 372], "area_m2": 57.86}}, {"type": "Feature", "geometry": {"type": "Polygon", "coordinates": [[[76.87943290420078, 43.203280760028655], [76.8795474844181, 43.20331168870512], [76.87958728358106, 43.20323333216502], [76.87947270736854, 43.20320241037515], [76.87943290420078, 43.203280760028655]]]}, "properties": {"id": 65, "class": "building", "confidence": 100.0, "source": "Almaty_7", "source_model": "msft-buildings", "centroid_wkt": "POINT (76.87951009532331 43.20325704836244)", "bbox": [76.87943290420078, 43.20320241037515, 76.87958728358106, 43.20331168870512], "pixel_bbox": [442, 633, 672, 796], "area_m2": 92.172}}, {"type": "Feature", "geometry": {"type": "Polygon", "coordinates": [[[76.88086705872787, 43.200044716767806], [76.88085904177014, 43.20011383973548], [76.88092029473479, 43.20011761485426], [76.8809283120524, 43.20004848878792], [76.88086705872787, 43.200044716767806]]]}, "properties": {"id": 66, "class": "building", "confidence": 100.0, "source": "Almaty_7", "source_model": "msft-buildings", "centroid_wkt": "POINT (76.88089367705012 43.20008116505041)", "bbox": [76.88085904177014, 43.200044716767806, 76.8809283120524, 43.20011761485426], "pixel_bbox": [2569, 5396, 2672, 5505], "area_m2": 38.505}}, {"type": "Feature", "geometry": {"type": "Polygon", "coordinates": [[[76.87932026056328, 43.200585301060514], [76.87932378358155, 43.200655595383836], [76.8793746776223, 43.20065423997544], [76.87936909951004, 43.200542940590324], [76.87932624137045, 43.20054408198895], [76.87932829646446, 43.20058508704843], [76.87932026056328, 43.200585301060514]]]}, "properties": {"id": 67, "class": "building", "confidence": 100.0, "source": "Almaty_7", "source_model": "msft-buildings", "centroid_wkt": "POINT (76.8793478739057 43.20060140359394)", "bbox": [76.87932026056328, 43.200542940590324, 76.8793746776223, 43.200655595383836], "pixel_bbox": [274, 4594, 355, 4762], "area_m2": 48.236}}, {"type": "Feature", "geometry": {"type": "Polygon", "coordinates": [[[76.8868012054156, 43.202674214226015], [76.88677262629272, 43.202770448522806], [76.88687223941088, 43.20278616203308], [76.88687223941088, 43.202685423153014], [76.8868012054156, 43.202674214226015]]]}, "properties": {"id": 68, "class": "building", "confidence": 100.0, "source": "Almaty_7", "source_model": "msft-buildings", "centroid_wkt": "POINT (76.88682917848351 43.20273181088505)", "bbox": [76.88677262629272, 43.202674214226015, 76.88687223941088, 43.20278616203308], "pixel_bbox": [11388, 1417, 11537, 1583], "area_m2": 77.61}}, {"type": "Feature", "geometry": {"type": "Polygon", "coordinates": [[[76.88250844086585, 43.20346251118524], [76.88255779001813, 43.20346901423129], [76.88254370360845, 43.20352581200232], [76.8826683751511, 43.20354224073184], [76.88269420023553, 43.203438111472565], [76.88277211994969, 43.2034483794438], [76.88275474671109, 43.20351843004418], [76.88285863966328, 43.203532120654074], [76.8828938556875, 43.20339012614198], [76.88253802232616, 43.20334323568121], [76.88250844086585, 43.20346251118524]]]}, "properties": {"id": 69, "class": "building", "confidence": 100.0, "source": "Almaty_7", "source_model": "msft-buildings", "centroid_wkt": "POINT (76.88269151581814 43.20343915475511)", "bbox": [76.88250844086585, 43.20334323568121, 76.8828938556875, 43.20354224073184], "pixel_bbox": [5029, 289, 5604, 586], "area_m2": 449.378}}, {"type": "Feature", "geometry": {"type": "Polygon", "coordinates": [[[76.88311755015893, 43.203732425409314], [76.88308017608841, 43.20372739936108], [76.88308669563563, 43.20370164054683], [76.88303481787494, 43.2036946613986], [76.88304935403957, 43.203637228781], [76.88296894250638, 43.203626415056725], [76.88294405771771, 43.20372473523703], [76.88284030090065, 43.20371078206406], [76.88284682344324, 43.203685011408155], [76.88279494568255, 43.20367803225801], [76.88278363695588, 43.20372271319168], [76.88270688038797, 43.20371239100077], [76.88270081219731, 43.20373635739088], [76.88311655459727, 43.20373635739088], [76.88311755015893, 43.203732425409314]]]}, "properties": {"id": 70, "class": "building", "confidence": 100.0, "source": "Almaty_7", "source_model": "msft-buildings", "centroid_wkt": "POINT (76.88293823931099 43.2037013753837)", "bbox": [76.88270081219731, 43.203626415056725, 76.88311755015893, 43.20373635739088], "pixel_bbox": [5316, 0, 5937, 163], "area_m2": 157.287}}, {"type": "Feature", "geometry": {"type": "Polygon", "coordinates": [[[76.88658822050944, 43.201518631599626], [76.88659798344263, 43.20149325516904], [76.8865432784377, 43.20148206899475], [76.88653630491402, 43.20150019502101], [76.88642065129018, 43.201476545967694], [76.88638577560477, 43.201567174403756], [76.88687223941088, 43.20166664714877], [76.88687223941088, 43.201576708212826], [76.88658822050944, 43.201518631599626]]]}, "properties": {"id": 71, "class": "building", "confidence": 100.0, "source": "Almaty_7", "source_model": "msft-buildings", "centroid_wkt": "POINT (76.88663131964275 43.20156994451065)", "bbox": [76.88638577560477, 43.201476545967694, 76.88687223941088, 43.20166664714877], "pixel_bbox": [10811, 3086, 11537, 3370], "area_m2": 403.709}}, {"type": "Feature", "geometry": {"type": "Polygon", "coordinates": [[[76.87951197198126, 43.203671664528976], [76.87931753164119, 43.20362605382649], [76.87929484908956, 43.20367743183026], [76.87926082203006, 43.20366944996054], [76.87923657516451, 43.20372437123424], [76.87928767273499, 43.20373635739088], [76.87948341110973, 43.20373635739088], [76.87951197198126, 43.203671664528976]]]}, "properties": {"id": 72, "class": "building", "confidence": 100.0, "source": "Almaty_7", "source_model": "msft-buildings", "centroid_wkt": "POINT (76.87937477278196 43.20369245944193)", "bbox": [76.87923657516451, 43.20362605382649, 76.87951197198126, 43.20373635739088], "pixel_bbox": [149, 0, 560, 164], "area_m2": 187.8}}, {"type": "Feature", "geometry": {"type": "Polygon", "coordinates": [[[76.88018905435503, 43.203017866237005], [76.88015351906999, 43.203110321722065], [76.88028532997694, 43.20313724029911], [76.88032086526198, 43.20304478485484], [76.88018905435503, 43.203017866237005]]]}, "properties": {"id": 73, "class": "building", "confidence": 100.0, "source": "Almaty_7", "source_model": "msft-buildings", "centroid_wkt": "POINT (76.88023719216183 43.203077553276486)", "bbox": [76.88015351906999, 43.203017866237005, 76.88032086526198, 43.20313724029911], "pixel_bbox": [1517, 893, 1766, 1071], "area_m2": 118.67}}, {"type": "Feature", "geometry": {"type": "Polygon", "coordinates": [[[76.87919330903728, 43.19864698192506], [76.87923566122085, 43.198456428945065], [76.87913607805967, 43.198456428945065], [76.87913607805967, 43.198640219276584], [76.87919330903728, 43.19864698192506]]]}, "properties": {"id": 74, "class": "building", "confidence": 100.0, "source": "Almaty_7", "source_model": "msft-buildings", "centroid_wkt": "POINT (76.87917651141086 43.19854179482859)", "bbox": [76.87913607805967, 43.198456428945065, 76.87923566122085, 43.19864698192506], "pixel_bbox": [0, 7589, 148, 7874], "area_m2": 133.163}}, {"type": "Feature", "geometry": {"type": "Polygon", "coordinates": [[[76.88021588275853, 43.203630417215315], [76.88022559171597, 43.20359671131764], [76.88027697008025, 43.20360457739176], [76.88030987265816, 43.2034903517258], [76.88019940917495, 43.2034734396335], [76.88017783371401, 43.203548341754434], [76.88007507698545, 43.203532609590674], [76.88005404091105, 43.203605639088885], [76.88021588275853, 43.203630417215315]]]}, "properties": {"id": 75, "class": "building", "confidence": 100.0, "source": "Almaty_7", "source_model": "msft-buildings", "centroid_wkt": "POINT (76.88019247079932 43.20355820479497)", "bbox": [76.88005404091105, 43.2034734396335, 76.88030987265816, 43.203630417215315], "pixel_bbox": [1368, 157, 1750, 392], "area_m2": 208.468}}, {"type": "Feature", "geometry": {"type": "Polygon", "coordinates": [[[76.88686720345427, 43.20038226324657], [76.88687223941088, 43.200382856500326], [76.88687223941088, 43.20035954691927], [76.88686720345427, 43.20038226324657]]]}, "properties": {"id": 76, "class": "building", "confidence": 100.0, "source": "Almaty_7", "source_model": "msft-buildings", "centroid_wkt": "POINT (76.88687056075867 43.200374888888724)", "bbox": [76.88686720345427, 43.20035954691927, 76.88687223941088, 43.200382856500326], "pixel_bbox": [11529, 5001, 11537, 5035], "area_m2": 0.53}}, {"type": "Feature", "geometry": {"type": "Polygon", "coordinates": [[[76.88675365129343, 43.20182047809382], [76.8867590768711, 43.20180591030693], [76.8865517356015, 43.20176487759505], [76.88651511295211, 43.20186321015517], [76.88687223941088, 43.201933885132306], [76.88687223941088, 43.2018439465907], [76.88675365129343, 43.20182047809382]]]}, "properties": {"id": 77, "class": "building", "confidence": 100.0, "source": "Almaty_7", "source_model": "msft-buildings", "centroid_wkt": "POINT (76.88669670936477 43.201849756435664)", "bbox": [76.88651511295211, 43.20176487759505, 76.88687223941088, 43.201933885132306], "pixel_bbox": [11004, 2688, 11537, 2940], "area_m2": 306.63}}, {"type": "Feature", "geometry": {"type": "Polygon", "coordinates": [[[76.88444624707853, 43.2010696953783], [76.88440866927978, 43.20118729888327], [76.8855230199616, 43.20137650425944], [76.88556061499187, 43.20125884719143], [76.88444624707853, 43.2010696953783]]]}, "properties": {"id": 78, "class": "building", "confidence": 100.0, "source": "Almaty_7", "source_model": "msft-buildings", "centroid_wkt": "POINT (76.88498468012844 43.201223093608206)", "bbox": [76.88440866927978, 43.2010696953783, 76.88556061499187, 43.20137650425944], "pixel_bbox": [7863, 3519, 9580, 3976], "area_m2": 1247.787}}, {"type": "Feature", "geometry": {"type": "Polygon", "coordinates": [[[76.88118033573069, 43.20348416705057], [76.8814213853847, 43.2035236914099], [76.88146962557562, 43.203367369843384], [76.88139451083595, 43.20335505342284], [76.88137441670918, 43.203420188446806], [76.88120846750816, 43.203392978093206], [76.88118033573069, 43.20348416705057]]]}, "properties": {"id": 79, "class": "building", "confidence": 100.0, "source": "Almaty_7", "source_model": "msft-buildings", "centroid_wkt": "POINT (76.88133442463398 43.20344658230119)", "bbox": [76.88118033573069, 43.20335505342284, 76.88146962557562, 43.2035236914099], "pixel_bbox": [3048, 317, 3480, 568], "area_m2": 254.918}}, {"type": "Feature", "geometry": {"type": "Polygon", "coordinates": [[[76.88607897362282, 43.202276719379505], [76.88605029960773, 43.20235311819766], [76.8862174932631, 43.202386461298886], [76.88624616727819, 43.20231006252247], [76.88607897362282, 43.202276719379505]]]}, "properties": {"id": 80, "class": "building", "confidence": 100.0, "source": "Almaty_7", "source_model": "msft-buildings", "centroid_wkt": "POINT (76.88614823343609 43.202331590347654)", "bbox": [76.88605029960773, 43.202276719379505, 76.88624616727819, 43.202386461298886], "pixel_bbox": [10311, 2013, 10603, 2176], "area_m2": 123.966}}, {"type": "Feature", "geometry": {"type": "Polygon", "coordinates": [[[76.8798068011947, 43.20312181903822], [76.87978179870782, 43.20321111944312], [76.88001354173088, 43.203245606609556], [76.88003854739557, 43.20315629490506], [76.8798068011947, 43.20312181903822]]]}, "properties": {"id": 81, "class": "building", "confidence": 100.0, "source": "Almaty_7", "source_model": "msft-buildings", "centroid_wkt": "POINT (76.87991017470131 43.20318371036219)", "bbox": [76.87978179870782, 43.20312181903822, 76.88003854739557, 43.203245606609556], "pixel_bbox": [962, 731, 1345, 916], "area_m2": 194.651}}, {"type": "Feature", "geometry": {"type": "Polygon", "coordinates": [[[76.87977912543806, 43.20281045111248], [76.87974143170956, 43.202899755206786], [76.87978553645877, 43.20290964665222], [76.87982323018727, 43.20282034257241], [76.87977912543806, 43.20281045111248]]]}, "properties": {"id": 82, "class": "building", "confidence": 100.0, "source": "Almaty_7", "source_model": "msft-buildings", "centroid_wkt": "POINT (76.87978233094827 43.20286004888491)", "bbox": [76.87974143170956, 43.20281045111248, 76.87982323018727, 43.20290964665222], "pixel_bbox": [902, 1232, 1024, 1380], "area_m2": 38.93}}, {"type": "Feature", "geometry": {"type": "Polygon", "coordinates": [[[76.88027871020833, 43.20109595408714], [76.88041553128012, 43.20068409293153], [76.88026097975222, 43.20065681056584], [76.8801241586804, 43.20106867190562], [76.88027871020833, 43.20109595408714]]]}, "properties": {"id": 83, "class": "building", "confidence": 100.0, "source": "Almaty_7", "source_model": "msft-buildings", "centroid_wkt": "POINT (76.8802698449791 43.20087638235874)", "bbox": [76.8801241586804, 43.20065681056584, 76.88041553128012, 43.20109595408714], "pixel_bbox": [1473, 3937, 1908, 4592], "area_m2": 608.458}}, {"type": "Feature", "geometry": {"type": "Polygon", "coordinates": [[[76.88294566740254, 43.20345302461537], [76.88295644244283, 43.20340343505876], [76.88289626132106, 43.20339648708728], [76.88288548628077, 43.203446076649534], [76.88294566740254, 43.20345302461537]]]}, "properties": {"id": 84, "class": "building", "confidence": 100.0, "source": "Almaty_7", "source_model": "msft-buildings", "centroid_wkt": "POINT (76.88292096436126 43.203424755852595)", "bbox": [76.88288548628077, 43.20339648708728, 76.88295644244283, 43.20345302461537], "pixel_bbox": [5591, 422, 5697, 506], "area_m2": 27.622}}, {"type": "Feature", "geometry": {"type": "Polygon", "coordinates": [[[76.88519883030783, 43.20027360558376], [76.88512815473004, 43.20027015841361], [76.88511813907905, 43.20037916311099], [76.88518882507587, 43.20038261078315], [76.88519883030783, 43.20027360558376]]]}, "properties": {"id": 85, "class": "building", "confidence": 100.0, "source": "Almaty_7", "source_model": "msft-buildings", "centroid_wkt": "POINT (76.88515848717489 43.20032638581182)", "bbox": [76.88511813907905, 43.20027015841361, 76.88519883030783, 43.20038261078315], "pixel_bbox": [8921, 5001, 9041, 5169], "area_m2": 69.879}}, {"type": "Feature", "geometry": {"type": "Polygon", "coordinates": [[[76.87941631438362, 43.19846452798835], [76.8797149439698, 43.198500653381615], [76.87970194896573, 43.19855774017038], [76.88002562961564, 43.19859689594446], [76.8800509334795, 43.19848573660688], [76.88001699960135, 43.1984816298748], [76.88002273623074, 43.198456428945065], [76.87941815879142, 43.198456428945065], [76.87941631438362, 43.19846452798835]]]}, "properties": {"id": 86, "class": "building", "confidence": 100.0, "source": "Almaty_7", "source_model": "msft-buildings", "centroid_wkt": "POINT (76.87983532848091 43.198510574883784)", "bbox": [76.87941631438362, 43.198456428945065, 76.8800509334795, 43.19859689594446], "pixel_bbox": [417, 7664, 1364, 7874], "area_m2": 426.964}}, {"type": "Feature", "geometry": {"type": "Polygon", "coordinates": [[[76.88081387016372, 43.20313165114812], [76.8808787634792, 43.20315041267644], [76.88094402873608, 43.20303046630353], [76.8808791354206, 43.20301170473832], [76.88081387016372, 43.20313165114812]]]}, "properties": {"id": 87, "class": "building", "confidence": 100.0, "source": "Almaty_7", "source_model": "msft-buildings", "centroid_wkt": "POINT (76.88087894944992 43.20308105871352)", "bbox": [76.88081387016372, 43.20301170473832, 76.88094402873608, 43.20315041267644], "pixel_bbox": [2502, 873, 2696, 1080], "area_m2": 81.335}}, {"type": "Feature", "geometry": {"type": "Polygon", "coordinates": [[[76.88082197823334, 43.20196743581185], [76.88071440958842, 43.202329771571634], [76.8808641909033, 43.20235339907602], [76.88097179278074, 43.20199106869891], [76.88082197823334, 43.20196743581185]]]}, "properties": {"id": 88, "class": "building", "confidence": 100.0, "source": "Almaty_7", "source_model": "msft-buildings", "centroid_wkt": "POINT (76.8808430948632 43.20216041208224)", "bbox": [76.88071440958842, 43.20196743581185, 76.88097179278074, 43.20235339907602], "pixel_bbox": [2353, 2062, 2737, 2638], "area_m2": 513.029}}, {"type": "Feature", "geometry": {"type": "Polygon", "coordinates": [[[76.8814176071295, 43.199736531623316], [76.88154177494273, 43.19975841912933], [76.88157118736555, 43.19966975150693], [76.88144701955233, 43.199647863969126], [76.8814176071295, 43.199736531623316]]]}, "properties": {"id": 89, "class": "building", "confidence": 100.0, "source": "Almaty_7", "source_model": "msft-buildings", "centroid_wkt": "POINT (76.88149439724423 43.19970314155597)", "bbox": [76.8814176071295, 43.199647863969126, 76.88157118736555, 43.19975841912933], "pixel_bbox": [3402, 5932, 3631, 6097], "area_m2": 105.225}}, {"type": "Feature", "geometry": {"type": "Polygon", "coordinates": [[[76.88250798080641, 43.203525858148936], [76.88247618301006, 43.20366471372589], [76.8825701249929, 43.203676144071835], [76.88260192278925, 43.2035372885209], [76.88250798080641, 43.203525858148936]]]}, "properties": {"id": 90, "class": "building", "confidence": 100.0, "source": "Almaty_7", "source_model": "msft-buildings", "centroid_wkt": "POINT (76.88253905289838 43.203601001116)", "bbox": [76.88247618301006, 43.203525858148936, 76.88260192278925, 43.203676144071835], "pixel_bbox": [4981, 89, 5168, 313], "area_m2": 121.059}}, {"type": "Feature", "geometry": {"type": "Polygon", "coordinates": [[[76.87919980042922, 43.19902552312972], [76.8792143330599, 43.198938829433025], [76.87913607805967, 43.19893186232498], [76.87913607805967, 43.19901984988199], [76.87919980042922, 43.19902552312972]]]}, "properties": {"id": 91, "class": "building", "confidence": 100.0, "source": "Almaty_7", "source_model": "msft-buildings", "centroid_wkt": "POINT (76.87917169636337 43.198977526178936)", "bbox": [76.87913607805967, 43.19893186232498, 76.8792143330599, 43.19902552312972], "pixel_bbox": [0, 7025, 116, 7164], "area_m2": 56.4}}, {"type": "Feature", "geometry": {"type": "Polygon", "coordinates": [[[76.88554645027317, 43.20034089812467], [76.8854999225901, 43.20033803768064], [76.88548980678614, 43.200425401308], [76.88542322552276, 43.200421308009076], [76.88541355931012, 43.20050478869728], [76.88560924579427, 43.200516819140795], [76.88561835541033, 43.20043808013835], [76.8855357946437, 43.20043300023649], [76.88554645027317, 43.20034089812467]]]}, "properties": {"id": 92, "class": "building", "confidence": 100.0, "source": "Almaty_7", "source_model": "msft-buildings", "centroid_wkt": "POINT (76.88551542358981 43.20045231151805)", "bbox": [76.88541355931012, 43.20033803768064, 76.88561835541033, 43.200516819140795], "pixel_bbox": [9361, 4801, 9667, 5067], "area_m2": 181.961}}, {"type": "Feature", "geometry": {"type": "Polygon", "coordinates": [[[76.8863868934383, 43.20187971176423], [76.886305369087, 43.20186824896669], [76.88621707969145, 43.20220190203561], [76.88629863492932, 43.202213369113274], [76.8863868934383, 43.20187971176423]]]}, "properties": {"id": 93, "class": "building", "confidence": 100.0, "source": "Almaty_7", "source_model": "msft-buildings", "centroid_wkt": "POINT (76.88630199150028 43.20204081849647)", "bbox": [76.88621707969145, 43.20186824896669, 76.8863868934383, 43.202213369113274], "pixel_bbox": [10559, 2271, 10813, 2785], "area_m2": 254.788}}, {"type": "Feature", "geometry": {"type": "Polygon", "coordinates": [[[76.8868572652056, 43.2009715466945], [76.88687223941088, 43.20091968042358], [76.88687223941088, 43.200453755291655], [76.88678530186887, 43.200440413341546], [76.88673124802492, 43.20062764083963], [76.88674028735579, 43.20062902806506], [76.88673243174475, 43.20065622862494], [76.88672339478721, 43.200654842225426], [76.8866669239506, 43.20085044081372], [76.88663228041928, 43.20084512424604], [76.88657226154596, 43.201052942423125], [76.88687223941088, 43.20109897833546], [76.88687223941088, 43.200973844705175], [76.8868572652056, 43.2009715466945]]]}, "properties": {"id": 94, "class": "building", "confidence": 100.0, "source": "Almaty_7", "source_model": "msft-buildings", "centroid_wkt": "POINT (76.8867666372045 43.200824516805795)", "bbox": [76.88657226154596, 43.200440413341546, 76.88687223941088, 43.20109897833546], "pixel_bbox": [11089, 3933, 11537, 4915], "area_m2": 1088.032}}, {"type": "Feature", "geometry": {"type": "Polygon", "coordinates": [[[76.8812708081853, 43.203667768764774], [76.8811388316426, 43.20366154074775], [76.88113218677852, 43.20373635739088], [76.88126470987825, 43.20373635739088], [76.8812708081853, 43.203667768764774]]]}, "properties": {"id": 95, "class": "building", "confidence": 100.0, "source": "Almaty_7", "source_model": "msft-buildings", "centroid_wkt": "POINT (76.88120067691656 43.20370048322434)", "bbox": [76.88113218677852, 43.20366154074775, 76.8812708081853, 43.20373635739088], "pixel_bbox": [2976, 0, 3183, 111], "area_m2": 85.798}}, {"type": "Feature", "geometry": {"type": "Polygon", "coordinates": [[[76.88167343340898, 43.20328739614096], [76.8816914070048, 43.203225656674526], [76.8816503409239, 43.2032193044343], [76.88163236732812, 43.203281043907175], [76.88167343340898, 43.20328739614096]]]}, "properties": {"id": 96, "class": "building", "confidence": 100.0, "source": "Almaty_7", "source_model": "msft-buildings", "centroid_wkt": "POINT (76.88166188716616 43.203253350288946)", "bbox": [76.88163236732812, 43.2032193044343, 76.8816914070048, 43.20328739614096], "pixel_bbox": [3722, 669, 3810, 771], "area_m2": 23.923}}, {"type": "Feature", "geometry": {"type": "Polygon", "coordinates": [[[76.87915631651518, 43.19943884608474], [76.87920455846182, 43.199435732528244], [76.87928174557644, 43.199446392951224], [76.87934363427928, 43.19944239862753], [76.87934729905517, 43.199472597066325], [76.87928298018142, 43.199476744950694], [76.87937618613913, 43.199489612994796], [76.8793739128602, 43.19947088075842], [76.87945673868097, 43.19946553937192], [76.87938122232991, 43.19945511355663], [76.87937187846875, 43.199378179207635], [76.87935899935326, 43.19942773361778], [76.8793212928577, 43.19942252591829], [76.87933677210617, 43.19936294507004], [76.87931234139512, 43.19935957215159], [76.87932030131807, 43.19932894507412], [76.87931554551929, 43.199289787286894], [76.8793386347301, 43.199200914878816], [76.87930228668138, 43.199195896632254], [76.87929683895203, 43.19919624795455], [76.87913607805967, 43.199174044938104], [76.87913607805967, 43.19943605092191], [76.87915631651518, 43.19943884608474]]]}, "properties": {"id": 97, "class": "building", "confidence": 100.0, "source": "Almaty_7", "source_model": "msft-buildings", "centroid_wkt": "POINT (76.8792394228718 43.19932350121273)", "bbox": [76.87913607805967, 43.199174044938104, 76.87945673868097, 43.199489612994796], "pixel_bbox": [0, 6333, 478, 6803], "area_m2": 466.235}}, {"type": "Feature", "geometry": {"type": "Polygon", "coordinates": [[[76.8859492190064, 43.20114228245897], [76.88604511623492, 43.20084180059894], [76.88588611784883, 43.20081483654224], [76.88579019325208, 43.201115313893794], [76.8859492190064, 43.20114228245897]]]}, "properties": {"id": 98, "class": "building", "confidence": 100.0, "source": "Almaty_7", "source_model": "msft-buildings", "centroid_wkt": "POINT (76.88591766020642 43.20097856267595)", "bbox": [76.88579019325208, 43.20081483654224, 76.88604511623492, 43.20114228245897], "pixel_bbox": [9923, 3868, 10303, 4356], "area_m2": 454.774}}, {"type": "Feature", "geometry": {"type": "Polygon", "coordinates": [[[76.87928265578168, 43.20050798565181], [76.87913607805967, 43.200483898105574], [76.87913607805967, 43.20098195414152], [76.87928265578168, 43.20050798565181]]]}, "properties": {"id": 99, "class": "building", "confidence": 100.0, "source": "Almaty_7", "source_model": "msft-buildings", "centroid_wkt": "POINT (76.87918493730034 43.2006579459663)", "bbox": [76.87913607805967, 43.200483898105574, 76.87928265578168, 43.20098195414152], "pixel_bbox": [0, 4107, 218, 4850], "area_m2": 329.591}}, {"type": "Feature", "geometry": {"type": "Polygon", "coordinates": [[[76.88178756947886, 43.20066431873082], [76.88182151181373, 43.20054299991886], [76.88070270458734, 43.20037666672238], [76.88066876640696, 43.20049792940225], [76.88178756947886, 43.20066431873082]]]}, "properties": {"id": 100, "class": "building", "confidence": 100.0, "source": "Almaty_7", "source_model": "msft-buildings", "centroid_wkt": "POINT (76.88124517992357 43.20052048502112)", "bbox": [76.88066876640696, 43.20037666672238, 76.88182151181373, 43.20066431873082], "pixel_bbox": [2285, 4581, 4004, 5010], "area_m2": 1276.281}}, {"type": "Feature", "geometry": {"type": "Polygon", "coordinates": [[[76.88558935702804, 43.20075909719918], [76.88561924792039, 43.20065298775864], [76.8847905218812, 43.20052893561183], [76.88476061956014, 43.20063508583882], [76.88558935702804, 43.20075909719918]]]}, "properties": {"id": 101, "class": "building", "confidence": 100.0, "source": "Almaty_7", "source_model": "msft-buildings", "centroid_wkt": "POINT (76.88518991006266 43.20064402263015)", "bbox": [76.88476061956014, 43.20052893561183, 76.88561924792039, 43.20075909719918], "pixel_bbox": [8387, 4440, 9668, 4783], "area_m2": 827.646}}, {"type": "Feature", "geometry": {"type": "Polygon", "coordinates": [[[76.88328393975111, 43.19983802871214], [76.88331211748026, 43.19973253400455], [76.88184685530686, 43.19952455834785], [76.88181867757771, 43.199630053415035], [76.88328393975111, 43.19983802871214]]]}, "properties": {"id": 102, "class": "building", "confidence": 100.0, "source": "Almaty_7", "source_model": "msft-buildings", "centroid_wkt": "POINT (76.88256539712812 43.19968129356243)", "bbox": [76.88181867757771, 43.19952455834785, 76.88331211748026, 43.19983802871214], "pixel_bbox": [4000, 5813, 6227, 6281], "area_m2": 1448.68}}, {"type": "Feature", "geometry": {"type": "Polygon", "coordinates": [[[76.87938884401751, 43.19990630839263], [76.87946529769383, 43.19964034095418], [76.87931884258347, 43.19961796938938], [76.87929138386873, 43.19971349307444], [76.87925027366232, 43.199707213345306], [76.87925081206849, 43.19970534033312], [76.87913607805967, 43.19968781429767], [76.87913607805967, 43.19986769759509], [76.87938884401751, 43.19990630839263]]]}, "properties": {"id": 103, "class": "building", "confidence": 100.0, "source": "Almaty_7", "source_model": "msft-buildings", "centroid_wkt": "POINT (76.87929829152914 43.19976958520397)", "bbox": [76.87913607805967, 43.19961796938938, 76.87946529769383, 43.19990630839263], "pixel_bbox": [0, 5711, 490, 6141], "area_m2": 579.343}}, {"type": "Feature", "geometry": {"type": "Polygon", "coordinates": [[[76.88007749240742, 43.198674017347734], [76.88006763060353, 43.19871175351805], [76.88016857315849, 43.1987257722564], [76.88017843496235, 43.19868803609475], [76.88007749240742, 43.198674017347734]]]}, "properties": {"id": 104, "class": "building", "confidence": 100.0, "source": "Almaty_7", "source_model": "msft-buildings", "centroid_wkt": "POINT (76.8801230327811 43.19869989480391)", "bbox": [76.88006763060353, 43.198674017347734, 76.88017843496235, 43.1987257722564], "pixel_bbox": [1389, 7472, 1554, 7549], "area_m2": 35.644}}, {"type": "Feature", "geometry": {"type": "Polygon", "coordinates": [[[76.88664969674542, 43.2033167829686], [76.88661778229702, 43.20340023432665], [76.88669991281952, 43.20341692323866], [76.88673182726792, 43.203333471903456], [76.88664969674542, 43.2033167829686]]]}, "properties": {"id": 105, "class": "building", "confidence": 100.0, "source": "Almaty_7", "source_model": "msft-buildings", "centroid_wkt": "POINT (76.88667480478098 43.20336685310829)", "bbox": [76.88661778229702, 43.2033167829686, 76.88673182726792, 43.20341692323866], "pixel_bbox": [11157, 476, 11327, 625], "area_m2": 66.693}}, {"type": "Feature", "geometry": {"type": "Polygon", "coordinates": [[[76.87914422646034, 43.203701220552745], [76.87915790262291, 43.20363115879029], [76.87913607805967, 43.2036288952172], [76.87913607805967, 43.20370037501226], [76.87914422646034, 43.203701220552745]]]}, "properties": {"id": 106, "class": "building", "confidence": 100.0, "source": "Almaty_7", "source_model": "msft-buildings", "centroid_wkt": "POINT (76.87914409132605 43.20366003049633)", "bbox": [76.87913607805967, 43.2036288952172, 76.87915790262291, 43.203701220552745], "pixel_bbox": [0, 52, 32, 160], "area_m2": 9.672}}, {"type": "Feature", "geometry": {"type": "Polygon", "coordinates": [[[76.87931685237024, 43.19847351506453], [76.87927913937327, 43.19846640917189], [76.87924923855533, 43.19855071878043], [76.87927438055328, 43.19855545603574], [76.879251263872, 43.19862063672137], [76.87920098072887, 43.19861115981575], [76.87918603057348, 43.198653313819584], [76.87931928090273, 43.19867842759896], [76.87933293104463, 43.19863993917765], [76.87932287441602, 43.19863804379725], [76.8793872850298, 43.198456428945065], [76.87932291203904, 43.198456428945065], [76.87931685237024, 43.19847351506453]]]}, "properties": {"id": 107, "class": "building", "confidence": 100.0, "source": "Almaty_7", "source_model": "msft-buildings", "centroid_wkt": "POINT (76.87929772414266 43.19856822117895)", "bbox": [76.87918603057348, 43.198456428945065, 76.8793872850298, 43.19867842759896], "pixel_bbox": [74, 7542, 374, 7874], "area_m2": 192.409}}, {"type": "Feature", "geometry": {"type": "Polygon", "coordinates": [[[76.88005949337868, 43.199283466972595], [76.87986343571953, 43.19924644619585], [76.87984325212338, 43.19930324836277], [76.8801071758953, 43.19935308397213], [76.88013452141267, 43.19927612624774], [76.8800666552999, 43.19926331136449], [76.88005949337868, 43.199283466972595]]]}, "properties": {"id": 108, "class": "building", "confidence": 100.0, "source": "Almaty_7", "source_model": "msft-buildings", "centroid_wkt": "POINT (76.8799946457064 43.199298095430194)", "bbox": [76.87984325212338, 43.19924644619585, 76.88013452141267, 43.19935308397213], "pixel_bbox": [1054, 6536, 1488, 6695], "area_m2": 157.629}}, {"type": "Feature", "geometry": {"type": "Polygon", "coordinates": [[[76.87959583142293, 43.20350499102664], [76.87958973499516, 43.203545562079235], [76.8796798489716, 43.20355275687761], [76.87968594539937, 43.2035121858298], [76.87959583142293, 43.20350499102664]]]}, "properties": {"id": 109, "class": "building", "confidence": 100.0, "source": "Almaty_7", "source_model": "msft-buildings", "centroid_wkt": "POINT (76.87963784019641 43.203528873953225)", "bbox": [76.87958973499516, 43.20350499102664, 76.87968594539937, 43.20355275687761], "pixel_bbox": [676, 273, 820, 345], "area_m2": 33.406}}, {"type": "Feature", "geometry": {"type": "Polygon", "coordinates": [[[76.88012350062903, 43.20108075666599], [76.87984660321878, 43.201973621627346], [76.8800022629982, 43.20199927250264], [76.88027916040845, 43.20110640791668], [76.88012350062903, 43.20108075666599]]]}, "properties": {"id": 110, "class": "building", "confidence": 100.0, "source": "Almaty_7", "source_model": "msft-buildings", "centroid_wkt": "POINT (76.88006288182486 43.20154001462436)", "bbox": [76.87984660321878, 43.20108075666599, 76.88027916040845, 43.20199927250264], "pixel_bbox": [1059, 2590, 1704, 3960], "area_m2": 1319.048}}, {"type": "Feature", "geometry": {"type": "Polygon", "coordinates": [[[76.88599400789593, 43.20114895423091], [76.88606087724938, 43.20116864590296], [76.8860944171478, 43.201108135177215], [76.88602754779434, 43.20108844348562], [76.88599400789593, 43.20114895423091]]]}, "properties": {"id": 111, "class": "building", "confidence": 100.0, "source": "Almaty_7", "source_model": "msft-buildings", "centroid_wkt": "POINT (76.88604421252069 43.20112854469801)", "bbox": [76.88599400789593, 43.20108844348562, 76.8860944171478, 43.20116864590296], "pixel_bbox": [10227, 3829, 10377, 3948], "area_m2": 42.499}}, {"type": "Feature", "geometry": {"type": "Polygon", "coordinates": [[[76.88065455028655, 43.203376678922865], [76.880670494678, 43.20328628164413], [76.88062563860015, 43.20328207782064], [76.88060969420866, 43.20337247510562], [76.88065455028655, 43.203376678922865]]]}, "properties": {"id": 112, "class": "building", "confidence": 100.0, "source": "Almaty_7", "source_model": "msft-buildings", "centroid_wkt": "POINT (76.88064009444311 43.20332937837311)", "bbox": [76.88060969420866, 43.20328207782064, 76.880670494678, 43.203376678922865], "pixel_bbox": [2197, 536, 2288, 677], "area_m2": 37.217}}, {"type": "Feature", "geometry": {"type": "Polygon", "coordinates": [[[76.88235060379223, 43.2005580789373], [76.8822263748754, 43.20088916680911], [76.88254204373065, 43.20095208931209], [76.88266624307066, 43.20062099588613], [76.88235060379223, 43.2005580789373]]]}, "properties": {"id": 113, "class": "building", "confidence": 100.0, "source": "Almaty_7", "source_model": "msft-buildings", "centroid_wkt": "POINT (76.88244631537599 43.20075508530598)", "bbox": [76.8822263748754, 43.2005580789373, 76.88266624307066, 43.20095208931209], "pixel_bbox": [4608, 4152, 5264, 4739], "area_m2": 1014.231}}, {"type": "Feature", "geometry": {"type": "Polygon", "coordinates": [[[76.88639099748916, 43.20313363783628], [76.88645132732681, 43.20314261284201], [76.88646580232273, 43.203090930746505], [76.88640546854856, 43.203081952069496], [76.88639099748916, 43.20313363783628]]]}, "properties": {"id": 114, "class": "building", "confidence": 100.0, "source": "Almaty_7", "source_model": "msft-buildings", "centroid_wkt": "POINT (76.88642839872894 43.20311228299046)", "bbox": [76.88639099748916, 43.203081952069496, 76.88646580232273, 43.20314261284201], "pixel_bbox": [10819, 885, 10930, 975], "area_m2": 29.327}}, {"type": "Feature", "geometry": {"type": "Polygon", "coordinates": [[[76.88520426257574, 43.19904066356108], [76.88517285298725, 43.1991471928821], [76.88601633322935, 43.199279352181215], [76.88604774281788, 43.199172823090926], [76.88520426257574, 43.19904066356108]]]}, "properties": {"id": 115, "class": "building", "confidence": 100.0, "source": "Almaty_7", "source_model": "msft-buildings", "centroid_wkt": "POINT (76.88561029775724 43.19916000790534)", "bbox": [76.88517285298725, 43.19904066356108, 76.88604774281788, 43.199279352181215], "pixel_bbox": [9002, 6646, 10307, 7002], "area_m2": 848.841}}, {"type": "Feature", "geometry": {"type": "Polygon", "coordinates": [[[76.88352543127701, 43.19871332394258], [76.88368651185088, 43.19874108584794], [76.8837788308007, 43.198456428945065], [76.88360877120712, 43.198456428945065], [76.88352543127701, 43.19871332394258]]]}, "properties": {"id": 116, "class": "building", "confidence": 100.0, "source": "Almaty_7", "source_model": "msft-buildings", "centroid_wkt": "POINT (76.88365129968217 43.198591938943906)", "bbox": [76.88352543127701, 43.198456428945065, 76.8837788308007, 43.19874108584794], "pixel_bbox": [6545, 7449, 6923, 7874], "area_m2": 415.832}}, {"type": "Feature", "geometry": {"type": "Polygon", "coordinates": [[[76.87963532597703, 43.20280205029885], [76.87961672669088, 43.202932760035985], [76.87965918524289, 43.20293597021973], [76.87966083672248, 43.202924364169995], [76.87973779284799, 43.202930182628705], [76.87975474151226, 43.20281107293214], [76.87963532597703, 43.20280205029885]]]}, "properties": {"id": 117, "class": "building", "confidence": 100.0, "source": "Almaty_7", "source_model": "msft-buildings", "centroid_wkt": "POINT (76.87968496021819 43.20286820610584)", "bbox": [76.87961672669088, 43.20280205029885, 76.87975474151226, 43.20293597021973], "pixel_bbox": [716, 1193, 922, 1393], "area_m2": 134.3}}, {"type": "Feature", "geometry": {"type": "Polygon", "coordinates": [[[76.88483651484944, 43.19941585344715], [76.88399386307935, 43.19928236251326], [76.8839654765316, 43.19937758423343], [76.88380924018519, 43.199352833641285], [76.88370237318193, 43.19971131422398], [76.8838662932831, 43.199737281905534], [76.88396648109862, 43.199401206564005], [76.884801449114, 43.19953347999902], [76.88483651484944, 43.19941585344715]]]}, "properties": {"id": 118, "class": "building", "confidence": 100.0, "source": "Almaty_7", "source_model": "msft-buildings", "centroid_wkt": "POINT (76.88418951232009 43.19945903861298)", "bbox": [76.88370237318193, 43.19928236251326, 76.88483651484944, 43.199737281905534], "pixel_bbox": [6809, 5963, 8501, 6642], "area_m2": 1491.29}}, {"type": "Feature", "geometry": {"type": "Polygon", "coordinates": [[[76.8797286009312, 43.20316571182089], [76.87974883048503, 43.203092428277415], [76.87967665107618, 43.203081841431526], [76.8797171101838, 43.20293527405502], [76.8796718359257, 43.20292863347956], [76.87966768488647, 43.20294366584537], [76.87960726925454, 43.20293480441876], [76.87963290730366, 43.20284192770391], [76.87961486269569, 43.20283928009698], [76.87961879067328, 43.20282505054349], [76.87959559014901, 43.20282164761403], [76.87958076979619, 43.2028753360431], [76.87950859136427, 43.202864745620495], [76.87946138971093, 43.20303573874212], [76.87943730545986, 43.20312298637578], [76.8797286009312, 43.20316571182089]]]}, "properties": {"id": 119, "class": "building", "confidence": 100.0, "source": "Almaty_7", "source_model": "msft-buildings", "centroid_wkt": "POINT (76.8795872195849 43.203023186072876)", "bbox": [76.87943730545986, 43.20282164761403, 76.87974883048503, 43.20316571182089], "pixel_bbox": [449, 851, 913, 1364], "area_m2": 553.023}}, {"type": "Feature", "geometry": {"type": "Polygon", "coordinates": [[[76.880620325792, 43.203732229185114], [76.88061934951652, 43.20373635739088], [76.88065316629744, 43.20373635739088], [76.880620325792, 43.203732229185114]]]}, "properties": {"id": 120, "class": "building", "confidence": 100.0, "source": "Almaty_7", "source_model": "msft-buildings", "centroid_wkt": "POINT (76.880630947202 43.203734981322285)", "bbox": [76.88061934951652, 43.203732229185114, 76.88065316629744, 43.20373635739088], "pixel_bbox": [2212, 0, 2262, 6], "area_m2": 0.63}}, {"type": "Feature", "geometry": {"type": "Polygon", "coordinates": [[[76.87989129396709, 43.199160731226016], [76.87987112168392, 43.19921665544341], [76.87993634806098, 43.199229161574024], [76.87995652146692, 43.19917323425545], [76.87989129396709, 43.199160731226016]]]}, "properties": {"id": 121, "class": "building", "confidence": 100.0, "source": "Almaty_7", "source_model": "msft-buildings", "centroid_wkt": "POINT (76.87991382159632 43.19919494568224)", "bbox": [76.87987112168392, 43.199160731226016, 76.87995652146692, 43.199229161574024], "pixel_bbox": [1096, 6721, 1223, 6823], "area_m2": 35.217}}, {"type": "Feature", "geometry": {"type": "Polygon", "coordinates": [[[76.87938741157403, 43.19936211338188], [76.87936166453417, 43.19943761198209], [76.87943744603248, 43.19945134923032], [76.87946319307235, 43.199375850647115], [76.87938741157403, 43.19936211338188]]]}, "properties": {"id": 122, "class": "building", "confidence": 100.0, "source": "Almaty_7", "source_model": "msft-buildings", "centroid_wkt": "POINT (76.87941242880207 43.19940673130965)", "bbox": [76.87936166453417, 43.19936211338188, 76.87946319307235, 43.19945134923032], "pixel_bbox": [336, 6390, 487, 6523], "area_m2": 54.855}}, {"type": "Feature", "geometry": {"type": "Polygon", "coordinates": [[[76.88016952045122, 43.19873495737061], [76.88023631420498, 43.19874517755383], [76.88025217840303, 43.1986900985248], [76.88018538558939, 43.19867987506839], [76.88016952045122, 43.19873495737061]]]}, "properties": {"id": 123, "class": "building", "confidence": 100.0, "source": "Almaty_7", "source_model": "msft-buildings", "centroid_wkt": "POINT (76.88021084933148 43.19871252707862)", "bbox": [76.88016952045122, 43.19867987506839, 76.88025217840303, 43.19874517755383], "pixel_bbox": [1541, 7443, 1664, 7540], "area_m2": 34.685}}, {"type": "Feature", "geometry": {"type": "Polygon", "coordinates": [[[76.88584364345651, 43.19972508633437], [76.8858759201774, 43.199611779919024], [76.88505052329988, 43.199486834317455], [76.88501825807894, 43.1996001005945], [76.88584364345651, 43.19972508633437]]]}, "properties": {"id": 124, "class": "building", "confidence": 100.0, "source": "Almaty_7", "source_model": "msft-buildings", "centroid_wkt": "POINT (76.88544711062946 43.1996059539812)", "bbox": [76.88501825807894, 43.199486834317455, 76.8858759201774, 43.19972508633437], "pixel_bbox": [8772, 5982, 10051, 6337], "area_m2": 880.727}}, {"type": "Feature", "geometry": {"type": "Polygon", "coordinates": [[[76.88647217236327, 43.20286620376188], [76.88650321219238, 43.20274328338389], [76.8865395325146, 43.20274815668552], [76.8865901513128, 43.20254770140002], [76.88638520092294, 43.20252020195962], [76.88630354229568, 43.20284357775905], [76.88647217236327, 43.20286620376188]]]}, "properties": {"id": 125, "class": "building", "confidence": 100.0, "source": "Almaty_7", "source_model": "msft-buildings", "centroid_wkt": "POINT (76.88644258496291 43.20268758320255)", "bbox": [76.88630354229568, 43.20252020195962, 76.8865901513128, 43.20286620376188], "pixel_bbox": [10688, 1297, 11116, 1813], "area_m2": 577.011}}, {"type": "Feature", "geometry": {"type": "Polygon", "coordinates": [[[76.8820049493865, 43.20353856134191], [76.88200552028026, 43.20353669920551], [76.88194420918522, 43.20352671185603], [76.88193429456578, 43.20355905127332], [76.88177590521079, 43.203533258322715], [76.88175271035071, 43.20360891507553], [76.88188299642768, 43.203630138162644], [76.8818727203397, 43.203663656557616], [76.88205665362483, 43.20369361853393], [76.88209947065798, 43.20355395850204], [76.8820049493865, 43.20353856134191]]]}, "properties": {"id": 126, "class": "building", "confidence": 100.0, "source": "Almaty_7", "source_model": "msft-buildings", "centroid_wkt": "POINT (76.8819431967341 43.203602534743254)", "bbox": [76.88175271035071, 43.20352671185603, 76.88209947065798, 43.20369361853393], "pixel_bbox": [3902, 63, 4419, 312], "area_m2": 329.931}}, {"type": "Feature", "geometry": {"type": "Polygon", "coordinates": [[[76.8850784728304, 43.20017318869283], [76.88510744582469, 43.20006183527975], [76.88363944405623, 43.19985886448682], [76.88361047106194, 43.199970218270344], [76.8850784728304, 43.20017318869283]]]}, "properties": {"id": 127, "class": "building", "confidence": 100.0, "source": "Almaty_7", "source_model": "msft-buildings", "centroid_wkt": "POINT (76.88435895805064 43.20001602662754)", "bbox": [76.88361047106194, 43.19985886448682, 76.88510744582469, 43.20017318869283], "pixel_bbox": [6672, 5313, 8905, 5782], "area_m2": 1529.125}}, {"type": "Feature", "geometry": {"type": "Polygon", "coordinates": [[[76.88169713860358, 43.2036984910501], [76.88162785240685, 43.20368774896646], [76.88161367340831, 43.20373635739088], [76.88168609305146, 43.20373635739088], [76.88169713860358, 43.2036984910501]]]}, "properties": {"id": 128, "class": "building", "confidence": 100.0, "source": "Almaty_7", "source_model": "msft-buildings", "centroid_wkt": "POINT (76.88165472245026 43.203714627499046)", "bbox": [76.88161367340831, 43.20368774896646, 76.88169713860358, 43.20373635739088], "pixel_bbox": [3694, 0, 3819, 72], "area_m2": 28.272}}, {"type": "Feature", "geometry": {"type": "Polygon", "coordinates": [[[76.87938902310059, 43.20283168517198], [76.87939789470308, 43.20278567025394], [76.87931372640523, 43.2027770478205], [76.8793048548027, 43.20282306274503], [76.87938902310059, 43.20283168517198]]]}, "properties": {"id": 129, "class": "building", "confidence": 100.0, "source": "Almaty_7", "source_model": "msft-buildings", "centroid_wkt": "POINT (76.87935137475192 43.2028043664977)", "bbox": [76.8793048548027, 43.2027770478205, 76.87939789470308, 43.20283168517198], "pixel_bbox": [251, 1349, 390, 1430], "area_m2": 35.66}}, {"type": "Feature", "geometry": {"type": "Polygon", "coordinates": [[[76.88342029213533, 43.20030295126909], [76.88347453205657, 43.20009540745611], [76.88325970559347, 43.20006557337111], [76.8832217376486, 43.200210854185364], [76.8830586765983, 43.200188209080686], [76.88306903149237, 43.20014858706004], [76.88266784954322, 43.200092872841665], [76.88267506551496, 43.20006526156943], [76.8825560065974, 43.200048721148335], [76.88254829600359, 43.20007822505537], [76.88245770653123, 43.20006564441535], [76.88246806142529, 43.20002602231511], [76.88229464729244, 43.20000193935278], [76.88225815861811, 43.20014156002765], [76.88342029213533, 43.20030295126909]]]}, "properties": {"id": 130, "class": "building", "confidence": 100.0, "source": "Almaty_7", "source_model": "msft-buildings", "centroid_wkt": "POINT (76.88289153787726 43.20015650999282)", "bbox": [76.88225815861811, 43.20000193935278, 76.88347453205657, 43.20030295126909], "pixel_bbox": [4655, 5120, 6469, 5569], "area_m2": 1350.274}}, {"type": "Feature", "geometry": {"type": "Polygon", "coordinates": [[[76.88379151082313, 43.20224629760291], [76.88381847947915, 43.202192928437206], [76.88372637085634, 43.202168196648145], [76.8836994022003, 43.202221565835494], [76.88379151082313, 43.20224629760291]]]}, "properties": {"id": 131, "class": "building", "confidence": 100.0, "source": "Almaty_7", "source_model": "msft-buildings", "centroid_wkt": "POINT (76.88375894083723 43.20220724712974)", "bbox": [76.8836994022003, 43.202168196648145, 76.88381847947915, 43.20224629760291], "pixel_bbox": [6805, 2222, 6982, 2338], "area_m2": 50.408}}, {"type": "Feature", "geometry": {"type": "Polygon", "coordinates": [[[76.88271828971737, 43.203652037970414], [76.88260539596763, 43.2036303996987], [76.8825671734158, 43.20373635739088], [76.88268787281702, 43.20373635739088], [76.88271828971737, 43.203652037970414]]]}, "properties": {"id": 132, "class": "building", "confidence": 100.0, "source": "Almaty_7", "source_model": "msft-buildings", "centroid_wkt": "POINT (76.88264246929968 43.20368858305365)", "bbox": [76.8825671734158, 43.2036303996987, 76.88271828971737, 43.20373635739088], "pixel_bbox": [5116, 0, 5342, 158], "area_m2": 103.681}}, {"type": "Feature", "geometry": {"type": "Polygon", "coordinates": [[[76.88374382925207, 43.203043740390555], [76.88376683185768, 43.202963157837196], [76.88264334874883, 43.202792754393656], [76.88261071714548, 43.202907069466335], [76.88371877485699, 43.2030751329628], [76.88369737708432, 43.20315009334342], [76.88467322916242, 43.20329810412319], [76.88470424592958, 43.20318941028772], [76.88374382925207, 43.203043740390555]]]}, "properties": {"id": 133, "class": "building", "confidence": 100.0, "source": "Almaty_7", "source_model": "msft-buildings", "centroid_wkt": "POINT (76.883646347306 43.2030412038698)", "bbox": [76.88261071714548, 43.202792754393656, 76.88470424592958, 43.20329810412319], "pixel_bbox": [5181, 653, 8303, 1407], "area_m2": 2204.063}}, {"type": "Feature", "geometry": {"type": "Polygon", "coordinates": [[[76.88057412627191, 43.2007495934202], [76.88054545492568, 43.200856972989456], [76.88166187446419, 43.201015374438455], [76.8816905458104, 43.20090799514798], [76.88057412627191, 43.2007495934202]]]}, "properties": {"id": 134, "class": "building", "confidence": 100.0, "source": "Almaty_7", "source_model": "msft-buildings", "centroid_wkt": "POINT (76.88111800013546 43.20088248396544)", "bbox": [76.88054545492568, 43.2007495934202, 76.8816905458104, 43.201015374438455], "pixel_bbox": [2101, 4057, 3809, 4454], "area_m2": 1123.452}}, {"type": "Feature", "geometry": {"type": "Polygon", "coordinates": [[[76.88604641355586, 43.200833838318246], [76.88613910265174, 43.200543669178515], [76.88620270910951, 43.200554465790646], [76.88624773436169, 43.200413510887614], [76.88607981331313, 43.200385007761604], [76.88606974187518, 43.20041653719081], [76.88595779450948, 43.20039753510924], [76.88594093904766, 43.2004503024389], [76.88600963296012, 43.20046196612221], [76.88589884885499, 43.200808783148496], [76.88604641355586, 43.200833838318246]]]}, "properties": {"id": 135, "class": "building", "confidence": 100.0, "source": "Almaty_7", "source_model": "msft-buildings", "centroid_wkt": "POINT (76.88605667684561 43.20058579575435)", "bbox": [76.88589884885499, 43.200385007761604, 76.88624773436169, 43.200833838318246], "pixel_bbox": [10085, 4328, 10605, 4997], "area_m2": 712.458}}, {"type": "Feature", "geometry": {"type": "Polygon", "coordinates": [[[76.88125041407126, 43.20315787552865], [76.88123878407298, 43.20318005165445], [76.88122240255724, 43.20317548686704], [76.88118572333185, 43.20324542690854], [76.88131110156526, 43.20328036410178], [76.88132864875033, 43.20324689898637], [76.88130390205387, 43.20324000447144], [76.88133466186665, 43.203181351581286], [76.88125041407126, 43.20315787552865]]]}, "properties": {"id": 136, "class": "building", "confidence": 100.0, "source": "Almaty_7", "source_model": "msft-buildings", "centroid_wkt": "POINT (76.88126510491534 43.20321911333962)", "bbox": [76.88118572333185, 43.20315787552865, 76.88133466186665, 43.20328036410178], "pixel_bbox": [3056, 680, 3278, 862], "area_m2": 100.737}}, {"type": "Feature", "geometry": {"type": "Polygon", "coordinates": [[[76.88188587271777, 43.19949920697015], [76.88197803024981, 43.199170030842566], [76.88195632819978, 43.199166801006314], [76.88196473911339, 43.19913676839748], [76.88182569520683, 43.19911607499024], [76.88172509421625, 43.19947528722532], [76.88188587271777, 43.19949920697015]]]}, "properties": {"id": 137, "class": "building", "confidence": 100.0, "source": "Almaty_7", "source_model": "msft-buildings", "centroid_wkt": "POINT (76.8818544534327 43.19930940858792)", "bbox": [76.88172509421625, 43.19911607499024, 76.88197803024981, 43.19949920697015], "pixel_bbox": [3861, 6318, 4238, 6890], "area_m2": 537.028}}, {"type": "Feature", "geometry": {"type": "Polygon", "coordinates": [[[76.8852984726532, 43.200140134551944], [76.88541966499301, 43.1997826494009], [76.88527949862562, 43.199757398285364], [76.88515827393948, 43.20011487775715], [76.8852984726532, 43.200140134551944]]]}, "properties": {"id": 138, "class": "building", "confidence": 100.0, "source": "Almaty_7", "source_model": "msft-buildings", "centroid_wkt": "POINT (76.885288975221 43.1999487718619)", "bbox": [76.88515827393948, 43.199757398285364, 76.88541966499301, 43.200140134551944], "pixel_bbox": [8980, 5363, 9370, 5933], "area_m2": 480.132}}, {"type": "Feature", "geometry": {"type": "Polygon", "coordinates": [[[76.88216157177307, 43.200486791981625], [76.88217111363198, 43.20043692619395], [76.88211060022273, 43.20043077310451], [76.88210105836383, 43.20048063889722], [76.88216157177307, 43.200486791981625]]]}, "properties": {"id": 139, "class": "building", "confidence": 100.0, "source": "Almaty_7", "source_model": "msft-buildings", "centroid_wkt": "POINT (76.88213608599743 43.20045878254422)", "bbox": [76.88210105836383, 43.20043077310451, 76.88217111363198, 43.200486791981625], "pixel_bbox": [4421, 4846, 4526, 4929], "area_m2": 27.777}}, {"type": "Feature", "geometry": {"type": "Polygon", "coordinates": [[[76.88213948277384, 43.20117897000578], [76.88210154438681, 43.2012968516869], [76.88206235486635, 43.20132541900393], [76.88199163649715, 43.20131332516301], [76.8819657830114, 43.20139365663796], [76.88208331894721, 43.20141376291341], [76.88208625267963, 43.20141162436403], [76.88216742716745, 43.2014255063265], [76.88214714866541, 43.20148851520786], [76.88245476525705, 43.201541121825514], [76.8824696759203, 43.201494791811974], [76.88254156510595, 43.20150708584247], [76.88259310248664, 43.2015446566661], [76.88259514132433, 43.20153832164661], [76.88265019052393, 43.201578452569805], [76.88271034327799, 43.201588739496614], [76.88274466991425, 43.201482080722435], [76.8826730197245, 43.20142985122836], [76.88261695037207, 43.20142026259301], [76.88257357538961, 43.20138864431945], [76.88261331080226, 43.20126517912297], [76.88249251550558, 43.201244521397626], [76.88245577060489, 43.20127130672521], [76.88244426084766, 43.201307069668566], [76.8823990967809, 43.20133999214216], [76.88236433632518, 43.20133404761451], [76.88231654069861, 43.201368888355056], [76.88226366108644, 43.20135984520046], [76.88231235552335, 43.20120854257056], [76.88213948277384, 43.20117897000578]]]}, "properties": {"id": 140, "class": "building", "confidence": 100.0, "source": "Almaty_7", "source_model": "msft-buildings", "centroid_wkt": "POINT (76.88236421809435 43.20139131985098)", "bbox": [76.8819657830114, 43.20117897000578, 76.88274466991425, 43.201588739496614], "pixel_bbox": [4219, 3202, 5381, 3813], "area_m2": 1338.695}}, {"type": "Feature", "geometry": {"type": "Polygon", "coordinates": [[[76.88288380558603, 43.202637925678026], [76.882989417801, 43.20227904799565], [76.88282530824934, 43.20225338628506], [76.88271969603436, 43.20261226411839], [76.88288380558603, 43.202637925678026]]]}, "properties": {"id": 141, "class": "building", "confidence": 100.0, "source": "Almaty_7", "source_model": "msft-buildings", "centroid_wkt": "POINT (76.88285455691447 43.20244565601069)", "bbox": [76.88271969603436, 43.20225338628506, 76.882989417801, 43.202637925678026], "pixel_bbox": [5344, 1638, 5746, 2211], "area_m2": 556.244}}, {"type": "Feature", "geometry": {"type": "Polygon", "coordinates": [[[76.88505576734799, 43.20228612570329], [76.88508625095255, 43.202178428796536], [76.88425390533493, 43.20205324344537], [76.88422342334479, 43.20216089835155], [76.88505576734799, 43.20228612570329]]]}, "properties": {"id": 142, "class": "building", "confidence": 100.0, "source": "Almaty_7", "source_model": "msft-buildings", "centroid_wkt": "POINT (76.88465486281561 43.202169678106664)", "bbox": [76.88422342334479, 43.20205324344537, 76.88508625095255, 43.20228612570329], "pixel_bbox": [7586, 2162, 8873, 2510], "area_m2": 843.687}}, {"type": "Feature", "geometry": {"type": "Polygon", "coordinates": [[[76.88017242054802, 43.203540165622144], [76.88019650669638, 43.2034661234249], [76.8803021030687, 43.2034843751979], [76.8803322023405, 43.20339182089842], [76.88013773450378, 43.20335820810885], [76.88008354066996, 43.20352480322096], [76.88017242054802, 43.203540165622144]]]}, "properties": {"id": 143, "class": "building", "confidence": 100.0, "source": "Almaty_7", "source_model": "msft-buildings", "centroid_wkt": "POINT (76.88019852648056 43.20344114995205)", "bbox": [76.88008354066996, 43.20335820810885, 76.8803322023405, 43.203540165622144], "pixel_bbox": [1412, 292, 1783, 563], "area_m2": 234.409}}, {"type": "Feature", "geometry": {"type": "Polygon", "coordinates": [[[76.88670347235306, 43.20305170041461], [76.88667301825019, 43.20314729375669], [76.88687223941088, 43.20318100660347], [76.88687223941088, 43.203080268374705], [76.88670347235306, 43.20305170041461]]]}, "properties": {"id": 144, "class": "building", "confidence": 100.0, "source": "Almaty_7", "source_model": "msft-buildings", "centroid_wkt": "POINT (76.88678003091213 43.203116420989645)", "bbox": [76.88667301825019, 43.20305170041461, 76.88687223941088, 43.20318100660347], "pixel_bbox": [11239, 828, 11537, 1021], "area_m2": 167.363}}, {"type": "Feature", "geometry": {"type": "Polygon", "coordinates": [[[76.87983060015671, 43.19863425426783], [76.87982819462957, 43.198673281261286], [76.87990314516007, 43.19867573628996], [76.87990555068721, 43.19863670929808], [76.87983060015671, 43.19863425426783]]]}, "properties": {"id": 145, "class": "building", "confidence": 100.0, "source": "Almaty_7", "source_model": "msft-buildings", "centroid_wkt": "POINT (76.87986687265814 43.19865499527927)", "bbox": [76.87982819462957, 43.19863425426783, 76.87990555068721, 43.19867573628996], "pixel_bbox": [1032, 7546, 1147, 7608], "area_m2": 26.466}}, {"type": "Feature", "geometry": {"type": "Polygon", "coordinates": [[[76.88554795057077, 43.20028363509154], [76.88553040454421, 43.20033312054552], [76.88556308969584, 43.200339278901865], [76.88553384631828, 43.200421754561], [76.88563944450048, 43.20044165075804], [76.88566515018303, 43.20036915255766], [76.88565893701481, 43.20036798159034], [76.8856800259825, 43.20030852002993], [76.88554795057077, 43.20028363509154]]]}, "properties": {"id": 146, "class": "building", "confidence": 100.0, "source": "Almaty_7", "source_model": "msft-buildings", "centroid_wkt": "POINT (76.8856027108193 43.20036059512207)", "bbox": [76.88553040454421, 43.20028363509154, 76.8856800259825, 43.20044165075804], "pixel_bbox": [9535, 4913, 9759, 5149], "area_m2": 146.253}}, {"type": "Feature", "geometry": {"type": "Polygon", "coordinates": [[[76.88111561376795, 43.20350861856908], [76.8811255899649, 43.203480407554814], [76.88104259325867, 43.20346480868419], [76.88103261565765, 43.20349302367606], [76.88111561376795, 43.20350861856908]]]}, "properties": {"id": 147, "class": "building", "confidence": 100.0, "source": "Almaty_7", "source_model": "msft-buildings", "centroid_wkt": "POINT (76.88107910218733 43.20348671443775)", "bbox": [76.88103261565765, 43.20346480868419, 76.8811255899649, 43.20350861856908], "pixel_bbox": [2828, 339, 2966, 404], "area_m2": 22.547}}, {"type": "Feature", "geometry": {"type": "Polygon", "coordinates": [[[76.88652068499817, 43.20115423915521], [76.8864775201914, 43.201290763357534], [76.88687223941088, 43.20135705762705], [76.88687223941088, 43.201213301834706], [76.88652068499817, 43.20115423915521]]]}, "properties": {"id": 148, "class": "building", "confidence": 100.0, "source": "Almaty_7", "source_model": "msft-buildings", "centroid_wkt": "POINT (76.88668545882676 43.201255190669634)", "bbox": [76.8864775201914, 43.20115423915521, 76.88687223941088, 43.20135705762705], "pixel_bbox": [10948, 3548, 11537, 3850], "area_m2": 484.37}}, {"type": "Feature", "geometry": {"type": "Polygon", "coordinates": [[[76.88647343651289, 43.19936847668958], [76.88649003843781, 43.19931654897945], [76.88646714188343, 43.1993126600846], [76.8866482988306, 43.198746032192915], [76.88645749716274, 43.19871361519168], [76.88625973533861, 43.19933218035877], [76.88647343651289, 43.19936847668958]]]}, "properties": {"id": 149, "class": "building", "confidence": 100.0, "source": "Almaty_7", "source_model": "msft-buildings", "centroid_wkt": "POINT (76.88645417988279 43.199042110475396)", "bbox": [76.88625973533861, 43.19871361519168, 76.8866482988306, 43.19936847668958], "pixel_bbox": [10623, 6513, 11203, 7490], "area_m2": 1134.904}}, {"type": "Feature", "geometry": {"type": "Polygon", "coordinates": [[[76.88230860560303, 43.20252041525989], [76.88242873891608, 43.20216046100944], [76.88228186370281, 43.20213441444856], [76.88216173038975, 43.20249436885268], [76.88230860560303, 43.20252041525989]]]}, "properties": {"id": 150, "class": "building", "confidence": 100.0, "source": "Almaty_7", "source_model": "msft-buildings", "centroid_wkt": "POINT (76.8822952346513 43.202327414881886)", "bbox": [76.88216173038975, 43.20213441444856, 76.88242873891608, 43.20252041525989], "pixel_bbox": [4512, 1813, 4910, 2388], "area_m2": 505.609}}, {"type": "Feature", "geometry": {"type": "Polygon", "coordinates": [[[76.87946723463968, 43.200173758187695], [76.87949247607354, 43.200067449360674], [76.87929455733601, 43.20004247766501], [76.87928869771743, 43.200067156526444], [76.87916630060342, 43.20005171350526], [76.87914691878815, 43.200133343535], [76.87946723463968, 43.200173758187695]]]}, "properties": {"id": 151, "class": "building", "confidence": 100.0, "source": "Almaty_7", "source_model": "msft-buildings", "centroid_wkt": "POINT (76.87932838676869 43.200105584710954)", "bbox": [76.87914691878815, 43.20004247766501, 76.87949247607354, 43.200173758187695], "pixel_bbox": [16, 5312, 531, 5508], "area_m2": 288.595}}, {"type": "Feature", "geometry": {"type": "Polygon", "coordinates": [[[76.88038584179881, 43.20305962947119], [76.88045669644472, 43.20307389707445], [76.88051176963197, 43.20292857486218], [76.88031489868483, 43.20288893195933], [76.88031214502544, 43.20289619808288], [76.88025981224202, 43.20288566009297], [76.88021960084333, 43.2029917664525], [76.88039795028078, 43.20302767061469], [76.88038584179881, 43.20305962947119]]]}, "properties": {"id": 152, "class": "building", "confidence": 100.0, "source": "Almaty_7", "source_model": "msft-buildings", "centroid_wkt": "POINT (76.88037130456877 43.20296789611385)", "bbox": [76.88021960084333, 43.20288566009297, 76.88051176963197, 43.20307389707445], "pixel_bbox": [1615, 987, 2051, 1268], "area_m2": 292.861}}, {"type": "Feature", "geometry": {"type": "Polygon", "coordinates": [[[76.88564625380232, 43.19857272463898], [76.8856761532727, 43.19846661710857], [76.88560811728247, 43.198456428945065], [76.88486937156874, 43.198456428945065], [76.88564625380232, 43.19857272463898]]]}, "properties": {"id": 153, "class": "building", "confidence": 100.0, "source": "Almaty_7", "source_model": "msft-buildings", "centroid_wkt": "POINT (76.88539623556385 43.198495467635)", "bbox": [76.88486937156874, 43.198456428945065, 76.8856761532727, 43.19857272463898], "pixel_bbox": [8550, 7700, 9753, 7874], "area_m2": 421.854}}, {"type": "Feature", "geometry": {"type": "Polygon", "coordinates": [[[76.87978694474187, 43.20367859360662], [76.87959669188623, 43.203654910847064], [76.879578444084, 43.20373279959532], [76.87960702527867, 43.20373635739088], [76.8797734118112, 43.20373635739088], [76.87978694474187, 43.20367859360662]]]}, "properties": {"id": 154, "class": "building", "confidence": 100.0, "source": "Almaty_7", "source_model": "msft-buildings", "centroid_wkt": "POINT (76.87967854051645 43.203701088203786)", "bbox": [76.879578444084, 43.203654910847064, 76.87978694474187, 43.20373635739088], "pixel_bbox": [659, 0, 970, 121], "area_m2": 122.581}}, {"type": "Feature", "geometry": {"type": "Polygon", "coordinates": [[[76.88235146793723, 43.19906023402422], [76.88238216245543, 43.198954790729516], [76.88126054512186, 43.19878128278583], [76.88122983466297, 43.19888678114079], [76.88235146793723, 43.19906023402422]]]}, "properties": {"id": 155, "class": "building", "confidence": 100.0, "source": "Almaty_7", "source_model": "msft-buildings", "centroid_wkt": "POINT (76.88180595376133 43.19892076462419)", "bbox": [76.88122983466297, 43.19878128278583, 76.88238216245543, 43.19906023402422], "pixel_bbox": [3122, 6973, 4840, 7389], "area_m2": 1116.29}}, {"type": "Feature", "geometry": {"type": "Polygon", "coordinates": [[[76.87926544543689, 43.198892836263276], [76.8793154226704, 43.19873504657503], [76.87913607805967, 43.19870486891741], [76.87913607805967, 43.19887106814709], [76.87926544543689, 43.198892836263276]]]}, "properties": {"id": 156, "class": "building", "confidence": 100.0, "source": "Almaty_7", "source_model": "msft-buildings", "centroid_wkt": "POINT (76.87921393028424 43.19879658410664)", "bbox": [76.87913607805967, 43.19870486891741, 76.8793154226704, 43.198892836263276], "pixel_bbox": [0, 7223, 267, 7503], "area_m2": 231.646}}, {"type": "Feature", "geometry": {"type": "Polygon", "coordinates": [[[76.88250257107886, 43.19862157332083], [76.88253758517178, 43.19850597965996], [76.88222966399358, 43.198456428945065], [76.88147631853741, 43.198456428945065], [76.88250257107886, 43.19862157332083]]]}, "properties": {"id": 157, "class": "building", "confidence": 100.0, "source": "Almaty_7", "source_model": "msft-buildings", "centroid_wkt": "POINT (76.88215116298485 43.19851528909425)", "bbox": [76.88147631853741, 43.198456428945065, 76.88253758517178, 43.19862157332083], "pixel_bbox": [3490, 7627, 5072, 7874], "area_m2": 730.235}}, {"type": "Feature", "geometry": {"type": "Polygon", "coordinates": [[[76.88101016818575, 43.20191825726066], [76.88097901585093, 43.20203099414702], [76.88209255053863, 43.2021944938234], [76.88212370287346, 43.202081757239156], [76.88101016818575, 43.20191825726066]]]}, "properties": {"id": 158, "class": "building", "confidence": 100.0, "source": "Almaty_7", "source_model": "msft-buildings", "centroid_wkt": "POINT (76.8815513591234 43.20205637558179)", "bbox": [76.88097901585093, 43.20191825726066, 76.88212370287346, 43.2021944938234], "pixel_bbox": [2748, 2299, 4455, 2711], "area_m2": 1179.48}}, {"type": "Feature", "geometry": {"type": "Polygon", "coordinates": [[[76.88402922724099, 43.19880784924804], [76.88417172331849, 43.19883200825322], [76.88429154683088, 43.198456428945065], [76.88414134310425, 43.198456428945065], [76.88402922724099, 43.19880784924804]]]}, "properties": {"id": 159, "class": "building", "confidence": 100.0, "source": "Almaty_7", "source_model": "msft-buildings", "centroid_wkt": "POINT (76.88415927068839 43.19863824574116)", "bbox": [76.88402922724099, 43.198456428945065, 76.88429154683088, 43.19883200825322], "pixel_bbox": [7297, 7313, 7688, 7874], "area_m2": 493.012}}, {"type": "Feature", "geometry": {"type": "Polygon", "coordinates": [[[76.8798426708101, 43.2035640085733], [76.87983376894213, 43.203599985288726], [76.87990130845408, 43.20360886814366], [76.87991021032205, 43.203572891433474], [76.8798426708101, 43.2035640085733]]]}, "properties": {"id": 160, "class": "building", "confidence": 100.0, "source": "Almaty_7", "source_model": "msft-buildings", "centroid_wkt": "POINT (76.87987198963131 43.203586438359636)", "bbox": [76.87983376894213, 43.2035640085733, 76.87991021032205, 43.20360886814366], "pixel_bbox": [1040, 190, 1154, 257], "area_m2": 22.653}}, {"type": "Feature", "geometry": {"type": "Polygon", "coordinates": [[[76.88096999101973, 43.19914408199125], [76.88079375052568, 43.19911531704725], [76.88039390372697, 43.20041757526239], [76.88051529765276, 43.20043738185504], [76.88063825029596, 43.20003706652633], [76.88069306289222, 43.20004600978791], [76.88096999101973, 43.19914408199125]]]}, "properties": {"id": 161, "class": "building", "confidence": 100.0, "source": "Almaty_7", "source_model": "msft-buildings", "centroid_wkt": "POINT (76.88069017185613 43.19973208678041)", "bbox": [76.88039390372697, 43.19911531704725, 76.88096999101973, 43.20043738185504], "pixel_bbox": [1875, 4919, 2734, 6891], "area_m2": 1968.085}}, {"type": "Feature", "geometry": {"type": "Polygon", "coordinates": [[[76.88449451685452, 43.20094571390361], [76.88465974227886, 43.20097401210162], [76.88477462788016, 43.200617463887966], [76.88460939988168, 43.20058917351348], [76.88449451685452, 43.20094571390361]]]}, "properties": {"id": 162, "class": "building", "confidence": 100.0, "source": "Almaty_7", "source_model": "msft-buildings", "centroid_wkt": "POINT (76.8846345720292 43.20078159089437)", "bbox": [76.88449451685452, 43.20058917351348, 76.88477462788016, 43.20097401210162], "pixel_bbox": [7991, 4119, 8408, 4693], "area_m2": 561.277}}, {"type": "Feature", "geometry": {"type": "Polygon", "coordinates": [[[76.88172221934704, 43.20042037282123], [76.88186637577131, 43.20044623214595], [76.88198564001915, 43.200092935293874], [76.88184148125383, 43.200067082754366], [76.88172221934704, 43.20042037282123]]]}, "properties": {"id": 163, "class": "building", "confidence": 100.0, "source": "Almaty_7", "source_model": "msft-buildings", "centroid_wkt": "POINT (76.88185392933214 43.20025665578556)", "bbox": [76.88172221934704, 43.200067082754366, 76.88198564001915, 43.20044623214595], "pixel_bbox": [3856, 4906, 4249, 5472], "area_m2": 487.713}}, {"type": "Feature", "geometry": {"type": "Polygon", "coordinates": [[[76.88663286809171, 43.198616209901964], [76.88684505030767, 43.19865052738018], [76.88687223941088, 43.198561163175775], [76.88687223941088, 43.198456428945065], [76.88668148149922, 43.198456428945065], [76.88663286809171, 43.198616209901964]]]}, "properties": {"id": 164, "class": "building", "confidence": 100.0, "source": "Almaty_7", "source_model": "msft-buildings", "centroid_wkt": "POINT (76.88676437038322 43.1985475576294)", "bbox": [76.88663286809171, 43.198456428945065, 76.88687223941088, 43.19865052738018], "pixel_bbox": [11180, 7584, 11537, 7874], "area_m2": 340.62}}, {"type": "Feature", "geometry": {"type": "Polygon", "coordinates": [[[76.88334327281598, 43.199257095561165], [76.88337651676053, 43.199142969994725], [76.88253984294207, 43.19901345629399], [76.88250659899754, 43.19912758210267], [76.88334327281598, 43.199257095561165]]]}, "properties": {"id": 165, "class": "building", "confidence": 100.0, "source": "Almaty_7", "source_model": "msft-buildings", "centroid_wkt": "POINT (76.88294155773764 43.19913527596546)", "bbox": [76.88250659899754, 43.19901345629399, 76.88337651676053, 43.199257095561165], "pixel_bbox": [5026, 6679, 6323, 7043], "area_m2": 901.079}}, {"type": "Feature", "geometry": {"type": "Polygon", "coordinates": [[[76.8831520519284, 43.202332446055536], [76.88312017912497, 43.20244291471183], [76.8842375168825, 43.20261421115633], [76.88426938968593, 43.2025037428102], [76.8831520519284, 43.202332446055536]]]}, "properties": {"id": 166, "class": "building", "confidence": 100.0, "source": "Almaty_7", "source_model": "msft-buildings", "centroid_wkt": "POINT (76.8836947841553 43.20247332864439)", "bbox": [76.88312017912497, 43.202332446055536, 76.88426938968593, 43.20261421115633], "pixel_bbox": [5941, 1673, 7655, 2093], "area_m2": 1163.767}}, {"type": "Feature", "geometry": {"type": "Polygon", "coordinates": [[[76.88017208129168, 43.20029642432928], [76.88017208129168, 43.200354762375355], [76.88012916594744, 43.200354762375355], [76.88012916594744, 43.20029642432928], [76.88017208129168, 43.20029642432928]]]}, "properties": {"id": 167, "class": "small vehicle", "confidence": 87.2, "source": "Almaty_7", "source_model": "yolo26-obb", "centroid_wkt": "POINT (76.88015062361956 43.20032559335232)", "bbox": [76.88012916594744, 43.20029642432928, 76.88017208129168, 43.200354762375355], "pixel_bbox": [1481, 5043, 1545, 5130], "area_m2": 22.606}}, {"type": "Feature", "geometry": {"type": "Polygon", "coordinates": [[[76.88640285283327, 43.20071417838335], [76.88640285283327, 43.20076782256365], [76.88634719699621, 43.20076782256365], [76.88634719699621, 43.20071417838335], [76.88640285283327, 43.20071417838335]]]}, "properties": {"id": 168, "class": "small vehicle", "confidence": 83.6, "source": "Almaty_7", "source_model": "yolo26-obb", "centroid_wkt": "POINT (76.88637502491473 43.2007410004735)", "bbox": [76.88634719699621, 43.20071417838335, 76.88640285283327, 43.20076782256365], "pixel_bbox": [10754, 4427, 10837, 4507], "area_m2": 26.958}}, {"type": "Feature", "geometry": {"type": "Polygon", "coordinates": [[[76.87952902168036, 43.20227187126875], [76.87952902168036, 43.20232953876257], [76.87948811799288, 43.20232953876257], [76.87948811799288, 43.20227187126875], [76.87952902168036, 43.20227187126875]]]}, "properties": {"id": 169, "class": "small vehicle", "confidence": 81.5, "source": "Almaty_7", "source_model": "yolo26-obb", "centroid_wkt": "POINT (76.87950856983662 43.20230070501565)", "bbox": [76.87948811799288, 43.20227187126875, 76.87952902168036, 43.20232953876257], "pixel_bbox": [525, 2098, 586, 2184], "area_m2": 21.298}}, {"type": "Feature", "geometry": {"type": "Polygon", "coordinates": [[[76.88638810068369, 43.20074234157801], [76.88638810068369, 43.200797997415066], [76.8863371387124, 43.200797997415066], [76.8863371387124, 43.20074234157801], [76.88638810068369, 43.20074234157801]]]}, "properties": {"id": 170, "class": "small vehicle", "confidence": 79.5, "source": "Almaty_7", "source_model": "yolo26-obb", "centroid_wkt": "POINT (76.88636261969803 43.200770169496536)", "bbox": [76.8863371387124, 43.20074234157801, 76.88638810068369, 43.200797997415066], "pixel_bbox": [10739, 4382, 10815, 4465], "area_m2": 25.61}}, {"type": "Feature", "geometry": {"type": "Polygon", "coordinates": [[[76.88572224229574, 43.2004526630044], [76.88572224229574, 43.20048753172159], [76.8856504932046, 43.20048753172159], [76.8856504932046, 43.2004526630044], [76.88572224229574, 43.2004526630044]]]}, "properties": {"id": 171, "class": "small vehicle", "confidence": 77.7, "source": "Almaty_7", "source_model": "yolo26-obb", "centroid_wkt": "POINT (76.88568636775015 43.200470097362995)", "bbox": [76.8856504932046, 43.2004526630044, 76.88572224229574, 43.20048753172159], "pixel_bbox": [9715, 4845, 9822, 4897], "area_m2": 22.59}}, {"type": "Feature", "geometry": {"type": "Polygon", "coordinates": [[[76.88010234385729, 43.20048484951258], [76.88010234385729, 43.20054117590189], [76.88006211072206, 43.20054117590189], [76.88006211072206, 43.20048484951258], [76.88010234385729, 43.20048484951258]]]}, "properties": {"id": 172, "class": "small vehicle", "confidence": 77.3, "source": "Almaty_7", "source_model": "yolo26-obb", "centroid_wkt": "POINT (76.88008222728968 43.200513012707226)", "bbox": [76.88006211072206, 43.20048484951258, 76.88010234385729, 43.20054117590189], "pixel_bbox": [1381, 4765, 1441, 4849], "area_m2": 20.462}}, {"type": "Feature", "geometry": {"type": "Polygon", "coordinates": [[[76.8802585825324, 43.200171031057835], [76.8802585825324, 43.200223334133625], [76.8802210316062, 43.200223334133625], [76.8802210316062, 43.200171031057835], [76.8802585825324, 43.200171031057835]]]}, "properties": {"id": 173, "class": "small vehicle", "confidence": 74.3, "source": "Almaty_7", "source_model": "yolo26-obb", "centroid_wkt": "POINT (76.8802398070693 43.20019718259574)", "bbox": [76.8802210316062, 43.200171031057835, 76.8802585825324, 43.200223334133625], "pixel_bbox": [1618, 5239, 1674, 5317], "area_m2": 17.734}}, {"type": "Feature", "geometry": {"type": "Polygon", "coordinates": [[[76.88040342181921, 43.20182729512453], [76.88040342181921, 43.201880268752575], [76.88036654144526, 43.201880268752575], [76.88036654144526, 43.20182729512453], [76.88040342181921, 43.20182729512453]]]}, "properties": {"id": 174, "class": "small vehicle", "confidence": 72.9, "source": "Almaty_7", "source_model": "yolo26-obb", "centroid_wkt": "POINT (76.88038498163223 43.20185378193855)", "bbox": [76.88036654144526, 43.20182729512453, 76.88040342181921, 43.201880268752575], "pixel_bbox": [1835, 2768, 1890, 2847], "area_m2": 17.64}}, {"type": "Feature", "geometry": {"type": "Polygon", "coordinates": [[[76.88603203743696, 43.201772309839725], [76.88603203743696, 43.20182394236326], [76.88599314540625, 43.20182394236326], [76.88599314540625, 43.201772309839725], [76.88603203743696, 43.201772309839725]]]}, "properties": {"id": 175, "class": "small vehicle", "confidence": 72.8, "source": "Almaty_7", "source_model": "yolo26-obb", "centroid_wkt": "POINT (76.8860125914216 43.201798126101494)", "bbox": [76.88599314540625, 43.201772309839725, 76.88603203743696, 43.20182394236326], "pixel_bbox": [10226, 2852, 10284, 2929], "area_m2": 18.132}}, {"type": "Feature", "geometry": {"type": "Polygon", "coordinates": [[[76.88077557832003, 43.198690451681614], [76.88077557832003, 43.19876354187727], [76.8807340040803, 43.19876354187727], [76.8807340040803, 43.198690451681614], [76.88077557832003, 43.198690451681614]]]}, "properties": {"id": 176, "class": "small vehicle", "confidence": 70.2, "source": "Almaty_7", "source_model": "yolo26-obb", "centroid_wkt": "POINT (76.88075479120016 43.19872699677944)", "bbox": [76.8807340040803, 43.198690451681614, 76.88077557832003, 43.19876354187727], "pixel_bbox": [2383, 7416, 2445, 7525], "area_m2": 27.438}}, {"type": "Feature", "geometry": {"type": "Polygon", "coordinates": [[[76.88064616173506, 43.19896940141916], [76.88064616173506, 43.19902170449495], [76.88060592859983, 43.19902170449495], [76.88060592859983, 43.19896940141916], [76.88064616173506, 43.19896940141916]]]}, "properties": {"id": 177, "class": "small vehicle", "confidence": 69.0, "source": "Almaty_7", "source_model": "yolo26-obb", "centroid_wkt": "POINT (76.88062604516745 43.19899555295706)", "bbox": [76.88060592859983, 43.19896940141916, 76.88064616173506, 43.19902170449495], "pixel_bbox": [2192, 7031, 2252, 7109], "area_m2": 19.001}}, {"type": "Feature", "geometry": {"type": "Polygon", "coordinates": [[[76.8820047006011, 43.20295784622431], [76.8820047006011, 43.202986009418964], [76.88194435089827, 43.202986009418964], [76.88194435089827, 43.20295784622431], [76.8820047006011, 43.20295784622431]]]}, "properties": {"id": 178, "class": "small vehicle", "confidence": 68.0, "source": "Almaty_7", "source_model": "yolo26-obb", "centroid_wkt": "POINT (76.88197452574968 43.20297192782164)", "bbox": [76.88194435089827, 43.20295784622431, 76.8820047006011, 43.202986009418964], "pixel_bbox": [4188, 1119, 4278, 1161], "area_m2": 15.346}}, {"type": "Feature", "geometry": {"type": "Polygon", "coordinates": [[[76.88641089946032, 43.20068936794996], [76.88641089946032, 43.20073764771223], [76.88635859638453, 43.20073764771223], [76.88635859638453, 43.20068936794996], [76.88641089946032, 43.20068936794996]]]}, "properties": {"id": 179, "class": "small vehicle", "confidence": 67.5, "source": "Almaty_7", "source_model": "yolo26-obb", "centroid_wkt": "POINT (76.88638474792242 43.200713507831104)", "bbox": [76.88635859638453, 43.20068936794996, 76.88641089946032, 43.20073764771223], "pixel_bbox": [10771, 4472, 10849, 4544], "area_m2": 22.801}}, {"type": "Feature", "geometry": {"type": "Polygon", "coordinates": [[[76.87984954565763, 43.20254076272249], [76.87984954565763, 43.20257294923067], [76.87978852540255, 43.20257294923067], [76.87978852540255, 43.20254076272249], [76.87984954565763, 43.20254076272249]]]}, "properties": {"id": 180, "class": "small vehicle", "confidence": 66.6, "source": "Almaty_7", "source_model": "yolo26-obb", "centroid_wkt": "POINT (76.87981903553009 43.20255685597659)", "bbox": [76.87978852540255, 43.20254076272249, 76.87984954565763, 43.20257294923067], "pixel_bbox": [973, 1735, 1064, 1783], "area_m2": 17.733}}, {"type": "Feature", "geometry": {"type": "Polygon", "coordinates": [[[76.88444081693888, 43.20347484201193], [76.88444081693888, 43.203505016863346], [76.88438046723604, 43.203505016863346], [76.88438046723604, 43.20347484201193], [76.88444081693888, 43.20347484201193]]]}, "properties": {"id": 181, "class": "small vehicle", "confidence": 66.0, "source": "Almaty_7", "source_model": "yolo26-obb", "centroid_wkt": "POINT (76.88441064208747 43.20348992943764)", "bbox": [76.88438046723604, 43.20347484201193, 76.88444081693888, 43.203505016863346], "pixel_bbox": [7821, 345, 7911, 390], "area_m2": 16.442}}, {"type": "Feature", "geometry": {"type": "Polygon", "coordinates": [[[76.88043292611837, 43.201842717826366], [76.88043292611837, 43.20189367979765], [76.88040006905794, 43.20189367979765], [76.88040006905794, 43.201842717826366], [76.88043292611837, 43.201842717826366]]]}, "properties": {"id": 182, "class": "small vehicle", "confidence": 63.0, "source": "Almaty_7", "source_model": "yolo26-obb", "centroid_wkt": "POINT (76.88041649758817 43.201868198812015)", "bbox": [76.88040006905794, 43.201842717826366, 76.88043292611837, 43.20189367979765], "pixel_bbox": [1885, 2748, 1934, 2824], "area_m2": 15.119}}, {"type": "Feature", "geometry": {"type": "Polygon", "coordinates": [[[76.88304137438536, 43.203151635825634], [76.88304137438536, 43.203184492886066], [76.882977001369, 43.203184492886066], [76.882977001369, 43.203151635825634], [76.88304137438536, 43.203151635825634]]]}, "properties": {"id": 183, "class": "small vehicle", "confidence": 60.8, "source": "Almaty_7", "source_model": "yolo26-obb", "centroid_wkt": "POINT (76.88300918787719 43.20316806435585)", "bbox": [76.882977001369, 43.203151635825634, 76.88304137438536, 43.203184492886066], "pixel_bbox": [5728, 823, 5824, 872], "area_m2": 19.097}}, {"type": "Feature", "geometry": {"type": "Polygon", "coordinates": [[[76.88436437398195, 43.200147561728954], [76.88436437398195, 43.200181759893894], [76.88430268317461, 43.200181759893894], [76.88430268317461, 43.200147561728954], [76.88436437398195, 43.200147561728954]]]}, "properties": {"id": 184, "class": "small vehicle", "confidence": 59.6, "source": "Almaty_7", "source_model": "yolo26-obb", "centroid_wkt": "POINT (76.88433352857828 43.200164660811424)", "bbox": [76.88430268317461, 43.200147561728954, 76.88436437398195, 43.200181759893894], "pixel_bbox": [7705, 5301, 7797, 5352], "area_m2": 19.05}}, {"type": "Feature", "geometry": {"type": "Polygon", "coordinates": [[[76.88291598111391, 43.203124813735485], [76.88291598111391, 43.20315834134817], [76.8828509375453, 43.20315834134817], [76.8828509375453, 43.203124813735485], [76.88291598111391, 43.203124813735485]]]}, "properties": {"id": 185, "class": "small vehicle", "confidence": 58.2, "source": "Almaty_7", "source_model": "yolo26-obb", "centroid_wkt": "POINT (76.88288345932959 43.203141577541835)", "bbox": [76.8828509375453, 43.203124813735485, 76.88291598111391, 43.20315834134817], "pixel_bbox": [5540, 862, 5637, 912], "area_m2": 19.69}}, {"type": "Feature", "geometry": {"type": "Polygon", "coordinates": [[[76.88486393541098, 43.199877329170704], [76.88486393541098, 43.19993298500776], [76.88482839614153, 43.19993298500776], [76.88482839614153, 43.199877329170704], [76.88486393541098, 43.199877329170704]]]}, "properties": {"id": 186, "class": "small vehicle", "confidence": 58.1, "source": "Almaty_7", "source_model": "yolo26-obb", "centroid_wkt": "POINT (76.88484616577625 43.19990515708923)", "bbox": [76.88482839614153, 43.199877329170704, 76.88486393541098, 43.19993298500776], "pixel_bbox": [8489, 5672, 8542, 5755], "area_m2": 17.86}}, {"type": "Feature", "geometry": {"type": "Polygon", "coordinates": [[[76.88496384769678, 43.20355396717787], [76.88496384769678, 43.203589506447315], [76.88489679247141, 43.203589506447315], [76.88489679247141, 43.20355396717787], [76.88496384769678, 43.20355396717787]]]}, "properties": {"id": 187, "class": "small vehicle", "confidence": 52.8, "source": "Almaty_7", "source_model": "yolo26-obb", "centroid_wkt": "POINT (76.8849303200841 43.20357173681259)", "bbox": [76.88489679247141, 43.20355396717787, 76.88496384769678, 43.203589506447315], "pixel_bbox": [8591, 219, 8691, 272], "area_m2": 21.517}}, {"type": "Feature", "geometry": {"type": "Polygon", "coordinates": [[[76.88088621944189, 43.20274192839861], [76.88088621944189, 43.2027767971158], [76.88082318753004, 43.2027767971158], [76.88082318753004, 43.20274192839861], [76.88088621944189, 43.20274192839861]]]}, "properties": {"id": 188, "class": "small vehicle", "confidence": 51.7, "source": "Almaty_7", "source_model": "yolo26-obb", "centroid_wkt": "POINT (76.88085470348597 43.202759362757206)", "bbox": [76.88082318753004, 43.20274192839861, 76.88088621944189, 43.2027767971158], "pixel_bbox": [2516, 1431, 2610, 1483], "area_m2": 19.845}}, {"type": "Feature", "geometry": {"type": "Polygon", "coordinates": [[[76.88576448708773, 43.20262122899294], [76.88576448708773, 43.20272918790579], [76.88570480793715, 43.20272918790579], [76.88570480793715, 43.20262122899294], [76.88576448708773, 43.20262122899294]]]}, "properties": {"id": 189, "class": "large vehicle", "confidence": 50.3, "source": "Almaty_7", "source_model": "yolo26-obb", "centroid_wkt": "POINT (76.88573464751245 43.20267520844936)", "bbox": [76.88570480793715, 43.20262122899294, 76.88576448708773, 43.20272918790579], "pixel_bbox": [9796, 1502, 9885, 1663], "area_m2": 58.174}}, {"type": "Feature", "geometry": {"type": "Polygon", "coordinates": [[[76.88642095774412, 43.200661204755306], [76.88642095774412, 43.20070680230856], [76.88636597245932, 43.20070680230856], [76.88636597245932, 43.200661204755306], [76.88642095774412, 43.200661204755306]]]}, "properties": {"id": 190, "class": "small vehicle", "confidence": 49.3, "source": "Almaty_7", "source_model": "yolo26-obb", "centroid_wkt": "POINT (76.88639346510172 43.20068400353193)", "bbox": [76.88636597245932, 43.200661204755306, 76.88642095774412, 43.20070680230856], "pixel_bbox": [10782, 4518, 10864, 4586], "area_m2": 22.638}}, {"type": "Feature", "geometry": {"type": "Polygon", "coordinates": [[[76.88006345182657, 43.19990012794733], [76.88006345182657, 43.199955113232136], [76.88002120703459, 43.199955113232136], [76.88002120703459, 43.19990012794733], [76.88006345182657, 43.19990012794733]]]}, "properties": {"id": 191, "class": "small vehicle", "confidence": 48.8, "source": "Almaty_7", "source_model": "yolo26-obb", "centroid_wkt": "POINT (76.88004232943058 43.19992762058974)", "bbox": [76.88002120703459, 43.19990012794733, 76.88006345182657, 43.199955113232136], "pixel_bbox": [1320, 5639, 1383, 5721], "area_m2": 20.974}}, {"type": "Feature", "geometry": {"type": "Polygon", "coordinates": [[[76.88574101775885, 43.20042248815298], [76.88574101775885, 43.2004526630044], [76.88568133860826, 43.2004526630044], [76.88568133860826, 43.20042248815298], [76.88574101775885, 43.20042248815298]]]}, "properties": {"id": 192, "class": "small vehicle", "confidence": 47.9, "source": "Almaty_7", "source_model": "yolo26-obb", "centroid_wkt": "POINT (76.88571117818357 43.2004375755787)", "bbox": [76.88568133860826, 43.20042248815298, 76.88574101775885, 43.2004526630044], "pixel_bbox": [9761, 4897, 9850, 4942], "area_m2": 16.26}}, {"type": "Feature", "geometry": {"type": "Polygon", "coordinates": [[[76.87956657260656, 43.201343826949596], [76.87956657260656, 43.20151079446077], [76.87946733087301, 43.20151079446077], [76.87946733087301, 43.201343826949596], [76.87956657260656, 43.201343826949596]]]}, "properties": {"id": 193, "class": "ship", "confidence": 47.8, "source": "Almaty_7", "source_model": "yolo26-obb", "centroid_wkt": "POINT (76.87951695173979 43.20142731070519)", "bbox": [76.87946733087301, 43.201343826949596, 76.87956657260656, 43.20151079446077], "pixel_bbox": [494, 3319, 642, 3568], "area_m2": 149.617}}, {"type": "Feature", "geometry": {"type": "Polygon", "coordinates": [[[76.8860937282443, 43.20160869508982], [76.8860937282443, 43.20166904479265], [76.88604678958654, 43.20166904479265], [76.88604678958654, 43.20160869508982], [76.8860937282443, 43.20160869508982]]]}, "properties": {"id": 194, "class": "small vehicle", "confidence": 46.5, "source": "Almaty_7", "source_model": "yolo26-obb", "centroid_wkt": "POINT (76.88607025891542 43.20163886994124)", "bbox": [76.88604678958654, 43.20160869508982, 76.8860937282443, 43.20166904479265], "pixel_bbox": [10306, 3083, 10376, 3173], "area_m2": 25.577}}, {"type": "Feature", "geometry": {"type": "Polygon", "coordinates": [[[76.88108067959547, 43.19957960397005], [76.88108067959547, 43.19963190704584], [76.88104446977377, 43.19963190704584], [76.88104446977377, 43.19957960397005], [76.88108067959547, 43.19957960397005]]]}, "properties": {"id": 195, "class": "small vehicle", "confidence": 42.8, "source": "Almaty_7", "source_model": "yolo26-obb", "centroid_wkt": "POINT (76.88106257468462 43.199605755507946)", "bbox": [76.88104446977377, 43.19957960397005, 76.88108067959547, 43.19963190704584], "pixel_bbox": [2846, 6121, 2900, 6199], "area_m2": 17.101}}, {"type": "Feature", "geometry": {"type": "Polygon", "coordinates": [[[76.88335318118334, 43.203295804560184], [76.88335318118334, 43.203324638307095], [76.88329081982374, 43.203324638307095], [76.88329081982374, 43.203295804560184], [76.88335318118334, 43.203295804560184]]]}, "properties": {"id": 196, "class": "small vehicle", "confidence": 41.1, "source": "Almaty_7", "source_model": "yolo26-obb", "centroid_wkt": "POINT (76.88332200050354 43.20331022143363)", "bbox": [76.88329081982374, 43.203295804560184, 76.88335318118334, 43.203324638307095], "pixel_bbox": [6196, 614, 6289, 657], "area_m2": 16.235}}, {"type": "Feature", "geometry": {"type": "Polygon", "coordinates": [[[76.88052546232939, 43.199285231530666], [76.88052546232939, 43.19935094565153], [76.88048120588064, 43.19935094565153], [76.88048120588064, 43.199285231530666], [76.88052546232939, 43.199285231530666]]]}, "properties": {"id": 197, "class": "small vehicle", "confidence": 41.1, "source": "Almaty_7", "source_model": "yolo26-obb", "centroid_wkt": "POINT (76.88050333410501 43.1993180885911)", "bbox": [76.88048120588064, 43.199285231530666, 76.88052546232939, 43.19935094565153], "pixel_bbox": [2006, 6540, 2072, 6638], "area_m2": 26.261}}, {"type": "Feature", "geometry": {"type": "Polygon", "coordinates": [[[76.88024919480085, 43.19922488182783], [76.88024919480085, 43.19927450269461], [76.88021499663591, 43.19927450269461], [76.88021499663591, 43.19922488182783], [76.88024919480085, 43.19922488182783]]]}, "properties": {"id": 198, "class": "ship", "confidence": 41.1, "source": "Almaty_7", "source_model": "yolo26-obb", "centroid_wkt": "POINT (76.88023209571838 43.19924969226122)", "bbox": [76.88021499663591, 43.19922488182783, 76.88024919480085, 43.19927450269461], "pixel_bbox": [1609, 6654, 1660, 6728], "area_m2": 15.323}}, {"type": "Feature", "geometry": {"type": "Polygon", "coordinates": [[[76.88385408371687, 43.203387670218945], [76.88385408371687, 43.203418515622616], [76.88379038125277, 43.203418515622616], [76.88379038125277, 43.203387670218945], [76.88385408371687, 43.203387670218945]]]}, "properties": {"id": 199, "class": "small vehicle", "confidence": 40.8, "source": "Almaty_7", "source_model": "yolo26-obb", "centroid_wkt": "POINT (76.88382223248482 43.20340309292079)", "bbox": [76.88379038125277, 43.203387670218945, 76.88385408371687, 43.203418515622616], "pixel_bbox": [6941, 474, 7036, 520], "area_m2": 17.741}}, {"type": "Feature", "geometry": {"type": "Polygon", "coordinates": [[[76.88276845961809, 43.20309866219759], [76.88276845961809, 43.203130178153515], [76.88270408660173, 43.203130178153515], [76.88270408660173, 43.20309866219759], [76.88276845961809, 43.20309866219759]]]}, "properties": {"id": 200, "class": "small vehicle", "confidence": 40.7, "source": "Almaty_7", "source_model": "yolo26-obb", "centroid_wkt": "POINT (76.88273627310991 43.20311442017555)", "bbox": [76.88270408660173, 43.20309866219759, 76.88276845961809, 43.203130178153515], "pixel_bbox": [5321, 904, 5417, 951], "area_m2": 18.318}}, {"type": "Feature", "geometry": {"type": "Polygon", "coordinates": [[[76.88059519976377, 43.19921214133501], [76.88059519976377, 43.199312053620815], [76.88054021447897, 43.199312053620815], [76.88054021447897, 43.19921214133501], [76.88059519976377, 43.19921214133501]]]}, "properties": {"id": 201, "class": "ship", "confidence": 39.9, "source": "Almaty_7", "source_model": "yolo26-obb", "centroid_wkt": "POINT (76.88056770712137 43.19926209747792)", "bbox": [76.88054021447897, 43.19921214133501, 76.88059519976377, 43.199312053620815], "pixel_bbox": [2094, 6598, 2176, 6747], "area_m2": 49.606}}, {"type": "Feature", "geometry": {"type": "Polygon", "coordinates": [[[76.88025254756212, 43.19918733090162], [76.88025254756212, 43.199222199618816], [76.88022505491972, 43.199222199618816], [76.88022505491972, 43.19918733090162], [76.88025254756212, 43.19918733090162]]]}, "properties": {"id": 202, "class": "small vehicle", "confidence": 38.7, "source": "Almaty_7", "source_model": "yolo26-obb", "centroid_wkt": "POINT (76.88023880124092 43.19920476526022)", "bbox": [76.88022505491972, 43.19918733090162, 76.88025254756212, 43.199222199618816], "pixel_bbox": [1624, 6732, 1665, 6784], "area_m2": 8.656}}, {"type": "Feature", "geometry": {"type": "Polygon", "coordinates": [[[76.8802485242486, 43.19922488182783], [76.8802485242486, 43.19927517324686], [76.88021432608366, 43.19927517324686], [76.88021432608366, 43.19922488182783], [76.8802485242486, 43.19922488182783]]]}, "properties": {"id": 203, "class": "small vehicle", "confidence": 37.4, "source": "Almaty_7", "source_model": "yolo26-obb", "centroid_wkt": "POINT (76.88023142516613 43.199250027537346)", "bbox": [76.88021432608366, 43.19922488182783, 76.8802485242486, 43.19927517324686], "pixel_bbox": [1608, 6653, 1659, 6728], "area_m2": 15.53}}, {"type": "Feature", "geometry": {"type": "Polygon", "coordinates": [[[76.88597235828638, 43.20192988961935], [76.88597235828638, 43.20202711969614], [76.88591200858355, 43.20202711969614], [76.88591200858355, 43.20192988961935], [76.88597235828638, 43.20192988961935]]]}, "properties": {"id": 204, "class": "ship", "confidence": 37.3, "source": "Almaty_7", "source_model": "yolo26-obb", "centroid_wkt": "POINT (76.88594218343496 43.20197850465774)", "bbox": [76.88591200858355, 43.20192988961935, 76.88597235828638, 43.20202711969614], "pixel_bbox": [10105, 2549, 10195, 2694], "area_m2": 52.982}}, {"type": "Feature", "geometry": {"type": "Polygon", "coordinates": [[[76.88557740300894, 43.20316303521395], [76.88557740300894, 43.203218691051006], [76.88553851097822, 43.203218691051006], [76.88553851097822, 43.20316303521395], [76.88557740300894, 43.20316303521395]]]}, "properties": {"id": 205, "class": "small vehicle", "confidence": 36.9, "source": "Almaty_7", "source_model": "yolo26-obb", "centroid_wkt": "POINT (76.88555795699358 43.20319086313247)", "bbox": [76.88553851097822, 43.20316303521395, 76.88557740300894, 43.203218691051006], "pixel_bbox": [9548, 772, 9606, 855], "area_m2": 19.544}}, {"type": "Feature", "geometry": {"type": "Polygon", "coordinates": [[[76.88051003962755, 43.202717788517475], [76.88051003962755, 43.202749975025654], [76.88044767826796, 43.202749975025654], [76.88044767826796, 43.202717788517475], [76.88051003962755, 43.202717788517475]]]}, "properties": {"id": 206, "class": "small vehicle", "confidence": 36.2, "source": "Almaty_7", "source_model": "yolo26-obb", "centroid_wkt": "POINT (76.88047885894775 43.20273388177156)", "bbox": [76.88044767826796, 43.202717788517475, 76.88051003962755, 43.202749975025654], "pixel_bbox": [1956, 1471, 2049, 1519], "area_m2": 18.123}}, {"type": "Feature", "geometry": {"type": "Polygon", "coordinates": [[[76.88117388635874, 43.20280496031046], [76.88117388635874, 43.20283245295286], [76.8811135366559, 43.20283245295286], [76.8811135366559, 43.20280496031046], [76.88117388635874, 43.20280496031046]]]}, "properties": {"id": 207, "class": "small vehicle", "confidence": 35.2, "source": "Almaty_7", "source_model": "yolo26-obb", "centroid_wkt": "POINT (76.88114371150732 43.20281870663167)", "bbox": [76.8811135366559, 43.20280496031046, 76.88117388635874, 43.20283245295286], "pixel_bbox": [2949, 1348, 3039, 1389], "area_m2": 14.981}}, {"type": "Feature", "geometry": {"type": "Polygon", "coordinates": [[[76.88607227057219, 43.199459575116634], [76.88607227057219, 43.19948237389326], [76.88601326197386, 43.19948237389326], [76.88601326197386, 43.199459575116634], [76.88607227057219, 43.199459575116634]]]}, "properties": {"id": 208, "class": "large vehicle", "confidence": 32.9, "source": "Almaty_7", "source_model": "yolo26-obb", "centroid_wkt": "POINT (76.88604276627304 43.19947097450495)", "bbox": [76.88601326197386, 43.199459575116634, 76.88607227057219, 43.19948237389326], "pixel_bbox": [10256, 6344, 10344, 6378], "area_m2": 12.148}}, {"type": "Feature", "geometry": {"type": "Polygon", "coordinates": [[[76.88045103102922, 43.199605755507946], [76.88045103102922, 43.199656046926975], [76.88041616231203, 43.199656046926975], [76.88041616231203, 43.199605755507946], [76.88045103102922, 43.199605755507946]]]}, "properties": {"id": 209, "class": "small vehicle", "confidence": 32.6, "source": "Almaty_7", "source_model": "yolo26-obb", "centroid_wkt": "POINT (76.88043359667063 43.19963090121746)", "bbox": [76.88041616231203, 43.199605755507946, 76.88045103102922, 43.199656046926975], "pixel_bbox": [1909, 6085, 1961, 6160], "area_m2": 15.834}}, {"type": "Feature", "geometry": {"type": "Polygon", "coordinates": [[[76.88310910016298, 43.20316169410944], [76.88310910016298, 43.20319253951311], [76.8830494210124, 43.20319253951311], [76.8830494210124, 43.20316169410944], [76.88310910016298, 43.20316169410944]]]}, "properties": {"id": 210, "class": "small vehicle", "confidence": 32.4, "source": "Almaty_7", "source_model": "yolo26-obb", "centroid_wkt": "POINT (76.8830792605877 43.203177116811275)", "bbox": [76.8830494210124, 43.20316169410944, 76.88310910016298, 43.20319253951311], "pixel_bbox": [5836, 811, 5925, 857], "area_m2": 16.621}}, {"type": "Feature", "geometry": {"type": "Polygon", "coordinates": [[[76.88483443111181, 43.199871964752674], [76.88483443111181, 43.199918903410435], [76.88480157405138, 43.199918903410435], [76.88480157405138, 43.199871964752674], [76.88483443111181, 43.199871964752674]]]}, "properties": {"id": 211, "class": "small vehicle", "confidence": 31.3, "source": "Almaty_7", "source_model": "yolo26-obb", "centroid_wkt": "POINT (76.8848180025816 43.199895434081554)", "bbox": [76.88480157405138, 43.199871964752674, 76.88483443111181, 43.199918903410435], "pixel_bbox": [8449, 5693, 8498, 5763], "area_m2": 13.926}}, {"type": "Feature", "geometry": {"type": "Polygon", "coordinates": [[[76.88333977013826, 43.203308545053005], [76.88333977013826, 43.20332530885935], [76.88329081982374, 43.20332530885935], [76.88329081982374, 43.203308545053005], [76.88333977013826, 43.203308545053005]]]}, "properties": {"id": 212, "class": "ship", "confidence": 28.7, "source": "Almaty_7", "source_model": "yolo26-obb", "centroid_wkt": "POINT (76.88331529498099 43.20331692695618)", "bbox": [76.88329081982374, 43.203308545053005, 76.88333977013826, 43.20332530885935], "pixel_bbox": [6196, 613, 6269, 638], "area_m2": 7.409}}, {"type": "Feature", "geometry": {"type": "Polygon", "coordinates": [[[76.88300047069788, 43.20322874933481], [76.88300047069788, 43.20325691252947], [76.88295487314463, 43.20325691252947], [76.88295487314463, 43.20322874933481], [76.88300047069788, 43.20322874933481]]]}, "properties": {"id": 213, "class": "small vehicle", "confidence": 26.8, "source": "Almaty_7", "source_model": "yolo26-obb", "centroid_wkt": "POINT (76.88297767192125 43.20324283093215)", "bbox": [76.88295487314463, 43.20322874933481, 76.88300047069788, 43.20325691252947], "pixel_bbox": [5695, 715, 5763, 757], "area_m2": 11.595}}, {"type": "Feature", "geometry": {"type": "Polygon", "coordinates": [[[76.88025657087564, 43.19917056709528], [76.88025657087564, 43.19922421127558], [76.88022639602423, 43.19922421127558], [76.88022639602423, 43.19917056709528], [76.88025657087564, 43.19917056709528]]]}, "properties": {"id": 214, "class": "ship", "confidence": 26.8, "source": "Almaty_7", "source_model": "yolo26-obb", "centroid_wkt": "POINT (76.88024148344994 43.19919738918543)", "bbox": [76.88022639602423, 43.19917056709528, 76.88025657087564, 43.19922421127558], "pixel_bbox": [1626, 6729, 1671, 6809], "area_m2": 14.616}}, {"type": "Feature", "geometry": {"type": "Polygon", "coordinates": [[[76.88635054975748, 43.20092137902975], [76.88635054975748, 43.20093613117933], [76.88634518533945, 43.20093613117933], [76.88634518533945, 43.20092137902975], [76.88635054975748, 43.20092137902975]]]}, "properties": {"id": 215, "class": "small vehicle", "confidence": 26.6, "source": "Almaty_7", "source_model": "yolo26-obb", "centroid_wkt": "POINT (76.88634786754847 43.20092875510454)", "bbox": [76.88634518533945, 43.20092137902975, 76.88635054975748, 43.20093613117933], "pixel_bbox": [10751, 4176, 10759, 4198], "area_m2": 0.715}}, {"type": "Feature", "geometry": {"type": "Polygon", "coordinates": [[[76.88054624944925, 43.19850269705057], [76.88054624944925, 43.19856237620115], [76.88050735741854, 43.19856237620115], [76.88050735741854, 43.19850269705057], [76.88054624944925, 43.19850269705057]]]}, "properties": {"id": 216, "class": "small vehicle", "confidence": 25.5, "source": "Almaty_7", "source_model": "yolo26-obb", "centroid_wkt": "POINT (76.8805268034339 43.19853253662586)", "bbox": [76.88050735741854, 43.19850269705057, 76.88054624944925, 43.19856237620115], "pixel_bbox": [2045, 7716, 2103, 7805], "area_m2": 20.958}}, {"type": "Feature", "geometry": {"type": "Polygon", "coordinates": [[[76.88039604574442, 43.20055793970823], [76.88039604574442, 43.200580067932606], [76.88036721199751, 43.200580067932606], [76.88036721199751, 43.20055793970823], [76.88039604574442, 43.20055793970823]]]}, "properties": {"id": 217, "class": "ship", "confidence": 25.4, "source": "Almaty_7", "source_model": "yolo26-obb", "centroid_wkt": "POINT (76.88038162887096 43.200569003820426)", "bbox": [76.88036721199751, 43.20055793970823, 76.88039604574442, 43.200580067932606], "pixel_bbox": [1836, 4707, 1879, 4740], "area_m2": 5.761}}, {"type": "Feature", "geometry": {"type": "Polygon", "coordinates": [[[76.88479285687208, 43.20325691252947], [76.88478279858828, 43.20325490087271], [76.88477072864771, 43.20324417203665], [76.8847693875432, 43.20324148982763], [76.88477072864771, 43.20322137326002], [76.88480023294687, 43.20322137326002], [76.88480090349913, 43.203256241977215], [76.88479956239462, 43.20325691252947], [76.88479822129011, 43.20325557142496], [76.88479620963335, 43.20325557142496], [76.88479285687208, 43.20325691252947]]]}, "properties": {"id": 218, "class": "road", "confidence": 100.0, "source": "Almaty_7", "source_model": "unet-roads", "centroid_wkt": "POINT (76.88478661684256 43.203237304946796)", "bbox": [76.8847693875432, 43.20322137326002, 76.88480090349913, 43.20325691252947], "pixel_bbox": [8401, 715, 8448, 768], "area_m2": 8.763}}, {"type": "Feature", "geometry": {"type": "Polygon", "coordinates": [[[76.88316207379103, 43.20316839963198], [76.88315872102976, 43.20316705852747], [76.88315067440271, 43.203166387975216], [76.88314665108919, 43.203164376318455], [76.88313458114862, 43.20316303521395], [76.8831292167306, 43.203159011900425], [76.8831292167306, 43.20315431803465], [76.88313391059637, 43.20314895361662], [76.88313860446215, 43.203146271407604], [76.88314530998468, 43.20314560085535], [76.88314732164145, 43.20314425975084], [76.88315402716398, 43.20314425975084], [76.88315737992525, 43.203142918646336], [76.88316408544779, 43.203142918646336], [76.88316810876131, 43.2031449303031], [76.88316944986582, 43.20314694195986], [76.88317347317934, 43.203148283064365], [76.88317615538836, 43.20315096527338], [76.88317816704512, 43.20315632969141], [76.88317816704512, 43.203162364661694], [76.88317615538836, 43.20316571742296], [76.88316944986582, 43.20316705852747], [76.88316743820906, 43.20316839963198], [76.88316207379103, 43.20316839963198]]]}, "properties": {"id": 219, "class": "road", "confidence": 100.0, "source": "Almaty_7", "source_model": "unet-roads", "centroid_wkt": "POINT (76.88315556358411 43.20315538612744)", "bbox": [76.8831292167306, 43.203142918646336, 76.88317816704512, 43.20316839963198], "pixel_bbox": [5955, 847, 6028, 885], "area_m2": 8.438}}, {"type": "Feature", "geometry": {"type": "Polygon", "coordinates": [[[76.8828234449029, 43.20307049900293], [76.88277717679739, 43.20306312292814], [76.88277248293161, 43.20306044071913], [76.88277181237936, 43.20305574685335], [76.88277315348387, 43.2030550763011], [76.88277315348387, 43.20305239409208], [76.8827711418271, 43.203051052987576], [76.88277583569288, 43.20304971188307], [76.88284691423178, 43.20304971188307], [76.8828522786498, 43.203051052987576], [76.88285026699305, 43.20305239409208], [76.88284959644079, 43.203054405748844], [76.88285026699305, 43.20305909961462], [76.88284892588854, 43.203059770166874], [76.88284825533628, 43.20306312292814], [76.88284490257502, 43.20306580513716], [76.88284490257502, 43.203067146241665], [76.88283618539572, 43.20307049900293], [76.8828234449029, 43.20307049900293]]]}, "properties": {"id": 220, "class": "road", "confidence": 100.0, "source": "Almaty_7", "source_model": "unet-roads", "centroid_wkt": "POINT (76.88281373178371 43.20305831092278)", "bbox": [76.8827711418271, 43.20304971188307, 76.8828522786498, 43.20307049900293], "pixel_bbox": [5421, 993, 5542, 1024], "area_m2": 12.159}}, {"type": "Feature", "geometry": {"type": "Polygon", "coordinates": [[[76.88510600477457, 43.203292451798916], [76.88509661704302, 43.203290440142155], [76.885093934834, 43.20328775793314], [76.88509192317724, 43.20328775793314], [76.88508789986372, 43.20328373461962], [76.88508655875921, 43.20328373461962], [76.88508588820696, 43.203281722962856], [76.88508454710245, 43.203281722962856], [76.8850838765502, 43.20327904075384], [76.88508186489344, 43.203277699649334], [76.88507851213217, 43.20326965302229], [76.88507851213217, 43.203263618052006], [76.88508119434118, 43.20326026529074], [76.8850838765502, 43.2032535597682], [76.88508857041597, 43.20324953645468], [76.88508991152048, 43.20324148982763], [76.88509192317724, 43.203238137066364], [76.8850925937295, 43.203224055469036], [76.885093934834, 43.203222043812275], [76.88508722931147, 43.20322070270777], [76.88508857041597, 43.20322070270777], [76.88508857041597, 43.203216679394245], [76.88509058207273, 43.20321332663298], [76.8850925937295, 43.203203938901424], [76.88509460538626, 43.20320125669241], [76.88509460538626, 43.20319924503565], [76.88509795814753, 43.20319388061762], [76.88509795814753, 43.203191198408604], [76.88509929925203, 43.20318918675184], [76.88509996980429, 43.2031811401248], [76.88509795814753, 43.20317108184099], [76.885093934834, 43.20316303521395], [76.88508454710245, 43.20315431803465], [76.88507448881865, 43.20314895361662], [76.88507381826639, 43.20314761251211], [76.88506375998259, 43.20314425975084], [76.88505303114653, 43.20313889533281], [76.88504498451948, 43.20313151925802], [76.88504163175821, 43.20312347263098], [76.8850402906537, 43.203079886734486], [76.88503492623568, 43.20306982845068], [76.88503090292215, 43.20306848734617], [76.88502285629511, 43.20306044071913], [76.88502352684736, 43.20305373519659], [76.88502218574286, 43.20305373519659], [76.88501950353384, 43.203051052987576], [76.88502620905638, 43.20304971188307], [76.88514422625303, 43.20304971188307], [76.88514489680529, 43.2030738517642], [76.88514556735754, 43.20307586342096], [76.88514959067106, 43.20307720452547], [76.88515160232782, 43.20308458060026], [76.88515361398458, 43.20308592170477], [76.88515495508909, 43.20308927446604], [76.88515562564135, 43.203095979988575], [76.88515830785036, 43.2031000033021], [76.88515964895487, 43.20311475545168], [76.88516099005938, 43.20311542600393], [76.88516166061163, 43.20311810821295], [76.88516166061163, 43.20313286036253], [76.88516099005938, 43.20313688367605], [76.88515830785036, 43.20314157754183], [76.88515830785036, 43.203148283064365], [76.8851562961936, 43.20315632969141], [76.88515428453684, 43.203159011900425], [76.88515428453684, 43.203161023557186], [76.88515294343233, 43.20316169410944], [76.88515294343233, 43.2031637057662], [76.88515160232782, 43.203164376318455], [76.88515160232782, 43.20316705852747], [76.8851475790143, 43.203175105154514], [76.8851475790143, 43.20317778736353], [76.8851462379098, 43.20317845791578], [76.8851462379098, 43.203180469572544], [76.88514489680529, 43.20318181067705], [76.88514422625303, 43.20322137326002], [76.8851301446557, 43.203222043812275], [76.88513081520796, 43.20323143154383], [76.88512746244669, 43.20324081927538], [76.88512746244669, 43.203254230320454], [76.8851301446557, 43.20325557142496], [76.88513081520796, 43.20325892418623], [76.88513215631247, 43.20326026529074], [76.88513282686472, 43.20327568799257], [76.88513081520796, 43.20327702909708], [76.88512813299894, 43.20328239351511], [76.88512478023767, 43.20328574627638], [76.88512343913317, 43.20328574627638], [76.8851214274764, 43.20328909903765], [76.88510600477457, 43.203292451798916]]]}, "properties": {"id": 221, "class": "road", "confidence": 100.0, "source": "Almaty_7", "source_model": "unet-roads", "centroid_wkt": "POINT (76.88510426842046 43.20314228319105)", "bbox": [76.88501950353384, 43.20304971188307, 76.88516166061163, 43.203292451798916], "pixel_bbox": [8774, 662, 8986, 1024], "area_m2": 164.433}}, {"type": "Feature", "geometry": {"type": "Polygon", "coordinates": [[[76.88222531229258, 43.20304971188307], [76.88215021044016, 43.203049041330814], [76.8821495398879, 43.20304702967405], [76.88214752823114, 43.20304702967405], [76.88214886933565, 43.20303898304701], [76.88215021044016, 43.203038312494755], [76.88215088099241, 43.20303563028574], [76.88215356320143, 43.20303361862898], [76.88216429203749, 43.203030936419964], [76.88217166811228, 43.20303160697222], [76.88217435032129, 43.203032948076725], [76.88218642026186, 43.203032948076725], [76.88218910247087, 43.20303227752447], [76.88218910247087, 43.203030936419964], [76.88219379633665, 43.203029595315456], [76.8821944668889, 43.20302825421095], [76.88219781965017, 43.20302691310644], [76.88219781965017, 43.20302490144968], [76.88219983130693, 43.20302423089743], [76.88219983130693, 43.20301953703165], [76.88219781965017, 43.20301819592714], [76.88219647854567, 43.20301551371813], [76.88218843191862, 43.20301350206137], [76.88216295093298, 43.20301216095686], [76.88215624541044, 43.203009478747845], [76.88215557485819, 43.20300813764334], [76.88215222209692, 43.20300679653883], [76.88214350491762, 43.20299807935953], [76.88214283436537, 43.20299539715052], [76.8821408227086, 43.202993385493755], [76.88213814049959, 43.20298332720995], [76.88213814049959, 43.20297595113516], [76.88214015215635, 43.202969916164875], [76.88214551657438, 43.202964551746845], [76.88215423375368, 43.20296052843332], [76.88217502087355, 43.20295851677656], [76.88217904418707, 43.20295851677656], [76.88218172639608, 43.20295985788107], [76.88219111412764, 43.20296119898558], [76.8821931257844, 43.202962540090084], [76.88219983130693, 43.20296321064234], [76.88220787793398, 43.202966563403606], [76.88221391290426, 43.20296723395586], [76.88222330063581, 43.20297058671713], [76.88222598284483, 43.202969916164875], [76.88222665339708, 43.20297461003065], [76.88223201781511, 43.20297662168741], [76.88223604112864, 43.202980645000935], [76.88224006444216, 43.20298869162798], [76.88224006444216, 43.20299405604601], [76.88223872333765, 43.20299472659826], [76.88223604112864, 43.203000761568546], [76.88223470002413, 43.203000761568546], [76.88223335891962, 43.20300344377756], [76.88223201781511, 43.20300344377756], [76.88223000615835, 43.203006125986576], [76.88222732394934, 43.203006125986576], [76.88222598284483, 43.20300813764334], [76.88222665339708, 43.20303361862898], [76.88222799450159, 43.203032948076725], [76.88222799450159, 43.20303428918123], [76.88223604112864, 43.20303563028574], [76.88224274665117, 43.20303898304701], [76.8822568282485, 43.203038312494755], [76.88225951045752, 43.20303965359926], [76.88226286321878, 43.20303965359926], [76.8822668865323, 43.20304166525602], [76.88226822763681, 43.20304501801729], [76.88226956874132, 43.20304501801729], [76.88227023929358, 43.2030463591218], [76.88226889818907, 43.203049041330814], [76.88226621598005, 43.20304971188307], [76.88222732394934, 43.203049041330814], [76.88222665339708, 43.20304770022631], [76.88222531229258, 43.20304971188307]], [[76.88223000615835, 43.20304770022631], [76.88223268836737, 43.20304837077856], [76.88223268836737, 43.20304770022631], [76.88223000615835, 43.20304770022631]]]}, "properties": {"id": 222, "class": "road", "confidence": 100.0, "source": "Almaty_7", "source_model": "unet-roads", "centroid_wkt": "POINT (76.88219374613327 43.203004190625705)", "bbox": [76.88213814049959, 43.20295851677656, 76.88227023929358, 43.20304971188307], "pixel_bbox": [4477, 1024, 4674, 1160], "area_m2": 61.592}}, {"type": "Feature", "geometry": {"type": "Polygon", "coordinates": [[[76.88344437628984, 43.20305306464434], [76.88343700021505, 43.20305038243532], [76.8834276124835, 43.20304971188307], [76.88342694193125, 43.20304501801729], [76.88342090696096, 43.20304099470377], [76.88341688364744, 43.203030936419964], [76.88341822475195, 43.20301819592714], [76.88342023640871, 43.203016854822636], [76.88342157751322, 43.203011490404606], [76.883426271379, 43.20300679653883], [76.8834276124835, 43.20300344377756], [76.8834276124835, 43.2029477879405], [76.88342895358801, 43.20294041186571], [76.88343498855829, 43.20294175297022], [76.88345443457365, 43.20294041186571], [76.88346449285746, 43.20294376462698], [76.88347119838, 43.20294979959726], [76.88347119838, 43.20295114070177], [76.88347924500704, 43.20296052843332], [76.88347924500704, 43.202962540090084], [76.88348595052958, 43.20297461003065], [76.88348662108183, 43.20299003273249], [76.88348796218634, 43.202991373836994], [76.88348930329084, 43.20299606770277], [76.88349399715662, 43.2030014321208], [76.88350472599268, 43.203006125986576], [76.88353825360537, 43.20301283150911], [76.88354227691889, 43.20301417261362], [76.88354562968016, 43.20301752537489], [76.88354562968016, 43.2030289247632], [76.88354294747114, 43.203034959733486], [76.88352953642607, 43.20304501801729], [76.88352685421705, 43.203045688569546], [76.8835261836648, 43.20304702967405], [76.88352417200804, 43.20304702967405], [76.88352350145578, 43.203049041330814], [76.88346449285746, 43.20304971188307], [76.88345644623041, 43.203051052987576], [76.88345577567816, 43.20305239409208], [76.88345242291689, 43.20305306464434], [76.88344437628984, 43.20305306464434]]]}, "properties": {"id": 223, "class": "road", "confidence": 100.0, "source": "Almaty_7", "source_model": "unet-roads", "centroid_wkt": "POINT (76.88346971381358 43.20300665756038)", "bbox": [76.88341688364744, 43.20294041186571, 76.88354562968016, 43.20305306464434], "pixel_bbox": [6384, 1019, 6576, 1187], "area_m2": 78.227}}, {"type": "Feature", "geometry": {"type": "Polygon", "coordinates": [[[76.88204627484083, 43.20295784622431], [76.88203688710928, 43.20295516401529], [76.88203286379576, 43.20295315235853], [76.8820321932435, 43.202951811254025], [76.88202414661646, 43.202948458492756], [76.8820234760642, 43.20294711738825], [76.88201677054167, 43.20294510573149], [76.88199665397406, 43.20294577628374], [76.88198927789927, 43.202948458492756], [76.88197921961546, 43.20294979959726], [76.88197385519743, 43.202951811254025], [76.88196513801813, 43.202951811254025], [76.88196245580912, 43.20295047014952], [76.88195910304785, 43.20295047014952], [76.88195373862982, 43.2029477879405], [76.88195038586855, 43.20294443517923], [76.88194703310728, 43.20293705910444], [76.88194703310728, 43.20293236523867], [76.88195172697306, 43.202922977507114], [76.88195776194334, 43.20291694253683], [76.88197184354067, 43.202908895909786], [76.8819959834218, 43.2029028609395], [76.88201006501913, 43.2029028609395], [76.88201945275068, 43.20290420204401], [76.88202615827322, 43.202906884253025], [76.88203889876604, 43.20290956646204], [76.88204426318407, 43.202912248671055], [76.88204493373632, 43.20291358977556], [76.88204694539309, 43.20291358977556], [76.8820482864976, 43.20291560143232], [76.88205096870661, 43.20291560143232], [76.88205230981112, 43.202914260327816], [76.88205432146788, 43.20291493088007], [76.88205432146788, 43.202957175672054], [76.88204627484083, 43.20295784622431]]]}, "properties": {"id": 224, "class": "road", "confidence": 100.0, "source": "Almaty_7", "source_model": "unet-roads", "centroid_wkt": "POINT (76.88200430722111 43.20292888199569)", "bbox": [76.88194703310728, 43.2029028609395, 76.88205432146788, 43.20295784622431], "pixel_bbox": [4192, 1161, 4352, 1243], "area_m2": 39.161}}, {"type": "Feature", "geometry": {"type": "Polygon", "coordinates": [[[76.88470233231783, 43.20291493088007], [76.88469026237726, 43.202914260327816], [76.88468623906374, 43.202912248671055], [76.88468556851149, 43.20291090756655], [76.88468087464571, 43.20290956646204], [76.88467551022768, 43.20290420204401], [76.88467014580965, 43.202901519834995], [76.88466612249613, 43.20289749652147], [76.88466612249613, 43.202896155416965], [76.88466344028711, 43.20289347320795], [76.88466344028711, 43.20288475602865], [76.8846620991826, 43.20287939161062], [76.88466612249613, 43.202878050506115], [76.8847432360053, 43.202878050506115], [76.88475597649813, 43.20287939161062], [76.8847506120801, 43.20288207381964], [76.8847506120801, 43.202885426580906], [76.88474927097559, 43.202885426580906], [76.88474927097559, 43.20288743823767], [76.88474658876657, 43.20288810878992], [76.88474457710981, 43.2028928026557], [76.88474122434855, 43.20289347320795], [76.88473720103502, 43.20289816707373], [76.8847331777215, 43.20289883762598], [76.88472781330347, 43.202901519834995], [76.88472513109446, 43.20290420204401], [76.88472177833319, 43.202904872596264], [76.88471842557192, 43.20290822535753], [76.8847144022584, 43.20290956646204], [76.88471239060163, 43.2029115781188], [76.8847070261836, 43.2029115781188], [76.88470233231783, 43.20291493088007]]]}, "properties": {"id": 225, "class": "road", "confidence": 100.0, "source": "Almaty_7", "source_model": "unet-roads", "centroid_wkt": "POINT (76.88470387127411 43.20289231248892)", "bbox": [76.8846620991826, 43.202878050506115, 76.88475597649813, 43.20291493088007], "pixel_bbox": [8241, 1225, 8381, 1280], "area_m2": 21.249}}, {"type": "Feature", "geometry": {"type": "Polygon", "coordinates": [[[76.88148971647024, 43.20290554314852], [76.88147898763418, 43.202903531491756], [76.88147496432066, 43.20290084928274], [76.88145082443953, 43.2028928026557], [76.88144411891699, 43.20288944989443], [76.88144210726023, 43.20288743823767], [76.88144277781248, 43.20288274437189], [76.88143942505121, 43.20287939161062], [76.88144881278276, 43.202878050506115], [76.8815279379487, 43.202878050506115], [76.88152860850096, 43.20288676768541], [76.88152190297842, 43.202894143760204], [76.88150648027658, 43.2029028609395], [76.88149977475405, 43.202904872596264], [76.88148971647024, 43.20290554314852]]]}, "properties": {"id": 226, "class": "road", "confidence": 100.0, "source": "Almaty_7", "source_model": "unet-roads", "centroid_wkt": "POINT (76.88148719691408 43.20288874712142)", "bbox": [76.88143942505121, 43.202878050506115, 76.88152860850096, 43.20290554314852], "pixel_bbox": [3435, 1239, 3568, 1280], "area_m2": 16.109}}, {"type": "Feature", "geometry": {"type": "Polygon", "coordinates": [[[76.88434291630983, 43.20289347320795], [76.88433822244406, 43.20289213210344], [76.88433352857828, 43.202888779342175], [76.88433285802603, 43.20288207381964], [76.88433151692152, 43.20288207381964], [76.88433151692152, 43.202880062162876], [76.88433017581701, 43.20287939161062], [76.88433688133955, 43.202878050506115], [76.88436839729548, 43.202878050506115], [76.88438449054956, 43.20287939161062], [76.88438381999731, 43.20288073271513], [76.88437778502703, 43.20288274437189], [76.88437845557928, 43.2028840854764], [76.88437711447477, 43.20288676768541], [76.884372420609, 43.20288810878992], [76.88437175005674, 43.20289012044668], [76.88436973839998, 43.20289146155119], [76.88436303287745, 43.20289146155119], [76.88435565680265, 43.20289347320795], [76.88434291630983, 43.20289347320795]]]}, "properties": {"id": 227, "class": "road", "confidence": 100.0, "source": "Almaty_7", "source_model": "unet-roads", "centroid_wkt": "POINT (76.88435526134258 43.20288454948826)", "bbox": [76.88433017581701, 43.202878050506115, 76.88438449054956, 43.20289347320795], "pixel_bbox": [7746, 1257, 7827, 1280], "area_m2": 5.639}}, {"type": "Feature", "geometry": {"type": "Polygon", "coordinates": [[[76.88061196357012, 43.202878050506115], [76.88061598688364, 43.20287670940161], [76.88061598688364, 43.2028753682971], [76.88062202185392, 43.20287201553583], [76.88062939792871, 43.20287134498358], [76.88063945621252, 43.20287201553583], [76.88064280897379, 43.20287335664034], [76.88064347952604, 43.2028753682971], [76.88064347952604, 43.202878050506115], [76.88061196357012, 43.202878050506115]]]}, "properties": {"id": 228, "class": "road", "confidence": 100.0, "source": "Almaty_7", "source_model": "unet-roads", "centroid_wkt": "POINT (76.88063027540676 43.20287479604242)", "bbox": [76.88061196357012, 43.20287134498358, 76.88064347952604, 43.202878050506115], "pixel_bbox": [2201, 1280, 2248, 1290], "area_m2": 1.449}}, {"type": "Feature", "geometry": {"type": "Polygon", "coordinates": [[[76.88276041299105, 43.20289816707373], [76.88275370746851, 43.20289682596922], [76.8827423080802, 43.20289682596922], [76.88274163752794, 43.202894143760204], [76.88274029642344, 43.20289481431246], [76.88274029642344, 43.202888779342175], [76.88273895531893, 43.20288676768541], [76.88274029642344, 43.202878050506115], [76.88272152096033, 43.20287737995386], [76.88272822648287, 43.20287670940161], [76.88272554427385, 43.2028753682971], [76.88272688537836, 43.2028753682971], [76.88272688537836, 43.20287402719259], [76.88273157924414, 43.202870674431324], [76.88273895531893, 43.202870674431324], [76.88273895531893, 43.20286933332682], [76.88274096697569, 43.20286799222231], [76.88274163752794, 43.20285927504301], [76.88275571912527, 43.20286061614752], [76.88277248293161, 43.20286061614752], [76.88277583569288, 43.202861957252026], [76.88278052955866, 43.202861957252026], [76.88279259949923, 43.2028666511178], [76.8827959522605, 43.20287000387907], [76.88279662281275, 43.20287402719259], [76.88279461115599, 43.20287670940161], [76.8827959522605, 43.20287670940161], [76.88279662281275, 43.202878050506115], [76.88278455287218, 43.202878050506115], [76.88278589397669, 43.20288073271513], [76.88278522342443, 43.202888779342175], [76.8827798590064, 43.20289548486471], [76.88277047127485, 43.20289816707373], [76.88276041299105, 43.20289816707373]]]}, "properties": {"id": 229, "class": "road", "confidence": 100.0, "source": "Almaty_7", "source_model": "unet-roads", "centroid_wkt": "POINT (76.8827630972745 43.20287780411491)", "bbox": [76.88272152096033, 43.20285927504301, 76.88279662281275, 43.20289816707373], "pixel_bbox": [5347, 1250, 5459, 1308], "area_m2": 16.513}}, {"type": "Feature", "geometry": {"type": "Polygon", "coordinates": [[[76.88523810356855, 43.2028666511178], [76.88523475080729, 43.20286463946104], [76.88523273915052, 43.20286463946104], [76.88523206859827, 43.20286262780428], [76.88522938638926, 43.202861957252026], [76.88522469252348, 43.20285726338625], [76.88522268086672, 43.20285256952047], [76.8852199986577, 43.202851228415966], [76.88521731644869, 43.202843852341175], [76.88521597534418, 43.202843852341175], [76.88521329313517, 43.20284049957991], [76.88521396368742, 43.20282440632582], [76.88521597534418, 43.20281434804201], [76.8852186575532, 43.20280898362398], [76.88522066920996, 43.202807642519474], [76.88522133976221, 43.20280496031046], [76.88522335141897, 43.20280361920595], [76.88522335141897, 43.20280160754919], [76.88522603362799, 43.20279624313116], [76.88523206859827, 43.202791549265385], [76.88524145632982, 43.20279221981764], [76.88524413853884, 43.20279557257891], [76.88524547964334, 43.20279557257891], [76.88524547964334, 43.202796913683414], [76.8852474913001, 43.20279758423567], [76.88524816185236, 43.20280160754919], [76.88524950295687, 43.202802278101444], [76.88524950295687, 43.20280496031046], [76.88525084406137, 43.20280563086271], [76.88525084406137, 43.20280831307173], [76.88525218516588, 43.20281032472849], [76.88525151461363, 43.202817030251026], [76.88525352627039, 43.20282105356455], [76.88525352627039, 43.20282641798258], [76.8852562084794, 43.20282977074385], [76.8852562084794, 43.2028391584754], [76.88525754958391, 43.20283982902765], [76.88525754958391, 43.2028478756547], [76.88525352627039, 43.20285592228174], [76.88525285571814, 43.202859945595264], [76.88525017350912, 43.20286128669977], [76.88525017350912, 43.20286329835653], [76.88524682074785, 43.2028666511178], [76.88523810356855, 43.2028666511178]]]}, "properties": {"id": 230, "class": "road", "confidence": 100.0, "source": "Almaty_7", "source_model": "unet-roads", "centroid_wkt": "POINT (76.88523627560951 43.20282981729625)", "bbox": [76.88521329313517, 43.202791549265385, 76.88525754958391, 43.2028666511178], "pixel_bbox": [9063, 1297, 9129, 1409], "area_m2": 22.037}}, {"type": "Feature", "geometry": {"type": "Polygon", "coordinates": [[[76.88325326889753, 43.202876038849354], [76.88325192779303, 43.20287335664034], [76.88324052840471, 43.20287335664034], [76.88323650509119, 43.20286866277456], [76.88323516398668, 43.20286866277456], [76.88323382288218, 43.2028666511178], [76.88322845846415, 43.20286396890879], [76.88322577625513, 43.20286061614752], [76.88322175294161, 43.20285860449076], [76.88321571797132, 43.20285256952047], [76.88321437686682, 43.202849216759205], [76.88321236521006, 43.2028478756547], [76.8832103535533, 43.20284251123667], [76.88320901244879, 43.202841840684414], [76.88320767134428, 43.20283714681864], [76.88320431858301, 43.20283178240061], [76.88320431858301, 43.20282977074385], [76.883201636374, 43.202825747430325], [76.88320096582174, 43.202815018594265], [76.88319694250822, 43.202809654176235], [76.88318755477667, 43.20280630141497], [76.88318017870188, 43.20280563086271], [76.88317883759737, 43.202804289758205], [76.88317615538836, 43.202804289758205], [76.88317213207483, 43.202802278101444], [76.88316006213427, 43.20279020816088], [76.8831580504775, 43.20278484374285], [76.88315872102976, 43.202775456011295], [76.88316408544779, 43.202768079936504], [76.88316944986582, 43.20276606827974], [76.88317146152258, 43.20276405662298], [76.88317146152258, 43.202762715518475], [76.88317347317934, 43.20276204496622], [76.88317481428385, 43.20276003330946], [76.88318487256765, 43.20275668054819], [76.8831929191947, 43.202755339443684], [76.88321236521006, 43.202755339443684], [76.88321840018034, 43.202757351100445], [76.88322845846415, 43.20276740938425], [76.88322979956865, 43.20276740938425], [76.88323114067316, 43.202770091593266], [76.88323650509119, 43.202775456011295], [76.88323851674795, 43.202775456011295], [76.88324388116598, 43.20277813822031], [76.88324723392725, 43.20277813822031], [76.88324991613626, 43.20278014987707], [76.88325461000204, 43.202780820429325], [76.88325595110655, 43.20277947932482], [76.88325595110655, 43.20287402719259], [76.88325461000204, 43.202876038849354], [76.88325326889753, 43.202876038849354]]]}, "properties": {"id": 231, "class": "road", "confidence": 100.0, "source": "Almaty_7", "source_model": "unet-roads", "centroid_wkt": "POINT (76.88321744639055 43.20280528483536)", "bbox": [76.8831580504775, 43.202755339443684, 76.88325595110655, 43.202876038849354], "pixel_bbox": [5998, 1283, 6144, 1463], "area_m2": 62.079}}, {"type": "Feature", "geometry": {"type": "Polygon", "coordinates": [[[76.8849752470851, 43.20278953760862], [76.8849752470851, 43.20278752595186], [76.88497390598059, 43.202788196504116], [76.88497323542833, 43.202786184847355], [76.88497390598059, 43.2027405872941], [76.88497457653284, 43.20274326950312], [76.88498396426439, 43.20274326950312], [76.88498664647341, 43.20274192839861], [76.88498664647341, 43.2027405872941], [76.88499066978693, 43.202739246189594], [76.88499670475721, 43.202739246189594], [76.88500139862299, 43.202741257846355], [76.88500944525003, 43.202749975025654], [76.88501011580229, 43.20275265723467], [76.88500944525003, 43.2027580216527], [76.88500810414553, 43.20276070386171], [76.88500676304102, 43.20276070386171], [76.88500542193651, 43.20276606827974], [76.885004080832, 43.202766738832], [76.88500139862299, 43.20277210325003], [76.88499737530947, 43.20277612656355], [76.88499603420496, 43.20277612656355], [76.8849953636527, 43.20277813822031], [76.88499335199594, 43.202778808772564], [76.88498999923468, 43.20278350263834], [76.88498664647341, 43.20278484374285], [76.88498128205538, 43.20278484374285], [76.88497927039862, 43.20278685539961], [76.88497927039862, 43.202788196504116], [76.88497725874186, 43.20278752595186], [76.8849752470851, 43.20278953760862]]]}, "properties": {"id": 232, "class": "road", "confidence": 100.0, "source": "Almaty_7", "source_model": "unet-roads", "centroid_wkt": "POINT (76.88498932710075 43.202761058040764)", "bbox": [76.88497323542833, 43.202739246189594, 76.88501011580229, 43.20278953760862], "pixel_bbox": [8705, 1412, 8760, 1487], "area_m2": 11.761}}, {"type": "Feature", "geometry": {"type": "Polygon", "coordinates": [[[76.8813656643033, 43.202878050506115], [76.88122283667326, 43.20287737995386], [76.88122350722551, 43.2028753682971], [76.881222166121, 43.20287402719259], [76.88122015446424, 43.20287402719259], [76.88121881335974, 43.202870674431324], [76.88121948391199, 43.202859945595264], [76.88122417777777, 43.202849216759205], [76.88122753053904, 43.2028478756547], [76.88122887164354, 43.20284251123667], [76.88123356550932, 43.202838487923145], [76.88123356550932, 43.20283714681864], [76.88123490661383, 43.20283714681864], [76.88124027103186, 43.202833123505116], [76.88125301152468, 43.20283245295286], [76.88126306980848, 43.20282910019159], [76.88127178698778, 43.20282910019159], [76.88128050416708, 43.202820383012295], [76.88128586858511, 43.20281904190779], [76.88128720968962, 43.20281770080328], [76.88129391521215, 43.20281635969877], [76.8813019618392, 43.20281635969877], [76.88130397349596, 43.202815018594265], [76.88131134957075, 43.20281434804201], [76.88131403177977, 43.202811665832996], [76.88131403177977, 43.20280697196722], [76.88131134957075, 43.202804289758205], [76.88130933791399, 43.202804289758205], [76.88130866736174, 43.2028029486537], [76.88129726797342, 43.20279758423567], [76.88127983361483, 43.20279624313116], [76.88127849251032, 43.20279490202665], [76.88127648085356, 43.20279490202665], [76.88127312809229, 43.202791549265385], [76.88126843422651, 43.20279020816088], [76.88126441091299, 43.202786184847355], [76.88126038759947, 43.20278484374285], [76.8812570348382, 43.202780820429325], [76.88125099986792, 43.20278014987707], [76.88124898821115, 43.20277813822031], [76.88124429434538, 43.202778808772564], [76.88124027103186, 43.20278216153383], [76.88123691827059, 43.20278216153383], [76.88122685998678, 43.202786184847355], [76.8812208250165, 43.202786184847355], [76.88121546059847, 43.20278752595186], [76.88120607286692, 43.20278752595186], [76.88120137900114, 43.202786184847355], [76.88119869679213, 43.20278752595186], [76.88119802623987, 43.202786184847355], [76.88119735568762, 43.20278752595186], [76.88119601458311, 43.20277411490679], [76.88119735568762, 43.20276338607073], [76.88120540231466, 43.202764727175236], [76.88120674341917, 43.20276204496622], [76.88120875507593, 43.20276137441397], [76.88121009618044, 43.202759362757206], [76.88121411949396, 43.20275869220495], [76.88121948391199, 43.20275332778692], [76.88122551888227, 43.20275131613016], [76.88122685998678, 43.202748633921146], [76.8812308833003, 43.20274528115988], [76.88124027103186, 43.20274259895086], [76.88124362379313, 43.20274259895086], [76.88124563544989, 43.20274394005537], [76.88125167042017, 43.20274394005537], [76.88125569373369, 43.20274259895086], [76.88125971704721, 43.2027405872941], [76.88126105815172, 43.20273857563734], [76.88127513974905, 43.2027318701148], [76.88127983361483, 43.20272717624903], [76.88128922134638, 43.20272382348776], [76.88129391521215, 43.20272382348776], [76.88129793852568, 43.202725164592266], [76.88130263239145, 43.202723152935505], [76.88130732625723, 43.202723152935505], [76.88131336122751, 43.20272449404001], [76.88131604343653, 43.20272650569677], [76.8813193961978, 43.20272717624903], [76.88132409006357, 43.20273254066706], [76.88132543116808, 43.20273254066706], [76.88132677227259, 43.202735893428326], [76.88133146613836, 43.2027405872941], [76.88133884221315, 43.20274259895086], [76.88134286552668, 43.20274528115988], [76.88134487718344, 43.20274528115988], [76.88134554773569, 43.202746622264385], [76.88135426491499, 43.20274729281664], [76.88136097043753, 43.20275064557791], [76.8813643231988, 43.202753998339176], [76.88136767596006, 43.20275265723467], [76.88136767596006, 43.202784173190594], [76.88136834651232, 43.20278685539961], [76.88137102872133, 43.20278685539961], [76.88137236982584, 43.202788196504116], [76.88137505203485, 43.20278752595186], [76.88137840479612, 43.20279289036989], [76.88137840479612, 43.20279490202665], [76.88138041645288, 43.20279557257891], [76.88138108700514, 43.20280160754919], [76.88138242810965, 43.20280361920595], [76.88138108700514, 43.20281367748976], [76.88137907534838, 43.20281770080328], [76.88137371093035, 43.20282373577356], [76.88136968761683, 43.202825747430325], [76.88136968761683, 43.20282708853483], [76.88136767596006, 43.20282641798258], [76.88136700540781, 43.20282977074385], [76.8813643231988, 43.20282977074385], [76.88136365264654, 43.202831111848354], [76.88135962933302, 43.20283178240061], [76.88135895878077, 43.202833123505116], [76.88135426491499, 43.20283446460962], [76.88135158270597, 43.202838487923145], [76.88135158270597, 43.20284251123667], [76.88135359436274, 43.20284452289343], [76.88135359436274, 43.202845863997936], [76.88135627657175, 43.202847205102444], [76.88135627657175, 43.20284854620695], [76.88135761767626, 43.20284854620695], [76.88136298209429, 43.20285256952047], [76.88136633485556, 43.20285256952047], [76.88136700540781, 43.20285391062498], [76.88136834651232, 43.20285256952047], [76.88137102872133, 43.20285256952047], [76.88137236982584, 43.20285391062498], [76.88137505203485, 43.20285391062498], [76.88137840479612, 43.20285592228174], [76.88138511031866, 43.20285726338625], [76.88138980418444, 43.202859945595264], [76.88139114528894, 43.20286262780428], [76.88139382749796, 43.20286463946104], [76.88139516860247, 43.20286866277456], [76.88139516860247, 43.20287134498358], [76.8813931569457, 43.20287402719259], [76.88138712197542, 43.202876038849354], [76.88138712197542, 43.202878050506115], [76.88136767596006, 43.202878050506115], [76.88136767596006, 43.202876038849354], [76.8813656643033, 43.202878050506115]]]}, "properties": {"id": 233, "class": "road", "confidence": 100.0, "source": "Almaty_7", "source_model": "unet-roads", "centroid_wkt": "POINT (76.88130240832567 43.202806635597085)", "bbox": [76.88119601458311, 43.202723152935505, 76.88139516860247, 43.202878050506115], "pixel_bbox": [3072, 1280, 3369, 1511], "area_m2": 166.723}}, {"type": "Feature", "geometry": {"type": "Polygon", "coordinates": [[[76.88254114240408, 43.20271711796522], [76.8825364485383, 43.20271644741297], [76.8825351074338, 43.20271510630846], [76.8825351074338, 43.202712424099445], [76.88253711909056, 43.20271108299494], [76.882527731359, 43.20270773023367], [76.88255991786718, 43.20270773023367], [76.88255857676268, 43.20270907133818], [76.88255455344915, 43.20270907133818], [76.88255120068789, 43.202710412442684], [76.88254449516535, 43.202710412442684], [76.88254449516535, 43.20271175354719], [76.88254717737436, 43.20271175354719], [76.88254717737436, 43.2027130946517], [76.88254583626986, 43.2027130946517], [76.88254583626986, 43.202715776860714], [76.88254114240408, 43.20271711796522]]]}, "properties": {"id": 234, "class": "road", "confidence": 100.0, "source": "Almaty_7", "source_model": "unet-roads", "centroid_wkt": "POINT (76.88254265124384 43.20271086472532)", "bbox": [76.882527731359, 43.20270773023367, 76.88255991786718, 43.20271711796522], "pixel_bbox": [5058, 1520, 5106, 1534], "area_m2": 1.167}}, {"type": "Feature", "geometry": {"type": "Polygon", "coordinates": [[[76.88289050012827, 43.20272650569677], [76.88287641853094, 43.202725164592266], [76.88285898417234, 43.202725164592266], [76.88284959644079, 43.20272382348776], [76.88281204551458, 43.202723152935505], [76.88281003385782, 43.202721811831], [76.88280668109655, 43.202721811831], [76.88280466943979, 43.20271912962198], [76.8828060105443, 43.2027130946517], [76.88280936330557, 43.202710412442684], [76.88280466943979, 43.20270773023367], [76.88281673938036, 43.20270638912916], [76.88291262835264, 43.20270638912916], [76.88291262835264, 43.20272449404001], [76.88290860503912, 43.20272583514452], [76.88289050012827, 43.20272650569677]]]}, "properties": {"id": 235, "class": "road", "confidence": 100.0, "source": "Almaty_7", "source_model": "unet-roads", "centroid_wkt": "POINT (76.8828618541885 43.20271525173648)", "bbox": [76.88280466943979, 43.20270638912916, 76.88291262835264, 43.20272650569677], "pixel_bbox": [5471, 1506, 5632, 1536], "area_m2": 17.451}}, {"type": "Feature", "geometry": {"type": "Polygon", "coordinates": [[[76.883381344378, 43.20270236581564], [76.88337665051222, 43.20270102471113], [76.88337329775095, 43.20269498974085], [76.88337329775095, 43.20268627256155], [76.88337463885546, 43.20268224924803], [76.88338000327349, 43.202678225934505], [76.88338939100504, 43.20267889648676], [76.88339408487082, 43.202681578695774], [76.88339676707983, 43.202686943113804], [76.88339609652758, 43.20269297808409], [76.88339475542307, 43.202694319188595], [76.88339475542307, 43.20269834250212], [76.88339274376631, 43.20270102471113], [76.88339073210955, 43.202701695263386], [76.883381344378, 43.20270236581564]]]}, "properties": {"id": 236, "class": "road", "confidence": 100.0, "source": "Almaty_7", "source_model": "unet-roads", "centroid_wkt": "POINT (76.88338499995037 43.20269004560605)", "bbox": [76.88337329775095, 43.202678225934505, 76.88339676707983, 43.20270236581564], "pixel_bbox": [6319, 1542, 6354, 1578], "area_m2": 4.249}}, {"type": "Feature", "geometry": {"type": "Polygon", "coordinates": [[[76.87948074191809, 43.20267554372549], [76.87948074191809, 43.20265743881464], [76.87948141247034, 43.202660121023655], [76.8794834241271, 43.2026594504714], [76.87948409467936, 43.20266079157591], [76.87949080020189, 43.20266079157591], [76.87949884682894, 43.20266414433718], [76.87950555235147, 43.20267017930746], [76.87950555235147, 43.20267219096422], [76.87950421124697, 43.20267353206873], [76.87950152903795, 43.20267353206873], [76.87950018793344, 43.20267487317324], [76.87949080020189, 43.20267487317324], [76.87948878854513, 43.20267353206873], [76.8794834241271, 43.20267353206873], [76.87948074191809, 43.20267554372549]]]}, "properties": {"id": 237, "class": "road", "confidence": 100.0, "source": "Almaty_7", "source_model": "unet-roads", "centroid_wkt": "POINT (76.87949169274799 43.20266785101596)", "bbox": [76.87948074191809, 43.20265743881464, 76.87950555235147, 43.20267554372549], "pixel_bbox": [514, 1582, 551, 1609], "area_m2": 2.531}}, {"type": "Feature", "geometry": {"type": "Polygon", "coordinates": [[[76.88077490776777, 43.20278484374285], [76.88076552003622, 43.20278149098158], [76.88076484948397, 43.20278014987707], [76.8807614967227, 43.202778808772564], [76.88075881451368, 43.202775456011295], [76.88075747340918, 43.202775456011295], [76.88075546175241, 43.20277277380228], [76.88074473291636, 43.202766738832], [76.8807353451848, 43.20276539772749], [76.88071925193071, 43.202766738832], [76.8807078525424, 43.20276204496622], [76.88070517033339, 43.20275869220495], [76.88070047646761, 43.20275600999594], [76.8806991353631, 43.20275332778692], [76.8806977942586, 43.20275332778692], [76.8806977942586, 43.202751986682415], [76.88069444149733, 43.2027493044734], [76.88069444149733, 43.20274796336889], [76.88068974763155, 43.20274259895086], [76.88068706542253, 43.20273723453283], [76.88068103045225, 43.2027318701148], [76.8806803599, 43.20271711796522], [76.88067767769098, 43.20271644741297], [76.88067700713873, 43.20271845906973], [76.88067700713873, 43.20271711796522], [76.88067432492971, 43.20271644741297], [76.88067432492971, 43.20271376520395], [76.8806729838252, 43.20271376520395], [76.88067231327295, 43.20271108299494], [76.88067030161619, 43.202710412442684], [76.88066963106394, 43.20270840078592], [76.88066493719816, 43.20270840078592], [76.88067499548197, 43.20270638912916], [76.88054155558348, 43.20270571857691], [76.88054155558348, 43.20270370692015], [76.88054021447897, 43.20270370692015], [76.88053954392672, 43.20270236581564], [76.88053954392672, 43.202694319188595], [76.88054088503122, 43.20268828421831], [76.88054356724024, 43.20268426090479], [76.88054423779249, 43.20268023759127], [76.880545578897, 43.20267889648676], [76.88054893165827, 43.20266883820295], [76.88054960221052, 43.2026406750083], [76.88055295497179, 43.20262458175421], [76.88055496662855, 43.2026232406497], [76.88055697828531, 43.20261921733618], [76.88055831938982, 43.20261921733618], [76.88056033104658, 43.20261653512716], [76.8805630132556, 43.20261586457491], [76.88056368380785, 43.2026145234704], [76.88056971877813, 43.20261251181364], [76.88057038933039, 43.20261117070913], [76.88057910650969, 43.20260714739561], [76.88059721142054, 43.20260178297758], [76.88061933964491, 43.20260111242533], [76.88064213842154, 43.202604465186596], [76.88064884394407, 43.202607817947865], [76.88065085560083, 43.202607817947865], [76.88065353780985, 43.202609829604626], [76.88066963106394, 43.20261385291815], [76.88067097216845, 43.202615194022655], [76.88067432492971, 43.20261586457491], [76.88067499548197, 43.20261720567942], [76.88068103045225, 43.20261653512716], [76.88068103045225, 43.2027043774724], [76.88067901879549, 43.20270571857691], [76.88068103045225, 43.20270638912916], [76.88068103045225, 43.20270773023367], [76.88068237155676, 43.20270638912916], [76.8807165697217, 43.20270638912916], [76.88072394579649, 43.2027043774724], [76.88075009733438, 43.2027043774724], [76.88076753169298, 43.20270035415888], [76.88078228384256, 43.20269901305437], [76.88079636543989, 43.20269901305437], [76.88080374151468, 43.20270035415888], [76.88080843538046, 43.20270236581564], [76.88081178814173, 43.20270571857691], [76.88081447035074, 43.20270638912916], [76.88083056360483, 43.20270638912916], [76.88083190470934, 43.202710412442684], [76.88083324581385, 43.202710412442684], [76.88083458691835, 43.20271376520395], [76.8808339163661, 43.20272047072649], [76.88082855194807, 43.20272985845804], [76.88082586973906, 43.2027318701148], [76.88082586973906, 43.20273321121931], [76.88082184642553, 43.20273790508509], [76.88082117587328, 43.2027405872941], [76.88081849366426, 43.20274394005537], [76.88081849366426, 43.20274595171213], [76.88081245869398, 43.202753998339176], [76.88081245869398, 43.20275600999594], [76.88080977648497, 43.202759362757206], [76.88080910593271, 43.20276338607073], [76.88080709427595, 43.20276539772749], [76.8808064237237, 43.202768079936504], [76.88080038875341, 43.20277478545904], [76.8807990476489, 43.20277478545904], [76.8807990476489, 43.20277612656355], [76.88079435378313, 43.20277813822031], [76.88079301267862, 43.20278014987707], [76.88079100102186, 43.20278014987707], [76.88079033046961, 43.20278149098158], [76.88078831881285, 43.20278149098158], [76.88078563660383, 43.20278350263834], [76.88077490776777, 43.20278484374285]]]}, "properties": {"id": 238, "class": "road", "confidence": 100.0, "source": "Almaty_7", "source_model": "unet-roads", "centroid_wkt": "POINT (76.88067402941061 43.20268945533679)", "bbox": [76.88053954392672, 43.20260111242533, 76.88083458691835, 43.20278484374285], "pixel_bbox": [2093, 1419, 2533, 1693], "area_m2": 201.212}}, {"type": "Feature", "geometry": {"type": "Polygon", "coordinates": [[[76.88242446631193, 43.20259843021631], [76.88241440802813, 43.20259641855955], [76.88240770250559, 43.20259038358927], [76.88240770250559, 43.202587030828], [76.88240636140108, 43.20258568972349], [76.88240770250559, 43.20257697254419], [76.8824090436101, 43.20257697254419], [76.88241105526686, 43.20257429033518], [76.88241306692362, 43.202573619782925], [76.88242916017771, 43.202570267021656], [76.88243586570024, 43.20257160812616], [76.88244324177504, 43.20257496088743], [76.88244592398405, 43.20257965475321], [76.88244592398405, 43.202584348618984], [76.88244324177504, 43.20258904248476], [76.88244123011827, 43.20259038358927], [76.88244123011827, 43.202591724693775], [76.88243720680475, 43.20259306579828], [76.88243586570024, 43.202595077455044], [76.88243184238672, 43.202597089111805], [76.88242446631193, 43.20259843021631]]]}, "properties": {"id": 239, "class": "road", "confidence": 100.0, "source": "Almaty_7", "source_model": "unet-roads", "centroid_wkt": "POINT (76.88242626701411 43.20258368023478)", "bbox": [76.88240636140108, 43.202570267021656, 76.88244592398405, 43.20259843021631], "pixel_bbox": [4877, 1697, 4936, 1739], "area_m2": 7.639}}, {"type": "Feature", "geometry": {"type": "Polygon", "coordinates": [[[76.88394393771887, 43.20257093757391], [76.88394259661436, 43.20256758481264], [76.88394259661436, 43.202546797692776], [76.88394460827112, 43.202546797692776], [76.88394594937563, 43.20254880934954], [76.88395198434591, 43.20255149155855], [76.88395332545042, 43.20255350321531], [76.88395667821169, 43.20255484431982], [76.88396070152521, 43.2025595381856], [76.88396070152521, 43.20256356149912], [76.8839580193162, 43.20256691426039], [76.88395399600267, 43.20256892591715], [76.88394997268915, 43.20256892591715], [76.88394393771887, 43.20257093757391]]]}, "properties": {"id": 240, "class": "road", "confidence": 100.0, "source": "Almaty_7", "source_model": "unet-roads", "centroid_wkt": "POINT (76.88395038737056 43.20255965619536)", "bbox": [76.88394259661436, 43.202546797692776, 76.88396070152521, 43.20257093757391], "pixel_bbox": [7168, 1738, 7195, 1774], "area_m2": 2.686}}, {"type": "Feature", "geometry": {"type": "Polygon", "coordinates": [[[76.88078697770834, 43.20255618542433], [76.88076216727495, 43.20255283266306], [76.88075680285692, 43.20254947990179], [76.88074875622988, 43.202546797692776], [76.88074741512537, 43.202544786036015], [76.88074607402086, 43.202544786036015], [76.88074607402086, 43.20254344493151], [76.88074473291636, 43.20254344493151], [76.8807440623641, 43.202541433274746], [76.88074205070734, 43.202541433274746], [76.88074070960283, 43.20253875106573], [76.88072461634874, 43.20253875106573], [76.88071925193071, 43.202536068856716], [76.88075210899115, 43.20253472775221], [76.88081178814173, 43.20253472775221], [76.88082251697779, 43.202536068856716], [76.88082117587328, 43.20253808051348], [76.88081849366426, 43.20253808051348], [76.88081715255976, 43.202539421617985], [76.8808164820075, 43.20254746824503], [76.88081312924623, 43.2025508210063], [76.88081111758947, 43.2025508210063], [76.88081044703722, 43.202552162110806], [76.88080374151468, 43.202555514872074], [76.88078697770834, 43.20255618542433]]]}, "properties": {"id": 241, "class": "road", "confidence": 100.0, "source": "Almaty_7", "source_model": "unet-roads", "centroid_wkt": "POINT (76.8807805340328 43.20254329990359)", "bbox": [76.88071925193071, 43.20253472775221, 76.88082251697779, 43.20255618542433], "pixel_bbox": [2361, 1760, 2515, 1792], "area_m2": 12.642}}, {"type": "Feature", "geometry": {"type": "Polygon", "coordinates": [[[76.88562098890543, 43.202564902603626], [76.88561495393515, 43.20256356149912], [76.88560087233782, 43.202555514872074], [76.88559014350176, 43.20254545658827], [76.88558880239725, 43.20254277437925], [76.88559014350176, 43.20253875106573], [76.88558477908373, 43.202536068856716], [76.88559483736753, 43.20253472775221], [76.88563708215952, 43.20253472775221], [76.88564244657755, 43.202536068856716], [76.88563976436853, 43.20253875106573], [76.88564043492079, 43.20254880934954], [76.88563842326403, 43.20255350321531], [76.88563507050276, 43.20255618542433], [76.8856343999505, 43.20255819708109], [76.88562903553247, 43.202560879290104], [76.88562702387571, 43.20256356149912], [76.88562098890543, 43.202564902603626]]]}, "properties": {"id": 242, "class": "road", "confidence": 100.0, "source": "Almaty_7", "source_model": "unet-roads", "centroid_wkt": "POINT (76.88561677876349 43.20254665480657)", "bbox": [76.88558477908373, 43.20253472775221, 76.88564244657755, 43.202564902603626], "pixel_bbox": [9617, 1747, 9703, 1792], "area_m2": 10.728}}, {"type": "Feature", "geometry": {"type": "Polygon", "coordinates": [[[76.88341956585646, 43.20262525230646], [76.88341688364744, 43.202623911201954], [76.88340347260237, 43.20262189954519], [76.88339743763208, 43.20261921733618], [76.88338804990053, 43.20261787623167], [76.883381344378, 43.202615194022655], [76.88335988670588, 43.20261385291815], [76.88335854560137, 43.20261251181364], [76.88335049897432, 43.20261117070913], [76.88334982842207, 43.202609829604626], [76.88334580510855, 43.20260848850012], [76.88334312289953, 43.2026058062911], [76.88334312289953, 43.202604465186596], [76.88333977013826, 43.20260178297758], [76.88333909958601, 43.202599100768566], [76.88333708792925, 43.20259775966406], [76.88333574682474, 43.20259440690279], [76.88333038240671, 43.202589713037014], [76.88333038240671, 43.20258837193251], [76.88332568854094, 43.20258367806673], [76.88332233577967, 43.20257697254419], [76.88331697136164, 43.20257160812616], [76.88331563025713, 43.20257160812616], [76.8833102658391, 43.20256557315588], [76.88330892473459, 43.20256557315588], [76.88330691307783, 43.202562890946865], [76.88329752534628, 43.20255819708109], [76.88328813761473, 43.202555514872074], [76.88327472656965, 43.202555514872074], [76.88327204436064, 43.20255685597658], [76.88325997442007, 43.20255819708109], [76.88325729221106, 43.20255819708109], [76.88325595110655, 43.202555514872074], [76.88325595110655, 43.202578984200954], [76.88325326889753, 43.20257697254419], [76.88325125724077, 43.2025783136487], [76.8832479044795, 43.2025783136487], [76.88324052840471, 43.202580995857716], [76.88323248177767, 43.202580995857716], [76.88323114067316, 43.20257965475321], [76.88322711735964, 43.202578984200954], [76.88321638852358, 43.20257965475321], [76.88321102410555, 43.20258233696222], [76.88320633023977, 43.20258300751448], [76.88320633023977, 43.202584348618984], [76.88320364803076, 43.20258568972349], [76.88320498913527, 43.202586360275745], [76.88320498913527, 43.20258904248476], [76.88320029526949, 43.202595077455044], [76.88319962471724, 43.2026058062911], [76.88319694250822, 43.20260848850012], [76.88319627195597, 43.20261251181364], [76.8831929191947, 43.202615194022655], [76.8831929191947, 43.20261787623167], [76.88318554311991, 43.202623911201954], [76.88317280262709, 43.202623911201954], [76.88316877931356, 43.20262189954519], [76.8831654265523, 43.20261787623167], [76.8831654265523, 43.20261653512716], [76.88316274434328, 43.2026145234704], [76.88316073268652, 43.202609829604626], [76.88316140323877, 43.20260312408209], [76.88316743820906, 43.202593736350536], [76.88317213207483, 43.20259239524603], [76.88317481428385, 43.202589713037014], [76.88317883759737, 43.20258904248476], [76.88318219035864, 43.20258568972349], [76.88318151980639, 43.202584348618984], [76.88318353146315, 43.20258032530546], [76.88317950814962, 43.2025783136487], [76.88317883759737, 43.20257697254419], [76.8831741437316, 43.20257630199194], [76.88316810876131, 43.20257093757391], [76.88316609710455, 43.20257093757391], [76.88316274434328, 43.202568255364895], [76.88315201550722, 43.202566243708134], [76.88313525170088, 43.202566243708134], [76.88312452286482, 43.20256356149912], [76.88311379402876, 43.202557526528835], [76.88311379402876, 43.20255618542433], [76.88311111181974, 43.20255417376757], [76.88311111181974, 43.20255283266306], [76.88310910016298, 43.2025508210063], [76.88310910016298, 43.20254612714052], [76.88311044126749, 43.202542103827], [76.88311513513327, 43.20253808051348], [76.88311446458101, 43.20253673940897], [76.88311848789454, 43.202536068856716], [76.88311915844679, 43.20253472775221], [76.88325595110655, 43.20253472775221], [76.88325595110655, 43.202536068856716], [76.88325729221106, 43.20253472775221], [76.8834276124835, 43.20253472775221], [76.8834276124835, 43.2025246694684], [76.88342895358801, 43.202523328363895], [76.88343700021505, 43.20252064615488], [76.8834463879466, 43.20251930505037], [76.88346583396196, 43.20251125842333], [76.8834812566638, 43.20251327008009], [76.88348729163408, 43.20251662284136], [76.88348863273859, 43.20251930505037], [76.8834899738431, 43.20251930505037], [76.88349265605211, 43.2025246694684], [76.88349265605211, 43.20253137499094], [76.8834913149476, 43.202532045543194], [76.8834913149476, 43.202534057199955], [76.8835436180234, 43.20253472775221], [76.8835449591279, 43.202536068856716], [76.8835449591279, 43.20254411548376], [76.88354294747114, 43.20254545658827], [76.88354227691889, 43.20254813879728], [76.88353959470987, 43.20254947990179], [76.88353892415762, 43.20255149155855], [76.88353557139635, 43.20255283266306], [76.88353087753057, 43.202557526528835], [76.8835275247693, 43.20255819708109], [76.88352685421705, 43.2025595381856], [76.88352283090353, 43.202560879290104], [76.88351947814226, 43.20256356149912], [76.88351344317198, 43.202564902603626], [76.88349936157465, 43.20256423205137], [76.88349399715662, 43.20256557315588], [76.88349064439535, 43.202568255364895], [76.88348796218634, 43.20256892591715], [76.88348460942507, 43.202573619782925], [76.88348393887281, 43.20258233696222], [76.88348058611155, 43.202591724693775], [76.88347119838, 43.202602453529835], [76.88346717506647, 43.202604465186596], [76.88346449285746, 43.202607817947865], [76.88346114009619, 43.20260915905237], [76.88345979899168, 43.20261117070913], [76.88344169408083, 43.202620558440685], [76.88343565911055, 43.202622570097446], [76.88342828303576, 43.2026232406497], [76.8834276124835, 43.20262525230646], [76.88341956585646, 43.20262525230646]], [[76.88320230692625, 43.20258568972349], [76.8832029774785, 43.202586360275745], [76.8832029774785, 43.20258568972349], [76.88320230692625, 43.20258568972349]]]}, "properties": {"id": 243, "class": "road", "confidence": 100.0, "source": "Almaty_7", "source_model": "unet-roads", "centroid_wkt": "POINT (76.88334457977423 43.20256484231374)", "bbox": [76.88310910016298, 43.20251125842333, 76.8835449591279, 43.20262525230646], "pixel_bbox": [5925, 1657, 6575, 1827], "area_m2": 216.033}}, {"type": "Feature", "geometry": {"type": "Polygon", "coordinates": [[[76.88394259661436, 43.20253472775221], [76.88394259661436, 43.202505223453045], [76.88394393771887, 43.202499859035015], [76.88394729048014, 43.202503211796284], [76.88396070152521, 43.202505223453045], [76.8839667364955, 43.202510587871075], [76.88397277146578, 43.202512599527836], [76.88397746533155, 43.202512599527836], [76.88398014754057, 43.20251394063234], [76.88398953527212, 43.20251528173685], [76.88399892300367, 43.20252064615488], [76.88400093466043, 43.20252265781164], [76.88400093466043, 43.2025246694684], [76.88400227576494, 43.2025246694684], [76.88400227576494, 43.20252601057291], [76.88400361686945, 43.202526681125164], [76.88400361686945, 43.20252936333418], [76.88400227576494, 43.202530704438686], [76.8840029463172, 43.202534057199955], [76.88400026410818, 43.20253472775221], [76.88394259661436, 43.20253472775221]]]}, "properties": {"id": 244, "class": "road", "confidence": 100.0, "source": "Almaty_7", "source_model": "unet-roads", "centroid_wkt": "POINT (76.8839685584034 43.20252180240042)", "bbox": [76.88394259661436, 43.202499859035015, 76.88400361686945, 43.20253472775221], "pixel_bbox": [7168, 1792, 7259, 1844], "area_m2": 12.805}}, {"type": "Feature", "geometry": {"type": "Polygon", "coordinates": [[[76.88301589339972, 43.20258367806673], [76.88300583511591, 43.20257965475321], [76.88299845904112, 43.20257093757391], [76.88299778848886, 43.202568255364895], [76.8829957768321, 43.20256691426039], [76.88298907130957, 43.20254947990179], [76.88298907130957, 43.202536068856716], [76.88299175351858, 43.20253472775221], [76.88300985842943, 43.202534057199955], [76.88300851732492, 43.20253137499094], [76.88300918787718, 43.2025246694684], [76.88300784677267, 43.20252198725939], [76.88300784677267, 43.202510587871075], [76.88300918787718, 43.20250656455755], [76.8830132111907, 43.20250254124403], [76.88301991671324, 43.20249918848276], [76.88302930444479, 43.20249851793051], [76.88303399831057, 43.20249918848276], [76.88303533941507, 43.20250052958727], [76.88303802162409, 43.20250052958727], [76.88304003328085, 43.202501870691776], [76.88304673880339, 43.20250254124403], [76.88305143266916, 43.20250656455755], [76.88305277377367, 43.20250656455755], [76.88305411487818, 43.20250857621431], [76.88305545598269, 43.20250857621431], [76.88305679708719, 43.20251125842333], [76.8830581381917, 43.20251125842333], [76.88306216150522, 43.20251528173685], [76.88306216150522, 43.20251729339361], [76.88306484371424, 43.20252064615488], [76.88306484371424, 43.20252265781164], [76.88306618481874, 43.20252265781164], [76.88306752592325, 43.202526681125164], [76.88307154923677, 43.20253003388643], [76.88307020813227, 43.202534057199955], [76.8830842897296, 43.20253472775221], [76.8830842897296, 43.202562890946865], [76.88308093696833, 43.202562890946865], [76.88307490199804, 43.202564902603626], [76.88307020813227, 43.20256758481264], [76.88306618481874, 43.20257227867842], [76.88304606825113, 43.20258032530546], [76.8830319866538, 43.20258367806673], [76.88301589339972, 43.20258367806673]]]}, "properties": {"id": 245, "class": "road", "confidence": 100.0, "source": "Almaty_7", "source_model": "unet-roads", "centroid_wkt": "POINT (76.8830359535077 43.202543857282606)", "bbox": [76.88298907130957, 43.20249851793051, 76.8830842897296, 43.20258367806673], "pixel_bbox": [5746, 1719, 5888, 1846], "area_m2": 51.215}}, {"type": "Feature", "geometry": {"type": "Polygon", "coordinates": [[[76.88514556735754, 43.20249114185572], [76.88514489680529, 43.202473036944866], [76.8851462379098, 43.202469013631344], [76.8851462379098, 43.202471025288105], [76.8851475790143, 43.20247035473585], [76.88514892011881, 43.20247504860163], [76.88515093177557, 43.202474378049374], [76.88515160232782, 43.20247571915388], [76.88515294343233, 43.20247571915388], [76.88515294343233, 43.20247773081064], [76.88515495508909, 43.20247706025839], [76.88515562564135, 43.20248242467642], [76.88515294343233, 43.202483765780926], [76.88515026122332, 43.20248644798994], [76.88515026122332, 43.20248778909445], [76.88514824956656, 43.2024884596467], [76.8851475790143, 43.20249114185572], [76.88514556735754, 43.20249114185572]]]}, "properties": {"id": 246, "class": "road", "confidence": 100.0, "source": "Almaty_7", "source_model": "unet-roads", "centroid_wkt": "POINT (76.88514936205588 43.20248026361591)", "bbox": [76.88514489680529, 43.202469013631344, 76.88515562564135, 43.20249114185572], "pixel_bbox": [8961, 1857, 8977, 1890], "area_m2": 1.157}}, {"type": "Feature", "geometry": {"type": "Polygon", "coordinates": [[[76.8852649256587, 43.20253472775221], [76.88526559621096, 43.202532045543194], [76.88526425510645, 43.20253137499094], [76.88526425510645, 43.20252399891615], [76.88527029007673, 43.20250455290079], [76.8852723017335, 43.202501870691776], [76.88527163118124, 43.20247706025839], [76.88527297228575, 43.20247236639261], [76.88527297228575, 43.20246700197458], [76.88527632504702, 43.20245694369078], [76.88527766615152, 43.20245560258627], [76.88527833670378, 43.20245090872049], [76.88528034836054, 43.20244889706373], [76.88528303056955, 43.202438838779926], [76.88528705388308, 43.2024334743619], [76.88528839498758, 43.20242743939161], [76.8852924183011, 43.20242207497358], [76.8853011354804, 43.20241738110781], [76.88530918210745, 43.20241738110781], [76.8853098526597, 43.202418722212315], [76.88531186431646, 43.202418722212315], [76.88531387597322, 43.2024160400033], [76.88531588762999, 43.202415369451046], [76.88531588762999, 43.20253472775221], [76.8852649256587, 43.20253472775221]]]}, "properties": {"id": 247, "class": "road", "confidence": 100.0, "source": "Almaty_7", "source_model": "unet-roads", "centroid_wkt": "POINT (76.88529505274913 43.2024823308261)", "bbox": [76.88526425510645, 43.202415369451046, 76.88531588762999, 43.20253472775221], "pixel_bbox": [9139, 1792, 9216, 1970], "area_m2": 43.02}}, {"type": "Feature", "geometry": {"type": "Polygon", "coordinates": [[[76.88112359493971, 43.20238318294287], [76.88110280781984, 43.202381171286106], [76.88109543174505, 43.20237781852484], [76.88109207898378, 43.20237245410681], [76.88109207898378, 43.202366419136524], [76.88109006732702, 43.20236440747976], [76.88109543174505, 43.202363066375256], [76.88114639371634, 43.202363066375256], [76.88115578144789, 43.20236440747976], [76.88115511089563, 43.20236708968878], [76.88115242868662, 43.20236776024103], [76.88115309923887, 43.20236910134554], [76.88115175813437, 43.20237446576357], [76.88114907592535, 43.20237647742033], [76.88114304095507, 43.20237781852484], [76.88114169985056, 43.202379159629345], [76.88113901764154, 43.202379159629345], [76.88113566488028, 43.202381171286106], [76.88112359493971, 43.20238318294287]]]}, "properties": {"id": 248, "class": "road", "confidence": 100.0, "source": "Almaty_7", "source_model": "unet-roads", "centroid_wkt": "POINT (76.88112227666763 43.20237146293925)", "bbox": [76.88109006732702, 43.202363066375256, 76.88115578144789, 43.20238318294287], "pixel_bbox": [2914, 2018, 3012, 2048], "area_m2": 9.439}}, {"type": "Feature", "geometry": {"type": "Polygon", "coordinates": [[[76.88394393771887, 43.20231143385172], [76.88394326716661, 43.20228260010481], [76.88394460827112, 43.2022812590003], [76.88394460827112, 43.20228260010481], [76.88394594937563, 43.202281929552555], [76.88394594937563, 43.20228461176157], [76.88394729048014, 43.20228461176157], [76.88394729048014, 43.20228595286608], [76.88394863158464, 43.20228461176157], [76.88395198434591, 43.20228796452284], [76.88395265489817, 43.202292658388615], [76.88395399600267, 43.20229332894087], [76.88395399600267, 43.2022986933589], [76.88395131379366, 43.20230271667242], [76.88394997268915, 43.20230204612017], [76.88394729048014, 43.202303387224674], [76.88394594937563, 43.202310763299465], [76.88394460827112, 43.20230808109045], [76.88394393771887, 43.20231143385172]]]}, "properties": {"id": 249, "class": "road", "confidence": 100.0, "source": "Almaty_7", "source_model": "unet-roads", "centroid_wkt": "POINT (76.8839480435905 43.20229467508912)", "bbox": [76.88394326716661, 43.2022812590003, 76.88395399600267, 43.20231143385172], "pixel_bbox": [7169, 2125, 7185, 2170], "area_m2": 1.709}}, {"type": "Feature", "geometry": {"type": "Polygon", "coordinates": [[[76.88327070325613, 43.202247731387615], [76.8832639977336, 43.20224437862635], [76.8832639977336, 43.202242366969585], [76.8832653388381, 43.20224102586508], [76.88326667994261, 43.202242366969585], [76.88326667994261, 43.202240355312824], [76.88327204436064, 43.20223834365606], [76.88327271491289, 43.202237002551556], [76.88328143209219, 43.2022363319993], [76.8832827731967, 43.20223767310381], [76.8832827731967, 43.202240355312824], [76.88328009098768, 43.20224169641733], [76.88327874988317, 43.20224437862635], [76.88327472656965, 43.2022450491786], [76.88327338546515, 43.20224706083536], [76.88327070325613, 43.202247731387615]]]}, "properties": {"id": 250, "class": "road", "confidence": 100.0, "source": "Almaty_7", "source_model": "unet-roads", "centroid_wkt": "POINT (76.8832739238318 43.2022413422856)", "bbox": [76.8832639977336, 43.2022363319993, 76.8832827731967, 43.202247731387615], "pixel_bbox": [6156, 2220, 6184, 2237], "area_m2": 1.155}}, {"type": "Feature", "geometry": {"type": "Polygon", "coordinates": [[[76.8833652511239, 43.20224370807409], [76.88335988670588, 43.20224169641733], [76.8833565339446, 43.20224169641733], [76.88335049897432, 43.202237002551556], [76.88334848731756, 43.202237002551556], [76.88334781676531, 43.20223432034254], [76.8833464756608, 43.20223432034254], [76.8833464756608, 43.20223230868578], [76.88334781676531, 43.20223096758127], [76.88335854560137, 43.20223029702902], [76.88337128609419, 43.20223364979029], [76.88337329775095, 43.20223566144705], [76.88337597995996, 43.2022363319993], [76.88337597995996, 43.20224169641733], [76.88337195664644, 43.20224370807409], [76.8833652511239, 43.20224370807409]]]}, "properties": {"id": 251, "class": "road", "confidence": 100.0, "source": "Almaty_7", "source_model": "unet-roads", "centroid_wkt": "POINT (76.88336237758027 43.20223651183344)", "bbox": [76.8833464756608, 43.20223029702902, 76.88337597995996, 43.20224370807409], "pixel_bbox": [6279, 2226, 6323, 2246], "area_m2": 2.446}}, {"type": "Feature", "geometry": {"type": "Polygon", "coordinates": [[[76.87949817627668, 43.20234093815088], [76.87949482351542, 43.202337585389614], [76.8794921413064, 43.20233691483736], [76.8794921413064, 43.20233557373285], [76.87949012964964, 43.202334232628345], [76.87948476523161, 43.20232283324003], [76.87948476523161, 43.202314116060734], [76.8794820830226, 43.20231210440397], [76.8794820830226, 43.20231009274721], [76.87948074191809, 43.20231009274721], [76.87948074191809, 43.202308751642704], [76.87947940081358, 43.20231009274721], [76.87947873026133, 43.20224639028311], [76.87947738915682, 43.202247731387615], [76.87947537750006, 43.20225443691015], [76.8794733658433, 43.20225577801466], [76.87947135418653, 43.20225980132818], [76.87946934252977, 43.202260471880436], [76.87946733087301, 43.20226315408945], [76.87946196645498, 43.20226516574621], [76.87945257872343, 43.202263824641705], [76.87944386154413, 43.20225443691015], [76.87944386154413, 43.202249743044376], [76.87944252043962, 43.20224706083536], [76.87944319099188, 43.20224370807409], [76.87944520264864, 43.20224169641733], [76.87944654375315, 43.20223566144705], [76.87945391982794, 43.20221956819296], [76.87945459038019, 43.20220347493887], [76.8794559314847, 43.202197439968586], [76.8794572725892, 43.20219609886408], [76.87945660203695, 43.20219274610281], [76.87945995479822, 43.2021914049983], [76.87951628118753, 43.2021914049983], [76.87951762229204, 43.20219274610281], [76.87951695173979, 43.20220213383436], [76.87951494008303, 43.20220414549112], [76.87951292842627, 43.2022088393569], [76.87951158732176, 43.20220950990915], [76.87951158732176, 43.202213533222675], [76.87951024621725, 43.20221487432718], [76.8795109167695, 43.20222292095423], [76.87950890511274, 43.20223901420832], [76.879509575665, 43.202242366969585], [76.8795109167695, 43.20224370807409], [76.87951225787401, 43.20225175470114], [76.87951359897852, 43.20225242525339], [76.87951359897852, 43.20225443691015], [76.87951561063528, 43.20225577801466], [76.87951896339655, 43.2022624835372], [76.87952164560556, 43.20226449519396], [76.87952633947134, 43.20227388292551], [76.87952768057585, 43.20227857679129], [76.87952768057585, 43.20228461176157], [76.87952633947134, 43.20228662341833], [76.8795270100236, 43.20229198783636], [76.87952499836683, 43.20229534059763], [76.87952499836683, 43.2022986933589], [76.87952298671007, 43.20230137556791], [76.87952164560556, 43.202308751642704], [76.87952030450106, 43.20230942219496], [76.87951896339655, 43.202314116060734], [76.87951695173979, 43.20231545716524], [76.87951426953077, 43.20232015103102], [76.87951158732176, 43.20233087986708], [76.87951024621725, 43.20233155041933], [76.87950823456049, 43.20233624428511], [76.87950555235147, 43.20233825594187], [76.87950555235147, 43.202339597046375], [76.87950421124697, 43.202339597046375], [76.87950354069471, 43.20234093815088], [76.87949817627668, 43.20234093815088]]]}, "properties": {"id": 252, "class": "road", "confidence": 100.0, "source": "Almaty_7", "source_model": "unet-roads", "centroid_wkt": "POINT (76.87948982798356 43.20225477275409)", "bbox": [76.87944252043962, 43.2021914049983, 76.87952768057585, 43.20234093815088], "pixel_bbox": [457, 2081, 584, 2304], "area_m2": 66.324}}, {"type": "Feature", "geometry": {"type": "Polygon", "coordinates": [[[76.88549894839525, 43.20223432034254], [76.88549023121595, 43.20223230868578], [76.88548889011145, 43.202231638133526], [76.88548889011145, 43.20223029702902], [76.88548754900694, 43.20223029702902], [76.88548754900694, 43.20221018046141], [76.88550096005201, 43.20220347493887], [76.88550431281328, 43.20219945162535], [76.88550565391779, 43.20219945162535], [76.88551034778357, 43.20219475775957], [76.88551504164934, 43.202192075550556], [76.8855445459485, 43.20218939334154], [76.88555929809809, 43.20219073444605], [76.88555795699358, 43.202192075550556], [76.88557002693415, 43.20220146328211], [76.88557002693415, 43.20220950990915], [76.88556868582964, 43.20221487432718], [76.88556734472513, 43.20221554487944], [76.88556600362062, 43.202218897640705], [76.88555996865034, 43.20222359150648], [76.88555527478456, 43.202224262058735], [76.88555393368006, 43.20222560316324], [76.88554991036654, 43.202226273715496], [76.88554186373949, 43.20223029702902], [76.88553918153048, 43.20223029702902], [76.88553180545568, 43.20223297923803], [76.88552040606737, 43.20223432034254], [76.88549894839525, 43.20223432034254]]]}, "properties": {"id": 253, "class": "road", "confidence": 100.0, "source": "Almaty_7", "source_model": "unet-roads", "centroid_wkt": "POINT (76.88552863295435 43.20221213131961)", "bbox": [76.88548754900694, 43.20218939334154, 76.88557002693415, 43.20223432034254], "pixel_bbox": [9472, 2240, 9595, 2307], "area_m2": 25.918}}, {"type": "Feature", "geometry": {"type": "Polygon", "coordinates": [[[76.88129793852568, 43.2021914049983], [76.88123758882284, 43.20219073444605], [76.88123758882284, 43.20218939334154], [76.8812396004796, 43.20218872278929], [76.8812382593751, 43.20218738168478], [76.88123490661383, 43.20218738168478], [76.88123557716608, 43.20218402892351], [76.88123691827059, 43.20218402892351], [76.88123691827059, 43.202182687819004], [76.88124295324087, 43.202177323400974], [76.88124898821115, 43.20217464119196], [76.88125167042017, 43.20217464119196], [76.88125569373369, 43.202171958982944], [76.88126239925623, 43.20217061787844], [76.88127782195807, 43.20217128843069], [76.88128385692835, 43.20217330008745], [76.88128519803286, 43.2021726295352], [76.88129056245089, 43.202173970639706], [76.8812919035554, 43.20217531174421], [76.88129860907793, 43.202177323400974], [76.88130397349596, 43.20218201726675], [76.88130531460047, 43.202184699475765], [76.88130531460047, 43.202186711132526], [76.88130263239145, 43.20218738168478], [76.8813033029437, 43.20218872278929], [76.88129793852568, 43.2021914049983]]]}, "properties": {"id": 254, "class": "road", "confidence": 100.0, "source": "Almaty_7", "source_model": "unet-roads", "centroid_wkt": "POINT (76.88127083813006 43.20218193357021)", "bbox": [76.88123490661383, 43.20217061787844, 76.88130531460047, 43.2021914049983], "pixel_bbox": [3130, 2304, 3235, 2335], "area_m2": 10.186}}, {"type": "Feature", "geometry": {"type": "Polygon", "coordinates": [[[76.88377227634192, 43.2022088393569], [76.88377093523741, 43.20220749825239], [76.88377093523741, 43.2021914049983], [76.88377697020769, 43.2021914049983], [76.88378032296896, 43.202190063893795], [76.88377898186445, 43.20218939334154], [76.8837783113122, 43.20218402892351], [76.88378233462572, 43.20217598229647], [76.88378904014826, 43.20217061787844], [76.88380043953657, 43.20217061787844], [76.8838044628501, 43.2021726295352], [76.88380982726812, 43.20217330008745], [76.88381318002939, 43.20217531174421], [76.88381854444742, 43.20217598229647], [76.88382659107447, 43.20218067616224], [76.88383396714926, 43.20218067616224], [76.88383597880602, 43.20218201726675], [76.88384134322405, 43.202182687819004], [76.8838594481349, 43.20217799395323], [76.88386883586645, 43.20217866450548], [76.88387285917997, 43.20218067616224], [76.88387352973223, 43.202182687819004], [76.88387487083673, 43.202182687819004], [76.88387621194124, 43.20218537002802], [76.88387554138899, 43.202190063893795], [76.88387755304575, 43.20219073444605], [76.88385542482138, 43.2021914049983], [76.88385408371687, 43.202192075550556], [76.88385609537363, 43.20219274610281], [76.88385542482138, 43.20219878107309], [76.88385341316462, 43.202200792729855], [76.88384871929884, 43.20220146328211], [76.88384469598532, 43.20220347493887], [76.8838232383132, 43.20220347493887], [76.88381519168615, 43.20220548659563], [76.88378971070051, 43.202206157147884], [76.88377227634192, 43.2022088393569]]]}, "properties": {"id": 255, "class": "road", "confidence": 100.0, "source": "Almaty_7", "source_model": "unet-roads", "centroid_wkt": "POINT (76.88381645791753 43.202190052233064)", "bbox": [76.88377093523741, 43.20217061787844, 76.88387755304575, 43.2022088393569], "pixel_bbox": [6912, 2278, 7071, 2335], "area_m2": 22.646}}, {"type": "Feature", "geometry": {"type": "Polygon", "coordinates": [[[76.88100825995207, 43.202231638133526], [76.8810049071908, 43.20222493261099], [76.88100222498178, 43.202222250401974], [76.88100222498178, 43.20222023874521], [76.88099887222052, 43.20221286267042], [76.88098881393671, 43.20220146328211], [76.88098479062319, 43.20219945162535], [76.8809787556529, 43.202192075550556], [76.88096333295107, 43.2021914049983], [76.88096534460783, 43.20218939334154], [76.88096333295107, 43.20218939334154], [76.88096199184656, 43.202188052237034], [76.88096266239882, 43.20218335837126], [76.88096936792135, 43.20217799395323], [76.8809700384736, 43.20217531174421], [76.88097272068262, 43.20217330008745], [76.88097339123487, 43.20217061787844], [76.88097473233938, 43.20216994732618], [76.8809774145484, 43.202161230146885], [76.88097942620516, 43.20215854793787], [76.88098009675741, 43.20215452462435], [76.88098210841417, 43.20215318351984], [76.88098412007093, 43.20214781910181], [76.88098948448896, 43.202145136892796], [76.88099417835474, 43.202145136892796], [76.88099686056376, 43.20214781910181], [76.88099887222052, 43.20214781910181], [76.88099954277277, 43.20214983075857], [76.88100088387728, 43.20214983075857], [76.88100222498178, 43.20215184241533], [76.8810049071908, 43.20215318351984], [76.8810049071908, 43.2021551951766], [76.88100893050432, 43.202159218490124], [76.88101027160883, 43.202168606221676], [76.88101161271334, 43.202168606221676], [76.88101295381784, 43.202173970639706], [76.88101295381784, 43.202186711132526], [76.88101161271334, 43.20218738168478], [76.88101027160883, 43.20219073444605], [76.88102837651968, 43.2021914049983], [76.88102971762419, 43.20219475775957], [76.88102904707193, 43.20220146328211], [76.88102636486292, 43.202202804386616], [76.88102636486292, 43.20220414549112], [76.88102502375841, 43.20220347493887], [76.88102435320616, 43.20222157984972], [76.88102167099714, 43.20222157984972], [76.88102032989264, 43.20222493261099], [76.88101563602686, 43.20223029702902], [76.88100825995207, 43.202231638133526]]]}, "properties": {"id": 256, "class": "road", "confidence": 100.0, "source": "Almaty_7", "source_model": "unet-roads", "centroid_wkt": "POINT (76.88099872685939 43.20218652780642)", "bbox": [76.88096199184656, 43.202145136892796, 76.88102971762419, 43.202231638133526], "pixel_bbox": [2723, 2244, 2824, 2373], "area_m2": 25.169}}, {"type": "Feature", "geometry": {"type": "Polygon", "coordinates": [[[76.88360061496496, 43.202082104980946], [76.88359927386045, 43.2020552828908], [76.88359927386045, 43.202022425830364], [76.88360329717398, 43.20202175527811], [76.88360463827848, 43.20202309638262], [76.88361000269651, 43.20202376693487], [76.88361670821905, 43.20202644914389], [76.8836173787713, 43.20202846080065], [76.88362006098032, 43.20203047245741], [76.88362006098032, 43.202031813561916], [76.88363078981638, 43.20204187184572], [76.88363146036863, 43.20204723626375], [76.8836334720254, 43.20205193012953], [76.88363213092089, 43.20205394178629], [76.88363213092089, 43.20205930620432], [76.88363078981638, 43.20205997675657], [76.88363078981638, 43.20206131786108], [76.88362810760736, 43.20206265896559], [76.88362408429384, 43.20207204669714], [76.88362140208483, 43.20207539945841], [76.88362006098032, 43.20207539945841], [76.88362006098032, 43.202076740562916], [76.8836160376668, 43.20207808166742], [76.88361402601004, 43.202080093324184], [76.88360396772623, 43.20207942277193], [76.88360329717398, 43.20208076387644], [76.88360195606947, 43.20208076387644], [76.88360128551722, 43.20207942277193], [76.88360061496496, 43.202082104980946]]]}, "properties": {"id": 257, "class": "road", "confidence": 100.0, "source": "Almaty_7", "source_model": "unet-roads", "centroid_wkt": "POINT (76.88361359902146 43.2020516481974)", "bbox": [76.88359927386045, 43.20202175527811, 76.8836334720254, 43.202082104980946], "pixel_bbox": [6656, 2467, 6707, 2557], "area_m2": 13.422}}, {"type": "Feature", "geometry": {"type": "Polygon", "coordinates": [[[76.88102502375841, 43.20211227983236], [76.88102435320616, 43.2020204141736], [76.88112292438745, 43.20201974362135], [76.88114572316408, 43.20202108472586], [76.88114371150732, 43.20202175527811], [76.88114237040281, 43.20202376693487], [76.88113566488028, 43.202024437487125], [76.88113566488028, 43.2020291313529], [76.88113298267126, 43.202029801905155], [76.88113298267126, 43.20203114300966], [76.8811309710145, 43.202031813561916], [76.88112493604422, 43.20203114300966], [76.8811222538352, 43.20203248411417], [76.88110817223787, 43.202033154666424], [76.88108939677477, 43.20203650742769], [76.88108403235674, 43.20203918963671], [76.88108135014772, 43.202042542397976], [76.88107866793871, 43.20204321295023], [76.88107397407293, 43.202047906816006], [76.88106995075941, 43.20204924792051], [76.88106525689363, 43.20205461233854], [76.88106458634138, 43.202064000070095], [76.88106793910265, 43.20207271724939], [76.88106928020716, 43.20207338780165], [76.88106928020716, 43.202074728906155], [76.8810773268342, 43.202085457742214], [76.8810773268342, 43.20209685713053], [76.8810759857297, 43.20209685713053], [76.88107330352068, 43.20210088044405], [76.8810686096549, 43.202103562653065], [76.88106324523687, 43.20210423320532], [76.8810598924756, 43.20210624486208], [76.8810511752963, 43.20210825651884], [76.8810498341918, 43.20210959762335], [76.88103441148996, 43.20211227983236], [76.88102502375841, 43.20211227983236]]]}, "properties": {"id": 258, "class": "road", "confidence": 100.0, "source": "Almaty_7", "source_model": "unet-roads", "centroid_wkt": "POINT (76.88105838937904 43.20205742181448)", "bbox": [76.88102435320616, 43.20201974362135, 76.88114572316408, 43.20211227983236], "pixel_bbox": [2816, 2422, 2997, 2560], "area_m2": 46.49}}, {"type": "Feature", "geometry": {"type": "Polygon", "coordinates": [[[76.88500139862299, 43.202040530741215], [76.88499804586172, 43.202037177979946], [76.88499737530947, 43.20203382521868], [76.88499603420496, 43.20203382521868], [76.88499603420496, 43.20202846080065], [76.8849940225482, 43.20202577859163], [76.88499469310045, 43.20202376693487], [76.88499066978693, 43.20202376693487], [76.88498865813017, 43.20202175527811], [76.88498597592115, 43.20202108472586], [76.88499335199594, 43.20202108472586], [76.88499603420496, 43.20201974362135], [76.88500810414553, 43.20201974362135], [76.88501078635454, 43.20202108472586], [76.88501413911581, 43.20202108472586], [76.88501346856356, 43.202035166323185], [76.88501212745905, 43.20203583687544], [76.88501212745905, 43.202037177979946], [76.88500944525003, 43.2020378485322], [76.88500609248877, 43.202040530741215], [76.88500139862299, 43.202040530741215]]]}, "properties": {"id": 259, "class": "road", "confidence": 100.0, "source": "Almaty_7", "source_model": "unet-roads", "centroid_wkt": "POINT (76.88500426031892 43.20202846932037)", "bbox": [76.88498597592115, 43.20201974362135, 76.88501413911581, 43.202040530741215], "pixel_bbox": [8724, 2529, 8766, 2560], "area_m2": 3.169}}, {"type": "Feature", "geometry": {"type": "Polygon", "coordinates": [[[76.88565786927938, 43.202082104980946], [76.88565786927938, 43.20208076387644], [76.88565652817488, 43.202080093324184], [76.88565518707037, 43.20208076387644], [76.8856518343091, 43.20207942277193], [76.88564915210009, 43.20208076387644], [76.88564781099558, 43.20207942277193], [76.88564579933882, 43.20207942277193], [76.88564579933882, 43.20207808166742], [76.88564110547304, 43.2020740583539], [76.8856343999505, 43.202060647308826], [76.88563037663698, 43.20205729454756], [76.88563037663698, 43.20205595344305], [76.88562903553247, 43.20205595344305], [76.88562903553247, 43.20205461233854], [76.88562769442797, 43.20205461233854], [76.88562501221895, 43.202051259577274], [76.88562367111444, 43.202051259577274], [76.88562165945768, 43.20204857736826], [76.88561897724867, 43.20204723626375], [76.88561026006937, 43.202045895159245], [76.88560288399458, 43.2020465657115], [76.8855981901288, 43.20204857736826], [76.88558612018824, 43.202047906816006], [76.88558343797922, 43.2020465657115], [76.88557740300894, 43.202045895159245], [76.88557136803865, 43.20204120129347], [76.8855693563819, 43.20204120129347], [76.88556399196386, 43.202035166323185], [76.88556399196386, 43.2020291313529], [76.88556667417288, 43.20202108472586], [76.8855693563819, 43.20201974362135], [76.88565853983164, 43.20201974362135], [76.88565921038389, 43.202082104980946], [76.88565786927938, 43.202082104980946]]]}, "properties": {"id": 260, "class": "road", "confidence": 100.0, "source": "Almaty_7", "source_model": "unet-roads", "centroid_wkt": "POINT (76.88562133813713 43.20203962973942)", "bbox": [76.88556399196386, 43.20201974362135, 76.88565921038389, 43.202082104980946], "pixel_bbox": [9586, 2467, 9728, 2560], "area_m2": 29.814}}, {"type": "Feature", "geometry": {"type": "Polygon", "coordinates": [[[76.88498731702566, 43.20197883993387], [76.88498664647341, 43.20197615772486], [76.88498262315989, 43.20197280496359], [76.88498195260763, 43.20196744054556], [76.88497792929411, 43.201966769993305], [76.88497792929411, 43.2019654288888], [76.88497591763735, 43.20196811109781], [76.88497591763735, 43.20197347551584], [76.88497457653284, 43.201966769993305], [76.88497390598059, 43.20197682827711], [76.88497390598059, 43.2019392773509], [76.88497457653284, 43.20194263011217], [76.88497591763735, 43.20194061845541], [76.88497725874186, 43.20194464176893], [76.88497859984636, 43.201945312321186], [76.88498463481665, 43.20193324238062], [76.88498597592115, 43.20193324238062], [76.88498999923468, 43.2019292190671], [76.88499469310045, 43.20192787796259], [76.88499871641397, 43.20192251354456], [76.8850027397275, 43.20192117244005], [76.885004080832, 43.20191916078329], [76.88501548022032, 43.20191849023104], [76.8850201740861, 43.201919831335545], [76.88502486795187, 43.20192385464907], [76.88502889126539, 43.201925195753574], [76.88503358513117, 43.201930560171604], [76.88503358513117, 43.201932571828365], [76.88503626734018, 43.20193659514189], [76.88503626734018, 43.201941289007664], [76.88503090292215, 43.20194732397795], [76.88502822071314, 43.20195335894823], [76.88502620905638, 43.201954029500484], [76.88502553850412, 43.201956041157246], [76.88502084463835, 43.20195872336626], [76.88501883298159, 43.201961405575275], [76.88501413911581, 43.20196207612753], [76.88500810414553, 43.20196811109781], [76.88500341027975, 43.20197079330683], [76.88500072807074, 43.201974146068096], [76.88499469310045, 43.201975487172604], [76.88499066978693, 43.20197883993387], [76.88498731702566, 43.20197883993387]]]}, "properties": {"id": 261, "class": "road", "confidence": 100.0, "source": "Almaty_7", "source_model": "unet-roads", "centroid_wkt": "POINT (76.885003676975 43.201946425364895)", "bbox": [76.88497390598059, 43.20191849023104, 76.88503626734018, 43.20197883993387], "pixel_bbox": [8706, 2621, 8799, 2711], "area_m2": 21.621}}, {"type": "Feature", "geometry": {"type": "Polygon", "coordinates": [[[76.88433486968279, 43.20192117244005], [76.88433218747377, 43.201919831335545], [76.88433084636927, 43.20191781967878], [76.88432414084673, 43.20191714912653], [76.88432279974222, 43.20191580802202], [76.88432078808546, 43.20191580802202], [76.8843201175332, 43.201914466917515], [76.8843087181449, 43.20191513746977], [76.88430670648813, 43.20191379636526], [76.88430402427912, 43.201914466917515], [76.88430201262236, 43.201912455260754], [76.88429530709982, 43.20191379636526], [76.88429329544306, 43.20191312581301], [76.88429195433855, 43.201914466917515], [76.88429061323404, 43.20191312581301], [76.88428726047277, 43.20191714912653], [76.88428591936827, 43.20190507918596], [76.88428658992052, 43.201887644827366], [76.88428793102503, 43.20188697427511], [76.88429061323404, 43.201890997588634], [76.88429329544306, 43.20189166814089], [76.88430335372686, 43.201890997588634], [76.88430804759264, 43.20189502090216], [76.88431072980165, 43.20189367979765], [76.88431274145842, 43.20189367979765], [76.88431408256292, 43.20189502090216], [76.88431676477194, 43.20189502090216], [76.88431810587645, 43.20189367979765], [76.88432950526476, 43.20189367979765], [76.88433084636927, 43.20189502090216], [76.8843362107873, 43.20189569145441], [76.88433688133955, 43.20189703255892], [76.88434157520533, 43.20189904421568], [76.88434425741434, 43.201901726424694], [76.88434425741434, 43.2019030675292], [76.88434559851885, 43.2019030675292], [76.88434559851885, 43.20190440863371], [76.88434895128012, 43.201907090842724], [76.88434895128012, 43.201914466917515], [76.8843449279666, 43.201919831335545], [76.88434224575758, 43.201919831335545], [76.88434090465307, 43.20192117244005], [76.88433486968279, 43.20192117244005]]]}, "properties": {"id": 262, "class": "road", "confidence": 100.0, "source": "Almaty_7", "source_model": "unet-roads", "centroid_wkt": "POINT (76.88431688872453 43.201904865331265)", "bbox": [76.88428591936827, 43.20188697427511, 76.88434895128012, 43.20192117244005], "pixel_bbox": [7680, 2707, 7774, 2758], "area_m2": 12.279}}, {"type": "Feature", "geometry": {"type": "Polygon", "coordinates": [[[76.88018146902323, 43.201914466917515], [76.88017811626196, 43.2019117847085], [76.88017208129168, 43.20190977305174], [76.88017141073942, 43.20190843194723], [76.8801687285304, 43.201909102499485], [76.8801687285304, 43.201905749738216], [76.8801673874259, 43.20191044360399], [76.8801673874259, 43.20188630372286], [76.88016805797815, 43.201887644827366], [76.88016939908266, 43.20188697427511], [76.88017074018717, 43.20188831537962], [76.88017409294844, 43.20188831537962], [76.8801774457097, 43.201887644827366], [76.88018348067999, 43.2018842920661], [76.88018951565027, 43.2018842920661], [76.88019085675478, 43.201885633170605], [76.88019622117281, 43.20188697427511], [76.88019756227732, 43.20188965648413], [76.88019957393408, 43.20189032703638], [76.88020158559084, 43.201898373663425], [76.88019823282957, 43.201905749738216], [76.88018951565027, 43.20191379636526], [76.88018146902323, 43.201914466917515]]]}, "properties": {"id": 263, "class": "road", "confidence": 100.0, "source": "Almaty_7", "source_model": "unet-roads", "centroid_wkt": "POINT (76.88018403367607 43.20189854887915)", "bbox": [76.8801673874259, 43.2018842920661, 76.88020158559084, 43.201914466917515], "pixel_bbox": [1538, 2717, 1589, 2762], "area_m2": 7.2}}, {"type": "Feature", "geometry": {"type": "Polygon", "coordinates": [[[76.88564244657755, 43.201901726424694], [76.88563775271177, 43.20190038532019], [76.88563238829374, 43.20189569145441], [76.88563171774149, 43.20188965648413], [76.88563574105501, 43.201885633170605], [76.88564110547304, 43.20188295096159], [76.8856504932046, 43.20188295096159], [76.88565451651812, 43.2018842920661], [76.88565652817488, 43.20188630372286], [76.88565786927938, 43.201890997588634], [76.88565786927938, 43.20189502090216], [76.88565585762262, 43.20189904421568], [76.88565250486135, 43.20190105587244], [76.88564244657755, 43.201901726424694]]]}, "properties": {"id": 264, "class": "road", "confidence": 100.0, "source": "Almaty_7", "source_model": "unet-roads", "centroid_wkt": "POINT (76.88564565286623 43.20189189952512)", "bbox": [76.88563171774149, 43.20188295096159, 76.88565786927938, 43.201901726424694], "pixel_bbox": [9687, 2736, 9726, 2764], "area_m2": 3.634}}, {"type": "Feature", "geometry": {"type": "Polygon", "coordinates": [[[76.88586708158255, 43.20190239697695], [76.88585970550776, 43.20189770311117], [76.88585434108973, 43.201896362006664], [76.88585098832846, 43.201893009245396], [76.88584428280592, 43.201890997588634], [76.88583690673113, 43.20188496261835], [76.88583623617887, 43.201882280409336], [76.88583355396986, 43.20187959820032], [76.88583221286535, 43.201880268752575], [76.88583087176085, 43.201876915991306], [76.88583087176085, 43.20184875279665], [76.88589189201593, 43.201848082244396], [76.88589323312044, 43.201849423348904], [76.88589725643396, 43.201849423348904], [76.88589457422495, 43.20185210555792], [76.88589323312044, 43.20185210555792], [76.8858939036727, 43.20185478776693], [76.8858952447772, 43.20185478776693], [76.88589725643396, 43.201858811080456], [76.88589725643396, 43.20186551660299], [76.88589323312044, 43.20187758654356], [76.88589323312044, 43.20188496261835], [76.88589189201593, 43.20188965648413], [76.88589055091143, 43.20188965648413], [76.8858865275979, 43.20189367979765], [76.8858865275979, 43.20189502090216], [76.88588317483664, 43.20189770311117], [76.88588317483664, 43.20189904421568], [76.88588116317987, 43.20190105587244], [76.8858778104186, 43.20190239697695], [76.88586708158255, 43.20190239697695]]]}, "properties": {"id": 265, "class": "road", "confidence": 100.0, "source": "Almaty_7", "source_model": "unet-roads", "centroid_wkt": "POINT (76.88586480404416 43.20187144109239)", "bbox": [76.88583087176085, 43.201848082244396, 76.88589725643396, 43.20190239697695], "pixel_bbox": [9984, 2735, 10083, 2816], "area_m2": 26.631}}, {"type": "Feature", "geometry": {"type": "Polygon", "coordinates": [[[76.883066855371, 43.20193726569414], [76.88306551426649, 43.201935924589634], [76.88306350260973, 43.201935924589634], [76.88305746763945, 43.201930560171604], [76.88305478543043, 43.201925195753574], [76.88305478543043, 43.20192251354456], [76.88305143266916, 43.20191916078329], [76.88305143266916, 43.20191714912653], [76.88304875046015, 43.201914466917515], [76.88304875046015, 43.201912455260754], [76.88304405659437, 43.20190843194723], [76.88304405659437, 43.20190642029047], [76.88304271548986, 43.201905749738216], [76.88304204493761, 43.2019030675292], [76.8830393627286, 43.201901726424694], [76.88303399831057, 43.2019030675292], [76.8830319866538, 43.201901726424694], [76.8830232694745, 43.20190105587244], [76.88301254063845, 43.201893009245396], [76.88300918787718, 43.20188496261835], [76.88300717622042, 43.20188295096159], [76.88300583511591, 43.201878257095814], [76.88300382345915, 43.20187624543905], [76.88300382345915, 43.20187423378229], [76.88300047069788, 43.201867528259754], [76.88300047069788, 43.20186484605074], [76.88299912959337, 43.20186283439398], [76.88299912959337, 43.20185612887144], [76.88300047069788, 43.20185411721468], [76.88299980014563, 43.201849423348904], [76.8830031529069, 43.201848082244396], [76.8830842897296, 43.201848082244396], [76.8830842897296, 43.20190843194723], [76.88308361917734, 43.20190440863371], [76.88308227807283, 43.201903738081455], [76.88308093696833, 43.20190843194723], [76.88308093696833, 43.201912455260754], [76.88308227807283, 43.20191580802202], [76.88308160752058, 43.201921842992306], [76.88307758420706, 43.201932571828365], [76.88307221978903, 43.20193659514189], [76.883066855371, 43.20193726569414]]]}, "properties": {"id": 266, "class": "road", "confidence": 100.0, "source": "Almaty_7", "source_model": "unet-roads", "centroid_wkt": "POINT (76.88304916987401 43.20188154068875)", "bbox": [76.88299912959337, 43.201848082244396, 76.8830842897296, 43.20193726569414], "pixel_bbox": [5761, 2683, 5888, 2816], "area_m2": 46.981}}, {"type": "Feature", "geometry": {"type": "Polygon", "coordinates": [[[76.88507314771414, 43.201872892677784], [76.88507180660963, 43.20187155157328], [76.8850664421916, 43.20187155157328], [76.88506174832582, 43.20186886936426], [76.88505839556456, 43.20186886936426], [76.88504833728075, 43.201864175498486], [76.88503962010145, 43.201862163841724], [76.88503559678793, 43.20186015218496], [76.88503559678793, 43.201858811080456], [76.88503291457891, 43.201856799423695], [76.88503358513117, 43.20185210555792], [76.88503157347441, 43.20185210555792], [76.8850302323699, 43.20185076445341], [76.88502755016088, 43.20185210555792], [76.88502218574286, 43.20185210555792], [76.88502218574286, 43.20185009390116], [76.8850201740861, 43.201849423348904], [76.88504498451948, 43.201848082244396], [76.88509058207273, 43.20184875279665], [76.88509125262499, 43.20185009390116], [76.88508924096823, 43.20185210555792], [76.88508991152048, 43.2018581405282], [76.88508857041597, 43.20185948163271], [76.88508857041597, 43.20186283439398], [76.88508722931147, 43.20186350494623], [76.88508722931147, 43.20186484605074], [76.88507918268442, 43.20187155157328], [76.88507314771414, 43.201872892677784]], [[76.88503425568342, 43.201856799423695], [76.88503492623568, 43.20185746997595], [76.88503492623568, 43.201856799423695], [76.88503425568342, 43.201856799423695]], [[76.88503425568342, 43.20185545831919], [76.88503492623568, 43.20185612887144], [76.88503492623568, 43.20185545831919], [76.88503425568342, 43.20185545831919]]]}, "properties": {"id": 267, "class": "road", "confidence": 100.0, "source": "Almaty_7", "source_model": "unet-roads", "centroid_wkt": "POINT (76.8850629485455 43.20185756880005)", "bbox": [76.8850201740861, 43.201848082244396, 76.88509125262499, 43.201872892677784], "pixel_bbox": [8775, 2779, 8881, 2816], "area_m2": 9.752}}, {"type": "Feature", "geometry": {"type": "Polygon", "coordinates": [[[76.8835087493062, 43.201937936246395], [76.88349936157465, 43.20193525403738], [76.88349265605211, 43.20193190127611], [76.88349198549986, 43.201930560171604], [76.88348729163408, 43.2019292190671], [76.88348595052958, 43.201927207410336], [76.88348460942507, 43.201927207410336], [76.88347857445478, 43.201921842992306], [76.88347723335028, 43.201921842992306], [76.88347186893225, 43.20191513746977], [76.88347119838, 43.201912455260754], [76.88346985727549, 43.2019117847085], [76.88346851617098, 43.20190642029047], [76.88346851617098, 43.20189971476793], [76.88347052782774, 43.2018943503499], [76.88347119838, 43.201887644827366], [76.8834725394845, 43.20188630372286], [76.8834725394845, 43.20188160985708], [76.88347388058901, 43.20187758654356], [76.88347186893225, 43.20186484605074], [76.8834725394845, 43.2018581405282], [76.88347455114126, 43.20185478776693], [76.88347455114126, 43.20185277611017], [76.88347656279802, 43.20185210555792], [76.88347723335028, 43.20185009390116], [76.8834812566638, 43.201849423348904], [76.8834825977683, 43.201848082244396], [76.88352953642607, 43.201848082244396], [76.88355501741171, 43.20184674113989], [76.8835623934865, 43.201848082244396], [76.88358318060637, 43.201848082244396], [76.88358720391989, 43.201849423348904], [76.88358653336763, 43.201853446662426], [76.8835885450244, 43.20185545831919], [76.8835885450244, 43.201858811080456], [76.88358452171087, 43.20186350494623], [76.88358049839735, 43.20186484605074], [76.8835798278451, 43.20186618715525], [76.88357781618834, 43.20186618715525], [76.88357714563608, 43.201867528259754], [76.88357513397932, 43.201867528259754], [76.88357446342707, 43.20186886936426], [76.88356775790453, 43.20187088102102], [76.88356440514326, 43.20187356323004], [76.88355635851622, 43.20187624543905], [76.88354562968016, 43.20188697427511], [76.88354562968016, 43.20190105587244], [76.88354697078466, 43.20190239697695], [76.88354764133692, 43.20190642029047], [76.88355032354593, 43.20191044360399], [76.88355166465044, 43.20191513746977], [76.88355568796396, 43.2019205018878], [76.88355568796396, 43.20192787796259], [76.88355032354593, 43.201932571828365], [76.8835449591279, 43.20193391293287], [76.88352081924677, 43.201937936246395], [76.8835087493062, 43.201937936246395]]]}, "properties": {"id": 268, "class": "road", "confidence": 100.0, "source": "Almaty_7", "source_model": "unet-roads", "centroid_wkt": "POINT (76.88351863866272 43.20188740490374)", "bbox": [76.88346851617098, 43.20184674113989, 76.8835885450244, 43.201937936246395], "pixel_bbox": [6461, 2682, 6640, 2818], "area_m2": 67.66}}, {"type": "Feature", "geometry": {"type": "Polygon", "coordinates": [[[76.88598576933146, 43.201872892677784], [76.88597705215216, 43.201867528259754], [76.8859763815999, 43.201858811080456], [76.88597839325666, 43.20185210555792], [76.88597571104765, 43.201849423348904], [76.88597772270441, 43.201848082244396], [76.88598979264498, 43.20184741169214], [76.88599113374949, 43.201846070587635], [76.88599314540625, 43.20184741169214], [76.8860025331378, 43.201848082244396], [76.88600186258554, 43.201864175498486], [76.88599985092878, 43.20186484605074], [76.88599918037653, 43.201867528259754], [76.88599783927202, 43.201867528259754], [76.88599649816751, 43.201869539916515], [76.88599314540625, 43.20187021046877], [76.88598979264498, 43.201872892677784], [76.88598576933146, 43.201872892677784]]]}, "properties": {"id": 269, "class": "road", "confidence": 100.0, "source": "Almaty_7", "source_model": "unet-roads", "centroid_wkt": "POINT (76.88598956756105 43.20185856558726)", "bbox": [76.88597571104765, 43.201846070587635, 76.8860025331378, 43.201872892677784], "pixel_bbox": [10200, 2779, 10240, 2819], "area_m2": 5.069}}, {"type": "Feature", "geometry": {"type": "Polygon", "coordinates": [[[76.88316274434328, 43.201848082244396], [76.88315939158201, 43.201846070587635], [76.88316073268652, 43.201846070587635], [76.88316140323877, 43.20184472948313], [76.88316073268652, 43.20184003561735], [76.88316341489553, 43.20183467119932], [76.88316877931356, 43.201829977333546], [76.88317883759737, 43.20182595402002], [76.88318956643343, 43.201824612915516], [76.88321571797132, 43.201824612915516], [76.88322845846415, 43.20182662457228], [76.88323449343443, 43.201822601258755], [76.88324723392725, 43.2018219307065], [76.88324991613626, 43.20182327181101], [76.88325461000204, 43.20182327181101], [76.8832552805543, 43.201820589601994], [76.88325595110655, 43.20182327181101], [76.88325796276331, 43.20182126015425], [76.88326064497232, 43.20182327181101], [76.8832740560174, 43.20182662457228], [76.88328009098768, 43.2018306478858], [76.88330959528685, 43.2018306478858], [76.88331965357065, 43.20183198899031], [76.88332568854094, 43.201835341751575], [76.88332971185446, 43.20184204727411], [76.88332837074995, 43.201844058930874], [76.8833290413022, 43.20184540003538], [76.8833277001977, 43.20184674113989], [76.88332233577967, 43.201848082244396], [76.88325729221106, 43.201848082244396], [76.88325595110655, 43.20184741169214], [76.88325595110655, 43.201846070587635], [76.88325393944979, 43.20184741169214], [76.88325326889753, 43.201846070587635], [76.88324924558401, 43.201846070587635], [76.88324924558401, 43.20184741169214], [76.88324723392725, 43.201848082244396], [76.88316274434328, 43.201848082244396]]]}, "properties": {"id": 270, "class": "road", "confidence": 100.0, "source": "Almaty_7", "source_model": "unet-roads", "centroid_wkt": "POINT (76.88324132930964 43.201836903262475)", "bbox": [76.88315939158201, 43.201820589601994, 76.88332971185446, 43.201848082244396], "pixel_bbox": [6000, 2816, 6254, 2857], "area_m2": 31.43}}, {"type": "Feature", "geometry": {"type": "Polygon", "coordinates": [[[76.88042353838682, 43.201842717826366], [76.88041348010302, 43.2018393650651], [76.88041213899851, 43.20183735340834], [76.88040610402822, 43.20183400064707], [76.88040342181921, 43.2018306478858], [76.88039939850569, 43.20182863622904], [76.88039738684893, 43.20182595402002], [76.88039604574442, 43.20182595402002], [76.88039068132639, 43.201820589601994], [76.88038799911737, 43.2018132135272], [76.88038866966963, 43.201809860765934], [76.88039135187864, 43.201806508004665], [76.88039470463991, 43.20180516690016], [76.88040141016245, 43.20180516690016], [76.88040409237146, 43.20180717855692], [76.88040610402822, 43.20180717855692], [76.880410797894, 43.20181120187044], [76.88042152673006, 43.20181656628847], [76.8804282322526, 43.20182327181101], [76.8804295733571, 43.20182327181101], [76.88043091446161, 43.20182595402002], [76.88043292611837, 43.20182662457228], [76.88043359667063, 43.20182930678129], [76.88043627887964, 43.20183198899031], [76.8804369494319, 43.201838694512844], [76.88043493777514, 43.2018393650651], [76.88043493777514, 43.20184137672186], [76.88043359667063, 43.201840706169605], [76.88043225556612, 43.20184204727411], [76.88043024390936, 43.20184137672186], [76.88042756170034, 43.201842717826366], [76.88042353838682, 43.201842717826366]]]}, "properties": {"id": 271, "class": "road", "confidence": 100.0, "source": "Almaty_7", "source_model": "unet-roads", "centroid_wkt": "POINT (76.88041254492386 43.2018239069648)", "bbox": [76.88038799911737, 43.20180516690016, 76.8804369494319, 43.201842717826366], "pixel_bbox": [1867, 2824, 1940, 2880], "area_m2": 9.216}}, {"type": "Feature", "geometry": {"type": "Polygon", "coordinates": [[[76.88291262835264, 43.201848082244396], [76.88282679766417, 43.20184741169214], [76.88282612711191, 43.201844058930874], [76.8828247860074, 43.201844058930874], [76.88282277435064, 43.20184137672186], [76.88282277435064, 43.20180382579565], [76.88282612711191, 43.20179712027311], [76.88283484429121, 43.20179108530283], [76.882842220366, 43.201790414750576], [76.88284758478403, 43.20179309695959], [76.88284959644079, 43.20179309695959], [76.88285026699305, 43.20179510861635], [76.88285160809755, 43.20179510861635], [76.88285294920206, 43.20179779082537], [76.88285563141108, 43.201799131929874], [76.88285563141108, 43.201801143586636], [76.88285697251558, 43.20180181413889], [76.8828609958291, 43.20180919021368], [76.88286233693361, 43.20180919021368], [76.88286367803812, 43.20181254297495], [76.88286501914263, 43.20181254297495], [76.88286501914263, 43.201813884079456], [76.88286770135164, 43.20181455463171], [76.88287172466516, 43.20181790739298], [76.88287373632193, 43.20181790739298], [76.88287574797869, 43.20181991904974], [76.88288379460573, 43.201822601258755], [76.88291262835264, 43.201822601258755], [76.88291262835264, 43.201848082244396]]]}, "properties": {"id": 272, "class": "road", "confidence": 100.0, "source": "Almaty_7", "source_model": "unet-roads", "centroid_wkt": "POINT (76.88286028997413 43.20182610594952)", "bbox": [76.88282277435064, 43.201790414750576, 76.88291262835264, 43.201848082244396], "pixel_bbox": [5498, 2816, 5632, 2902], "area_m2": 30.711}}, {"type": "Feature", "geometry": {"type": "Polygon", "coordinates": [[[76.88046913594007, 43.20179309695959], [76.88046712428331, 43.20179108530283], [76.88046712428331, 43.20178974419832], [76.88046310096979, 43.201786391437054], [76.88046310096979, 43.201785050332546], [76.88045840710402, 43.201781027019024], [76.880455724895, 43.20177633315325], [76.88045371323824, 43.201775662600994], [76.88044968992472, 43.2017682865262], [76.88044834882021, 43.201761581003666], [76.88044901937246, 43.201759569346905], [76.88045371323824, 43.201756216585636], [76.88045840710402, 43.201756216585636], [76.88046377152205, 43.20175889879465], [76.88046377152205, 43.20176023989916], [76.88046511262655, 43.20176023989916], [76.8804657831788, 43.20176225155592], [76.88046846538782, 43.20176426321268], [76.88046913594007, 43.201766945421696], [76.88047114759684, 43.20176895707846], [76.88047181814909, 43.20177298039198], [76.88047382980585, 43.20177499204874], [76.8804745003581, 43.20178974419832], [76.88047181814909, 43.20179309695959], [76.88046913594007, 43.20179309695959]]]}, "properties": {"id": 273, "class": "road", "confidence": 100.0, "source": "Almaty_7", "source_model": "unet-roads", "centroid_wkt": "POINT (76.8804628468577 43.201772515144945)", "bbox": [76.88044834882021, 43.201756216585636, 76.8804745003581, 43.20179309695959], "pixel_bbox": [1957, 2898, 1996, 2953], "area_m2": 5.02}}, {"type": "Feature", "geometry": {"type": "Polygon", "coordinates": [[[76.88300851732492, 43.20177163928747], [76.8830044940114, 43.20176962763071], [76.8830044940114, 43.2017682865262], [76.8830031529069, 43.2017682865262], [76.88300248235464, 43.20176426321268], [76.8830031529069, 43.201759569346905], [76.88300583511591, 43.2017582282424], [76.88300650566816, 43.201754204928875], [76.88300784677267, 43.20175353437662], [76.88301589339972, 43.201756216585636], [76.88301589339972, 43.201757557690144], [76.88301924616098, 43.20176091045141], [76.88301991671324, 43.20176426321268], [76.88301991671324, 43.20176627486944], [76.88301857560873, 43.20176761597395], [76.88301656395197, 43.20176761597395], [76.88301656395197, 43.20176895707846], [76.88301455229521, 43.20177096873522], [76.88300851732492, 43.20177163928747]]]}, "properties": {"id": 274, "class": "road", "confidence": 100.0, "source": "Almaty_7", "source_model": "unet-roads", "centroid_wkt": "POINT (76.88301119229135 43.20176284511389)", "bbox": [76.88300248235464, 43.20175353437662, 76.88301991671324, 43.20177163928747], "pixel_bbox": [5766, 2930, 5792, 2957], "area_m2": 2.036}}, {"type": "Feature", "geometry": {"type": "Polygon", "coordinates": [[[76.8799253180623, 43.201693184673786], [76.87992129474878, 43.20169184356928], [76.87992129474878, 43.20169050246477], [76.87991928309202, 43.201689161360264], [76.87991995364428, 43.20168178528547], [76.8799239769578, 43.20167910307646], [76.87993135303259, 43.20167977362871], [76.8799326941371, 43.20168111473322], [76.87993135303259, 43.2016871497035], [76.87992934137583, 43.201689161360264], [76.87992800027132, 43.201689161360264], [76.8799253180623, 43.201693184673786]]]}, "properties": {"id": 275, "class": "road", "confidence": 100.0, "source": "Almaty_7", "source_model": "unet-roads", "centroid_wkt": "POINT (76.87992589393274 43.201684983026595)", "bbox": [76.87991928309202, 43.20167910307646, 76.8799326941371, 43.201693184673786], "pixel_bbox": [1168, 3047, 1188, 3068], "area_m2": 1.196}}, {"type": "Feature", "geometry": {"type": "Polygon", "coordinates": [[[76.88422489911318, 43.20187758654356], [76.88421282917261, 43.2018755748868], [76.8842101469636, 43.20187423378229], [76.88420612365007, 43.20187423378229], [76.88418868929148, 43.20186551660299], [76.8841839954257, 43.20186015218496], [76.88418332487345, 43.20185478776693], [76.88418533653021, 43.201853446662426], [76.88418533653021, 43.20185210555792], [76.8841826543212, 43.201851435005665], [76.88418198376894, 43.201849423348904], [76.88419070094824, 43.201848082244396], [76.88422288745642, 43.20184741169214], [76.88422087579966, 43.20184472948313], [76.88421819359064, 43.201844058930874], [76.88421551138163, 43.201835341751575], [76.88421618193388, 43.20182729512453], [76.88422221690416, 43.20180516690016], [76.88422221690416, 43.20179510861635], [76.88421819359064, 43.201786391437054], [76.88420478254557, 43.20177432149649], [76.88420210033655, 43.20176962763071], [76.88419874757528, 43.2017682865262], [76.88419874757528, 43.201766945421696], [76.88419606536627, 43.20176426321268], [76.88419539481401, 43.201759569346905], [76.88419606536627, 43.20175554603338], [76.88420008867979, 43.20175152271986], [76.88420947641134, 43.201746828854084], [76.88421282917261, 43.20174280554056], [76.88421484082937, 43.20174280554056], [76.88421752303839, 43.20174012333155], [76.88422556966543, 43.201738111674786], [76.88422825187445, 43.20173542946577], [76.88423294574022, 43.20173341780901], [76.88423294574022, 43.2017320767045], [76.88424032181501, 43.20172470062971], [76.88424233347178, 43.20172067731619], [76.88424300402403, 43.20170525461435], [76.88424099236727, 43.20170123130083], [76.88423562794924, 43.201698549091816], [76.88423428684473, 43.201696537435055], [76.88422624021769, 43.20169385522604], [76.88422221690416, 43.20169050246477], [76.88421081751585, 43.20168849080801], [76.88420478254557, 43.20168446749449], [76.88420478254557, 43.20168111473322], [76.8841940537095, 43.20167776197195], [76.8842114880681, 43.20167642086744], [76.88428457826376, 43.20167642086744], [76.88428524881601, 43.201678432524204], [76.88428658992052, 43.20167642086744], [76.8843000009656, 43.20167642086744], [76.88430938869715, 43.20167776197195], [76.8843100592494, 43.20167910307646], [76.88430603593588, 43.20167977362871], [76.88430603593588, 43.20168178528547], [76.8843087181449, 43.20168245583773], [76.8843100592494, 43.20168647915125], [76.88430804759264, 43.20169519633055], [76.88430536538363, 43.201698549091816], [76.88430536538363, 43.201701901853085], [76.88430335372686, 43.20170592516661], [76.88430335372686, 43.20171196013689], [76.88430804759264, 43.20172134786844], [76.8843087181449, 43.201732747256756], [76.88431072980165, 43.20173677057028], [76.88431072980165, 43.201748840510845], [76.88431207090616, 43.201752193272114], [76.88431341201067, 43.201752193272114], [76.88431408256292, 43.201754204928875], [76.88431609421968, 43.20175554603338], [76.8843201175332, 43.20176359266043], [76.88432145863771, 43.20176359266043], [76.88432414084673, 43.201766945421696], [76.88432816416025, 43.20176895707846], [76.88432816416025, 43.201770298182964], [76.88432950526476, 43.201770298182964], [76.88433151692152, 43.20177298039198], [76.88433352857828, 43.20177901536226], [76.8843362107873, 43.20178236812353], [76.8843362107873, 43.20179644972086], [76.88433352857828, 43.201801143586636], [76.88432950526476, 43.20180516690016], [76.88432816416025, 43.20180516690016], [76.88432816416025, 43.201806508004665], [76.88432682305574, 43.201806508004665], [76.88432548195124, 43.20180851966143], [76.8843187764287, 43.201811872422695], [76.88431810587645, 43.2018132135272], [76.88430938869715, 43.201817236840725], [76.88430670648813, 43.201817236840725], [76.88430402427912, 43.201819248497486], [76.88429798930883, 43.201820589601994], [76.88429396599531, 43.20182327181101], [76.88428658992052, 43.20182394236326], [76.88428591936827, 43.201846070587635], [76.884282566607, 43.20184674113989], [76.8842839077115, 43.201848082244396], [76.88427787274122, 43.201848082244396], [76.88427787274122, 43.20185009390116], [76.88427586108446, 43.20185076445341], [76.88427451997995, 43.20185411721468], [76.88426915556192, 43.2018581405282], [76.88426915556192, 43.20185948163271], [76.8842651322484, 43.20186283439398], [76.8842651322484, 43.201864175498486], [76.88426245003939, 43.20186618715525], [76.88426245003939, 43.201867528259754], [76.88425976783037, 43.201869539916515], [76.88425909727812, 43.20187155157328], [76.88425306230783, 43.201874904334545], [76.88424970954657, 43.201874904334545], [76.88424501568079, 43.201876915991306], [76.88422489911318, 43.20187758654356]]]}, "properties": {"id": 276, "class": "road", "confidence": 100.0, "source": "Almaty_7", "source_model": "unet-roads", "centroid_wkt": "POINT (76.88426162903315 43.201774701019616)", "bbox": [76.88418198376894, 43.20167642086744, 76.8843362107873, 43.20187758654356], "pixel_bbox": [7525, 2772, 7755, 3072], "area_m2": 163.21}}, {"type": "Feature", "geometry": {"type": "Polygon", "coordinates": [[[76.88319627195597, 43.20170123130083], [76.88319023698568, 43.20169989019632], [76.88317615538836, 43.20169921964407], [76.88316140323877, 43.201693184673786], [76.883156709373, 43.201687820255756], [76.883156709373, 43.20168647915125], [76.88315469771624, 43.20168513804674], [76.88315067440271, 43.20167776197195], [76.88315335661173, 43.20167642086744], [76.88317749649286, 43.20167575031519], [76.88317749649286, 43.20167373865843], [76.88317615538836, 43.20167239755392], [76.88317682594061, 43.2016683742404], [76.88317883759737, 43.20166703313589], [76.88318017870188, 43.20166300982237], [76.88318219035864, 43.201662339270115], [76.88318353146315, 43.201660327613354], [76.88318621367216, 43.20166099816561], [76.88318621367216, 43.201662339270115], [76.88318755477667, 43.20166300982237], [76.88319023698568, 43.20167172700167], [76.88318889588118, 43.20167575031519], [76.88319157809019, 43.20167642086744], [76.88325595110655, 43.20167642086744], [76.88325595110655, 43.20169385522604], [76.88324857503176, 43.20169519633055], [76.88321437686682, 43.20169720798731], [76.8832029774785, 43.20170056074858], [76.88319627195597, 43.20170123130083]]]}, "properties": {"id": 277, "class": "road", "confidence": 100.0, "source": "Almaty_7", "source_model": "unet-roads", "centroid_wkt": "POINT (76.88320360840662 43.20168524260308)", "bbox": [76.88315067440271, 43.201660327613354, 76.88325595110655, 43.20170123130083], "pixel_bbox": [5987, 3035, 6144, 3096], "area_m2": 20.474}}, {"type": "Feature", "geometry": {"type": "Polygon", "coordinates": [[[76.87969598919153, 43.20167642086744], [76.87969397753477, 43.20167239755392], [76.87969397753477, 43.201662339270115], [76.87969733029604, 43.20164892822504], [76.87970403581858, 43.20163954049349], [76.87970671802759, 43.201638869941235], [76.87970738857985, 43.20163752883673], [76.87971141189337, 43.201635517179966], [76.87972147017717, 43.20163283497095], [76.87974158674479, 43.20163283497095], [76.87974493950605, 43.20163417607546], [76.87975097447634, 43.20163417607546], [76.87975633889437, 43.201635517179966], [76.87975835055113, 43.20163752883673], [76.8797630444169, 43.20163819938898], [76.87976840883493, 43.20164356380701], [76.87976907938719, 43.201654963195324], [76.87976840883493, 43.20165764540434], [76.87976639717817, 43.201658986508846], [76.87976639717817, 43.20166099816561], [76.87976237386465, 43.20166502147913], [76.87976103276014, 43.20166502147913], [76.87976103276014, 43.20166636258364], [76.87975767999887, 43.20166703313589], [76.87975097447634, 43.201673068106174], [76.87974561005831, 43.201675079762936], [76.87974493950605, 43.20167642086744], [76.87969598919153, 43.20167642086744]]]}, "properties": {"id": 278, "class": "road", "confidence": 100.0, "source": "Almaty_7", "source_model": "unet-roads", "centroid_wkt": "POINT (76.87973078525826 43.20165484603482)", "bbox": [76.87969397753477, 43.20163283497095, 76.87976907938719, 43.20167642086744], "pixel_bbox": [832, 3072, 944, 3137], "area_m2": 24.863}}, {"type": "Feature", "geometry": {"type": "Polygon", "coordinates": [[[76.88568536192179, 43.20166636258364], [76.8856692686677, 43.201664350926876], [76.88566725701094, 43.20166300982237], [76.8856618925929, 43.20166368037462], [76.88566122204065, 43.20166502147913], [76.88565988093615, 43.20166368037462], [76.88565921038389, 43.201572485268116], [76.8856605514884, 43.20157181471586], [76.88567463308573, 43.20157315582037], [76.88568267971277, 43.201572485268116], [76.88570614904165, 43.20157919079065], [76.88573632389307, 43.20159327238798], [76.8857416883111, 43.201597295701504], [76.88574235886335, 43.20159997791052], [76.88574705272913, 43.201604671776295], [76.88574705272913, 43.20160735398531], [76.8857416883111, 43.20160802453756], [76.88573833554983, 43.201610036194324], [76.88571218401194, 43.20161070674658], [76.88569407910109, 43.201615400612354], [76.88569273799658, 43.201617412269115], [76.88569273799658, 43.20162210613489], [76.88569609075785, 43.20162680000067], [76.88571151345968, 43.201633505523205], [76.88571620732546, 43.20163752883673], [76.88571888953447, 43.20163819938898], [76.88571956008673, 43.20164021104574], [76.88572224229574, 43.2016422227025], [76.88572358340025, 43.201646246016026], [76.885722912848, 43.20165563374758], [76.88571687787771, 43.201660327613354], [76.88571352511644, 43.20166099816561], [76.88571285456419, 43.201662339270115], [76.88570749014616, 43.201664350926876], [76.88568536192179, 43.20166636258364]]]}, "properties": {"id": 279, "class": "road", "confidence": 100.0, "source": "Almaty_7", "source_model": "unet-roads", "centroid_wkt": "POINT (76.8856910565218 43.201618076212235)", "bbox": [76.88565921038389, 43.20157181471586, 76.88574705272913, 43.20166636258364], "pixel_bbox": [9728, 3087, 9859, 3228], "area_m2": 47.919}}, {"type": "Feature", "geometry": {"type": "Polygon", "coordinates": [[[76.88027400523424, 43.201581202447414], [76.88026998192072, 43.20157717913389], [76.88026931136847, 43.20157449692488], [76.88027065247297, 43.20156913250685], [76.88027668744326, 43.20156376808882], [76.88028071075678, 43.201563097536564], [76.88028205186129, 43.201561756432056], [76.88028942793608, 43.201561756432056], [76.88029278069735, 43.201563097536564], [76.88029948621988, 43.201561756432056], [76.8803035095334, 43.201563097536564], [76.88030418008566, 43.20156779140234], [76.8803021684289, 43.2015698030591], [76.8803021684289, 43.20157114416361], [76.88030082732439, 43.20157114416361], [76.88029948621988, 43.20157315582037], [76.88029747456312, 43.20157315582037], [76.88029278069735, 43.201577849686146], [76.88028808683157, 43.20157986134291], [76.8802833929658, 43.20157986134291], [76.88028205186129, 43.201581202447414], [76.88027400523424, 43.201581202447414]]]}, "properties": {"id": 280, "class": "road", "confidence": 100.0, "source": "Almaty_7", "source_model": "unet-roads", "centroid_wkt": "POINT (76.88028606284773 43.20157053769178)", "bbox": [76.88026931136847, 43.201561756432056, 76.88030418008566, 43.201581202447414], "pixel_bbox": [1690, 3214, 1742, 3243], "area_m2": 4.454}}, {"type": "Feature", "geometry": {"type": "Polygon", "coordinates": [[[76.88561696559191, 43.20156041532755], [76.88561428338289, 43.20155840367079], [76.88560623675585, 43.201557733118534], [76.88560489565134, 43.20155639201403], [76.88560288399458, 43.20155169814825], [76.88560288399458, 43.201549015939236], [76.88560489565134, 43.20154499262571], [76.88560757786036, 43.20154499262571], [76.88560958951712, 43.20154298096895], [76.88561361283064, 43.20154298096895], [76.8856156244874, 43.20154432207346], [76.88561629503965, 43.20154633373022], [76.88561897724867, 43.20154633373022], [76.88562233000994, 43.20154834538698], [76.88562367111444, 43.20155303925276], [76.88562635332346, 43.20155572146177], [76.88562635332346, 43.20155706256628], [76.8856243416667, 43.20155639201403], [76.88562165945768, 43.201559744775295], [76.88561696559191, 43.20156041532755]]]}, "properties": {"id": 281, "class": "road", "confidence": 100.0, "source": "Almaty_7", "source_model": "unet-roads", "centroid_wkt": "POINT (76.88561400297013 43.201551573643506)", "bbox": [76.88560288399458, 43.20154298096895, 76.88562635332346, 43.20156041532755], "pixel_bbox": [9644, 3245, 9679, 3271], "area_m2": 2.456}}, {"type": "Feature", "geometry": {"type": "Polygon", "coordinates": [[[76.88592743128538, 43.20154566317797], [76.88591871410608, 43.201543651521206], [76.88591670244932, 43.201541639864445], [76.88591469079256, 43.201541639864445], [76.88590664416552, 43.20153761655092], [76.88590597361326, 43.201536275446415], [76.88590195029974, 43.20153560489416], [76.88589993864298, 43.2015335932374], [76.88589658588171, 43.201532922685146], [76.8858952447772, 43.20153158158064], [76.88588988035917, 43.201530911028385], [76.88588786870241, 43.20152956992388], [76.88587982207537, 43.201528899371624], [76.8858764693141, 43.20152688771486], [76.88586305826902, 43.20152621716261], [76.88585836440325, 43.20152822881937], [76.88584562391043, 43.20152822881937], [76.88584227114916, 43.20152755826712], [76.8858402594924, 43.201525546610355], [76.88583556562662, 43.2015248760581], [76.88583221286535, 43.20153024047613], [76.8858315423131, 43.201505430042744], [76.88594151288271, 43.20150475949049], [76.88594955950975, 43.201506100595], [76.88594821840525, 43.20151012390852], [76.88595090061426, 43.20151146501303], [76.88595090061426, 43.201512806117535], [76.88595224171877, 43.20151347666979], [76.88595224171877, 43.2015161588788], [76.88595358282328, 43.20151682943106], [76.88595358282328, 43.201525546610355], [76.88595023006201, 43.20153560489416], [76.88594553619623, 43.20154096931219], [76.88594285398722, 43.201541639864445], [76.88594084233046, 43.201543651521206], [76.88593614846468, 43.20154432207346], [76.88593413680792, 43.20154566317797], [76.88592743128538, 43.20154566317797]]]}, "properties": {"id": 282, "class": "road", "confidence": 100.0, "source": "Almaty_7", "source_model": "unet-roads", "centroid_wkt": "POINT (76.88589987620645 43.20152014178966)", "bbox": [76.8858315423131, 43.20150475949049, 76.88595358282328, 43.20154566317797], "pixel_bbox": [9985, 3267, 10167, 3328], "area_m2": 31.259}}, {"type": "Feature", "geometry": {"type": "Polygon", "coordinates": [[[76.88205365091562, 43.20150475949049], [76.88196647912264, 43.201504088938236], [76.88196647912264, 43.20150073617697], [76.88196379691362, 43.20150073617697], [76.88196245580912, 43.20149939507246], [76.88196446746588, 43.20149336010218], [76.88196782022715, 43.20149201899767], [76.88197050243616, 43.2014886662364], [76.88197452574968, 43.20148732513189], [76.88197519630194, 43.201485984027386], [76.88197921961546, 43.20148464292288], [76.88197989016771, 43.20148330181837], [76.88198659569025, 43.2014799490571], [76.8819946423173, 43.20147726684809], [76.88199531286955, 43.20147592574358], [76.88200201839209, 43.20147458463907], [76.88200537115335, 43.20147257298231], [76.88202079385519, 43.201467879116535], [76.88202146440744, 43.20146653801203], [76.88202414661646, 43.201465867459774], [76.88202481716871, 43.20146452635527], [76.88202749937773, 43.20146385580301], [76.88203018158674, 43.201461173594], [76.88203554600477, 43.20145916193724], [76.88203889876604, 43.20145647972822], [76.88204761594534, 43.20145446807146], [76.88205230981112, 43.201455138623714], [76.88205365091562, 43.20145446807146], [76.88205365091562, 43.20145312696695], [76.88205432146788, 43.20145849138498], [76.88205566257238, 43.20145983248949], [76.8820583447814, 43.20145916193724], [76.88206370919943, 43.201460503041744], [76.88207108527422, 43.201460503041744], [76.88208181411028, 43.20146385580301], [76.88208315521479, 43.201465867459774], [76.88208717852831, 43.20146720856428], [76.88208851963282, 43.20146922022104], [76.88209120184183, 43.201469890773296], [76.88209254294634, 43.20147190243006], [76.88209589570761, 43.201473243534565], [76.88210193067789, 43.20148196071386], [76.88210260123014, 43.20148799568415], [76.88210126012564, 43.20149268954992], [76.88209656625986, 43.2014973834157], [76.88209053128958, 43.201500065624714], [76.88207846134901, 43.20149805396795], [76.88207309693098, 43.20149537175894], [76.88207242637873, 43.20149403065443], [76.88206572085619, 43.201491348445415], [76.88206437975168, 43.201489336788654], [76.88206303864717, 43.201489336788654], [76.88206236809492, 43.20148799568415], [76.8820596858859, 43.20148732513189], [76.88205767422915, 43.20148464292288], [76.88205432146788, 43.20148330181837], [76.88205365091562, 43.20150475949049]]]}, "properties": {"id": 283, "class": "road", "confidence": 100.0, "source": "Almaty_7", "source_model": "unet-roads", "centroid_wkt": "POINT (76.88203739653234 43.201483541157884)", "bbox": [76.88196245580912, 43.20145312696695, 76.88210260123014, 43.20150475949049], "pixel_bbox": [4215, 3328, 4424, 3405], "area_m2": 39.316}}, {"type": "Feature", "geometry": {"type": "Polygon", "coordinates": [[[76.88411425799131, 43.20150475949049], [76.88411425799131, 43.20142228156328], [76.88411559909582, 43.20141825824976], [76.88411761075258, 43.20141959935427], [76.8841202929616, 43.20141959935427], [76.88412498682737, 43.20141825824976], [76.88415247946978, 43.20141691714525], [76.88416454941034, 43.20141892880201], [76.88416991382837, 43.20142228156328], [76.8841752782464, 43.201422952115536], [76.88417728990316, 43.20142429322004], [76.88419539481401, 43.2014249637723], [76.88419807702303, 43.201426304876804], [76.88420545309782, 43.20142697542906], [76.88421081751585, 43.20142965763807], [76.88422288745642, 43.201431669294834], [76.88422355800867, 43.20143301039934], [76.88422489911318, 43.20143301039934], [76.88422489911318, 43.20143435150385], [76.88422624021769, 43.20143435150385], [76.88422624021769, 43.20143569260836], [76.88423294574022, 43.20143837481737], [76.88423361629248, 43.20143971592188], [76.88423562794924, 43.20143971592188], [76.88423696905375, 43.201442398130894], [76.88423831015825, 43.201442398130894], [76.8842389807105, 43.20144843310118], [76.88423629850149, 43.20145312696695], [76.88423428684473, 43.20146720856428], [76.88423629850149, 43.201475255191326], [76.88424032181501, 43.20147726684809], [76.88424166291952, 43.2014799490571], [76.8842463567853, 43.20148263126612], [76.88425708562136, 43.20148196071386], [76.88426110893488, 43.201480619609356], [76.88426312059164, 43.20147793740034], [76.88426446169615, 43.20147793740034], [76.88426781445742, 43.20147190243006], [76.88426848500967, 43.20146854966879], [76.88426714390516, 43.20145782083273], [76.88426848500967, 43.20144843310118], [76.88427049666643, 43.201446421444416], [76.8842738494277, 43.201446421444416], [76.88427653163671, 43.2014437392354], [76.88428122550249, 43.2014437392354], [76.884282566607, 43.20143971592188], [76.8842839077115, 43.20143971592188], [76.8842839077115, 43.20143837481737], [76.88428524881601, 43.20143837481737], [76.88428591936827, 43.201437033712864], [76.88428524881601, 43.20150475949049], [76.88411425799131, 43.20150475949049]]]}, "properties": {"id": 284, "class": "road", "confidence": 100.0, "source": "Almaty_7", "source_model": "unet-roads", "centroid_wkt": "POINT (76.88418794792459 43.20146649611269)", "bbox": [76.88411425799131, 43.20141691714525, 76.88428591936827, 43.20150475949049], "pixel_bbox": [7424, 3328, 7680, 3459], "area_m2": 105.919}}, {"type": "Feature", "geometry": {"type": "Polygon", "coordinates": [[[76.88565585762262, 43.20145580917597], [76.88565585762262, 43.20142965763807], [76.88565719872713, 43.201428316533566], [76.88565719872713, 43.201422952115536], [76.88565585762262, 43.20142362266779], [76.88565518707037, 43.201417587697506], [76.88564915210009, 43.20141825824976], [76.88564378768206, 43.20141289383173], [76.88564378768206, 43.20141155272722], [76.88564043492079, 43.2014075294137], [76.88563976436853, 43.20139814168215], [76.88564110547304, 43.20139344781637], [76.88564579933882, 43.20138808339834], [76.88565250486135, 43.20138473063707], [76.88565786927938, 43.20138473063707], [76.88565921038389, 43.20138271898031], [76.88565921038389, 43.20145580917597], [76.88565585762262, 43.20145580917597]]]}, "properties": {"id": 285, "class": "road", "confidence": 100.0, "source": "Almaty_7", "source_model": "unet-roads", "centroid_wkt": "POINT (76.88565235648157 43.20140767172788)", "bbox": [76.88563976436853, 43.20138271898031, 76.88565921038389, 43.20145580917597], "pixel_bbox": [9699, 3401, 9728, 3510], "area_m2": 5.984}}, {"type": "Feature", "geometry": {"type": "Polygon", "coordinates": [[[76.88613329082727, 43.20150475949049], [76.88612725585699, 43.20150341838598], [76.8861285969615, 43.201502077281475], [76.88612658530474, 43.201500065624714], [76.88612591475248, 43.2014973834157], [76.88612591475248, 43.2014799490571], [76.88612725585699, 43.20147726684809], [76.88612658530474, 43.20146318525076], [76.88612792640924, 43.20146184414625], [76.88612792640924, 43.20145312696695], [76.88612658530474, 43.201451785862446], [76.88612591475248, 43.20144508033991], [76.88612524420023, 43.20141892880201], [76.88612792640924, 43.20140417665243], [76.88613396137953, 43.20138808339834], [76.88613597303629, 43.201386742293835], [76.88613664358854, 43.20138406008482], [76.88613932579756, 43.20138204842806], [76.88614200800657, 43.20137735456228], [76.88615340739489, 43.20136595517397], [76.88615340739489, 43.20136461406946], [76.8861547484994, 43.20136461406946], [76.88615944236517, 43.201359920203686], [76.88616413623095, 43.201359920203686], [76.8861661478877, 43.20136193186045], [76.88616748899221, 43.20136193186045], [76.88616815954447, 43.20136595517397], [76.88617017120123, 43.20136595517397], [76.88617419451475, 43.20136126130819], [76.88617419451475, 43.20150475949049], [76.88613329082727, 43.20150475949049]]]}, "properties": {"id": 286, "class": "road", "confidence": 100.0, "source": "Almaty_7", "source_model": "unet-roads", "centroid_wkt": "POINT (76.88615190720282 43.2014381113976)", "bbox": [76.88612524420023, 43.201359920203686, 76.88617419451475, 43.20150475949049], "pixel_bbox": [10423, 3328, 10496, 3544], "area_m2": 56.514}}, {"type": "Feature", "geometry": {"type": "Polygon", "coordinates": [[[76.87980595976114, 43.2015785202384], [76.87980327755213, 43.201575838029385], [76.87980126589537, 43.201575838029385], [76.87979724258184, 43.201570473611355], [76.87979523092508, 43.20155303925276], [76.87979254871607, 43.20154633373022], [76.87979254871607, 43.201541639864445], [76.8797905370593, 43.20153895765543], [76.87978249043226, 43.20153493434191], [76.8797717615962, 43.20153560489416], [76.87976036220789, 43.20153895765543], [76.87975566834211, 43.20154432207346], [76.8797543272376, 43.20154432207346], [76.87975365668535, 43.20154633373022], [76.87975164502859, 43.201547004282475], [76.87975097447634, 43.201549015939236], [76.87974963337183, 43.201549015939236], [76.87974695116282, 43.20155370980501], [76.87974024564028, 43.20155907422304], [76.87973622232676, 43.20156041532755], [76.87972884625196, 43.20156041532755], [76.87972079962492, 43.20155706256628], [76.87971409410238, 43.201549015939236], [76.87971409410238, 43.201547004282475], [76.87971074134111, 43.201541639864445], [76.87971007078886, 43.20153761655092], [76.87970872968435, 43.20153694599867], [76.87970403581858, 43.20152621716261], [76.87970202416182, 43.20152420550585], [76.87970202416182, 43.20152219384909], [76.87970001250505, 43.20151884108782], [76.87970068305731, 43.20150878280401], [76.8796993419528, 43.201506100595], [76.87970202416182, 43.20150475949049], [76.87982071191072, 43.20150475949049], [76.87982071191072, 43.20150341838598], [76.87981870025396, 43.201502077281475], [76.87981870025396, 43.201494701206684], [76.87981735914946, 43.201491348445415], [76.87981735914946, 43.20148732513189], [76.8798153474927, 43.20148330181837], [76.8798153474927, 43.2014799490571], [76.87981400638819, 43.20147927850485], [76.87981132417917, 43.201473243534565], [76.87980864197016, 43.20147190243006], [76.87980730086565, 43.20146922022104], [76.87980193644762, 43.20146653801203], [76.87978584319353, 43.20146385580301], [76.87977578490973, 43.20146452635527], [76.87976974993944, 43.20146184414625], [76.87976706773043, 43.201457150280476], [76.8797630444169, 43.20145312696695], [76.87976036220789, 43.201446421444416], [76.87975969165564, 43.20144172757864], [76.87976103276014, 43.20142764598131], [76.87976371496916, 43.20141825824976], [76.87976572662592, 43.20141423493624], [76.87976706773043, 43.201413564383984], [76.8797704204917, 43.201406858861446], [76.87977109104395, 43.201402835547924], [76.87977310270071, 43.20140082389116], [76.87977444380522, 43.20139613002539], [76.87977645546198, 43.20139344781637], [76.87977846711874, 43.201383389532566], [76.87977980822325, 43.201381377875805], [76.87977980822325, 43.201378025114536], [76.87978517264128, 43.20136796683073], [76.87978785485029, 43.20136662572622], [76.8797905370593, 43.201363272964954], [76.87979590147734, 43.20136059075594], [76.87980327755213, 43.20136059075594], [76.8798079714179, 43.20135857909918], [76.87981937080622, 43.201357908546925], [76.87982138246298, 43.20136059075594], [76.87982272356749, 43.20135924965143], [76.87982339411974, 43.20136394351721], [76.87982473522425, 43.201365284621716], [76.87982674688101, 43.201365284621716], [76.87982741743326, 43.20136662572622], [76.87983278185129, 43.20136930793524], [76.87983680516481, 43.20137467235327], [76.87983747571707, 43.20138070732355], [76.8798354640603, 43.201388753950596], [76.8798341229558, 43.20138942450285], [76.87983278185129, 43.20139344781637], [76.87983278185129, 43.20140015333891], [76.87983814626932, 43.20141088217497], [76.87984351068735, 43.201415576040745], [76.87984954565763, 43.20141691714525], [76.8798602744937, 43.20141423493624], [76.87986429780722, 43.20141423493624], [76.87986630946398, 43.20141289383173], [76.87987100332975, 43.20141289383173], [76.87988240271807, 43.201417587697506], [76.87988374382257, 43.20141959935427], [76.8798877671361, 43.201420940458775], [76.8798877671361, 43.20142228156328], [76.87989044934511, 43.20142362266779], [76.87989179044962, 43.20142697542906], [76.87989380210638, 43.20142764598131], [76.87989447265863, 43.20143032819033], [76.87989581376314, 43.20143032819033], [76.8798978254199, 43.201439045369625], [76.8798978254199, 43.201444409787655], [76.87989581376314, 43.20144776254892], [76.87989581376314, 43.201449774205685], [76.87989447265863, 43.20145044475794], [76.87989447265863, 43.2014524564147], [76.87989179044962, 43.201455138623714], [76.87989111989737, 43.20145782083273], [76.8798891082406, 43.20145916193724], [76.8798877671361, 43.201465867459774], [76.87988642603159, 43.201467879116535], [76.87988642603159, 43.20147391408682], [76.87988508492708, 43.20147592574358], [76.87988642603159, 43.201480619609356], [76.87988642603159, 43.20149872452021], [76.87988441437483, 43.201502077281475], [76.87988508492708, 43.20150475949049], [76.87987167388201, 43.201505430042744], [76.87987234443426, 43.201509453356266], [76.87986765056849, 43.20151884108782], [76.87986698001623, 43.201523534953594], [76.87986429780722, 43.201528899371624], [76.87986094504595, 43.20153158158064], [76.87985893338919, 43.20153694599867], [76.87985759228468, 43.20153761655092], [76.87985491007566, 43.20154298096895], [76.87985356897116, 43.20154298096895], [76.87985021620989, 43.201549015939236], [76.87984619289637, 43.201552368700504], [76.87984552234411, 43.20155505090952], [76.8798428401351, 43.20155706256628], [76.87984015792608, 43.201557733118534], [76.87983948737383, 43.20155907422304], [76.87983278185129, 43.20156041532755], [76.87983211129904, 43.201561756432056], [76.87982875853777, 43.201561756432056], [76.87982339411974, 43.20156376808882], [76.87982272356749, 43.20157650858164], [76.87981735914946, 43.201577849686146], [76.87980595976114, 43.2015785202384]]]}, "properties": {"id": 287, "class": "road", "confidence": 100.0, "source": "Almaty_7", "source_model": "unet-roads", "centroid_wkt": "POINT (76.87981219252931 43.20147326070323)", "bbox": [76.8796993419528, 43.201357908546925, 76.8798978254199, 43.2015785202384], "pixel_bbox": [840, 3218, 1136, 3547], "area_m2": 183.013}}, {"type": "Feature", "geometry": {"type": "Polygon", "coordinates": [[[76.88139785081148, 43.20136930793524], [76.88139248639345, 43.201365284621716], [76.88137773424387, 43.20136595517397], [76.88137572258711, 43.20136461406946], [76.88137169927359, 43.20136461406946], [76.88136901706457, 43.20136729627848], [76.88136767596006, 43.201350532472134], [76.88136767596006, 43.20133309811354], [76.88143271952868, 43.20133309811354], [76.8814380839467, 43.201334439218044], [76.8814380839467, 43.20133578032255], [76.8814367428422, 43.20133578032255], [76.88143540173769, 43.20133779197931], [76.88143607228994, 43.201343826949596], [76.88143406063318, 43.20134852081537], [76.88142467290163, 43.20135857909918], [76.88142333179712, 43.20135857909918], [76.88142199069262, 43.20136059075594], [76.88142064958811, 43.20136059075594], [76.88141997903585, 43.20136193186045], [76.88141863793135, 43.20136193186045], [76.88141327351332, 43.20136595517397], [76.8814092501998, 43.20136595517397], [76.88140388578176, 43.20136930793524], [76.88139785081148, 43.20136930793524]]]}, "properties": {"id": 288, "class": "road", "confidence": 100.0, "source": "Almaty_7", "source_model": "unet-roads", "centroid_wkt": "POINT (76.88139983155419 43.20134837706988)", "bbox": [76.88136767596006, 43.20133309811354, 76.8814380839467, 43.20136930793524], "pixel_bbox": [3328, 3530, 3433, 3584], "area_m2": 18.611}}, {"type": "Feature", "geometry": {"type": "Polygon", "coordinates": [[[76.88331160694361, 43.201349191367626], [76.88330423086882, 43.20134785026312], [76.88330221921206, 43.20134583860636], [76.88329819589853, 43.20134449750185], [76.88329819589853, 43.20134315639734], [76.88329685479403, 43.20134315639734], [76.88329417258501, 43.20134047418833], [76.88329417258501, 43.20133712142706], [76.8832928314805, 43.20133712142706], [76.88329081982374, 43.201334439218044], [76.88329953700304, 43.20133309811354], [76.8833900615573, 43.201334439218044], [76.8833826854825, 43.20133712142706], [76.8833826854825, 43.20134114474058], [76.88338000327349, 43.201343826949596], [76.88338000327349, 43.201345168054104], [76.88337329775095, 43.20134449750185], [76.88337195664644, 43.20134583860636], [76.88335921615362, 43.20134583860636], [76.8833565339446, 43.201347179710865], [76.88334982842207, 43.20134785026312], [76.88331160694361, 43.201349191367626]], [[76.88336323946714, 43.20133779197931], [76.8833639100194, 43.20133846253157], [76.8833639100194, 43.20133779197931], [76.88336323946714, 43.20133779197931]], [[76.88336458057165, 43.20133846253157], [76.88336592167616, 43.20133846253157], [76.88336592167616, 43.20133712142706], [76.8833652511239, 43.20133712142706], [76.88336458057165, 43.20133846253157]]]}, "properties": {"id": 289, "class": "road", "confidence": 100.0, "source": "Almaty_7", "source_model": "unet-roads", "centroid_wkt": "POINT (76.88333707117597 43.20134008553742)", "bbox": [76.88329081982374, 43.20133309811354, 76.8833900615573, 43.201349191367626], "pixel_bbox": [6196, 3560, 6344, 3584], "area_m2": 10.779}}, {"type": "Feature", "geometry": {"type": "Polygon", "coordinates": [[[76.88410352915525, 43.20135723799467], [76.88408676534891, 43.20135656744242], [76.88407603651285, 43.20135321468115], [76.88406731933355, 43.201352544128895], [76.88406530767679, 43.20135120302439], [76.88406262546778, 43.20135120302439], [76.88405860215425, 43.20134852081537], [76.88405591994524, 43.20134852081537], [76.88405189663172, 43.20134650915861], [76.88404854387045, 43.20134315639734], [76.88404720276594, 43.201336450874805], [76.88404452055693, 43.20133578032255], [76.88404385000467, 43.201334439218044], [76.88405189663172, 43.20133309811354], [76.88411425799131, 43.20133309811354], [76.88411425799131, 43.2013538852334], [76.88411090523005, 43.20135589689016], [76.88410352915525, 43.20135723799467]]]}, "properties": {"id": 290, "class": "road", "confidence": 100.0, "source": "Almaty_7", "source_model": "unet-roads", "centroid_wkt": "POINT (76.88408433169008 43.20134323590229)", "bbox": [76.88404385000467, 43.20133309811354, 76.88411425799131, 43.20135723799467], "pixel_bbox": [7319, 3548, 7424, 3584], "area_m2": 12.253}}, {"type": "Feature", "geometry": {"type": "Polygon", "coordinates": [[[76.88180085271597, 43.20137534290552], [76.8817887827754, 43.20136930793524], [76.8817887827754, 43.20136796683073], [76.88178274780512, 43.20136193186045], [76.8817787244916, 43.201354555785656], [76.8817787244916, 43.201349191367626], [76.8817800655961, 43.20134583860636], [76.88178408890963, 43.201341815292835], [76.88178475946188, 43.20133913308382], [76.88178677111864, 43.20133712142706], [76.88178811222315, 43.20133712142706], [76.88179146498442, 43.20133309811354], [76.88188266009092, 43.20133309811354], [76.88188266009092, 43.20135589689016], [76.88187930732965, 43.201354555785656], [76.88186656683683, 43.20135857909918], [76.88185382634401, 43.20135857909918], [76.88184779137373, 43.20136059075594], [76.8818337097764, 43.20136193186045], [76.88182968646288, 43.20136394351721], [76.88182633370161, 43.20136729627848], [76.88182432204485, 43.20136729627848], [76.88182231038809, 43.20136930793524], [76.88181828707457, 43.201370649039745], [76.88181761652231, 43.20137199014425], [76.88180956989527, 43.20137467235327], [76.88180085271597, 43.20137534290552]]]}, "properties": {"id": 291, "class": "road", "confidence": 100.0, "source": "Almaty_7", "source_model": "unet-roads", "centroid_wkt": "POINT (76.8818275437458 43.20134944919902)", "bbox": [76.8817787244916, 43.20133309811354, 76.88188266009092, 43.20137534290552], "pixel_bbox": [3941, 3521, 4096, 3584], "area_m2": 28.562}}, {"type": "Feature", "geometry": {"type": "Polygon", "coordinates": [[[76.88603203743696, 43.20131029933691], [76.88602667301893, 43.20130828768015], [76.88602533191442, 43.20130627602339], [76.88601795583963, 43.201302252709866], [76.88601862639189, 43.201300241053104], [76.8860199674964, 43.201300241053104], [76.8860213086009, 43.20129822939634], [76.88602332025766, 43.20129822939634], [76.88602332025766, 43.201296888291836], [76.8860213086009, 43.201294876635075], [76.88602533191442, 43.20129286497831], [76.88602667301893, 43.201289512217045], [76.88603404909372, 43.201289512217045], [76.88603740185499, 43.201291523873806], [76.88604276627302, 43.20129219442606], [76.88604276627302, 43.20129353553057], [76.88604410737753, 43.20129353553057], [76.88604544848204, 43.20129554718733], [76.88604947179556, 43.20129755884409], [76.88604947179556, 43.2012988999486], [76.88605148345232, 43.20130091160536], [76.88605282455683, 43.20130091160536], [76.88605282455683, 43.20130359381437], [76.88605081290007, 43.20130426436663], [76.88604813069105, 43.201307617127895], [76.88604477792978, 43.20130828768015], [76.88604410737753, 43.20130962878466], [76.88603203743696, 43.20131029933691]]]}, "properties": {"id": 292, "class": "road", "confidence": 100.0, "source": "Almaty_7", "source_model": "unet-roads", "centroid_wkt": "POINT (76.88603569017114 43.20130010631597)", "bbox": [76.88601795583963, 43.201289512217045, 76.88605282455683, 43.20131029933691], "pixel_bbox": [10263, 3618, 10315, 3649], "area_m2": 4.344}}, {"type": "Feature", "geometry": {"type": "Polygon", "coordinates": [[[76.88259948045015, 43.201228491961956], [76.88259813934565, 43.20122715085745], [76.88259813934565, 43.20121239870787], [76.8826001510024, 43.20121306926012], [76.88260149210691, 43.20121441036463], [76.88260082155466, 43.20121642202139], [76.88260685652494, 43.201221115887165], [76.88260618597269, 43.201226480305195], [76.88260350376368, 43.201228491961956], [76.88259948045015, 43.201228491961956]]]}, "properties": {"id": 293, "class": "road", "confidence": 100.0, "source": "Almaty_7", "source_model": "unet-roads", "centroid_wkt": "POINT (76.88260198134991 43.201221618934085)", "bbox": [76.88259813934565, 43.20121239870787, 76.88260685652494, 43.201228491961956], "pixel_bbox": [5163, 3740, 5176, 3764], "area_m2": 0.855}}, {"type": "Feature", "geometry": {"type": "Polygon", "coordinates": [[[76.88149709254503, 43.20132773369551], [76.88148971647024, 43.201326392591], [76.88147496432066, 43.20132102817297], [76.88146624714136, 43.20131968706846], [76.88146222382784, 43.2013176754117], [76.88145820051432, 43.2013176754117], [76.88145484775305, 43.201316334307194], [76.88144948333502, 43.201316334307194], [76.88144210726023, 43.201318345963955], [76.88143271952868, 43.201318345963955], [76.88142668455839, 43.201314993202686], [76.88142333179712, 43.20130828768015], [76.88142199069262, 43.20130292326212], [76.88142199069262, 43.20129420608282], [76.88142400234938, 43.20128347724676], [76.88142601400614, 43.201280795037746], [76.88142601400614, 43.201278783380985], [76.8814293667674, 43.20127207785845], [76.8814293667674, 43.201262690126896], [76.88142601400614, 43.2012539729476], [76.8814193084836, 43.20124592632055], [76.88141729682684, 43.20124056190252], [76.88141595572233, 43.20123989135027], [76.88141260296106, 43.20123318582773], [76.88141260296106, 43.201228491961956], [76.88141662627459, 43.201221115887165], [76.88142400234938, 43.20121441036463], [76.88143137842417, 43.20121105760336], [76.88143271952868, 43.2012090459466], [76.88143540173769, 43.201208375394344], [76.8814367428422, 43.20120636373758], [76.88144076615572, 43.201205022633076], [76.88144344836473, 43.20120234042406], [76.88145015388727, 43.201199658215046], [76.88145350664854, 43.20119630545378], [76.88145820051432, 43.201194293797016], [76.88146088272333, 43.201194293797016], [76.88146222382784, 43.20119295269251], [76.8814742937684, 43.20119295269251], [76.88147697597742, 43.20119496434927], [76.88148368149996, 43.20119697600603], [76.88148502260447, 43.201199658215046], [76.88148636370897, 43.201199658215046], [76.88148770481348, 43.20120234042406], [76.8814903870225, 43.20120368152857], [76.88149306923151, 43.2012090459466], [76.88149441033602, 43.2012090459466], [76.88149575144053, 43.20121239870787], [76.88149843364954, 43.20121441036463], [76.88150111585855, 43.20122044533491], [76.88150580972433, 43.20122513920069], [76.88150580972433, 43.201226480305195], [76.8815105035901, 43.20122916251421], [76.88151184469461, 43.20123117417097], [76.88151318579912, 43.20123117417097], [76.88151452690363, 43.20123318582773], [76.88151586800814, 43.20123318582773], [76.88151586800814, 43.20123452693224], [76.88151720911264, 43.20123452693224], [76.88152056187391, 43.20123787969351], [76.88152458518744, 43.201239220798016], [76.8815265968442, 43.20124123245478], [76.88152860850096, 43.20124123245478], [76.88152927905321, 43.201242573559284], [76.88153464347124, 43.20124391466379], [76.881536655128, 43.20124592632055], [76.88153933733702, 43.20124592632055], [76.88153933733702, 43.20124927908182], [76.88154201954603, 43.201251961290836], [76.88154336065054, 43.201251961290836], [76.8815440312028, 43.2012539729476], [76.88154671341181, 43.20125598460436], [76.88154671341181, 43.20125799626112], [76.88154805451632, 43.201258666813374], [76.88155006617308, 43.20126336067915], [76.88155140727758, 43.20126939564943], [76.88155073672533, 43.201280795037746], [76.88154939562082, 43.201282136142254], [76.88154939562082, 43.20128481835127], [76.88154805451632, 43.201286159455776], [76.88154805451632, 43.20128817111254], [76.88154671341181, 43.20128884166479], [76.88154671341181, 43.20129085332155], [76.8815453723073, 43.201291523873806], [76.88154470175505, 43.20129420608282], [76.88154134899378, 43.20129822939634], [76.88154134899378, 43.201300241053104], [76.88154000788927, 43.201300241053104], [76.88153933733702, 43.201312981545925], [76.881536655128, 43.20131164044142], [76.8815353140235, 43.20131365209818], [76.88153397291899, 43.20131365209818], [76.88152927905321, 43.2013176754117], [76.88151184469461, 43.201325722038746], [76.88149709254503, 43.20132773369551]]]}, "properties": {"id": 294, "class": "road", "confidence": 100.0, "source": "Almaty_7", "source_model": "unet-roads", "centroid_wkt": "POINT (76.88147961258672 43.20126475575465)", "bbox": [76.88141260296106, 43.20119295269251, 76.88155140727758, 43.20132773369551], "pixel_bbox": [3395, 3592, 3602, 3793], "area_m2": 117.454}}, {"type": "Feature", "geometry": {"type": "Polygon", "coordinates": [[[76.88377227634192, 43.20122379809618], [76.88377160578966, 43.20118557661772], [76.88377294689417, 43.2011828944087], [76.88377294689417, 43.201184906065464], [76.88377361744642, 43.20118356496096], [76.88377495855093, 43.20118356496096], [76.88377562910318, 43.20118557661772], [76.8837796524167, 43.201186917722225], [76.88378099352121, 43.201190270483494], [76.88378099352121, 43.20119697600603], [76.88378233462572, 43.20119898766279], [76.88378233462572, 43.20120166987181], [76.88378099352121, 43.20120770484209], [76.8837796524167, 43.20120971649885], [76.8837783113122, 43.20120971649885], [76.88377764075994, 43.20121172815561], [76.88377697020769, 43.20121843367815], [76.88377562910318, 43.20121642202139], [76.88377562910318, 43.201219104230404], [76.88377428799868, 43.201219104230404], [76.88377428799868, 43.201223127543926], [76.88377294689417, 43.20122178643942], [76.88377227634192, 43.20122379809618]]]}, "properties": {"id": 295, "class": "road", "confidence": 100.0, "source": "Almaty_7", "source_model": "unet-roads", "centroid_wkt": "POINT (76.88377638551451 43.20120063069321)", "bbox": [76.88377160578966, 43.2011828944087, 76.88378233462572, 43.20122379809618], "pixel_bbox": [6913, 3747, 6929, 3808], "area_m2": 2.558}}, {"type": "Feature", "geometry": {"type": "Polygon", "coordinates": [[[76.88397210091352, 43.201307617127895], [76.88396740704775, 43.201305605471134], [76.88396271318197, 43.20130158215761], [76.88396204262972, 43.2012988999486], [76.88396070152521, 43.20129822939634], [76.88395667821169, 43.20129085332155], [76.88395332545042, 43.20128817111254], [76.88395332545042, 43.20128683000803], [76.8839506432414, 43.201284147799015], [76.88394661992788, 43.20128347724676], [76.88394393771887, 43.20128548890352], [76.88394259661436, 43.20126537233591], [76.88394393771887, 43.20120770484209], [76.88394460827112, 43.2012090459466], [76.88394997268915, 43.2012090459466], [76.8839580193162, 43.201205022633076], [76.88396003097296, 43.201205022633076], [76.88396539539099, 43.20120234042406], [76.88397210091352, 43.20119630545378], [76.88397344201803, 43.20119630545378], [76.88398282974958, 43.20118758827448], [76.88400160521269, 43.20117887109518], [76.8840116634965, 43.201176188886166], [76.88403245061636, 43.20117551833391], [76.88403513282537, 43.201174177229404], [76.88406463712454, 43.201174177229404], [76.88407067209482, 43.20117551833391], [76.88407201319933, 43.20117685943842], [76.88408073037863, 43.20117820054293], [76.88408207148314, 43.201179541647434], [76.8840840831399, 43.201179541647434], [76.88408676534891, 43.20118222385645], [76.88408944755793, 43.2011828944087], [76.88409347087145, 43.20118758827448], [76.88409481197596, 43.20118758827448], [76.88409816473722, 43.201191611588], [76.88409950584173, 43.201191611588], [76.88410084694624, 43.20119362324476], [76.88410218805075, 43.20119362324476], [76.88410352915525, 43.201195634901524], [76.88410755246878, 43.201197646558285], [76.88410889357328, 43.2012003287673], [76.88411023467779, 43.2012003287673], [76.8841115757823, 43.20120234042406], [76.88411425799131, 43.20120166987181], [76.88411425799131, 43.20122983306646], [76.88411358743906, 43.201228491961956], [76.88411090523005, 43.20122916251421], [76.88411023467779, 43.20123050361872], [76.88410621136427, 43.201231844723225], [76.88410554081202, 43.20123318582773], [76.88410352915525, 43.20123318582773], [76.88410084694624, 43.20123586803675], [76.88409548252821, 43.20123787969351], [76.88409011811018, 43.20124190300703], [76.88408475369215, 43.201244585216045], [76.88408274203539, 43.201244585216045], [76.88407938927412, 43.20124726742506], [76.88407335430384, 43.20124860852957], [76.8840679898858, 43.201253302395344], [76.88406329602003, 43.20125464349985], [76.884057931602, 43.20125933736563], [76.88405323773623, 43.20126134902239], [76.88405055552721, 43.2012640312314], [76.8840492144227, 43.20127006620169], [76.88404720276594, 43.2012727484107], [76.88404653221369, 43.20127811282873], [76.88403781503439, 43.20128548890352], [76.88402708619833, 43.201289512217045], [76.88402373343706, 43.201289512217045], [76.88401233404875, 43.20129286497831], [76.88400965183973, 43.201294876635075], [76.88400764018297, 43.201294876635075], [76.88400629907846, 43.201296888291836], [76.8840042874217, 43.201296888291836], [76.88400361686945, 43.20129822939634], [76.88400160521269, 43.20129822939634], [76.88400093466043, 43.20129957050085], [76.88399624079466, 43.20130091160536], [76.88399489969015, 43.20130292326212], [76.8839868530631, 43.201305605471134], [76.8839855119586, 43.20130694657564], [76.88397210091352, 43.201307617127895]]]}, "properties": {"id": 296, "class": "road", "confidence": 100.0, "source": "Almaty_7", "source_model": "unet-roads", "centroid_wkt": "POINT (76.88401913997969 43.201233241622056)", "bbox": [76.88394259661436, 43.201174177229404, 76.88411425799131, 43.201307617127895], "pixel_bbox": [7168, 3622, 7424, 3821], "area_m2": 140.074}}, {"type": "Feature", "geometry": {"type": "Polygon", "coordinates": [[[76.88259545713663, 43.201179541647434], [76.88259277492762, 43.201176188886166], [76.88259344547987, 43.20117015391588], [76.88259612768888, 43.20116680115461], [76.88260283321142, 43.20116680115461], [76.88260350376368, 43.20117216557264], [76.88260216265917, 43.20117551833391], [76.88260082155466, 43.201176188886166], [76.88260082155466, 43.20117820054293], [76.88259948045015, 43.201179541647434], [76.88259545713663, 43.201179541647434]]]}, "properties": {"id": 297, "class": "road", "confidence": 100.0, "source": "Almaty_7", "source_model": "unet-roads", "centroid_wkt": "POINT (76.8825984244349 43.20117252965975)", "bbox": [76.88259277492762, 43.20116680115461, 76.88260350376368, 43.201179541647434], "pixel_bbox": [5155, 3813, 5171, 3832], "area_m2": 0.976}}, {"type": "Feature", "geometry": {"type": "Polygon", "coordinates": [[[76.8799514696002, 43.2011828944087], [76.87994677573442, 43.20118021219969], [76.87994677573442, 43.20117887109518], [76.87994543462992, 43.20117820054293], [76.87994476407766, 43.20117216557264], [76.87994543462992, 43.20117015391588], [76.87994677573442, 43.20117015391588], [76.87994677573442, 43.201168812811375], [76.87994811683893, 43.20116814225912], [76.87994811683893, 43.20116613060236], [76.87994476407766, 43.20116277784109], [76.87996353954077, 43.20116277784109], [76.879961527884, 43.2011641189456], [76.87995348125696, 43.20116478949785], [76.87995348125696, 43.20116680115461], [76.87995884567499, 43.20116814225912], [76.87995884567499, 43.20116948336363], [76.8799601867795, 43.20116948336363], [76.879961527884, 43.20117216557264], [76.87996286898851, 43.20117216557264], [76.87996286898851, 43.20117551833391], [76.879961527884, 43.20117887109518], [76.87995817512274, 43.20118222385645], [76.8799514696002, 43.2011828944087]]]}, "properties": {"id": 298, "class": "road", "confidence": 100.0, "source": "Almaty_7", "source_model": "unet-roads", "centroid_wkt": "POINT (76.87995379018196 43.201172761743685)", "bbox": [76.87994476407766, 43.20116277784109, 76.87996353954077, 43.2011828944087], "pixel_bbox": [1206, 3808, 1234, 3838], "area_m2": 2.428}}, {"type": "Feature", "geometry": {"type": "Polygon", "coordinates": [[[76.88313592225313, 43.201170824468136], [76.88313391059637, 43.201168812811375], [76.88313458114862, 43.20116478949785], [76.8831292167306, 43.2011641189456], [76.88312787562609, 43.20116277784109], [76.88316207379103, 43.20116277784109], [76.88315469771624, 43.20116613060236], [76.88313860446215, 43.20116613060236], [76.88314396888018, 43.20116680115461], [76.88314396888018, 43.201168812811375], [76.88314262777567, 43.201168812811375], [76.88314195722342, 43.20117015391588], [76.88313592225313, 43.201170824468136]]]}, "properties": {"id": 299, "class": "road", "confidence": 100.0, "source": "Almaty_7", "source_model": "unet-roads", "centroid_wkt": "POINT (76.88314342551527 43.20116511251019)", "bbox": [76.88312787562609, 43.20116277784109, 76.88316207379103, 43.201170824468136], "pixel_bbox": [5953, 3826, 6004, 3838], "area_m2": 1.147}}, {"type": "Feature", "geometry": {"type": "Polygon", "coordinates": [[[76.8797543272376, 43.20133309811354], [76.87975902110338, 43.20133175700903], [76.87975365668535, 43.20132974535227], [76.87974359840155, 43.201329074800014], [76.87974359840155, 43.20132773369551], [76.87974158674479, 43.20132706314325], [76.87974158674479, 43.20132303982973], [76.87974024564028, 43.20132303982973], [76.87973823398352, 43.20131968706846], [76.87973756343126, 43.20131432265043], [76.87973957508802, 43.20131029933691], [76.87973957508802, 43.20128012448549], [76.87973823398352, 43.20127543061972], [76.87973689287901, 43.20127408951521], [76.87973689287901, 43.20126872509718], [76.87974091619253, 43.20126201957464], [76.87974158674479, 43.20125129073858], [76.87974493950605, 43.20124391466379], [76.87974695116282, 43.20124190300703], [76.87974695116282, 43.20123989135027], [76.87974896281958, 43.20123855024576], [76.87975030392408, 43.20123452693224], [76.87975164502859, 43.201233856379986], [76.8797543272376, 43.2012278214097], [76.87975700944662, 43.20122513920069], [76.87975767999887, 43.20122245699167], [76.87975902110338, 43.20122178643942], [76.87975902110338, 43.20122044533491], [76.8797630444169, 43.201215751469135], [76.87976371496916, 43.20121306926012], [76.87976572662592, 43.20121172815561], [76.87976572662592, 43.201210387051105], [76.87976974993944, 43.20120569318533], [76.8797704204917, 43.201203010976315], [76.8797717615962, 43.20120234042406], [76.8797717615962, 43.2012003287673], [76.87977310270071, 43.201199658215046], [76.87977444380522, 43.20119496434927], [76.87977645546198, 43.20119295269251], [76.87977712601423, 43.20118825882673], [76.87977980822325, 43.2011828944087], [76.87978181988001, 43.201181553304195], [76.87978181988001, 43.20118021219969], [76.87979120761156, 43.20117015391588], [76.87979456037283, 43.201168812811375], [76.87979590147734, 43.20116680115461], [76.87980126589537, 43.20116478949785], [76.87980193644762, 43.201163448393345], [76.87980461865664, 43.201163448393345], [76.87980595976114, 43.20116210728884], [76.87980931252241, 43.201161436736584], [76.8798877671361, 43.201161436736584], [76.87988977879286, 43.20116277784109], [76.87989246100187, 43.20116277784109], [76.87989044934511, 43.201165460050106], [76.87989044934511, 43.20117685943842], [76.8798891082406, 43.201179541647434], [76.87988709658384, 43.20118088275194], [76.87988642603159, 43.20118356496096], [76.87988307327032, 43.201186917722225], [76.87988173216581, 43.201186917722225], [76.87988106161356, 43.201188929378986], [76.87987972050905, 43.201188929378986], [76.87987301498652, 43.20119496434927], [76.87985759228468, 43.20120234042406], [76.87985558062792, 43.20120234042406], [76.87985222786665, 43.201205022633076], [76.87984686344862, 43.20120636373758], [76.8798441812396, 43.2012090459466], [76.87983881682158, 43.201210387051105], [76.87983747571707, 43.20121239870787], [76.87983613461256, 43.20121172815561], [76.87983613461256, 43.20121306926012], [76.87983278185129, 43.20121441036463], [76.87983211129904, 43.201215751469135], [76.87982808798552, 43.201215751469135], [76.87982473522425, 43.20121441036463], [76.87982272356749, 43.20121709257364], [76.87982272356749, 43.20129219442606], [76.879824064672, 43.20129219442606], [76.87982473522425, 43.20129085332155], [76.87982473522425, 43.20129219442606], [76.87982674688101, 43.201291523873806], [76.87982741743326, 43.20129286497831], [76.87982875853777, 43.20129286497831], [76.87983278185129, 43.20129822939634], [76.87983278185129, 43.20129957050085], [76.8798341229558, 43.20129957050085], [76.87983680516481, 43.201302252709866], [76.87983680516481, 43.20130359381437], [76.87983814626932, 43.20130359381437], [76.87983881682158, 43.20130627602339], [76.87984082847834, 43.201307617127895], [76.87984082847834, 43.20130962878466], [76.8798428401351, 43.20131164044142], [76.87984351068735, 43.201314993202686], [76.87984552234411, 43.2013176754117], [76.87984619289637, 43.20132303982973], [76.87984820455313, 43.201325722038746], [76.87984820455313, 43.20133242756128], [76.87984954565763, 43.20133309811354], [76.8797543272376, 43.20133309811354]]]}, "properties": {"id": 300, "class": "road", "confidence": 100.0, "source": "Almaty_7", "source_model": "unet-roads", "centroid_wkt": "POINT (76.87980073350197 43.201248070174415)", "bbox": [76.87973689287901, 43.201161436736584, 76.87989246100187, 43.20133309811354], "pixel_bbox": [896, 3584, 1128, 3840], "area_m2": 136.308}}, {"type": "Feature", "geometry": {"type": "Polygon", "coordinates": [[[76.8810223415494, 43.201186917722225], [76.88102032989264, 43.2011828944087], [76.88101898878813, 43.2011828944087], [76.88101831823587, 43.201184906065464], [76.8810136243701, 43.20118624716997], [76.88101094216108, 43.20118624716997], [76.88100893050432, 43.20118423551321], [76.88100758939981, 43.20118423551321], [76.88100758939981, 43.2011828944087], [76.88100222498178, 43.201176188886166], [76.88100222498178, 43.20117149502039], [76.88100088387728, 43.20116814225912], [76.88099820166826, 43.20116747170687], [76.88099954277277, 43.201161436736584], [76.88101697713137, 43.201161436736584], [76.88101898878813, 43.20116277784109], [76.88102167099714, 43.201161436736584], [76.8810236826539, 43.20116210728884], [76.88102435320616, 43.20118624716997], [76.8810223415494, 43.201186917722225]], [[76.88101831823587, 43.20117216557264], [76.88101965934038, 43.20117216557264], [76.88101965934038, 43.20117015391588], [76.88101831823587, 43.20117015391588], [76.88101831823587, 43.20117216557264]], [[76.88101898878813, 43.20116814225912], [76.88101965934038, 43.20116948336363], [76.88101965934038, 43.20116814225912], [76.88101898878813, 43.20116814225912]]]}, "properties": {"id": 301, "class": "road", "confidence": 100.0, "source": "Almaty_7", "source_model": "unet-roads", "centroid_wkt": "POINT (76.8810132966439 43.20117229739825)", "bbox": [76.88099820166826, 43.201161436736584, 76.88102435320616, 43.201186917722225], "pixel_bbox": [2777, 3802, 2816, 3840], "area_m2": 4.567}}, {"type": "Feature", "geometry": {"type": "Polygon", "coordinates": [[[76.88121613115072, 43.20118557661772], [76.88121479004622, 43.201184906065464], [76.88121479004622, 43.2011828944087], [76.88121344894171, 43.2011828944087], [76.88120942562819, 43.20117887109518], [76.88120808452368, 43.20117484778166], [76.88120674341917, 43.201174177229404], [76.88120741397142, 43.20116814225912], [76.88120473176241, 43.20116277784109], [76.88121344894171, 43.201161436736584], [76.88122887164354, 43.20116210728884], [76.88123021274805, 43.201163448393345], [76.88123021274805, 43.20116747170687], [76.88122887164354, 43.20116948336363], [76.8812295421958, 43.2011728361249], [76.88122685998678, 43.201179541647434], [76.88122417777777, 43.20118222385645], [76.881222166121, 43.20118222385645], [76.881222166121, 43.20118423551321], [76.88121881335974, 43.20118423551321], [76.88121613115072, 43.20118557661772]]]}, "properties": {"id": 302, "class": "road", "confidence": 100.0, "source": "Almaty_7", "source_model": "unet-roads", "centroid_wkt": "POINT (76.88121850928786 43.2011713733125)", "bbox": [76.88120473176241, 43.201161436736584, 76.88123021274805, 43.20118557661772], "pixel_bbox": [3085, 3804, 3123, 3840], "area_m2": 4.013}}, {"type": "Feature", "geometry": {"type": "Polygon", "coordinates": [[[76.8837957456708, 43.20118222385645], [76.88378233462572, 43.201179541647434], [76.88377697020769, 43.201176188886166], [76.88377629965544, 43.20117216557264], [76.8837783113122, 43.201168812811375], [76.8837783113122, 43.20116680115461], [76.8837796524167, 43.20116613060236], [76.8837783113122, 43.201165460050106], [76.88377764075994, 43.20116277784109], [76.8837870284915, 43.201161436736584], [76.88382927328348, 43.201161436736584], [76.88385006040335, 43.20116277784109], [76.88384670764208, 43.20116478949785], [76.88383597880602, 43.20116613060236], [76.88383731991053, 43.20116680115461], [76.88383664935827, 43.2011728361249], [76.88383396714926, 43.201174177229404], [76.883833296597, 43.201176188886166], [76.88382927328348, 43.20117820054293], [76.88381318002939, 43.20118222385645], [76.8837957456708, 43.20118222385645]]]}, "properties": {"id": 303, "class": "road", "confidence": 100.0, "source": "Almaty_7", "source_model": "unet-roads", "centroid_wkt": "POINT (76.88380788264895 43.201170497218875)", "bbox": [76.88377629965544, 43.201161436736584, 76.88385006040335, 43.20118222385645], "pixel_bbox": [6920, 3809, 7030, 3840], "area_m2": 10.288}}, {"type": "Feature", "geometry": {"type": "Polygon", "coordinates": [[[76.88119534403086, 43.20117216557264], [76.88119400292635, 43.20116680115461], [76.88118729740381, 43.20116680115461], [76.88118260353804, 43.2011641189456], [76.88117858022451, 43.201163448393345], [76.88117925077677, 43.20116210728884], [76.88117656856775, 43.201161436736584], [76.88114639371634, 43.201161436736584], [76.88114773482084, 43.20115942507982], [76.88114505261183, 43.20115942507982], [76.88114505261183, 43.201158083975315], [76.88114304095507, 43.20115674287081], [76.88114304095507, 43.20115406066179], [76.88114438205957, 43.20115339010954], [76.88114639371634, 43.20114936679602], [76.88114773482084, 43.20114936679602], [76.88115444034338, 43.20114400237799], [76.88116114586592, 43.20114132016897], [76.88116181641817, 43.201139979064465], [76.88116516917944, 43.20113863795996], [76.88116785138845, 43.20113528519869], [76.88116919249296, 43.20113528519869], [76.88117455691099, 43.20112992078066], [76.88117455691099, 43.20112857967615], [76.88117656856775, 43.201127238571644], [76.88117858022451, 43.20112321525812], [76.8811846151948, 43.20112254470587], [76.88119199126959, 43.201123885810375], [76.88119601458311, 43.201127238571644], [76.88119534403086, 43.20117216557264]]]}, "properties": {"id": 304, "class": "road", "confidence": 100.0, "source": "Almaty_7", "source_model": "unet-roads", "centroid_wkt": "POINT (76.88117622262189 43.201146654356066)", "bbox": [76.88114304095507, 43.20112254470587, 76.88119601458311, 43.20117216557264], "pixel_bbox": [2993, 3824, 3072, 3898], "area_m2": 13.268}}, {"type": "Feature", "geometry": {"type": "Polygon", "coordinates": [[[76.88111755996943, 43.2011191919446], [76.88111286610365, 43.20111718028784], [76.88111152499914, 43.20111449807882], [76.88111152499914, 43.20111181586981], [76.88111018389463, 43.2011104747653], [76.88111018389463, 43.201105780899525], [76.88111152499914, 43.201102428138256], [76.8811135366559, 43.20110108703375], [76.88111487776041, 43.201098404824734], [76.88111621886492, 43.201098404824734], [76.88111890107393, 43.201095052063465], [76.88112024217844, 43.201095052063465], [76.88112359493971, 43.2010916993022], [76.88113298267126, 43.20108901709318], [76.88115175813437, 43.20108834654093], [76.88115511089563, 43.20109035819769], [76.88116315752268, 43.20109236985445], [76.88116651028395, 43.20109572261572], [76.88116852194071, 43.20109572261572], [76.88116852194071, 43.201097063720226], [76.88117388635874, 43.20109974592924], [76.88117455691099, 43.201102428138256], [76.88117656856775, 43.20110376924276], [76.88117790967226, 43.20110645145178], [76.88117790967226, 43.20110846310854], [76.8811758980155, 43.20110980421305], [76.88117656856775, 43.20111248642206], [76.88117455691099, 43.20111449807882], [76.88114304095507, 43.20111449807882], [76.88113499432802, 43.20111718028784], [76.88111755996943, 43.2011191919446]]]}, "properties": {"id": 305, "class": "road", "confidence": 100.0, "source": "Almaty_7", "source_model": "unet-roads", "centroid_wkt": "POINT (76.88114264364025 43.20110366177168)", "bbox": [76.88111018389463, 43.20108834654093, 76.88117790967226, 43.2011191919446], "pixel_bbox": [2944, 3903, 3045, 3949], "area_m2": 13.757}}, {"type": "Feature", "geometry": {"type": "Polygon", "coordinates": [[[76.87973018735647, 43.20098977535963], [76.87972750514746, 43.20098239928484], [76.87972884625196, 43.20097368210554], [76.87973219901323, 43.20096630603075], [76.87973219901323, 43.20096429437399], [76.87973421067, 43.200961612164974], [76.87973421067, 43.20095960050821], [76.8797355517745, 43.200958259403706], [76.87973689287901, 43.20095155388117], [76.87974225729704, 43.20094082504511], [76.87974695116282, 43.20093546062708], [76.87974762171507, 43.200932778418064], [76.87974963337183, 43.20093143731356], [76.87975231558084, 43.20092607289553], [76.87975499778986, 43.200924061238766], [76.87975499778986, 43.20092272013426], [76.87975969165564, 43.200916685163975], [76.87976103276014, 43.200916685163975], [76.8797704204917, 43.20090662688017], [76.87977779656649, 43.20090260356665], [76.879779137671, 43.200900591909885], [76.87978316098452, 43.200898580253124], [76.87978316098452, 43.20089723914862], [76.87978584319353, 43.2008945569396], [76.87978986650705, 43.20089254528284], [76.87978986650705, 43.20089053362608], [76.87979321926832, 43.20088382810354], [76.87980059534311, 43.2008757814765], [76.87980327755213, 43.200875110924244], [76.87980528920889, 43.20087309926748], [76.87981065362692, 43.20087376981974], [76.87981400638819, 43.200877122581005], [76.87981467694044, 43.200882486999035], [76.87981400638819, 43.2008858397603], [76.87980864197016, 43.2008945569396], [76.87980864197016, 43.20089723914862], [76.87980730086565, 43.20089790970087], [76.8798066303134, 43.20090193301439], [76.8798079714179, 43.20090260356665], [76.87980998307467, 43.200907967984676], [76.87981199473143, 43.20090997964144], [76.87981333583593, 43.20092003792524], [76.8798153474927, 43.200922049582005], [76.8798166885972, 43.200922049582005], [76.87981735914946, 43.200924061238766], [76.87982071191072, 43.20092473179102], [76.87982272356749, 43.200918696820736], [76.87982272356749, 43.20097301155329], [76.87982138246298, 43.200968988239765], [76.87981870025396, 43.20097032934427], [76.87981400638819, 43.20096965879202], [76.87981333583593, 43.20096831768751], [76.87980059534311, 43.20096831768751], [76.87978718429804, 43.20097368210554], [76.87978249043226, 43.20097904652357], [76.87978249043226, 43.20098038762808], [76.8797804787755, 43.200981728732586], [76.8797804787755, 43.20098306983709], [76.87977779656649, 43.200985081493855], [76.87977712601423, 43.20098776370287], [76.87977578490973, 43.20098776370287], [76.87977712601423, 43.20098977535963], [76.87973018735647, 43.20098977535963]]]}, "properties": {"id": 306, "class": "road", "confidence": 100.0, "source": "Almaty_7", "source_model": "unet-roads", "centroid_wkt": "POINT (76.87978018841179 43.20094216615352)", "bbox": [76.87972750514746, 43.20087309926748, 76.87982272356749, 43.20098977535963], "pixel_bbox": [882, 4096, 1024, 4270], "area_m2": 58.202}}, {"type": "Feature", "geometry": {"type": "Polygon", "coordinates": [[[76.8860038742423, 43.20091601461172], [76.8860025331378, 43.200905956327915], [76.8860025331378, 43.200882486999035], [76.88599850982428, 43.20087846368551], [76.88599783927202, 43.20087242871523], [76.8860025331378, 43.2008670642972], [76.88600320369005, 43.20084158331156], [76.88600521534681, 43.20084158331156], [76.88600521534681, 43.20084024220705], [76.88600789755583, 43.200840912759304], [76.8860112503171, 43.2008395716548], [76.88601527363062, 43.2008395716548], [76.88602600246668, 43.20084359496832], [76.88602935522795, 43.20084761828184], [76.88603203743696, 43.20084895938635], [76.88603337854147, 43.20085231214762], [76.88603740185499, 43.200855664908886], [76.88604142516851, 43.200866393744946], [76.886040084064, 43.200880475342274], [76.88603740185499, 43.20088919252157], [76.88603471964598, 43.20089187473059], [76.88603404909372, 43.2008945569396], [76.88603136688471, 43.20089656859636], [76.88603136688471, 43.20089790970087], [76.8860300257802, 43.20089790970087], [76.8860300257802, 43.20089925080538], [76.8860286846757, 43.20089992135763], [76.88602332025766, 43.200909309089184], [76.8860199674964, 43.20091266185045], [76.88601326197386, 43.20091400295496], [76.88600722700357, 43.200913332402706], [76.88600588589907, 43.20091400295496], [76.88600588589907, 43.20091534405947], [76.8860038742423, 43.20091601461172]]]}, "properties": {"id": 307, "class": "road", "confidence": 100.0, "source": "Almaty_7", "source_model": "unet-roads", "centroid_wkt": "POINT (76.886018932192 43.20087547985951)", "bbox": [76.88599783927202, 43.2008395716548, 76.88604142516851, 43.20091601461172], "pixel_bbox": [10233, 4206, 10298, 4320], "area_m2": 21.043}}, {"type": "Feature", "geometry": {"type": "Polygon", "coordinates": [[[76.88222263008356, 43.20087376981974], [76.88222263008356, 43.20087108761072], [76.88222128897905, 43.200869746506214], [76.88221458345652, 43.20087108761072], [76.88220988959074, 43.20086773484945], [76.88220921903849, 43.20084761828184], [76.88221324235201, 43.20084225386381], [76.88221659511328, 43.200840912759304], [76.88221726566553, 43.20083890110254], [76.88222195953131, 43.20083890110254], [76.88222263008356, 43.200837559998035], [76.88222397118807, 43.20083823055029], [76.88222598284483, 43.200835548341274], [76.88222598284483, 43.20087376981974], [76.88222263008356, 43.20087376981974]]]}, "properties": {"id": 308, "class": "road", "confidence": 100.0, "source": "Almaty_7", "source_model": "unet-roads", "centroid_wkt": "POINT (76.88221873880266 43.2008551352654)", "bbox": [76.88220921903849, 43.200835548341274, 76.88222598284483, 43.20087376981974], "pixel_bbox": [4583, 4269, 4608, 4326], "area_m2": 4.498}}, {"type": "Feature", "geometry": {"type": "Polygon", "coordinates": [[[76.8807990476489, 43.200875110924244], [76.88079703599215, 43.20087376981974], [76.88079569488764, 43.20087108761072], [76.88079502433538, 43.2008583471179], [76.88079301267862, 43.20085432380438], [76.88079301267862, 43.20084560662508], [76.88079033046961, 43.20083890110254], [76.88079033046961, 43.200832195580006], [76.88079167157412, 43.200832195580006], [76.88079033046961, 43.20082817226648], [76.88079234212637, 43.20082616060972], [76.88079301267862, 43.20082347840071], [76.88079435378313, 43.20082347840071], [76.88079435378313, 43.2008221372962], [76.88079100102186, 43.200821466743946], [76.88079033046961, 43.200819455087185], [76.88081916421652, 43.200819455087185], [76.88081715255976, 43.200821466743946], [76.88080977648497, 43.200821466743946], [76.88080843538046, 43.20082280784845], [76.88080910593271, 43.20082414895296], [76.88081379979849, 43.20082549005747], [76.88081715255976, 43.20082951337099], [76.88081782311201, 43.200832195580006], [76.8808164820075, 43.20083621889353], [76.88081715255976, 43.20084426552057], [76.8808164820075, 43.200846277177334], [76.88081447035074, 43.20084761828184], [76.88081447035074, 43.20086304098368], [76.88081312924623, 43.2008670642972], [76.88081178814173, 43.20086773484945], [76.88081178814173, 43.20087108761072], [76.88081044703722, 43.20087376981974], [76.88080910593271, 43.20087376981974], [76.88080843538046, 43.200875110924244], [76.8807990476489, 43.200875110924244]]]}, "properties": {"id": 309, "class": "road", "confidence": 100.0, "source": "Almaty_7", "source_model": "unet-roads", "centroid_wkt": "POINT (76.88080424600739 43.20084484603446)", "bbox": [76.88079033046961, 43.200819455087185, 76.88081916421652, 43.200875110924244], "pixel_bbox": [2467, 4267, 2510, 4350], "area_m2": 10.779}}, {"type": "Feature", "geometry": {"type": "Polygon", "coordinates": [[[76.88611920922995, 43.20085432380438], [76.88611518591642, 43.200851641595364], [76.88611518591642, 43.200850300490856], [76.88611250370741, 43.200848288834095], [76.88611250370741, 43.20084694772959], [76.88610915094614, 43.20084426552057], [76.88610646873713, 43.20083890110254], [76.88610445708036, 43.200837559998035], [76.8861024454236, 43.20083286613226], [76.8861011043191, 43.20083286613226], [76.8861011043191, 43.20083152502775], [76.88609842211008, 43.200830183923244], [76.88609775155783, 43.20082549005747], [76.8861024454236, 43.20082280784845], [76.88609506934881, 43.200821466743946], [76.88609439879656, 43.200819455087185], [76.88610445708036, 43.20081811398268], [76.88614401966333, 43.20081811398268], [76.88614401966333, 43.20082414895296], [76.8861460313201, 43.20082750171423], [76.8861460313201, 43.20083286613226], [76.88614469021559, 43.20083353668451], [76.88614469021559, 43.200835548341274], [76.88614200800657, 43.20084024220705], [76.88613329082727, 43.2008496299386], [76.88613060861826, 43.200850300490856], [76.88612792640924, 43.20085298269987], [76.88612390309572, 43.20085432380438], [76.88611920922995, 43.20085432380438]]]}, "properties": {"id": 310, "class": "road", "confidence": 100.0, "source": "Almaty_7", "source_model": "unet-roads", "centroid_wkt": "POINT (76.88612311151697 43.20083258494423)", "bbox": [76.88609439879656, 43.20081811398268, 76.8861460313201, 43.20085432380438], "pixel_bbox": [10377, 4298, 10454, 4352], "area_m2": 11.652}}, {"type": "Feature", "geometry": {"type": "Polygon", "coordinates": [[[76.88504632562399, 43.20084426552057], [76.88502755016088, 43.20083487778902], [76.88502553850412, 43.20083487778902], [76.88501749187708, 43.200830183923244], [76.88501548022032, 43.200830183923244], [76.88501011580229, 43.20082750171423], [76.88500877469778, 43.20082549005747], [76.88500475138426, 43.20082549005747], [76.88499603420496, 43.20082817226648], [76.88498262315989, 43.20082884281874], [76.88497390598059, 43.2008308544755], [76.88497390598059, 43.20081811398268], [76.88507180660963, 43.20081811398268], [76.88507247716188, 43.2008221372962], [76.88507381826639, 43.20082280784845], [76.88507381826639, 43.20082817226648], [76.88507180660963, 43.20083152502775], [76.88507180660963, 43.20083353668451], [76.88506912440062, 43.200835548341274], [76.88506912440062, 43.20083688944578], [76.8850651010871, 43.200840912759304], [76.88506308943033, 43.200840912759304], [76.88505839556456, 43.20084359496832], [76.88504632562399, 43.20084426552057]]]}, "properties": {"id": 311, "class": "road", "confidence": 100.0, "source": "Almaty_7", "source_model": "unet-roads", "centroid_wkt": "POINT (76.88503288179511 43.200827147936664)", "bbox": [76.88497390598059, 43.20081811398268, 76.88507381826639, 43.20084426552057], "pixel_bbox": [8706, 4313, 8855, 4352], "area_m2": 14.518}}, {"type": "Feature", "geometry": {"type": "Polygon", "coordinates": [[[76.88421484082937, 43.20081811398268], [76.88420746475458, 43.20081677287817], [76.88420746475458, 43.20081476122141], [76.88420880585909, 43.20081476122141], [76.88420813530684, 43.200812079012394], [76.88420947641134, 43.20081140846014], [76.8842101469636, 43.200808726251125], [76.88421282917261, 43.200806714594364], [76.88421282917261, 43.20080537348986], [76.88421484082937, 43.20080403238535], [76.88421484082937, 43.20080269128084], [76.88422355800867, 43.200795985758305], [76.88422691076994, 43.20079665631056], [76.88423495739698, 43.20079397410154], [76.88424032181501, 43.2007946446538], [76.88424300402403, 43.20079665631056], [76.8842476978898, 43.20079732686281], [76.88424836844206, 43.20079866796732], [76.88425172120333, 43.20080000907183], [76.88425306230783, 43.20080202072859], [76.8842550739646, 43.20080269128084], [76.8842550739646, 43.20080403238535], [76.88425775617361, 43.20080604404211], [76.88425842672586, 43.20080805569887], [76.88425842672586, 43.20081140846014], [76.88425708562136, 43.200814090669155], [76.8842550739646, 43.200814090669155], [76.8842550739646, 43.20081677287817], [76.88425172120333, 43.20081811398268], [76.88421484082937, 43.20081811398268]]]}, "properties": {"id": 312, "class": "road", "confidence": 100.0, "source": "Almaty_7", "source_model": "unet-roads", "centroid_wkt": "POINT (76.88423419597652 43.20080758246974)", "bbox": [76.88420746475458, 43.20079397410154, 76.88425842672586, 43.20081811398268], "pixel_bbox": [7563, 4352, 7639, 4388], "area_m2": 8.384}}, {"type": "Feature", "geometry": {"type": "Polygon", "coordinates": [[[76.87982942909002, 43.20100586861372], [76.8798254057765, 43.20100385695696], [76.8798254057765, 43.2010018453002], [76.879824064672, 43.2010018453002], [76.879824064672, 43.20099916309118], [76.87982272356749, 43.200999833643436], [76.87982272356749, 43.20099379867315], [76.879824064672, 43.20099379867315], [76.879824064672, 43.200990445911884], [76.87982272356749, 43.200990445911884], [76.87982272356749, 43.20098910480738], [76.879824064672, 43.20098977535963], [76.87982607632875, 43.20098776370287], [76.87982674688101, 43.20098910480738], [76.87982808798552, 43.20098910480738], [76.87982808798552, 43.20098374038935], [76.87983345240355, 43.200977705419064], [76.87983948737383, 43.20096094161272], [76.87983948737383, 43.20095557719469], [76.87984149903059, 43.20095021277666], [76.87984149903059, 43.20094149559736], [76.87983814626932, 43.20093009620905], [76.87983814626932, 43.20092137902975], [76.87983948737383, 43.20091601461172], [76.87984082847834, 43.200914673507214], [76.87984082847834, 43.2009119912982], [76.87983814626932, 43.20091065019369], [76.87983680516481, 43.200909309089184], [76.87983680516481, 43.20090662688017], [76.87983345240355, 43.20090461522341], [76.87982875853777, 43.20090461522341], [76.87982741743326, 43.2009032741189], [76.87982339411974, 43.20090528577566], [76.87982272356749, 43.200903944671154], [76.87982272356749, 43.200821466743946], [76.879824064672, 43.20082079619169], [76.87982339411974, 43.200819455087185], [76.8798254057765, 43.20081811398268], [76.8798877671361, 43.200817443430424], [76.8798877671361, 43.200808726251125], [76.8798891082406, 43.20080805569887], [76.87988977879286, 43.20080537348986], [76.8798978254199, 43.20079866796732], [76.87990251928568, 43.20079732686281], [76.87990989536047, 43.20079330354929], [76.87991257756948, 43.20079330354929], [76.87991928309202, 43.200790621340275], [76.87992263585329, 43.200790621340275], [76.87992464751005, 43.200788609683514], [76.87993068248034, 43.20078928023577], [76.8799340352416, 43.20079196244478], [76.87993604689837, 43.20080202072859], [76.87993537634611, 43.200814090669155], [76.8799326941371, 43.200816102325916], [76.8799326941371, 43.200817443430424], [76.87993470579386, 43.20081811398268], [76.87992665916681, 43.20081878453493], [76.87992665916681, 43.20082280784845], [76.87992330640554, 43.20082951337099], [76.87991928309202, 43.20083353668451], [76.87991794198751, 43.200837559998035], [76.87991458922625, 43.200840912759304], [76.87991324812174, 43.20084560662508], [76.87990989536047, 43.20084694772959], [76.87990788370371, 43.200851641595364], [76.8799065425992, 43.20085231214762], [76.8799065425992, 43.200855664908886], [76.8799052014947, 43.20085700601339], [76.87990386039019, 43.200864382088184], [76.87990251928568, 43.20086572319269], [76.87990318983793, 43.2008757814765], [76.8799052014947, 43.20087846368551], [76.87990721315145, 43.200889863073826], [76.87990587204695, 43.20089723914862], [76.87990453094244, 43.200898580253124], [76.87990386039019, 43.20090461522341], [76.87989983707666, 43.20091065019369], [76.87989916652441, 43.20091601461172], [76.87989715486765, 43.20091936737299], [76.87989514321089, 43.20093143731356], [76.87989514321089, 43.20094082504511], [76.87989715486765, 43.20094618946314], [76.87989715486765, 43.20095021277666], [76.87989849597216, 43.20095222443342], [76.87989983707666, 43.20095892995596], [76.87990251928568, 43.20096295326948], [76.87990318983793, 43.20097032934427], [76.8799052014947, 43.20097502321005], [76.87990386039019, 43.2009844109416], [76.87990184873343, 43.20098642259836], [76.87990184873343, 43.20098776370287], [76.87990050762892, 43.20098776370287], [76.87990184873343, 43.20098977535963], [76.87988508492708, 43.20098977535963], [76.87987301498652, 43.20099446922541], [76.8798703327775, 43.20099446922541], [76.87986765056849, 43.20099648088217], [76.87986295670271, 43.20099715143442], [76.87985491007566, 43.201001174747944], [76.87983881682158, 43.201003186404705], [76.87982942909002, 43.20100586861372]]]}, "properties": {"id": 313, "class": "road", "confidence": 100.0, "source": "Almaty_7", "source_model": "unet-roads", "centroid_wkt": "POINT (76.87987055233067 43.20089304246774)", "bbox": [76.87982272356749, 43.200788609683514, 76.87993604689837, 43.20100586861372], "pixel_bbox": [1024, 4072, 1193, 4396], "area_m2": 131.683}}, {"type": "Feature", "geometry": {"type": "Polygon", "coordinates": [[[76.8804456666112, 43.20081811398268], [76.88038263469934, 43.200817443430424], [76.88038263469934, 43.200812079012394], [76.88038397580385, 43.200808726251125], [76.88038665801287, 43.20080604404211], [76.88038665801287, 43.20080403238535], [76.88039135187864, 43.20079933851957], [76.8804020807147, 43.200795985758305], [76.88040409237146, 43.20079330354929], [76.88040744513273, 43.20079196244478], [76.88042018562555, 43.20077855139971], [76.88042353838682, 43.20076782256365], [76.88042286783457, 43.2007497176528], [76.88042487949133, 43.20074636489153], [76.88042555004358, 43.20073965936899], [76.8804282322526, 43.200738318264484], [76.8804282322526, 43.20073697715998], [76.88043225556612, 43.2007322832942], [76.88043761998415, 43.20073027163744], [76.88043761998415, 43.20072893053293], [76.88043896108866, 43.20072825998068], [76.88044767826796, 43.200725577771664], [76.88044968992472, 43.2007235661149], [76.88045907765627, 43.20072155445814], [76.88046712428331, 43.200722225010395], [76.88047047704458, 43.200725577771664], [76.88047248870134, 43.200732953846455], [76.8804731592536, 43.20076648145914], [76.88047114759684, 43.20077184587717], [76.88046846538782, 43.20078793913126], [76.88046645373106, 43.20078928023577], [76.88046310096979, 43.20079665631056], [76.88046108931303, 43.200797997415066], [76.88045974820852, 43.20080269128084], [76.88045840710402, 43.20080269128084], [76.88045840710402, 43.20080403238535], [76.88045237213373, 43.20080939680338], [76.88045237213373, 43.20081274956465], [76.88045036047697, 43.200814090669155], [76.88045103102922, 43.20081543177366], [76.8804456666112, 43.20081811398268]]]}, "properties": {"id": 314, "class": "road", "confidence": 100.0, "source": "Almaty_7", "source_model": "unet-roads", "centroid_wkt": "POINT (76.88043921539102 43.200775478274736)", "bbox": [76.88038263469934, 43.20072155445814, 76.8804731592536, 43.20081811398268], "pixel_bbox": [1859, 4352, 1994, 4496], "area_m2": 44.991}}, {"type": "Feature", "geometry": {"type": "Polygon", "coordinates": [[[76.88639681786299, 43.200753070414066], [76.88638810068369, 43.200753070414066], [76.8863820657134, 43.200743682682514], [76.8863807246089, 43.20073697715998], [76.8863820657134, 43.200725577771664], [76.88638340681791, 43.20072155445814], [76.88638810068369, 43.20071619004011], [76.8863894417882, 43.20071216672659], [76.88639145344496, 43.20071015506983], [76.88639346510172, 43.20071015506983], [76.88639413565397, 43.20070747286081], [76.88639614731073, 43.20070546120405], [76.8863981589675, 43.20070546120405], [76.88639882951975, 43.200704120099545], [76.8864068761468, 43.2007047906518], [76.8864068761468, 43.200706131756306], [76.88640888780355, 43.20070747286081], [76.88641089946032, 43.200711496174335], [76.88641157001257, 43.20071753114462], [76.8864082172513, 43.20074167102575], [76.88640218228102, 43.2007497176528], [76.88640017062426, 43.2007497176528], [76.88639681786299, 43.200753070414066]]]}, "properties": {"id": 315, "class": "road", "confidence": 100.0, "source": "Almaty_7", "source_model": "unet-roads", "centroid_wkt": "POINT (76.88639695280759 43.20072875518119)", "bbox": [76.8863807246089, 43.200704120099545, 76.88641157001257, 43.200753070414066], "pixel_bbox": [10804, 4449, 10850, 4522], "area_m2": 10.117}}, {"type": "Feature", "geometry": {"type": "Polygon", "coordinates": [[[76.88036520034075, 43.200734965503216], [76.88035849481821, 43.20073094218969], [76.88035648316145, 43.20072624832392], [76.8803571537137, 43.20071954280138], [76.88035849481821, 43.200718872249126], [76.88035916537046, 43.20071551948786], [76.88036251813173, 43.20071283727884], [76.88036318868399, 43.20071015506983], [76.88036788254976, 43.200706131756306], [76.88036855310202, 43.20070277899504], [76.88036989420652, 43.20070277899504], [76.88037525862455, 43.200696744024754], [76.88038129359484, 43.2006960734725], [76.8803833052516, 43.20069741457701], [76.88038531690836, 43.20070210844278], [76.88038799911737, 43.20070344954729], [76.88039068132639, 43.200709484517574], [76.88039068132639, 43.20071551948786], [76.88038934022188, 43.20072088390589], [76.88038598746061, 43.20072691887617], [76.88038397580385, 43.200727589428425], [76.88038397580385, 43.20072893053293], [76.88038129359484, 43.20073027163744], [76.88037995249033, 43.2007322832942], [76.88037727028131, 43.20073362439871], [76.88037324696779, 43.20073362439871], [76.88037123531103, 43.200734965503216], [76.88036520034075, 43.200734965503216]]]}, "properties": {"id": 316, "class": "road", "confidence": 100.0, "source": "Almaty_7", "source_model": "unet-roads", "centroid_wkt": "POINT (76.88037476785804 43.20071674229999)", "bbox": [76.88035648316145, 43.2006960734725, 76.88039068132639, 43.200734965503216], "pixel_bbox": [1820, 4476, 1871, 4534], "area_m2": 8.264}}, {"type": "Feature", "geometry": {"type": "Polygon", "coordinates": [[[76.88050802797079, 43.200682662427425], [76.88050668686628, 43.200680650770664], [76.88049662858248, 43.200680650770664], [76.88049461692572, 43.2006786391139], [76.88048791140318, 43.200677298009396], [76.88047584146261, 43.20067126303911], [76.88047651201487, 43.20066589862108], [76.8804745003581, 43.20066522806883], [76.88047382980585, 43.20065449923277], [76.8804745003581, 43.20065315812826], [76.88048120588064, 43.2006511464715], [76.88048053532839, 43.20064913481474], [76.88047651201487, 43.20064779371023], [76.88048992305994, 43.20064779371023], [76.8804905936122, 43.20065047591925], [76.88049260526896, 43.20065047591925], [76.88049796968699, 43.20065449923277], [76.88049998134375, 43.20065449923277], [76.88050132244825, 43.20065584033728], [76.88050199300051, 43.2006598636508], [76.88050735741854, 43.2006598636508], [76.8805093690753, 43.20065852254629], [76.8805093690753, 43.20068199187517], [76.88050802797079, 43.200682662427425]]]}, "properties": {"id": 317, "class": "road", "confidence": 100.0, "source": "Almaty_7", "source_model": "unet-roads", "centroid_wkt": "POINT (76.8804923210074 43.20066462942198)", "bbox": [76.88047382980585, 43.20064779371023, 76.8805093690753, 43.200682662427425], "pixel_bbox": [1995, 4554, 2048, 4606], "area_m2": 7.765}}, {"type": "Feature", "geometry": {"type": "Polygon", "coordinates": [[[76.88603539019823, 43.200698755681515], [76.88602399080992, 43.20069406181574], [76.8860213086009, 43.20069070905447], [76.88601929694414, 43.200690038502216], [76.88601929694414, 43.200688026845455], [76.88601527363062, 43.20068400353193], [76.88601460307837, 43.20068199187517], [76.88601192086935, 43.20068199187517], [76.88601057976484, 43.200680650770664], [76.88600923866034, 43.20068132132292], [76.88600789755583, 43.20067998021841], [76.88600521534681, 43.20068199187517], [76.88600454479456, 43.20067796856165], [76.8860038742423, 43.200682662427425], [76.8860038742423, 43.20064779371023], [76.88600521534681, 43.200648464262486], [76.88600521534681, 43.20064712315798], [76.8860112503171, 43.200646452605724], [76.88606087118387, 43.200646452605724], [76.88606221228838, 43.20064779371023], [76.88606422394514, 43.20064779371023], [76.88606288284063, 43.20064980536699], [76.88606087118387, 43.20065047591925], [76.88606087118387, 43.20065315812826], [76.88605885952711, 43.20065584033728], [76.88605818897486, 43.20066053420305], [76.8860561773181, 43.20066053420305], [76.88605081290007, 43.20066723972559], [76.88605014234781, 43.20067394524813], [76.8860488012433, 43.200675286352634], [76.88604813069105, 43.20067930966616], [76.8860488012433, 43.20068534463644], [76.8860474601388, 43.20068936794996], [76.88604142516851, 43.20069741457701], [76.8860387429595, 43.200698755681515], [76.88603539019823, 43.200698755681515]]]}, "properties": {"id": 318, "class": "road", "confidence": 100.0, "source": "Almaty_7", "source_model": "unet-roads", "centroid_wkt": "POINT (76.88603065648425 43.20066749585652)", "bbox": [76.8860038742423, 43.200646452605724, 76.88606422394514, 43.200698755681515], "pixel_bbox": [10242, 4530, 10332, 4608], "area_m2": 19.756}}, {"type": "Feature", "geometry": {"type": "Polygon", "coordinates": [[[76.88027534633875, 43.20066723972559], [76.88026260584593, 43.200661204755306], [76.88025992363691, 43.20065651088953], [76.8802585825324, 43.20065651088953], [76.88025925308466, 43.200653828680515], [76.8802572414279, 43.20065248757601], [76.8802572414279, 43.2006511464715], [76.88025522977114, 43.20064980536699], [76.88025254756212, 43.20064980536699], [76.88024986535311, 43.20064779371023], [76.8802659586072, 43.200646452605724], [76.88028808683157, 43.20064779371023], [76.88028674572706, 43.20064980536699], [76.88028406351805, 43.2006511464715], [76.88028540462255, 43.200659193098545], [76.8802833929658, 43.200664557516575], [76.88027936965227, 43.20066723972559], [76.88027534633875, 43.20066723972559]]]}, "properties": {"id": 319, "class": "road", "confidence": 100.0, "source": "Almaty_7", "source_model": "unet-roads", "centroid_wkt": "POINT (76.8802723301266 43.20065498196462)", "bbox": [76.88024986535311, 43.200646452605724, 76.88028808683157, 43.20066723972559], "pixel_bbox": [1661, 4577, 1718, 4608], "area_m2": 4.277}}, {"type": "Feature", "geometry": {"type": "Polygon", "coordinates": [[[76.8861735239625, 43.2006873562932], [76.88617218285799, 43.20068668574095], [76.88617218285799, 43.20068534463644], [76.88617084175348, 43.200686015188694], [76.88617017120123, 43.200682662427425], [76.88616547733545, 43.20068333297968], [76.88615944236517, 43.200677298009396], [76.88615541905165, 43.20067662745714], [76.88615139573812, 43.20067260414362], [76.8861460313201, 43.200669921934605], [76.88614469021559, 43.20066791027784], [76.88613932579756, 43.20066589862108], [76.88613664358854, 43.200662545859814], [76.88613060861826, 43.20066053420305], [76.88612658530474, 43.20065516978502], [76.88612658530474, 43.2006511464715], [76.88612390309572, 43.2006511464715], [76.88611652702093, 43.20064779371023], [76.88612926751375, 43.200646452605724], [76.88617419451475, 43.200646452605724], [76.8861735239625, 43.2006873562932]]]}, "properties": {"id": 320, "class": "road", "confidence": 100.0, "source": "Almaty_7", "source_model": "unet-roads", "centroid_wkt": "POINT (76.88615454780309 43.20066015579341)", "bbox": [76.88611652702093, 43.200646452605724, 76.88617419451475, 43.2006873562932], "pixel_bbox": [10410, 4547, 10496, 4608], "area_m2": 11.214}}, {"type": "Feature", "geometry": {"type": "Polygon", "coordinates": [[[76.88621040433645, 43.20065785199404], [76.88620906323195, 43.20065651088953], [76.8862097337842, 43.200653828680515], [76.88620839267969, 43.200653828680515], [76.88620705157518, 43.2006511464715], [76.88619498163462, 43.2006511464715], [76.8861909583211, 43.20064980536699], [76.88618626445532, 43.20064980536699], [76.88618559390306, 43.200648464262486], [76.88618291169405, 43.20064779371023], [76.88619431108236, 43.200646452605724], [76.88622180372477, 43.200646452605724], [76.88623655587435, 43.20064779371023], [76.88623454421759, 43.20064913481474], [76.88622917979956, 43.20064980536699], [76.8862285092473, 43.2006511464715], [76.8862271681428, 43.2006511464715], [76.8862271681428, 43.20065248757601], [76.88622247427702, 43.20065248757601], [76.88622247427702, 43.20065785199404], [76.88621710985899, 43.20065785199404], [76.88621576875448, 43.20065651088953], [76.88621040433645, 43.20065785199404]], [[76.88622381538153, 43.2006511464715], [76.88622448593378, 43.200651817023754], [76.88622448593378, 43.2006511464715], [76.88622381538153, 43.2006511464715]]]}, "properties": {"id": 321, "class": "road", "confidence": 100.0, "source": "Almaty_7", "source_model": "unet-roads", "centroid_wkt": "POINT (76.8862122369573 43.20065009949133)", "bbox": [76.88618291169405, 43.200646452605724, 76.88623655587435, 43.20065785199404], "pixel_bbox": [10509, 4591, 10589, 4608], "area_m2": 2.657}}, {"type": "Feature", "geometry": {"type": "Polygon", "coordinates": [[[76.88085403293371, 43.20067126303911], [76.8808526918292, 43.20067059248686], [76.88085202127695, 43.20065047591925], [76.88085000962019, 43.20065047591925], [76.88085000962019, 43.200651817023754], [76.88084799796343, 43.20065315812826], [76.88083659857512, 43.20065248757601], [76.88083190470934, 43.20065047591925], [76.88082788139582, 43.20065047591925], [76.8808251991868, 43.20064913481474], [76.88082318753004, 43.200646452605724], [76.88089292496443, 43.200646452605724], [76.88090097159147, 43.20064779371023], [76.8808976188302, 43.200648464262486], [76.88089493662119, 43.20065047591925], [76.88089426606894, 43.20065516978502], [76.8808889016509, 43.20066053420305], [76.88087414950132, 43.200664557516575], [76.88087146729231, 43.200666569173336], [76.8808687850833, 43.200666569173336], [76.88086543232203, 43.20066925138235], [76.88085604459047, 43.200669921934605], [76.88085403293371, 43.20067126303911]]]}, "properties": {"id": 322, "class": "road", "confidence": 100.0, "source": "Almaty_7", "source_model": "unet-roads", "centroid_wkt": "POINT (76.88086647255413 43.20065471073025)", "bbox": [76.88082318753004, 43.200646452605724, 76.88090097159147, 43.20067126303911], "pixel_bbox": [2516, 4571, 2632, 4608], "area_m2": 8.493}}, {"type": "Feature", "geometry": {"type": "Polygon", "coordinates": [[[76.88364755362272, 43.20064578205347], [76.88362073153257, 43.20064578205347], [76.88362073153257, 43.20064444094896], [76.88361201435328, 43.20064444094896], [76.88361268490553, 43.20064578205347], [76.88361067324877, 43.20064578205347], [76.88361134380102, 43.20064377039671], [76.883608661592, 43.20064377039671], [76.883608661592, 43.200641088187695], [76.88361134380102, 43.20064041763544], [76.88361201435328, 43.20063907653093], [76.88361804932356, 43.20063907653093], [76.88361871987581, 43.200637735426426], [76.88362140208483, 43.200637735426426], [76.88362274318933, 43.200635723769665], [76.88363146036863, 43.200633712112904], [76.88363883644342, 43.200633712112904], [76.88364554196596, 43.20063505321741], [76.88364822417498, 43.20063639432192], [76.88365090638399, 43.20064041763544], [76.88364889472723, 43.20064377039671], [76.88364621251822, 43.20064377039671], [76.88364822417498, 43.20064444094896], [76.88364755362272, 43.20064578205347]], [[76.88364084810019, 43.20064444094896], [76.88364554196596, 43.20064444094896], [76.88364554196596, 43.20064377039671], [76.88364151865244, 43.200643099844456], [76.88364084810019, 43.20064444094896]]]}, "properties": {"id": 323, "class": "road", "confidence": 100.0, "source": "Almaty_7", "source_model": "unet-roads", "centroid_wkt": "POINT (76.88363202706837 43.20064005207458)", "bbox": [76.883608661592, 43.200633712112904, 76.88365090638399, 43.20064578205347], "pixel_bbox": [6670, 4609, 6733, 4627], "area_m2": 3.386}}, {"type": "Feature", "geometry": {"type": "Polygon", "coordinates": [[[76.87993872910738, 43.200646452605724], [76.87985356897116, 43.20064578205347], [76.8798528984189, 43.20064175873995], [76.87985356897116, 43.20063706487417], [76.87985692173243, 43.20063304156065], [76.87985692173243, 43.20063170045614], [76.87985960394144, 43.20062968879938], [76.87985960394144, 43.200628347694874], [76.87986563891172, 43.200624994933605], [76.87987770885229, 43.20062231272459], [76.87988642603159, 43.20062231272459], [76.87989581376314, 43.20062432438135], [76.87990453094244, 43.20062432438135], [76.87991056591272, 43.20062633603811], [76.87993068248034, 43.20062767714262], [76.87993738800287, 43.200630359351635], [76.87993738800287, 43.20063170045614], [76.87993872910738, 43.20063170045614], [76.87994007021189, 43.200635723769665], [76.8799414113164, 43.20063639432192], [76.8799414113164, 43.200641088187695], [76.87994007021189, 43.200641088187695], [76.87994007021189, 43.2006424292922], [76.87993805855513, 43.2006424292922], [76.87993738800287, 43.20064377039671], [76.87993872910738, 43.200646452605724]]]}, "properties": {"id": 324, "class": "road", "confidence": 100.0, "source": "Almaty_7", "source_model": "unet-roads", "centroid_wkt": "POINT (76.87989650103157 43.20063546719523)", "bbox": [76.8798528984189, 43.20062231272459, 76.8799414113164, 43.200646452605724], "pixel_bbox": [1069, 4608, 1201, 4644], "area_m2": 15.716}}, {"type": "Feature", "geometry": {"type": "Polygon", "coordinates": [[[76.8861735239625, 43.20051904767752], [76.8861735239625, 43.20051770657301], [76.88617151230574, 43.20051569491625], [76.88617151230574, 43.20051368325949], [76.88617017120123, 43.20051301270723], [76.88617017120123, 43.20051100105047], [76.88616815954447, 43.20051033049822], [76.88616748899221, 43.20050697773695], [76.8861661478877, 43.20050563663244], [76.88616279512644, 43.20050496608019], [76.88616279512644, 43.200500942766666], [76.88616547733545, 43.20049826055765], [76.88617017120123, 43.2004975900054], [76.88617017120123, 43.20049557834864], [76.88617285341024, 43.20049222558737], [76.88617419451475, 43.20048686116934], [76.8861735239625, 43.20051904767752]]]}, "properties": {"id": 325, "class": "road", "confidence": 100.0, "source": "Almaty_7", "source_model": "unet-roads", "centroid_wkt": "POINT (76.88617036707575 43.20050309908227)", "bbox": [76.88616279512644, 43.20048686116934, 76.88617419451475, 43.20051904767752], "pixel_bbox": [10479, 4798, 10496, 4846], "area_m2": 1.338}}, {"type": "Feature", "geometry": {"type": "Polygon", "coordinates": [[[76.88309568911791, 43.200612254440784], [76.88308965414762, 43.20061091333628], [76.8830856308341, 43.20061158388853], [76.8830842897296, 43.20061024278402], [76.8830842897296, 43.20060219615698], [76.88306216150522, 43.20060085505247], [76.88306014984846, 43.200599513947964], [76.88305746763945, 43.200599513947964], [76.88305478543043, 43.2005975022912], [76.88304875046015, 43.200596161186695], [76.8830480799079, 43.20059482008219], [76.8830407038331, 43.20059146732092], [76.88303533941507, 43.20058610290289], [76.88303399831057, 43.20058275014162], [76.88303265720606, 43.20058275014162], [76.88302930444479, 43.20057604461908], [76.88302796334028, 43.20057537406683], [76.88302595168352, 43.200569339096546], [76.88302461057901, 43.20056866854429], [76.88302461057901, 43.20056665688753], [76.88302192837, 43.20056263357401], [76.88302058726549, 43.20055793970823], [76.88302058726549, 43.20054855197668], [76.88302394002676, 43.20054184645414], [76.88302729278803, 43.20053916424513], [76.88302729278803, 43.20053782314062], [76.88302863389254, 43.20053782314062], [76.88303265720606, 43.2005337998271], [76.88304271548986, 43.20052910596132], [76.88304338604212, 43.200527764856815], [76.8830480799079, 43.20052642375231], [76.88304875046015, 43.2005250826478], [76.88305947929621, 43.200522400438786], [76.88306350260973, 43.200522400438786], [76.88306618481874, 43.20052105933428], [76.88307490199804, 43.200520388782024], [76.88308361917734, 43.20051770657301], [76.88308496028185, 43.20047479122877], [76.88313189893961, 43.20047479122877], [76.88313256949186, 43.20047613233328], [76.88313525170088, 43.20047680288553], [76.88313592225313, 43.2004801556468], [76.8831479921937, 43.200493566691875], [76.8831493332982, 43.2004975900054], [76.88315067440271, 43.2004975900054], [76.88315402716398, 43.20050362497568], [76.88315737992525, 43.200506307184696], [76.88316408544779, 43.20051971822977], [76.88316944986582, 43.20052374154329], [76.88317012041807, 43.20052709430456], [76.88317146152258, 43.20052709430456], [76.88317280262709, 43.20053178817034], [76.8831754848361, 43.200535140931606], [76.88317950814962, 43.20054855197668], [76.88317816704512, 43.20054788142443], [76.88317816704512, 43.2005525752902], [76.88317280262709, 43.200563974678516], [76.88317079097033, 43.20056464523077], [76.88317079097033, 43.20056598633528], [76.88316877931356, 43.20056799799204], [76.88316743820906, 43.20056799799204], [76.8831654265523, 43.200570680201054], [76.88316408544779, 43.200570680201054], [76.88316140323877, 43.20057403296232], [76.88316140323877, 43.20057671517134], [76.88315939158201, 43.20057738572359], [76.88315939158201, 43.20058207958937], [76.8831580504775, 43.20058409124613], [76.883156709373, 43.20058409124613], [76.883156709373, 43.20058610290289], [76.88315536826849, 43.2005874440074], [76.88315469771624, 43.20059683173895], [76.8831493332982, 43.20060286670923], [76.8831493332982, 43.20060420781374], [76.8831479921937, 43.20060420781374], [76.8831479921937, 43.20060554891825], [76.88313994556665, 43.20060957223177], [76.88313189893961, 43.20061158388853], [76.88309568911791, 43.200612254440784]]]}, "properties": {"id": 326, "class": "road", "confidence": 100.0, "source": "Almaty_7", "source_model": "unet-roads", "centroid_wkt": "POINT (76.88310471825406 43.20054878649925)", "bbox": [76.88302058726549, 43.20047479122877, 76.88317950814962, 43.200612254440784], "pixel_bbox": [5793, 4659, 6030, 4864], "area_m2": 131.028}}, {"type": "Feature", "geometry": {"type": "Polygon", "coordinates": [[[76.8827423080802, 43.20055793970823], [76.88274096697569, 43.200554586946964], [76.88274096697569, 43.200475461781025], [76.88279259949923, 43.20047479122877], [76.88279528170824, 43.20047613233328], [76.88279461115599, 43.20047881454229], [76.88279327005148, 43.20047881454229], [76.88279327005148, 43.20048417896032], [76.88279125839472, 43.20048686116934], [76.88278991729021, 43.20048686116934], [76.8827885761857, 43.2004888728261], [76.88278187066317, 43.20049021393061], [76.88277650624514, 43.20049289613962], [76.88277382403612, 43.20049289613962], [76.88276577740908, 43.200496919453144], [76.8827597424388, 43.200502283871174], [76.88275706022978, 43.200507648289204], [76.88275773078203, 43.20051435381174], [76.88276175409555, 43.20052172988653], [76.88276443630457, 43.20052374154329], [76.88276443630457, 43.2005250826478], [76.88276577740908, 43.2005250826478], [76.88276778906584, 43.200527764856815], [76.88276913017035, 43.200527764856815], [76.88277449458838, 43.20053245872259], [76.88277918845415, 43.20053447037935], [76.88278522342443, 43.200540505349636], [76.88278656452894, 43.200543858110905], [76.88278589397669, 43.20054989308119], [76.8827798590064, 43.20055525749922], [76.88277047127485, 43.20055793970823], [76.88274901360273, 43.200556598603725], [76.8827423080802, 43.20055793970823]]]}, "properties": {"id": 327, "class": "road", "confidence": 100.0, "source": "Almaty_7", "source_model": "unet-roads", "centroid_wkt": "POINT (76.8827607282283 43.200515407794846)", "bbox": [76.88274096697569, 43.20047479122877, 76.88279528170824, 43.20055793970823], "pixel_bbox": [5376, 4740, 5457, 4864], "area_m2": 25.111}}, {"type": "Feature", "geometry": {"type": "Polygon", "coordinates": [[[76.88428524881601, 43.200709484517574], [76.88428457826376, 43.20070546120405], [76.88427921384573, 43.200706131756306], [76.88427049666643, 43.20070344954729], [76.88426245003939, 43.200693391263485], [76.88425775617361, 43.20068333297968], [76.88425038009882, 43.200675286352634], [76.88424166291952, 43.20067126303911], [76.88422691076994, 43.20066925138235], [76.88421752303839, 43.200669921934605], [76.88421215862036, 43.20066723972559], [76.88420746475458, 43.200666569173336], [76.88420612365007, 43.200664557516575], [76.88420478254557, 43.200664557516575], [76.88420210033655, 43.20065651088953], [76.88420210033655, 43.2006511464715], [76.88420411199331, 43.20064779371023], [76.88420344144106, 43.200646452605724], [76.88420545309782, 43.20064511150122], [76.88420612365007, 43.20063974708319], [76.88420947641134, 43.200632371008396], [76.88421081751585, 43.20062566548586], [76.88421349972486, 43.20062164217234], [76.88421551138163, 43.20061359554529], [76.88421551138163, 43.20059549063444], [76.88421685248613, 43.20059347897768], [76.88421685248613, 43.200590796768665], [76.88421551138163, 43.20058610290289], [76.88421417027712, 43.20058476179838], [76.88421417027712, 43.20057403296232], [76.88422087579966, 43.200543858110905], [76.88422489911318, 43.2005337998271], [76.88422624021769, 43.20052709430456], [76.88422691076994, 43.20051100105047], [76.88422489911318, 43.20050697773695], [76.88422422856092, 43.200496919453144], [76.88422154635191, 43.20048954337835], [76.88422154635191, 43.20048350840807], [76.88422288745642, 43.20048149675131], [76.88422221690416, 43.20047613233328], [76.88422556966543, 43.20047479122877], [76.88425440341234, 43.20047479122877], [76.88425976783037, 43.200473450124264], [76.88426177948713, 43.20047412067652], [76.88426647335291, 43.200472109019756], [76.88427653163671, 43.200472109019756], [76.8842738494277, 43.200470097362995], [76.8842738494277, 43.200468085706234], [76.88427787274122, 43.20046540349722], [76.8842839077115, 43.20046540349722], [76.88428457826376, 43.20046406239271], [76.88428591936827, 43.20046406239271], [76.88428658992052, 43.20048686116934], [76.88428994268179, 43.20049021393061], [76.8842926248908, 43.20049021393061], [76.88429597765207, 43.20049624890089], [76.88429329544306, 43.20050831884146], [76.88428994268179, 43.200511671602726], [76.88428726047277, 43.200517036020756], [76.88428793102503, 43.20052441209555], [76.88429061323404, 43.20052441209555], [76.88428793102503, 43.2005250826478], [76.88428793102503, 43.20052709430456], [76.88428927212954, 43.200527764856815], [76.88428726047277, 43.20052910596132], [76.88428793102503, 43.2005337998271], [76.88428994268179, 43.200531117618084], [76.8842926248908, 43.20053178817034], [76.88429463654757, 43.200536482036114], [76.88429597765207, 43.200536482036114], [76.88429597765207, 43.20053782314062], [76.88429798930883, 43.20053782314062], [76.88429865986109, 43.20053581148386], [76.88430067151785, 43.200536482036114], [76.8843013420701, 43.200535140931606], [76.88430469483137, 43.200535140931606], [76.88430670648813, 43.20053245872259], [76.8843100592494, 43.20053245872259], [76.88431408256292, 43.20052977651358], [76.8843201175332, 43.20052977651358], [76.88432078808546, 43.200527764856815], [76.88432615250349, 43.20052709430456], [76.88433352857828, 43.20052910596132], [76.8843362107873, 43.20053178817034], [76.8843362107873, 43.200533129274845], [76.8843375518918, 43.200533129274845], [76.88433889299631, 43.20053983479738], [76.88434023410082, 43.200540505349636], [76.88434023410082, 43.2005425170064], [76.88434157520533, 43.200543858110905], [76.88434291630983, 43.200551234185696], [76.88434291630983, 43.20056598633528], [76.88434425741434, 43.20056866854429], [76.88434425741434, 43.20057403296232], [76.88434559851885, 43.20057604461908], [76.88434693962336, 43.20058677345514], [76.88434828072786, 43.2005874440074], [76.88434962183237, 43.20059146732092], [76.88434962183237, 43.20060219615698], [76.88434761017561, 43.20060487836599], [76.88434559851885, 43.20061158388853], [76.88434157520533, 43.2006149366498], [76.88434157520533, 43.20061627775431], [76.88433889299631, 43.20061895996332], [76.8843375518918, 43.2006236538291], [76.88433352857828, 43.20062901824713], [76.88433352857828, 43.20063639432192], [76.88433218747377, 43.20063974708319], [76.88433017581701, 43.200641088187695], [76.88432950526476, 43.200646452605724], [76.88428927212954, 43.20064712315798], [76.88429396599531, 43.20064779371023], [76.88429329544306, 43.200651817023754], [76.88429463654757, 43.200651817023754], [76.88429530709982, 43.20065315812826], [76.88429530709982, 43.20065852254629], [76.88429396599531, 43.20065852254629], [76.88429329544306, 43.20066187530756], [76.88428726047277, 43.20066187530756], [76.88428591936827, 43.20066589862108], [76.88428524881601, 43.200709484517574]]]}, "properties": {"id": 328, "class": "road", "confidence": 100.0, "source": "Almaty_7", "source_model": "unet-roads", "centroid_wkt": "POINT (76.88427207548743 43.20058403886195)", "bbox": [76.88420210033655, 43.20046406239271, 76.88434962183237, 43.200709484517574], "pixel_bbox": [7555, 4514, 7775, 4880], "area_m2": 193.235}}, {"type": "Feature", "geometry": {"type": "Polygon", "coordinates": [[[76.88429463654757, 43.20047479122877], [76.88428658992052, 43.200473450124264], [76.88428726047277, 43.200472109019756], [76.88428927212954, 43.200472109019756], [76.88428860157728, 43.20047076791525], [76.88428658992052, 43.20047076791525], [76.88428658992052, 43.200468085706234], [76.88429061323404, 43.20046741515398], [76.8842912837863, 43.20046540349722], [76.88429597765207, 43.20046540349722], [76.88429731875658, 43.200462721288204], [76.88430067151785, 43.20046205073595], [76.88432816416025, 43.20046339184046], [76.88433956354856, 43.20046540349722], [76.88434224575758, 43.20046674460173], [76.88435632735491, 43.20046607404947], [76.88435900956392, 43.20046741515398], [76.8843637034297, 43.20046741515398], [76.88436839729548, 43.20046540349722], [76.88437443226576, 43.20046540349722], [76.88437711447477, 43.20046741515398], [76.88437845557928, 43.2004714384675], [76.8843824788928, 43.20047277957201], [76.8843824788928, 43.20047412067652], [76.88437577337027, 43.20047479122877], [76.88429463654757, 43.20047479122877]]]}, "properties": {"id": 329, "class": "road", "confidence": 100.0, "source": "Almaty_7", "source_model": "unet-roads", "centroid_wkt": "POINT (76.88433097862399 43.20046933344306)", "bbox": [76.88428658992052, 43.20046205073595, 76.8843824788928, 43.20047479122877], "pixel_bbox": [7681, 4864, 7824, 4883], "area_m2": 8.191}}, {"type": "Feature", "geometry": {"type": "Polygon", "coordinates": [[[76.88233997672796, 43.20047479122877], [76.8823379650712, 43.20047277957201], [76.8823379650712, 43.2004714384675], [76.8823366239667, 43.2004714384675], [76.88233729451895, 43.20046674460173], [76.8823466822505, 43.20046339184046], [76.8823654577136, 43.200462721288204], [76.88237953931093, 43.20046003907919], [76.88238892704248, 43.20046070963144], [76.88239227980375, 43.200462721288204], [76.88239764422178, 43.2004613801837], [76.88239697366953, 43.20047479122877], [76.88233997672796, 43.20047479122877]]]}, "properties": {"id": 330, "class": "road", "confidence": 100.0, "source": "Almaty_7", "source_model": "unet-roads", "centroid_wkt": "POINT (76.88236956273478 43.20046812074318)", "bbox": [76.8823366239667, 43.20046003907919, 76.88239764422178, 43.20047479122877], "pixel_bbox": [4773, 4864, 4864, 4886], "area_m2": 6.689}}, {"type": "Feature", "geometry": {"type": "Polygon", "coordinates": [[[76.88251096755266, 43.20047479122877], [76.88250828534365, 43.200473450124264], [76.8825089558959, 43.200472109019756], [76.88250828534365, 43.20047076791525], [76.88250694423914, 43.20047076791525], [76.88250694423914, 43.20046741515398], [76.88250962644815, 43.20046540349722], [76.88251096755266, 43.200462721288204], [76.88252035528421, 43.20045802742243], [76.882527731359, 43.20045601576567], [76.88253577798605, 43.20045534521341], [76.88255254179239, 43.20045668631792], [76.88256595283747, 43.20045601576567], [76.88256796449423, 43.200457356870174], [76.88256997615099, 43.2004526630044], [76.88257399946451, 43.200454004108906], [76.88258271664381, 43.20045467466116], [76.88258472830057, 43.20045601576567], [76.88259143382311, 43.200457356870174], [76.88259277492762, 43.20045869797468], [76.88259813934565, 43.200459368526936], [76.88260618597269, 43.20046406239271], [76.88260819762945, 43.20046406239271], [76.88261155039072, 43.20046875625849], [76.88261087983847, 43.20047412067652], [76.88260819762945, 43.20047479122877], [76.88257064670324, 43.20047479122877], [76.88256930559874, 43.20047277957201], [76.88256796449423, 43.20047277957201], [76.88256729394197, 43.20047412067652], [76.88256595283747, 43.200473450124264], [76.88256528228521, 43.20047479122877], [76.88251096755266, 43.20047479122877]]]}, "properties": {"id": 331, "class": "road", "confidence": 100.0, "source": "Almaty_7", "source_model": "unet-roads", "centroid_wkt": "POINT (76.8825591534137 43.20046553168936)", "bbox": [76.88250694423914, 43.2004526630044, 76.88261155039072, 43.20047479122877], "pixel_bbox": [5027, 4864, 5183, 4897], "area_m2": 15.931}}, {"type": "Feature", "geometry": {"type": "Polygon", "coordinates": [[[76.87993671745062, 43.200493566691875], [76.87992665916681, 43.20049222558737], [76.87991928309202, 43.20048216730356], [76.87991928309202, 43.200475461781025], [76.87991727143526, 43.20047479122877], [76.87991861253977, 43.20047412067652], [76.87991861253977, 43.200472109019756], [76.87991727143526, 43.2004714384675], [76.87991593033075, 43.20046741515398], [76.8799152597785, 43.200454004108906], [76.87991861253977, 43.200444616377354], [76.87992062419653, 43.200443275272846], [76.87992196530104, 43.200439251959324], [76.87992598861456, 43.2004352286458], [76.87992800027132, 43.20043120533228], [76.87992934137583, 43.20043120533228], [76.87992934137583, 43.20042986422777], [76.87993738800287, 43.20042584091425], [76.87993805855513, 43.20042449980974], [76.87994007021189, 43.20042449980974], [76.8799414113164, 43.20042248815298], [76.87994342297316, 43.200423158705235], [76.87994342297316, 43.20042181760073], [76.87994476407766, 43.20042114704847], [76.87994878739119, 43.20042114704847], [76.87994878739119, 43.20042248815298], [76.8799501284957, 43.20042248815298], [76.87995079904795, 43.20042449980974], [76.87995348125696, 43.2004265114665], [76.8799514696002, 43.200428523123264], [76.87995348125696, 43.200433887541294], [76.87995348125696, 43.20045467466116], [76.87995079904795, 43.20046003907919], [76.87994945794344, 43.2004714384675], [76.87994811683893, 43.200472109019756], [76.87994811683893, 43.20047412067652], [76.8799501284957, 43.20047479122877], [76.87994677573442, 43.200475461781025], [76.87994677573442, 43.20047948509455], [76.87994543462992, 43.200480826199055], [76.87994543462992, 43.20048350840807], [76.8799427524209, 43.20048954337835], [76.87993939965963, 43.20049222558737], [76.87993738800287, 43.20049222558737], [76.87993671745062, 43.200493566691875]]]}, "properties": {"id": 332, "class": "road", "confidence": 100.0, "source": "Almaty_7", "source_model": "unet-roads", "centroid_wkt": "POINT (76.87993566891839 43.20045721414683)", "bbox": [76.8799152597785, 43.20042114704847, 76.87995348125696, 43.200493566691875], "pixel_bbox": [1162, 4836, 1219, 4944], "area_m2": 18.244}}, {"type": "Feature", "geometry": {"type": "Polygon", "coordinates": [[[76.88582014292479, 43.20043187588453], [76.88581746071577, 43.200430534780025], [76.88581746071577, 43.20042785257101], [76.88581477850676, 43.200425170361996], [76.88581679016352, 43.20042248815298], [76.88581679016352, 43.20041846483946], [76.88582014292479, 43.20041712373495], [76.88582550734282, 43.20041846483946], [76.88582684844732, 43.20041846483946], [76.88582751899958, 43.20041712373495], [76.88582886010408, 43.200417794287205], [76.88583020120859, 43.2004164531827], [76.88583087176085, 43.20041175931692], [76.88583087176085, 43.20043120533228], [76.88583020120859, 43.20042382925749], [76.88582886010408, 43.20042181760073], [76.88582751899958, 43.20042718201876], [76.88582617789507, 43.20042584091425], [76.88582349568605, 43.200428523123264], [76.88582349568605, 43.20042986422777], [76.88582014292479, 43.20043187588453]]]}, "properties": {"id": 333, "class": "road", "confidence": 100.0, "source": "Almaty_7", "source_model": "unet-roads", "centroid_wkt": "POINT (76.88582318633927 43.20042294290097)", "bbox": [76.88581477850676, 43.20041175931692, 76.88583087176085, 43.20043187588453], "pixel_bbox": [9960, 4928, 9984, 4958], "area_m2": 1.382}}, {"type": "Feature", "geometry": {"type": "Polygon", "coordinates": [[[76.88583020120859, 43.20039365440607], [76.88582953065634, 43.20038426667452], [76.88582751899958, 43.200385607779026], [76.88582751899958, 43.20038828998804], [76.88582617789507, 43.20038627833128], [76.88582483679056, 43.2003903016448], [76.88582215458155, 43.200390972197056], [76.88582014292479, 43.20038963109255], [76.88581947237253, 43.20038627833128], [76.88581813126802, 43.200385607779026], [76.88581746071577, 43.200380243360996], [76.88581611961126, 43.20037957280874], [76.88581611961126, 43.20037353783846], [76.88581746071577, 43.2003715261817], [76.88581880182028, 43.2003715261817], [76.88582014292479, 43.20036817342043], [76.88581947237253, 43.20036482065916], [76.8858214840293, 43.20036347955465], [76.88582215458155, 43.20036146789789], [76.88582483679056, 43.200362138450146], [76.88582550734282, 43.20036415010691], [76.88582751899958, 43.20036482065916], [76.88582617789507, 43.20036884397268], [76.88582751899958, 43.20036951452494], [76.88582818955183, 43.20037219673395], [76.88583087176085, 43.20037219673395], [76.88583020120859, 43.20039365440607]]]}, "properties": {"id": 334, "class": "road", "confidence": 100.0, "source": "Almaty_7", "source_model": "unet-roads", "centroid_wkt": "POINT (76.88582393722456 43.20037673870909)", "bbox": [76.88581611961126, 43.20036146789789, 76.88583087176085, 43.20039365440607], "pixel_bbox": [9962, 4985, 9984, 5033], "area_m2": 2.6}}, {"type": "Feature", "geometry": {"type": "Polygon", "coordinates": [[[76.88375819474459, 43.2003715261817], [76.88375752419233, 43.20037018507719], [76.88375417143106, 43.20037018507719], [76.88375350087881, 43.200365491211414], [76.8837521597743, 43.20036347955465], [76.8837521597743, 43.200360126793385], [76.88375551253557, 43.20035811513662], [76.88375886529684, 43.20035945624113], [76.88376221805811, 43.20036347955465], [76.88376221805811, 43.20036683231592], [76.8837608769536, 43.20036951452494], [76.88375819474459, 43.2003715261817]]]}, "properties": {"id": 335, "class": "road", "confidence": 100.0, "source": "Almaty_7", "source_model": "unet-roads", "centroid_wkt": "POINT (76.8837575097546 43.200364261865616)", "bbox": [76.8837521597743, 43.20035811513662, 76.88376221805811, 43.2003715261817], "pixel_bbox": [6884, 5018, 6899, 5038], "area_m2": 0.849}}, {"type": "Feature", "geometry": {"type": "Polygon", "coordinates": [[[76.8822655454278, 43.20046607404947], [76.88225749880075, 43.200464732944965], [76.88224274665117, 43.200464732944965], [76.88224073499441, 43.20046339184046], [76.88223537057638, 43.200462721288204], [76.88222665339708, 43.20046339184046], [76.88222531229258, 43.20045869797468], [76.88220787793398, 43.200459368526936], [76.88218776136637, 43.20045534521341], [76.88217166811228, 43.20044729858637], [76.88216496258974, 43.20044059306383], [76.88216496258974, 43.200439251959324], [76.88216362148523, 43.200439251959324], [76.88216362148523, 43.200437910854816], [76.88215892761946, 43.200433887541294], [76.88215758651495, 43.20043120533228], [76.88215758651495, 43.200423158705235], [76.88216093927622, 43.2004164531827], [76.8821669742465, 43.20041108876467], [76.88217837363482, 43.20040572434664], [76.88218239694834, 43.20040103048086], [76.88218239694834, 43.2003990188241], [76.88218373805285, 43.20039767771959], [76.88218373805285, 43.20039298385382], [76.88218172639608, 43.20038627833128], [76.88218239694834, 43.20037957280874], [76.88218373805285, 43.20037890225649], [76.88218507915735, 43.20037554949522], [76.88218843191862, 43.200372867286205], [76.88218910247087, 43.200370855629444], [76.88219044357538, 43.200370855629444], [76.88219379633665, 43.200367502868176], [76.88219647854567, 43.20036683231592], [76.88220854848623, 43.200354762375355], [76.882210560143, 43.200354762375355], [76.88221324235201, 43.200352750718594], [76.88221592456102, 43.200352750718594], [76.88221994787455, 43.200354762375355], [76.88222598284483, 43.200352750718594], [76.88222665339708, 43.20036347955465], [76.88223537057638, 43.2003628090024], [76.8822380527854, 43.20036415010691], [76.8822467699647, 43.20036482065916], [76.8822568282485, 43.20036884397268], [76.88226353377104, 43.20036951452494], [76.8822668865323, 43.2003715261817], [76.88227158039808, 43.20037219673395], [76.8822742626071, 43.20037420839071], [76.88228566199541, 43.20037219673395], [76.88230711966753, 43.20037219673395], [76.88231382519007, 43.20037487894297], [76.88231851905584, 43.20037487894297], [76.88232120126486, 43.200376220047474], [76.88232455402613, 43.20038091391325], [76.88232723623514, 43.200381584465504], [76.8823279067874, 43.20038292557001], [76.88233125954866, 43.20038426667452], [76.88233260065317, 43.20038694888353], [76.88233394175768, 43.20038694888353], [76.8823366239667, 43.20040304213762], [76.88233327120543, 43.20040572434664], [76.88233260065317, 43.20040840655565], [76.8823292478919, 43.20041175931692], [76.88232187181711, 43.200412429869175], [76.88231650739908, 43.20041108876467], [76.88231382519007, 43.20040840655565], [76.88231114298105, 43.2004077360034], [76.88230846077204, 43.20040438324213], [76.88230711966753, 43.20040438324213], [76.88230309635401, 43.20040035992861], [76.88230309635401, 43.2003990188241], [76.8823017552495, 43.2003990188241], [76.8823017552495, 43.20039767771959], [76.88229706138372, 43.20039566606283], [76.88228901475668, 43.20038828998804], [76.88228700309992, 43.20038828998804], [76.88228566199541, 43.20038694888353], [76.8822829797864, 43.20038761943579], [76.88228029757738, 43.20038627833128], [76.88227292150259, 43.20038963109255], [76.88227225095034, 43.20039164274931], [76.8822668865323, 43.200394324958324], [76.8822655454278, 43.200396336615086], [76.88226420432329, 43.200396336615086], [76.88226286321878, 43.20039834827185], [76.88226152211428, 43.20039834827185], [76.88225213438272, 43.20040639489889], [76.88225012272596, 43.200410418212414], [76.88225012272596, 43.200415782630444], [76.88225280493498, 43.20042047649622], [76.88225749880075, 43.20042584091425], [76.88225883990526, 43.20042584091425], [76.88226621598005, 43.20043254643679], [76.88226755708456, 43.20043254643679], [76.88227761536837, 43.20044260472059], [76.88227761536837, 43.2004439458251], [76.88227962702513, 43.20044528692961], [76.88228230923414, 43.20045065134764], [76.8822829797864, 43.20045668631792], [76.88228163868189, 43.20045802742243], [76.88227627426386, 43.200459368526936], [76.8822655454278, 43.20046607404947]]]}, "properties": {"id": 336, "class": "road", "confidence": 100.0, "source": "Almaty_7", "source_model": "unet-roads", "centroid_wkt": "POINT (76.8822342818117 43.20041040210431)", "bbox": [76.88215758651495, 43.200352750718594, 76.8823366239667, 43.20046607404947], "pixel_bbox": [4506, 4877, 4773, 5046], "area_m2": 95.928}}, {"type": "Feature", "geometry": {"type": "Polygon", "coordinates": [[[76.88486259430647, 43.2004077360034], [76.88485857099295, 43.20040639489889], [76.88485387712717, 43.2003990188241], [76.88485320657492, 43.20039365440607], [76.88485119491816, 43.20038963109255], [76.88484985381365, 43.20038292557001], [76.88484851270914, 43.200381584465504], [76.88484784215689, 43.20037420839071], [76.88484650105238, 43.20037219673395], [76.88484650105238, 43.20033933967352], [76.88484851270914, 43.20033196359873], [76.88484851270914, 43.20031452924013], [76.88485253602266, 43.20031050592661], [76.88485320657492, 43.200304470956326], [76.8848679587245, 43.20030312985182], [76.88489612191916, 43.20030312985182], [76.88490148633718, 43.200304470956326], [76.88491087406874, 43.200304470956326], [76.88491087406874, 43.20030312985182], [76.88492495566607, 43.20030312985182], [76.88492562621832, 43.20031452924013], [76.88492361456156, 43.20031654089689], [76.88492361456156, 43.200318552553654], [76.88491825014353, 43.20032458752394], [76.88491825014353, 43.200325928628445], [76.88491556793451, 43.20032726973295], [76.88491556793451, 43.20032861083746], [76.88491422683, 43.20032861083746], [76.88491154462099, 43.20033196359873], [76.88491020351648, 43.20033196359873], [76.88491020351648, 43.200333304703236], [76.88490886241198, 43.200333304703236], [76.88490483909845, 43.20033732801676], [76.88490215688944, 43.20035073906183], [76.88490215688944, 43.200360126793385], [76.88490081578493, 43.200362138450146], [76.88490014523268, 43.20037487894297], [76.88489947468042, 43.20037756115198], [76.88489746302366, 43.20037957280874], [76.8848954513669, 43.20038761943579], [76.8848941102624, 43.20038828998804], [76.88489343971014, 43.200390972197056], [76.88489142805338, 43.20039164274931], [76.88488740473986, 43.200396336615086], [76.88488136976957, 43.20039834827185], [76.88488136976957, 43.200399689376354], [76.88487868756056, 43.200399689376354], [76.88487868756056, 43.20040103048086], [76.88487399369478, 43.20040371268988], [76.88487265259027, 43.20040572434664], [76.88486259430647, 43.2004077360034]], [[76.8848867341876, 43.20033464580774], [76.88489075750113, 43.200333304703236], [76.88489276915789, 43.200331293046474], [76.8848954513669, 43.2003265991807], [76.8848954513669, 43.200322575867176], [76.88489008694887, 43.20032525807619], [76.88488606363535, 43.200325928628445], [76.88488338142633, 43.200327940285206], [76.88488271087408, 43.20033263415098], [76.88488338142633, 43.20033397525549], [76.8848867341876, 43.20033464580774]], [[76.88490148633718, 43.20030581206083], [76.88490282744169, 43.20030648261309], [76.88490282744169, 43.20030581206083], [76.88490148633718, 43.20030581206083]]]}, "properties": {"id": 337, "class": "road", "confidence": 100.0, "source": "Almaty_7", "source_model": "unet-roads", "centroid_wkt": "POINT (76.88487828535979 43.200347488537474)", "bbox": [76.88484650105238, 43.20030312985182, 76.88492562621832, 43.2004077360034], "pixel_bbox": [8516, 4964, 8634, 5120], "area_m2": 50.035}}, {"type": "Feature", "geometry": {"type": "Polygon", "coordinates": [[[76.87999572604895, 43.20033598691225], [76.87999438494444, 43.200333304703236], [76.87999438494444, 43.200304470956326], [76.8799963966012, 43.20030312985182], [76.88006076961756, 43.20030312985182], [76.88007351011038, 43.200304470956326], [76.88007283955812, 43.20030581206083], [76.88006948679686, 43.20030648261309], [76.8800688162446, 43.200307823717594], [76.88007015734911, 43.20031050592661], [76.88007015734911, 43.20031587034464], [76.88006814569235, 43.200318552553654], [76.88006546348333, 43.20031922310591], [76.88006345182657, 43.20032123476267], [76.880051381886, 43.200322575867176], [76.88004802912474, 43.20032391697168], [76.8800312653184, 43.20032391697168], [76.8800225481391, 43.2003265991807], [76.88001986593008, 43.20032861083746], [76.88001584261656, 43.20032928138971], [76.8800138309598, 43.200331293046474], [76.88001047819853, 43.20033196359873], [76.88000980764627, 43.200333304703236], [76.88000041991472, 43.20033598691225], [76.87999572604895, 43.20033598691225]]]}, "properties": {"id": 338, "class": "road", "confidence": 100.0, "source": "Almaty_7", "source_model": "unet-roads", "centroid_wkt": "POINT (76.88002781341496 43.200315117102875)", "bbox": [76.87999438494444, 43.20030312985182, 76.88007351011038, 43.20033598691225], "pixel_bbox": [1280, 5071, 1398, 5120], "area_m2": 15.968}}, {"type": "Feature", "geometry": {"type": "Polygon", "coordinates": [[[76.88371863216162, 43.200317211449146], [76.88371729105711, 43.20031587034464], [76.88371259719133, 43.20031452924013], [76.88370991498232, 43.2003091648221], [76.88371058553457, 43.200307823717594], [76.88370790332556, 43.200304470956326], [76.88370924443007, 43.200304470956326], [76.88370991498232, 43.20030312985182], [76.88373807817698, 43.20030312985182], [76.88373874872923, 43.20030514150858], [76.88373673707247, 43.20030715316534], [76.88373673707247, 43.20031050592661], [76.88373271375895, 43.20031452924013], [76.88372734934092, 43.200317211449146], [76.88371863216162, 43.200317211449146]]]}, "properties": {"id": 339, "class": "road", "confidence": 100.0, "source": "Almaty_7", "source_model": "unet-roads", "centroid_wkt": "POINT (76.88372375879196 43.200308954673666)", "bbox": [76.88370790332556, 43.20030312985182, 76.88373874872923, 43.200317211449146], "pixel_bbox": [6818, 5099, 6864, 5120], "area_m2": 3.021}}, {"type": "Feature", "geometry": {"type": "Polygon", "coordinates": [[[76.88581544905901, 43.2003540918231], [76.8858141079545, 43.200352750718594], [76.88581209629774, 43.200352750718594], [76.88581142574549, 43.200351409614086], [76.8858040496707, 43.20035073906183], [76.88580270856619, 43.200349397957325], [76.88580002635717, 43.200349397957325], [76.88579801470041, 43.20034805685282], [76.88577856868505, 43.20034671574831], [76.88577588647604, 43.2003453746438], [76.8857691809535, 43.20034470409155], [76.88576113432646, 43.200342021882534], [76.88575845211744, 43.20034001022577], [76.88575644046068, 43.20034001022577], [76.88575241714716, 43.20033598691225], [76.88574235886335, 43.20033062249422], [76.8857416883111, 43.20032928138971], [76.88573900610209, 43.20032861083746], [76.88573766499758, 43.2003265991807], [76.88571821898222, 43.2003178820014], [76.88571151345968, 43.20031184703112], [76.88571084290743, 43.20030849426985], [76.88571285456419, 43.200307823717594], [76.88571151345968, 43.200307823717594], [76.88571151345968, 43.20030648261309], [76.88570883125067, 43.20030648261309], [76.88570749014616, 43.200304470956326], [76.88571754842997, 43.20030312985182], [76.88582081347704, 43.20030312985182], [76.88582751899958, 43.200304470956326], [76.88582684844732, 43.20030581206083], [76.88582215458155, 43.20030715316534], [76.88582215458155, 43.20031050592661], [76.88582349568605, 43.20031117647886], [76.88582483679056, 43.20031452924013], [76.88582483679056, 43.200320564210415], [76.88582349568605, 43.200322575867176], [76.8858228251338, 43.200331293046474], [76.8858214840293, 43.20033531636], [76.8858214840293, 43.20034269243479], [76.8858228251338, 43.20034470409155], [76.88582349568605, 43.20035208016634], [76.88581746071577, 43.200352750718594], [76.88581544905901, 43.2003540918231]]]}, "properties": {"id": 340, "class": "road", "confidence": 100.0, "source": "Almaty_7", "source_model": "unet-roads", "centroid_wkt": "POINT (76.88577806002344 43.200322533165696)", "bbox": [76.88570749014616, 43.20030312985182, 76.88582751899958, 43.2003540918231], "pixel_bbox": [9800, 5044, 9979, 5120], "area_m2": 36.059}}, {"type": "Feature", "geometry": {"type": "Polygon", "coordinates": [[[76.884057931602, 43.20030312985182], [76.88398148864508, 43.200302459299564], [76.88398148864508, 43.20029977709055], [76.88398282974958, 43.20029977709055], [76.8839868530631, 43.20029575377703], [76.88398953527212, 43.20029575377703], [76.8839942291379, 43.200293742120266], [76.8840116634965, 43.200293742120266], [76.88401367515326, 43.200291730463505], [76.88401635736227, 43.20029105991125], [76.88406128436327, 43.20029240101576], [76.88406597822905, 43.20029508322477], [76.8840679898858, 43.20029508322477], [76.88407134264708, 43.20029776543379], [76.88406866043806, 43.200299106538296], [76.88407000154257, 43.20030111819506], [76.884057931602, 43.20030312985182]]]}, "properties": {"id": 341, "class": "road", "confidence": 100.0, "source": "Almaty_7", "source_model": "unet-roads", "centroid_wkt": "POINT (76.88402833091834 43.200297377412284)", "bbox": [76.88398148864508, 43.20029105991125, 76.88407134264708, 43.20030312985182], "pixel_bbox": [7226, 5120, 7360, 5138], "area_m2": 7.673}}, {"type": "Feature", "geometry": {"type": "Polygon", "coordinates": [[[76.88373070210218, 43.200299106538296], [76.88371796160936, 43.200299106538296], [76.8837159499526, 43.20029642432928], [76.8837146088481, 43.200284354388714], [76.88371997326612, 43.200281001627445], [76.88372667878866, 43.200281001627445], [76.88372936099768, 43.20028234273195], [76.88373003154993, 43.200284354388714], [76.8837333843112, 43.20028703659773], [76.8837347254157, 43.200290389359], [76.88373405486345, 43.200293742120266], [76.88373070210218, 43.200299106538296]]]}, "properties": {"id": 342, "class": "road", "confidence": 100.0, "source": "Almaty_7", "source_model": "unet-roads", "centroid_wkt": "POINT (76.88372453714065 43.20029004429132)", "bbox": [76.8837146088481, 43.200281001627445, 76.8837347254157, 43.200299106538296], "pixel_bbox": [6828, 5126, 6858, 5153], "area_m2": 2.688}}, {"type": "Feature", "geometry": {"type": "Polygon", "coordinates": [[[76.8832378461957, 43.20035811513662], [76.88323583453894, 43.200356774032116], [76.88322711735964, 43.200354762375355], [76.8832190707326, 43.20035073906183], [76.88320834189653, 43.20035073906183], [76.88320431858301, 43.20035208016634], [76.88319828361273, 43.20035208016634], [76.88319560140371, 43.20035342127085], [76.88319023698568, 43.20035342127085], [76.88318822532892, 43.200354762375355], [76.88318353146315, 43.20035543292761], [76.88317347317934, 43.20035543292761], [76.88316140323877, 43.200352750718594], [76.88315536826849, 43.200349397957325], [76.88314732164145, 43.20034135133028], [76.88314396888018, 43.20033397525549], [76.88313324004412, 43.200322575867176], [76.8831292167306, 43.20031452924013], [76.8831292167306, 43.20030581206083], [76.88312787562609, 43.200304470956326], [76.88313256949186, 43.20030312985182], [76.88316073268652, 43.200302459299564], [76.88316073268652, 43.20029843598604], [76.88316341489553, 43.200293742120266], [76.88316609710455, 43.200281001627445], [76.88316877931356, 43.20027630776167], [76.88317481428385, 43.20027228444815], [76.88318554311991, 43.20027228444815], [76.88318822532892, 43.200273625552654], [76.88319962471724, 43.20027496665716], [76.88320700079203, 43.20027764886618], [76.8832116946578, 43.20027764886618], [76.88321504741907, 43.200278989970684], [76.88322108238935, 43.200278989970684], [76.88322443515062, 43.20027764886618], [76.88323516398668, 43.20027764886618], [76.8832378461957, 43.20027630776167], [76.8832479044795, 43.20027630776167], [76.88324924558401, 43.20027764886618], [76.88325393944979, 43.20027764886618], [76.88325595110655, 43.20027496665716], [76.8832552805543, 43.20030111819506], [76.88325326889753, 43.20029977709055], [76.883246563375, 43.20029843598604], [76.88324052840471, 43.20029843598604], [76.88323181122541, 43.20029642432928], [76.88322175294161, 43.20029642432928], [76.88320565968752, 43.20030178874731], [76.88320700079203, 43.20030312985182], [76.8832566216588, 43.20030312985182], [76.88325595110655, 43.20035543292761], [76.88325461000204, 43.200356774032116], [76.88324991613626, 43.200356774032116], [76.88324589282274, 43.20035811513662], [76.8832378461957, 43.20035811513662]]]}, "properties": {"id": 343, "class": "road", "confidence": 100.0, "source": "Almaty_7", "source_model": "unet-roads", "centroid_wkt": "POINT (76.88320069047927 43.2003164567111)", "bbox": [76.88312787562609, 43.20027228444815, 76.8832566216588, 43.20035811513662], "pixel_bbox": [5953, 5038, 6145, 5166], "area_m2": 73.92}}, {"type": "Feature", "geometry": {"type": "Polygon", "coordinates": [[[76.88333909958601, 43.200327940285206], [76.8833377584815, 43.2003265991807], [76.88333574682474, 43.2003265991807], [76.88333373516798, 43.20032391697168], [76.88333105295897, 43.20032324641943], [76.8833277001977, 43.20031989365816], [76.8833277001977, 43.200318552553654], [76.88332300633192, 43.200315199792385], [76.8833189830184, 43.200315199792385], [76.88331831246614, 43.20031385868788], [76.88331093639135, 43.20031385868788], [76.88330892473459, 43.200315199792385], [76.8833002075553, 43.20031587034464], [76.88329953700304, 43.200317211449146], [76.88329417258501, 43.2003178820014], [76.8832827731967, 43.20031452924013], [76.88327003270388, 43.20030849426985], [76.88326466828585, 43.200307823717594], [76.88326332718134, 43.20030581206083], [76.88326131552458, 43.20030581206083], [76.88325796276331, 43.20030312985182], [76.88327807933092, 43.20030312985182], [76.88328143209219, 43.20030178874731], [76.88327942043543, 43.20029977709055], [76.88327942043543, 43.200293742120266], [76.88328009098768, 43.200291730463505], [76.88328210264444, 43.200290389359], [76.88328210264444, 43.200288377702236], [76.88328478485346, 43.20028569549322], [76.88328545540571, 43.200283013284206], [76.88328679651022, 43.20028234273195], [76.88328813761473, 43.200278989970684], [76.88329081982374, 43.20027764886618], [76.88329350203276, 43.2002729550004], [76.88329618424177, 43.20027161389589], [76.88329886645079, 43.20026692003012], [76.88330624252558, 43.2002642378211], [76.88331428915262, 43.200264908373356], [76.88331831246614, 43.20026893168688], [76.88332501798868, 43.20027161389589], [76.88332635909319, 43.200273625552654], [76.88332837074995, 43.200273625552654], [76.8833290413022, 43.20027496665716], [76.88333172351122, 43.200275637209415], [76.88333306461573, 43.20027831941843], [76.883336417377, 43.20027966052294], [76.88334446400404, 43.20028033107519], [76.88335184007883, 43.200283013284206], [76.88335720449686, 43.200283013284206], [76.8833639100194, 43.20028502494097], [76.88336927443743, 43.20028502494097], [76.88337530940771, 43.20028703659773], [76.88339274376631, 43.20028703659773], [76.8834014609456, 43.200286366045475], [76.88340414315462, 43.20028502494097], [76.88341151922941, 43.200286366045475], [76.8834188953042, 43.200284354388714], [76.8834276124835, 43.20028368383646], [76.88342895358801, 43.20027831941843], [76.88343029469252, 43.200278989970684], [76.88343029469252, 43.20027764886618], [76.88344437628984, 43.200278989970684], [76.88344705849886, 43.20027966052294], [76.88344974070787, 43.200283013284206], [76.88345108181238, 43.200283013284206], [76.88345175236464, 43.20028569549322], [76.8834537640214, 43.200286366045475], [76.8834537640214, 43.200288377702236], [76.8834551051259, 43.20028904825449], [76.88345711678267, 43.20029441267252], [76.88345845788717, 43.20029508322477], [76.88345845788717, 43.2003004476428], [76.88345778733492, 43.200302459299564], [76.88345577567816, 43.20030312985182], [76.88334312289953, 43.20030312985182], [76.88334312289953, 43.20030514150858], [76.8833451345563, 43.20030715316534], [76.8833464756608, 43.20030715316534], [76.8833464756608, 43.20030849426985], [76.88334848731756, 43.20031050592661], [76.88334915786982, 43.200318552553654], [76.88334781676531, 43.200322575867176], [76.88334379345179, 43.2003265991807], [76.88334245234728, 43.2003265991807], [76.88334178179502, 43.200327940285206], [76.88333909958601, 43.200327940285206]]]}, "properties": {"id": 344, "class": "road", "confidence": 100.0, "source": "Almaty_7", "source_model": "unet-roads", "centroid_wkt": "POINT (76.8833501695965 43.20029480051202)", "bbox": [76.88325796276331, 43.2002642378211, 76.88345845788717, 43.200327940285206], "pixel_bbox": [6147, 5083, 6446, 5178], "area_m2": 47.003}}, {"type": "Feature", "geometry": {"type": "Polygon", "coordinates": [[[76.88004869967699, 43.20026088505983], [76.88004869967699, 43.200259543955326], [76.88004735857248, 43.200259543955326], [76.88004601746798, 43.20025686174631], [76.88004400581121, 43.200255520641804], [76.88004333525896, 43.20024814456701], [76.88004467636347, 43.20024345070124], [76.8800500407815, 43.20023741573095], [76.88006278127432, 43.20023205131292], [76.88007283955812, 43.20023272186518], [76.88007485121489, 43.20023339241743], [76.88007686287165, 43.200236074626446], [76.88007820397615, 43.200236074626446], [76.88007954508066, 43.20023875683546], [76.88007954508066, 43.200244791805744], [76.88007686287165, 43.20025149732828], [76.88007552176714, 43.20025149732828], [76.88007082790136, 43.20025619119406], [76.88006546348333, 43.20025887340307], [76.88005607575178, 43.200259543955326], [76.88005473464727, 43.20026088505983], [76.88004869967699, 43.20026088505983]]]}, "properties": {"id": 345, "class": "road", "confidence": 100.0, "source": "Almaty_7", "source_model": "unet-roads", "centroid_wkt": "POINT (76.88006169475258 43.20024597101322)", "bbox": [76.88004333525896, 43.20023205131292, 76.88007954508066, 43.20026088505983], "pixel_bbox": [1353, 5183, 1407, 5226], "area_m2": 7.113}}, {"type": "Feature", "geometry": {"type": "Polygon", "coordinates": [[[76.88295554369688, 43.20031385868788], [76.88292268663645, 43.20030849426985], [76.88291598111391, 43.20030514150858], [76.88291262835264, 43.20030581206083], [76.88291195780039, 43.20031251758337], [76.88291128724813, 43.20030648261309], [76.88290927559137, 43.20030715316534], [76.8829059228301, 43.20030514150858], [76.88290324062109, 43.20030514150858], [76.88290659338236, 43.200304470956326], [76.88290659338236, 43.20030312985182], [76.88291262835264, 43.20030312985182], [76.88291195780039, 43.20029977709055], [76.88290793448687, 43.200299106538296], [76.8829059228301, 43.200297094881535], [76.8829045817256, 43.200297094881535], [76.88290055841208, 43.20029240101576], [76.88289921730757, 43.20029240101576], [76.8828972056508, 43.200290389359], [76.8828972056508, 43.20028904825449], [76.88289452344179, 43.200286366045475], [76.88288982957602, 43.200284354388714], [76.88288312405348, 43.20028368383646], [76.88288044184446, 43.20028234273195], [76.88285026699305, 43.20028033107519], [76.88284758478403, 43.200278989970684], [76.88282880932093, 43.20027630776167], [76.88282612711191, 43.20027496665716], [76.88282210379839, 43.20027496665716], [76.88280936330557, 43.20027161389589], [76.8827885761857, 43.20026893168688], [76.88278589397669, 43.20026759058237], [76.88277918845415, 43.20026692003012], [76.88277516514063, 43.200264908373356], [76.88276845961809, 43.2002642378211], [76.882752366364, 43.20025820285082], [76.8827510252595, 43.20025619119406], [76.88274968415499, 43.20025619119406], [76.88274297863245, 43.20025082677603], [76.88274096697569, 43.20024613291025], [76.88274096697569, 43.20023540407419], [76.8827423080802, 43.20022735744715], [76.88274633139372, 43.20022735744715], [76.88274700194597, 43.20022601634264], [76.88276577740908, 43.200221322476864], [76.88276913017035, 43.2002193108201], [76.88277315348387, 43.2002193108201], [76.88277516514063, 43.200217969715595], [76.8827798590064, 43.20021729916334], [76.88278120011091, 43.200215958058834], [76.88278455287218, 43.200215958058834], [76.8827885761857, 43.200212605297565], [76.8827885761857, 43.2002092525363], [76.88277382403612, 43.200201876461506], [76.88276711851358, 43.200199864804745], [76.88275773078203, 43.200194500386715], [76.8827510252595, 43.20019315928221], [76.88274901360273, 43.200191147625446], [76.88274901360273, 43.20018779486418], [76.88275303691626, 43.20018511265516], [76.88275571912527, 43.20018511265516], [76.88276309520006, 43.200181759893894], [76.88277784734964, 43.200181759893894], [76.88278455287218, 43.2001831009984], [76.88278589397669, 43.20018444210291], [76.88278790563345, 43.20018444210291], [76.88279259949923, 43.200189135968685], [76.88279662281275, 43.20018980652094], [76.88280466943979, 43.200194500386715], [76.88280936330557, 43.20019517093897], [76.88281204551458, 43.200196512043476], [76.88281539827585, 43.200200535357], [76.88281740993261, 43.200200535357], [76.88282009214163, 43.20020254701376], [76.88282076269388, 43.2002092525363], [76.88282009214163, 43.20020791143179], [76.8828160688281, 43.20020657032728], [76.88281539827585, 43.20020791143179], [76.88281271606684, 43.20020858198404], [76.88280869275331, 43.20021394640207], [76.88281271606684, 43.20021864026785], [76.88282009214163, 43.20021729916334], [76.8828234449029, 43.20022065192461], [76.88283149152994, 43.20022467523813], [76.8828335031867, 43.20022467523813], [76.88283752650023, 43.2002280279994], [76.88284154981375, 43.20022936910391], [76.88285026699305, 43.20022936910391], [76.88285697251558, 43.20022601634264], [76.88286300748587, 43.20022601634264], [76.88286501914263, 43.20022467523813], [76.88286770135164, 43.20022467523813], [76.88287373632193, 43.200221322476864], [76.88288044184446, 43.20022199302912], [76.88288245350122, 43.200223334133625], [76.88288379460573, 43.20022601634264], [76.88288245350122, 43.200226686894894], [76.88288044184446, 43.200230710208416], [76.88288111239672, 43.20023473352194], [76.88288245350122, 43.20023540407419], [76.88288245350122, 43.2002367451787], [76.88288513571024, 43.20023808628321], [76.88288513571024, 43.20024009793997], [76.88288647681475, 43.20024009793997], [76.88288781791925, 43.20024210959673], [76.88288982957602, 43.20024210959673], [76.88289050012827, 43.20024345070124], [76.88290055841208, 43.20024412125349], [76.88290189951658, 43.200245462358], [76.88290860503912, 43.200245462358], [76.88290927559137, 43.20024412125349], [76.88291061669588, 43.200246803462505], [76.88291195780039, 43.200245462358], [76.88291262835264, 43.2002193108201], [76.88291396945715, 43.200217969715595], [76.88291665166616, 43.200217969715595], [76.88294146209955, 43.20022266358137], [76.88294481486082, 43.20022467523813], [76.88294749706984, 43.20022467523813], [76.8829508498311, 43.200226686894894], [76.88295487314463, 43.20022735744715], [76.8829682841897, 43.20023540407419], [76.88297096639872, 43.20023540407419], [76.8829870596528, 43.20024076849222], [76.88300047069788, 43.20024210959673], [76.88300583511591, 43.20024412125349], [76.88302461057901, 43.200244791805744], [76.88303332775831, 43.200246803462505], [76.88305143266916, 43.200255520641804], [76.88305143266916, 43.20025686174631], [76.88305545598269, 43.20025887340307], [76.88306216150522, 43.20026624947786], [76.88306484371424, 43.20027161389589], [76.88306484371424, 43.200275637209415], [76.883066855371, 43.20027966052294], [76.88306752592325, 43.200286366045475], [76.88306953758001, 43.20028904825449], [76.88306953758001, 43.20029105991125], [76.88307221978903, 43.20029642432928], [76.88307154923677, 43.20030111819506], [76.88306953758001, 43.20030312985182], [76.88297767192125, 43.20030312985182], [76.88297767192125, 43.200307823717594], [76.88297096639872, 43.20031251758337], [76.88296426087618, 43.20031385868788], [76.88295554369688, 43.20031385868788]], [[76.88279192894697, 43.20021327584982], [76.88279394060373, 43.20021327584982], [76.88279461115599, 43.20021126419306], [76.88279327005148, 43.20020858198404], [76.88279058784246, 43.20020791143179], [76.88279058784246, 43.20021193474531], [76.88279192894697, 43.20021327584982]]]}, "properties": {"id": 346, "class": "road", "confidence": 100.0, "source": "Almaty_7", "source_model": "unet-roads", "centroid_wkt": "POINT (76.88290574833812 43.200257863211526)", "bbox": [76.88274096697569, 43.200181759893894, 76.88307221978903, 43.20031385868788], "pixel_bbox": [5376, 5104, 5870, 5301], "area_m2": 182.716}}, {"type": "Feature", "geometry": {"type": "Polygon", "coordinates": [[[76.88500341027975, 43.20044193416834], [76.88499134033918, 43.200437910854816], [76.88499066978693, 43.20043656975031], [76.88498932868242, 43.20043656975031], [76.88497859984636, 43.200428523123264], [76.88497591763735, 43.200428523123264], [76.8849752470851, 43.200425170361996], [76.88497390598059, 43.200425170361996], [76.88497390598059, 43.20041846483946], [76.88497256487608, 43.20041377097368], [76.88497323542833, 43.20040237158537], [76.88497859984636, 43.200388960540295], [76.88497927039862, 43.20037756115198], [76.88497792929411, 43.20037219673395], [76.88497591763735, 43.20037018507719], [76.8849752470851, 43.200365491211414], [76.88497390598059, 43.20036616176367], [76.88497256487608, 43.20036146789789], [76.88497256487608, 43.20030380040407], [76.88494373112917, 43.20030312985182], [76.88494574278593, 43.20030111819506], [76.88494306057692, 43.20029977709055], [76.88494171947241, 43.20029240101576], [76.88494306057692, 43.200283013284206], [76.88494440168142, 43.20028033107519], [76.88494440168142, 43.20026155561209], [76.88494574278593, 43.200255520641804], [76.88494507223368, 43.200239427387714], [76.88494373112917, 43.200234062969685], [76.88494440168142, 43.20022400468588], [76.88494708389044, 43.200217969715595], [76.8849490955472, 43.20021662861109], [76.8849490955472, 43.20021528750658], [76.88495311886072, 43.200210593640804], [76.884959153831, 43.200207240879536], [76.88496317714453, 43.20020657032728], [76.88496854156256, 43.20020321756601], [76.88497256487608, 43.20020254701376], [76.88497256487608, 43.20018243044615], [76.88497390598059, 43.200176395475864], [76.88497725874186, 43.20017907768488], [76.88499134033918, 43.20017907768488], [76.88499871641397, 43.20018243044615], [76.88500072807074, 43.20018243044615], [76.88500139862299, 43.200183771550655], [76.88500341027975, 43.200183771550655], [76.88500609248877, 43.20018578320742], [76.88501615077257, 43.200189135968685], [76.88502218574286, 43.20018980652094], [76.88502755016088, 43.2001918181777], [76.88503157347441, 43.2001918181777], [76.88503425568342, 43.20019315928221], [76.88504431396723, 43.20019382983446], [76.8850563839078, 43.20019718259573], [76.88505705446005, 43.20019852370024], [76.88506107777357, 43.200199864804745], [76.8850664421916, 43.20020388811827], [76.88506845384836, 43.20020858198404], [76.88507448881865, 43.200215958058834], [76.88507717102766, 43.20022400468588], [76.8850765004754, 43.20024412125349], [76.88507448881865, 43.20024948567152], [76.88507381826639, 43.20025619119406], [76.88506979495287, 43.200264908373356], [76.88506845384836, 43.2002729550004], [76.88506308943033, 43.20028368383646], [76.88506040722132, 43.200297094881535], [76.88505705446005, 43.20030312985182], [76.88505034893751, 43.20030312985182], [76.88504833728075, 43.20034001022577], [76.88504967838526, 43.200362138450146], [76.88504833728075, 43.20036817342043], [76.88504699617624, 43.20036951452494], [76.88504565507174, 43.20038091391325], [76.88504230231047, 43.20038828998804], [76.8850402906537, 43.2003903016448], [76.8850402906537, 43.20039365440607], [76.88503760844469, 43.20039700716734], [76.88503760844469, 43.200399689376354], [76.88503358513117, 43.200405053794384], [76.88503090292215, 43.200415782630444], [76.88502956181765, 43.2004164531827], [76.88502889126539, 43.20042248815298], [76.88502285629511, 43.20043321698904], [76.88501682132483, 43.20043858140707], [76.8850114569068, 43.200441263616085], [76.88500341027975, 43.20044193416834]]]}, "properties": {"id": 347, "class": "road", "confidence": 100.0, "source": "Almaty_7", "source_model": "unet-roads", "centroid_wkt": "POINT (76.885008682237 43.20029371263932)", "bbox": [76.88494171947241, 43.200176395475864, 76.88507717102766, 43.20044193416834], "pixel_bbox": [8658, 4913, 8860, 5309], "area_m2": 206.886}}, {"type": "Feature", "geometry": {"type": "Polygon", "coordinates": [[[76.88171971589327, 43.2001831009984], [76.881716363132, 43.20017907768488], [76.88171502202749, 43.20018041878939], [76.88171368092299, 43.20018041878939], [76.88171368092299, 43.20017907768488], [76.88171233981848, 43.20017974823713], [76.88171233981848, 43.200152926146984], [76.88171301037073, 43.200154937803745], [76.88171435147524, 43.20015426725149], [76.88171435147524, 43.20015627890825], [76.88171703368425, 43.20015627890825], [76.88172105699778, 43.20015896111727], [76.88172306865454, 43.20015896111727], [76.8817264214158, 43.200162313878536], [76.88172709196806, 43.20016499608755], [76.88172910362482, 43.20016633719206], [76.88173044472933, 43.20017036050558], [76.88172977417707, 43.200176395475864], [76.88172575086355, 43.20018041878939], [76.88172575086355, 43.200181759893894], [76.88171971589327, 43.2001831009984]]]}, "properties": {"id": 348, "class": "road", "confidence": 100.0, "source": "Almaty_7", "source_model": "unet-roads", "centroid_wkt": "POINT (76.88172054942417 43.20016941568525)", "bbox": [76.88171233981848, 43.200152926146984, 76.88173044472933, 43.2001831009984], "pixel_bbox": [3842, 5299, 3869, 5344], "area_m2": 3.384}}, {"type": "Feature", "geometry": {"type": "Polygon", "coordinates": [[[76.88237618654966, 43.20014487951994], [76.88237082213163, 43.200144208967686], [76.88236679881811, 43.200142197310925], [76.88236478716135, 43.20013951510191], [76.88236478716135, 43.20013549178839], [76.88236277550459, 43.20013280957937], [76.88239697366953, 43.20013280957937], [76.88239764422178, 43.20014286786318], [76.88239630311728, 43.20014018565416], [76.88239429146051, 43.200142197310925], [76.882392950356, 43.20014152675867], [76.8823916092515, 43.20014353841543], [76.88239026814699, 43.20014286786318], [76.88237618654966, 43.20014487951994]]]}, "properties": {"id": 349, "class": "road", "confidence": 100.0, "source": "Almaty_7", "source_model": "unet-roads", "centroid_wkt": "POINT (76.88238091820436 43.2001377745459)", "bbox": [76.88236277550459, 43.20013280957937, 76.88239764422178, 43.20014487951994], "pixel_bbox": [4812, 5356, 4864, 5374], "area_m2": 3.104}}, {"type": "Feature", "geometry": {"type": "Polygon", "coordinates": [[[76.88465941697359, 43.200200535357], [76.88465338200331, 43.20019919425249], [76.88464868813753, 43.200196512043476], [76.884641982615, 43.20019517093897], [76.88463930040598, 43.200192488729954], [76.88463058322668, 43.20018980652094], [76.88462924212217, 43.20018846541643], [76.88462924212217, 43.200131468474865], [76.88458900898695, 43.200131468474865], [76.88459236174822, 43.200126104056835], [76.88459437340498, 43.200126104056835], [76.884597055614, 43.20012342184782], [76.88460242003202, 43.20012275129557], [76.88462052494287, 43.20011671632528], [76.8846245482564, 43.20011403411627], [76.88462857156992, 43.20011403411627], [76.88462924212217, 43.200110010802746], [76.88463192433119, 43.20010934025049], [76.88464667648077, 43.20010934025049], [76.8846607580781, 43.20011202245951], [76.8846694752574, 43.20011738687754], [76.88467215746641, 43.20012208074331], [76.88467215746641, 43.200124092400074], [76.88467416912317, 43.200126104056835], [76.88467416912317, 43.200131468474865], [76.88466746360064, 43.20013213902712], [76.88466880470514, 43.200134821236134], [76.88466880470514, 43.200138844549656], [76.88467148691416, 43.20014286786318], [76.88467148691416, 43.20014555007219], [76.88467416912317, 43.20014823228121], [76.88468623906374, 43.20015426725149], [76.88469294458628, 43.200155608356], [76.88469495624304, 43.200156949460506], [76.88470233231783, 43.20015762001276], [76.88471037894487, 43.20016164332628], [76.88471239060163, 43.200165666639805], [76.88471172004938, 43.200173042714596], [76.88471037894487, 43.20017371326685], [76.88471037894487, 43.20017572492361], [76.88470903784037, 43.200176395475864], [76.88470903784037, 43.200178407132626], [76.8847070261836, 43.20017974823713], [76.8847070261836, 43.20018108934164], [76.88470032066107, 43.200187124311924], [76.88469897955656, 43.200187124311924], [76.88469361513853, 43.2001918181777], [76.884686909616, 43.20019517093897], [76.88468489795923, 43.20019517093897], [76.88468355685472, 43.200196512043476], [76.88468154519796, 43.200196512043476], [76.88467416912317, 43.200199864804745], [76.88465941697359, 43.200200535357]]]}, "properties": {"id": 350, "class": "road", "confidence": 100.0, "source": "Almaty_7", "source_model": "unet-roads", "centroid_wkt": "POINT (76.88465775968322 43.20015644416004)", "bbox": [76.88458900898695, 43.20010934025049, 76.88471239060163, 43.200200535357], "pixel_bbox": [8132, 5273, 8316, 5409], "area_m2": 49.485}}, {"type": "Feature", "geometry": {"type": "Polygon", "coordinates": [[[76.88035380095243, 43.200131468474865], [76.88035380095243, 43.20013012737036], [76.8803484365344, 43.200126104056835], [76.88034776598215, 43.20012275129557], [76.88034508377314, 43.20011738687754], [76.88034307211637, 43.20011604577303], [76.88034307211637, 43.20011470466852], [76.88034106045961, 43.20011604577303], [76.88034106045961, 43.20011738687754], [76.88033904880285, 43.20011738687754], [76.88033904880285, 43.2000831887126], [76.88034038990736, 43.200084529817104], [76.88034106045961, 43.20008251816034], [76.88034106045961, 43.20008385926485], [76.88034240156412, 43.20008385926485], [76.88034307211637, 43.20008520036936], [76.88034307211637, 43.2000831887126], [76.88034575432539, 43.20008251816034], [76.8803558126092, 43.20007245987654], [76.8803571537137, 43.20007245987654], [76.88035983592272, 43.20006910711527], [76.88036117702723, 43.20006910711527], [76.88036184757948, 43.200066424906254], [76.8803645297885, 43.20006374269724], [76.88036520034075, 43.20006038993597], [76.88036721199751, 43.20005837827921], [76.88036721199751, 43.20005636662245], [76.88037056475878, 43.20004899054766], [76.88037257641554, 43.2000382617116], [76.88037525862455, 43.200034238398075], [76.88037592917681, 43.20003088563681], [76.88037794083357, 43.200028873980045], [76.88037928193808, 43.200028873980045], [76.88038598746061, 43.20002283900976], [76.88039135187864, 43.200021497905254], [76.88040342181921, 43.20002216845751], [76.88040610402822, 43.200023509562016], [76.88040677458048, 43.20002552121878], [76.8804094567895, 43.20002619177103], [76.8804094567895, 43.20002753287554], [76.88041146844625, 43.20002820342779], [76.88041348010302, 43.20003155618906], [76.88041482120752, 43.20003155618906], [76.88041750341654, 43.20003490895033], [76.88042018562555, 43.200036250054836], [76.88042018562555, 43.200037591159344], [76.88042420893908, 43.200041614472866], [76.88042487949133, 43.200044967234135], [76.8804282322526, 43.200050331652164], [76.8804282322526, 43.200057707726955], [76.88042689114809, 43.20006173104048], [76.88042018562555, 43.200073800981045], [76.88041415065527, 43.20008050650358], [76.88040677458048, 43.200095258653164], [76.88040543347597, 43.20010330528021], [76.88040677458048, 43.200124092400074], [76.88040342181921, 43.20012744516134], [76.8804020807147, 43.200131468474865], [76.88035380095243, 43.200131468474865]]]}, "properties": {"id": 351, "class": "road", "confidence": 100.0, "source": "Almaty_7", "source_model": "unet-roads", "centroid_wkt": "POINT (76.88038437334593 43.20008042326345)", "bbox": [76.88033904880285, 43.200021497905254, 76.8804282322526, 43.200131468474865], "pixel_bbox": [1794, 5376, 1927, 5540], "area_m2": 57.707}}, {"type": "Feature", "geometry": {"type": "Polygon", "coordinates": [[[76.88045304268599, 43.2004352286458], [76.88045036047697, 43.200433887541294], [76.88044633716345, 43.200433887541294], [76.88044499605894, 43.20043254643679], [76.88044030219316, 43.20043120533228], [76.8804195150733, 43.20042919367552], [76.88040006905794, 43.200423158705235], [76.88039872795343, 43.20042181760073], [76.88039604574442, 43.20042181760073], [76.88039470463991, 43.20042047649622], [76.88038732856512, 43.200419805943966], [76.88037995249033, 43.20041377097368], [76.88037928193808, 43.20041108876467], [76.88037727028131, 43.20040974766016], [76.88037525862455, 43.20040572434664], [76.88037391752005, 43.20040572434664], [76.88036989420652, 43.20040103048086], [76.88036721199751, 43.20040035992861], [76.88036654144526, 43.2003990188241], [76.88035782426596, 43.200396336615086], [76.88035447150469, 43.20039365440607], [76.88035245984793, 43.20039365440607], [76.88034977763891, 43.200390972197056], [76.8803470954299, 43.200390972197056], [76.88034575432539, 43.20038963109255], [76.88033904880285, 43.20039164274931], [76.88033770769835, 43.200378231704235], [76.8803383782506, 43.20034135133028], [76.88034106045961, 43.20034068077803], [76.88034307211637, 43.200342021882534], [76.88034642487764, 43.20034068077803], [76.88035983592272, 43.20034001022577], [76.880365870893, 43.200338669121265], [76.88038866966963, 43.20033933967352], [76.880410797894, 43.20033531636], [76.88041482120752, 43.200333304703236], [76.88041482120752, 43.20033196359873], [76.88041817396879, 43.20032928138971], [76.8804195150733, 43.2003265991807], [76.88042018562555, 43.20031452924013], [76.88042219728231, 43.20031184703112], [76.88042219728231, 43.200304470956326], [76.88042353838682, 43.20030380040407], [76.88050869852304, 43.200302459299564], [76.88050869852304, 43.200293742120266], [76.88050400465727, 43.200289718806744], [76.88050132244825, 43.20028033107519], [76.88049796968699, 43.200275637209415], [76.88049528747797, 43.20026692003012], [76.88049394637346, 43.20026624947786], [76.88049327582121, 43.20026088505983], [76.88048992305994, 43.20025350898504], [76.88048522919416, 43.20023473352194], [76.88048589974642, 43.200217969715595], [76.88048791140318, 43.20021193474531], [76.88049394637346, 43.200200535357], [76.88049394637346, 43.20019785314798], [76.88049595803022, 43.20019382983446], [76.88049662858248, 43.20018779486418], [76.88049528747797, 43.200178407132626], [76.88049327582121, 43.2001743838191], [76.88049327582121, 43.20017170161009], [76.8804905936122, 43.20016834884882], [76.88048925250769, 43.2001643255353], [76.88048724085093, 43.20016298443079], [76.88048455864191, 43.200156949460506], [76.88048254698515, 43.200155608356], [76.88048120588064, 43.20015225559473], [76.88047517091036, 43.20014622062445], [76.8804745003581, 43.20014353841543], [76.88047114759684, 43.20014018565416], [76.88046846538782, 43.200131468474865], [76.88050869852304, 43.20013079792261], [76.88050735741854, 43.20012744516134], [76.88048724085093, 43.200128115713596], [76.88048522919416, 43.20012677460909], [76.8804832175374, 43.20012275129557], [76.88048053532839, 43.20012141019106], [76.88047986477613, 43.200118727982044], [76.88047785311937, 43.20011671632528], [76.88047785311937, 43.20011135190725], [76.88047986477613, 43.200110681355], [76.88048053532839, 43.20010665804148], [76.88048254698515, 43.20010598748922], [76.8804832175374, 43.200102634727955], [76.88048858195543, 43.200097270309925], [76.88049260526896, 43.200089894235134], [76.88049260526896, 43.2000831887126], [76.88048992305994, 43.200079165399075], [76.88048992305994, 43.20007715374231], [76.8804832175374, 43.20006910711527], [76.88048120588064, 43.20006038993597], [76.88048254698515, 43.200057707726955], [76.88048455864191, 43.200057707726955], [76.88048589974642, 43.200055696070194], [76.88048791140318, 43.20005502551794], [76.88048858195543, 43.200050331652164], [76.88048992305994, 43.20004966109991], [76.88049260526896, 43.200039602816105], [76.88049461692572, 43.20003893226385], [76.88049864023924, 43.20003490895033], [76.88049864023924, 43.20003356784582], [76.88050199300051, 43.20003088563681], [76.88050333410501, 43.200026862323284], [76.88050735741854, 43.200026862323284], [76.8805093690753, 43.200021497905254], [76.8805093690753, 43.200018145143986], [76.8805107101798, 43.20001680403948], [76.88051406294107, 43.20001680403948], [76.88051473349333, 43.20001546293497], [76.88052546232939, 43.20001479238272], [76.88053820282221, 43.200020827353], [76.88054088503122, 43.20002418011427], [76.88054624944925, 43.20002619177103], [76.88055362552404, 43.200032226741314], [76.8805556371808, 43.200032226741314], [76.88055898994207, 43.200034238398075], [76.88056837767363, 43.20003557950258], [76.88056971877813, 43.20003692060709], [76.8805730715394, 43.20003692060709], [76.88057575374842, 43.20003893226385], [76.88058782368898, 43.20004094392061], [76.88059318810701, 43.20004563778639], [76.88059587031603, 43.200055696070194], [76.88059452921152, 43.20006038993597], [76.88059251755476, 43.20006173104048], [76.88059251755476, 43.200063072144985], [76.88058849424124, 43.200066424906254], [76.88058715313673, 43.200066424906254], [76.88058581203222, 43.200068436563015], [76.88058245927095, 43.20006910711527], [76.88057709485292, 43.200071789324284], [76.88057642430067, 43.20007313042879], [76.88055966049433, 43.20008050650358], [76.88055764883757, 43.20008251816034], [76.88055094331503, 43.200084529817104], [76.88054826110601, 43.20008721202612], [76.88054423779249, 43.20008788257837], [76.88054222613573, 43.200089894235134], [76.88053887337446, 43.200089894235134], [76.88053350895643, 43.200086541473866], [76.88052747398615, 43.20008520036936], [76.8805268034339, 43.20008385926485], [76.88052479177713, 43.20008385926485], [76.88052345067263, 43.20008184760809], [76.8805194273591, 43.20008050650358], [76.88051674515009, 43.20008050650358], [76.88051607459784, 43.20008184760809], [76.88051406294107, 43.200081177055836], [76.88051272183657, 43.20008251816034], [76.88051205128431, 43.20008050650358], [76.8805107101798, 43.200081177055836], [76.8805093690753, 43.20007715374231], [76.8805093690753, 43.200110681355], [76.8805107101798, 43.20011135190725], [76.88051272183657, 43.20010934025049], [76.88051473349333, 43.20010934025049], [76.88051607459784, 43.20010732859373], [76.88051741570234, 43.200107999145985], [76.88051741570234, 43.20010665804148], [76.88051875680685, 43.20010598748922], [76.88052412122488, 43.20010598748922], [76.8805268034339, 43.20010531693697], [76.88052881509066, 43.20010330528021], [76.88053417950869, 43.200102634727955], [76.8805355206132, 43.200100623071194], [76.88053753226995, 43.20009995251894], [76.88054289668798, 43.20009995251894], [76.88055027276278, 43.20010330528021], [76.8805542960763, 43.20010397583246], [76.88055697828531, 43.20010598748922], [76.8805643543601, 43.200107999145985], [76.88056569546461, 43.20010934025049], [76.88057508319616, 43.20011202245951], [76.88058581203222, 43.20011738687754], [76.88058849424124, 43.20011738687754], [76.88059452921152, 43.20012006908655], [76.88060123473406, 43.200120739638805], [76.88060324639082, 43.20012208074331], [76.88061062246561, 43.20012208074331], [76.88061531633139, 43.200124092400074], [76.88061933964491, 43.200124092400074], [76.88062604516745, 43.20012744516134], [76.88062805682421, 43.20013012737036], [76.88063073903322, 43.200131468474865], [76.88064079731703, 43.200131468474865], [76.8806441500783, 43.20013280957937], [76.88064347952604, 43.2001381739974], [76.8806454911828, 43.20014622062445], [76.88064347952604, 43.20015627890825], [76.8806441500783, 43.200173042714596], [76.8806454911828, 43.2001743838191], [76.88064683228731, 43.20018108934164], [76.88065152615309, 43.20018980652094], [76.8806542083621, 43.20019852370024], [76.88065622001886, 43.200200535357], [76.88065890222788, 43.20021327584982], [76.88065890222788, 43.200228698551655], [76.88065689057112, 43.20023272186518], [76.88065622001886, 43.20023875683546], [76.8806542083621, 43.20024210959673], [76.88065353780985, 43.20024747401476], [76.88065219670534, 43.20024881511927], [76.88065152615309, 43.20025350898504], [76.88064951449633, 43.20025686174631], [76.88064683228731, 43.20026893168688], [76.8806454911828, 43.200270272791386], [76.88064146786928, 43.20028234273195], [76.88064012676477, 43.200283013284206], [76.88063610345125, 43.20029642432928], [76.88063073903322, 43.20030312985182], [76.88061598688364, 43.20030312985182], [76.88061397522688, 43.20031452924013], [76.88061062246561, 43.200320564210415], [76.88061062246561, 43.200322575867176], [76.88059855252504, 43.200336657464504], [76.88059519976377, 43.20034336298704], [76.88059452921152, 43.200347386300564], [76.88059318810701, 43.20034805685282], [76.88059251755476, 43.200351409614086], [76.88058983534575, 43.200354762375355], [76.88058983534575, 43.200356774032116], [76.88058782368898, 43.20035878568888], [76.88058581203222, 43.20036482065916], [76.88058447092772, 43.200365491211414], [76.88058380037546, 43.20036951452494], [76.8805817887187, 43.200370855629444], [76.88058111816645, 43.20037420839071], [76.88057910650969, 43.200376220047474], [76.88057910650969, 43.200378231704235], [76.88057575374842, 43.200383596122265], [76.8805730715394, 43.20039231330156], [76.8805717304349, 43.20039298385382], [76.88056636601686, 43.20040237158537], [76.88055697828531, 43.20041108876467], [76.88055697828531, 43.200412429869175], [76.8805556371808, 43.200412429869175], [76.88055094331503, 43.20041712373495], [76.88054490834475, 43.200419805943966], [76.88054423779249, 43.20042114704847], [76.88054222613573, 43.20042114704847], [76.88053954392672, 43.200423158705235], [76.88053485006094, 43.20042449980974], [76.88052210956812, 43.200425170361996], [76.88051473349333, 43.20042449980974], [76.88051138073206, 43.200423158705235], [76.88051138073206, 43.20042449980974], [76.8805093690753, 43.20042449980974], [76.8805093690753, 43.200433887541294], [76.88050601631403, 43.20043321698904], [76.88049260526896, 43.20043455809355], [76.88048925250769, 43.20043321698904], [76.88047919422388, 43.20043321698904], [76.88047248870134, 43.2004352286458], [76.88045304268599, 43.2004352286458]], [[76.88040610402822, 43.200401701033115], [76.880410797894, 43.20040103048086], [76.88041280955076, 43.2003990188241], [76.88041616231203, 43.20039834827185], [76.8804195150733, 43.20039499551058], [76.88042152673006, 43.20039499551058], [76.88042286783457, 43.20039298385382], [76.88042555004358, 43.20039231330156], [76.88042487949133, 43.20038963109255], [76.88042353838682, 43.20038963109255], [76.88042152673006, 43.20038694888353], [76.88042018562555, 43.20038694888353], [76.8804195150733, 43.20038493722677], [76.88041683286428, 43.20038426667452], [76.88041415065527, 43.200381584465504], [76.88040878623724, 43.20038091391325], [76.8804007396102, 43.20038292557001], [76.88039671629667, 43.200388960540295], [76.88039604574442, 43.20039767771959], [76.88039805740118, 43.20039834827185], [76.88039939850569, 43.20040035992861], [76.88040610402822, 43.200401701033115]]]}, "properties": {"id": 352, "class": "road", "confidence": 100.0, "source": "Almaty_7", "source_model": "unet-roads", "centroid_wkt": "POINT (76.88052620136915 43.200258414173895)", "bbox": [76.88033770769835, 43.20001479238272, 76.88065890222788, 43.2004352286458], "pixel_bbox": [1792, 4923, 2271, 5550], "area_m2": 560.853}}, {"type": "Feature", "geometry": {"type": "Polygon", "coordinates": [[[76.88343767076731, 43.200131468474865], [76.88344236463308, 43.200129456818104], [76.88343968242407, 43.200129456818104], [76.88344035297632, 43.200128115713596], [76.8834363296628, 43.200128115713596], [76.88343565911055, 43.20012677460909], [76.88343297690153, 43.200126104056835], [76.88343297690153, 43.20012476295233], [76.88343029469252, 43.20012543350458], [76.88343029469252, 43.20012006908655], [76.88342895358801, 43.20012006908655], [76.8834276124835, 43.20011403411627], [76.8834276124835, 43.20007782429457], [76.88342895358801, 43.20006240159273], [76.88343029469252, 43.200065754354], [76.88343029469252, 43.20006038993597], [76.88342895358801, 43.20006173104048], [76.8834276124835, 43.20002820342779], [76.88342560082674, 43.20001881569624], [76.88342157751322, 43.200018145143986], [76.8834175541997, 43.20001412183046], [76.8834175541997, 43.2000121101737], [76.88341487199068, 43.20000808686018], [76.88341487199068, 43.20000272244215], [76.8834188953042, 43.19999735802412], [76.88342090696096, 43.19999735802412], [76.88342090696096, 43.19999601691961], [76.88342291861773, 43.19999601691961], [76.88342358916998, 43.199994675815105], [76.883426271379, 43.199994675815105], [76.8834276124835, 43.1999933347106], [76.88342828303576, 43.200003392994404], [76.88343029469252, 43.20000071078539], [76.88343029469252, 43.19999601691961], [76.88343230634928, 43.19999668747187], [76.88343230634928, 43.19999869912863], [76.88343364745378, 43.19999668747187], [76.88343498855829, 43.199998028576374], [76.88344370573759, 43.19999869912863], [76.88344839960337, 43.20000071078539], [76.88345309346914, 43.20000071078539], [76.8834551051259, 43.19999936968088], [76.88345912843943, 43.20000138133764], [76.88345979899168, 43.200003392994404], [76.88346583396196, 43.20000473409891], [76.88346784561872, 43.200008757412434], [76.88347321003675, 43.20001143962145], [76.88347589224577, 43.20001143962145], [76.88348326832056, 43.20001412183046], [76.88349332660437, 43.20001412183046], [76.88350070267916, 43.20001143962145], [76.88350539654493, 43.20000607520342], [76.88350673764944, 43.20000607520342], [76.88350807875395, 43.200003392994404], [76.88351210206747, 43.200002051889896], [76.88351478427649, 43.19999936968088], [76.88351679593325, 43.19999936968088], [76.88352081924677, 43.19999534636736], [76.88352484256029, 43.19999400526285], [76.88352886587381, 43.19998998194933], [76.88353087753057, 43.19998998194933], [76.88353154808283, 43.19998864084482], [76.8835349008441, 43.199987299740314], [76.88353825360537, 43.19998327642679], [76.88353959470987, 43.19998327642679], [76.88353959470987, 43.199981935322285], [76.88354294747114, 43.19998059421778], [76.88354294747114, 43.19997925311327], [76.88354428857565, 43.19997925311327], [76.88355099409819, 43.19997388869524], [76.88355568796396, 43.19997388869524], [76.88355904072523, 43.19997187703848], [76.88357044011354, 43.19997254759073], [76.88357781618834, 43.199975900352], [76.88359189778566, 43.199976570904255], [76.88359592109919, 43.19997925311327], [76.8835986033082, 43.19997925311327], [76.88359927386045, 43.19997724145651], [76.88359994441271, 43.1999846175313], [76.8836073204875, 43.19998528808355], [76.88361201435328, 43.19998797029257], [76.88361402601004, 43.19999065250158], [76.88361670821905, 43.19999132305384], [76.88362006098032, 43.199994675815105], [76.88362341374159, 43.20000272244215], [76.88362274318933, 43.20000942796469], [76.88362006098032, 43.20001412183046], [76.88361804932356, 43.20001546293497], [76.8836173787713, 43.200018145143986], [76.88361402601004, 43.200021497905254], [76.88361268490553, 43.200021497905254], [76.88361268490553, 43.20002283900976], [76.88361134380102, 43.20002283900976], [76.88360799103975, 43.200026862323284], [76.88360329717398, 43.20002753287554], [76.88360128551722, 43.200028873980045], [76.88359927386045, 43.200026862323284], [76.8835986033082, 43.20003155618906], [76.88359793275595, 43.20002820342779], [76.88358586281538, 43.200028873980045], [76.88357781618834, 43.20002619177103], [76.88356641680002, 43.20002552121878], [76.88355635851622, 43.20003088563681], [76.88355300575495, 43.200034238398075], [76.8835523352027, 43.20003692060709], [76.88355099409819, 43.20003692060709], [76.88354831188917, 43.200039602816105], [76.88354831188917, 43.20004094392061], [76.88354294747114, 43.20004563778639], [76.88354294747114, 43.200046978890896], [76.88353758305311, 43.200052343308926], [76.88353691250086, 43.20005502551794], [76.88352350145578, 43.20006776601076], [76.88352350145578, 43.20006910711527], [76.88352148979902, 43.20006977766752], [76.88352148979902, 43.20007111877203], [76.8835174664855, 43.20007514208555], [76.88351612538099, 43.20007514208555], [76.88351009041071, 43.200081177055836], [76.8835074082017, 43.200086541473866], [76.88350539654493, 43.20008788257837], [76.88350472599268, 43.20009056478739], [76.88350070267916, 43.20009458810091], [76.8835000321269, 43.200097270309925], [76.88349734991789, 43.200099281966686], [76.88349667936563, 43.2001019641757], [76.88348930329084, 43.20010934025049], [76.88348863273859, 43.200113363564014], [76.88348662108183, 43.20011470466852], [76.88348595052958, 43.20011738687754], [76.8834812566638, 43.20012141019106], [76.88347790390253, 43.20012878626585], [76.88347589224577, 43.200129456818104], [76.88347723335028, 43.200131468474865], [76.88343767076731, 43.200131468474865]]]}, "properties": {"id": 353, "class": "road", "confidence": 100.0, "source": "Almaty_7", "source_model": "unet-roads", "centroid_wkt": "POINT (76.8835017689326 43.200042579215996)", "bbox": [76.88341487199068, 43.19997187703848, 76.88362341374159, 43.200131468474865], "pixel_bbox": [6381, 5376, 6692, 5614], "area_m2": 143.538}}, {"type": "Feature", "geometry": {"type": "Polygon", "coordinates": [[[76.8861735239625, 43.20016968995333], [76.8861735239625, 43.200165666639805], [76.88617218285799, 43.20016499608755], [76.88617218285799, 43.20016298443079], [76.88616950064898, 43.200165666639805], [76.88616950064898, 43.20016700774431], [76.88616145402193, 43.200167678296566], [76.8861547484994, 43.200160302221775], [76.88614670187235, 43.20015627890825], [76.88613597303629, 43.20014823228121], [76.88613597303629, 43.2001468911767], [76.88613060861826, 43.20014085620642], [76.88612725585699, 43.20013415068388], [76.88612725585699, 43.20013213902712], [76.88612189143896, 43.200131468474865], [76.88612189143896, 43.200129456818104], [76.88611853867769, 43.20012543350458], [76.88611719757318, 43.2001193985343], [76.88611451536417, 43.20011403411627], [76.88611384481192, 43.200100623071194], [76.88611585646868, 43.200097270309925], [76.88611585646868, 43.20009458810091], [76.88611920922995, 43.20008922368288], [76.88611920922995, 43.20008721202612], [76.88612055033445, 43.200086541473866], [76.88612390309572, 43.20007983595133], [76.88612792640924, 43.20007648319006], [76.88612926751375, 43.20007648319006], [76.88613060861826, 43.200073800981045], [76.88613932579756, 43.200065754354], [76.88613932579756, 43.20006441324949], [76.88614334911108, 43.20006038993597], [76.88614469021559, 43.20005636662245], [76.8861460313201, 43.200055696070194], [76.88614938408136, 43.20004966109991], [76.88615072518587, 43.20002619177103], [76.88614938408136, 43.200020827353], [76.88614267855883, 43.200008757412434], [76.88614133745432, 43.19999869912863], [76.88614133745432, 43.19998662918806], [76.88614334911108, 43.19998260587454], [76.88614469021559, 43.19998260587454], [76.88614670187235, 43.19997992366552], [76.88614804297686, 43.19997992366552], [76.88615206629038, 43.19997522979975], [76.8861547484994, 43.199974559247494], [76.8861560896039, 43.19997254759073], [76.88616212457418, 43.19997053593397], [76.88617017120123, 43.19996986538172], [76.88617017120123, 43.19996852427721], [76.8861735239625, 43.199969194829464], [76.8861735239625, 43.1999671831727], [76.886174865067, 43.19996852427721], [76.88617553561926, 43.199963830411434], [76.88617620617151, 43.19996517151594], [76.88617754727602, 43.19996450096369], [76.88617888838053, 43.19996651262045], [76.88618626445532, 43.19996651262045], [76.88618760555983, 43.19996517151594], [76.88618760555983, 43.199963830411434], [76.88618291169405, 43.199963830411434], [76.88617955893278, 43.19996248930693], [76.88617754727602, 43.199963830411434], [76.88617687672377, 43.19996114820242], [76.88620571047068, 43.199960477650166], [76.88620772212744, 43.19996181875467], [76.8862010166049, 43.19996517151594], [76.88620235770941, 43.19996517151594], [76.88620235770941, 43.1999671831727], [76.88620436936617, 43.19996852427721], [76.88620503991842, 43.199971206486225], [76.88620705157518, 43.199973218142986], [76.88620705157518, 43.19998528808355], [76.88620906323195, 43.19998864084482], [76.88620906323195, 43.199992664158344], [76.8862110748887, 43.19999601691961], [76.8862110748887, 43.20001009851694], [76.88621174544096, 43.2000121101737], [76.88621375709772, 43.200012780725956], [76.88621442764997, 43.20002619177103], [76.88621643930674, 43.20003155618906], [76.88621643930674, 43.200036250054836], [76.88621778041124, 43.200037591159344], [76.8862184509635, 43.20005368441343], [76.88621375709772, 43.200068436563015], [76.88621375709772, 43.20007111877203], [76.88621174544096, 43.20007313042879], [76.8862097337842, 43.20008251816034], [76.88620705157518, 43.200086541473866], [76.88620436936617, 43.20009458810091], [76.88620436936617, 43.20010866969824], [76.88620571047068, 43.200110681355], [76.88620571047068, 43.200115375220776], [76.88620705157518, 43.20011671632528], [76.88620705157518, 43.20012275129557], [76.88620503991842, 43.200129456818104], [76.88620638102293, 43.200131468474865], [76.88619833439589, 43.20013213902712], [76.88619900494814, 43.20013415068388], [76.88619766384363, 43.200142197310925], [76.88619632273912, 43.200142197310925], [76.88619632273912, 43.20014353841543], [76.88618827611208, 43.20015158504248], [76.88618693500757, 43.20015158504248], [76.88618559390306, 43.20015359669924], [76.88618425279856, 43.20015359669924], [76.88618022948503, 43.200156949460506], [76.88617687672377, 43.200156949460506], [76.88617553561926, 43.200155608356], [76.88617419451475, 43.20015627890825], [76.8861735239625, 43.20016968995333]], [[76.88617419451475, 43.20004966109991], [76.886174865067, 43.20004630833864], [76.88618022948503, 43.200041614472866], [76.88618090003729, 43.200037591159344], [76.8861822411418, 43.200037591159344], [76.88618291169405, 43.200036250054836], [76.8861822411418, 43.200026862323284], [76.88617955893278, 43.20002283900976], [76.88617687672377, 43.20002216845751], [76.88617687672377, 43.200020827353], [76.886174865067, 43.20002015680075], [76.886174865067, 43.20001881569624], [76.88617419451475, 43.20004966109991]]]}, "properties": {"id": 354, "class": "road", "confidence": 100.0, "source": "Almaty_7", "source_model": "unet-roads", "centroid_wkt": "POINT (76.88617176734847 43.200066153792854)", "bbox": [76.88611384481192, 43.199960477650166, 76.8862184509635, 43.20016968995333], "pixel_bbox": [10406, 5319, 10562, 5631], "area_m2": 124.852}}, {"type": "Feature", "geometry": {"type": "Polygon", "coordinates": [[[76.88106391578913, 43.19999132305384], [76.88105385750532, 43.199989311397076], [76.88104916363955, 43.19998662918806], [76.88104178756475, 43.1999846175313], [76.88103038817644, 43.19998595863581], [76.88102971762419, 43.19998327642679], [76.88102837651968, 43.199983946979046], [76.88102703541517, 43.19998126477003], [76.88102569431067, 43.19998126477003], [76.88102569431067, 43.19997724145651], [76.88102435320616, 43.199976570904255], [76.88102435320616, 43.19996181875467], [76.88102569431067, 43.19996181875467], [76.88102569431067, 43.199960477650166], [76.8810310587287, 43.19995980709791], [76.88119601458311, 43.19995980709791], [76.88119601458311, 43.19998528808355], [76.8811946734786, 43.19998528808355], [76.88119400292635, 43.19998327642679], [76.88119199126959, 43.19998327642679], [76.88118662685156, 43.19998595863581], [76.88118260353804, 43.19998595863581], [76.88113164156675, 43.19998327642679], [76.88112627714872, 43.199981935322285], [76.88111554831266, 43.199981935322285], [76.8811121955514, 43.19998059421778], [76.88109744340181, 43.19998059421778], [76.88108805567026, 43.19998327642679], [76.88108135014772, 43.199987299740314], [76.88107330352068, 43.19998998194933], [76.88106391578913, 43.19999132305384]]]}, "properties": {"id": 355, "class": "road", "confidence": 100.0, "source": "Almaty_7", "source_model": "unet-roads", "centroid_wkt": "POINT (76.88110923586581 43.199972152486374)", "bbox": [76.88102435320616, 43.19995980709791, 76.88119601458311, 43.19999132305384], "pixel_bbox": [2816, 5585, 3072, 5632], "area_m2": 38.694}}, {"type": "Feature", "geometry": {"type": "Polygon", "coordinates": [[[76.88595291227102, 43.199994675815105], [76.8859488889575, 43.1999933347106], [76.885947547853, 43.19999132305384], [76.88594285398722, 43.199989311397076], [76.88594218343496, 43.19998797029257], [76.88593480736017, 43.1999846175313], [76.88593279570341, 43.1999846175313], [76.8859213963151, 43.199978582561016], [76.88591536134481, 43.199971206486225], [76.88591603189707, 43.199965842068195], [76.88591334968805, 43.19996114820242], [76.8859213963151, 43.19995980709791], [76.8860025331378, 43.19995980709791], [76.8860025331378, 43.19998864084482], [76.88600052148104, 43.1999846175313], [76.88599783927202, 43.1999846175313], [76.88599649816751, 43.19998595863581], [76.88599113374949, 43.19998662918806], [76.88598912209272, 43.19998797029257], [76.88598174601793, 43.19998797029257], [76.88596833497286, 43.1999933347106], [76.88595291227102, 43.199994675815105]]]}, "properties": {"id": 356, "class": "road", "confidence": 100.0, "source": "Almaty_7", "source_model": "unet-roads", "centroid_wkt": "POINT (76.885961479942 43.199973937103316)", "bbox": [76.88591334968805, 43.19995980709791, 76.8860025331378, 43.199994675815105], "pixel_bbox": [10107, 5580, 10240, 5632], "area_m2": 21.924}}, {"type": "Feature", "geometry": {"type": "Polygon", "coordinates": [[[76.88274096697569, 43.19998595863581], [76.88272688537836, 43.1999846175313], [76.88270810991526, 43.19997925311327], [76.88267793506384, 43.19997925311327], [76.8826712295413, 43.19997724145651], [76.88266519457102, 43.199971206486225], [76.88266385346651, 43.19996785372496], [76.88266452401876, 43.19996248930693], [76.88266318291426, 43.19996114820242], [76.88266452401876, 43.19996114820242], [76.88266519457102, 43.19995980709791], [76.88275840133429, 43.19995980709791], [76.88275840133429, 43.19996114820242], [76.88275638967752, 43.19996315985918], [76.88275169581175, 43.19996450096369], [76.88274834305048, 43.1999671831727], [76.88274163752794, 43.19996852427721], [76.88274096697569, 43.19998595863581]]]}, "properties": {"id": 357, "class": "road", "confidence": 100.0, "source": "Almaty_7", "source_model": "unet-roads", "centroid_wkt": "POINT (76.88270890883699 43.19996962136084)", "bbox": [76.88266318291426, 43.19995980709791, 76.88275840133429, 43.19998595863581], "pixel_bbox": [5260, 5593, 5402, 5632], "area_m2": 15.27}}, {"type": "Feature", "geometry": {"type": "Polygon", "coordinates": [[[76.88624996691942, 43.19994505494833], [76.88624795526266, 43.19994304329157], [76.8862459436059, 43.19994304329157], [76.88624326139688, 43.19993767887354], [76.88624326139688, 43.19993365556002], [76.88624192029238, 43.199931643903255], [76.88624259084463, 43.19991823285818], [76.8862459436059, 43.199911527335644], [76.88624728471041, 43.19990482181311], [76.88625264912844, 43.199895434081554], [76.8862546607852, 43.19989342242479], [76.88626069575548, 43.19989342242479], [76.886264719069, 43.19989610463381], [76.886264719069, 43.19989811629057], [76.88626606017351, 43.19989811629057], [76.88626740127802, 43.199900798499584], [76.88626941293478, 43.19992024451494], [76.88626807183027, 43.19992560893297], [76.88626136630774, 43.1999396905303], [76.88625667244196, 43.199944384396076], [76.88624996691942, 43.19994505494833]]]}, "properties": {"id": 358, "class": "road", "confidence": 100.0, "source": "Almaty_7", "source_model": "unet-roads", "centroid_wkt": "POINT (76.88625604668891 43.19991922471074)", "bbox": [76.88624192029238, 43.19989342242479, 76.88626941293478, 43.19994505494833], "pixel_bbox": [10597, 5654, 10638, 5731], "area_m2": 9.48}}, {"type": "Feature", "geometry": {"type": "Polygon", "coordinates": [[[76.88051540404558, 43.19998797029257], [76.88051205128431, 43.19998662918806], [76.8805107101798, 43.199987299740314], [76.8805093690753, 43.19998595863581], [76.88051003962755, 43.19985922425985], [76.88051205128431, 43.19985922425985], [76.88051205128431, 43.199857883155346], [76.88052009791136, 43.19985654205084], [76.8805542960763, 43.19985654205084], [76.88056569546461, 43.1998585537076], [76.88056770712137, 43.19985989481211], [76.88057240098715, 43.19986056536436], [76.8805730715394, 43.19986190646887], [76.88057642430067, 43.19986190646887], [76.88057910650969, 43.19985989481211], [76.88059519976377, 43.19986056536436], [76.88059855252504, 43.19986391812563], [76.88059989362955, 43.19986391812563], [76.88059989362955, 43.19986525923014], [76.88060525804758, 43.19987062364817], [76.88060525804758, 43.19987263530493], [76.88060726970434, 43.199873976409435], [76.88061062246561, 43.199881352484226], [76.88060995191336, 43.19989409297705], [76.88060458749533, 43.19990482181311], [76.8806005641818, 43.19990683346987], [76.88059989362955, 43.199908174574375], [76.8805918470025, 43.199911527335644], [76.88058983534575, 43.199913538992405], [76.88058447092772, 43.199913538992405], [76.88057910650969, 43.19991622120142], [76.8805542960763, 43.199920915067196], [76.88055295497179, 43.19992158561945], [76.88055295497179, 43.19992292672396], [76.8805542960763, 43.19992695003748], [76.88055831938982, 43.199930973351], [76.88057441264391, 43.1999396905303], [76.88057441264391, 43.19994103163481], [76.88057575374842, 43.19994103163481], [76.88057910650969, 43.199944384396076], [76.88057910650969, 43.199945725500584], [76.88058380037546, 43.199949748814106], [76.88058380037546, 43.19995578378439], [76.88058245927095, 43.19995578378439], [76.88058245927095, 43.1999571248889], [76.88058111816645, 43.1999571248889], [76.88058111816645, 43.199958465993404], [76.88057910650969, 43.19995980709791], [76.88060995191336, 43.19995980709791], [76.88061598688364, 43.19996181875467], [76.88061263412237, 43.19996450096369], [76.88061263412237, 43.199965842068195], [76.88061129301786, 43.199965842068195], [76.88061062246561, 43.199969194829464], [76.88060592859983, 43.199974559247494], [76.8806005641818, 43.199976570904255], [76.88059117645025, 43.199978582561016], [76.88057374209166, 43.19997791200876], [76.88055630773306, 43.19998260587454], [76.88053954392672, 43.199983946979046], [76.88053283840418, 43.19998595863581], [76.88051540404558, 43.19998797029257]]]}, "properties": {"id": 359, "class": "road", "confidence": 100.0, "source": "Almaty_7", "source_model": "unet-roads", "centroid_wkt": "POINT (76.88055251197218 43.19991819476389)", "bbox": [76.8805093690753, 43.19985654205084, 76.88061598688364, 43.19998797029257], "pixel_bbox": [2048, 5590, 2207, 5786], "area_m2": 92.936}}, {"type": "Feature", "geometry": {"type": "Polygon", "coordinates": [[[76.88525352627039, 43.19989342242479], [76.88524346798658, 43.19988872855902], [76.88523542135954, 43.199879340827465], [76.88523408025503, 43.199875988066196], [76.88523475080729, 43.199861235916615], [76.88523877412081, 43.19985117763281], [76.88524547964334, 43.199843131005764], [76.88524682074785, 43.199843131005764], [76.88524816185236, 43.199841119349], [76.88525084406137, 43.199839778244495], [76.88526626676321, 43.19983642548323], [76.88527632504702, 43.199841119349], [76.88528101891279, 43.19984648376703], [76.88528101891279, 43.199848495423794], [76.88528303056955, 43.19985117763281], [76.8852837011218, 43.19985654205084], [76.8852837011218, 43.19986458867788], [76.8852823600173, 43.1998672708869], [76.8852823600173, 43.19987062364817], [76.88528101891279, 43.19987263530493], [76.88528034836054, 43.199877329170704], [76.88527900725603, 43.19987799972296], [76.88527766615152, 43.19988202303648], [76.88526894897223, 43.19989074021578], [76.88526224344969, 43.19989342242479], [76.88525352627039, 43.19989342242479]]]}, "properties": {"id": 360, "class": "road", "confidence": 100.0, "source": "Almaty_7", "source_model": "unet-roads", "centroid_wkt": "POINT (76.88525953037006 43.19986476110267)", "bbox": [76.88523408025503, 43.19983642548323, 76.8852837011218, 43.19989342242479], "pixel_bbox": [9094, 5731, 9168, 5816], "area_m2": 19.835}}, {"type": "Feature", "geometry": {"type": "Polygon", "coordinates": [[[76.88583221286535, 43.19991420954466], [76.88583087176085, 43.19986257702112], [76.8858315423131, 43.19981563836336], [76.88583221286535, 43.1998136267066], [76.88583757728338, 43.19981496781111], [76.88584093004465, 43.199814297258854], [76.88584361225367, 43.19981161504984], [76.88584964722395, 43.19981161504984], [76.88585635274649, 43.199814297258854], [76.88586104661226, 43.19981899112463], [76.88586238771677, 43.19982502609491], [76.88586372882128, 43.19982569664717], [76.88586372882128, 43.19982837885618], [76.88586506992579, 43.19983039051294], [76.88586439937353, 43.199847154319286], [76.88586372882128, 43.199852518737316], [76.88586171716452, 43.19985721260309], [76.88586238771677, 43.19986794143915], [76.88586104661226, 43.19987062364817], [76.88586104661226, 43.19987464696169], [76.885857693851, 43.19987799972296], [76.8858590349555, 43.19988001137972], [76.8858590349555, 43.19988872855902], [76.88585702329874, 43.199892081320286], [76.88585568219423, 43.19990012794733], [76.88585367053747, 43.19990146905184], [76.88585367053747, 43.199902810156345], [76.88585232943296, 43.199902810156345], [76.88585232943296, 43.19990415126085], [76.8858489766717, 43.19990683346987], [76.88584428280592, 43.199908174574375], [76.88584428280592, 43.19991085678339], [76.88584562391043, 43.199910186231136], [76.88584495335817, 43.199913538992405], [76.88583958894014, 43.1999121978879], [76.88583891838789, 43.19991085678339], [76.88583556562662, 43.19991085678339], [76.88583489507437, 43.19991286844015], [76.88583221286535, 43.19991420954466]], [[76.8858416005969, 43.19990750402212], [76.88584227114916, 43.199908174574375], [76.88584227114916, 43.19990750402212], [76.8858416005969, 43.19990750402212]], [[76.88583824783564, 43.19990549236536], [76.88583891838789, 43.199906162917614], [76.88583891838789, 43.19990549236536], [76.88583824783564, 43.19990549236536]]]}, "properties": {"id": 361, "class": "road", "confidence": 100.0, "source": "Almaty_7", "source_model": "unet-roads", "centroid_wkt": "POINT (76.88584641364645 43.199858624103214)", "bbox": [76.88583087176085, 43.19981161504984, 76.88586506992579, 43.19991420954466], "pixel_bbox": [9984, 5700, 10035, 5853], "area_m2": 25.483}}, {"type": "Feature", "geometry": {"type": "Polygon", "coordinates": [[[76.88188198953867, 43.199803568422794], [76.88188198953867, 43.19979418069124], [76.88187997788191, 43.199794851243496], [76.88187796622515, 43.19979216903448], [76.88187528401613, 43.19979149848223], [76.88184376806021, 43.19979149848223], [76.88184108585119, 43.199792839586735], [76.88184175640345, 43.19979552179575], [76.88184041529894, 43.199798204004765], [76.88183438032866, 43.19980155676603], [76.88182968646288, 43.19980155676603], [76.88182029873133, 43.19980088621378], [76.88181895762682, 43.19979887455702], [76.88181895762682, 43.199796192348], [76.88182029873133, 43.19979552179575], [76.88182029873133, 43.19979418069124], [76.88181895762682, 43.19979418069124], [76.88181962817907, 43.199792839586735], [76.88181694597006, 43.199792839586735], [76.88181694597006, 43.19979149848223], [76.88181158155203, 43.199790827929974], [76.88180956989527, 43.199789486825466], [76.88188198953867, 43.19978881627321], [76.88188266009092, 43.199790827929974], [76.88188198953867, 43.199803568422794]]]}, "properties": {"id": 362, "class": "road", "confidence": 100.0, "source": "Almaty_7", "source_model": "unet-roads", "centroid_wkt": "POINT (76.88184019384873 43.19979318016009)", "bbox": [76.88180956989527, 43.19978881627321, 76.88188266009092, 43.199803568422794], "pixel_bbox": [3987, 5865, 4096, 5887], "area_m2": 3.512}}, {"type": "Feature", "geometry": {"type": "Polygon", "coordinates": [[[76.88538562506437, 43.20001412183046], [76.8853822723031, 43.200012780725956], [76.8853822723031, 43.20001143962145], [76.8853809311986, 43.20001143962145], [76.8853809311986, 43.20001009851694], [76.88537959009409, 43.20001009851694], [76.88537959009409, 43.200008757412434], [76.88537690788507, 43.200007416307926], [76.88537690788507, 43.20000607520342], [76.8853735551238, 43.200003392994404], [76.8853735551238, 43.200002051889896], [76.88537087291479, 43.200000040233135], [76.88536819070578, 43.199994675815105], [76.88536282628775, 43.19998864084482], [76.88535813242197, 43.19998797029257], [76.88535746186972, 43.19998662918806], [76.88535276800394, 43.19998595863581], [76.88535008579493, 43.199983946979046], [76.88533801585436, 43.19998327642679], [76.88532393425703, 43.19998864084482], [76.88531655818224, 43.19998797029257], [76.88531521707773, 43.199989311397076], [76.88531454652548, 43.19998797029257], [76.88530717045069, 43.19998797029257], [76.88530180603266, 43.19998528808355], [76.88530180603266, 43.199983946979046], [76.88529912382364, 43.19998126477003], [76.88529778271914, 43.19998126477003], [76.88529778271914, 43.19997992366552], [76.88529577106237, 43.19997992366552], [76.88529308885336, 43.19997791200876], [76.88528772443533, 43.19997791200876], [76.88528303056955, 43.19997992366552], [76.88527029007673, 43.199981935322285], [76.88525084406137, 43.19998059421778], [76.88523475080729, 43.19998327642679], [76.88521664589643, 43.199983946979046], [76.88521195203066, 43.19998327642679], [76.88520524650812, 43.19997992366552], [76.88519652932882, 43.19997925311327], [76.88519585877657, 43.19997791200876], [76.88519384711981, 43.19997791200876], [76.88519049435854, 43.19997522979975], [76.88518781214952, 43.19997522979975], [76.88518647104502, 43.19997388869524], [76.88518177717924, 43.19997254759073], [76.88518043607473, 43.199971206486225], [76.88518043607473, 43.1999671831727], [76.88518177717924, 43.19996517151594], [76.88518110662699, 43.19996315985918], [76.88517775386572, 43.19996315985918], [76.8851750716567, 43.19996114820242], [76.88518915325403, 43.19995980709791], [76.88538428395987, 43.19995980709791], [76.88538830727339, 43.199958465993404], [76.88538495451212, 43.19995645433664], [76.88538495451212, 43.19995377212763], [76.88538897782564, 43.19994907826185], [76.88539166003466, 43.199942372739315], [76.8853909894824, 43.199934996664524], [76.88538830727339, 43.199931643903255], [76.88538763672113, 43.19992896169424], [76.88538495451212, 43.199926279485226], [76.88537690788507, 43.1999222561717], [76.88536349684, 43.19992158561945], [76.88535209745169, 43.199924267828465], [76.88535142689943, 43.19992560893297], [76.8853460624814, 43.19992829114199], [76.88533801585436, 43.19993633776903], [76.88533533364534, 43.199944384396076], [76.88533131033182, 43.19994706660509], [76.88532527536154, 43.199947737157345], [76.88532460480928, 43.19994639605284], [76.88532192260027, 43.19994639605284], [76.8853172287345, 43.1999396905303], [76.88531588762999, 43.19994103163481], [76.88531454652548, 43.19992292672396], [76.88531588762999, 43.199918903410435], [76.88531588762999, 43.199881352484226], [76.8853172287345, 43.19988202303648], [76.8853172287345, 43.199875988066196], [76.885318569839, 43.19987799972296], [76.88531924039125, 43.199873976409435], [76.88532527536154, 43.19987330585718], [76.88532929867506, 43.19986592978239], [76.88533801585436, 43.1998585537076], [76.88533801585436, 43.19985721260309], [76.88534136861563, 43.19985453039408], [76.88534136861563, 43.19985318928957], [76.88534740358591, 43.199847154319286], [76.88534874469042, 43.199847154319286], [76.8853547796607, 43.199839778244495], [76.88535746186972, 43.19983843713999], [76.88535813242197, 43.199829049408436], [76.88536081463099, 43.19982502609491], [76.88536014407873, 43.19982033222914], [76.88535813242197, 43.199818320572376], [76.8853547796607, 43.199818320572376], [76.88535142689943, 43.19981563836336], [76.88534740358591, 43.199814297258854], [76.88534069806337, 43.199814297258854], [76.88533667474985, 43.19981228560209], [76.88532527536154, 43.19981228560209], [76.88531655818224, 43.199814297258854], [76.88531588762999, 43.19978814572096], [76.88548687845469, 43.19978814572096], [76.88548754900694, 43.19985184818506], [76.88548553735018, 43.19985117763281], [76.88548419624567, 43.19985318928957], [76.88548285514116, 43.19985184818506], [76.88548285514116, 43.19985318928957], [76.88548017293215, 43.19985453039408], [76.88547883182764, 43.19985721260309], [76.88547749072313, 43.19985721260309], [76.88547614961863, 43.199861235916615], [76.88547480851412, 43.199861235916615], [76.8854707852006, 43.19986525923014], [76.88546743243933, 43.199871964752674], [76.88546273857355, 43.199875988066196], [76.88546139746904, 43.19988001137972], [76.88545871526003, 43.19988202303648], [76.88545871526003, 43.19988336414099], [76.8854546919465, 43.19988805800676], [76.885453350842, 43.199892081320286], [76.88545200973749, 43.19989275187254], [76.88545066863298, 43.19989677518606], [76.88544798642397, 43.19990012794733], [76.88544798642397, 43.19990213960409], [76.88544530421495, 43.19990482181311], [76.88544396311045, 43.19990951567888], [76.88544262200594, 43.199910186231136], [76.88544061034918, 43.19991622120142], [76.88543859869242, 43.199918903410435], [76.88543859869242, 43.199920915067196], [76.8854345753789, 43.199926279485226], [76.88543256372213, 43.19993365556002], [76.88543122261763, 43.199934996664524], [76.88542854040861, 43.19995645433664], [76.8854271993041, 43.19995779544115], [76.88542854040861, 43.19995980709791], [76.88542116433382, 43.199960477650166], [76.88541982322931, 43.19997522979975], [76.8854184821248, 43.199976570904255], [76.8854171410203, 43.19998662918806], [76.88541579991579, 43.199987299740314], [76.88541311770678, 43.199998028576374], [76.885408423841, 43.200003392994404], [76.885408423841, 43.20000473409891], [76.88540708273649, 43.20000473409891], [76.88540641218424, 43.20000674575567], [76.88540372997522, 43.200008757412434], [76.88539166003466, 43.20001412183046], [76.88538562506437, 43.20001412183046]]]}, "properties": {"id": 363, "class": "road", "confidence": 100.0, "source": "Almaty_7", "source_model": "unet-roads", "centroid_wkt": "POINT (76.88538091629948 43.199888516042556)", "bbox": [76.8851750716567, 43.19978814572096, 76.88548754900694, 43.20001412183046], "pixel_bbox": [9006, 5551, 9472, 5888], "area_m2": 251.888}}, {"type": "Feature", "geometry": {"type": "Polygon", "coordinates": [[[76.88023712486029, 43.20021729916334], [76.88023108989, 43.20021461695433], [76.88022572547197, 43.2002092525363], [76.88022170215845, 43.20020120590925], [76.88021901994944, 43.20018578320742], [76.88021901994944, 43.20016499608755], [76.88021767884493, 43.20015963166952], [76.8802136555314, 43.20015091449022], [76.88020829111338, 43.20014555007219], [76.88020493835211, 43.20014487951994], [76.8802022561431, 43.20014286786318], [76.88019689172506, 43.20014353841543], [76.88019219785929, 43.200147561728954], [76.88019085675478, 43.200147561728954], [76.88018884509802, 43.20015024393797], [76.88018750399351, 43.20015024393797], [76.88018415123224, 43.20015426725149], [76.88018281012774, 43.20015426725149], [76.88018012791872, 43.20015762001276], [76.88017878681421, 43.20015762001276], [76.88017878681421, 43.20015896111727], [76.88017677515745, 43.20015963166952], [76.88017543405294, 43.20016298443079], [76.88017208129168, 43.200165666639805], [76.88016939908266, 43.20017036050558], [76.88016671687365, 43.200173042714596], [76.88016537576914, 43.200173042714596], [76.88016001135111, 43.200178407132626], [76.88016001135111, 43.20017974823713], [76.8801586702466, 43.20017974823713], [76.88015397638083, 43.20018511265516], [76.88014794141054, 43.20018846541643], [76.88014391809702, 43.200192488729954], [76.88013654202223, 43.200196512043476], [76.88012782484293, 43.200196512043476], [76.88012313097715, 43.20019382983446], [76.88011776655912, 43.200187124311924], [76.88011441379786, 43.200178407132626], [76.88011441379786, 43.20016633719206], [76.88011575490236, 43.20015963166952], [76.88011977821589, 43.2001468911767], [76.88012111932039, 43.20014622062445], [76.8801224604249, 43.20014085620642], [76.88012380152941, 43.20014018565416], [76.88012581318617, 43.20013616234064], [76.88012581318617, 43.20013213902712], [76.88016604632139, 43.200131468474865], [76.88016671687365, 43.200012780725956], [76.8801673874259, 43.20001009851694], [76.8801687285304, 43.200010769069195], [76.8801687285304, 43.20000942796469], [76.88017141073942, 43.200007416307926], [76.88017141073942, 43.200005404651165], [76.88017342239618, 43.20000406354666], [76.88017409294844, 43.20000138133764], [76.88017543405294, 43.20000071078539], [76.88017543405294, 43.19999936968088], [76.88018348067999, 43.19998864084482], [76.88018348067999, 43.19998662918806], [76.88018951565027, 43.199974559247494], [76.88019085675478, 43.19996785372496], [76.88019286841154, 43.199963830411434], [76.88019420951605, 43.19996315985918], [76.8801948800683, 43.19995980709791], [76.88020024448633, 43.19995913654566], [76.88020292669535, 43.19995243102312], [76.88020426779985, 43.19995176047087], [76.88020762056112, 43.19994505494833], [76.88020829111338, 43.199940361082554], [76.88021164387465, 43.19993365556002], [76.88021432608366, 43.1999222561717], [76.88021499663591, 43.19989945739508], [76.88021901994944, 43.19988537579775], [76.88022036105394, 43.19987665861845], [76.8802223727107, 43.199871964752674], [76.88022371381521, 43.199861235916615], [76.88022572547197, 43.199857883155346], [76.88022572547197, 43.19985453039408], [76.88022773712873, 43.199850507080555], [76.88023108989, 43.19982636719942], [76.88023243099451, 43.19982301443815], [76.88023243099451, 43.19981697946787], [76.88022840768099, 43.19980289787054], [76.8802297487855, 43.199796192348], [76.88022907823324, 43.199789486825466], [76.88023243099451, 43.19978814572096], [76.8803196027875, 43.19978814572096], [76.88032295554876, 43.19978680461645], [76.88033569604158, 43.19978680461645], [76.88033703714609, 43.1997861340642], [76.88033703714609, 43.199784122407436], [76.88033770769835, 43.19978814572096], [76.88038397580385, 43.19978814572096], [76.88038665801287, 43.19979015737772], [76.8803846463561, 43.19979149848223], [76.8803833052516, 43.199794851243496], [76.8803833052516, 43.19980155676603], [76.88037190586329, 43.19982435554266], [76.88037056475878, 43.199832402169704], [76.88036922365427, 43.19983374327421], [76.88036788254976, 43.19984044879675], [76.880365870893, 43.19984380155802], [76.880365870893, 43.19984782487154], [76.88036318868399, 43.19985117763281], [76.88036251813173, 43.199855871498585], [76.88036117702723, 43.1998585537076], [76.88035916537046, 43.19985989481211], [76.88035849481821, 43.199863247573376], [76.8803571537137, 43.19986391812563], [76.8803571537137, 43.19986525923014], [76.8803558126092, 43.19986525923014], [76.8803558126092, 43.1998672708869], [76.88035447150469, 43.19986794143915], [76.88035447150469, 43.19986928254366], [76.88035313040018, 43.19986928254366], [76.88034910708666, 43.199877329170704], [76.88034776598215, 43.19987799972296], [76.88034508377314, 43.19988336414099], [76.88034508377314, 43.199886716902256], [76.88034374266863, 43.19988805800676], [76.88034240156412, 43.199895434081554], [76.88034240156412, 43.1999034807086], [76.88033904880285, 43.199913538992405], [76.8803397193551, 43.19991957396269], [76.88033770769835, 43.19993432611227], [76.88033770769835, 43.19995980709791], [76.88032899051905, 43.199960477650166], [76.88032496720552, 43.19997388869524], [76.88032362610102, 43.19997388869524], [76.8803196027875, 43.199978582561016], [76.88031692057848, 43.19998864084482], [76.88031155616045, 43.1999933347106], [76.88031155616045, 43.19999601691961], [76.88030753284693, 43.19999936968088], [76.88030686229467, 43.200003392994404], [76.88030485063791, 43.200007416307926], [76.8803021684289, 43.20000808686018], [76.88029948621988, 43.200016133487225], [76.88029814511538, 43.200016133487225], [76.88029680401087, 43.20001881569624], [76.8802947923541, 43.20001881569624], [76.88029546290636, 43.200023509562016], [76.88029412180185, 43.20002485066652], [76.88029412180185, 43.20002820342779], [76.88029211014509, 43.20003088563681], [76.88029211014509, 43.20003356784582], [76.88029009848833, 43.200037591159344], [76.88029076904058, 43.20004362612963], [76.88028942793608, 43.20004899054766], [76.8802847340703, 43.20005368441343], [76.8802847340703, 43.20005502551794], [76.8802833929658, 43.20005502551794], [76.88028071075678, 43.20006038993597], [76.88027869910002, 43.200061060488224], [76.88027802854776, 43.200063072144985], [76.8802746757865, 43.200065754354], [76.88027199357748, 43.20007111877203], [76.88027199357748, 43.200073800981045], [76.88027065247297, 43.2000744715333], [76.88027199357748, 43.200089894235134], [76.88027266412973, 43.20009458810091], [76.88027400523424, 43.20009659975767], [76.88027534633875, 43.200107999145985], [76.88027534633875, 43.2001193985343], [76.88027199357748, 43.200129456818104], [76.88027199357748, 43.20013079792261], [76.88027333468199, 43.200131468474865], [76.88027400523424, 43.2001381739974], [76.88027266412973, 43.20014487951994], [76.88027132302523, 43.2001468911767], [76.88026998192072, 43.20015896111727], [76.88026797026396, 43.200163654983044], [76.88026797026396, 43.20017036050558], [76.88026528805494, 43.20017572492361], [76.88026461750269, 43.20018041878939], [76.88026126474142, 43.20018645375967], [76.88025925308466, 43.200194500386715], [76.8802572414279, 43.200196512043476], [76.88025657087564, 43.200200535357], [76.88025388866663, 43.20020455867052], [76.88025388866663, 43.20020657032728], [76.88025187700987, 43.20020791143179], [76.88025187700987, 43.20020992308855], [76.88024986535311, 43.200210593640804], [76.8802485242486, 43.20021327584982], [76.88024718314409, 43.20021327584982], [76.88024651259184, 43.20021461695433], [76.88024248927832, 43.20021662861109], [76.88023712486029, 43.20021729916334]], [[76.88022438436747, 43.2000831887126], [76.88022907823324, 43.20008251816034], [76.88023712486029, 43.20007514208555], [76.8802384659648, 43.200071789324284], [76.8802398070693, 43.200071789324284], [76.8802398070693, 43.200070448219776], [76.88024315983057, 43.20006709545851], [76.88024651259184, 43.20005837827921], [76.8802485242486, 43.2000570371747], [76.8802485242486, 43.200050331652164], [76.88025388866663, 43.200044967234135], [76.88025455921888, 43.200039602816105], [76.88025925308466, 43.200034238398075], [76.88025925308466, 43.20002418011427], [76.88025657087564, 43.20001948624849], [76.88025254756212, 43.20001881569624], [76.88025053590536, 43.200020827353], [76.88024718314409, 43.200020827353], [76.88024450093508, 43.20002216845751], [76.88024047762156, 43.20002619177103], [76.88023578375578, 43.20002753287554], [76.88023377209902, 43.20003155618906], [76.88023176044226, 43.20003289729357], [76.88023108989, 43.20003692060709], [76.88022907823324, 43.200039602816105], [76.88022840768099, 43.200044967234135], [76.88022706657648, 43.20004563778639], [76.88022505491972, 43.20004966109991], [76.88022572547197, 43.20005167275667], [76.88022170215845, 43.200057707726955], [76.88022170215845, 43.20006038993597], [76.88022036105394, 43.200061060488224], [76.88022036105394, 43.20006374269724], [76.88021834939718, 43.20006776601076], [76.88021834939718, 43.20007715374231], [76.88021969050169, 43.20007782429457], [76.88021969050169, 43.200079165399075], [76.8802223727107, 43.200079165399075], [76.8802223727107, 43.200081177055836], [76.88022438436747, 43.2000831887126]]]}, "properties": {"id": 364, "class": "road", "confidence": 100.0, "source": "Almaty_7", "source_model": "unet-roads", "centroid_wkt": "POINT (76.88025356424006 43.199980281627276)", "bbox": [76.88011441379786, 43.199784122407436, 76.88038665801287, 43.20021729916334], "pixel_bbox": [1459, 5248, 1865, 5894], "area_m2": 452.13}}, {"type": "Feature", "geometry": {"type": "Polygon", "coordinates": [[[76.8808526918292, 43.19978814572096], [76.8808526918292, 43.199771381914616], [76.88085403293371, 43.19977071136236], [76.88085403293371, 43.199769370257854], [76.8808687850833, 43.19977071136236], [76.88087146729231, 43.19977272301912], [76.8808788433671, 43.19977406412363], [76.88088152557611, 43.199776746332645], [76.88088152557611, 43.19977808743715], [76.88088286668062, 43.19977808743715], [76.88088487833738, 43.19978076964617], [76.88088487833738, 43.19978680461645], [76.8808875605464, 43.199787475168705], [76.8808526918292, 43.19978814572096]]]}, "properties": {"id": 365, "class": "road", "confidence": 100.0, "source": "Almaty_7", "source_model": "unet-roads", "centroid_wkt": "POINT (76.88086750257659 43.19977951009531)", "bbox": [76.8808526918292, 43.199769370257854, 76.8808875605464, 43.19978814572096], "pixel_bbox": [2560, 5888, 2612, 5916], "area_m2": 4.507}}, {"type": "Feature", "geometry": {"type": "Polygon", "coordinates": [[[76.886264719069, 43.1998310610652], [76.88625935465097, 43.199827037751675], [76.88625801354647, 43.199827037751675], [76.88625399023294, 43.19981563836336], [76.88625331968069, 43.19980759173632], [76.8862546607852, 43.199789486825466], [76.8862560018897, 43.199789486825466], [76.88625667244196, 43.19978814572096], [76.886264719069, 43.19978814572096], [76.88626673072577, 43.19978680461645], [76.88626673072577, 43.19977942854166], [76.88626874238253, 43.19977205246687], [76.88627075403929, 43.19977004081011], [76.8862734362483, 43.19976333528757], [76.88627745956182, 43.19975931197405], [76.88627880066633, 43.19975931197405], [76.88627880066633, 43.19975797086954], [76.8862808123231, 43.19975730031729], [76.8862821534276, 43.199755288660526], [76.88629020005465, 43.19975193589926], [76.88629690557718, 43.19975193589926], [76.88630562275648, 43.19975260645151], [76.88630897551775, 43.19975461810827], [76.88631299883127, 43.19975461810827], [76.8863170221448, 43.199756629765034], [76.88631903380156, 43.19975931197405], [76.88631903380156, 43.19976266473532], [76.88632171601057, 43.19976534694433], [76.88632171601057, 43.19976802915335], [76.88632305711508, 43.19977004081011], [76.88632305711508, 43.199776746332645], [76.88632439821959, 43.19977875798941], [76.8863270804286, 43.19977808743715], [76.88632775098085, 43.19978144019842], [76.88632909208536, 43.19978144019842], [76.88632775098085, 43.199782110750675], [76.88632842153311, 43.19978479295969], [76.88631970435381, 43.199784122407436], [76.88631769269705, 43.19978680461645], [76.8863458558917, 43.19978881627321], [76.8863458558917, 43.19982301443815], [76.88634384423494, 43.199823684990406], [76.88634183257818, 43.199821673333645], [76.88633982092142, 43.19982301443815], [76.88632909208536, 43.1998223438859], [76.88632372766733, 43.19982100278139], [76.88632305711508, 43.199819661676884], [76.88631903380156, 43.199818320572376], [76.88630897551775, 43.19981697946787], [76.88630763441324, 43.199818320572376], [76.8862995877862, 43.199819661676884], [76.88629556447268, 43.1998223438859], [76.8862908706069, 43.19982301443815], [76.88628550618887, 43.199827037751675], [76.88628148287535, 43.199827037751675], [76.8862734362483, 43.1998310610652], [76.886264719069, 43.1998310610652]], [[76.88632104545832, 43.199782110750675], [76.88632171601057, 43.19978345185518], [76.88632238656282, 43.199782110750675], [76.88632104545832, 43.199782110750675]], [[76.88632104545832, 43.19977942854166], [76.88632238656282, 43.19978076964617], [76.88632238656282, 43.19977875798941], [76.88632104545832, 43.19977942854166]]]}, "properties": {"id": 366, "class": "road", "confidence": 100.0, "source": "Almaty_7", "source_model": "unet-roads", "centroid_wkt": "POINT (76.88629775017955 43.19979388226936)", "bbox": [76.88625331968069, 43.19975193589926, 76.8863458558917, 43.1998310610652], "pixel_bbox": [10614, 5824, 10752, 5942], "area_m2": 45.148}}, {"type": "Feature", "geometry": {"type": "Polygon", "coordinates": [[[76.88529778271914, 43.19969292730093], [76.88529442995787, 43.19969091564417], [76.88528906553984, 43.19968957453966], [76.88528839498758, 43.199688233435154], [76.88528705388308, 43.199688233435154], [76.88528638333082, 43.19968689233065], [76.88528504222631, 43.19968689233065], [76.88528437167406, 43.19968555122614], [76.88528303056955, 43.19968555122614], [76.8852823600173, 43.19968421012163], [76.88527297228575, 43.1996788457036], [76.88527096062899, 43.19967683404684], [76.88527096062899, 43.19967549294233], [76.88526760786772, 43.19967281073332], [76.8852649256587, 43.19966744631529], [76.88526559621096, 43.199661411345005], [76.88526760786772, 43.19965738803148], [76.88526961952448, 43.199656046926975], [76.88526961952448, 43.19965470582247], [76.88527096062899, 43.19965470582247], [76.88527297228575, 43.19965202361345], [76.88527699559927, 43.199650682508945], [76.88527967780828, 43.19964800029993], [76.88528638333082, 43.19964598864317], [76.8853011354804, 43.19964598864317], [76.88530515879393, 43.19964800029993], [76.8853085115552, 43.19964800029993], [76.88531253486872, 43.19965001195669], [76.88531454652548, 43.19965269416571], [76.88531588762999, 43.19965202361345], [76.88531588762999, 43.19969091564417], [76.88531320542097, 43.19968622177839], [76.88531253486872, 43.199688233435154], [76.88530717045069, 43.19968957453966], [76.88530515879393, 43.19969158619642], [76.88530314713717, 43.19969158619642], [76.88530247658491, 43.19969292730093], [76.88529778271914, 43.19969292730093]]]}, "properties": {"id": 367, "class": "road", "confidence": 100.0, "source": "Almaty_7", "source_model": "unet-roads", "centroid_wkt": "POINT (76.8852937545301 43.19966754335291)", "bbox": [76.8852649256587, 43.19964598864317, 76.88531588762999, 43.19969292730093], "pixel_bbox": [9140, 6030, 9216, 6100], "area_m2": 16.798}}, {"type": "Feature", "geometry": {"type": "Polygon", "coordinates": [[[76.88042219728231, 43.19974657148123], [76.88041415065527, 43.19974388927221], [76.8804094567895, 43.19973919540644], [76.88040409237146, 43.19973785430193], [76.8804007396102, 43.19973383098841], [76.88040141016245, 43.199721090495586], [76.88040275126696, 43.19971974939108], [76.88040342181921, 43.19971438497305], [76.88040677458048, 43.19970902055502], [76.88040677458048, 43.199706338346004], [76.88041012734175, 43.19969896227121], [76.88041012734175, 43.19969091564417], [76.88040811568499, 43.199688233435154], [76.88040677458048, 43.19968219846487], [76.88040744513273, 43.19966275244951], [76.88041213899851, 43.19965001195669], [76.88041415065527, 43.199639953672886], [76.88041616231203, 43.19963727146387], [76.88041817396879, 43.19962453097105], [76.88042152673006, 43.19961782544851], [76.88042286783457, 43.19961782544851], [76.88042353838682, 43.199616484344006], [76.88048992305994, 43.199616484344006], [76.88050735741854, 43.19961782544851], [76.88050333410501, 43.199619837105274], [76.88049864023924, 43.199619837105274], [76.88049729913473, 43.19962251931429], [76.88049528747797, 43.19962251931429], [76.88049528747797, 43.1996238604188], [76.88049729913473, 43.19962318986654], [76.88049931079149, 43.199625201523304], [76.88049998134375, 43.19962788373232], [76.88050199300051, 43.199629224836826], [76.88050199300051, 43.1996339187026], [76.88049998134375, 43.19963727146387], [76.88049662858248, 43.199637942016125], [76.88049595803022, 43.199639953672886], [76.88049394637346, 43.199639953672886], [76.88049126416445, 43.19964196532965], [76.88048992305994, 43.19964129477739], [76.88048858195543, 43.1996426358819], [76.88048455864191, 43.1996426358819], [76.8804832175374, 43.19964464753866], [76.88047785311937, 43.199645318090916], [76.88047584146261, 43.19964665919542], [76.88047181814909, 43.19964665919542], [76.88046846538782, 43.19964934140444], [76.88046779483557, 43.1996513530612], [76.8804657831788, 43.1996513530612], [76.88046310096979, 43.19965671747923], [76.88046108931303, 43.199658058583736], [76.88046041876078, 43.19966275244951], [76.88045639544725, 43.199666775763035], [76.88045639544725, 43.1996701285243], [76.88045505434275, 43.19967146962881], [76.8804543837905, 43.19967549294233], [76.88045103102922, 43.199677504599094], [76.88045103102922, 43.199679516255856], [76.8804470077157, 43.199684880673885], [76.8804456666112, 43.19969091564417], [76.88044432550669, 43.199692256748676], [76.88044298440218, 43.19970030337572], [76.88044164329767, 43.19970164448023], [76.88044030219316, 43.19970767945051], [76.88043896108866, 43.199708350002766], [76.88043896108866, 43.19971438497305], [76.88043761998415, 43.199719078838825], [76.88043761998415, 43.19973785430193], [76.88043158501387, 43.19974455982447], [76.88042689114809, 43.19974455982447], [76.88042622059584, 43.199745900928974], [76.88042219728231, 43.19974657148123]]]}, "properties": {"id": 368, "class": "road", "confidence": 100.0, "source": "Almaty_7", "source_model": "unet-roads", "centroid_wkt": "POINT (76.88043947921025 43.19966750344856)", "bbox": [76.8804007396102, 43.199616484344006, 76.88050735741854, 43.19974657148123], "pixel_bbox": [1886, 5950, 2045, 6144], "area_m2": 57.265}}, {"type": "Feature", "geometry": {"type": "Polygon", "coordinates": [[[76.88066493719816, 43.199814297258854], [76.8806615844369, 43.19981228560209], [76.88065152615309, 43.199810944497585], [76.88064884394407, 43.199808932840824], [76.880635432899, 43.19980625063181], [76.88062939792871, 43.19980289787054], [76.88062202185392, 43.19980088621378], [76.88061732798815, 43.199798204004765], [76.88061397522688, 43.199794851243496], [76.88061330467463, 43.19979216903448], [76.88061129301786, 43.199790827929974], [76.88061129301786, 43.199789486825466], [76.88061397522688, 43.19978814572096], [76.88061397522688, 43.199785463511944], [76.88061196357012, 43.199782110750675], [76.88061196357012, 43.19977540522814], [76.88061330467463, 43.19977071136236], [76.88061598688364, 43.19976668804884], [76.88061598688364, 43.19976467639208], [76.88061866909266, 43.19976199418306], [76.88062135130167, 43.19975595921278], [76.88062738627195, 43.19975059479475], [76.88062738627195, 43.19974925369024], [76.88063006848097, 43.19974657148123], [76.88063140958548, 43.19974657148123], [76.88063409179449, 43.19974321871996], [76.880635432899, 43.19974321871996], [76.880635432899, 43.19974187761545], [76.88063744455576, 43.1997412070632], [76.88063744455576, 43.19973986595869], [76.88064012676477, 43.19973785430193], [76.88064213842154, 43.19973316043615], [76.88064616173506, 43.19972846657038], [76.88064683228731, 43.199724443256855], [76.88064884394407, 43.199721090495586], [76.88064884394407, 43.19971840828657], [76.88065018504858, 43.199717067182064], [76.88065219670534, 43.19970767945051], [76.88065353780985, 43.19968219846487], [76.88065219670534, 43.19967683404684], [76.88065085560083, 43.19964732974768], [76.88064817339182, 43.19964196532965], [76.88064750283957, 43.19963727146387], [76.88064616173506, 43.19963660091162], [76.88064280897379, 43.199630565941334], [76.88064280897379, 43.199621848762035], [76.8806441500783, 43.19962117820978], [76.88064079731703, 43.199619837105274], [76.88063945621252, 43.19961782544851], [76.88064884394407, 43.199616484344006], [76.88077691942453, 43.19961715489626], [76.88077758997679, 43.19961849600077], [76.8807789310813, 43.19961849600077], [76.88077691942453, 43.19961916655302], [76.88077557832003, 43.19962117820978], [76.88077826052904, 43.19962453097105], [76.88077758997679, 43.19963727146387], [76.88077222555876, 43.19964598864317], [76.8807715550065, 43.19965001195669], [76.88076686114073, 43.199659399688244], [76.88076619058847, 43.199663423001766], [76.88076216727495, 43.199668787419796], [76.88075210899115, 43.19969091564417], [76.88075143843889, 43.199697621166706], [76.8807527795434, 43.199700973927975], [76.8807527795434, 43.19970902055502], [76.88075546175241, 43.19971304386854], [76.88075680285692, 43.19971974939108], [76.88075546175241, 43.199722431600094], [76.88075546175241, 43.19973047822714], [76.8807527795434, 43.199735172092915], [76.88075143843889, 43.199742548167706], [76.8807527795434, 43.19974455982447], [76.88075479120016, 43.19974523037672], [76.88075479120016, 43.19974657148123], [76.88075680285692, 43.19974858313799], [76.88076216727495, 43.1997499242425], [76.88076484948397, 43.199753277003765], [76.88076954334974, 43.19975461810827], [76.88077289611101, 43.19975730031729], [76.88078563660383, 43.19975931197405], [76.8807876482606, 43.199760653078556], [76.88079033046961, 43.199760653078556], [76.88079167157412, 43.19976199418306], [76.8807977065444, 43.19976266473532], [76.8807990476489, 43.199764005839825], [76.88080374151468, 43.19976467639208], [76.88080910593271, 43.19976802915335], [76.88081111758947, 43.19976802915335], [76.88081379979849, 43.19977004081011], [76.88081916421652, 43.199771381914616], [76.88082184642553, 43.19977339357138], [76.88083123415709, 43.199774734675884], [76.88083793967962, 43.19977808743715], [76.88083995133638, 43.19977808743715], [76.88084464520216, 43.19978076964617], [76.88084598630667, 43.19978278130293], [76.88084732741117, 43.19978278130293], [76.88084799796343, 43.19978814572096], [76.88077826052904, 43.19978814572096], [76.88077691942453, 43.19978881627321], [76.88077557832003, 43.19979216903448], [76.88077289611101, 43.199792839586735], [76.88077222555876, 43.19979418069124], [76.88076820224524, 43.199794851243496], [76.88076552003622, 43.19979753345251], [76.88075881451368, 43.19979753345251], [76.8807527795434, 43.19980222731829], [76.88074741512537, 43.19980289787054], [76.88074339181185, 43.199805580079556], [76.88073668628931, 43.19980625063181], [76.88073065131903, 43.199808932840824], [76.88072059303522, 43.19980960339308], [76.88070517033339, 43.19980759173632], [76.8806904181838, 43.19980759173632], [76.88068103045225, 43.199808932840824], [76.88068103045225, 43.199814297258854], [76.88067901879549, 43.19981228560209], [76.88067566603422, 43.1998136267066], [76.88066493719816, 43.199814297258854]]]}, "properties": {"id": 369, "class": "road", "confidence": 100.0, "source": "Almaty_7", "source_model": "unet-roads", "centroid_wkt": "POINT (76.88070668297325 43.19972018980232)", "bbox": [76.88061129301786, 43.199616484344006, 76.88084799796343, 43.199814297258854], "pixel_bbox": [2200, 5849, 2553, 6144], "area_m2": 230.551}}, {"type": "Feature", "geometry": {"type": "Polygon", "coordinates": [[[76.88057575374842, 43.19963660091162], [76.88057038933039, 43.199635930359364], [76.88056971877813, 43.199634589254856], [76.88056770712137, 43.199634589254856], [76.88056636601686, 43.19963123649359], [76.88056502491236, 43.19963123649359], [76.8805643543601, 43.199629224836826], [76.88056033104658, 43.199625201523304], [76.88056100159883, 43.19961715489626], [76.88055630773306, 43.199616484344006], [76.88055630773306, 43.19961313158274], [76.88055496662855, 43.199611119925976], [76.8805556371808, 43.19960106164217], [76.88055697828531, 43.19959904998541], [76.88055831938982, 43.19959234446287], [76.8805643543601, 43.19958630949259], [76.88056569546461, 43.19958362728357], [76.88057240098715, 43.199580274522305], [76.88058111816645, 43.199580274522305], [76.88058514147997, 43.19958161562681], [76.88058715313673, 43.19958362728357], [76.88058715313673, 43.19958496838808], [76.88058916479349, 43.199585638940334], [76.88058916479349, 43.19958698004484], [76.8805918470025, 43.1995889917016], [76.88059251755476, 43.19959234446287], [76.88059721142054, 43.19959703832865], [76.88060123473406, 43.19960709661245], [76.88060190528631, 43.1996151432395], [76.8806005641818, 43.1996151432395], [76.88059989362955, 43.199616484344006], [76.880590505898, 43.199616484344006], [76.88058983534575, 43.1996238604188], [76.88058782368898, 43.19962855428457], [76.8805817887187, 43.1996339187026], [76.88057642430067, 43.19963525980711], [76.88057575374842, 43.19963660091162]]]}, "properties": {"id": 370, "class": "road", "confidence": 100.0, "source": "Almaty_7", "source_model": "unet-roads", "centroid_wkt": "POINT (76.88057722793751 43.199606840479)", "bbox": [76.88055496662855, 43.199580274522305, 76.88060190528631, 43.19963660091162], "pixel_bbox": [2116, 6114, 2186, 6198], "area_m2": 16.277}}, {"type": "Feature", "geometry": {"type": "Polygon", "coordinates": [[[76.8806803599, 43.19958966225386], [76.88067968934774, 43.199587650597095], [76.88067633658648, 43.1995889917016], [76.88066896051168, 43.19958832114935], [76.88066694885492, 43.19958630949259], [76.88066627830267, 43.1995789334178], [76.88066963106394, 43.19957423955202], [76.88067901879549, 43.199571557343006], [76.88068103045225, 43.199569545686245], [76.8806803599, 43.19958966225386]]]}, "properties": {"id": 371, "class": "road", "confidence": 100.0, "source": "Almaty_7", "source_model": "unet-roads", "centroid_wkt": "POINT (76.88067457585065 43.1995803055002)", "bbox": [76.88066627830267, 43.199569545686245, 76.88068103045225, 43.19958966225386], "pixel_bbox": [2282, 6184, 2304, 6214], "area_m2": 1.904}}, {"type": "Feature", "geometry": {"type": "Polygon", "coordinates": [[[76.88060525804758, 43.19952864199877], [76.88060391694307, 43.19952730089426], [76.88060257583857, 43.19952126592398], [76.88060324639082, 43.1995165720582], [76.88060458749533, 43.1995165720582], [76.88060592859983, 43.199513889849186], [76.88060726970434, 43.199513889849186], [76.88060995191336, 43.19951053708792], [76.8806179985404, 43.19951053708792], [76.88062068074942, 43.199513889849186], [76.88062068074942, 43.19951858371496], [76.88061598688364, 43.199522607028484], [76.88061330467463, 43.19952730089426], [76.88061062246561, 43.19952864199877], [76.88060525804758, 43.19952864199877]]]}, "properties": {"id": 372, "class": "road", "confidence": 100.0, "source": "Almaty_7", "source_model": "unet-roads", "centroid_wkt": "POINT (76.88061160782073 43.199518854827446)", "bbox": [76.88060257583857, 43.19951053708792, 76.88062068074942, 43.19952864199877], "pixel_bbox": [2187, 6275, 2214, 6302], "area_m2": 2.15}}, {"type": "Feature", "geometry": {"type": "Polygon", "coordinates": [[[76.88045170158148, 43.19950181990862], [76.88044767826796, 43.19950047880411], [76.88044499605894, 43.1994977965951], [76.88044030219316, 43.199495784938335], [76.88043761998415, 43.19949243217707], [76.88043761998415, 43.199488408863544], [76.88044633716345, 43.19948371499777], [76.88045840710402, 43.19948438555002], [76.88046511262655, 43.19948773831129], [76.88046846538782, 43.199493773281574], [76.88046846538782, 43.19949712604284], [76.88046712428331, 43.19949980825186], [76.88046108931303, 43.19950047880411], [76.88046108931303, 43.19950181990862], [76.88045170158148, 43.19950181990862]]]}, "properties": {"id": 373, "class": "road", "confidence": 100.0, "source": "Almaty_7", "source_model": "unet-roads", "centroid_wkt": "POINT (76.88045383136968 43.199492389574225)", "bbox": [76.88043761998415, 43.19948371499777, 76.88046846538782, 43.19950181990862], "pixel_bbox": [1941, 6315, 1987, 6342], "area_m2": 3.845}}, {"type": "Feature", "geometry": {"type": "Polygon", "coordinates": [[[76.88686016947031, 43.19956820458174], [76.88686016947031, 43.19956686347723], [76.88685815781355, 43.19956485182047], [76.88685346394777, 43.19956552237272], [76.88685078173876, 43.199564181268215], [76.88684944063425, 43.199562169611454], [76.88684340566397, 43.19956015795469], [76.88684206455946, 43.19955747574568], [76.88684206455946, 43.19955479353666], [76.88684340566397, 43.1995527818799], [76.88684340566397, 43.1995440647006], [76.8868413940072, 43.19954004138708], [76.88683670014143, 43.19953601807356], [76.88683267682791, 43.19953467696905], [76.88681859523058, 43.199535347521305], [76.88681188970804, 43.199538700282574], [76.88680719584227, 43.19954339414835], [76.88680652529001, 43.199546076357365], [76.88680250197649, 43.19955077022314], [76.88679981976748, 43.199551440775394], [76.88679847866297, 43.199553452432156], [76.88679311424494, 43.19955412298441], [76.88679445534945, 43.19955546408892], [76.88679177314043, 43.19955613464117], [76.88678976148367, 43.19955948740244], [76.88678037375212, 43.19955948740244], [76.88677836209536, 43.199556805193424], [76.88677567988634, 43.19955546408892], [76.88676159828901, 43.1995527818799], [76.88676092773676, 43.199551440775394], [76.88675891608, 43.199551440775394], [76.88675221055746, 43.199548088014126], [76.88675086945295, 43.199546076357365], [76.88674550503492, 43.19954339414835], [76.88673544675112, 43.199533335864544], [76.8867327645421, 43.19952663034201], [76.88673343509436, 43.19952193647623], [76.88673477619886, 43.199519254267216], [76.88673678785563, 43.19951791316271], [76.88673678785563, 43.1995165720582], [76.88675086945295, 43.199503161013126], [76.88676629215479, 43.19949444383383], [76.88678171485662, 43.1994890794158], [76.88680585473776, 43.199483044445515], [76.88682463020086, 43.1994803622365], [76.88684944063425, 43.199479691684246], [76.88685815781355, 43.19948103278875], [76.88686084002256, 43.1994803622365], [76.88686955720186, 43.19948237389326], [76.88687223941088, 43.19948103278875], [76.88687223941088, 43.19956820458174], [76.88687089830637, 43.19956820458174], [76.88687022775412, 43.19956552237272], [76.8868675455451, 43.19956686347723], [76.88686084002256, 43.19956686347723], [76.88686016947031, 43.19956820458174]]]}, "properties": {"id": 374, "class": "road", "confidence": 100.0, "source": "Almaty_7", "source_model": "unet-roads", "centroid_wkt": "POINT (76.88681173835968 43.1995191574692)", "bbox": [76.8867327645421, 43.199479691684246, 76.88687223941088, 43.19956820458174], "pixel_bbox": [11329, 6216, 11537, 6348], "area_m2": 76.733}}, {"type": "Feature", "geometry": {"type": "Polygon", "coordinates": [[[76.8810947611928, 43.1996788457036], [76.88108135014772, 43.19967482239008], [76.88107866793871, 43.19967348128557], [76.8810773268342, 43.19967146962881], [76.8810759857297, 43.19967146962881], [76.88107464462519, 43.19966945797205], [76.88107263296843, 43.19966945797205], [76.88106592744589, 43.19966275244951], [76.8810598924756, 43.1996513530612], [76.8810585513711, 43.199645318090916], [76.88105452805758, 43.19963861256838], [76.88105385750532, 43.1996339187026], [76.88105184584856, 43.199630565941334], [76.88105184584856, 43.19962318986654], [76.88105318695307, 43.19962117820978], [76.88105318695307, 43.199616484344006], [76.88105788081884, 43.19961581379175], [76.88105788081884, 43.19959167391062], [76.88106123358011, 43.19958362728357], [76.88106659799814, 43.19957826286554], [76.88107330352068, 43.19957826286554], [76.88108135014772, 43.19958161562681], [76.88108805567026, 43.19958832114935], [76.88109207898378, 43.19958966225386], [76.8810961022973, 43.19959368556738], [76.88110146671534, 43.199596367776394], [76.88110280781984, 43.199595026671886], [76.88110817223787, 43.19959368556738], [76.8811135366559, 43.199587650597095], [76.8811135366559, 43.19958630949259], [76.88111890107393, 43.19957960397005], [76.8811209127307, 43.1995702162385], [76.88112493604422, 43.199562169611454], [76.88112560659647, 43.19955546408892], [76.88112828880548, 43.19954875856638], [76.88112828880548, 43.199546076357365], [76.8811309710145, 43.19954138249159], [76.8811309710145, 43.199529983103275], [76.88112895935774, 43.19952595978975], [76.88112828880548, 43.19952126592398], [76.88112627714872, 43.19951858371496], [76.88112560659647, 43.19950919598341], [76.88112627714872, 43.19949980825186], [76.88112761825323, 43.1994977965951], [76.88112828880548, 43.19949109107256], [76.8811309710145, 43.19948773831129], [76.88113030046225, 43.19948371499777], [76.88113298267126, 43.1994803622365], [76.88113365322351, 43.199477680027485], [76.88113499432802, 43.199477680027485], [76.88113566488028, 43.19947633892298], [76.88114304095507, 43.199475668370724], [76.88114706426859, 43.199477680027485], [76.88114706426859, 43.19947902113199], [76.88115242868662, 43.199485056102276], [76.88115511089563, 43.19949176162481], [76.8811571225524, 43.19949310272932], [76.88115779310465, 43.19949645549059], [76.88116047531366, 43.19950181990862], [76.88116181641817, 43.19950249046087], [76.88116315752268, 43.19951053708792], [76.88116785138845, 43.19951992481947], [76.88116852194071, 43.19952394813299], [76.88117187470198, 43.19952595978975], [76.88117187470198, 43.19952864199877], [76.88117321580648, 43.19952864199877], [76.88117455691099, 43.19953065365553], [76.88117858022451, 43.199529983103275], [76.88117992132902, 43.19953266531229], [76.88118126243353, 43.19953266531229], [76.88118260353804, 43.19953467696905], [76.88118528574705, 43.19953467696905], [76.8811859562993, 43.19953601807356], [76.88119065016508, 43.19953601807356], [76.88119266182184, 43.199533335864544], [76.8811946734786, 43.19953266531229], [76.88119601458311, 43.199529983103275], [76.88119601458311, 43.199616484344006], [76.88117187470198, 43.19961715489626], [76.88117254525423, 43.19962654262781], [76.88116986304522, 43.19963324815035], [76.8811671808362, 43.19964800029993], [76.88116248697042, 43.19965738803148], [76.88115980476141, 43.19965872913599], [76.8811584636569, 43.199661411345005], [76.8811571225524, 43.199661411345005], [76.88115645200014, 43.19966275244951], [76.88114572316408, 43.19966811686754], [76.88114237040281, 43.19966811686754], [76.88112426549196, 43.19967348128557], [76.88112158328295, 43.19967482239008], [76.88112024217844, 43.19967683404684], [76.88111621886492, 43.19967817515135], [76.8810947611928, 43.1996788457036]]]}, "properties": {"id": 375, "class": "road", "confidence": 100.0, "source": "Almaty_7", "source_model": "unet-roads", "centroid_wkt": "POINT (76.88113123790251 43.199596556465416)", "bbox": [76.88105184584856, 43.199475668370724, 76.88119601458311, 43.1996788457036], "pixel_bbox": [2857, 6051, 3072, 6354], "area_m2": 143.419}}, {"type": "Feature", "geometry": {"type": "Polygon", "coordinates": [[[76.88108202069998, 43.199459575116634], [76.88108135014772, 43.19945756345987], [76.88107866793871, 43.19945689290762], [76.88108000904322, 43.19944951683283], [76.88107464462519, 43.19944616407156], [76.88111018389463, 43.19944616407156], [76.88110616058111, 43.199446834623814], [76.88110616058111, 43.199448846280575], [76.8811034783721, 43.19944951683283], [76.88110414892435, 43.199450857937336], [76.88110012561083, 43.19945152848959], [76.88109945505857, 43.19945488125086], [76.88109744340181, 43.19945689290762], [76.88109409064054, 43.19945756345987], [76.88109342008829, 43.19945890456438], [76.88108202069998, 43.199459575116634]]]}, "properties": {"id": 376, "class": "road", "confidence": 100.0, "source": "Almaty_7", "source_model": "unet-roads", "centroid_wkt": "POINT (76.88109064777991 43.19945144265109)", "bbox": [76.88107464462519, 43.19944616407156, 76.88111018389463, 43.199459575116634], "pixel_bbox": [2891, 6378, 2944, 6398], "area_m2": 2.556}}, {"type": "Feature", "geometry": {"type": "Polygon", "coordinates": [[[76.88419204205275, 43.19945555180311], [76.88418734818697, 43.19945354014635], [76.88418667763472, 43.199448846280575], [76.8841826543212, 43.199448846280575], [76.88418064266443, 43.19944616407156], [76.88424032181501, 43.19944616407156], [76.88423361629248, 43.19944951683283], [76.88423093408346, 43.19944951683283], [76.88423160463572, 43.199450857937336], [76.88423026353121, 43.199450857937336], [76.88423093408346, 43.19945219904184], [76.88422959297895, 43.19945219904184], [76.88423026353121, 43.199454210698605], [76.8842289224267, 43.19945488125086], [76.8842202052474, 43.19945354014635], [76.88421953469515, 43.19945219904184], [76.88420880585909, 43.19945219904184], [76.88420880585909, 43.19945354014635], [76.88420746475458, 43.199454210698605], [76.88419204205275, 43.19945555180311]]]}, "properties": {"id": 377, "class": "road", "confidence": 100.0, "source": "Almaty_7", "source_model": "unet-roads", "centroid_wkt": "POINT (76.88420895096462 43.19944954422007)", "bbox": [76.88418064266443, 43.19944616407156, 76.88424032181501, 43.19945555180311], "pixel_bbox": [7523, 6384, 7612, 6398], "area_m2": 3.388}}, {"type": "Feature", "geometry": {"type": "Polygon", "coordinates": [[[76.88653025776148, 43.19952394813299], [76.88652891665697, 43.19952059537172], [76.88652891665697, 43.19950517266989], [76.88652690500021, 43.19950584322214], [76.88652355223894, 43.199503161013126], [76.88651818782091, 43.199504502117634], [76.88651751726866, 43.19944951683283], [76.88651885837317, 43.199446834623814], [76.88652019947767, 43.19944750517607], [76.88652087002993, 43.19944616407156], [76.88652288168669, 43.19944616407156], [76.8865242227912, 43.19944482296705], [76.88664693385363, 43.199445493519306], [76.88664894551039, 43.19944616407156], [76.88664894551039, 43.19944951683283], [76.8866516277194, 43.199450857937336], [76.88665967434645, 43.199459575116634], [76.88666101545095, 43.19946359843016], [76.88666436821222, 43.19946762174368], [76.8866704031825, 43.199479691684246], [76.88667107373476, 43.199488408863544], [76.88666973263025, 43.19949109107256], [76.88666839152575, 43.19949109107256], [76.88666302710772, 43.19949511438608], [76.8866502866149, 43.19949846714735], [76.88663352280855, 43.1994977965951], [76.8866067007184, 43.19949243217707], [76.88657183200121, 43.19949310272932], [76.8865617737174, 43.1994977965951], [76.88655640929937, 43.19950249046087], [76.88655506819487, 43.19950249046087], [76.8865530565381, 43.19950517266989], [76.88654970377684, 43.199506513774395], [76.88654836267233, 43.199508525431156], [76.8865443393588, 43.19950919598341], [76.88654366880655, 43.19951120764017], [76.88654165714979, 43.199511878192425], [76.88654165714979, 43.19951321929693], [76.88653897494078, 43.19951523095369], [76.88653897494078, 43.1995165720582], [76.88653226941824, 43.199522607028484], [76.88653226941824, 43.19952394813299], [76.88653025776148, 43.19952394813299]]]}, "properties": {"id": 378, "class": "road", "confidence": 100.0, "source": "Almaty_7", "source_model": "unet-roads", "centroid_wkt": "POINT (76.88658725833005 43.199473086543186)", "bbox": [76.88651751726866, 43.19944482296705, 76.88667107373476, 43.19952394813299], "pixel_bbox": [11008, 6282, 11237, 6400], "area_m2": 70.87}}, {"type": "Feature", "geometry": {"type": "Polygon", "coordinates": [[[76.88490349799395, 43.199464939534664], [76.88489276915789, 43.1994629278779], [76.88489142805338, 43.199461586773396], [76.88488807529211, 43.19946091622114], [76.88488472253084, 43.19945689290762], [76.88488472253084, 43.199454210698605], [76.88488338142633, 43.19945219904184], [76.88488472253084, 43.19944951683283], [76.88488136976957, 43.19944616407156], [76.8848954513669, 43.19944482296705], [76.88491892069578, 43.19944616407156], [76.88491489738226, 43.19944951683283], [76.88491690903902, 43.19945354014635], [76.88491556793451, 43.19945488125086], [76.88491556793451, 43.19945823401213], [76.88491355627775, 43.19946024566889], [76.88491355627775, 43.199461586773396], [76.88490886241198, 43.19946426898241], [76.88490349799395, 43.199464939534664]]]}, "properties": {"id": 379, "class": "road", "confidence": 100.0, "source": "Almaty_7", "source_model": "unet-roads", "centroid_wkt": "POINT (76.88490070165129 43.199453654097304)", "bbox": [76.88488136976957, 43.19944482296705, 76.88491892069578, 43.199464939534664], "pixel_bbox": [8568, 6370, 8624, 6400], "area_m2": 4.967}}, {"type": "Feature", "geometry": {"type": "Polygon", "coordinates": [[[76.88626270741224, 43.19948170334101], [76.88626002520323, 43.199479691684246], [76.8862546607852, 43.19947835057974], [76.88625197857618, 43.19947499781847], [76.88624795526266, 43.19947298616171], [76.88624460250139, 43.19946896284819], [76.88624259084463, 43.1994629278779], [76.88624057918787, 43.19946091622114], [76.88623923808336, 43.19946091622114], [76.8862372264266, 43.19945689290762], [76.88622649759054, 43.19945555180311], [76.8862271681428, 43.19945689290762], [76.88622515648603, 43.19945756345987], [76.88621778041124, 43.19945756345987], [76.88621375709772, 43.199459575116634], [76.88619565218687, 43.19946091622114], [76.88618961721659, 43.19946024566889], [76.88618559390306, 43.19945823401213], [76.88617687672377, 43.19945689290762], [76.88617620617151, 43.1994528695941], [76.88617754727602, 43.19944817572832], [76.88617620617151, 43.19944616407156], [76.88618626445532, 43.19944482296705], [76.88622247427702, 43.19944482296705], [76.88625533133745, 43.19944616407156], [76.88625197857618, 43.19944750517607], [76.88625197857618, 43.19945018738508], [76.88625399023294, 43.19945018738508], [76.88625399023294, 43.19945152848959], [76.88625667244196, 43.1994528695941], [76.88625667244196, 43.199454210698605], [76.88625868409872, 43.199456222355366], [76.88625801354647, 43.1994629278779], [76.88625935465097, 43.19946359843016], [76.88625935465097, 43.199464939534664], [76.88626270741224, 43.19946628063917], [76.88626270741224, 43.19946762174368], [76.88626404851675, 43.19946762174368], [76.88626538962126, 43.19946963340044], [76.88626538962126, 43.19947902113199], [76.88626270741224, 43.19948170334101]], [[76.88617888838053, 43.19945018738508], [76.88618022948503, 43.19945018738508], [76.88618090003729, 43.199448846280575], [76.88617888838053, 43.199448846280575], [76.88617888838053, 43.19945018738508]]]}, "properties": {"id": 380, "class": "road", "confidence": 100.0, "source": "Almaty_7", "source_model": "unet-roads", "centroid_wkt": "POINT (76.88622511172886 43.199455813921574)", "bbox": [76.88617620617151, 43.19944482296705, 76.88626538962126, 43.19948170334101], "pixel_bbox": [10499, 6345, 10632, 6400], "area_m2": 12.678}}, {"type": "Feature", "geometry": {"type": "Polygon", "coordinates": [[[76.88132543116808, 43.19953065365553], [76.88132274895906, 43.19952864199877], [76.88131872564554, 43.199527971446514], [76.88131738454103, 43.19952663034201], [76.88131403177977, 43.19952595978975], [76.88131336122751, 43.199524618685246], [76.88131000846624, 43.199524618685246], [76.88130665570498, 43.199522607028484], [76.8812919035554, 43.19952327758074], [76.88128385692835, 43.19952193647623], [76.88127648085356, 43.19951858371496], [76.88127513974905, 43.1995165720582], [76.88127379864454, 43.1995165720582], [76.88127178698778, 43.199513889849186], [76.88126910477877, 43.19951254874468], [76.88126910477877, 43.19951120764017], [76.88126508146524, 43.1995078548789], [76.88126374036074, 43.19950517266989], [76.88126172870398, 43.19949511438608], [76.88126374036074, 43.19948773831129], [76.88126508146524, 43.19948706775904], [76.88126508146524, 43.199485056102276], [76.88127044588327, 43.19947365671396], [76.88127044588327, 43.199470303952694], [76.88127178698778, 43.19946896284819], [76.88127111643553, 43.199464939534664], [76.88126977533102, 43.199461586773396], [76.88126441091299, 43.19945689290762], [76.88126306980848, 43.19945689290762], [76.88126172870398, 43.19945488125086], [76.88126038759947, 43.19945488125086], [76.88125971704721, 43.1994528695941], [76.88125770539045, 43.19945152848959], [76.8812570348382, 43.19944482296705], [76.88124764710665, 43.19944482296705], [76.88124764710665, 43.19944281131029], [76.88124630600214, 43.199441470205784], [76.8812469765544, 43.199430741369724], [76.8812483176589, 43.19942940026522], [76.88125032931566, 43.19942135363817], [76.88125234097242, 43.19941867142916], [76.88125234097242, 43.19941531866789], [76.88125770539045, 43.19940593093634], [76.88125770539045, 43.199403919279575], [76.88126306980848, 43.199393190443516], [76.88126306980848, 43.199391178786755], [76.88126441091299, 43.1993905082345], [76.8812657520175, 43.19938648492098], [76.88127782195807, 43.199375085532665], [76.88127916306257, 43.19937106221914], [76.88128184527159, 43.19936905056238], [76.88128720968962, 43.19935631006956], [76.88128989189863, 43.199353627860546], [76.88128989189863, 43.199351616203785], [76.88129525631666, 43.1993455812335], [76.88129525631666, 43.19934356957674], [76.88129860907793, 43.19934021681547], [76.88129995018244, 43.19934021681547], [76.8813033029437, 43.19933619350195], [76.88130531460047, 43.19933619350195], [76.88131134957075, 43.19933217018843], [76.88131671398878, 43.19933082908392], [76.88132207840681, 43.19933082908392], [76.88133213669062, 43.19933284074068], [76.88133548945189, 43.199335522949696], [76.88133750110865, 43.199335522949696], [76.88133884221315, 43.19933753460646], [76.88134018331766, 43.19933753460646], [76.8813468888402, 43.19934491068125], [76.8813482299447, 43.19934491068125], [76.88135158270597, 43.19934893399477], [76.88135292381048, 43.19934893399477], [76.8813556060195, 43.19935295730829], [76.88135962933302, 43.199353627860546], [76.88136164098978, 43.199356980621815], [76.88136633485556, 43.199356980621815], [76.88136767596006, 43.19935563951731], [76.88136767596006, 43.19936167448759], [76.88138846307993, 43.19936167448759], [76.8813918158412, 43.1993630155921], [76.8813931569457, 43.199362345039845], [76.88140120357275, 43.19936368614435], [76.881401874125, 43.19936502724886], [76.88140723854303, 43.19936703890562], [76.88142467290163, 43.19936905056238], [76.88143942505121, 43.19936838001013], [76.88145484775305, 43.19936502724886], [76.88146691769361, 43.19936502724886], [76.88147563487291, 43.19936636835337], [76.8814816698432, 43.19936838001013], [76.88148502260447, 43.19937106221914], [76.88148703426123, 43.19937106221914], [76.88148770481348, 43.19937240332365], [76.881491728127, 43.19937374442816], [76.88149306923151, 43.19937575608492], [76.88149441033602, 43.19937575608492], [76.88149575144053, 43.19937776774168], [76.88149709254503, 43.19937776774168], [76.88149843364954, 43.19937977939844], [76.88150245696306, 43.1993817910552], [76.88150648027658, 43.199385814368725], [76.88150648027658, 43.19938715547323], [76.88150782138109, 43.19938715547323], [76.88150983303785, 43.19938983768225], [76.88151452690363, 43.19939184933901], [76.88151519745588, 43.19939386099577], [76.88152458518744, 43.19940324872732], [76.8815265968442, 43.19940861314535], [76.88152458518744, 43.19941598922014], [76.88152458518744, 43.199422024190426], [76.88152324408293, 43.19942269474268], [76.88152324408293, 43.19942604750395], [76.88152123242617, 43.19942940026522], [76.88152123242617, 43.19943342357874], [76.8815192207694, 43.19943878799677], [76.88151519745588, 43.19944281131029], [76.88151318579912, 43.199443481862545], [76.88152257353067, 43.19944482296705], [76.88153933733702, 43.19944482296705], [76.88153933733702, 43.19950517266989], [76.88153799623251, 43.199504502117634], [76.88153799623251, 43.19950249046087], [76.881536655128, 43.19950249046087], [76.881536655128, 43.199504502117634], [76.8815353140235, 43.19950517266989], [76.8815353140235, 43.199501149356365], [76.88153397291899, 43.199501149356365], [76.88153330236673, 43.19949980825186], [76.88153330236673, 43.199503161013126], [76.88153129070997, 43.199503161013126], [76.88153062015772, 43.19950584322214], [76.88152927905321, 43.19950517266989], [76.8815279379487, 43.1995078548789], [76.88152391463518, 43.19950919598341], [76.88152324408293, 43.19951053708792], [76.88150715082884, 43.19951053708792], [76.88150648027658, 43.19950919598341], [76.88150178641081, 43.1995078548789], [76.88149977475405, 43.199508525431156], [76.881491728127, 43.19950517266989], [76.8814903870225, 43.199503161013126], [76.88148770481348, 43.19950249046087], [76.88148502260447, 43.199499137699604], [76.88148099929094, 43.19949712604284], [76.88147831708193, 43.199493773281574], [76.88147697597742, 43.199493773281574], [76.88147228211164, 43.19948974996805], [76.88146959990263, 43.1994890794158], [76.88146825879812, 43.19948706775904], [76.88146624714136, 43.19948706775904], [76.88146356493235, 43.19948371499777], [76.88146222382784, 43.19948371499777], [76.88145954161882, 43.19948103278875], [76.88144344836473, 43.19947902113199], [76.88142735511065, 43.199479691684246], [76.88141528517008, 43.19948237389326], [76.88139986246824, 43.19948371499777], [76.88139650970697, 43.199485056102276], [76.88138846307993, 43.199485056102276], [76.88137572258711, 43.1994890794158], [76.88136767596006, 43.1994890794158], [76.88136767596006, 43.199501149356365], [76.88136164098978, 43.19950047880411], [76.88136097043753, 43.19950181990862], [76.88135292381048, 43.199504502117634], [76.88134085386992, 43.19950383156538], [76.88133750110865, 43.19950517266989], [76.88133347779512, 43.199509866535664], [76.88133347779512, 43.199513889849186], [76.88133146613836, 43.19951791316271], [76.88133213669062, 43.19952595978975], [76.88132878392935, 43.19953065365553], [76.88132543116808, 43.19953065365553]]]}, "properties": {"id": 381, "class": "road", "confidence": 100.0, "source": "Almaty_7", "source_model": "unet-roads", "centroid_wkt": "POINT (76.8813856746981 43.19943174522977)", "bbox": [76.88124630600214, 43.19933082908392, 76.88153933733702, 43.19953065365553], "pixel_bbox": [3147, 6272, 3584, 6570], "area_m2": 338.408}}, {"type": "Feature", "geometry": {"type": "Polygon", "coordinates": [[[76.8853172287345, 43.199301324784756], [76.88531588762999, 43.19929528981447], [76.88531588762999, 43.1992731615901], [76.88535679131746, 43.1992731615901], [76.88534941524267, 43.19928053766489], [76.88534807413816, 43.19928053766489], [76.88534673303366, 43.19928254932165], [76.88534539192915, 43.19928254932165], [76.88533935695887, 43.19928791373968], [76.88533667474985, 43.199288584291935], [76.88533399254084, 43.199291937053204], [76.88533265143633, 43.199291937053204], [76.88533198088408, 43.199293948709965], [76.88532996922731, 43.199293948709965], [76.88532929867506, 43.19929528981447], [76.88532460480928, 43.19929528981447], [76.88532326370478, 43.19929663091898], [76.88532058149576, 43.19929663091898], [76.88531924039125, 43.19929998368025], [76.88531789928675, 43.19929998368025], [76.8853172287345, 43.199301324784756]]]}, "properties": {"id": 382, "class": "road", "confidence": 100.0, "source": "Almaty_7", "source_model": "unet-roads", "centroid_wkt": "POINT (76.88533086385182 43.19928250327072)", "bbox": [76.88531588762999, 43.1992731615901, 76.88535679131746, 43.199301324784756], "pixel_bbox": [9216, 6614, 9277, 6656], "area_m2": 5.725}}, {"type": "Feature", "geometry": {"type": "Polygon", "coordinates": [[[76.88046175986528, 43.19944482296705], [76.88045103102922, 43.199443481862545], [76.88045237213373, 43.19944281131029], [76.88045237213373, 43.19944079965353], [76.88044834882021, 43.19943945854902], [76.88044834882021, 43.19943409413099], [76.88044968992472, 43.19943141192198], [76.88045103102922, 43.19943208247423], [76.88045103102922, 43.199430741369724], [76.880455724895, 43.19942940026522], [76.88045639544725, 43.19942805916071], [76.88045773655176, 43.19942805916071], [76.88045773655176, 43.1994267180562], [76.88045907765627, 43.1994267180562], [76.88045907765627, 43.199425376951694], [76.88046041876078, 43.199425376951694], [76.88046041876078, 43.19942403584719], [76.88046175986528, 43.19942403584719], [76.8804657831788, 43.19942068308592], [76.88046980649233, 43.19940660148859], [76.88047651201487, 43.19939989596605], [76.88047986477613, 43.19939386099577], [76.88047986477613, 43.199380449950695], [76.88047718256712, 43.19937776774168], [76.88047651201487, 43.199373073875904], [76.88047517091036, 43.199373073875904], [76.88047382980585, 43.19937106221914], [76.88046980649233, 43.19937039166689], [76.88046980649233, 43.19936905056238], [76.88046779483557, 43.19936838001013], [76.8804657831788, 43.19936569780111], [76.8804657831788, 43.19936368614435], [76.8804644420743, 43.19936368614435], [76.88045907765627, 43.19935832172632], [76.88044968992472, 43.199354968965054], [76.88043426722288, 43.19935563951731], [76.88043024390936, 43.1993542984128], [76.88042555004358, 43.19935027509928], [76.88042420893908, 43.19935027509928], [76.88042286783457, 43.19934692233801], [76.88041750341654, 43.19934222847223], [76.88041683286428, 43.19933954626322], [76.8804094567895, 43.199330158531666], [76.8804094567895, 43.199328146874905], [76.88040610402822, 43.199322782456875], [76.88040409237146, 43.19931674748659], [76.88040409237146, 43.19931339472532], [76.88040141016245, 43.1993093714118], [76.88040141016245, 43.19930266588926], [76.88040275126696, 43.1993006542325], [76.88040275126696, 43.19928925484419], [76.88040141016245, 43.199286572635174], [76.88040141016245, 43.1992818787694], [76.88040878623724, 43.19927852600813], [76.88040744513273, 43.19927517324686], [76.88040476292372, 43.19927450269461], [76.88042420893908, 43.1992731615901], [76.88047718256712, 43.1992731615901], [76.88047852367163, 43.19927450269461], [76.88048053532839, 43.19927450269461], [76.88047919422388, 43.19927651435137], [76.88047986477613, 43.19927852600813], [76.88048388808966, 43.19928053766489], [76.88048724085093, 43.19928456097841], [76.88049327582121, 43.199285231530666], [76.88049528747797, 43.19928925484419], [76.88050333410501, 43.19929126650095], [76.88050668686628, 43.199293948709965], [76.8805093690753, 43.199290595948696], [76.8805093690753, 43.19931607693434], [76.88051138073206, 43.1993180885911], [76.88051138073206, 43.199319429695606], [76.88051406294107, 43.19932144135237], [76.88051674515009, 43.1993268057704], [76.88051674515009, 43.19934356957674], [76.8805093690753, 43.19936569780111], [76.8805093690753, 43.19943677634001], [76.88050601631403, 43.199438117444515], [76.88050601631403, 43.19943945854902], [76.88050333410501, 43.19943878799677], [76.88050266355276, 43.19944214075804], [76.88049931079149, 43.1994441524148], [76.88046175986528, 43.19944482296705]]]}, "properties": {"id": 383, "class": "road", "confidence": 100.0, "source": "Almaty_7", "source_model": "unet-roads", "centroid_wkt": "POINT (76.88046771302956 43.1993424106185)", "bbox": [76.88040141016245, 43.1992731615901, 76.88051674515009, 43.19944482296705], "pixel_bbox": [1887, 6400, 2059, 6656], "area_m2": 106.617}}, {"type": "Feature", "geometry": {"type": "Polygon", "coordinates": [[[76.88428189605474, 43.199306689202785], [76.88427116721869, 43.199304677546024], [76.88426848500967, 43.19929998368025], [76.8842651322484, 43.19929730147123], [76.88423696905375, 43.199295960366726], [76.88423495739698, 43.19929461926222], [76.88422624021769, 43.19929327815771], [76.88420813530684, 43.19928724318743], [76.88419606536627, 43.199286572635174], [76.88419539481401, 43.19928791373968], [76.88417863100767, 43.199288584291935], [76.88417326658964, 43.199290595948696], [76.8841652199626, 43.19928992539644], [76.88415918499231, 43.199286572635174], [76.88415918499231, 43.1992818787694], [76.88416052609682, 43.199281208217144], [76.88416052609682, 43.19927919656038], [76.88415918499231, 43.199277855455875], [76.88415985554457, 43.19927651435137], [76.8841578438878, 43.19927450269461], [76.88417326658964, 43.1992731615901], [76.88428591936827, 43.1992731615901], [76.88428591936827, 43.19930601865053], [76.88428189605474, 43.199306689202785]]]}, "properties": {"id": 384, "class": "road", "confidence": 100.0, "source": "Almaty_7", "source_model": "unet-roads", "centroid_wkt": "POINT (76.88423267125131 43.19928393608975)", "bbox": [76.8841578438878, 43.1992731615901, 76.88428591936827, 43.199306689202785], "pixel_bbox": [7489, 6606, 7680, 6656], "area_m2": 23.252}}, {"type": "Feature", "geometry": {"type": "Polygon", "coordinates": [[[76.88572626560926, 43.19944951683283], [76.88571687787771, 43.19944750517607], [76.8857155367732, 43.19944616407156], [76.88571017235518, 43.19944482296705], [76.88565921038389, 43.19944482296705], [76.88565921038389, 43.19942269474268], [76.88564244657755, 43.19940660148859], [76.88563909381628, 43.19939788430929], [76.88563842326403, 43.19938916712999], [76.88563574105501, 43.19938715547323], [76.8856343999505, 43.199387826025486], [76.885633058846, 43.199383802711964], [76.88563171774149, 43.199383802711964], [76.88563171774149, 43.199382461607456], [76.88562635332346, 43.199378438293934], [76.88562300056219, 43.1993717327714], [76.88562098890543, 43.19937106221914], [76.88562098890543, 43.199369721114635], [76.88561964780092, 43.199369721114635], [76.8856156244874, 43.19936502724886], [76.88561428338289, 43.19936502724886], [76.88561428338289, 43.19936368614435], [76.88561160117388, 43.199362345039845], [76.88561160117388, 43.19936100393534], [76.88561026006937, 43.19936100393534], [76.88560757786036, 43.19935765117407], [76.88560623675585, 43.19935765117407], [76.8856055662036, 43.19935563951731], [76.88560422509909, 43.19935563951731], [76.88559953123331, 43.19935094565153], [76.88559953123331, 43.199349604547024], [76.8855968490243, 43.19934692233801], [76.88559550791979, 43.19934692233801], [76.88559215515852, 43.19934289902449], [76.88559014350176, 43.19934289902449], [76.8855807557702, 43.19933820515871], [76.88556667417288, 43.199335522949696], [76.8855606392026, 43.19933284074068], [76.88553851097822, 43.19933149963617], [76.88552040606737, 43.19933149963617], [76.8855157122016, 43.19933418184519], [76.88549559563398, 43.1993368640542], [76.88548889011145, 43.19933954626322], [76.88548754900694, 43.199330158531666], [76.88548687845469, 43.19929461926222], [76.88547749072313, 43.19929663091898], [76.8854634091258, 43.19929663091898], [76.88544396311045, 43.19929260760546], [76.88544262200594, 43.19929126650095], [76.88543926924467, 43.19929126650095], [76.88543256372213, 43.199288584291935], [76.88542988151312, 43.199288584291935], [76.88542317599058, 43.199285231530666], [76.88542183488607, 43.199283219873905], [76.88541915267706, 43.1992818787694], [76.8854184821248, 43.19927651435137], [76.8854171410203, 43.199275843799114], [76.8854184821248, 43.19927450269461], [76.88543055206537, 43.1992731615901], [76.88548754900694, 43.1992731615901], [76.88548821955919, 43.19926980882883], [76.88550766557455, 43.19926980882883], [76.8855445459485, 43.19926578551531], [76.88557002693415, 43.19926578551531], [76.88559014350176, 43.19926846772432], [76.88560489565134, 43.1992731615901], [76.88564646989107, 43.19927383214235], [76.88565116375685, 43.19927852600813], [76.88565585762262, 43.19928053766489], [76.88565921038389, 43.19928053766489], [76.88565921038389, 43.19930400699377], [76.88566792756319, 43.19930601865053], [76.88568871468306, 43.19930601865053], [76.88571017235518, 43.19930400699377], [76.88573364168406, 43.19930400699377], [76.88578527420759, 43.199299313127995], [76.88580941408873, 43.19929998368025], [76.88582215458155, 43.199301324784756], [76.88582550734282, 43.19930266588926], [76.88583020120859, 43.19930199533701], [76.8858315423131, 43.19931607693434], [76.88583690673113, 43.19931674748659], [76.88585098832846, 43.19932144135237], [76.88585836440325, 43.19932546466589], [76.88586506992579, 43.19932747632265], [76.88586909323931, 43.199330158531666], [76.88587110489607, 43.199330158531666], [76.88587378710508, 43.19933217018843], [76.88587579876184, 43.19933217018843], [76.88587848097086, 43.19933418184519], [76.88588049262762, 43.19933418184519], [76.88588786870241, 43.19933753460646], [76.88589859753847, 43.19933820515871], [76.88591133803129, 43.199333511292934], [76.88594419509172, 43.19933418184519], [76.88596364110708, 43.1993368640542], [76.88597436994314, 43.19933954626322], [76.8859763815999, 43.199340887367725], [76.88599448651075, 43.199344240128994], [76.88599985092878, 43.199346251785755], [76.8860025331378, 43.1993455812335], [76.88600320369005, 43.19934692233801], [76.88601192086935, 43.19934692233801], [76.88602063804865, 43.19934893399477], [76.88602667301893, 43.199351616203785], [76.88603203743696, 43.19935228675604], [76.88604209572077, 43.19935631006956], [76.88604477792978, 43.19935631006956], [76.88604611903429, 43.19935765117407], [76.88605282455683, 43.199358992278576], [76.88605416566133, 43.19936033338308], [76.88605818897486, 43.19936100393534], [76.88605953007936, 43.199362345039845], [76.88606154173613, 43.199362345039845], [76.88607025891542, 43.19936636835337], [76.88609909266233, 43.1993717327714], [76.8861011043191, 43.199373073875904], [76.88611920922995, 43.199377097189426], [76.88612256199121, 43.19937910884619], [76.88612524420023, 43.19937910884619], [76.88614066690207, 43.19938447326422], [76.88615407794714, 43.19938715547323], [76.88616078346968, 43.19938983768225], [76.88616413623095, 43.19939386099577], [76.88616413623095, 43.19939520210028], [76.88616078346968, 43.19939788430929], [76.88611250370741, 43.199398554861546], [76.88608702272177, 43.199401907622814], [76.88606958836317, 43.19940257817507], [76.88606422394514, 43.199403919279575], [76.88606355339289, 43.19940526038408], [76.88606087118387, 43.19940526038408], [76.8860575184226, 43.199407272040844], [76.8860561773181, 43.199411295354366], [76.8860561773181, 43.19941598922014], [76.88605818897486, 43.1994180008769], [76.88605885952711, 43.19942135363817], [76.88606020063162, 43.19942135363817], [76.88606020063162, 43.19942269474268], [76.88605885952711, 43.199422024190426], [76.88605818897486, 43.1994267180562], [76.88606288284063, 43.19942805916071], [76.88606221228838, 43.19943007081747], [76.88607092946768, 43.199430741369724], [76.88607092946768, 43.19943476468325], [76.88607428222895, 43.19943476468325], [76.8860749527812, 43.19943342357874], [76.8860736116767, 43.19943208247423], [76.88607763499022, 43.19943208247423], [76.88607763499022, 43.19943409413099], [76.88608031719923, 43.199432753026485], [76.88607964664698, 43.19942872971296], [76.88607696443796, 43.19942872971296], [76.88607696443796, 43.1994267180562], [76.88607897609472, 43.19942470639944], [76.88608232885599, 43.199425376951694], [76.88608232885599, 43.1994267180562], [76.88608903437853, 43.19942604750395], [76.88609909266233, 43.19942805916071], [76.88610177487135, 43.19943007081747], [76.88610378652811, 43.19943007081747], [76.88610378652811, 43.19943476468325], [76.88610579818487, 43.1994354352355], [76.88610646873713, 43.19943744689226], [76.88610848039389, 43.19943744689226], [76.88610780984163, 43.19943945854902], [76.8861024454236, 43.19944079965353], [76.88610177487135, 43.19944281131029], [76.88610378652811, 43.19944281131029], [76.88610378652811, 43.1994441524148], [76.8861011043191, 43.19944482296705], [76.88587110489607, 43.19944482296705], [76.88586641103029, 43.1994441524148], [76.88586574047804, 43.19944281131029], [76.88587244600058, 43.19944214075804], [76.88586372882128, 43.19944214075804], [76.88586238771677, 43.19944079965353], [76.885857693851, 43.19944079965353], [76.88585635274649, 43.19943945854902], [76.88585367053747, 43.19943945854902], [76.88585299998522, 43.199438117444515], [76.88585165888071, 43.19943878799677], [76.8858489766717, 43.199438117444515], [76.88584830611944, 43.19943677634001], [76.88584361225367, 43.199436105787754], [76.88584361225367, 43.19943141192198], [76.88584495335817, 43.19943141192198], [76.88584495335817, 43.19942940026522], [76.88584763556719, 43.19942805916071], [76.88584763556719, 43.19942336529493], [76.8858416005969, 43.19942336529493], [76.88583958894014, 43.19942604750395], [76.88583556562662, 43.199425376951694], [76.88583489507437, 43.199427388608456], [76.88583355396986, 43.199427388608456], [76.88583355396986, 43.19942403584719], [76.88583221286535, 43.19942470639944], [76.88583221286535, 43.19941598922014], [76.88583087176085, 43.19941531866789], [76.88583020120859, 43.19941733032465], [76.88583020120859, 43.19941531866789], [76.88582818955183, 43.199412636458874], [76.88582751899958, 43.19941397756338], [76.8858228251338, 43.199414648115635], [76.8858214840293, 43.199416659772396], [76.88581746071577, 43.19941867142916], [76.88581544905901, 43.19942336529493], [76.8858141079545, 43.1994354352355], [76.88580874353647, 43.199440129101276], [76.88580740243196, 43.199440129101276], [76.88580606132746, 43.19944214075804], [76.88580337911844, 43.19944281131029], [76.88580337911844, 43.19944482296705], [76.88577588647604, 43.19944482296705], [76.88574839383364, 43.19944951683283], [76.88572626560926, 43.19944951683283]], [[76.88588786870241, 43.1994267180562], [76.88589725643396, 43.1994267180562], [76.88589993864298, 43.19942470639944], [76.88590932637453, 43.19942269474268], [76.8859301134944, 43.199414648115635], [76.88593681901693, 43.199414648115635], [76.88593950122595, 43.19941598922014], [76.88594285398722, 43.19941598922014], [76.88594553619623, 43.1994180008769], [76.88595425337553, 43.19942068308592], [76.88596230000257, 43.199420012533665], [76.88596297055483, 43.19941867142916], [76.88596833497286, 43.199416659772396], [76.88597168773413, 43.19941397756338], [76.88597906380892, 43.19941196590662], [76.8859837576747, 43.199407272040844], [76.88598711043596, 43.19940593093634], [76.88598912209272, 43.19940324872732], [76.88598845154047, 43.19939788430929], [76.88598711043596, 43.19939788430929], [76.8859850987792, 43.19939520210028], [76.88598241657019, 43.19939453154802], [76.88598040491343, 43.19939251989126], [76.88597571104765, 43.19939184933901], [76.88597235828638, 43.19938983768225], [76.8859576061368, 43.19938648492098], [76.88595626503229, 43.19938514381647], [76.88595358282328, 43.19938514381647], [76.88594620674849, 43.1993817910552], [76.88594419509172, 43.1993817910552], [76.88593279570341, 43.19937575608492], [76.88592609018087, 43.19937039166689], [76.88591200858355, 43.19936703890562], [76.88590195029974, 43.19936100393534], [76.88589591532946, 43.19936100393534], [76.88589189201593, 43.199362345039845], [76.88589122146368, 43.19936368614435], [76.88588853925467, 43.199364356696606], [76.88588786870241, 43.19936569780111], [76.88588250428438, 43.19936838001013], [76.88588116317987, 43.19937039166689], [76.88587982207537, 43.19937039166689], [76.88587445765734, 43.19937575608492], [76.88587110489607, 43.199382461607456], [76.88586641103029, 43.19938849657774], [76.88586104661226, 43.199391178786755], [76.8858590349555, 43.199391178786755], [76.8858590349555, 43.19939251989126], [76.88585702329874, 43.19939251989126], [76.88585501164198, 43.19939453154802], [76.88585299998522, 43.19939453154802], [76.88585232943296, 43.199396543204784], [76.88584696501493, 43.199396543204784], [76.88584696501493, 43.19939788430929], [76.88584428280592, 43.1993992254138], [76.88584495335817, 43.19940458983183], [76.88584696501493, 43.199407272040844], [76.88584696501493, 43.19940995424986], [76.88584964722395, 43.19941330701113], [76.88584964722395, 43.19941598922014], [76.88585232943296, 43.19941934198141], [76.88585232943296, 43.19942269474268], [76.88585367053747, 43.199422024190426], [76.88586305826902, 43.19942403584719], [76.88588317483664, 43.199425376951694], [76.88588786870241, 43.1994267180562]], [[76.8860575184226, 43.19942470639944], [76.88605818897486, 43.199425376951694], [76.88605818897486, 43.19942470639944], [76.8860575184226, 43.19942470639944]], [[76.88584964722395, 43.19942135363817], [76.8858503177762, 43.199422024190426], [76.8858503177762, 43.19942135363817], [76.88584964722395, 43.19942135363817]], [[76.88584964722395, 43.199420012533665], [76.8858503177762, 43.19942068308592], [76.8858503177762, 43.199420012533665], [76.88584964722395, 43.199420012533665]]]}, "properties": {"id": 385, "class": "road", "confidence": 100.0, "source": "Almaty_7", "source_model": "unet-roads", "centroid_wkt": "POINT (76.88578087679592 43.19936312029803)", "bbox": [76.8854171410203, 43.19926578551531, 76.88616413623095, 43.19944951683283], "pixel_bbox": [9367, 6393, 10481, 6667], "area_m2": 550.395}}, {"type": "Feature", "geometry": {"type": "Polygon", "coordinates": [[[76.88068237155676, 43.19936167448759], [76.88068103045225, 43.19935765117407], [76.88068103045225, 43.1992731615901], [76.88068706542253, 43.19927182048559], [76.88068639487028, 43.199270479381084], [76.88068304210901, 43.19927182048559], [76.8806817010045, 43.19927114993334], [76.88068237155676, 43.199256397783756], [76.88068371266127, 43.19925706833601], [76.88068371266127, 43.199247010052204], [76.88068572431803, 43.199254386126995], [76.88068639487028, 43.19924768060446], [76.88068840652704, 43.19924633949995], [76.88068840652704, 43.19924499839544], [76.88069242984056, 43.19924030452967], [76.88069242984056, 43.199238292872906], [76.88069511204958, 43.19923561066389], [76.88069645315409, 43.19923225790262], [76.88069980591536, 43.19923024624586], [76.88070919364691, 43.19922957569361], [76.88071455806494, 43.19923494011164], [76.88071589916945, 43.19923494011164], [76.88072126358747, 43.199241645634174], [76.88072126358747, 43.199243657290936], [76.88072327524424, 43.1992456689477], [76.88072394579649, 43.19924969226122], [76.88073132187128, 43.199265114963055], [76.88073199242353, 43.199272491037846], [76.88074540346861, 43.1992731615901], [76.88074741512537, 43.19927919656038], [76.88074741512537, 43.199285231530666], [76.88074607402086, 43.199286572635174], [76.88074339181185, 43.19929461926222], [76.88074205070734, 43.19929528981447], [76.88074205070734, 43.19929730147123], [76.88073936849833, 43.19929998368025], [76.8807353451848, 43.19931138306856], [76.88073132187128, 43.199315406382084], [76.88072863966227, 43.199320770800114], [76.8807266280055, 43.19932211190462], [76.88072327524424, 43.19932881742716], [76.88072193413973, 43.19932881742716], [76.88072059303522, 43.19933149963617], [76.88071925193071, 43.19933149963617], [76.88071925193071, 43.19933284074068], [76.88071589916945, 43.19933485239744], [76.88071388751268, 43.199338875710964], [76.88071254640818, 43.199338875710964], [76.88070986419916, 43.19934356957674], [76.8807078525424, 43.1993455812335], [76.8807065114379, 43.1993455812335], [76.88070047646761, 43.19935295730829], [76.88069377094507, 43.19935631006956], [76.88068974763155, 43.19935631006956], [76.88068572431803, 43.19935832172632], [76.88068438321352, 43.19936100393534], [76.88068237155676, 43.19936167448759]]]}, "properties": {"id": 386, "class": "road", "confidence": 100.0, "source": "Almaty_7", "source_model": "unet-roads", "centroid_wkt": "POINT (76.8807072687892 43.19929213211823)", "bbox": [76.88068103045225, 43.19922957569361, 76.88074741512537, 43.19936167448759], "pixel_bbox": [2304, 6524, 2403, 6721], "area_m2": 50.666}}, {"type": "Feature", "geometry": {"type": "Polygon", "coordinates": [[[76.88056770712137, 43.1992731615901], [76.88053015619516, 43.1992731615901], [76.88053216785192, 43.199272491037846], [76.88053216785192, 43.19927114993334], [76.88053082674742, 43.19927114993334], [76.88052948564291, 43.19926913827658], [76.88053015619516, 43.19926377385855], [76.8805355206132, 43.19925371557474], [76.8805355206132, 43.19925170391798], [76.88054155558348, 43.19923963397741], [76.88054222613573, 43.199236281216145], [76.88054356724024, 43.19923561066389], [76.88054423779249, 43.199232928454876], [76.880545578897, 43.19923225790262], [76.88054826110601, 43.19922689348459], [76.88055362552404, 43.19922152906656], [76.8805542960763, 43.19921884685755], [76.88056033104658, 43.19921348243952], [76.88057240098715, 43.19921348243952], [76.88057508319616, 43.19921549409628], [76.88057642430067, 43.1992195174098], [76.88057843595743, 43.19922152906656], [76.88057843595743, 43.19922421127558], [76.8805804476142, 43.19922689348459], [76.8805804476142, 43.199230916798115], [76.88058245927095, 43.19923561066389], [76.88058312982321, 43.19924633949995], [76.88058111816645, 43.199252374470234], [76.88057843595743, 43.19925505667925], [76.88057642430067, 43.19926109164953], [76.88057374209166, 43.19926310330629], [76.8805730715394, 43.19926645606756], [76.88057105988264, 43.199267126619816], [76.88057105988264, 43.19926846772432], [76.88056837767363, 43.19926980882883], [76.88056837767363, 43.19927114993334], [76.88056703656912, 43.19927114993334], [76.88056770712137, 43.1992731615901]]]}, "properties": {"id": 387, "class": "road", "confidence": 100.0, "source": "Almaty_7", "source_model": "unet-roads", "centroid_wkt": "POINT (76.88055912821673 43.19924613220685)", "bbox": [76.88052948564291, 43.19921348243952, 76.88058312982321, 43.1992731615901], "pixel_bbox": [2078, 6656, 2158, 6745], "area_m2": 20.039}}, {"type": "Feature", "geometry": {"type": "Polygon", "coordinates": [[[76.8817250803113, 43.19928254932165], [76.88172373920679, 43.1992818787694], [76.88172373920679, 43.19928053766489], [76.88172105699778, 43.19928053766489], [76.88171971589327, 43.19927718490362], [76.88171502202749, 43.19927718490362], [76.88171502202749, 43.19927852600813], [76.88171368092299, 43.19927852600813], [76.88171435147524, 43.19927450269461], [76.88171971589327, 43.19927383214235], [76.88171703368425, 43.199272491037846], [76.88173111528158, 43.199272491037846], [76.88172373920679, 43.199270479381084], [76.88172306865454, 43.19926913827658], [76.88172038644552, 43.19926913827658], [76.88171904534101, 43.19926779717207], [76.88171368092299, 43.19926779717207], [76.88171368092299, 43.19926243275404], [76.88171233981848, 43.19926243275404], [76.88171099871397, 43.19925304502249], [76.88171099871397, 43.19921012967825], [76.88171233981848, 43.199196718633175], [76.88171368092299, 43.19919805973768], [76.88171368092299, 43.199194706976414], [76.88171502202749, 43.19919738918543], [76.881716363132, 43.19919738918543], [76.88171703368425, 43.19919604808092], [76.88171837478876, 43.19919604808092], [76.88171971589327, 43.19919269531965], [76.88172373920679, 43.19919068366289], [76.88172373920679, 43.199189342558384], [76.8817264214158, 43.19918800145388], [76.88172776252031, 43.199185989797115], [76.88173178583384, 43.199185989797115], [76.8817351385951, 43.199183978140354], [76.88173849135637, 43.19918464869261], [76.88174586743116, 43.199180625379086], [76.88174922019243, 43.199180625379086], [76.8817512318492, 43.199178613722324], [76.88176464289427, 43.19917794317007], [76.88177470117807, 43.19918196648359], [76.88178945332766, 43.1991833075881], [76.88179347664118, 43.19918531924486], [76.8817974999547, 43.19918531924486], [76.88180018216372, 43.19918733090162], [76.88181292265654, 43.19918800145388], [76.88181761652231, 43.19919001311064], [76.88181761652231, 43.199191354215145], [76.88181895762682, 43.199191354215145], [76.88182096928358, 43.19919403642416], [76.88182231038809, 43.19919403642416], [76.88182432204485, 43.19919604808092], [76.88182767480612, 43.19920476526022], [76.88182566314936, 43.199214823544025], [76.88182432204485, 43.19921616464853], [76.88182432204485, 43.199218176305294], [76.88182298094034, 43.19921884685755], [76.88182298094034, 43.19922085851431], [76.88182163983583, 43.19922152906656], [76.88182163983583, 43.199223540723324], [76.88182029873133, 43.19922421127558], [76.88181962817907, 43.1992282345891], [76.88182298094034, 43.19923359900713], [76.88182566314936, 43.19923359900713], [76.88182834535837, 43.1992369517684], [76.88183102756739, 43.19923762232065], [76.8818337097764, 43.19924030452967], [76.88183505088091, 43.1992456689477], [76.88183639198542, 43.199247010052204], [76.88183706253767, 43.19926109164953], [76.88183438032866, 43.19926846772432], [76.88183169811964, 43.19927114993334], [76.88183169811964, 43.1992731615901], [76.88175056129694, 43.1992731615901], [76.88175592571497, 43.19927517324686], [76.88175458461046, 43.19927517324686], [76.88175458461046, 43.19927651435137], [76.88175190240145, 43.199277855455875], [76.88174989074469, 43.199277855455875], [76.88174787908792, 43.19927986711264], [76.88173983246088, 43.19927919656038], [76.88173916190863, 43.19928053766489], [76.88173647969961, 43.19928053766489], [76.88173446804285, 43.19928254932165], [76.88173111528158, 43.19928254932165], [76.88172977417707, 43.19928053766489], [76.8817250803113, 43.19928254932165]], [[76.88173044472933, 43.19928053766489], [76.88173111528158, 43.199281208217144], [76.88173111528158, 43.19928053766489], [76.88173044472933, 43.19928053766489]], [[76.881761290133, 43.199272491037846], [76.8817700073123, 43.199272491037846], [76.8817700073123, 43.19927182048559], [76.881761290133, 43.199270479381084], [76.881761290133, 43.199272491037846]], [[76.88176732510328, 43.19925371557474], [76.8817713484168, 43.19925371557474], [76.88177738338709, 43.19925170391798], [76.88177805393934, 43.19925036281347], [76.88178140670061, 43.199249021708965], [76.88178140670061, 43.19924768060446], [76.88178408890963, 43.19924633949995], [76.88178475946188, 43.19924432784319], [76.8817887827754, 43.19924097508192], [76.88179079443216, 43.19923494011164], [76.88179012387991, 43.19923225790262], [76.88178811222315, 43.19923158735037], [76.88178677111864, 43.199228905141354], [76.88178140670061, 43.199228905141354], [76.88177604228258, 43.19922689348459], [76.88177201896906, 43.199228905141354], [76.88176933676004, 43.199228905141354], [76.88176866620779, 43.19923024624586], [76.88176665455103, 43.19923024624586], [76.88176598399878, 43.19923158735037], [76.88176464289427, 43.19923158735037], [76.88176397234201, 43.19923359900713], [76.88176196068525, 43.19923426955938], [76.88175994902849, 43.19924298673868], [76.88176330178976, 43.19925170391798], [76.88176732510328, 43.19925371557474]]]}, "properties": {"id": 388, "class": "road", "confidence": 100.0, "source": "Almaty_7", "source_model": "unet-roads", "centroid_wkt": "POINT (76.8817697409295 43.1992299404593)", "bbox": [76.88171099871397, 43.19917794317007, 76.88183706253767, 43.19928254932165], "pixel_bbox": [3840, 6642, 4028, 6798], "area_m2": 89.659}}, {"type": "Feature", "geometry": {"type": "Polygon", "coordinates": [[[76.88173044472933, 43.19915246218443], [76.88172776252031, 43.199151791632175], [76.88172709196806, 43.19915045052767], [76.88172575086355, 43.19915112107992], [76.88172373920679, 43.19914910942316], [76.88172038644552, 43.19914910942316], [76.88171770423651, 43.1991470977664], [76.88171569257975, 43.1991470977664], [76.88171435147524, 43.19915112107992], [76.88171301037073, 43.19915045052767], [76.88171233981848, 43.199151791632175], [76.88171166926622, 43.199117593467236], [76.88171233981848, 43.199115581810474], [76.88171368092299, 43.19911625236273], [76.88171368092299, 43.19911357015371], [76.881716363132, 43.19911155849695], [76.88171703368425, 43.19910887628794], [76.88172038644552, 43.19910552352667], [76.88172172755003, 43.19910552352667], [76.88172239810228, 43.199102841317654], [76.88172575086355, 43.199102841317654], [76.88172843307257, 43.199101500213146], [76.88181024044752, 43.199101500213146], [76.8818149343133, 43.199102841317654], [76.88182096928358, 43.199102841317654], [76.88182029873133, 43.19910418242216], [76.88181225210428, 43.199104852974415], [76.88181091099977, 43.19910619407892], [76.88181024044752, 43.199110217392445], [76.88180889934301, 43.199110217392445], [76.88180688768625, 43.199112229049206], [76.88180688768625, 43.19911357015371], [76.88180219382048, 43.19911625236273], [76.8817961588502, 43.19911692291498], [76.88179213553667, 43.19912027567625], [76.88178677111864, 43.19912228733301], [76.88178274780512, 43.19912698119879], [76.88178140670061, 43.19912698119879], [76.88177738338709, 43.19913100451231], [76.88177738338709, 43.19913234561682], [76.88177537173033, 43.199133686721325], [76.88177537173033, 43.19913502782583], [76.88176933676004, 43.19914173334837], [76.88176933676004, 43.19914307445288], [76.88176799565554, 43.19914307445288], [76.88176397234201, 43.1991470977664], [76.88175793737173, 43.199149779975414], [76.88173983246088, 43.19914910942316], [76.88173044472933, 43.19915246218443]]]}, "properties": {"id": 389, "class": "road", "confidence": 100.0, "source": "Almaty_7", "source_model": "unet-roads", "centroid_wkt": "POINT (76.88175297259741 43.199122549778096)", "bbox": [76.88171166926622, 43.199101500213146, 76.88182096928358, 43.19915246218443], "pixel_bbox": [3841, 6836, 4004, 6912], "area_m2": 32.06}}, {"type": "Feature", "geometry": {"type": "Polygon", "coordinates": [[[76.88241574913263, 43.19912228733301], [76.88240367919207, 43.19911826401949], [76.8824003264308, 43.19911491125822], [76.88239831477404, 43.19911491125822], [76.88239831477404, 43.19910887628794], [76.88239965587854, 43.199104852974415], [76.88239898532629, 43.199102841317654], [76.88240703195333, 43.199101500213146], [76.88242379575968, 43.199101500213146], [76.88243519514799, 43.199102841317654], [76.88243385404348, 43.199104852974415], [76.88243184238672, 43.19910552352667], [76.88243184238672, 43.19910820573568], [76.88243318349123, 43.19910820573568], [76.88243385404348, 43.19910954684019], [76.88243385404348, 43.19911289960146], [76.88243117183447, 43.199117593467236], [76.88242848962545, 43.19912027567625], [76.88242513686419, 43.19912161678076], [76.88241574913263, 43.19912228733301]]]}, "properties": {"id": 390, "class": "road", "confidence": 100.0, "source": "Almaty_7", "source_model": "unet-roads", "centroid_wkt": "POINT (76.8824167792406 43.199110646479745)", "bbox": [76.88239831477404, 43.199101500213146, 76.88243519514799, 43.19912228733301], "pixel_bbox": [4865, 6881, 4920, 6912], "area_m2": 5.625}}, {"type": "Feature", "geometry": {"type": "Polygon", "coordinates": [[[76.88061866909266, 43.19911625236273], [76.88060525804758, 43.19911289960146], [76.88060257583857, 43.199110217392445], [76.88060123473406, 43.19910552352667], [76.88059855252504, 43.199102841317654], [76.88059989362955, 43.199102841317654], [76.88059989362955, 43.199101500213146], [76.88065219670534, 43.199101500213146], [76.8806528672576, 43.199102841317654], [76.8806542083621, 43.199102841317654], [76.88065018504858, 43.19910552352667], [76.88064683228731, 43.19910619407892], [76.88064280897379, 43.199110217392445], [76.88063878566027, 43.1991108879447], [76.88063342124224, 43.19911424070597], [76.88061866909266, 43.19911625236273]]]}, "properties": {"id": 391, "class": "road", "confidence": 100.0, "source": "Almaty_7", "source_model": "unet-roads", "centroid_wkt": "POINT (76.88062421482395 43.199107109183956)", "bbox": [76.88059855252504, 43.199101500213146, 76.8806542083621, 43.19911625236273], "pixel_bbox": [2181, 6890, 2264, 6912], "area_m2": 5.101}}, {"type": "Feature", "geometry": {"type": "Polygon", "coordinates": [[[76.88075546175241, 43.19912429898977], [76.88075143843889, 43.19912228733301], [76.88074741512537, 43.19912228733301], [76.88074607402086, 43.199120946228504], [76.88073668628931, 43.199119605124], [76.88073333352804, 43.19911692291498], [76.88073132187128, 43.19911692291498], [76.8807266280055, 43.19911289960146], [76.8807266280055, 43.199110217392445], [76.88072796911001, 43.19910820573568], [76.88072729855776, 43.19910619407892], [76.88071992248297, 43.199102841317654], [76.8807340040803, 43.199101500213146], [76.88080307096243, 43.199101500213146], [76.88080709427595, 43.199102841317654], [76.88080709427595, 43.19910820573568], [76.88080240041018, 43.199112229049206], [76.88080240041018, 43.19911357015371], [76.88079569488764, 43.19911692291498], [76.88077758997679, 43.19912228733301], [76.88077289611101, 43.19912228733301], [76.88076619058847, 43.19912429898977], [76.88075546175241, 43.19912429898977]]]}, "properties": {"id": 392, "class": "road", "confidence": 100.0, "source": "Almaty_7", "source_model": "unet-roads", "centroid_wkt": "POINT (76.88076535212608 43.19911070418563)", "bbox": [76.88071992248297, 43.199101500213146, 76.88080709427595, 43.19912429898977], "pixel_bbox": [2362, 6878, 2492, 6912], "area_m2": 13.341}}, {"type": "Feature", "geometry": {"type": "Polygon", "coordinates": [[[76.88464734703302, 43.19925036281347], [76.884641982615, 43.19924835115671], [76.88463862985373, 43.19924835115671], [76.88463728874922, 43.199247010052204], [76.88463058322668, 43.19924768060446], [76.88462991267443, 43.19924633949995], [76.88462857156992, 43.199178613722324], [76.8846245482564, 43.19917794317007], [76.88462387770414, 43.19917660206556], [76.88460912555456, 43.19916922599077], [76.88460510224104, 43.199165873229504], [76.88459772616625, 43.199162520468235], [76.88459571450949, 43.199162520468235], [76.88459370285273, 43.199160508811474], [76.88459169119596, 43.199160508811474], [76.8845883384347, 43.19915782660246], [76.88458364456892, 43.19915648549795], [76.88458297401667, 43.199155144393444], [76.88457760959864, 43.19915380328894], [76.88457492738962, 43.199151791632175], [76.88457291573286, 43.199151791632175], [76.88457023352385, 43.199149779975414], [76.88456285744905, 43.19914776831865], [76.88455481082201, 43.19914374500513], [76.8845434114337, 43.19914039224386], [76.88454139977694, 43.1991383805871], [76.88453938812017, 43.1991383805871], [76.88453134149313, 43.19913435727358], [76.88453067094088, 43.19913301616907], [76.88452731817961, 43.19913234561682], [76.88452530652285, 43.199130333960056], [76.88452329486609, 43.199130333960056], [76.88451793044806, 43.19912698119879], [76.8845159187913, 43.19912698119879], [76.88450250774622, 43.19912027567625], [76.88449379056692, 43.19911289960146], [76.88449244946241, 43.199110217392445], [76.88449244946241, 43.199106864631176], [76.88449379056692, 43.199104852974415], [76.88449312001467, 43.199102841317654], [76.88449647277594, 43.199101500213146], [76.88452865928411, 43.199101500213146], [76.88453268259764, 43.19910015910864], [76.88453335314989, 43.19909881800413], [76.88454005867243, 43.19909546524286], [76.88454810529947, 43.19909278303385], [76.88457425683737, 43.19908741861582], [76.88459504395723, 43.19908808916807], [76.88461113721132, 43.19909010082483], [76.88462320715189, 43.1990934535861], [76.88462924212217, 43.1990934535861], [76.88462924212217, 43.19910082966089], [76.88463125377893, 43.199101500213146], [76.88475396484137, 43.199101500213146], [76.88476737588644, 43.199102841317654], [76.88476536422968, 43.19910418242216], [76.88476536422968, 43.199106864631176], [76.8847680464387, 43.199106864631176], [76.88477475196123, 43.199110217392445], [76.88477542251348, 43.19911155849695], [76.88477743417025, 43.19911155849695], [76.88479352742434, 43.199119605124], [76.88479822129011, 43.19912027567625], [76.88479956239462, 43.19912161678076], [76.88480090349913, 43.19912027567625], [76.88480090349913, 43.19912496954203], [76.88480291515589, 43.19912362843752], [76.88480291515589, 43.19912496954203], [76.88481498509645, 43.19912496954203], [76.88482102006674, 43.199126310646534], [76.88484314829111, 43.19912765175104], [76.88484583050013, 43.19912899285555], [76.8848505243659, 43.19912899285555], [76.88485320657492, 43.199130333960056], [76.88486862927675, 43.19913301616907], [76.88487064093351, 43.19913435727358], [76.88487399369478, 43.19913435727358], [76.88487533479929, 43.199135698378086], [76.88488606363535, 43.1991383805871], [76.88489612191916, 43.19914374500513], [76.88490215688944, 43.19914843887091], [76.88490483909845, 43.19914910942316], [76.88490752130747, 43.199151791632175], [76.88491154462099, 43.19915313273668], [76.88491221517324, 43.19915447384119], [76.8849216029048, 43.199159167706966], [76.88492361456156, 43.199159167706966], [76.88493836671114, 43.19916654378176], [76.88493970781565, 43.19916855543852], [76.88494373112917, 43.199169896543026], [76.88494507223368, 43.19917190819979], [76.8849490955472, 43.19917391985655], [76.88495311886072, 43.19917794317007], [76.88495311886072, 43.19917928427458], [76.88495445996523, 43.19917928427458], [76.88495647162199, 43.199183978140354], [76.88495580106974, 43.19918800145388], [76.88495445996523, 43.199189342558384], [76.88495311886072, 43.199189342558384], [76.88495110720396, 43.199191354215145], [76.88494574278593, 43.19919269531965], [76.88492696732283, 43.1991920247674], [76.88490886241198, 43.199185989797115], [76.8848941102624, 43.199183978140354], [76.88487533479929, 43.199183978140354], [76.88486125320196, 43.19918666034937], [76.88486058264971, 43.19918800145388], [76.88485253602266, 43.1991920247674], [76.88484717160463, 43.19919738918543], [76.88484583050013, 43.19919738918543], [76.88484515994787, 43.19919940084219], [76.88484314829111, 43.19920007139444], [76.88484314829111, 43.19920141249895], [76.88483778387308, 43.19920610636473], [76.88483510166407, 43.1992108002305], [76.8848317489028, 43.199212811887264], [76.8848317489028, 43.19921415299177], [76.88483376055956, 43.19921549409628], [76.88483376055956, 43.199220187962055], [76.88483241945505, 43.199223540723324], [76.88483241945505, 43.199227564036846], [76.88482906669378, 43.19923494011164], [76.88482571393251, 43.199238292872906], [76.88481967896223, 43.19924097508192], [76.88481900840998, 43.19924231618643], [76.8848042562604, 43.19924499839544], [76.88480157405138, 43.19924432784319], [76.88480090349913, 43.199236281216145], [76.88479956239462, 43.19923494011164], [76.88479889184237, 43.19923158735037], [76.88479755073786, 43.19923426955938], [76.8847881630063, 43.19923426955938], [76.88478413969278, 43.199230916798115], [76.88478279858828, 43.199230916798115], [76.88477609306574, 43.199222199618816], [76.88477408140898, 43.199222199618816], [76.88476603478193, 43.19921616464853], [76.88476335257292, 43.19921616464853], [76.88475865870714, 43.19921415299177], [76.88474994152784, 43.19921348243952], [76.88474860042334, 43.19921214133501], [76.88473720103502, 43.199209459125996], [76.88473585993052, 43.19920811802149], [76.88473116606474, 43.199207447469234], [76.88473049551249, 43.19920610636473], [76.88472244888544, 43.19920342415571], [76.88469897955656, 43.199202083051205], [76.88469294458628, 43.19920543581247], [76.88469026237726, 43.19920543581247], [76.884686909616, 43.199209459125996], [76.88468489795923, 43.19921012967825], [76.88468355685472, 43.199214823544025], [76.88468221575022, 43.199214823544025], [76.88468087464571, 43.199225552380085], [76.88467886298895, 43.19922689348459], [76.88467685133219, 43.19923561066389], [76.88467014580965, 43.199243657290936], [76.88465874642134, 43.19924969226122], [76.88464734703302, 43.19925036281347]]]}, "properties": {"id": 393, "class": "road", "confidence": 100.0, "source": "Almaty_7", "source_model": "unet-roads", "centroid_wkt": "POINT (76.88471987346588 43.199158344698326)", "bbox": [76.88449244946241, 43.19908741861582, 76.88495647162199, 43.19925036281347], "pixel_bbox": [7988, 6690, 8680, 6933], "area_m2": 331.278}}, {"type": "Feature", "geometry": {"type": "Polygon", "coordinates": [[[76.88028540462255, 43.19946024566889], [76.88027936965227, 43.19945689290762], [76.88027802854776, 43.199454210698605], [76.88027735799551, 43.19944482296705], [76.88026528805494, 43.19944482296705], [76.8802659586072, 43.19944281131029], [76.88026461750269, 43.199441470205784], [76.88026662915945, 43.199432753026485], [76.88026864081621, 43.19942872971296], [76.88026998192072, 43.19942805916071], [76.88027065247297, 43.199425376951694], [76.88027199357748, 43.19942470639944], [76.88027333468199, 43.199420012533665], [76.88028004020452, 43.1994079425931], [76.88028004020452, 43.19940593093634], [76.88028138130903, 43.19940526038408], [76.88028138130903, 43.19940324872732], [76.8802833929658, 43.19940123707056], [76.8802833929658, 43.1993992254138], [76.8802847340703, 43.199398554861546], [76.88028607517481, 43.19939520210028], [76.88028674572706, 43.1993817910552], [76.8802847340703, 43.19937441498041], [76.8802833929658, 43.19937441498041], [76.88028138130903, 43.19937240332365], [76.88028071075678, 43.199369721114635], [76.88027802854776, 43.19936703890562], [76.88027333468199, 43.19936502724886], [76.88026528805494, 43.19936502724886], [76.88025590032339, 43.19936905056238], [76.8802485242486, 43.19937039166689], [76.88024047762156, 43.19937039166689], [76.88023511320353, 43.19936838001013], [76.88023041933775, 43.19936167448759], [76.88023176044226, 43.19935631006956], [76.88023176044226, 43.1993455812335], [76.88022907823324, 43.19933619350195], [76.88022840768099, 43.199328146874905], [76.88022572547197, 43.19932010024786], [76.88022505491972, 43.19931138306856], [76.8802210316062, 43.199291937053204], [76.8802210316062, 43.1992731615901], [76.88021901994944, 43.1992731615901], [76.88021901994944, 43.19923158735037], [76.88022170215845, 43.199223540723324], [76.88022304326296, 43.199212811887264], [76.88022438436747, 43.19921147078276], [76.88022639602423, 43.199204094707966], [76.88022773712873, 43.19920342415571], [76.88022773712873, 43.19920141249895], [76.8802297487855, 43.199198730289936], [76.8802297487855, 43.199196718633175], [76.88023310154676, 43.1991920247674], [76.88023578375578, 43.19918129593134], [76.88023712486029, 43.199180625379086], [76.88023913651705, 43.199175260961056], [76.88024315983057, 43.19917056709528], [76.88024517148733, 43.199165873229504], [76.8802485242486, 43.199162520468235], [76.88024986535311, 43.199162520468235], [76.88025590032339, 43.199157156050205], [76.8802585825324, 43.19915648549795], [76.88026327639818, 43.199151791632175], [76.88027132302523, 43.19914843887091], [76.88027199357748, 43.1991470977664], [76.88027735799551, 43.199144415557384], [76.88027936965227, 43.19914173334837], [76.8802833929658, 43.19913972169161], [76.8802833929658, 43.1991383805871], [76.8802847340703, 43.1991383805871], [76.88028942793608, 43.199133686721325], [76.88029076904058, 43.199133686721325], [76.8803021684289, 43.19912228733301], [76.8803021684289, 43.199120946228504], [76.88030753284693, 43.19911491125822], [76.88030820339918, 43.19911155849695], [76.88031021505594, 43.199110217392445], [76.88031155616045, 43.19910753518343], [76.8803108856082, 43.199102841317654], [76.88031356781721, 43.199101500213146], [76.88038263469934, 43.19910082966089], [76.8803846463561, 43.19910015910864], [76.8803833052516, 43.19909881800413], [76.8803846463561, 43.19909881800413], [76.88038397580385, 43.199097476899624], [76.88038665801287, 43.1990934535861], [76.88039671629667, 43.19909077137709], [76.88039738684893, 43.19908943027258], [76.8804020807147, 43.19908808916807], [76.88040543347597, 43.1990847364068], [76.8804094567895, 43.199083395302296], [76.8804094567895, 43.19908205419779], [76.880410797894, 43.19908205419779], [76.88041146844625, 43.19908071309328], [76.88041683286428, 43.19907937198877], [76.88042286783457, 43.19907534867525], [76.88042622059584, 43.19907534867525], [76.88043024390936, 43.19907333701849], [76.88043627887964, 43.19907333701849], [76.88043761998415, 43.199074678123], [76.88044365495443, 43.199076019227505], [76.88044432550669, 43.19907736033201], [76.88044767826796, 43.19907870143652], [76.88045304268599, 43.19908540695906], [76.88045304268599, 43.19908808916807], [76.880455724895, 43.199094124138355], [76.880455724895, 43.19909814745188], [76.8804543837905, 43.19910015910864], [76.88045773655176, 43.199101500213146], [76.8804644420743, 43.199101500213146], [76.88046377152205, 43.199102841317654], [76.88046645373106, 43.199102841317654], [76.88046511262655, 43.19910351186991], [76.88046511262655, 43.199106864631176], [76.88046645373106, 43.19910820573568], [76.88046310096979, 43.19911357015371], [76.88046175986528, 43.19911357015371], [76.8804543837905, 43.19912027567625], [76.88044499605894, 43.19912564009428], [76.88044499605894, 43.19912698119879], [76.88044365495443, 43.19912698119879], [76.88044164329767, 43.19912899285555], [76.88044164329767, 43.199130333960056], [76.88043963164091, 43.199130333960056], [76.88043896108866, 43.19913301616907], [76.88043627887964, 43.199135698378086], [76.88043627887964, 43.19913771003485], [76.88043426722288, 43.199139051139355], [76.88043359667063, 43.19914240390062], [76.88043225556612, 43.19914307445288], [76.88042219728231, 43.199164532124996], [76.8804208561778, 43.19916520267725], [76.88042018562555, 43.199167884886265], [76.88041817396879, 43.19916922599077], [76.88041683286428, 43.19917257875204], [76.880410797894, 43.199178613722324], [76.88040610402822, 43.19918129593134], [76.88040409237146, 43.19918129593134], [76.88039604574442, 43.19918867200613], [76.88039068132639, 43.19919068366289], [76.88039001077414, 43.1991920247674], [76.8803846463561, 43.199194706976414], [76.88038196414709, 43.199194706976414], [76.88037928193808, 43.199196718633175], [76.88037592917681, 43.19919738918543], [76.88036922365427, 43.19919738918543], [76.88036520034075, 43.19919604808092], [76.88036385923624, 43.19919403642416], [76.88035983592272, 43.1991920247674], [76.8803571537137, 43.19918733090162], [76.88034642487764, 43.19917660206556], [76.8803397193551, 43.199173249304295], [76.8803383782506, 43.199173249304295], [76.88033770769835, 43.199175260961056], [76.88033636659384, 43.199173249304295], [76.88033435493708, 43.1991745904088], [76.88032764941454, 43.1991745904088], [76.88032228499651, 43.19917660206556], [76.88032027333975, 43.199178613722324], [76.88031692057848, 43.19917928427458], [76.88031625002623, 43.199180625379086], [76.88030619174242, 43.19918531924486], [76.88030283898115, 43.19918867200613], [76.88029948621988, 43.19919001311064], [76.88029948621988, 43.199191354215145], [76.88029814511538, 43.199191354215145], [76.88029814511538, 43.19919269531965], [76.88029546290636, 43.19919403642416], [76.88029076904058, 43.19920007139444], [76.88028942793608, 43.19920007139444], [76.88028942793608, 43.19920141249895], [76.88028674572706, 43.19920342415571], [76.88028607517481, 43.19920610636473], [76.8802833929658, 43.19920878857374], [76.88028272241354, 43.19921415299177], [76.88028138130903, 43.199214823544025], [76.88028138130903, 43.19921750575304], [76.88027936965227, 43.199220187962055], [76.88027802854776, 43.19923158735037], [76.88028071075678, 43.1992369517684], [76.88028406351805, 43.19924030452967], [76.88029009848833, 43.199243657290936], [76.8802934512496, 43.19924432784319], [76.88029412180185, 43.1992456689477], [76.8803021684289, 43.1992456689477], [76.88030753284693, 43.19924298673868], [76.88030954450369, 43.19924298673868], [76.8803122267127, 43.19924030452967], [76.88031356781721, 43.19924030452967], [76.88031625002623, 43.1992369517684], [76.88031759113073, 43.1992369517684], [76.8803196027875, 43.19923426955938], [76.88032563775778, 43.19923225790262], [76.8803283199668, 43.19922957569361], [76.88033167272806, 43.19922957569361], [76.88033234328032, 43.199230916798115], [76.88033368438482, 43.199230916798115], [76.88033368438482, 43.199228905141354], [76.88033569604158, 43.19922957569361], [76.88033569604158, 43.1992282345891], [76.88033703714609, 43.199227564036846], [76.88033770769835, 43.199223540723324], [76.88033770769835, 43.1992731615901], [76.88036184757948, 43.1992731615901], [76.88036184757948, 43.19927450269461], [76.88036385923624, 43.19927450269461], [76.88036318868399, 43.19927718490362], [76.88036654144526, 43.19927986711264], [76.88036721199751, 43.1992818787694], [76.88036721199751, 43.19928389042616], [76.88036520034075, 43.199286572635174], [76.88036385923624, 43.19930199533701], [76.88036251813173, 43.19930735975504], [76.88035983592272, 43.199312053620815], [76.88035983592272, 43.19931473582983], [76.88035849481821, 43.199315406382084], [76.88035849481821, 43.199317418038845], [76.8803571537137, 43.1993180885911], [76.8803571537137, 43.19932010024786], [76.8803558126092, 43.199320770800114], [76.8803558126092, 43.199322782456875], [76.88035313040018, 43.19932613521814], [76.88035245984793, 43.19932881742716], [76.88035111874342, 43.19932948797941], [76.88035111874342, 43.19933082908392], [76.88034977763891, 43.19933149963617], [76.88034977763891, 43.19933284074068], [76.88034374266863, 43.19933954626322], [76.8803397193551, 43.19934155791998], [76.88033770769835, 43.199344240128994], [76.88033770769835, 43.19941196590662], [76.88033301383257, 43.199411295354366], [76.88033167272806, 43.19941196590662], [76.88033167272806, 43.19941330701113], [76.88033033162355, 43.19941330701113], [76.88032429665327, 43.1994180008769], [76.88032295554876, 43.199422024190426], [76.88032161444426, 43.19942269474268], [76.88032027333975, 43.19942805916071], [76.88031826168299, 43.19942940026522], [76.88031759113073, 43.19943744689226], [76.88031490892172, 43.19944281131029], [76.88031490892172, 43.19944482296705], [76.8803021684289, 43.19944482296705], [76.8803021684289, 43.199448846280575], [76.88029747456312, 43.19945488125086], [76.88029278069735, 43.19945689290762], [76.88029211014509, 43.19945890456438], [76.88029009848833, 43.19946024566889], [76.88028540462255, 43.19946024566889]]]}, "properties": {"id": 394, "class": "road", "confidence": 100.0, "source": "Almaty_7", "source_model": "unet-roads", "centroid_wkt": "POINT (76.88031549214107 43.19924347591141)", "bbox": [76.88021901994944, 43.19907333701849, 76.88046645373106, 43.19946024566889], "pixel_bbox": [1615, 6377, 1984, 6954], "area_m2": 347.828}}, {"type": "Feature", "geometry": {"type": "Polygon", "coordinates": [[[76.88051272183657, 43.19908004254103], [76.8805107101798, 43.199074678123], [76.8805107101798, 43.199070654809475], [76.8805093690753, 43.19907333701849], [76.8805093690753, 43.19905523210764], [76.8805107101798, 43.19905523210764], [76.8805107101798, 43.199052549898624], [76.8805180862546, 43.19905187934637], [76.88052009791136, 43.19905053824186], [76.88052009791136, 43.199049197137356], [76.88052412122488, 43.1990485265851], [76.88053015619516, 43.19905053824186], [76.88053015619516, 43.19905187934637], [76.88053283840418, 43.199052549898624], [76.88053283840418, 43.199054561555386], [76.8805355206132, 43.199057914316654], [76.8805355206132, 43.199065290391445], [76.88053350895643, 43.19906931370497], [76.88053350895643, 43.19907199591398], [76.88052948564291, 43.199076019227505], [76.88052747398615, 43.199076019227505], [76.8805268034339, 43.19907736033201], [76.88052479177713, 43.19907736033201], [76.88052345067263, 43.19907870143652], [76.8805194273591, 43.19908004254103], [76.88051272183657, 43.19908004254103]]]}, "properties": {"id": 395, "class": "road", "confidence": 100.0, "source": "Almaty_7", "source_model": "unet-roads", "centroid_wkt": "POINT (76.88052211079119 43.19906396977348)", "bbox": [76.8805093690753, 43.1990485265851, 76.8805355206132, 43.19908004254103], "pixel_bbox": [2048, 6944, 2087, 6991], "area_m2": 5.936}}, {"type": "Feature", "geometry": {"type": "Polygon", "coordinates": [[[76.8814541772008, 43.19901969283819], [76.88145015388727, 43.19901768118143], [76.88144814223051, 43.19901365786791], [76.88144210726023, 43.19901432842016], [76.88143607228994, 43.19901164621115], [76.88143540173769, 43.19901030510664], [76.88142601400614, 43.19901030510664], [76.88142333179712, 43.19900896400213], [76.8814179673791, 43.1990035995841], [76.88141528517008, 43.199002258479595], [76.88141461461782, 43.19899555295706], [76.88142333179712, 43.19899085909128], [76.88142869621515, 43.19899085909128], [76.88143942505121, 43.19899622350931], [76.88144009560347, 43.19899823516607], [76.88145082443953, 43.199007622897625], [76.88145082443953, 43.19900896400213], [76.88145283609629, 43.19901030510664], [76.88145283609629, 43.19901365786791], [76.88145954161882, 43.19901365786791], [76.88146021217108, 43.19901566952467], [76.88146289438009, 43.19901701062918], [76.88146289438009, 43.19901902228594], [76.8814541772008, 43.19901969283819]]]}, "properties": {"id": 396, "class": "road", "confidence": 100.0, "source": "Almaty_7", "source_model": "unet-roads", "centroid_wkt": "POINT (76.88143542196877 43.19900400026134)", "bbox": [76.88141461461782, 43.19899085909128, 76.88146289438009, 43.19901969283819], "pixel_bbox": [3398, 7034, 3470, 7077], "area_m2": 5.349}}, {"type": "Feature", "geometry": {"type": "Polygon", "coordinates": [[[76.88062872737646, 43.199029080569744], [76.88062470406294, 43.19902706891298], [76.88062470406294, 43.199025727808475], [76.88062202185392, 43.19902304559946], [76.88062135130167, 43.19901566952467], [76.88061933964491, 43.19901365786791], [76.88061866909266, 43.19901030510664], [76.8806166574359, 43.199007622897625], [76.88061598688364, 43.199002258479595], [76.88061062246561, 43.19899622350931], [76.8806092813611, 43.198991529643536], [76.8806079402566, 43.19899018853903], [76.88060659915209, 43.19898549467325], [76.88060659915209, 43.19897811859846], [76.88061062246561, 43.19896873086691], [76.8806166574359, 43.19896202534437], [76.8806267157197, 43.19895666092634], [76.88063945621252, 43.19895599037409], [76.88064280897379, 43.19895800203085], [76.88064482063055, 43.19895800203085], [76.88065085560083, 43.19896403700113], [76.88065554946661, 43.19896537810564], [76.88065823167562, 43.198968060314655], [76.88066091388464, 43.19896873086691], [76.88066359609365, 43.19897208362818], [76.88066493719816, 43.19897208362818], [76.88067030161619, 43.19897811859846], [76.88067030161619, 43.198980800807476], [76.8806716427207, 43.19898147135973], [76.88067231327295, 43.198984153568745], [76.88067432492971, 43.19898549467325], [76.88067566603422, 43.19898817688227], [76.88067566603422, 43.198991529643536], [76.8806729838252, 43.198996894061565], [76.88066761940718, 43.19900158792734], [76.88066761940718, 43.19900292903185], [76.8806629255414, 43.19900695234537], [76.8806629255414, 43.19900829344988], [76.88066024333239, 43.199009634554386], [76.88065219670534, 43.19901768118143], [76.88064213842154, 43.19902237504721], [76.88063945621252, 43.199025727808475], [76.88063811510801, 43.199025727808475], [76.8806367740035, 43.19902773946524], [76.88063476234674, 43.19902773946524], [76.88063409179449, 43.199029080569744], [76.88062872737646, 43.199029080569744]]]}, "properties": {"id": 397, "class": "road", "confidence": 100.0, "source": "Almaty_7", "source_model": "unet-roads", "centroid_wkt": "POINT (76.88063905248409 43.19898955191904)", "bbox": [76.88060659915209, 43.19895599037409, 76.88067566603422, 43.199029080569744], "pixel_bbox": [2193, 7020, 2296, 7129], "area_m2": 30.108}}, {"type": "Feature", "geometry": {"type": "Polygon", "coordinates": [[[76.88409816473722, 43.19908406585455], [76.88409011811018, 43.19908205419779], [76.88408140093088, 43.199078030884266], [76.88407871872187, 43.199078030884266], [76.88407201319933, 43.199074678123], [76.88406463712454, 43.199074007570744], [76.88405591994524, 43.19907132536173], [76.88405256718397, 43.199068643152714], [76.88404988497496, 43.19906797260046], [76.88404519110918, 43.199063278734684], [76.88404385000467, 43.199063278734684], [76.88404385000467, 43.19906193763018], [76.88404116779566, 43.19906059652567], [76.8840404972434, 43.19905858486891], [76.88403714448214, 43.19905657321215], [76.88403714448214, 43.19905523210764], [76.88403580337763, 43.19905523210764], [76.88402708619833, 43.199047185480595], [76.88402440398932, 43.19904651492834], [76.88402373343706, 43.19904517382383], [76.88401836901903, 43.19904249161482], [76.88400831073523, 43.199039809405804], [76.88399758189917, 43.199039809405804], [76.8839855119586, 43.19904249161482], [76.8839767947793, 43.199047185480595], [76.88397008925676, 43.19905389100313], [76.88396271318197, 43.19905657321215], [76.88395131379366, 43.19905657321215], [76.88394326716661, 43.19905523210764], [76.8839419260621, 43.19904986768961], [76.88393522053957, 43.19904986768961], [76.88393387943506, 43.1990485265851], [76.8839318677783, 43.1990485265851], [76.88393119722605, 43.199047185480595], [76.88392784446478, 43.19904651492834], [76.88392650336027, 43.19904450327158], [76.88392113894224, 43.199041821062565], [76.88391778618097, 43.19903779774904], [76.88391644507647, 43.19903779774904], [76.88391644507647, 43.199036456644535], [76.8839130923152, 43.19903511554003], [76.88390839844942, 43.19903042167425], [76.88390705734491, 43.19903042167425], [76.8839057162404, 43.19902841001749], [76.8839043751359, 43.19902841001749], [76.88389766961336, 43.19902304559946], [76.88389096409082, 43.19901969283819], [76.88388895243406, 43.19901969283819], [76.88388627022505, 43.19901768118143], [76.88388023525476, 43.19901634007692], [76.88387889415026, 43.199014998972416], [76.88386615365744, 43.1990123167634], [76.88383463770151, 43.199009634554386], [76.88381720334291, 43.199005611240864], [76.88380915671587, 43.19900628179312], [76.88380245119333, 43.19901164621115], [76.88379842787981, 43.199020363390446], [76.88379842787981, 43.19902237504721], [76.8837970867753, 43.19902304559946], [76.8837970867753, 43.19902505725622], [76.88379373401403, 43.199029080569744], [76.88379172235727, 43.199029080569744], [76.88379105180502, 43.19903042167425], [76.883788369596, 43.199031092226505], [76.8837870284915, 43.19903042167425], [76.88378501683474, 43.19903176277876], [76.88378099352121, 43.19903042167425], [76.8837796524167, 43.199031092226505], [76.88377898186445, 43.199029751122], [76.88377361744642, 43.199029751122], [76.88377361744642, 43.19902841001749], [76.88377160578966, 43.199029080569744], [76.88377093523741, 43.19902438670397], [76.88377093523741, 43.19898549467325], [76.88374411314726, 43.198980800807476], [76.88374076038599, 43.19897945970297], [76.88373807817698, 43.198976777493954], [76.88373807817698, 43.198975436389446], [76.88374143093824, 43.198971413075924], [76.88374813646078, 43.19896873086691], [76.88375886529684, 43.19896671921015], [76.88377093523741, 43.198966048657894], [76.88377160578966, 43.19894928485155], [76.88378971070051, 43.19894928485155], [76.88382994383574, 43.198955319821835], [76.88385408371687, 43.19896135479212], [76.88385810703039, 43.19896336644888], [76.88386347144842, 43.19896403700113], [76.88386749476194, 43.198966048657894], [76.88387017697096, 43.198966048657894], [76.88387218862772, 43.1989673897624], [76.88387487083673, 43.1989673897624], [76.88387621194124, 43.19896873086691], [76.88387889415026, 43.19896873086691], [76.88388895243406, 43.19897208362818], [76.88391242176294, 43.198984153568745], [76.88391644507647, 43.198984824121], [76.88392113894224, 43.19898750633001], [76.88392382115126, 43.19898750633001], [76.88393790274858, 43.19899220019579], [76.88394259661436, 43.19899220019579], [76.88394259661436, 43.19900292903185], [76.88394393771887, 43.19900158792734], [76.88394527882338, 43.19900292903185], [76.88394594937563, 43.19900158792734], [76.88394796103239, 43.199002258479595], [76.88397008925676, 43.19899756461382], [76.88401434570551, 43.19899622350931], [76.88404452055693, 43.19899622350931], [76.884057931602, 43.19899756461382], [76.88407067209482, 43.199000246822834], [76.88407268375158, 43.19900158792734], [76.88407603651285, 43.19900158792734], [76.88411425799131, 43.199014998972416], [76.88411425799131, 43.19907937198877], [76.88411358743906, 43.199081383645535], [76.8841115757823, 43.19908272475004], [76.88411023467779, 43.19908205419779], [76.88411023467779, 43.199083395302296], [76.88409816473722, 43.19908406585455]]]}, "properties": {"id": 398, "class": "road", "confidence": 100.0, "source": "Almaty_7", "source_model": "unet-roads", "centroid_wkt": "POINT (76.88394248481872 43.199012228023)", "bbox": [76.88373807817698, 43.19894928485155, 76.88411425799131, 43.19908406585455], "pixel_bbox": [6863, 6938, 7424, 7139], "area_m2": 184.273}}, {"type": "Feature", "geometry": {"type": "Polygon", "coordinates": [[[76.88137840479612, 43.19901768118143], [76.88137572258711, 43.19901634007692], [76.88136901706457, 43.19901701062918], [76.88136767596006, 43.199010975658894], [76.88136767596006, 43.19893050938845], [76.88149373978376, 43.19892983883619], [76.88150715082884, 43.1989311799407], [76.88150446861982, 43.19893319159746], [76.88150446861982, 43.19893520325422], [76.88150782138109, 43.19893788546324], [76.8815091624856, 43.198941238224506], [76.8815091624856, 43.19894593209028], [76.88150782138109, 43.198949955403805], [76.88150648027658, 43.19895129650831], [76.88150580972433, 43.19895464926958], [76.88150446861982, 43.198955319821835], [76.88150178641081, 43.198960684239864], [76.88149977475405, 43.19896202534437], [76.88149977475405, 43.19896336644888], [76.88149843364954, 43.19896336644888], [76.88149575144053, 43.19896671921015], [76.88149373978376, 43.19896671921015], [76.88149239867926, 43.198968060314655], [76.88148502260447, 43.198968060314655], [76.88148368149996, 43.19896671921015], [76.88148099929094, 43.19896671921015], [76.88147831708193, 43.19896403700113], [76.88147027045488, 43.19896135479212], [76.8814555183053, 43.19896135479212], [76.88145350664854, 43.198962695896626], [76.88144076615572, 43.19896336644888], [76.88143339008093, 43.19896671921015], [76.88143137842417, 43.19896671921015], [76.88143003731966, 43.19896873086691], [76.8814280256629, 43.19896940141916], [76.8814193084836, 43.19896873086691], [76.88141394406557, 43.19896537810564], [76.8814092501998, 43.19896470755339], [76.88140254467726, 43.19896135479212], [76.88139852136374, 43.19896135479212], [76.88139650970697, 43.19896336644888], [76.88139516860247, 43.19896336644888], [76.88139382749796, 43.198968060314655], [76.88139449805021, 43.198976777493954], [76.88139650970697, 43.19898348301649], [76.88139986246824, 43.19899018853903], [76.88140120357275, 43.19899085909128], [76.88140254467726, 43.19899555295706], [76.88140455633402, 43.19899756461382], [76.88140455633402, 43.19900494068861], [76.88140321522951, 43.199005611240864], [76.881401874125, 43.199009634554386], [76.88139718025923, 43.19901432842016], [76.88138578087091, 43.19901768118143], [76.88137840479612, 43.19901768118143]]]}, "properties": {"id": 399, "class": "road", "confidence": 100.0, "source": "Almaty_7", "source_model": "unet-roads", "centroid_wkt": "POINT (76.88142369504348 43.19895836643606)", "bbox": [76.88136767596006, 43.19892983883619, 76.8815091624856, 43.19901768118143], "pixel_bbox": [3328, 7037, 3539, 7168], "area_m2": 57.558}}, {"type": "Feature", "geometry": {"type": "Polygon", "coordinates": [[[76.88154000788927, 43.198962695896626], [76.88154000788927, 43.19893050938845], [76.88158091157675, 43.19892983883619], [76.88158761709929, 43.1989311799407], [76.88158560544252, 43.198933862149715], [76.88158694654703, 43.19893520325422], [76.88158560544252, 43.19893989712], [76.88157889991999, 43.19894593209028], [76.88157621771097, 43.198946602642536], [76.88157554715872, 43.198947943747044], [76.8815715238452, 43.198949955403805], [76.88156682997942, 43.19895129650831], [76.88156615942717, 43.19895263761282], [76.88155878335238, 43.19895464926958], [76.88155140727758, 43.1989586725831], [76.88154738396406, 43.19895934313536], [76.88154000788927, 43.198962695896626]]]}, "properties": {"id": 400, "class": "road", "confidence": 100.0, "source": "Almaty_7", "source_model": "unet-roads", "centroid_wkt": "POINT (76.8815599157781 43.19894198566348)", "bbox": [76.88154000788927, 43.19892983883619, 76.88158761709929, 43.198962695896626], "pixel_bbox": [3585, 7119, 3656, 7168], "area_m2": 9.434}}, {"type": "Feature", "geometry": {"type": "Polygon", "coordinates": [[[76.88330758363008, 43.198960684239864], [76.88330288976431, 43.19895934313536], [76.8832841143012, 43.19895800203085], [76.88327942043543, 43.19895599037409], [76.88327271491289, 43.19895599037409], [76.8832653388381, 43.19895397871733], [76.8832566216588, 43.19895330816507], [76.88325595110655, 43.19892983883619], [76.8834276124835, 43.19892983883619], [76.88342694193125, 43.19894056767225], [76.88342291861773, 43.19893989712], [76.88342023640871, 43.19894190877676], [76.88340548425913, 43.19894526153803], [76.88340280205011, 43.19894727319479], [76.88339676707983, 43.1989486142993], [76.88339542597532, 43.198949955403805], [76.88339341431856, 43.198949955403805], [76.88339207321405, 43.19895129650831], [76.88338067382574, 43.198955319821835], [76.88336860388517, 43.198957331478596], [76.88335184007883, 43.19895666092634], [76.88334848731756, 43.19895800203085], [76.8833464756608, 43.198957331478596], [76.88334312289953, 43.1989586725831], [76.88333239406347, 43.19896001368761], [76.88330758363008, 43.198960684239864]]]}, "properties": {"id": 401, "class": "road", "confidence": 100.0, "source": "Almaty_7", "source_model": "unet-roads", "centroid_wkt": "POINT (76.88333451318438 43.19894263683501)", "bbox": [76.88325595110655, 43.19892983883619, 76.8834276124835, 43.198960684239864], "pixel_bbox": [6144, 7122, 6400, 7168], "area_m2": 38.565}}, {"type": "Feature", "geometry": {"type": "Polygon", "coordinates": [[[76.8835986033082, 43.19898281246424], [76.88359793275595, 43.19898147135973], [76.88359189778566, 43.19897945970297], [76.88358720391989, 43.19897476583719], [76.88358586281538, 43.19897476583719], [76.88358519226313, 43.19897275418043], [76.88358385115862, 43.19897275418043], [76.88358251005411, 43.19897007197142], [76.8835724517703, 43.19896001368761], [76.88356373459101, 43.198955319821835], [76.88354965299368, 43.19895263761282], [76.88350673764944, 43.19895263761282], [76.88348729163408, 43.198949955403805], [76.88347455114126, 43.198944590985775], [76.88346985727549, 43.19893989712], [76.88346918672323, 43.1989311799407], [76.88347321003675, 43.19892983883619], [76.88359927386045, 43.19892983883619], [76.88359927386045, 43.19895062595606], [76.88360128551722, 43.198951967060566], [76.88360799103975, 43.19895263761282], [76.88361939042807, 43.19895800203085], [76.8836247548461, 43.19896403700113], [76.88362542539835, 43.19896940141916], [76.88362274318933, 43.19897409528494], [76.8836160376668, 43.19897744804621], [76.88360664993525, 43.19897744804621], [76.88360262662172, 43.1989761069417], [76.88360195606947, 43.19897476583719], [76.88359994441271, 43.19897476583719], [76.8835986033082, 43.19898281246424]]]}, "properties": {"id": 402, "class": "road", "confidence": 100.0, "source": "Almaty_7", "source_model": "unet-roads", "centroid_wkt": "POINT (76.88355504217552 43.19894722576213)", "bbox": [76.88346918672323, 43.19892983883619, 76.88362542539835, 43.19898281246424], "pixel_bbox": [6462, 7089, 6695, 7168], "area_m2": 35.629}}, {"type": "Feature", "geometry": {"type": "Polygon", "coordinates": [[[76.88043896108866, 43.19899220019579], [76.88043359667063, 43.19899085909128], [76.88043091446161, 43.19898750633001], [76.8804282322526, 43.19897074252367], [76.88042622059584, 43.19896873086691], [76.88042622059584, 43.1989673897624], [76.88042353838682, 43.19896537810564], [76.88042353838682, 43.19896403700113], [76.88042219728231, 43.19896403700113], [76.88042018562555, 43.19896135479212], [76.88040677458048, 43.198955319821835], [76.88037056475878, 43.19895464926958], [76.88036385923624, 43.19895129650831], [76.88035648316145, 43.19894392043352], [76.88035648316145, 43.198942579329014], [76.88035178929567, 43.19893654435873], [76.88035111874342, 43.19892983883619], [76.88042890280485, 43.19892983883619], [76.88043024390936, 43.198931850492954], [76.88043158501387, 43.198931850492954], [76.88043158501387, 43.19893319159746], [76.88043560832739, 43.19893453270197], [76.8804369494319, 43.198937214910984], [76.88043963164091, 43.198939226567745], [76.88044030219316, 43.198942579329014], [76.88044164329767, 43.19894324988127], [76.88044164329767, 43.19894526153803], [76.88044298440218, 43.198946602642536], [76.88044499605894, 43.19895397871733], [76.88044432550669, 43.19896001368761], [76.8804456666112, 43.19896135479212], [76.88044432550669, 43.19896873086691], [76.88044432550669, 43.19898348301649], [76.88044164329767, 43.19898817688227], [76.88044164329767, 43.19899018853903], [76.88043896108866, 43.19899220019579]]]}, "properties": {"id": 403, "class": "road", "confidence": 100.0, "source": "Almaty_7", "source_model": "unet-roads", "centroid_wkt": "POINT (76.88040737301141 43.19894863073386)", "bbox": [76.88035111874342, 43.19892983883619, 76.8804456666112, 43.19899220019579], "pixel_bbox": [1812, 7075, 1953, 7168], "area_m2": 24.738}}, {"type": "Feature", "geometry": {"type": "Polygon", "coordinates": [[[76.88038732856512, 43.19892514497042], [76.88038397580385, 43.19892179220915], [76.88038397580385, 43.19891642779112], [76.88038732856512, 43.198912404477596], [76.88039001077414, 43.19891106337309], [76.8803933635354, 43.19891173392534], [76.88039671629667, 43.19891508668661], [76.88039671629667, 43.19891978055239], [76.88039470463991, 43.19892179220915], [76.88039470463991, 43.198923133313656], [76.88038732856512, 43.19892514497042]]]}, "properties": {"id": 404, "class": "road", "confidence": 100.0, "source": "Almaty_7", "source_model": "unet-roads", "centroid_wkt": "POINT (76.8803905769812 43.19891776389151)", "bbox": [76.88038397580385, 43.19891106337309, 76.88039671629667, 43.19892514497042], "pixel_bbox": [1861, 7175, 1880, 7196], "area_m2": 1.224}}, {"type": "Feature", "geometry": {"type": "Polygon", "coordinates": [[[76.8833189830184, 43.19892447441816], [76.88330221921206, 43.1989224627614], [76.88327874988317, 43.19891508668661], [76.88327673822641, 43.19891307502985], [76.88327472656965, 43.19891307502985], [76.88327003270388, 43.198910392820835], [76.88326802104712, 43.19890771061182], [76.88326667994261, 43.19890771061182], [76.88326332718134, 43.19890234619379], [76.88326332718134, 43.19890033453703], [76.88326735049486, 43.19889698177576], [76.88327070325613, 43.19889631122351], [76.88327338546515, 43.198894299566746], [76.88329014927149, 43.198888935148716], [76.88332233577967, 43.198888935148716], [76.88333909958601, 43.19889161735773], [76.88334915786982, 43.198894970119], [76.88335854560137, 43.19890033453703], [76.88335988670588, 43.19890234619379], [76.88336122781038, 43.19890234619379], [76.88336659222841, 43.19890771061182], [76.88336793333292, 43.198910392820835], [76.88336726278067, 43.19891441613436], [76.8833639100194, 43.19891709834337], [76.88334714621305, 43.198923133313656], [76.88333909958601, 43.19892447441816], [76.8833189830184, 43.19892447441816]]]}, "properties": {"id": 405, "class": "road", "confidence": 100.0, "source": "Almaty_7", "source_model": "unet-roads", "centroid_wkt": "POINT (76.88331685399709 43.198906091507524)", "bbox": [76.88326332718134, 43.198888935148716, 76.88336793333292, 43.19892447441816], "pixel_bbox": [6155, 7176, 6311, 7229], "area_m2": 25.335}}, {"type": "Feature", "geometry": {"type": "Polygon", "coordinates": [[[76.8832552805543, 43.19890234619379], [76.88325393944979, 43.19890100508928], [76.88324119895697, 43.19890100508928], [76.88323315232992, 43.19889832288027], [76.88323181122541, 43.19889698177576], [76.88322309404612, 43.19889564067125], [76.8832204118371, 43.198894299566746], [76.88320767134428, 43.19889362901449], [76.88318554311991, 43.19889027625322], [76.88315872102976, 43.198881559073925], [76.88314061611891, 43.19887887686491], [76.88313189893961, 43.19887552410364], [76.88312519341707, 43.19887485355139], [76.88311915844679, 43.19887284189463], [76.88309099525213, 43.19887015968561], [76.88308496028185, 43.198870830237865], [76.88308496028185, 43.19884333759546], [76.88315067440271, 43.19884400814772], [76.88316006213427, 43.19884266704321], [76.88318286091089, 43.19884266704321], [76.88319627195597, 43.19884467869997], [76.88320700079203, 43.198847360908985], [76.88320901244879, 43.19884870201349], [76.8832116946578, 43.19884870201349], [76.88322309404612, 43.19885406643152], [76.88322711735964, 43.198854736983776], [76.88322979956865, 43.19885674864054], [76.88323248177767, 43.19885674864054], [76.88323382288218, 43.198858089745045], [76.88325192779303, 43.19886412471533], [76.88325595110655, 43.19886412471533], [76.8832552805543, 43.19890234619379]]]}, "properties": {"id": 406, "class": "road", "confidence": 100.0, "source": "Almaty_7", "source_model": "unet-roads", "centroid_wkt": "POINT (76.88317731138605 43.19886676391147)", "bbox": [76.88308496028185, 43.19884266704321, 76.88325595110655, 43.19890234619379], "pixel_bbox": [5889, 7209, 6144, 7298], "area_m2": 58.268}}, {"type": "Feature", "geometry": {"type": "Polygon", "coordinates": [[[76.8806079402566, 43.19893654435873], [76.88059989362955, 43.19893520325422], [76.88058715313673, 43.19893520325422], [76.88057977706194, 43.19893319159746], [76.88057642430067, 43.19892983883619], [76.88057441264391, 43.19892983883619], [76.88057508319616, 43.198928497731686], [76.88057374209166, 43.198928497731686], [76.88056904822588, 43.19892380386591], [76.8805643543601, 43.198913745582104], [76.8805643543601, 43.19890167564154], [76.88056636601686, 43.19889295846224], [76.88057038933039, 43.19888759404421], [76.88057105988264, 43.198884911835194], [76.88057240098715, 43.19888424128294], [76.8805730715394, 43.198881559073925], [76.8805804476142, 43.19887485355139], [76.88058312982321, 43.19886814802885], [76.88058380037546, 43.19885674864054], [76.88058245927095, 43.19885205477476], [76.88058245927095, 43.19884601980448], [76.88058715313673, 43.19883529096842], [76.88058916479349, 43.198823891580105], [76.88058916479349, 43.19881450384855], [76.88059117645025, 43.19880645722151], [76.88059519976377, 43.19879975169897], [76.88065957278013, 43.19879975169897], [76.88065890222788, 43.19880310446024], [76.88065622001886, 43.198805116117], [76.88065622001886, 43.19880645722151], [76.88065353780985, 43.19880846887827], [76.88065152615309, 43.19881249219179], [76.88064683228731, 43.19881718605757], [76.88064683228731, 43.19881919771433], [76.8806454911828, 43.19881986826658], [76.8806441500783, 43.198823891580105], [76.8806441500783, 43.19882657378912], [76.8806454911828, 43.198831267654896], [76.88064683228731, 43.198831267654896], [76.88065085560083, 43.19883596152067], [76.88065219670534, 43.19883596152067], [76.88065219670534, 43.19883730262518], [76.88065353780985, 43.19883730262518], [76.88065554946661, 43.198839984834194], [76.88066225498915, 43.19884333759546], [76.88066694885492, 43.198847360908985], [76.88067365437746, 43.198850043118], [76.88067767769098, 43.19885540753603], [76.88067767769098, 43.19885741919279], [76.88067901879549, 43.1988587602973], [76.88067901879549, 43.19886613637209], [76.88067968934774, 43.19886814802885], [76.88068103045225, 43.1988674774766], [76.8806817010045, 43.198870830237865], [76.88068237155676, 43.19888826459646], [76.88068572431803, 43.19889631122351], [76.88068572431803, 43.19891307502985], [76.88068773597479, 43.198921121656895], [76.88068773597479, 43.19892447441816], [76.88068706542253, 43.19892581552267], [76.88068572431803, 43.19892581552267], [76.88068639487028, 43.19892715662718], [76.88068237155676, 43.198928497731686], [76.88068974763155, 43.19892983883619], [76.88063610345125, 43.19893050938845], [76.88063208013773, 43.19893453270197], [76.8806079402566, 43.19893654435873]]]}, "properties": {"id": 407, "class": "road", "confidence": 100.0, "source": "Almaty_7", "source_model": "unet-roads", "centroid_wkt": "POINT (76.88062585731407 43.19887526448738)", "bbox": [76.8805643543601, 43.19879975169897, 76.88068974763155, 43.19893654435873], "pixel_bbox": [2130, 7158, 2317, 7362], "area_m2": 111.663}}, {"type": "Feature", "geometry": {"type": "Polygon", "coordinates": [[[76.88291531056166, 43.19888088852167], [76.88291531056166, 43.198879547417164], [76.88291396945715, 43.198879547417164], [76.8829132989049, 43.198878206312656], [76.8829132989049, 43.198868818581104], [76.88291195780039, 43.198863454163074], [76.88290122896433, 43.19886613637209], [76.88288982957602, 43.198865465819836], [76.88287440687418, 43.19886814802885], [76.88286703079939, 43.19886814802885], [76.88285898417234, 43.19886613637209], [76.88285429030657, 43.198863454163074], [76.88285294920206, 43.19886077195406], [76.88285160809755, 43.19886077195406], [76.88284758478403, 43.19885607808828], [76.88284624367952, 43.19885607808828], [76.882842220366, 43.19885205477476], [76.88282813876867, 43.19884467869997], [76.88282746821642, 43.19884333759546], [76.88282210379839, 43.19884065538645], [76.88282076269388, 43.19883864372969], [76.88281942158937, 43.19883864372969], [76.88281808048487, 43.198836632072926], [76.88281673938036, 43.198836632072926], [76.88281539827585, 43.198834620416164], [76.88281405717134, 43.198834620416164], [76.88281271606684, 43.1988326087594], [76.88281137496233, 43.1988326087594], [76.88281003385782, 43.19883059710264], [76.88280735164881, 43.19882992655039], [76.88280466943979, 43.19882724434137], [76.88280265778303, 43.19882724434137], [76.88279058784246, 43.19882120937109], [76.88278790563345, 43.19882120937109], [76.88278589397669, 43.19881986826658], [76.88277315348387, 43.19881986826658], [76.88275370746851, 43.19882456213236], [76.88274297863245, 43.19882456213236], [76.8827423080802, 43.198825903236866], [76.88274096697569, 43.19881919771433], [76.88274096697569, 43.19879237562418], [76.8827423080802, 43.198789693415165], [76.88274297863245, 43.198791705071926], [76.88274767249823, 43.19879036396742], [76.88275571912527, 43.19879036396742], [76.8827885761857, 43.19879371672869], [76.8828060105443, 43.19879371672869], [76.88281875103712, 43.198791705071926], [76.88283685594797, 43.19879103451967], [76.88285496085882, 43.198793046176434], [76.88288111239672, 43.19879975169897], [76.88290659338236, 43.19879975169897], [76.88290793448687, 43.19880109280348], [76.88291262835264, 43.19880176335573], [76.88291262835264, 43.19880444556475], [76.8829146400094, 43.19880377501249], [76.8829495087266, 43.198813162744045], [76.88299309462309, 43.198821879923344], [76.88301388174295, 43.198829255998135], [76.88301656395197, 43.198829255998135], [76.88301991671324, 43.198831267654896], [76.88302259892225, 43.198831267654896], [76.88302461057901, 43.1988326087594], [76.88303533941507, 43.19883529096842], [76.88305143266916, 43.19884266704321], [76.88305210322142, 43.19884400814772], [76.88305545598269, 43.198845349252224], [76.88306082040071, 43.19885138422251], [76.88306082040071, 43.198854736983776], [76.88305880874395, 43.19885674864054], [76.88305880874395, 43.198858089745045], [76.88305746763945, 43.198858089745045], [76.88305612653494, 43.198860101401806], [76.88304875046015, 43.19886412471533], [76.88304405659437, 43.19886479526758], [76.88304204493761, 43.19886613637209], [76.88301656395197, 43.19886613637209], [76.88300382345915, 43.1988674774766], [76.88297901302576, 43.198863454163074], [76.8829495087266, 43.198863454163074], [76.88293676823378, 43.1988674774766], [76.88292603939772, 43.19887552410364], [76.8829233571887, 43.19887686520815], [76.88292000442743, 43.19887686520815], [76.88292000442743, 43.198878206312656], [76.88291732221842, 43.198878206312656], [76.88291665166616, 43.19888088852167], [76.88291531056166, 43.19888088852167]]]}, "properties": {"id": 408, "class": "road", "confidence": 100.0, "source": "Almaty_7", "source_model": "unet-roads", "centroid_wkt": "POINT (76.88289869880781 43.19883111072359)", "bbox": [76.88274096697569, 43.198789693415165, 76.88306082040071, 43.19888088852167], "pixel_bbox": [5376, 7241, 5853, 7377], "area_m2": 135.414}}, {"type": "Feature", "geometry": {"type": "Polygon", "coordinates": [[[76.88115108758211, 43.198820538818836], [76.88113834708929, 43.19881718605757], [76.88113231211901, 43.1988138332963], [76.88112493604422, 43.19880712777376], [76.88112493604422, 43.198805786669254], [76.88112158328295, 43.198802433907986], [76.8811209127307, 43.19879975169897], [76.88112962990999, 43.19879908114672], [76.88112895935774, 43.19879438728094], [76.88113298267126, 43.19878030568361], [76.88113432377577, 43.19877963513136], [76.88113566488028, 43.19877494126558], [76.88113700598478, 43.19877427071333], [76.88114237040281, 43.19876421242952], [76.88114572316408, 43.19876153022051], [76.88114639371634, 43.198758848011494], [76.88117053359747, 43.19875817745924], [76.88117858022451, 43.19875951856375], [76.88117858022451, 43.198760859668255], [76.88117723912, 43.198760859668255], [76.88117656856775, 43.19876220077276], [76.88117790967226, 43.19876220077276], [76.88117925077677, 43.19876488298178], [76.8811846151948, 43.19876756519079], [76.8811846151948, 43.1987689062953], [76.88118997961283, 43.198773600161076], [76.88118997961283, 43.19877628237009], [76.8811933323741, 43.19878164678812], [76.8811933323741, 43.19878567010164], [76.8811946734786, 43.19878567010164], [76.88119601458311, 43.19877494126558], [76.88119601458311, 43.19879841059446], [76.88119400292635, 43.19879438728094], [76.88119065016508, 43.19879774004221], [76.88119065016508, 43.19879908114672], [76.88119199126959, 43.19879975169897], [76.88119601458311, 43.19879908114672], [76.88119601458311, 43.198813162744045], [76.8811933323741, 43.198811151087284], [76.88119065016508, 43.198813162744045], [76.88118796795607, 43.198813162744045], [76.88117455691099, 43.198818527162075], [76.88115913420916, 43.198820538818836], [76.88115108758211, 43.198820538818836]]]}, "properties": {"id": 409, "class": "road", "confidence": 100.0, "source": "Almaty_7", "source_model": "unet-roads", "centroid_wkt": "POINT (76.88116195752927 43.19879078122078)", "bbox": [76.8811209127307, 43.19875817745924, 76.88119601458311, 43.198820538818836], "pixel_bbox": [2960, 7331, 3072, 7424], "area_m2": 31.196}}, {"type": "Feature", "geometry": {"type": "Polygon", "coordinates": [[[76.88255723565817, 43.198813162744045], [76.88254851847887, 43.19880980998278], [76.8825451657176, 43.19880980998278], [76.88254315406084, 43.19880846887827], [76.88253242522478, 43.198805786669254], [76.8825263902545, 43.198802433907986], [76.88252504914999, 43.198800422251225], [76.88252370804548, 43.198800422251225], [76.88254181295633, 43.19879975169897], [76.88254315406084, 43.19879908114672], [76.88254248350859, 43.19879774004221], [76.8825190141797, 43.198786340653896], [76.88251566141844, 43.19878365844488], [76.88251364976168, 43.19878365844488], [76.88251297920942, 43.198782317340374], [76.8824814632535, 43.198771588504314], [76.88248079270124, 43.19877024739981], [76.88247878104448, 43.19877024739981], [76.88247207552195, 43.19876689463854], [76.88246604055166, 43.19876153022051], [76.8824626877904, 43.198760189116], [76.8824626877904, 43.19875817745924], [76.88247006386518, 43.19875817745924], [76.88246469944715, 43.19875214248896], [76.88246469944715, 43.19874744862318], [76.88246671110392, 43.19874543696642], [76.88246671110392, 43.19874409586191], [76.88247408717871, 43.19874007254839], [76.88248749822378, 43.198737390339375], [76.8825089558959, 43.198737390339375], [76.88251968473196, 43.19873873144388], [76.88252706080675, 43.1987414136529], [76.88253041356802, 43.1987414136529], [76.88253242522478, 43.198742754757404], [76.88253980129957, 43.19874409586191], [76.88256327062845, 43.19875214248896], [76.88256863504648, 43.19875214248896], [76.88256997615099, 43.198760859668255], [76.88257198780775, 43.198760859668255], [76.88257198780775, 43.19875951856375], [76.88257668167353, 43.19875951856375], [76.88257869333029, 43.19875817745924], [76.88259143382311, 43.19875817745924], [76.88260350376368, 43.19875951856375], [76.88262093812227, 43.19876488298178], [76.88263636082411, 43.19877225905657], [76.88264172524214, 43.198776952922344], [76.88264172524214, 43.19877829402685], [76.8826437368989, 43.19878030568361], [76.8826437368989, 43.19878365844488], [76.88264105468988, 43.19878701120615], [76.88262764364481, 43.198793046176434], [76.88260082155466, 43.19879572838545], [76.88257332891226, 43.1987963989377], [76.88257064670324, 43.1987963989377], [76.88256930559874, 43.19879371672869], [76.88256930559874, 43.19879975169897], [76.88258472830057, 43.198800422251225], [76.8825713172555, 43.198800422251225], [76.8825713172555, 43.19880176335573], [76.88256930559874, 43.19880176335573], [76.88256930559874, 43.198811151087284], [76.88256662338972, 43.19880980998278], [76.88256528228521, 43.198811151087284], [76.88256192952394, 43.19881182163954], [76.88256125897169, 43.198813162744045], [76.88255723565817, 43.198813162744045]]]}, "properties": {"id": 410, "class": "road", "confidence": 100.0, "source": "Almaty_7", "source_model": "unet-roads", "centroid_wkt": "POINT (76.88254997089932 43.19877121888955)", "bbox": [76.8824626877904, 43.198737390339375, 76.8826437368989, 43.198813162744045], "pixel_bbox": [4961, 7342, 5231, 7455], "area_m2": 64.564}}, {"type": "Feature", "geometry": {"type": "Polygon", "coordinates": [[[76.8810236826539, 43.19880444556475], [76.88102301210165, 43.19880310446024], [76.88101429492235, 43.19880310446024], [76.8810049071908, 43.198800422251225], [76.88100960105658, 43.19879975169897], [76.88100960105658, 43.19879841059446], [76.88100289553404, 43.198795057833195], [76.88100088387728, 43.19879237562418], [76.88099216669798, 43.19878902286291], [76.88099149614573, 43.198787681758404], [76.88098143786192, 43.198786340653896], [76.8809700384736, 43.19878164678812], [76.88096266239882, 43.19878030568361], [76.88095260411501, 43.19877024739981], [76.88095260411501, 43.1987689062953], [76.880949921906, 43.198766224086285], [76.88094925135374, 43.198762871325016], [76.88094522804022, 43.198760859668255], [76.88094522804022, 43.19875951856375], [76.880949921906, 43.19875817745924], [76.88099149614573, 43.19875817745924], [76.88099015504122, 43.198750130832195], [76.88099149614573, 43.198742754757404], [76.88099954277277, 43.198734037578106], [76.88099954277277, 43.198732025921345], [76.88100088387728, 43.198732025921345], [76.88100222498178, 43.19872800260782], [76.88100356608629, 43.19872733205557], [76.88100758939981, 43.19871995598078], [76.88101161271334, 43.19871794432402], [76.88101764768362, 43.19871190935373], [76.88102032989264, 43.19871190935373], [76.88102100044489, 43.19870922714472], [76.8810223415494, 43.198710568249226], [76.8810223415494, 43.198708556592464], [76.88102435320616, 43.19870788604021], [76.8810236826539, 43.19880444556475]]]}, "properties": {"id": 411, "class": "road", "confidence": 100.0, "source": "Almaty_7", "source_model": "unet-roads", "centroid_wkt": "POINT (76.88099961732051 43.19876230585599)", "bbox": [76.88094522804022, 43.19870788604021, 76.88102435320616, 43.19880444556475], "pixel_bbox": [2698, 7355, 2816, 7499], "area_m2": 30.656}}, {"type": "Feature", "geometry": {"type": "Polygon", "coordinates": [[[76.88216630369425, 43.19871459156275], [76.88215892761946, 43.19871190935373], [76.88215624541044, 43.19871190935373], [76.8821394816041, 43.19870386272669], [76.88213411718607, 43.19869916886091], [76.88213277608156, 43.19869916886091], [76.88212674111128, 43.19869313389063], [76.88212540000677, 43.19868844002485], [76.8821294233203, 43.19868575781584], [76.88214283436537, 43.19868575781584], [76.8821582570672, 43.19868844002485], [76.88217166811228, 43.19869313389063], [76.88217971473932, 43.198699839413166], [76.88218105584383, 43.19870252162218], [76.88218105584383, 43.198708556592464], [76.88217837363482, 43.19871190935373], [76.88217703253031, 43.19871190935373], [76.88217502087355, 43.198713921010494], [76.88216630369425, 43.19871459156275]]]}, "properties": {"id": 412, "class": "road", "confidence": 100.0, "source": "Almaty_7", "source_model": "unet-roads", "centroid_wkt": "POINT (76.8821554897263 43.19869886903791)", "bbox": [76.88212540000677, 43.19868575781584, 76.88218105584383, 43.19871459156275], "pixel_bbox": [4458, 7489, 4541, 7532], "area_m2": 9.202}}, {"type": "Feature", "geometry": {"type": "Polygon", "coordinates": [[[76.88047785311937, 43.198737390339375], [76.88047651201487, 43.19873135536909], [76.88047517091036, 43.198730014264584], [76.88047517091036, 43.19872733205557], [76.88047248870134, 43.198724649846554], [76.88047181814909, 43.19872196763754], [76.88046980649233, 43.198721297085285], [76.88046913594007, 43.19871727377176], [76.88046712428331, 43.198715262115], [76.88046645373106, 43.19871123880148], [76.88046779483557, 43.19870050996542], [76.88047047704458, 43.198695816099644], [76.88047651201487, 43.19869112223387], [76.88047785311937, 43.19869112223387], [76.88048388808966, 43.198685087263584], [76.88048522919416, 43.198685087263584], [76.88048724085093, 43.19868106395006], [76.88049327582121, 43.19867502897978], [76.88049729913473, 43.19867368787527], [76.88050467520952, 43.198674358427525], [76.88050534576178, 43.19867301732302], [76.88050735741854, 43.19867368787527], [76.8805093690753, 43.19867167621851], [76.8805093690753, 43.19870587438345], [76.88050869852304, 43.19870721548796], [76.88050601631403, 43.19870721548796], [76.88050534576178, 43.19870453327894], [76.88050333410501, 43.19870453327894], [76.88050333410501, 43.19870587438345], [76.88050199300051, 43.19870587438345], [76.88050132244825, 43.19870788604021], [76.88049662858248, 43.19871190935373], [76.88049528747797, 43.19871660321951], [76.88049327582121, 43.19871794432402], [76.88049327582121, 43.19871995598078], [76.8804905936122, 43.198721297085285], [76.88048858195543, 43.198726661503315], [76.88048455864191, 43.19873068481684], [76.8804832175374, 43.198734037578106], [76.88047986477613, 43.198737390339375], [76.88047785311937, 43.198737390339375]]]}, "properties": {"id": 413, "class": "road", "confidence": 100.0, "source": "Almaty_7", "source_model": "unet-roads", "centroid_wkt": "POINT (76.8804888872101 43.19870168891023)", "bbox": [76.88046645373106, 43.19867167621851, 76.8805093690753, 43.198737390339375], "pixel_bbox": [1984, 7455, 2048, 7553], "area_m2": 14.495}}, {"type": "Feature", "geometry": {"type": "Polygon", "coordinates": [[[76.8808526918292, 43.198850713670254], [76.8808526918292, 43.19875817745924], [76.88084933906794, 43.19875817745924], [76.88085000962019, 43.1987514719367], [76.8808513507247, 43.19874946027994], [76.8808526918292, 43.19874208420515], [76.8808526918292, 43.198715262115], [76.88085202127695, 43.198708556592464], [76.88085000962019, 43.19870386272669], [76.88085000962019, 43.19868642836809], [76.8808513507247, 43.19868441671133], [76.88085202127695, 43.19867771118879], [76.8808526918292, 43.198685087263584], [76.88085403293371, 43.19868575781584], [76.88085470348597, 43.1986790522933], [76.88085805624723, 43.19867301732302], [76.88085939735174, 43.19867301732302], [76.88086207956076, 43.19866966456175], [76.88087146729231, 43.19866497069597], [76.88088152557611, 43.19866497069597], [76.88088688999414, 43.198666982352734], [76.88089091330767, 43.19867234677076], [76.88089091330767, 43.19867368787527], [76.88089225441217, 43.198674358427525], [76.8808962777257, 43.19870386272669], [76.88090298324823, 43.19871794432402], [76.880904994905, 43.198719285428524], [76.88090901821852, 43.198728673160076], [76.88091035932302, 43.19872934371233], [76.8809150531888, 43.19874074310064], [76.8809150531888, 43.19874946027994], [76.88091102987528, 43.19875817745924], [76.88091639429331, 43.19875817745924], [76.88091840595007, 43.198760189116], [76.8809137120843, 43.19876220077276], [76.88091035932302, 43.19876957684755], [76.88090566545725, 43.198771588504314], [76.88089963048697, 43.19877963513136], [76.8808976188302, 43.19878835231066], [76.88089493662119, 43.19879371672869], [76.88089493662119, 43.1987963989377], [76.88089292496443, 43.19879774004221], [76.88089292496443, 43.19879908114672], [76.88090097159147, 43.19879975169897], [76.88090097159147, 43.19880176335573], [76.8808962777257, 43.198813162744045], [76.88089493662119, 43.198813162744045], [76.88089359551668, 43.198818527162075], [76.88088957220316, 43.198823891580105], [76.88088957220316, 43.198825903236866], [76.88088688999414, 43.19882791489363], [76.88088688999414, 43.198829255998135], [76.88088286668062, 43.1988326087594], [76.88088286668062, 43.19883394986391], [76.88087951391935, 43.19883730262518], [76.88087482005358, 43.198839984834194], [76.8808687850833, 43.19884065538645], [76.88086543232203, 43.19884266704321], [76.88086342066526, 43.19884266704321], [76.88086275011301, 43.19884400814772], [76.88086073845625, 43.19884400814772], [76.880860067904, 43.198845349252224], [76.88085738569498, 43.19884601980448], [76.88085470348597, 43.198850713670254], [76.8808526918292, 43.198850713670254]]]}, "properties": {"id": 414, "class": "road", "confidence": 100.0, "source": "Almaty_7", "source_model": "unet-roads", "centroid_wkt": "POINT (76.88087735628059 43.19875241994893)", "bbox": [76.88084933906794, 43.19866497069597, 76.88091840595007, 43.198850713670254], "pixel_bbox": [2555, 7286, 2658, 7563], "area_m2": 74.911}}, {"type": "Feature", "geometry": {"type": "Polygon", "coordinates": [[[76.88102301210165, 43.198685087263584], [76.88102301210165, 43.19867771118879], [76.8810223415494, 43.198676370084286], [76.88102032989264, 43.198676370084286], [76.88101965934038, 43.19867301732302], [76.88101831823587, 43.19867368787527], [76.88101831823587, 43.19867502897978], [76.88101429492235, 43.198674358427525], [76.88101295381784, 43.19867771118879], [76.88101027160883, 43.19867838174105], [76.88100557774305, 43.19867502897978], [76.8810049071908, 43.19867167621851], [76.88100356608629, 43.198670335114], [76.88100356608629, 43.198665641248226], [76.88100624829531, 43.198661617934704], [76.8810049071908, 43.19865357130766], [76.88100624829531, 43.19865223020315], [76.88100691884756, 43.19864418357611], [76.88101295381784, 43.19864485412836], [76.88101429492235, 43.19864619523287], [76.88101429492235, 43.19864954799414], [76.88101563602686, 43.19865021854639], [76.88101563602686, 43.19865223020315], [76.88101831823587, 43.19865223020315], [76.88101898878813, 43.19865357130766], [76.88102032989264, 43.198652900755405], [76.88101965934038, 43.198650889098644], [76.88102100044489, 43.198645524680614], [76.88102167099714, 43.19864686578512], [76.8810223415494, 43.198645524680614], [76.88102301210165, 43.19864686578512], [76.88102435320616, 43.198645524680614], [76.88102435320616, 43.198685087263584], [76.88102301210165, 43.198685087263584]], [[76.88101965934038, 43.19866631180048], [76.88102032989264, 43.19866295903921], [76.88101831823587, 43.19866228848696], [76.88101898878813, 43.19866295903921], [76.88101965934038, 43.19866631180048]], [[76.88102167099714, 43.198665641248226], [76.8810223415494, 43.19866631180048], [76.8810223415494, 43.198665641248226], [76.88102167099714, 43.198665641248226]], [[76.88101697713137, 43.198661617934704], [76.88101764768362, 43.19866295903921], [76.88101764768362, 43.198661617934704], [76.88101697713137, 43.198661617934704]], [[76.88101898878813, 43.19865692406893], [76.88101965934038, 43.19865759462118], [76.88101965934038, 43.19865692406893], [76.88101898878813, 43.19865692406893]]]}, "properties": {"id": 415, "class": "road", "confidence": 100.0, "source": "Almaty_7", "source_model": "unet-roads", "centroid_wkt": "POINT (76.8810149223722 43.198661940275585)", "bbox": [76.88100356608629, 43.19864418357611, 76.88102435320616, 43.198685087263584], "pixel_bbox": [2785, 7533, 2816, 7594], "area_m2": 5.016}}, {"type": "Feature", "geometry": {"type": "Polygon", "coordinates": [[[76.88170496374369, 43.19879975169897], [76.88166741281748, 43.19879908114672], [76.88166406005621, 43.19879438728094], [76.8816627189517, 43.19879438728094], [76.88165601342916, 43.19878902286291], [76.88163790851831, 43.19878097623587], [76.8816365674138, 43.19877963513136], [76.8816365674138, 43.1987776234746], [76.88163790851831, 43.1987776234746], [76.88164126127958, 43.198773600161076], [76.88164260238409, 43.198773600161076], [76.88164662569761, 43.198768235743046], [76.88164662569761, 43.19876220077276], [76.88164461404085, 43.198760189116], [76.8816452845931, 43.198758848011494], [76.88165333122015, 43.19875817745924], [76.88165601342916, 43.1987514719367], [76.88165936619043, 43.19874878972769], [76.88166204839945, 43.198748119175434], [76.88166406005621, 43.19874543696642], [76.88166741281748, 43.19874409586191], [76.88167210668325, 43.19874409586191], [76.88167545944452, 43.1987414136529], [76.88168216496706, 43.19874007254839], [76.88168417662382, 43.198734037578106], [76.88168752938509, 43.19873135536909], [76.88168752938509, 43.19871459156275], [76.88168551772833, 43.19870922714472], [76.88168417662382, 43.198708556592464], [76.88168082386255, 43.19870185106993], [76.88167411834002, 43.198694474995136], [76.88167277723551, 43.198694474995136], [76.881671436131, 43.19869179278612], [76.8816700950265, 43.19869179278612], [76.88166875392199, 43.19868978112936], [76.88166741281748, 43.19868978112936], [76.88165869563818, 43.19868240505457], [76.88164796680212, 43.19867704063654], [76.88164595514536, 43.19867704063654], [76.88163924962282, 43.19867368787527], [76.88163321465254, 43.19867301732302], [76.88162717968225, 43.198670335114], [76.88161578029394, 43.19866832345724], [76.88161443918943, 43.198666982352734], [76.8816090747714, 43.198665641248226], [76.88159432262182, 43.19866497069597], [76.88157889991999, 43.19866228848696], [76.88157018274069, 43.19866228848696], [76.88156347721815, 43.198663629591465], [76.88153933733702, 43.198663629591465], [76.88153933733702, 43.1987065449357], [76.88153866678476, 43.19870453327894], [76.88153799623251, 43.19870587438345], [76.88153732568026, 43.19870453327894], [76.88153598457575, 43.19870587438345], [76.8815353140235, 43.19870386272669], [76.88153263181448, 43.19870386272669], [76.88153263181448, 43.19870252162218], [76.88153129070997, 43.19870185106993], [76.8815279379487, 43.19870185106993], [76.88152525573969, 43.198699839413166], [76.8815192207694, 43.198699839413166], [76.88151653856039, 43.19869715720415], [76.88151318579912, 43.19868911057711], [76.88151184469461, 43.19868844002485], [76.8815091624856, 43.198679722845554], [76.88150513917208, 43.19867234677076], [76.88150178641081, 43.198668994009495], [76.88149575144053, 43.198665641248226], [76.88149373978376, 43.198665641248226], [76.88148569315672, 43.198661617934704], [76.88148099929094, 43.19866094738245], [76.88147496432066, 43.19865759462118], [76.88147228211164, 43.19865759462118], [76.88146289438009, 43.19865357130766], [76.8814555183053, 43.19865223020315], [76.8814541772008, 43.198650889098644], [76.88144613057375, 43.19864887744188], [76.8814380839467, 43.19864485412836], [76.88143540173769, 43.19864485412836], [76.88143271952868, 43.1986428424716], [76.88142199069262, 43.19863948971033], [76.88141394406557, 43.19863546639681], [76.88141260296106, 43.19863345474005], [76.88140992075205, 43.198632784187794], [76.88140723854303, 43.19863010197878], [76.88140723854303, 43.19862876087427], [76.88140589743853, 43.19862876087427], [76.88140589743853, 43.198627419769764], [76.88140455633402, 43.198627419769764], [76.88140388578176, 43.19862607866526], [76.88139919191599, 43.19862473756075], [76.88139785081148, 43.19862339645624], [76.88139516860247, 43.19862339645624], [76.88139449805021, 43.19862138479948], [76.88138578087091, 43.19862138479948], [76.8813830986619, 43.19862339645624], [76.88136901706457, 43.19862272590399], [76.88136767596006, 43.19861937314272], [76.88136767596006, 43.19858316332102], [76.8813468888402, 43.19858316332102], [76.88132878392935, 43.19858182221651], [76.88130598515272, 43.198582492768764], [76.88130062073469, 43.19858383387327], [76.88129123300314, 43.19858383387327], [76.88128184527159, 43.19858584553003], [76.88135962933302, 43.19858651608229], [76.88135895878077, 43.198587857186794], [76.8813643231988, 43.19858651608229], [76.8813643231988, 43.198587857186794], [76.8813656643033, 43.19858852773905], [76.88136499375105, 43.198589868843555], [76.88136298209429, 43.19858852773905], [76.88135225325823, 43.1985891982913], [76.88135225325823, 43.19859053939581], [76.88135359436274, 43.19859053939581], [76.88135292381048, 43.19859188050032], [76.8813556060195, 43.198593221604824], [76.88136029988527, 43.198593221604824], [76.88136164098978, 43.19859456270933], [76.88135962933302, 43.198597244918346], [76.88135761767626, 43.19859657436609], [76.88135761767626, 43.198595233261585], [76.88135359436274, 43.198595233261585], [76.88135091215372, 43.19859657436609], [76.8813468888402, 43.19859657436609], [76.88134621828794, 43.1985979154706], [76.88133616000414, 43.19860126823187], [76.88132341951132, 43.19860327988863], [76.88132140785456, 43.19860462099314], [76.8813019618392, 43.19860327988863], [76.88130062073469, 43.19860193878412], [76.8812932446599, 43.19860193878412], [76.88128788024187, 43.198600597679615], [76.88128586858511, 43.19860193878412], [76.88128586858511, 43.198600597679615], [76.88128385692835, 43.19859925657511], [76.88127245754004, 43.19859992712736], [76.88127111643553, 43.19859925657511], [76.88127178698778, 43.198597244918346], [76.88127044588327, 43.19859657436609], [76.88126843422651, 43.19859657436609], [76.88126843422651, 43.198598586022854], [76.88125904649496, 43.1985979154706], [76.88125770539045, 43.19859925657511], [76.88125368207693, 43.19859925657511], [76.8812469765544, 43.19860126823187], [76.88121814280748, 43.198600597679615], [76.88121344894171, 43.198598586022854], [76.88120942562819, 43.198598586022854], [76.88120272010565, 43.19860126823187], [76.88120070844889, 43.198600597679615], [76.88119802623987, 43.19860193878412], [76.88119668513536, 43.19860193878412], [76.88119534403086, 43.1985979154706], [76.88119266182184, 43.198597244918346], [76.88119065016508, 43.198598586022854], [76.88118394464254, 43.19859925657511], [76.88116986304522, 43.19860327988863], [76.88116852194071, 43.19860462099314], [76.88116651028395, 43.19860462099314], [76.8811658397317, 43.198605962097645], [76.88116382807493, 43.198605962097645], [76.88116248697042, 43.198607973754406], [76.88116047531366, 43.198607973754406], [76.88115980476141, 43.19860931485891], [76.88115779310465, 43.19860931485891], [76.8811571225524, 43.19861065596342], [76.88114572316408, 43.1986153498292], [76.88113231211901, 43.19861467927694], [76.88113030046225, 43.198613338172436], [76.88112426549196, 43.19861266762018], [76.88111286610365, 43.19860931485891], [76.88110750168562, 43.198605962097645], [76.88109878450632, 43.19860462099314], [76.88109677284956, 43.19860327988863], [76.88108939677477, 43.198602609336376], [76.88108135014772, 43.19859992712736], [76.88106324523687, 43.1985979154706], [76.88105050474405, 43.1985979154706], [76.88104916363955, 43.19859657436609], [76.88104312866926, 43.19859590381384], [76.88103910535574, 43.19859389215708], [76.88103843480349, 43.1985891982913], [76.88104178756475, 43.19858718663454], [76.88100155442953, 43.19858651608229], [76.88100088387728, 43.19857846945524], [76.88099350780249, 43.19856237620115], [76.88099350780249, 43.19855768233538], [76.88099551945925, 43.19855432957411], [76.880994848907, 43.1985529884696], [76.8809961900115, 43.19855097681284], [76.88099887222052, 43.19855164736509], [76.88099887222052, 43.198550306260586], [76.880994848907, 43.198548294603825], [76.88099417835474, 43.19854158908129], [76.88099551945925, 43.19853354245424], [76.88099082559347, 43.198524825274944], [76.88098412007093, 43.198519460856915], [76.88098210841417, 43.198519460856915], [76.88098143786192, 43.19851811975241], [76.88096266239882, 43.198508732020855], [76.88096065074205, 43.198508732020855], [76.88095729798079, 43.19850604981184], [76.88094925135374, 43.198503367602825], [76.88094858080149, 43.19850202649832], [76.88094656914473, 43.19850202649832], [76.88094589859247, 43.19850068539381], [76.88093919306993, 43.19849733263254], [76.8809324875474, 43.198490627110004], [76.88093047589064, 43.198485262691975], [76.88093114644289, 43.198481909930706], [76.88093651086092, 43.198476545512676], [76.88094321638346, 43.19847386330366], [76.88096668571234, 43.19847051054239], [76.88098881393671, 43.19847118109465], [76.88100624829531, 43.19847386330366], [76.8810136243701, 43.19847386330366], [76.88101898878813, 43.19847587496042], [76.8810236826539, 43.19847587496042], [76.88102569431067, 43.19847051054239], [76.88104648143053, 43.19847051054239], [76.88106458634138, 43.19846782833338], [76.88108067959547, 43.19846782833338], [76.88108872622252, 43.19846983999014], [76.88111085444689, 43.19847118109465], [76.88112761825323, 43.198474533855915], [76.88113030046225, 43.19847587496042], [76.88113365322351, 43.19847587496042], [76.88114169985056, 43.19847855716944], [76.88114505261183, 43.19847855716944], [76.88116382807493, 43.19848392158747], [76.88119065016508, 43.19848794490099], [76.88119400292635, 43.1984892860055], [76.88119601458311, 43.19848861545324], [76.88119668513536, 43.19849330931902], [76.88120070844889, 43.19849330931902], [76.88121277838945, 43.19849733263254], [76.88121546059847, 43.19849733263254], [76.88121680170298, 43.19849867373705], [76.88121948391199, 43.19849867373705], [76.8812208250165, 43.19850001484156], [76.88122887164354, 43.19850202649832], [76.88123021274805, 43.198503367602825], [76.88123557716608, 43.19850403815508], [76.8812396004796, 43.19850604981184], [76.88125167042017, 43.198508732020855], [76.88125301152468, 43.19851007312536], [76.88125569373369, 43.19851007312536], [76.88126105815172, 43.19851275533438], [76.88126374036074, 43.19851275533438], [76.88127849251032, 43.19851744920015], [76.88127983361483, 43.19851879030466], [76.8813019618392, 43.1985254958272], [76.8813033029437, 43.198526836931705], [76.88131269067526, 43.19852951914072], [76.88131403177977, 43.19853086024523], [76.88131671398878, 43.19853086024523], [76.88132476061583, 43.198534213006496], [76.88132744282484, 43.198534213006496], [76.8813294544816, 43.198535554111004], [76.88133481889963, 43.19853622466326], [76.88133683055639, 43.198537565767765], [76.88134755939245, 43.19854024797678], [76.88136029988527, 43.19854158908129], [76.8813643231988, 43.198542930185795], [76.88136767596006, 43.19854225963354], [76.88136767596006, 43.19853689521551], [76.88136901706457, 43.19853287190199], [76.88137169927359, 43.19853488355875], [76.88138645142317, 43.19853354245424], [76.88140455633402, 43.198535554111004], [76.88143607228994, 43.19854158908129], [76.88145820051432, 43.1985442712903], [76.88149306923151, 43.19855164736509], [76.88153933733702, 43.198555670678616], [76.88154000788927, 43.19855701178312], [76.88154872506857, 43.19855701178312], [76.88157487660646, 43.198561035096645], [76.88159633427858, 43.198566399514675], [76.88159767538309, 43.19856774061918], [76.8816003575921, 43.19856774061918], [76.88161510974169, 43.19857310503721], [76.88164327293634, 43.19857981055975], [76.88166204839945, 43.19858651608229], [76.88170697540045, 43.19858651608229], [76.88171032816172, 43.19858718663454], [76.88171166926622, 43.19859389215708], [76.88172575086355, 43.198593221604824], [76.8817626312375, 43.19859657436609], [76.88179079443216, 43.19860529154539], [76.88179682940245, 43.19860864430666], [76.88180688768625, 43.19861199706793], [76.88180956989527, 43.19861400872469], [76.88181158155203, 43.19861400872469], [76.8818162754178, 43.198616690933704], [76.88182029873133, 43.19861736148596], [76.88182163983583, 43.198618702590466], [76.88183572143316, 43.19862339645624], [76.88183907419443, 43.19862607866526], [76.88184175640345, 43.19862674921751], [76.8818424269557, 43.19862809032202], [76.88184376806021, 43.19862809032202], [76.88184980303049, 43.1986341252923], [76.881851144135, 43.198636807501316], [76.88185181468725, 43.19864351302385], [76.88184980303049, 43.19864820688963], [76.88184712082148, 43.19865021854639], [76.88184443861246, 43.19865491241217], [76.88184041529894, 43.19865893572569], [76.88183907419443, 43.19865893572569], [76.88183907419443, 43.198660276830196], [76.88183706253767, 43.19866094738245], [76.88183505088091, 43.198663629591465], [76.8818337097764, 43.198663629591465], [76.88182834535837, 43.19866832345724], [76.88182700425386, 43.19866832345724], [76.88182566314936, 43.198670335114], [76.88182231038809, 43.19867167621851], [76.88182029873133, 43.198674358427525], [76.88181895762682, 43.198674358427525], [76.8818075582385, 43.198685087263584], [76.88180018216372, 43.19868911057711], [76.88179817050695, 43.19868911057711], [76.88179548829794, 43.19869179278612], [76.88179280608892, 43.198692463338375], [76.8817874416709, 43.198697827756405], [76.88178140670061, 43.19870118051767], [76.88178073614836, 43.198703192174435], [76.88177604228258, 43.19870788604021], [76.88177268952131, 43.198715262115], [76.8817700073123, 43.19871660321951], [76.8817700073123, 43.19871794432402], [76.88176866620779, 43.19871861487627], [76.88176799565554, 43.198721297085285], [76.88176665455103, 43.19872196763754], [76.88176665455103, 43.1987239792943], [76.8817626312375, 43.198728673160076], [76.881761290133, 43.1987326964736], [76.88175793737173, 43.19873470813036], [76.88175525516272, 43.19874074310064], [76.88174922019243, 43.19874610751867], [76.88174922019243, 43.19874744862318], [76.88174318522215, 43.198750130832195], [76.88174050301313, 43.198753483593464], [76.88173916190863, 43.198753483593464], [76.88173647969961, 43.19875616580248], [76.88173446804285, 43.19875616580248], [76.88173111528158, 43.19875817745924], [76.88169959932566, 43.198758848011494], [76.88170094043016, 43.19875951856375], [76.88170094043016, 43.19876153022051], [76.88170362263918, 43.19876354187727], [76.88170362263918, 43.19876488298178], [76.88170831650496, 43.19876555353403], [76.88170831650496, 43.19876689463854], [76.88170965760946, 43.198766224086285], [76.88171099871397, 43.19876220077276], [76.88171099871397, 43.19879908114672], [76.88170831650496, 43.19879841059446], [76.88170496374369, 43.19879975169897]], [[76.88127648085356, 43.198598586022854], [76.88127715140581, 43.19859925657511], [76.88127715140581, 43.198598586022854], [76.88127648085356, 43.198598586022854]]]}, "properties": {"id": 416, "class": "road", "confidence": 100.0, "source": "Almaty_7", "source_model": "unet-roads", "centroid_wkt": "POINT (76.88141296458373 43.19859659679481)", "bbox": [76.88093047589064, 43.19846782833338, 76.88185181468725, 43.19879975169897], "pixel_bbox": [2676, 7362, 4050, 7857], "area_m2": 870.081}}]}