{"type": "FeatureCollection", "crs": {"type": "name", "properties": {"name": "EPSG:4326"}}, "features": [{"type": "Feature", "geometry": {"type": "Polygon", "coordinates": [[[76.93670528600526, 43.303037281775694], [76.93663070166492, 43.30302419859017], [76.93661603712482, 43.30306847279603], [76.93664645625212, 43.30307380875287], [76.93665111686117, 43.30305973775624], [76.9366952855235, 43.30306748333258], [76.93670528600526, 43.303037281775694]]]}, "properties": {"id": 0, "class": "building", "confidence": 100.0, "source": "Almaty_10", "source_model": "msft-buildings", "centroid_wkt": "POINT (76.9366582954512 43.30304875775363)", "bbox": [76.93661603712482, 43.30302419859017, 76.93670528600526, 43.30307380875287], "pixel_bbox": [7424, 4335, 7557, 4409], "area_m2": 25.569}}, {"type": "Feature", "geometry": {"type": "Polygon", "coordinates": [[[76.93429677983887, 43.30316548247521], [76.93429525695774, 43.30317425517742], [76.93437596903335, 43.30318167951848], [76.93438197561791, 43.30314709717034], [76.93443477620825, 43.30315195406158], [76.934453319939, 43.303045190151956], [76.9342696312967, 43.30302830277603], [76.93425995921164, 43.303084019850594], [76.93413851573949, 43.30307285497867], [76.93414785430433, 43.30301905917352], [76.93404113804594, 43.30300924823354], [76.93401844630685, 43.303139893990455], [76.93429677983887, 43.30316548247521]]]}, "properties": {"id": 1, "class": "building", "confidence": 100.0, "source": "Almaty_10", "source_model": "msft-buildings", "centroid_wkt": "POINT (76.93423765858924 43.30309812804257)", "bbox": [76.93401844630685, 43.30300924823354, 76.934453319939, 43.30318167951848], "pixel_bbox": [3550, 4174, 4199, 4431], "area_m2": 430.185}}, {"type": "Feature", "geometry": {"type": "Polygon", "coordinates": [[[76.93490661425292, 43.30577154039398], [76.9350511585206, 43.30577629611639], [76.93505732114305, 43.30567695428198], [76.93491277687542, 43.30567219855179], [76.93490661425292, 43.30577154039398]]]}, "properties": {"id": 2, "class": "building", "confidence": 100.0, "source": "Almaty_10", "source_model": "msft-buildings", "centroid_wkt": "POINT (76.93498196769704 43.305724247335974)", "bbox": [76.93490661425292, 43.30567219855179, 76.93505732114305, 43.30577629611639], "pixel_bbox": [4875, 305, 5099, 460], "area_m2": 129.7}}, {"type": "Feature", "geometry": {"type": "Polygon", "coordinates": [[[76.93649902980383, 43.304284818612594], [76.93649797411477, 43.30433360402204], [76.9365516049955, 43.30433421861962], [76.93655266068457, 43.30428543321065], [76.93649902980383, 43.304284818612594]]]}, "properties": {"id": 3, "class": "building", "confidence": 100.0, "source": "Almaty_10", "source_model": "msft-buildings", "centroid_wkt": "POINT (76.93652531739963 43.30430951861623)", "bbox": [76.93649797411477, 43.304284818612594, 76.93655266068457, 43.30433421861962], "pixel_bbox": [7248, 2455, 7329, 2529], "area_m2": 23.591}}, {"type": "Feature", "geometry": {"type": "Polygon", "coordinates": [[[76.93606788063406, 43.30574258345714], [76.93596067713642, 43.305740388538894], [76.93595864118534, 43.30579304689867], [76.93606584468297, 43.305795241815005], [76.93606788063406, 43.30574258345714]]]}, "properties": {"id": 4, "class": "building", "confidence": 100.0, "source": "Almaty_10", "source_model": "msft-buildings", "centroid_wkt": "POINT (76.93601326090936 43.30576781517742)", "bbox": [76.93595864118534, 43.305740388538894, 76.93606788063406, 43.305795241815005], "pixel_bbox": [6443, 276, 6606, 358], "area_m2": 50.926}}, {"type": "Feature", "geometry": {"type": "Polygon", "coordinates": [[[76.93183653864111, 43.30420967965495], [76.93174019797387, 43.30420633808116], [76.9317368816559, 43.304256972527256], [76.93183322232314, 43.30426031409826], [76.93183653864111, 43.30420967965495]]]}, "properties": {"id": 5, "class": "building", "confidence": 100.0, "source": "Almaty_10", "source_model": "msft-buildings", "centroid_wkt": "POINT (76.93178671014806 43.30423332609039)", "bbox": [76.9317368816559, 43.30420633808116, 76.93183653864111, 43.30426031409826], "pixel_bbox": [148, 2565, 296, 2646], "area_m2": 44.073}}, {"type": "Feature", "geometry": {"type": "Polygon", "coordinates": [[[76.93273963282974, 43.30293211121799], [76.93286171452398, 43.30294815999354], [76.93286992775398, 43.302915059030056], [76.93274386393085, 43.302915059030056], [76.93273963282974, 43.30293211121799]]]}, "properties": {"id": 6, "class": "building", "confidence": 100.0, "source": "Almaty_10", "source_model": "msft-buildings", "centroid_wkt": "POINT (76.93281040187742 43.30292802527904)", "bbox": [76.93273963282974, 43.302915059030056, 76.93286992775398, 43.30294815999354], "pixel_bbox": [1643, 4522, 1837, 4572], "area_m2": 28.497}}, {"type": "Feature", "geometry": {"type": "Polygon", "coordinates": [[[76.93369953857264, 43.30544826033108], [76.93369727367097, 43.30548810681907], [76.93381776726943, 43.3054917275906], [76.93382003182289, 43.30545188723141], [76.93369953857264, 43.30544826033108]]]}, "properties": {"id": 7, "class": "building", "confidence": 100.0, "source": "Almaty_10", "source_model": "msft-buildings", "centroid_wkt": "POINT (76.93375865128944 43.305469995446586)", "bbox": [76.93369727367097, 43.30544826033108, 76.93382003182289, 43.3054917275906], "pixel_bbox": [3071, 729, 3254, 794], "area_m2": 43.349}}, {"type": "Feature", "geometry": {"type": "Polygon", "coordinates": [[[76.93265840623933, 43.30310089475973], [76.9325498716325, 43.30308285679314], [76.93251785162359, 43.30318489180631], [76.9325753925964, 43.30319445484344], [76.93258412786967, 43.303166627556664], [76.93263511217721, 43.30317510090971], [76.93265840623933, 43.30310089475973]]]}, "properties": {"id": 8, "class": "building", "confidence": 100.0, "source": "Almaty_10", "source_model": "msft-buildings", "centroid_wkt": "POINT (76.932585610293 43.3031367372112)", "bbox": [76.93251785162359, 43.30308285679314, 76.93265840623933, 43.30319445484344], "pixel_bbox": [1312, 4155, 1522, 4321], "area_m2": 91.574}}, {"type": "Feature", "geometry": {"type": "Polygon", "coordinates": [[[76.93334814615383, 43.30365436436716], [76.93334431618993, 43.30376946012163], [76.93358557352296, 43.303773711737634], [76.93358671261886, 43.30373948034363], [76.93352625829327, 43.303738418051104], [76.93352894149089, 43.30365755048299], [76.93334814615383, 43.30365436436716]]]}, "properties": {"id": 9, "class": "building", "confidence": 100.0, "source": "Almaty_10", "source_model": "msft-buildings", "centroid_wkt": "POINT (76.93344742047614 43.303717355135994)", "bbox": [76.93334431618993, 43.30365436436716, 76.93358671261886, 43.303773711737634], "pixel_bbox": [2545, 3291, 2906, 3469], "area_m2": 206.357}}, {"type": "Feature", "geometry": {"type": "Polygon", "coordinates": [[[76.93392786452402, 43.303769752639205], [76.93392906192304, 43.30371316041906], [76.93388615675094, 43.303712679657025], [76.93388495935189, 43.303769271877606], [76.93392786452402, 43.303769752639205]]]}, "properties": {"id": 10, "class": "building", "confidence": 100.0, "source": "Almaty_10", "source_model": "msft-buildings", "centroid_wkt": "POINT (76.93390701063744 43.30374121614822)", "bbox": [76.93388495935189, 43.303712679657025, 76.93392906192304, 43.303769752639205], "pixel_bbox": [3351, 3297, 3417, 3382], "area_m2": 21.893}}, {"type": "Feature", "geometry": {"type": "Polygon", "coordinates": [[[76.93542636672235, 43.30296839329508], [76.93556187687861, 43.30297798707522], [76.93557028913898, 43.302915059030056], [76.93543349647908, 43.302915059030056], [76.93542636672235, 43.30296839329508]]]}, "properties": {"id": 11, "class": "building", "confidence": 100.0, "source": "Almaty_10", "source_model": "msft-buildings", "centroid_wkt": "POINT (76.93549987980423 43.30294419057952)", "bbox": [76.93542636672235, 43.302915059030056, 76.93557028913898, 43.30297798707522], "pixel_bbox": [5650, 4478, 5864, 4572], "area_m2": 71.682}}, {"type": "Feature", "geometry": {"type": "Polygon", "coordinates": [[[76.9323766787701, 43.30550213210929], [76.93241267129821, 43.30550430255584], [76.93241950880949, 43.30544420712686], [76.93245811167468, 43.30544653498599], [76.93247069442772, 43.30533603742484], [76.93240942435563, 43.3053323426639], [76.93240236035392, 43.30539437641096], [76.93231977895243, 43.30538939652052], [76.9323166884517, 43.305416536267174], [76.93228472145758, 43.30541460856839], [76.93227986495641, 43.30545725671859], [76.93238109377114, 43.30546336109354], [76.9323766787701, 43.30550213210929]]]}, "properties": {"id": 12, "class": "building", "confidence": 100.0, "source": "Almaty_10", "source_model": "msft-buildings", "centroid_wkt": "POINT (76.932389964441 43.305417515320045)", "bbox": [76.93227986495641, 43.3053323426639, 76.93247069442772, 43.30550430255584], "pixel_bbox": [957, 710, 1242, 967], "area_m2": 143.178}}, {"type": "Feature", "geometry": {"type": "Polygon", "coordinates": [[[76.93529788063238, 43.30593037964839], [76.93517728345734, 43.30592782452154], [76.9351751629498, 43.30598082393408], [76.93529586235546, 43.30598082393408], [76.93529788063238, 43.30593037964839]]]}, "properties": {"id": 13, "class": "building", "confidence": 100.0, "source": "Almaty_10", "source_model": "msft-buildings", "centroid_wkt": "POINT (76.93523605066684 43.305954957750075)", "bbox": [76.9351751629498, 43.30592782452154, 76.93529788063238, 43.30598082393408], "pixel_bbox": [5275, 0, 5458, 79], "area_m2": 56.273}}, {"type": "Feature", "geometry": {"type": "Polygon", "coordinates": [[[76.93309541724315, 43.3029342931915], [76.93314090499048, 43.30293591961981], [76.9331423133616, 43.302915059030056], [76.93309671580839, 43.302915059030056], [76.93309541724315, 43.3029342931915]]]}, "properties": {"id": 14, "class": "building", "confidence": 100.0, "source": "Almaty_10", "source_model": "msft-buildings", "centroid_wkt": "POINT (76.93311914575428 43.3029250882158)", "bbox": [76.93309541724315, 43.302915059030056, 76.9331423133616, 43.30293591961981], "pixel_bbox": [2173, 4540, 2243, 4572], "area_m2": 8.24}}, {"type": "Feature", "geometry": {"type": "Polygon", "coordinates": [[[76.934491794978, 43.304526782043496], [76.93434771212503, 43.304497178730614], [76.93431474761566, 43.304582144800364], [76.93445883046867, 43.30461174807187], [76.934491794978, 43.304526782043496]]]}, "properties": {"id": 15, "class": "building", "confidence": 100.0, "source": "Almaty_10", "source_model": "msft-buildings", "centroid_wkt": "POINT (76.9344032712917 43.30455446340975)", "bbox": [76.93431474761566, 43.304497178730614, 76.934491794978, 43.30461174807187], "pixel_bbox": [3992, 2041, 4256, 2212], "area_m2": 119.15}}, {"type": "Feature", "geometry": {"type": "Polygon", "coordinates": [[[76.93661223229496, 43.303167883163006], [76.93651865790038, 43.3031475416509], [76.93650835986371, 43.30317263015033], [76.9366019342583, 43.30319297165405], [76.93661223229496, 43.303167883163006]]]}, "properties": {"id": 16, "class": "building", "confidence": 100.0, "source": "Almaty_10", "source_model": "msft-buildings", "centroid_wkt": "POINT (76.93656029607698 43.303170256653985)", "bbox": [76.93650835986371, 43.3031475416509, 76.93661223229496, 43.30319297165405], "pixel_bbox": [7263, 4157, 7418, 4225], "area_m2": 23.051}}, {"type": "Feature", "geometry": {"type": "Polygon", "coordinates": [[[76.93511513396435, 43.30323250903231], [76.93511761929109, 43.30316228592009], [76.9349567934365, 43.30315927148831], [76.9349547913677, 43.303215840115634], [76.93495211093679, 43.303215789875146], [76.93495162767879, 43.30322944436353], [76.93511513396435, 43.30323250903231]]]}, "properties": {"id": 17, "class": "building", "confidence": 100.0, "source": "Almaty_10", "source_model": "msft-buildings", "centroid_wkt": "POINT (76.93503569638139 43.30319597667729)", "bbox": [76.93495162767879, 43.30315927148831, 76.93511761929109, 43.30323250903231], "pixel_bbox": [4942, 4098, 5189, 4207], "area_m2": 102.204}}, {"type": "Feature", "geometry": {"type": "Polygon", "coordinates": [[[76.93645166622069, 43.305569281118366], [76.93644579850798, 43.3056451633292], [76.93657017131083, 43.30565025623308], [76.93657603174844, 43.3055743737307], [76.93645166622069, 43.305569281118366]]]}, "properties": {"id": 18, "class": "building", "confidence": 100.0, "source": "Almaty_10", "source_model": "msft-buildings", "centroid_wkt": "POINT (76.93651091691754 43.30560976897268)", "bbox": [76.93644579850798, 43.305569281118366, 76.93657603174844, 43.30565025623308], "pixel_bbox": [7170, 492, 7364, 613], "area_m2": 85.339}}, {"type": "Feature", "geometry": {"type": "Polygon", "coordinates": [[[76.93309069646395, 43.30351317293766], [76.93309368686894, 43.3034605609322], [76.93304548956888, 43.303459110124564], [76.93304249916388, 43.303511722131304], [76.93309069646395, 43.30351317293766]]]}, "properties": {"id": 19, "class": "building", "confidence": 100.0, "source": "Almaty_10", "source_model": "msft-buildings", "centroid_wkt": "POINT (76.93306809301632 43.30348614153143)", "bbox": [76.93304249916388, 43.303459110124564, 76.93309368686894, 43.30351317293766], "pixel_bbox": [2095, 3680, 2171, 3760], "area_m2": 22.897}}, {"type": "Feature", "geometry": {"type": "Polygon", "coordinates": [[[76.93247224710134, 43.30519010860768], [76.93252318616427, 43.30519089471321], [76.9325246916909, 43.305139232127], [76.9324737527035, 43.305138443427566], [76.93247224710134, 43.30519010860768]]]}, "properties": {"id": 20, "class": "building", "confidence": 100.0, "source": "Almaty_10", "source_model": "msft-buildings", "centroid_wkt": "POINT (76.93249846920189 43.30516466971557)", "bbox": [76.93247224710134, 43.305138443427566, 76.9325246916909, 43.30519089471321], "pixel_bbox": [1244, 1178, 1322, 1256], "area_m2": 23.733}}, {"type": "Feature", "geometry": {"type": "Polygon", "coordinates": [[[76.93318008049924, 43.3043751434392], [76.93317503826957, 43.304471694807226], [76.93329020661346, 43.30447488578971], [76.93329524914905, 43.30437832856942], [76.93318008049924, 43.3043751434392]]]}, "properties": {"id": 21, "class": "building", "confidence": 100.0, "source": "Almaty_10", "source_model": "msft-buildings", "centroid_wkt": "POINT (76.93323514421455 43.30442501316747)", "bbox": [76.93317503826957, 43.3043751434392, 76.93329524914905, 43.30447488578971], "pixel_bbox": [2292, 2245, 2472, 2394], "area_m2": 100.383}}, {"type": "Feature", "geometry": {"type": "Polygon", "coordinates": [[[76.93486285081337, 43.30368819285073], [76.9350869825505, 43.303699996651254], [76.93509142375738, 43.30365533637234], [76.9349179884846, 43.30364620247258], [76.93491972634814, 43.30362872669969], [76.93486902988379, 43.303626056789525], [76.93486285081337, 43.30368819285073]]]}, "properties": {"id": 22, "class": "building", "confidence": 100.0, "source": "Almaty_10", "source_model": "msft-buildings", "centroid_wkt": "POINT (76.9349703372757 43.30366886704165)", "bbox": [76.93486285081337, 43.303626056789525, 76.93509142375738, 43.303699996651254], "pixel_bbox": [4809, 3401, 5150, 3511], "area_m2": 98.733}}, {"type": "Feature", "geometry": {"type": "Polygon", "coordinates": [[[76.93517237564582, 43.30531179347172], [76.93517730767827, 43.30524562459685], [76.93507835706937, 43.305241718823225], [76.93507342503695, 43.305307887702334], [76.93517237564582, 43.30531179347172]]]}, "properties": {"id": 23, "class": "building", "confidence": 100.0, "source": "Almaty_10", "source_model": "msft-buildings", "centroid_wkt": "POINT (76.93512536635707 43.305276756148494)", "bbox": [76.93507342503695, 43.305241718823225, 76.93517730767827, 43.30531179347172], "pixel_bbox": [5123, 997, 5278, 1102], "area_m2": 59.193}}, {"type": "Feature", "geometry": {"type": "Polygon", "coordinates": [[[76.9351524357277, 43.30295438493322], [76.9353642372933, 43.30297203375231], [76.93537319617167, 43.302915059030056], [76.93515861945035, 43.302915059030056], [76.9351524357277, 43.30295438493322]]]}, "properties": {"id": 24, "class": "building", "confidence": 100.0, "source": "Almaty_10", "source_model": "msft-buildings", "centroid_wkt": "POINT (76.93526863395066 43.302939403724956)", "bbox": [76.9351524357277, 43.302915059030056, 76.93537319617167, 43.30297203375231], "pixel_bbox": [5241, 4487, 5570, 4572], "area_m2": 93.137}}, {"type": "Feature", "geometry": {"type": "Polygon", "coordinates": [[[76.93338512646034, 43.30516161806416], [76.93331826441367, 43.30515900272282], [76.93331056760013, 43.30526320561068], [76.93337742939599, 43.30526582434307], [76.93338512646034, 43.30516161806416]]]}, "properties": {"id": 25, "class": "building", "confidence": 100.0, "source": "Almaty_10", "source_model": "msft-buildings", "centroid_wkt": "POINT (76.93334784714887 43.30521241269224)", "bbox": [76.93331056760013, 43.30515900272282, 76.93338512646034, 43.30526582434307], "pixel_bbox": [2494, 1066, 2606, 1225], "area_m2": 62.986}}, {"type": "Feature", "geometry": {"type": "Polygon", "coordinates": [[[76.93463217293728, 43.305648725552096], [76.9346179427943, 43.30571543300639], [76.93474365931586, 43.3057296346095], [76.93475788945885, 43.3056629271708], [76.93463217293728, 43.305648725552096]]]}, "properties": {"id": 26, "class": "building", "confidence": 100.0, "source": "Almaty_10", "source_model": "msft-buildings", "centroid_wkt": "POINT (76.9346879161242 43.30568918008428)", "bbox": [76.9346179427943, 43.305648725552096, 76.93475788945885, 43.3057296346095], "pixel_bbox": [4444, 374, 4653, 495], "area_m2": 77.416}}, {"type": "Feature", "geometry": {"type": "Polygon", "coordinates": [[[76.93580453453225, 43.3052389558833], [76.93585429573781, 43.30524458228553], [76.9358651180445, 43.30519387241665], [76.93581535631081, 43.30518824848445], [76.93580453453225, 43.3052389558833]]]}, "properties": {"id": 27, "class": "building", "confidence": 100.0, "source": "Almaty_10", "source_model": "msft-buildings", "centroid_wkt": "POINT (76.93583482635836 43.30521641479023)", "bbox": [76.93580453453225, 43.30518824848445, 76.9358651180445, 43.30524458228553], "pixel_bbox": [6214, 1097, 6304, 1181], "area_m2": 23.294}}, {"type": "Feature", "geometry": {"type": "Polygon", "coordinates": [[[76.93682372377641, 43.30413920532315], [76.93678769309913, 43.3042334060311], [76.93685252219439, 43.30424653768917], [76.93685252219439, 43.304145038684894], [76.93682372377641, 43.30413920532315]]]}, "properties": {"id": 28, "class": "building", "confidence": 100.0, "source": "Almaty_10", "source_model": "msft-buildings", "centroid_wkt": "POINT (76.93682795984182 43.30419732285852)", "bbox": [76.93678769309913, 43.30413920532315, 76.93685252219439, 43.30424653768917], "pixel_bbox": [7680, 2586, 7777, 2746], "area_m2": 42.832}}, {"type": "Feature", "geometry": {"type": "Polygon", "coordinates": [[[76.93361109671176, 43.3051662143056], [76.93360910943854, 43.30519844946115], [76.93372287515314, 43.30520216358716], [76.93372485968824, 43.30516992255006], [76.93361109671176, 43.3051662143056]]]}, "properties": {"id": 29, "class": "building", "confidence": 100.0, "source": "Almaty_10", "source_model": "msft-buildings", "centroid_wkt": "POINT (76.93366698694334 43.30518418760451)", "bbox": [76.93360910943854, 43.3051662143056, 76.93372485968824, 43.30520216358716], "pixel_bbox": [2940, 1161, 3112, 1214], "area_m2": 33.126}}, {"type": "Feature", "geometry": {"type": "Polygon", "coordinates": [[[76.9351111328587, 43.30409275366293], [76.9351068034603, 43.304050044103036], [76.93502143731278, 43.30405462680591], [76.93502576671119, 43.30409733636257], [76.9351111328587, 43.30409275366293]]]}, "properties": {"id": 30, "class": "building", "confidence": 100.0, "source": "Almaty_10", "source_model": "msft-buildings", "centroid_wkt": "POINT (76.93506628508626 43.30407369023356)", "bbox": [76.93502143731278, 43.304050044103036, 76.9351111328587, 43.30409733636257], "pixel_bbox": [5046, 2808, 5180, 2879], "area_m2": 33.045}}, {"type": "Feature", "geometry": {"type": "Polygon", "coordinates": [[[76.93558214208947, 43.3046795616934], [76.93558178236515, 43.30468147781824], [76.93547255959855, 43.30467061896567], [76.93545578932226, 43.30475990253156], [76.93569012763086, 43.304783212184226], [76.93570726001309, 43.30469200082958], [76.93558214208947, 43.3046795616934]]]}, "properties": {"id": 31, "class": "building", "confidence": 100.0, "source": "Almaty_10", "source_model": "msft-buildings", "centroid_wkt": "POINT (76.93558206234447 43.304726457831876)", "bbox": [76.93545578932226, 43.30467061896567, 76.93570726001309, 43.304783212184226], "pixel_bbox": [5694, 1786, 6069, 1953], "area_m2": 194.338}}, {"type": "Feature", "geometry": {"type": "Polygon", "coordinates": [[[76.936336456012, 43.30363488877945], [76.93633900532468, 43.303593982543624], [76.93627208774016, 43.30359177395947], [76.93626953842748, 43.30363268019679], [76.936336456012, 43.30363488877945]]]}, "properties": {"id": 32, "class": "building", "confidence": 100.0, "source": "Almaty_10", "source_model": "msft-buildings", "centroid_wkt": "POINT (76.93630427187587 43.303613331369824)", "bbox": [76.93626953842748, 43.30359177395947, 76.93633900532468, 43.30363488877945], "pixel_bbox": [6907, 3498, 7011, 3562], "area_m2": 24.726}}, {"type": "Feature", "geometry": {"type": "Polygon", "coordinates": [[[76.93477206509043, 43.303451123306765], [76.93475542514365, 43.30354123745168], [76.93488305112871, 43.303553711662914], [76.93488906675367, 43.30352111690611], [76.93495377389927, 43.303527441409], [76.93496439514188, 43.30346992174442], [76.93477206509043, 43.303451123306765]]]}, "properties": {"id": 33, "class": "building", "confidence": 100.0, "source": "Almaty_10", "source_model": "msft-buildings", "centroid_wkt": "POINT (76.93485180492605 43.30350073090489)", "bbox": [76.93475542514365, 43.303451123306765, 76.93496439514188, 43.303553711662914], "pixel_bbox": [4649, 3619, 4961, 3772], "area_m2": 139.699}}, {"type": "Feature", "geometry": {"type": "Polygon", "coordinates": [[[76.93261124617013, 43.3033849223378], [76.932584042259, 43.30346597152934], [76.93261330728576, 43.30347117357223], [76.93260247107104, 43.303503448856695], [76.93276193087276, 43.30353180194003], [76.93278823060787, 43.303453469110835], [76.93276908873285, 43.30345006652101], [76.93278083587627, 43.303415068010565], [76.93261124617013, 43.3033849223378]]]}, "properties": {"id": 34, "class": "building", "confidence": 100.0, "source": "Almaty_10", "source_model": "msft-buildings", "centroid_wkt": "POINT (76.93268773287974 43.30345791777608)", "bbox": [76.932584042259, 43.3033849223378, 76.93278823060787, 43.30353180194003], "pixel_bbox": [1411, 3652, 1715, 3871], "area_m2": 188.884}}, {"type": "Feature", "geometry": {"type": "Polygon", "coordinates": [[[76.93512501131656, 43.30373527008683], [76.93508191020352, 43.303825916422696], [76.93512742281148, 43.30383737701772], [76.93517052392453, 43.30374673069896], [76.93512501131656, 43.30373527008683]]]}, "properties": {"id": 35, "class": "building", "confidence": 100.0, "source": "Almaty_10", "source_model": "msft-buildings", "centroid_wkt": "POINT (76.93512621706397 43.30378632355519)", "bbox": [76.93508191020352, 43.30373527008683, 76.93517052392453, 43.30383737701772], "pixel_bbox": [5136, 3196, 5268, 3348], "area_m2": 41.642}}, {"type": "Feature", "geometry": {"type": "Polygon", "coordinates": [[[76.93551502394435, 43.30320060322684], [76.93549357510813, 43.303281525598784], [76.93564097676365, 43.3033022166432], [76.93566242559983, 43.3032212942988], [76.93551502394435, 43.30320060322684]]]}, "properties": {"id": 36, "class": "building", "confidence": 100.0, "source": "Almaty_10", "source_model": "msft-buildings", "centroid_wkt": "POINT (76.93557800035003 43.303251409941026)", "bbox": [76.93549357510813, 43.30320060322684, 76.93566242559983, 43.3033022166432], "pixel_bbox": [5750, 3994, 6002, 4146], "area_m2": 111.525}}, {"type": "Feature", "geometry": {"type": "Polygon", "coordinates": [[[76.935184074882, 43.30456824146166], [76.93519145920595, 43.30446115697163], [76.93499347431039, 43.30445392688125], [76.93498608998644, 43.30456101138403], [76.935184074882, 43.30456824146166]]]}, "properties": {"id": 37, "class": "building", "confidence": 100.0, "source": "Almaty_10", "source_model": "msft-buildings", "centroid_wkt": "POINT (76.93508877459423 43.30451108417453)", "bbox": [76.93498608998644, 43.30445392688125, 76.93519145920595, 43.30456824146166], "pixel_bbox": [4993, 2106, 5299, 2277], "area_m2": 191.593}}, {"type": "Feature", "geometry": {"type": "Polygon", "coordinates": [[[76.93635119801019, 43.30490341692447], [76.93637499718182, 43.304806981245534], [76.93626846267216, 43.30479305811074], [76.93624466350053, 43.30488949381176], [76.93635119801019, 43.30490341692447]]]}, "properties": {"id": 38, "class": "building", "confidence": 100.0, "source": "Almaty_10", "source_model": "msft-buildings", "centroid_wkt": "POINT (76.93630983033931 43.304848237522464)", "bbox": [76.93624466350053, 43.30479305811074, 76.93637499718182, 43.30490341692447], "pixel_bbox": [6870, 1606, 7064, 1771], "area_m2": 95.596}}, {"type": "Feature", "geometry": {"type": "Polygon", "coordinates": [[[76.93214722981826, 43.30457133336062], [76.93222713988047, 43.30458516317949], [76.93223498851368, 43.3045611469277], [76.93228322241056, 43.30456949463986], [76.9322946934899, 43.30453439395191], [76.93216655491199, 43.30451221733393], [76.93214722981826, 43.30457133336062]]]}, "properties": {"id": 39, "class": "building", "confidence": 100.0, "source": "Almaty_10", "source_model": "msft-buildings", "centroid_wkt": "POINT (76.93221478577986 43.30454844764636)", "bbox": [76.93214722981826, 43.30451221733393, 76.9322946934899, 43.30458516317949], "pixel_bbox": [759, 2081, 979, 2190], "area_m2": 61.115}}, {"type": "Feature", "geometry": {"type": "Polygon", "coordinates": [[[76.93675994076622, 43.305140581636316], [76.93675233445488, 43.305167491092966], [76.93657991908577, 43.305141691354784], [76.93656741338623, 43.30518593376247], [76.93662917326239, 43.30519517847215], [76.93663076124075, 43.305189560557565], [76.93676457430581, 43.30520959075887], [76.93676245700136, 43.30521708130909], [76.93685252219439, 43.305230562976384], [76.93685252219439, 43.30515443997054], [76.93675994076622, 43.305140581636316]]]}, "properties": {"id": 40, "class": "building", "confidence": 100.0, "source": "Almaty_10", "source_model": "msft-buildings", "centroid_wkt": "POINT (76.93673152299667 43.30518014363733)", "bbox": [76.93656741338623, 43.305140581636316, 76.93685252219439, 43.305230562976384], "pixel_bbox": [7351, 1118, 7777, 1253], "area_m2": 134.815}}, {"type": "Feature", "geometry": {"type": "Polygon", "coordinates": [[[76.9340922665146, 43.30371843517823], [76.93410203724123, 43.30366360845198], [76.93392383496965, 43.303646799042326], [76.93391407101865, 43.303701617346874], [76.9340922665146, 43.30371843517823]]]}, "properties": {"id": 41, "class": "building", "confidence": 100.0, "source": "Almaty_10", "source_model": "msft-buildings", "centroid_wkt": "POINT (76.93400805487353 43.303682615099596)", "bbox": [76.93391407101865, 43.303646799042326, 76.93410203724123, 43.30371843517823], "pixel_bbox": [3394, 3373, 3675, 3480], "area_m2": 89.544}}, {"type": "Feature", "geometry": {"type": "Polygon", "coordinates": [[[76.93204785988546, 43.30470725321467], [76.93205290365557, 43.30478906776925], [76.93215194604919, 43.304785834295714], [76.9321469022791, 43.30470401973677], [76.93204785988546, 43.30470725321467]]]}, "properties": {"id": 42, "class": "building", "confidence": 100.0, "source": "Almaty_10", "source_model": "msft-buildings", "centroid_wkt": "POINT (76.93209990296776 43.304746543754064)", "bbox": [76.93204785988546, 43.30470401973677, 76.93215194604919, 43.30478906776925], "pixel_bbox": [611, 1777, 766, 1904], "area_m2": 73.19}}, {"type": "Feature", "geometry": {"type": "Polygon", "coordinates": [[[76.93191254151691, 43.30338444833404], [76.93192226126475, 43.30334069751015], [76.93183600303027, 43.3033305487481], [76.93182628328243, 43.30337429957929], [76.93191254151691, 43.30338444833404]]]}, "properties": {"id": 43, "class": "building", "confidence": 100.0, "source": "Almaty_10", "source_model": "msft-buildings", "centroid_wkt": "POINT (76.93187427227244 43.303357498542695)", "bbox": [76.93182628328243, 43.3033305487481, 76.93192226126475, 43.30338444833404], "pixel_bbox": [281, 3871, 424, 3952], "area_m2": 34.908}}, {"type": "Feature", "geometry": {"type": "Polygon", "coordinates": [[[76.93375509613007, 43.30464992088987], [76.93376417069553, 43.304620156245306], [76.93368492426171, 43.30460735750096], [76.9336758496963, 43.30463712215178], [76.93375509613007, 43.30464992088987]]]}, "properties": {"id": 44, "class": "building", "confidence": 100.0, "source": "Almaty_10", "source_model": "msft-buildings", "centroid_wkt": "POINT (76.9337200101946 43.3046286391967)", "bbox": [76.9336758496963, 43.30460735750096, 76.93376417069553, 43.30464992088987], "pixel_bbox": [3039, 1984, 3171, 2048], "area_m2": 22.309}}, {"type": "Feature", "geometry": {"type": "Polygon", "coordinates": [[[76.93667409033738, 43.305648717657945], [76.93660440065251, 43.305650045126065], [76.93660587403197, 43.305691006049074], [76.93667556371683, 43.30568967858185], [76.93667409033738, 43.305648717657945]]]}, "properties": {"id": 45, "class": "building", "confidence": 100.0, "source": "Almaty_10", "source_model": "msft-buildings", "centroid_wkt": "POINT (76.93663998218479 43.30566986185373)", "bbox": [76.93660440065251, 43.305648717657945, 76.93667556371683, 43.305691006049074], "pixel_bbox": [7406, 432, 7513, 495], "area_m2": 25.749}}, {"type": "Feature", "geometry": {"type": "Polygon", "coordinates": [[[76.9347074235253, 43.305970536121734], [76.9347360877642, 43.305974107028874], [76.93476062329344, 43.305869811927714], [76.93458342618018, 43.3058477371878], [76.93455211737344, 43.30598082393408], [76.93470500330305, 43.30598082393408], [76.9347074235253, 43.305970536121734]]]}, "properties": {"id": 46, "class": "building", "confidence": 100.0, "source": "Almaty_10", "source_model": "msft-buildings", "centroid_wkt": "POINT (76.93465422039586 43.30591898462856)", "bbox": [76.93455211737344, 43.3058477371878, 76.93476062329344, 43.30598082393408], "pixel_bbox": [4346, 0, 4657, 198], "area_m2": 198.396}}, {"type": "Feature", "geometry": {"type": "Polygon", "coordinates": [[[76.93305331579131, 43.303621038437015], [76.93303506856662, 43.3037346496803], [76.93316089387048, 43.30374535210292], [76.93317915187426, 43.303631741796465], [76.93305331579131, 43.303621038437015]]]}, "properties": {"id": 47, "class": "building", "confidence": 100.0, "source": "Almaty_10", "source_model": "msft-buildings", "centroid_wkt": "POINT (76.93310710765418 43.30368319469275)", "bbox": [76.93303506856662, 43.303621038437015, 76.93317915187426, 43.30374535210292], "pixel_bbox": [2084, 3333, 2298, 3519], "area_m2": 130.628}}, {"type": "Feature", "geometry": {"type": "Polygon", "coordinates": [[[76.93335428843224, 43.30313482943463], [76.9331852833866, 43.303123191434324], [76.93318036883083, 43.30316098800231], [76.93307821531171, 43.303153948322155], [76.9330658803433, 43.303248743143655], [76.93310043916755, 43.30325112468373], [76.93309188020989, 43.30331690059289], [76.93321150690927, 43.303325144375805], [76.93321956239883, 43.303263237648146], [76.93333653072709, 43.30327129824301], [76.93335428843224, 43.30313482943463]]]}, "properties": {"id": 48, "class": "building", "confidence": 100.0, "source": "Almaty_10", "source_model": "msft-buildings", "centroid_wkt": "POINT (76.93320779756786 43.30321645581705)", "bbox": [76.9330658803433, 43.303123191434324, 76.93335428843224, 43.303325144375805], "pixel_bbox": [2129, 3960, 2560, 4261], "area_m2": 367.571}}, {"type": "Feature", "geometry": {"type": "Polygon", "coordinates": [[[76.93391858326186, 43.304546310784325], [76.93405682943185, 43.30455579524295], [76.93406499020531, 43.30449280132177], [76.93392674313117, 43.30448332383251], [76.93391858326186, 43.304546310784325]]]}, "properties": {"id": 49, "class": "building", "confidence": 100.0, "source": "Almaty_10", "source_model": "msft-buildings", "centroid_wkt": "POINT (76.93399178778223 43.304519557882756)", "bbox": [76.93391858326186, 43.30448332383251, 76.93406499020531, 43.30455579524295], "pixel_bbox": [3401, 2125, 3619, 2233], "area_m2": 79.195}}, {"type": "Feature", "geometry": {"type": "Polygon", "coordinates": [[[76.93184931876719, 43.30297290324867], [76.93191726653696, 43.302983150719584], [76.931926323979, 43.302951333670826], [76.93185837914316, 43.30294108663703], [76.93184931876719, 43.30297290324867]]]}, "properties": {"id": 50, "class": "building", "confidence": 100.0, "source": "Almaty_10", "source_model": "msft-buildings", "centroid_wkt": "POINT (76.93188782207308 43.30296211868332)", "bbox": [76.93184931876719, 43.30294108663703, 76.931926323979, 43.302983150719584], "pixel_bbox": [315, 4470, 430, 4533], "area_m2": 20.325}}, {"type": "Feature", "geometry": {"type": "Polygon", "coordinates": [[[76.93200015780225, 43.304833838702706], [76.93198420497012, 43.30493100969388], [76.93222619633215, 43.304952048565255], [76.93224215638203, 43.30485489056068], [76.93200015780225, 43.304833838702706]]]}, "properties": {"id": 51, "class": "building", "confidence": 100.0, "source": "Almaty_10", "source_model": "msft-buildings", "centroid_wkt": "POINT (76.93211317639336 43.30489294635225)", "bbox": [76.93198420497012, 43.304833838702706, 76.93224215638203, 43.304952048565255], "pixel_bbox": [516, 1534, 901, 1710], "area_m2": 214.98}}, {"type": "Feature", "geometry": {"type": "Polygon", "coordinates": [[[76.93300336756343, 43.30513865198453], [76.9329840502144, 43.3052172021395], [76.9331477854074, 43.305238525702414], [76.9331671047436, 43.30515996749438], [76.93300336756343, 43.30513865198453]]]}, "properties": {"id": 52, "class": "building", "confidence": 100.0, "source": "Almaty_10", "source_model": "msft-buildings", "centroid_wkt": "POINT (76.93307557838122 43.3051885870121)", "bbox": [76.9329840502144, 43.30513865198453, 76.9331671047436, 43.305238525702414], "pixel_bbox": [2007, 1106, 2280, 1255], "area_m2": 119.654}}, {"type": "Feature", "geometry": {"type": "Polygon", "coordinates": [[[76.9324880196254, 43.3058181074469], [76.93247988813187, 43.30588000095158], [76.9323363607228, 43.30587001549495], [76.93233204086684, 43.3059028963991], [76.93262441151498, 43.3059232371313], [76.93263559231858, 43.30583813360666], [76.93255319695413, 43.305832401211156], [76.93256031201095, 43.30577824435562], [76.9326001807357, 43.3057810180979], [76.93260653346502, 43.30573266372405], [76.93242047941625, 43.305719719581944], [76.93240828217591, 43.30581255996557], [76.9324880196254, 43.3058181074469]]]}, "properties": {"id": 53, "class": "building", "confidence": 100.0, "source": "Almaty_10", "source_model": "msft-buildings", "centroid_wkt": "POINT (76.93250788327725 43.30582767349888)", "bbox": [76.93233204086684, 43.305719719581944, 76.93263559231858, 43.3059232371313], "pixel_bbox": [1035, 85, 1488, 389], "area_m2": 304.992}}, {"type": "Feature", "geometry": {"type": "Polygon", "coordinates": [[[76.934053315939, 43.30416724091916], [76.93406241451737, 43.30410154343317], [76.93388716876174, 43.304088690415625], [76.93387807018337, 43.304154387915496], [76.934053315939, 43.30416724091916]]]}, "properties": {"id": 54, "class": "building", "confidence": 100.0, "source": "Almaty_10", "source_model": "msft-buildings", "centroid_wkt": "POINT (76.93397024234733 43.30412796567059)", "bbox": [76.93387807018337, 43.304088690415625, 76.93406241451737, 43.30416724091916], "pixel_bbox": [3341, 2704, 3616, 2821], "area_m2": 104.837}}, {"type": "Feature", "geometry": {"type": "Polygon", "coordinates": [[[76.93425955965822, 43.30596204891361], [76.9340310009892, 43.30592924538469], [76.93401702168435, 43.30598082393408], [76.93425447288001, 43.30598082393408], [76.93425955965822, 43.30596204891361]]]}, "properties": {"id": 55, "class": "building", "confidence": 100.0, "source": "Almaty_10", "source_model": "msft-buildings", "centroid_wkt": "POINT (76.93412240661857 43.305961960967664)", "bbox": [76.93401702168435, 43.30592924538469, 76.93425955965822, 43.30598082393408], "pixel_bbox": [3548, 0, 3910, 76], "area_m2": 75.292}}, {"type": "Feature", "geometry": {"type": "Polygon", "coordinates": [[[76.93591491912976, 43.305367993195865], [76.93591374272411, 43.305330927497145], [76.93584940402853, 43.30533200886253], [76.93585058043419, 43.30536907456059], [76.93591491912976, 43.305367993195865]]]}, "properties": {"id": 56, "class": "building", "confidence": 100.0, "source": "Almaty_10", "source_model": "msft-buildings", "centroid_wkt": "POINT (76.93588216157923 43.30535000102903)", "bbox": [76.93584940402853, 43.305330927497145, 76.93591491912976, 43.30536907456059], "pixel_bbox": [6281, 912, 6378, 969], "area_m2": 21.508}}, {"type": "Feature", "geometry": {"type": "Polygon", "coordinates": [[[76.93164145705526, 43.3048674050127], [76.93166559047816, 43.30471523422909], [76.93163763731718, 43.304712885107115], [76.93163763731718, 43.30486708401115], [76.93164145705526, 43.3048674050127]]]}, "properties": {"id": 57, "class": "building", "confidence": 100.0, "source": "Almaty_10", "source_model": "msft-buildings", "centroid_wkt": "POINT (76.93164710810714 43.30477125991018)", "bbox": [76.93163763731718, 43.304712885107115, 76.93166559047816, 43.3048674050127], "pixel_bbox": [0, 1660, 41, 1890], "area_m2": 22.082}}, {"type": "Feature", "geometry": {"type": "Polygon", "coordinates": [[[76.93211485601945, 43.305435787030035], [76.93212626217247, 43.30540171769181], [76.93210475934944, 43.30539790540748], [76.93213899158492, 43.30529562674071], [76.93203011535057, 43.305276329334966], [76.93199249678135, 43.305388725675805], [76.93196082952514, 43.30538311292762], [76.93194016168634, 43.305444846243276], [76.9319996856495, 43.30545539937313], [76.93201233176917, 43.30541761550264], [76.93211485601945, 43.305435787030035]]]}, "properties": {"id": 58, "class": "building", "confidence": 100.0, "source": "Almaty_10", "source_model": "msft-buildings", "centroid_wkt": "POINT (76.93204965007763 43.305367736421466)", "bbox": [76.93194016168634, 43.305276329334966, 76.93213899158492, 43.30545539937313], "pixel_bbox": [451, 783, 747, 1050], "area_m2": 177.468}}, {"type": "Feature", "geometry": {"type": "Polygon", "coordinates": [[[76.93403633191254, 43.304264053637496], [76.93402156344835, 43.304370321974126], [76.93411308566225, 43.304377053086164], [76.93412784400931, 43.30427078401724], [76.93403633191254, 43.304264053637496]]]}, "properties": {"id": 59, "class": "building", "confidence": 100.0, "source": "Almaty_10", "source_model": "msft-buildings", "centroid_wkt": "POINT (76.93407470612128 43.30432055415753)", "bbox": [76.93402156344835, 43.304264053637496, 76.93412784400931, 43.304377053086164], "pixel_bbox": [3555, 2391, 3713, 2560], "area_m2": 88.563}}, {"type": "Feature", "geometry": {"type": "Polygon", "coordinates": [[[76.93450248831913, 43.30473530340997], [76.93457929712177, 43.30474160176844], [76.93458705674763, 43.30469148899404], [76.93451024794496, 43.304685190630366], [76.93450248831913, 43.30473530340997]]]}, "properties": {"id": 60, "class": "building", "confidence": 100.0, "source": "Almaty_10", "source_model": "msft-buildings", "centroid_wkt": "POINT (76.93454477253273 43.30471339620062)", "bbox": [76.93450248831913, 43.304685190630366, 76.93458705674763, 43.30474160176844], "pixel_bbox": [4272, 1848, 4398, 1932], "area_m2": 35.137}}, {"type": "Feature", "geometry": {"type": "Polygon", "coordinates": [[[76.93234971446199, 43.30348633483283], [76.93246779819654, 43.303494670737315], [76.93247179539902, 43.30346466192849], [76.93235371372943, 43.30345633217992], [76.93234971446199, 43.30348633483283]]]}, "properties": {"id": 61, "class": "building", "confidence": 100.0, "source": "Almaty_10", "source_model": "msft-buildings", "centroid_wkt": "POINT (76.93241075739132 43.303475500117955)", "bbox": [76.93234971446199, 43.30345633217992, 76.93247179539902, 43.303494670737315], "pixel_bbox": [1061, 3707, 1243, 3764], "area_m2": 32.24}}, {"type": "Feature", "geometry": {"type": "Polygon", "coordinates": [[[76.93284084446562, 43.30417453928177], [76.93286465181286, 43.304129408594065], [76.93271269769015, 43.30408696570481], [76.93268889390124, 43.30413208967868], [76.93284084446562, 43.30417453928177]]]}, "properties": {"id": 62, "class": "building", "confidence": 100.0, "source": "Almaty_10", "source_model": "msft-buildings", "centroid_wkt": "POINT (76.93277677385272 43.30413075134104)", "bbox": [76.93268889390124, 43.30408696570481, 76.93286465181286, 43.30417453928177], "pixel_bbox": [1567, 2693, 1829, 2824], "area_m2": 70.921}}, {"type": "Feature", "geometry": {"type": "Polygon", "coordinates": [[[76.93273234207146, 43.30379209022078], [76.9327189292112, 43.30385698726264], [76.93285531868476, 43.30387191568853], [76.93286873154506, 43.30380701866262], [76.93273234207146, 43.30379209022078]]]}, "properties": {"id": 63, "class": "building", "confidence": 100.0, "source": "Almaty_10", "source_model": "msft-buildings", "centroid_wkt": "POINT (76.93279383037542 43.30383200295821)", "bbox": [76.9327189292112, 43.30379209022078, 76.93286873154506, 43.30387191568853], "pixel_bbox": [1612, 3145, 1835, 3264], "area_m2": 81.593}}, {"type": "Feature", "geometry": {"type": "Polygon", "coordinates": [[[76.93462438268297, 43.30469024711659], [76.93470794114305, 43.30469683083984], [76.93471195977203, 43.304669821039], [76.93462839874434, 43.30466323711052], [76.93462438268297, 43.30469024711659]]]}, "properties": {"id": 64, "class": "building", "confidence": 100.0, "source": "Almaty_10", "source_model": "msft-buildings", "centroid_wkt": "POINT (76.93466817059513 43.30468003395725)", "bbox": [76.93462438268297, 43.30466323711052, 76.93471195977203, 43.30469683083984], "pixel_bbox": [4454, 1914, 4584, 1964], "area_m2": 20.583}}, {"type": "Feature", "geometry": {"type": "Polygon", "coordinates": [[[76.9355934494369, 43.30524707623149], [76.93561491598207, 43.30515808141856], [76.93554336501684, 43.30514893810324], [76.93554747722186, 43.30513189672907], [76.9354616120648, 43.30512092423481], [76.93545475838977, 43.30514932652757], [76.935381903105, 43.305140016535226], [76.93537002340166, 43.305189247152114], [76.93547670435433, 43.30520287962938], [76.93546985067934, 43.30523128188384], [76.9355934494369, 43.30524707623149]]]}, "properties": {"id": 65, "class": "building", "confidence": 100.0, "source": "Almaty_10", "source_model": "msft-buildings", "centroid_wkt": "POINT (76.93550487268581 43.30518207154734)", "bbox": [76.93537002340166, 43.30512092423481, 76.93561491598207, 43.30524707623149], "pixel_bbox": [5566, 1094, 5931, 1282], "area_m2": 168.174}}, {"type": "Feature", "geometry": {"type": "Polygon", "coordinates": [[[76.9355002145452, 43.30466083688292], [76.9356709176875, 43.3046701484336], [76.93568010591437, 43.304580862688766], [76.93550940277207, 43.304571551124404], [76.9355002145452, 43.30466083688292]]]}, "properties": {"id": 66, "class": "building", "confidence": 100.0, "source": "Almaty_10", "source_model": "msft-buildings", "centroid_wkt": "POINT (76.93559016022763 43.30462084978223)", "bbox": [76.9355002145452, 43.304571551124404, 76.93568010591437, 43.3046701484336], "pixel_bbox": [5760, 1954, 6028, 2101], "area_m2": 138.16}}, {"type": "Feature", "geometry": {"type": "Polygon", "coordinates": [[[76.93684197573073, 43.305918812930585], [76.9368398405861, 43.30598082393408], [76.93685252219439, 43.30598082393408], [76.93685252219439, 43.30591900522734], [76.93684197573073, 43.305918812930585]]]}, "properties": {"id": 67, "class": "building", "confidence": 100.0, "source": "Almaty_10", "source_model": "msft-buildings", "centroid_wkt": "POINT (76.936846695567 43.30595081341575)", "bbox": [76.9368398405861, 43.305918812930585, 76.93685252219439, 43.30598082393408], "pixel_bbox": [7758, 0, 7777, 92], "area_m2": 6.483}}, {"type": "Feature", "geometry": {"type": "Polygon", "coordinates": [[[76.93264557367867, 43.30501717645698], [76.93263306797668, 43.30507532883299], [76.93281895039534, 43.305096507192715], [76.93283801357141, 43.305007862118835], [76.93270320082134, 43.304992509184174], [76.93269664247283, 43.305022992343105], [76.93264557367867, 43.30501717645698]]]}, "properties": {"id": 68, "class": "building", "confidence": 100.0, "source": "Almaty_10", "source_model": "msft-buildings", "centroid_wkt": "POINT (76.93274192298627 43.3050454331082)", "bbox": [76.93263306797668, 43.304992509184174, 76.93283801357141, 43.305096507192715], "pixel_bbox": [1484, 1318, 1790, 1473], "area_m2": 137.786}}, {"type": "Feature", "geometry": {"type": "Polygon", "coordinates": [[[76.9344749909539, 43.3056624008028], [76.93461273195578, 43.30568297671655], [76.93463861180142, 43.305591201655375], [76.93444683042843, 43.30556255308196], [76.93442969637474, 43.305623293159734], [76.9344837459607, 43.305631364404015], [76.9344749909539, 43.3056624008028]]]}, "properties": {"id": 69, "class": "building", "confidence": 100.0, "source": "Almaty_10", "source_model": "msft-buildings", "centroid_wkt": "POINT (76.9345379360944 43.3056206495128)", "bbox": [76.93442969637474, 43.30556255308196, 76.93463861180142, 43.30568297671655], "pixel_bbox": [4163, 444, 4475, 623], "area_m2": 149.584}}, {"type": "Feature", "geometry": {"type": "Polygon", "coordinates": [[[76.93668787191594, 43.30346135176287], [76.93668310933928, 43.303494168479915], [76.93680894811352, 43.30350384018572], [76.93681482744067, 43.303463301595734], [76.93676591854101, 43.303459542557356], [76.93677740475532, 43.303380396282215], [76.93683691668997, 43.30338497025418], [76.93684559569677, 43.303325127447216], [76.93662427955223, 43.30330811749877], [76.93661745132805, 43.30335516775249], [76.93657235643563, 43.30335170414161], [76.93655789347032, 43.30345136188355], [76.93668787191594, 43.30346135176287]]]}, "properties": {"id": 70, "class": "building", "confidence": 100.0, "source": "Almaty_10", "source_model": "msft-buildings", "centroid_wkt": "POINT (76.9366999021751 43.30339779581656)", "bbox": [76.93655789347032, 43.30330811749877, 76.93684559569677, 43.30350384018572], "pixel_bbox": [7337, 3693, 7766, 3985], "area_m2": 330.887}}, {"type": "Feature", "geometry": {"type": "Polygon", "coordinates": [[[76.93383178588742, 43.305224870234845], [76.93361881250732, 43.30519967249125], [76.93359567829361, 43.30530321895113], [76.933663620546, 43.30531125400137], [76.93366786913148, 43.30529223776732], [76.93381291053993, 43.30530939079191], [76.93383178588742, 43.305224870234845]]]}, "properties": {"id": 71, "class": "building", "confidence": 100.0, "source": "Almaty_10", "source_model": "msft-buildings", "centroid_wkt": "POINT (76.93371022615482 43.30525742651072)", "bbox": [76.93359567829361, 43.30519967249125, 76.93383178588742, 43.30531125400137], "pixel_bbox": [2920, 998, 3272, 1164], "area_m2": 178.515}}, {"type": "Feature", "geometry": {"type": "Polygon", "coordinates": [[[76.93170680184808, 43.3038206619102], [76.93183099719245, 43.30383796244968], [76.93184635084336, 43.303779591822504], [76.93193949735164, 43.303792567236336], [76.93196153470014, 43.303708786831876], [76.93184912334883, 43.303693122056295], [76.93184070074402, 43.30372513098004], [76.93173577602107, 43.30371050948707], [76.93170680184808, 43.3038206619102]]]}, "properties": {"id": 72, "class": "building", "confidence": 100.0, "source": "Almaty_10", "source_model": "msft-buildings", "centroid_wkt": "POINT (76.93182794150563 43.30376184714873)", "bbox": [76.93170680184808, 43.303693122056295, 76.93196153470014, 43.30383796244968], "pixel_bbox": [103, 3195, 483, 3411], "area_m2": 206.524}}, {"type": "Feature", "geometry": {"type": "Polygon", "coordinates": [[[76.93555200345985, 43.303043788126324], [76.93556203691631, 43.303010242508535], [76.9354376319547, 43.30299053639361], [76.93542760157857, 43.303024082510206], [76.93555200345985, 43.303043788126324]]]}, "properties": {"id": 73, "class": "building", "confidence": 100.0, "source": "Almaty_10", "source_model": "msft-buildings", "centroid_wkt": "POINT (76.93549481849487 43.303017162314866)", "bbox": [76.93542760157857, 43.30299053639361, 76.93556203691631, 43.303043788126324], "pixel_bbox": [5652, 4380, 5852, 4459], "area_m2": 39.401}}, {"type": "Feature", "geometry": {"type": "Polygon", "coordinates": [[[76.93443216732587, 43.30448056292053], [76.93459262551299, 43.304496940581856], [76.93461181050691, 43.30439740017388], [76.93445135231977, 43.30438102248573], [76.93443216732587, 43.30448056292053]]]}, "properties": {"id": 74, "class": "building", "confidence": 100.0, "source": "Almaty_10", "source_model": "msft-buildings", "centroid_wkt": "POINT (76.93452198891288 43.30443898153987)", "bbox": [76.93443216732587, 43.30438102248573, 76.93461181050691, 43.304496940581856], "pixel_bbox": [4167, 2212, 4435, 2385], "area_m2": 146.808}}, {"type": "Feature", "geometry": {"type": "Polygon", "coordinates": [[[76.93566839178582, 43.305765368809496], [76.93566166120696, 43.30585880095359], [76.93573655724317, 43.30586165803845], [76.93574328782199, 43.30576822589875], [76.93566839178582, 43.305765368809496]]]}, "properties": {"id": 75, "class": "building", "confidence": 100.0, "source": "Almaty_10", "source_model": "msft-buildings", "centroid_wkt": "POINT (76.93570247451419 43.30581351342503)", "bbox": [76.93566166120696, 43.305765368809496, 76.93574328782199, 43.30586165803845], "pixel_bbox": [6001, 177, 6122, 321], "area_m2": 63.251}}, {"type": "Feature", "geometry": {"type": "Polygon", "coordinates": [[[76.93392505139485, 43.305172916441755], [76.93392240166226, 43.305107475359456], [76.93378036789859, 43.30511052088011], [76.93378301733857, 43.30517595473138], [76.93392505139485, 43.305172916441755]]]}, "properties": {"id": 76, "class": "building", "confidence": 100.0, "source": "Almaty_10", "source_model": "msft-buildings", "centroid_wkt": "POINT (76.9338527108815 43.30514171682517)", "bbox": [76.93378036789859, 43.305107475359456, 76.93392505139485, 43.30517595473138], "pixel_bbox": [3195, 1200, 3411, 1302], "area_m2": 83.853}}, {"type": "Feature", "geometry": {"type": "Polygon", "coordinates": [[[76.9346984335574, 43.30415219816092], [76.93478954652446, 43.30415418898171], [76.93479292589967, 43.30407228274446], [76.93470181293262, 43.304070291921], [76.9346984335574, 43.30415219816092]]]}, "properties": {"id": 77, "class": "building", "confidence": 100.0, "source": "Almaty_10", "source_model": "msft-buildings", "centroid_wkt": "POINT (76.9347456797283 43.304112240452014)", "bbox": [76.9346984335574, 43.304070291921, 76.93479292589967, 43.30415418898171], "pixel_bbox": [4564, 2724, 4705, 2849], "area_m2": 67.332}}, {"type": "Feature", "geometry": {"type": "Polygon", "coordinates": [[[76.93472540056582, 43.30453172250751], [76.93471809610728, 43.30457002261953], [76.9347891471616, 43.30457719866071], [76.93479645162014, 43.30453889855322], [76.93472540056582, 43.30453172250751]]]}, "properties": {"id": 78, "class": "building", "confidence": 100.0, "source": "Almaty_10", "source_model": "msft-buildings", "centroid_wkt": "POINT (76.93475727386303 43.30455446058514)", "bbox": [76.93471809610728, 43.30453172250751, 76.93479645162014, 43.30457719866071], "pixel_bbox": [4593, 2093, 4710, 2161], "area_m2": 25.003}}, {"type": "Feature", "geometry": {"type": "Polygon", "coordinates": [[[76.93529927135971, 43.30427820061271], [76.93539607043195, 43.30428540857213], [76.93540840282921, 43.30419770100359], [76.93531161279127, 43.30419048877672], [76.93529927135971, 43.30427820061271]]]}, "properties": {"id": 79, "class": "building", "confidence": 100.0, "source": "Almaty_10", "source_model": "msft-buildings", "centroid_wkt": "POINT (76.93535383881473 43.30423795033807)", "bbox": [76.93529927135971, 43.30419048877672, 76.93540840282921, 43.30428540857213], "pixel_bbox": [5460, 2528, 5623, 2669], "area_m2": 77.331}}, {"type": "Feature", "geometry": {"type": "Polygon", "coordinates": [[[76.9353443880746, 43.305296656346044], [76.93533820354595, 43.30538621575937], [76.93558298729914, 43.305395179666], [76.93558635312543, 43.30534650626634], [76.93549674042097, 43.30534322467386], [76.93549956379275, 43.30530233884219], [76.9353443880746, 43.305296656346044]]]}, "properties": {"id": 80, "class": "building", "confidence": 100.0, "source": "Almaty_10", "source_model": "msft-buildings", "centroid_wkt": "POINT (76.93544778318454 43.305350231205765)", "bbox": [76.93533820354595, 43.305296656346044, 76.93558635312543, 43.305395179666], "pixel_bbox": [5518, 873, 5888, 1020], "area_m2": 165.006}}, {"type": "Feature", "geometry": {"type": "Polygon", "coordinates": [[[76.932403626078, 43.30320361208607], [76.9323969185235, 43.30331074605429], [76.93254948770974, 43.30331580486587], [76.93255619526424, 43.30320867090656], [76.932403626078, 43.30320361208607]]]}, "properties": {"id": 81, "class": "building", "confidence": 100.0, "source": "Almaty_10", "source_model": "msft-buildings", "centroid_wkt": "POINT (76.93247655689281 43.30325970847813)", "bbox": [76.9323969185235, 43.30320361208607, 76.93255619526424, 43.30331580486587], "pixel_bbox": [1132, 3974, 1369, 4141], "area_m2": 147.65}}, {"type": "Feature", "geometry": {"type": "Polygon", "coordinates": [[[76.93666894958992, 43.304728119209315], [76.93665416635028, 43.304822535805634], [76.93682362765739, 43.30483658705061], [76.93683841089701, 43.30474217047613], [76.93666894958992, 43.304728119209315]]]}, "properties": {"id": 82, "class": "building", "confidence": 100.0, "source": "Almaty_10", "source_model": "msft-buildings", "centroid_wkt": "POINT (76.93674628862045 43.304782353134996)", "bbox": [76.93665416635028, 43.304728119209315, 76.93683841089701, 43.30483658705061], "pixel_bbox": [7481, 1706, 7755, 1868], "area_m2": 146.099}}, {"type": "Feature", "geometry": {"type": "Polygon", "coordinates": [[[76.93476379412216, 43.30564456935851], [76.93481489192902, 43.30565038328371], [76.93482085783803, 43.3056226043946], [76.93501325749328, 43.30564448589622], [76.9350220242034, 43.3056036839822], [76.93477853140443, 43.305575979265555], [76.93476379412216, 43.30564456935851]]]}, "properties": {"id": 83, "class": "building", "confidence": 100.0, "source": "Almaty_10", "source_model": "msft-buildings", "centroid_wkt": "POINT (76.93488294400032 43.30561315372571)", "bbox": [76.93476379412216, 43.305575979265555, 76.9350220242034, 43.30565038328371], "pixel_bbox": [4662, 492, 5047, 603], "area_m2": 104.864}}, {"type": "Feature", "geometry": {"type": "Polygon", "coordinates": [[[76.93344647378055, 43.303272213837765], [76.93349736103232, 43.30327363158007], [76.9334990045883, 43.30324244642555], [76.93356060494571, 43.30324416264074], [76.93355896138974, 43.30327534779438], [76.93365270106409, 43.30327795942478], [76.9336559317402, 43.30321665992824], [76.93353273135564, 43.30321322123044], [76.93353556096187, 43.30315953166138], [76.93345253439317, 43.303157218498534], [76.93344647378055, 43.303272213837765]]]}, "properties": {"id": 84, "class": "building", "confidence": 100.0, "source": "Almaty_10", "source_model": "msft-buildings", "centroid_wkt": "POINT (76.93353681313909 43.30322521475193)", "bbox": [76.93344647378055, 43.303157218498534, 76.9336559317402, 43.30327795942478], "pixel_bbox": [2697, 4030, 3009, 4210], "area_m2": 137.032}}, {"type": "Feature", "geometry": {"type": "Polygon", "coordinates": [[[76.93168996691723, 43.304358431713375], [76.93168865583031, 43.30433309295064], [76.93183329005156, 43.304329129743685], [76.9318299619078, 43.30426480821739], [76.93172014703612, 43.30426781732216], [76.93172196238727, 43.304302901797755], [76.93163763731718, 43.304305212439374], [76.93163763731718, 43.30435986562671], [76.93168996691723, 43.304358431713375]]]}, "properties": {"id": 85, "class": "building", "confidence": 100.0, "source": "Almaty_10", "source_model": "msft-buildings", "centroid_wkt": "POINT (76.93174095358398 43.30430890617103)", "bbox": [76.93163763731718, 43.30426480821739, 76.93183329005156, 43.30435986562671], "pixel_bbox": [0, 2417, 291, 2559], "area_m2": 98.037}}, {"type": "Feature", "geometry": {"type": "Polygon", "coordinates": [[[76.93281392991571, 43.304938495870566], [76.93287207666464, 43.30494364595176], [76.93287898749514, 43.30490234946914], [76.93282084123459, 43.30489719646621], [76.93281392991571, 43.304938495870566]]]}, "properties": {"id": 86, "class": "building", "confidence": 100.0, "source": "Almaty_10", "source_model": "msft-buildings", "centroid_wkt": "POINT (76.93284645848472 43.30492042190902)", "bbox": [76.93281392991571, 43.30489719646621, 76.93287898749514, 43.30494364595176], "pixel_bbox": [1754, 1546, 1851, 1616], "area_m2": 21.967}}, {"type": "Feature", "geometry": {"type": "Polygon", "coordinates": [[[76.93504037107047, 43.30443112609778], [76.93505229400978, 43.30436194600199], [76.93495987053035, 43.304353510449275], [76.934947947591, 43.30442269055467], [76.93504037107047, 43.30443112609778]]]}, "properties": {"id": 87, "class": "building", "confidence": 100.0, "source": "Almaty_10", "source_model": "msft-buildings", "centroid_wkt": "POINT (76.93500012079936 43.30439231827574)", "bbox": [76.934947947591, 43.304353510449275, 76.93505229400978, 43.30443112609778], "pixel_bbox": [4936, 2311, 5092, 2426], "area_m2": 58.542}}, {"type": "Feature", "geometry": {"type": "Polygon", "coordinates": [[[76.93600789924544, 43.30547073466772], [76.93602746935014, 43.305430938096606], [76.9359394936592, 43.305408028147845], [76.93591992355448, 43.305447824733946], [76.93600789924544, 43.30547073466772]]]}, "properties": {"id": 88, "class": "building", "confidence": 100.0, "source": "Almaty_10", "source_model": "msft-buildings", "centroid_wkt": "POINT (76.93597369644999 43.30543938141065)", "bbox": [76.93591992355448, 43.305408028147845, 76.93602746935014, 43.30547073466772], "pixel_bbox": [6386, 760, 6546, 854], "area_m2": 35.601}}, {"type": "Feature", "geometry": {"type": "Polygon", "coordinates": [[[76.93667985997614, 43.30292926222782], [76.93666268523575, 43.303017276708644], [76.93679151547815, 43.30303059052689], [76.93680869021854, 43.30294257606535], [76.93667985997614, 43.30292926222782]]]}, "properties": {"id": 89, "class": "building", "confidence": 100.0, "source": "Almaty_10", "source_model": "msft-buildings", "centroid_wkt": "POINT (76.93673568772488 43.302979926381724)", "bbox": [76.93666268523575, 43.30292926222782, 76.93680869021854, 43.30303059052689], "pixel_bbox": [7493, 4399, 7711, 4550], "area_m2": 104.275}}, {"type": "Feature", "geometry": {"type": "Polygon", "coordinates": [[[76.93218688905863, 43.30515594358328], [76.93209604477161, 43.30514691197719], [76.93208633221474, 43.305198646928694], [76.93217717161725, 43.30520767804148], [76.93218688905863, 43.30515594358328]]]}, "properties": {"id": 90, "class": "building", "confidence": 100.0, "source": "Almaty_10", "source_model": "msft-buildings", "centroid_wkt": "POINT (76.93213660945798 43.305177294900666)", "bbox": [76.93208633221474, 43.30514691197719, 76.93218688905863, 43.30520767804148], "pixel_bbox": [669, 1152, 819, 1243], "area_m2": 43.154}}, {"type": "Feature", "geometry": {"type": "Polygon", "coordinates": [[[76.93220965513146, 43.30445834848285], [76.93221320611777, 43.30444019610583], [76.93209614645367, 43.304428069175], [76.93208361833689, 43.30449214346317], [76.93231634724975, 43.304516241401984], [76.93232532927708, 43.304470325981804], [76.93220965513146, 43.30445834848285]]]}, "properties": {"id": 91, "class": "building", "confidence": 100.0, "source": "Almaty_10", "source_model": "msft-buildings", "centroid_wkt": "POINT (76.93219591693415 43.30447492661927)", "bbox": [76.93208361833689, 43.304428069175, 76.93232532927708, 43.304516241401984], "pixel_bbox": [665, 2184, 1025, 2315], "area_m2": 117.822}}, {"type": "Feature", "geometry": {"type": "Polygon", "coordinates": [[[76.93377235198521, 43.30503329527522], [76.93401999047657, 43.30505356380988], [76.93403382540181, 43.30496404951475], [76.93378619733812, 43.304943769191595], [76.93377235198521, 43.30503329527522]]]}, "properties": {"id": 92, "class": "building", "confidence": 100.0, "source": "Almaty_10", "source_model": "msft-buildings", "centroid_wkt": "POINT (76.93390308838299 43.30499866946823)", "bbox": [76.93377235198521, 43.304943769191595, 76.93403382540181, 43.30505356380988], "pixel_bbox": [3183, 1382, 3573, 1546], "area_m2": 202.357}}, {"type": "Feature", "geometry": {"type": "Polygon", "coordinates": [[[76.93421653241904, 43.30390237076281], [76.9340453556674, 43.303882440292135], [76.93400493570601, 43.30406620773644], [76.93417612782122, 43.3040861486549], [76.93421653241904, 43.30390237076281]]]}, "properties": {"id": 93, "class": "building", "confidence": 100.0, "source": "Almaty_10", "source_model": "msft-buildings", "centroid_wkt": "POINT (76.93411073822 43.303984293478436)", "bbox": [76.93400493570601, 43.303882440292135, 76.93421653241904, 43.3040861486549], "pixel_bbox": [3530, 2825, 3845, 3129], "area_m2": 290.844}}, {"type": "Feature", "geometry": {"type": "Polygon", "coordinates": [[[76.93582708245702, 43.30448104842041], [76.93581731761194, 43.30455059046908], [76.93594207874247, 43.30455986781971], [76.93595184358757, 43.30449032578165], [76.93582708245702, 43.30448104842041]]]}, "properties": {"id": 94, "class": "building", "confidence": 100.0, "source": "Almaty_10", "source_model": "msft-buildings", "centroid_wkt": "POINT (76.9358845805982 43.30452045812252)", "bbox": [76.93581731761194, 43.30448104842041, 76.93595184358757, 43.30455986781971], "pixel_bbox": [6233, 2119, 6433, 2236], "area_m2": 79.025}}, {"type": "Feature", "geometry": {"type": "Polygon", "coordinates": [[[76.93470991119992, 43.30319735441556], [76.93490809510052, 43.30320295667025], [76.93491174270758, 43.303134741988835], [76.93471355880698, 43.30312913972786], [76.93470991119992, 43.30319735441556]]]}, "properties": {"id": 95, "class": "building", "confidence": 100.0, "source": "Almaty_10", "source_model": "msft-buildings", "centroid_wkt": "POINT (76.93481082695223 43.30316604820057)", "bbox": [76.93470991119992, 43.30312913972786, 76.93491174270758, 43.30320295667025], "pixel_bbox": [4581, 4142, 4882, 4252], "area_m2": 122.051}}, {"type": "Feature", "geometry": {"type": "Polygon", "coordinates": [[[76.93202621147638, 43.305136993318044], [76.93201423013583, 43.30518115368856], [76.93208135017436, 43.305190800782626], [76.9320933324076, 43.30514663712885], [76.93202621147638, 43.305136993318044]]]}, "properties": {"id": 96, "class": "building", "confidence": 100.0, "source": "Almaty_10", "source_model": "msft-buildings", "centroid_wkt": "POINT (76.93205378146445 43.30516389628918)", "bbox": [76.93201423013583, 43.305136993318044, 76.9320933324076, 43.305190800782626], "pixel_bbox": [561, 1178, 679, 1258], "area_m2": 27.761}}, {"type": "Feature", "geometry": {"type": "Polygon", "coordinates": [[[76.93235076049693, 43.30485062123822], [76.93235334526877, 43.30479307219306], [76.93226898454016, 43.30479106565535], [76.93226823741264, 43.30480766465176], [76.9321396293602, 43.30480459913259], [76.93213778638018, 43.304845544761484], [76.93235076049693, 43.30485062123822]]]}, "properties": {"id": 97, "class": "building", "confidence": 100.0, "source": "Almaty_10", "source_model": "msft-buildings", "centroid_wkt": "POINT (76.93225427149179 43.304823840713034)", "bbox": [76.93213778638018, 43.30479106565535, 76.93235334526877, 43.30485062123822], "pixel_bbox": [745, 1685, 1067, 1774], "area_m2": 91.328}}, {"type": "Feature", "geometry": {"type": "Polygon", "coordinates": [[[76.93389562890489, 43.30556409947461], [76.93390484154322, 43.305504343931105], [76.93383461760104, 43.305498610642815], [76.93382539928709, 43.30555836572858], [76.93389562890489, 43.30556409947461]]]}, "properties": {"id": 98, "class": "building", "confidence": 100.0, "source": "Almaty_10", "source_model": "msft-buildings", "centroid_wkt": "POINT (76.93386512177145 43.30553135534662)", "bbox": [76.93382539928709, 43.305498610642815, 76.93390484154322, 43.30556409947461], "pixel_bbox": [3262, 621, 3381, 719], "area_m2": 38.303}}, {"type": "Feature", "geometry": {"type": "Polygon", "coordinates": [[[76.93556046350662, 43.30362016920282], [76.93556636014617, 43.30358081613069], [76.93545355159794, 43.30357186437399], [76.93544765784848, 43.303611223426785], [76.93556046350662, 43.30362016920282]]]}, "properties": {"id": 99, "class": "building", "confidence": 100.0, "source": "Almaty_10", "source_model": "msft-buildings", "centroid_wkt": "POINT (76.93550700693346 43.30359601806709)", "bbox": [76.93544765784848, 43.30357186437399, 76.93556636014617, 43.30362016920282], "pixel_bbox": [5681, 3520, 5858, 3592], "area_m2": 40.496}}, {"type": "Feature", "geometry": {"type": "Polygon", "coordinates": [[[76.93611351230926, 43.304566999868356], [76.93611066629468, 43.30466064480785], [76.93618036963454, 43.30466176664993], [76.93618321564908, 43.30456812171216], [76.93611351230926, 43.304566999868356]]]}, "properties": {"id": 100, "class": "building", "confidence": 100.0, "source": "Almaty_10", "source_model": "msft-buildings", "centroid_wkt": "POINT (76.93614694097177 43.30461438325957)", "bbox": [76.93611066629468, 43.304566999868356, 76.93618321564908, 43.30466176664993], "pixel_bbox": [6670, 1967, 6778, 2108], "area_m2": 58.868}}, {"type": "Feature", "geometry": {"type": "Polygon", "coordinates": [[[76.93237130841649, 43.30407391275573], [76.93244896773183, 43.30408680335547], [76.93245273726387, 43.30407477680266], [76.93250510403185, 43.30408347178262], [76.93252080992423, 43.304033378065], [76.93239078611914, 43.30401178888786], [76.93237130841649, 43.30407391275573]]]}, "properties": {"id": 101, "class": "building", "confidence": 100.0, "source": "Almaty_10", "source_model": "msft-buildings", "centroid_wkt": "POINT (76.93244343940496 43.30405098079874)", "bbox": [76.93237130841649, 43.30401178888786, 76.93252080992423, 43.30408680335547], "pixel_bbox": [1094, 2824, 1317, 2936], "area_m2": 70.628}}, {"type": "Feature", "geometry": {"type": "Polygon", "coordinates": [[[76.93349346870315, 43.30407831237791], [76.93349513333646, 43.30403824664589], [76.93343349874287, 43.30403689364737], [76.9334318342399, 43.304076956243954], [76.93349346870315, 43.30407831237791]]]}, "properties": {"id": 102, "class": "building", "confidence": 100.0, "source": "Almaty_10", "source_model": "msft-buildings", "centroid_wkt": "POINT (76.93346348415756 43.304057602237606)", "bbox": [76.9334318342399, 43.30403689364737, 76.93349513333646, 43.30407831237791], "pixel_bbox": [2675, 2837, 2770, 2898], "area_m2": 22.28}}, {"type": "Feature", "geometry": {"type": "Polygon", "coordinates": [[[76.93521119436721, 43.305789251678625], [76.93536026025893, 43.305818154753844], [76.9353882865885, 43.30574161108146], [76.93523922757045, 43.30571270930263], [76.93521119436721, 43.305789251678625]]]}, "properties": {"id": 103, "class": "building", "confidence": 100.0, "source": "Almaty_10", "source_model": "msft-buildings", "centroid_wkt": "POINT (76.93529974208325 43.30576543199667)", "bbox": [76.93521119436721, 43.30571270930263, 76.9353882865885, 43.305818154753844], "pixel_bbox": [5329, 242, 5593, 399], "area_m2": 110.15}}, {"type": "Feature", "geometry": {"type": "Polygon", "coordinates": [[[76.93601542178419, 43.30397523517021], [76.9360341826154, 43.30392214037463], [76.93598775471752, 43.30391345248011], [76.93596898909671, 43.30396654638702], [76.93601542178419, 43.30397523517021]]]}, "properties": {"id": 104, "class": "building", "confidence": 100.0, "source": "Almaty_10", "source_model": "msft-buildings", "centroid_wkt": "POINT (76.93600158689173 43.303944344059076)", "bbox": [76.93596898909671, 43.30391345248011, 76.9360341826154, 43.30397523517021], "pixel_bbox": [6459, 2990, 6556, 3083], "area_m2": 23.691}}, {"type": "Feature", "geometry": {"type": "Polygon", "coordinates": [[[76.93418189591458, 43.30519619111958], [76.93432107336255, 43.30520087663688], [76.93432577145562, 43.30512686363344], [76.93418659400766, 43.30512217811043], [76.93418189591458, 43.30519619111958]]]}, "properties": {"id": 105, "class": "building", "confidence": 100.0, "source": "Almaty_10", "source_model": "msft-buildings", "centroid_wkt": "POINT (76.93425383368422 43.30516152737504)", "bbox": [76.93418189591458, 43.30512217811043, 76.93432577145562, 43.30520087663688], "pixel_bbox": [3794, 1163, 4008, 1280], "area_m2": 93.052}}, {"type": "Feature", "geometry": {"type": "Polygon", "coordinates": [[[76.9320582009057, 43.30458956047039], [76.93204650880729, 43.304656800554405], [76.93219170663649, 43.30467016371895], [76.9322033987349, 43.304602923649696], [76.9320582009057, 43.30458956047039]]]}, "properties": {"id": 106, "class": "building", "confidence": 100.0, "source": "Almaty_10", "source_model": "msft-buildings", "centroid_wkt": "POINT (76.9321249537685 43.30462986209802)", "bbox": [76.93204650880729, 43.30458956047039, 76.9322033987349, 43.30467016371895], "pixel_bbox": [609, 1954, 843, 2074], "area_m2": 89.415}}, {"type": "Feature", "geometry": {"type": "Polygon", "coordinates": [[[76.93193027407656, 43.30357104060549], [76.93192059650946, 43.30362873866813], [76.93201720745039, 43.303637320325954], [76.932026890485, 43.30357962275712], [76.93193027407656, 43.30357104060549]]]}, "properties": {"id": 107, "class": "building", "confidence": 100.0, "source": "Almaty_10", "source_model": "msft-buildings", "centroid_wkt": "POINT (76.93197374217489 43.3036041803169)", "bbox": [76.93192059650946, 43.30357104060549, 76.932026890485, 43.303637320325954], "pixel_bbox": [421, 3494, 580, 3593], "area_m2": 50.999}}, {"type": "Feature", "geometry": {"type": "Polygon", "coordinates": [[[76.93451258991149, 43.304137404642425], [76.93450799380948, 43.30421058826398], [76.93467929737857, 43.30421628562641], [76.93468443518178, 43.30413447651109], [76.93458004706939, 43.30413100467625], [76.93457950558174, 43.30413962677628], [76.93451258991149, 43.304137404642425]]]}, "properties": {"id": 108, "class": "building", "confidence": 100.0, "source": "Almaty_10", "source_model": "msft-buildings", "centroid_wkt": "POINT (76.93459835740045 43.30417417843249)", "bbox": [76.93450799380948, 43.30413100467625, 76.93468443518178, 43.30421628562641], "pixel_bbox": [4280, 2631, 4543, 2758], "area_m2": 121.379}}, {"type": "Feature", "geometry": {"type": "Polygon", "coordinates": [[[76.9346208441658, 43.303462400977686], [76.93461876407088, 43.30349468225739], [76.93468834826776, 43.30349706037056], [76.93469042859056, 43.30346477555578], [76.9346208441658, 43.303462400977686]]]}, "properties": {"id": 109, "class": "building", "confidence": 100.0, "source": "Almaty_10", "source_model": "msft-buildings", "centroid_wkt": "POINT (76.93465459690871 43.30347972981203)", "bbox": [76.93461876407088, 43.303462400977686, 76.93469042859056, 43.30349706037056], "pixel_bbox": [4445, 3704, 4552, 3755], "area_m2": 20.294}}, {"type": "Feature", "geometry": {"type": "Polygon", "coordinates": [[[76.93477991785367, 43.30428342248792], [76.93478581845707, 43.304250805460036], [76.93470672302459, 43.304243227815725], [76.93470082242115, 43.304275844847666], [76.93477991785367, 43.30428342248792]]]}, "properties": {"id": 110, "class": "building", "confidence": 100.0, "source": "Almaty_10", "source_model": "msft-buildings", "centroid_wkt": "POINT (76.93474332043832 43.30426332515273)", "bbox": [76.93470082242115, 43.304243227815725, 76.93478581845707, 43.30428342248792], "pixel_bbox": [4568, 2531, 4694, 2591], "area_m2": 23.659}}, {"type": "Feature", "geometry": {"type": "Polygon", "coordinates": [[[76.93539346030828, 43.30372484330338], [76.93551086030756, 43.303754376112614], [76.9355287481751, 43.30371671786585], [76.93554659143788, 43.3037212055589], [76.93558004604994, 43.30365076126539], [76.9355094990208, 43.30363301462726], [76.93549707589571, 43.30365916832032], [76.93543238610019, 43.30364289511602], [76.93539346030828, 43.30372484330338]]]}, "properties": {"id": 111, "class": "building", "confidence": 100.0, "source": "Almaty_10", "source_model": "msft-buildings", "centroid_wkt": "POINT (76.93548663677126 43.303691943946156)", "bbox": [76.93539346030828, 43.30363301462726, 76.93558004604994, 43.303754376112614], "pixel_bbox": [5601, 3320, 5879, 3501], "area_m2": 123.681}}, {"type": "Feature", "geometry": {"type": "Polygon", "coordinates": [[[76.93604401930287, 43.30328126659901], [76.9360627310127, 43.303282061440335], [76.93605836215322, 43.303336529966], [76.93617865171625, 43.303341639655386], [76.93618536103611, 43.30325799154933], [76.9360463597633, 43.30325208701123], [76.93604401930287, 43.30328126659901]]]}, "properties": {"id": 112, "class": "building", "confidence": 100.0, "source": "Almaty_10", "source_model": "msft-buildings", "centroid_wkt": "POINT (76.93611839678772 43.303295707036675)", "bbox": [76.93604401930287, 43.30325208701123, 76.93618536103611, 43.303341639655386], "pixel_bbox": [6571, 3935, 6782, 4069], "area_m2": 95.951}}, {"type": "Feature", "geometry": {"type": "Polygon", "coordinates": [[[76.93613958172392, 43.30474463098975], [76.93612979832368, 43.30479236627753], [76.93616780666375, 43.304796491548295], [76.93616389510008, 43.30481558584659], [76.93622821483122, 43.30482256684595], [76.93624191159162, 43.30475573746575], [76.93613958172392, 43.30474463098975]]]}, "properties": {"id": 113, "class": "building", "confidence": 100.0, "source": "Almaty_10", "source_model": "msft-buildings", "centroid_wkt": "POINT (76.9361882972756 43.30478117964305)", "bbox": [76.93612979832368, 43.30474463098975, 76.93624191159162, 43.30482256684595], "pixel_bbox": [6699, 1727, 6866, 1843], "area_m2": 56.328}}, {"type": "Feature", "geometry": {"type": "Polygon", "coordinates": [[[76.93291276477612, 43.30543513574383], [76.93290901315882, 43.30551506887658], [76.93306172093413, 43.305518864349665], [76.93306547255143, 43.3054389312219], [76.93291276477612, 43.30543513574383]]]}, "properties": {"id": 114, "class": "building", "confidence": 100.0, "source": "Almaty_10", "source_model": "msft-buildings", "centroid_wkt": "POINT (76.93298724285434 43.30547700004796)", "bbox": [76.93290901315882, 43.30543513574383, 76.93306547255143, 43.305518864349665], "pixel_bbox": [1896, 688, 2129, 813], "area_m2": 110.158}}, {"type": "Feature", "geometry": {"type": "Polygon", "coordinates": [[[76.93585179274189, 43.30334348211367], [76.9359791909453, 43.30334701201576], [76.93598323016275, 43.30326980763676], [76.9358558242066, 43.30326628400456], [76.93585179274189, 43.30334348211367]]]}, "properties": {"id": 115, "class": "building", "confidence": 100.0, "source": "Almaty_10", "source_model": "msft-buildings", "centroid_wkt": "POINT (76.93591751042418 43.30330664609293)", "bbox": [76.93585179274189, 43.30326628400456, 76.93598323016275, 43.30334701201576], "pixel_bbox": [6284, 3927, 6480, 4048], "area_m2": 88.79}}, {"type": "Feature", "geometry": {"type": "Polygon", "coordinates": [[[76.93193230904492, 43.30321716020848], [76.93209265457806, 43.30322422459285], [76.93209887768964, 43.30314933209444], [76.93193853148037, 43.30314227583855], [76.93193230904492, 43.30321716020848]]]}, "properties": {"id": 116, "class": "building", "confidence": 100.0, "source": "Almaty_10", "source_model": "msft-buildings", "centroid_wkt": "POINT (76.93201559464859 43.30318324824742)", "bbox": [76.93193230904492, 43.30314227583855, 76.93209887768964, 43.30322422459285], "pixel_bbox": [439, 4110, 687, 4233], "area_m2": 108.642}}, {"type": "Feature", "geometry": {"type": "Polygon", "coordinates": [[[76.93656263559326, 43.30334803975434], [76.936613529634, 43.303349392879184], [76.9366162084347, 43.303296033176316], [76.93656531452393, 43.303294677461544], [76.93656263559326, 43.30334803975434]]]}, "properties": {"id": 117, "class": "building", "confidence": 100.0, "source": "Almaty_10", "source_model": "msft-buildings", "centroid_wkt": "POINT (76.93658942184064 43.303322035812364)", "bbox": [76.93656263559326, 43.303294677461544, 76.9366162084347, 43.303349392879184], "pixel_bbox": [7344, 3924, 7424, 4005], "area_m2": 24.514}}, {"type": "Feature", "geometry": {"type": "Polygon", "coordinates": [[[76.93371194079737, 43.30353926878833], [76.93381366318755, 43.30354256391968], [76.93382176584626, 43.30341009535378], [76.93378428917622, 43.303408881355395], [76.93377875465593, 43.30349936402976], [76.93371450873606, 43.303497286158475], [76.93371194079737, 43.30353926878833]]]}, "properties": {"id": 118, "class": "building", "confidence": 100.0, "source": "Almaty_10", "source_model": "msft-buildings", "centroid_wkt": "POINT (76.93378009658113 43.30349106998081)", "bbox": [76.93371194079737, 43.303408881355395, 76.93382176584626, 43.30354256391968], "pixel_bbox": [3093, 3636, 3257, 3835], "area_m2": 69.203}}, {"type": "Feature", "geometry": {"type": "Polygon", "coordinates": [[[76.9342189868003, 43.30576636214393], [76.93420867562004, 43.30582393987425], [76.93429696872255, 43.305832313030066], [76.93430728534798, 43.305774735824066], [76.9342189868003, 43.30576636214393]]]}, "properties": {"id": 119, "class": "building", "confidence": 100.0, "source": "Almaty_10", "source_model": "msft-buildings", "centroid_wkt": "POINT (76.93425797917473 43.305799337422016)", "bbox": [76.93420867562004, 43.30576636214393, 76.93430728534798, 43.305832313030066], "pixel_bbox": [3834, 221, 3981, 319], "area_m2": 46.605}}, {"type": "Feature", "geometry": {"type": "Polygon", "coordinates": [[[76.93494393606916, 43.30487107385389], [76.93493112121882, 43.3049077396336], [76.93504448715419, 43.304928722108784], [76.93505730200452, 43.30489205634174], [76.93494393606916, 43.30487107385389]]]}, "properties": {"id": 120, "class": "building", "confidence": 100.0, "source": "Almaty_10", "source_model": "msft-buildings", "centroid_wkt": "POINT (76.93499421160865 43.30489989798384)", "bbox": [76.93493112121882, 43.30487107385389, 76.93505730200452, 43.304928722108784], "pixel_bbox": [4911, 1569, 5099, 1654], "area_m2": 39.893}}, {"type": "Feature", "geometry": {"type": "Polygon", "coordinates": [[[76.93529105214584, 43.303311146441814], [76.9353863726298, 43.303319055194514], [76.93539434382505, 43.303268175315274], [76.93532020625486, 43.30326202033051], [76.93533336602889, 43.3031780218206], [76.93521686321513, 43.303168355544734], [76.93522501395708, 43.30311632949518], [76.93516563635913, 43.30311140291201], [76.9351532518061, 43.30319040479827], [76.93519145457469, 43.303193574493264], [76.93518420947073, 43.30323981981409], [76.93530071228446, 43.30324948607859], [76.93529105214584, 43.303311146441814]]]}, "properties": {"id": 121, "class": "building", "confidence": 100.0, "source": "Almaty_10", "source_model": "msft-buildings", "centroid_wkt": "POINT (76.93526517897061 43.303217097511265)", "bbox": [76.9351532518061, 43.30311140291201, 76.93539434382505, 43.303319055194514], "pixel_bbox": [5242, 3969, 5602, 4279], "area_m2": 176.055}}, {"type": "Feature", "geometry": {"type": "Polygon", "coordinates": [[[76.93640072373114, 43.30568286788737], [76.93640190726182, 43.30572895661625], [76.9366338884994, 43.30572580199256], [76.93663270023315, 43.30567970151085], [76.93640072373114, 43.30568286788737]]]}, "properties": {"id": 122, "class": "building", "confidence": 100.0, "source": "Almaty_10", "source_model": "msft-buildings", "centroid_wkt": "POINT (76.93651730988759 43.305704332007636)", "bbox": [76.93640072373114, 43.30567970151085, 76.9366338884994, 43.30572895661625], "pixel_bbox": [7103, 375, 7450, 449], "area_m2": 96.421}}, {"type": "Feature", "geometry": {"type": "Polygon", "coordinates": [[[76.93393026333929, 43.30299495447222], [76.93389876547904, 43.30311146512425], [76.93400722039665, 43.30312699300425], [76.9340387182569, 43.30301048238198], [76.93393026333929, 43.30299495447222]]]}, "properties": {"id": 123, "class": "building", "confidence": 100.0, "source": "Almaty_10", "source_model": "msft-buildings", "centroid_wkt": "POINT (76.93396874186594 43.30306097374467)", "bbox": [76.93389876547904, 43.30299495447222, 76.9340387182569, 43.30312699300425], "pixel_bbox": [3372, 4255, 3580, 4452], "area_m2": 118.317}}, {"type": "Feature", "geometry": {"type": "Polygon", "coordinates": [[[76.93615177967114, 43.30361335936283], [76.93608742921042, 43.303614237747986], [76.93608886285634, 43.30367006829178], [76.9361532134012, 43.303669193183836], [76.93615177967114, 43.30361335936283]]]}, "properties": {"id": 124, "class": "building", "confidence": 100.0, "source": "Almaty_10", "source_model": "msft-buildings", "centroid_wkt": "POINT (76.93612032159955 43.30364171464232)", "bbox": [76.93608742921042, 43.30361335936283, 76.9361532134012, 43.30367006829178], "pixel_bbox": [6636, 3446, 6734, 3530], "area_m2": 32.398}}, {"type": "Feature", "geometry": {"type": "Polygon", "coordinates": [[[76.93324016405793, 43.302989753800624], [76.93338205568074, 43.30299422010393], [76.93338599278431, 43.30292797794989], [76.93324410116145, 43.30292351164174], [76.93324016405793, 43.302989753800624]]]}, "properties": {"id": 125, "class": "building", "confidence": 100.0, "source": "Almaty_10", "source_model": "msft-buildings", "centroid_wkt": "POINT (76.93331307842023 43.30295886587401)", "bbox": [76.93324016405793, 43.30292351164174, 76.93338599278431, 43.30299422010393], "pixel_bbox": [2389, 4453, 2607, 4559], "area_m2": 84.887}}, {"type": "Feature", "geometry": {"type": "Polygon", "coordinates": [[[76.93523611908255, 43.305655758722125], [76.93540450789844, 43.3056630142252], [76.93540751484157, 43.305626058496784], [76.93523912602568, 43.305618802989294], [76.93523611908255, 43.305655758722125]]]}, "properties": {"id": 126, "class": "building", "confidence": 100.0, "source": "Almaty_10", "source_model": "msft-buildings", "centroid_wkt": "POINT (76.93532181696038 43.30564090860827)", "bbox": [76.93523611908255, 43.305618802989294, 76.93540751484157, 43.3056630142252], "pixel_bbox": [5366, 473, 5622, 539], "area_m2": 56.291}}, {"type": "Feature", "geometry": {"type": "Polygon", "coordinates": [[[76.93357194984266, 43.30496447726685], [76.93357308801069, 43.304943038532116], [76.93345656109662, 43.30493976838796], [76.93345346261702, 43.30499823780741], [76.93367175623133, 43.30500436386755], [76.9336737221579, 43.30496733334531], [76.93357194984266, 43.30496447726685]]]}, "properties": {"id": 127, "class": "building", "confidence": 100.0, "source": "Almaty_10", "source_model": "msft-buildings", "centroid_wkt": "POINT (76.93355194425169 43.30497554657819)", "bbox": [76.93345346261702, 43.30493976838796, 76.9336737221579, 43.30500436386755], "pixel_bbox": [2707, 1456, 3036, 1552], "area_m2": 95.528}}, {"type": "Feature", "geometry": {"type": "Polygon", "coordinates": [[[76.93645483053774, 43.30355362471056], [76.93642157609949, 43.303706689285455], [76.93666114994606, 43.30373425399453], [76.9366830869928, 43.303633326232436], [76.9365443982653, 43.30361736906321], [76.93655572892874, 43.30356523897223], [76.93645483053774, 43.30355362471056]]]}, "properties": {"id": 128, "class": "building", "confidence": 100.0, "source": "Almaty_10", "source_model": "msft-buildings", "centroid_wkt": "POINT (76.93654291079905 43.30365490802791)", "bbox": [76.93642157609949, 43.30355362471056, 76.9366830869928, 43.30373425399453], "pixel_bbox": [7134, 3350, 7524, 3619], "area_m2": 272.021}}, {"type": "Feature", "geometry": {"type": "Polygon", "coordinates": [[[76.93290752999827, 43.30482709531647], [76.9329104927219, 43.30475103307006], [76.93277251295125, 43.30474817987228], [76.93276954291811, 43.30482424197111], [76.93290752999827, 43.30482709531647]]]}, "properties": {"id": 129, "class": "building", "confidence": 100.0, "source": "Almaty_10", "source_model": "msft-buildings", "centroid_wkt": "POINT (76.93284001963376 43.30478763789324)", "bbox": [76.93276954291811, 43.30474817987228, 76.9329104927219, 43.30482709531647], "pixel_bbox": [1688, 1720, 1898, 1838], "area_m2": 94.683}}, {"type": "Feature", "geometry": {"type": "Polygon", "coordinates": [[[76.93431133973584, 43.30378458252873], [76.93431822855968, 43.303750178866196], [76.93402289581594, 43.30371884611383], [76.93399724202312, 43.303846902878924], [76.93423624336761, 43.30387225920903], [76.93425500509669, 43.30377860581951], [76.93431133973584, 43.30378458252873]]]}, "properties": {"id": 130, "class": "building", "confidence": 100.0, "source": "Almaty_10", "source_model": "msft-buildings", "centroid_wkt": "POINT (76.93413892208963 43.30379369703189)", "bbox": [76.93399724202312, 43.30371884611383, 76.93431822855968, 43.30387225920903], "pixel_bbox": [3518, 3144, 3997, 3373], "area_m2": 299.595}}, {"type": "Feature", "geometry": {"type": "Polygon", "coordinates": [[[76.93527860991024, 43.30414980700165], [76.93540402580739, 43.30417383767853], [76.9354278014594, 43.304108124677754], [76.93530238556225, 43.30408409397491], [76.93527860991024, 43.30414980700165]]]}, "properties": {"id": 131, "class": "building", "confidence": 100.0, "source": "Almaty_10", "source_model": "msft-buildings", "centroid_wkt": "POINT (76.93535320568111 43.30412896583209)", "bbox": [76.93527860991024, 43.30408409397491, 76.9354278014594, 43.30417383767853], "pixel_bbox": [5429, 2694, 5652, 2828], "area_m2": 79.441}}, {"type": "Feature", "geometry": {"type": "Polygon", "coordinates": [[[76.93677825236477, 43.30490044618048], [76.93676153932455, 43.30500838096458], [76.93685252219439, 43.305015841569706], [76.93685252219439, 43.30490653632533], [76.93677825236477, 43.30490044618048]]]}, "properties": {"id": 132, "class": "building", "confidence": 100.0, "source": "Almaty_10", "source_model": "msft-buildings", "centroid_wkt": "POINT (76.9368110681609 43.30495963216355)", "bbox": [76.93676153932455, 43.30490044618048, 76.93685252219439, 43.305015841569706], "pixel_bbox": [7641, 1439, 7777, 1611], "area_m2": 81.411}}, {"type": "Feature", "geometry": {"type": "Polygon", "coordinates": [[[76.93388016430437, 43.30376352487739], [76.93388191494276, 43.303704995134126], [76.93383782270502, 43.30370429446235], [76.93383606644025, 43.30376282411687], [76.93388016430437, 43.30376352487739]]]}, "properties": {"id": 133, "class": "building", "confidence": 100.0, "source": "Almaty_10", "source_model": "msft-buildings", "centroid_wkt": "POINT (76.93385899207944 43.30373391027004)", "bbox": [76.93383606644025, 43.30370429446235, 76.93388191494276, 43.30376352487739], "pixel_bbox": [3278, 3306, 3346, 3395], "area_m2": 23.276}}, {"type": "Feature", "geometry": {"type": "Polygon", "coordinates": [[[76.93578371348924, 43.30424023928432], [76.93586388456198, 43.30424377950914], [76.93586696560453, 43.30420682940621], [76.9357867945318, 43.30420328917923], [76.93578371348924, 43.30424023928432]]]}, "properties": {"id": 134, "class": "building", "confidence": 100.0, "source": "Almaty_10", "source_model": "msft-buildings", "centroid_wkt": "POINT (76.93582533954651 43.30422353434471)", "bbox": [76.93578371348924, 43.30420328917923, 76.93586696560453, 43.30424377950914], "pixel_bbox": [6183, 2590, 6307, 2650], "area_m2": 26.802}}, {"type": "Feature", "geometry": {"type": "Polygon", "coordinates": [[[76.93445468044615, 43.30436061590287], [76.93445519732121, 43.30431656427014], [76.93439493641671, 43.304316189824306], [76.93439441534156, 43.304360238361774], [76.93445468044615, 43.30436061590287]]]}, "properties": {"id": 135, "class": "building", "confidence": 100.0, "source": "Almaty_10", "source_model": "msft-buildings", "centroid_wkt": "POINT (76.93442480772823 43.30433840234999)", "bbox": [76.93439441534156, 43.304316189824306, 76.93445519732121, 43.30436061590287], "pixel_bbox": [4111, 2416, 4201, 2482], "area_m2": 23.931}}, {"type": "Feature", "geometry": {"type": "Polygon", "coordinates": [[[76.9351256606764, 43.304648791302974], [76.93510936817606, 43.304702792956114], [76.93490721817172, 43.30467049469448], [76.9348959819646, 43.30470773720573], [76.93526313927619, 43.30476639925279], [76.9352906596116, 43.304675153810145], [76.9351256606764, 43.304648791302974]]]}, "properties": {"id": 136, "class": "building", "confidence": 100.0, "source": "Almaty_10", "source_model": "msft-buildings", "centroid_wkt": "POINT (76.93513048573145 43.30470681852744)", "bbox": [76.9348959819646, 43.304648791302974, 76.9352906596116, 43.30476639925279], "pixel_bbox": [4859, 1811, 5447, 1986], "area_m2": 213.392}}, {"type": "Feature", "geometry": {"type": "Polygon", "coordinates": [[[76.9333153322086, 43.30554074200475], [76.93331734402977, 43.30545773460932], [76.93314305466001, 43.30545549765654], [76.93314104305388, 43.30553849618102], [76.9333153322086, 43.30554074200475]]]}, "properties": {"id": 137, "class": "building", "confidence": 100.0, "source": "Almaty_10", "source_model": "msft-buildings", "centroid_wkt": "POINT (76.93322919504033 43.305498117632865)", "bbox": [76.93314104305388, 43.30545549765654, 76.93331734402977, 43.30554074200475], "pixel_bbox": [2242, 656, 2504, 783], "area_m2": 130.443}}, {"type": "Feature", "geometry": {"type": "Polygon", "coordinates": [[[76.93390744169467, 43.303832236510935], [76.9336904869467, 43.30382632470811], [76.93368838081376, 43.303867257536105], [76.93390533556176, 43.30387316933494], [76.93390744169467, 43.303832236510935]]]}, "properties": {"id": 138, "class": "building", "confidence": 100.0, "source": "Almaty_10", "source_model": "msft-buildings", "centroid_wkt": "POINT (76.93379791125246 43.30384974702246)", "bbox": [76.93368838081376, 43.30382632470811, 76.93390744169467, 43.30387316933494], "pixel_bbox": [3058, 3143, 3384, 3213], "area_m2": 80.165}}, {"type": "Feature", "geometry": {"type": "Polygon", "coordinates": [[[76.9351566042864, 43.303911539207135], [76.93516969259915, 43.30385457435005], [76.93511750735779, 43.303848224540666], [76.93510441904503, 43.303905189403714], [76.9351566042864, 43.303911539207135]]]}, "properties": {"id": 139, "class": "building", "confidence": 100.0, "source": "Almaty_10", "source_model": "msft-buildings", "centroid_wkt": "POINT (76.93513705582167 43.30387988187521)", "bbox": [76.93510441904503, 43.303848224540666, 76.93516969259915, 43.303911539207135], "pixel_bbox": [5170, 3085, 5267, 3180], "area_m2": 27.546}}, {"type": "Feature", "geometry": {"type": "Polygon", "coordinates": [[[76.93313129653642, 43.30335517171449], [76.93313500739775, 43.30331526998981], [76.93308160756088, 43.303312642640975], [76.93308259520289, 43.30330202283252], [76.93295977615715, 43.30329597370166], [76.9329550779056, 43.30334649253413], [76.93313129653642, 43.30335517171449]]]}, "properties": {"id": 140, "class": "building", "confidence": 100.0, "source": "Almaty_10", "source_model": "msft-buildings", "centroid_wkt": "POINT (76.93304123275392 43.303326724098724)", "bbox": [76.9329550779056, 43.30329597370166, 76.93313500739775, 43.30335517171449], "pixel_bbox": [1964, 3915, 2233, 4003], "area_m2": 75.482}}, {"type": "Feature", "geometry": {"type": "Polygon", "coordinates": [[[76.93447219011266, 43.30470864980894], [76.93434347459633, 43.30471009207138], [76.93434438296804, 43.30475302340124], [76.93447309848432, 43.3047515811398], [76.93447219011266, 43.30470864980894]]]}, "properties": {"id": 141, "class": "building", "confidence": 100.0, "source": "Almaty_10", "source_model": "msft-buildings", "centroid_wkt": "POINT (76.93440828654057 43.30473083660533)", "bbox": [76.93434347459633, 43.30470864980894, 76.93447309848432, 43.30475302340124], "pixel_bbox": [4035, 1831, 4228, 1897], "area_m2": 49.824}}, {"type": "Feature", "geometry": {"type": "Polygon", "coordinates": [[[76.93455256472623, 43.304061156402796], [76.93477086584836, 43.30406584846482], [76.93477355060179, 43.30399954125773], [76.93469583417425, 43.30399787085548], [76.93469753793303, 43.30395579191032], [76.93455696336304, 43.30395277762077], [76.93455256472623, 43.304061156402796]]]}, "properties": {"id": 142, "class": "building", "confidence": 100.0, "source": "Almaty_10", "source_model": "msft-buildings", "centroid_wkt": "POINT (76.93465242471066 43.30401438639555)", "bbox": [76.93455256472623, 43.30395277762077, 76.93477355060179, 43.30406584846482], "pixel_bbox": [4347, 2855, 4676, 3024], "area_m2": 183.957}}, {"type": "Feature", "geometry": {"type": "Polygon", "coordinates": [[[76.9354673292534, 43.305720565515465], [76.93547642848564, 43.30568672834233], [76.93535243246271, 43.305669064547374], [76.9353433332305, 43.30570290173034], [76.9354673292534, 43.305720565515465]]]}, "properties": {"id": 143, "class": "building", "confidence": 100.0, "source": "Almaty_10", "source_model": "msft-buildings", "centroid_wkt": "POINT (76.93540988085519 43.3056948150334)", "bbox": [76.9353433332305, 43.305669064547374, 76.93547642848564, 43.305720565515465], "pixel_bbox": [5526, 388, 5724, 464], "area_m2": 39.269}}, {"type": "Feature", "geometry": {"type": "Polygon", "coordinates": [[[76.9327601145523, 43.304726297474396], [76.93293692468939, 43.30473079111445], [76.93293931335354, 43.30468101876223], [76.9327625027848, 43.30467653411286], [76.9327601145523, 43.304726297474396]]]}, "properties": {"id": 144, "class": "building", "confidence": 100.0, "source": "Almaty_10", "source_model": "msft-buildings", "centroid_wkt": "POINT (76.93284971650678 43.30470366043355)", "bbox": [76.9327601145523, 43.30467653411286, 76.93293931335354, 43.30473079111445], "pixel_bbox": [1673, 1864, 1941, 1945], "area_m2": 79.417}}, {"type": "Feature", "geometry": {"type": "Polygon", "coordinates": [[[76.93323058078799, 43.30430690412903], [76.93321850915653, 43.30433968473322], [76.93334981771045, 43.30436528580864], [76.93336188640033, 43.30433250464474], [76.93323058078799, 43.30430690412903]]]}, "properties": {"id": 145, "class": "building", "confidence": 100.0, "source": "Almaty_10", "source_model": "msft-buildings", "centroid_wkt": "POINT (76.93329019848704 43.30433609488917)", "bbox": [76.93321850915653, 43.30430690412903, 76.93336188640033, 43.30436528580864], "pixel_bbox": [2357, 2409, 2571, 2496], "area_m2": 41.586}}, {"type": "Feature", "geometry": {"type": "Polygon", "coordinates": [[[76.9339813801613, 43.30298228229022], [76.93405214562551, 43.30299015774829], [76.93406791951007, 43.302915059030056], [76.93399549986246, 43.302915059030056], [76.9339813801613, 43.30298228229022]]]}, "properties": {"id": 146, "class": "building", "confidence": 100.0, "source": "Almaty_10", "source_model": "msft-buildings", "centroid_wkt": "POINT (76.93402489655831 43.30295067584014)", "bbox": [76.9339813801613, 43.302915059030056, 76.93406791951007, 43.30299015774829], "pixel_bbox": [3495, 4460, 3624, 4572], "area_m2": 46.456}}, {"type": "Feature", "geometry": {"type": "Polygon", "coordinates": [[[76.9351158228007, 43.30298132716793], [76.93491812896742, 43.30297223465428], [76.93490951808046, 43.3030713876381], [76.93510721191376, 43.30308048013692], [76.9351158228007, 43.30298132716793]]]}, "properties": {"id": 147, "class": "building", "confidence": 100.0, "source": "Almaty_10", "source_model": "msft-buildings", "centroid_wkt": "POINT (76.93501267043816 43.30302635739914)", "bbox": [76.93490951808046, 43.30297223465428, 76.9351158228007, 43.30308048013692], "pixel_bbox": [4879, 4325, 5187, 4486], "area_m2": 177.406}}, {"type": "Feature", "geometry": {"type": "Polygon", "coordinates": [[[76.9352145114535, 43.3030936675771], [76.93525513369175, 43.30297495315932], [76.93515052418242, 43.30295599569361], [76.93510989291116, 43.30307470318287], [76.9352145114535, 43.3030936675771]]]}, "properties": {"id": 148, "class": "building", "confidence": 100.0, "source": "Almaty_10", "source_model": "msft-buildings", "centroid_wkt": "POINT (76.93518251557808 43.30302483098496)", "bbox": [76.93510989291116, 43.30295599569361, 76.93525513369175, 43.3030936675771], "pixel_bbox": [5178, 4305, 5394, 4510], "area_m2": 118.893}}, {"type": "Feature", "geometry": {"type": "Polygon", "coordinates": [[[76.93664217203653, 43.30546890439523], [76.93664840580767, 43.30539624121047], [76.936522831411, 43.305390536261285], [76.93651966220654, 43.305427477716435], [76.93655172375463, 43.30542893429837], [76.93654865878091, 43.30546466077821], [76.93664217203653, 43.30546890439523]]]}, "properties": {"id": 149, "class": "building", "confidence": 100.0, "source": "Almaty_10", "source_model": "msft-buildings", "centroid_wkt": "POINT (76.93658943995976 43.30542737514668)", "bbox": [76.93651966220654, 43.305390536261285, 76.93664840580767, 43.30546890439523], "pixel_bbox": [7280, 763, 7472, 880], "area_m2": 72.209}}, {"type": "Feature", "geometry": {"type": "Polygon", "coordinates": [[[76.93180502691509, 43.30364935591553], [76.93183086578017, 43.30354137062243], [76.93163763731718, 43.3035168844658], [76.93163763731718, 43.30362814413042], [76.93180502691509, 43.30364935591553]]]}, "properties": {"id": 150, "class": "building", "confidence": 100.0, "source": "Almaty_10", "source_model": "msft-buildings", "centroid_wkt": "POINT (76.93172794610999 43.303582629678075)", "bbox": [76.93163763731718, 43.3035168844658, 76.93183086578017, 43.30364935591553], "pixel_bbox": [0, 3476, 288, 3674], "area_m2": 180.838}}, {"type": "Feature", "geometry": {"type": "Polygon", "coordinates": [[[76.93298470763555, 43.30529010124692], [76.93297600382033, 43.305347964407936], [76.93314828445341, 43.30536167895717], [76.93315712277575, 43.30530292160286], [76.93318627773913, 43.30530524399585], [76.93319223612343, 43.305265632500024], [76.93307429608633, 43.305256243766564], [76.93307646072576, 43.305241843971075], [76.9329439371618, 43.30523128754766], [76.93293568269856, 43.305286198569995], [76.93298470763555, 43.30529010124692]]]}, "properties": {"id": 151, "class": "building", "confidence": 100.0, "source": "Almaty_10", "source_model": "msft-buildings", "centroid_wkt": "POINT (76.93306022152906 43.30529574036326)", "bbox": [76.93293568269856, 43.30523128754766, 76.93319223612343, 43.30536167895717], "pixel_bbox": [1935, 923, 2318, 1117], "area_m2": 200.651}}, {"type": "Feature", "geometry": {"type": "Polygon", "coordinates": [[[76.93336766677191, 43.304113097290795], [76.93336096214777, 43.304203515851356], [76.93351072975493, 43.30420939705983], [76.93351743381508, 43.304118986113885], [76.93336766677191, 43.304113097290795]]]}, "properties": {"id": 152, "class": "building", "confidence": 100.0, "source": "Almaty_10", "source_model": "msft-buildings", "centroid_wkt": "POINT (76.93343919707132 43.304161249037634)", "bbox": [76.93336096214777, 43.304113097290795, 76.93351743381508, 43.30420939705983], "pixel_bbox": [2570, 2641, 2803, 2785], "area_m2": 122.42}}, {"type": "Feature", "geometry": {"type": "Polygon", "coordinates": [[[76.93489019341715, 43.30540442450273], [76.9347086219622, 43.3053860770806], [76.93469912155858, 43.30543586557254], [76.93488069301353, 43.30545421297963], [76.93489019341715, 43.30540442450273]]]}, "properties": {"id": 153, "class": "building", "confidence": 100.0, "source": "Almaty_10", "source_model": "msft-buildings", "centroid_wkt": "POINT (76.93479465748338 43.305420145033345)", "bbox": [76.93469912155858, 43.3053860770806, 76.93489019341715, 43.30545421297963], "pixel_bbox": [4565, 785, 4850, 886], "area_m2": 83.06}}, {"type": "Feature", "geometry": {"type": "Polygon", "coordinates": [[[76.93467040462434, 43.30361492955975], [76.93477208485942, 43.303618554769166], [76.93477451690339, 43.30358237750158], [76.93487768964474, 43.303586050670454], [76.93487931764635, 43.30356186832076], [76.93467446270218, 43.30355456461235], [76.93467040462434, 43.30361492955975]]]}, "properties": {"id": 154, "class": "building", "confidence": 100.0, "source": "Almaty_10", "source_model": "msft-buildings", "centroid_wkt": "POINT (76.93475322929883 43.30358238659514)", "bbox": [76.93467040462434, 43.30355456461235, 76.93487931764635, 43.303618554769166], "pixel_bbox": [4522, 3522, 4834, 3618], "area_m2": 78.009}}, {"type": "Feature", "geometry": {"type": "Polygon", "coordinates": [[[76.93646545569378, 43.30446689209979], [76.93647021241622, 43.304407801568644], [76.93641266657198, 43.30440534837236], [76.93641579460558, 43.304366443764714], [76.93635573059541, 43.304363883216524], [76.93634784162988, 43.30446188417272], [76.93646545569378, 43.30446689209979]]]}, "properties": {"id": 155, "class": "building", "confidence": 100.0, "source": "Almaty_10", "source_model": "msft-buildings", "centroid_wkt": "POINT (76.93640277872754 43.30442220347767)", "bbox": [76.93634784162988, 43.304363883216524, 76.93647021241622, 43.30446689209979], "pixel_bbox": [7024, 2257, 7206, 2411], "area_m2": 84.003}}, {"type": "Feature", "geometry": {"type": "Polygon", "coordinates": [[[76.93177763766317, 43.30351347851919], [76.93180179615763, 43.30342727544299], [76.93163763731718, 43.30340291115162], [76.93163763731718, 43.30349269983693], [76.93177763766317, 43.30351347851919]]]}, "properties": {"id": 156, "class": "building", "confidence": 100.0, "source": "Almaty_10", "source_model": "msft-buildings", "centroid_wkt": "POINT (76.93171383701267 43.303457926359954)", "bbox": [76.93163763731718, 43.30340291115162, 76.93180179615763, 43.30351347851919], "pixel_bbox": [0, 3679, 244, 3844], "area_m2": 123.092}}, {"type": "Feature", "geometry": {"type": "Polygon", "coordinates": [[[76.93198193572437, 43.30579495326908], [76.93197517529526, 43.30583732279107], [76.93178865458299, 43.305821562792964], [76.93178328033227, 43.30585526504523], [76.93201353203594, 43.30587470833884], [76.93202596795922, 43.30579672190586], [76.93214506271364, 43.30580678477737], [76.93215734709231, 43.30572974860446], [76.93173919217686, 43.30569441669242], [76.93173566020131, 43.30571656597362], [76.93169066848911, 43.30571276669995], [76.9316708605057, 43.30583698389562], [76.93177142940942, 43.30584548142603], [76.93178217824077, 43.30577807482298], [76.93198193572437, 43.30579495326908]]]}, "properties": {"id": 157, "class": "building", "confidence": 100.0, "source": "Almaty_10", "source_model": "msft-buildings", "centroid_wkt": "POINT (76.9318975395294 43.305775112309156)", "bbox": [76.9316708605057, 43.30569441669242, 76.93215734709231, 43.30587470833884], "pixel_bbox": [49, 158, 775, 427], "area_m2": 472.628}}, {"type": "Feature", "geometry": {"type": "Polygon", "coordinates": [[[76.93173265299639, 43.30425295265487], [76.9317364914459, 43.304192572886095], [76.93163763731718, 43.304189244829566], [76.93163763731718, 43.304249753828046], [76.93173265299639, 43.30425295265487]]]}, "properties": {"id": 158, "class": "building", "confidence": 100.0, "source": "Almaty_10", "source_model": "msft-buildings", "centroid_wkt": "POINT (76.9316861111019 43.30422093159212)", "bbox": [76.93163763731718, 43.304189244829566, 76.9317364914459, 43.30425295265487], "pixel_bbox": [0, 2576, 147, 2671], "area_m2": 52.873}}, {"type": "Feature", "geometry": {"type": "Polygon", "coordinates": [[[76.93468763842769, 43.30344479878055], [76.93486341280031, 43.30344209505718], [76.93486114609988, 43.303364052747476], [76.93468536422499, 43.303366756589725], [76.93468763842769, 43.30344479878055]]]}, "properties": {"id": 159, "class": "building", "confidence": 100.0, "source": "Almaty_10", "source_model": "msft-buildings", "centroid_wkt": "POINT (76.9347743903808 43.30340442551614)", "bbox": [76.93468536422499, 43.303364052747476, 76.93486341280031, 43.30344479878055], "pixel_bbox": [4545, 3781, 4810, 3902], "area_m2": 123.716}}, {"type": "Feature", "geometry": {"type": "Polygon", "coordinates": [[[76.93184759644679, 43.30362333307227], [76.93184396073453, 43.30366708699117], [76.93195353064424, 43.30367190872448], [76.93195716589446, 43.30362816036942], [76.93184759644679, 43.30362333307227]]]}, "properties": {"id": 160, "class": "building", "confidence": 100.0, "source": "Almaty_10", "source_model": "msft-buildings", "centroid_wkt": "POINT (76.93190056226885 43.3036476222382)", "bbox": [76.93184396073453, 43.30362333307227, 76.93195716589446, 43.30367190872448], "pixel_bbox": [307, 3443, 476, 3515], "area_m2": 43.371}}, {"type": "Feature", "geometry": {"type": "Polygon", "coordinates": [[[76.93296564088828, 43.30375522564576], [76.93290671723653, 43.30375685226709], [76.93290905835396, 43.30380168173741], [76.9329679820057, 43.30380005511727], [76.93296564088828, 43.30375522564576]]]}, "properties": {"id": 161, "class": "building", "confidence": 100.0, "source": "Almaty_10", "source_model": "msft-buildings", "centroid_wkt": "POINT (76.93293734962126 43.303778453691876)", "bbox": [76.93290671723653, 43.30375522564576, 76.9329679820057, 43.30380168173741], "pixel_bbox": [1892, 3249, 1983, 3319], "area_m2": 23.846}}, {"type": "Feature", "geometry": {"type": "Polygon", "coordinates": [[[76.93367004664542, 43.30514642218651], [76.93369256368833, 43.30501862631764], [76.93346034699238, 43.30499695888322], [76.93343783199963, 43.30512474316186], [76.93367004664542, 43.30514642218651]]]}, "properties": {"id": 162, "class": "building", "confidence": 100.0, "source": "Almaty_10", "source_model": "msft-buildings", "centroid_wkt": "POINT (76.93356519908671 43.30507168780076)", "bbox": [76.93343783199963, 43.30499695888322, 76.93369256368833, 43.30514642218651], "pixel_bbox": [2684, 1244, 3064, 1467], "area_m2": 271.892}}, {"type": "Feature", "geometry": {"type": "Polygon", "coordinates": [[[76.9368491839041, 43.30436544974076], [76.93673163829321, 43.304360031626175], [76.9367284232673, 43.30439696949707], [76.93685252219439, 43.304402689674774], [76.93685252219439, 43.30432709563171], [76.9368491839041, 43.30436544974076]]]}, "properties": {"id": 163, "class": "building", "confidence": 100.0, "source": "Almaty_10", "source_model": "msft-buildings", "centroid_wkt": "POINT (76.93679211197535 43.30438100430829)", "bbox": [76.9367284232673, 43.30432709563171, 76.93685252219439, 43.304402689674774], "pixel_bbox": [7591, 2353, 7777, 2466], "area_m2": 41.529}}, {"type": "Feature", "geometry": {"type": "Polygon", "coordinates": [[[76.93176723913082, 43.30303374431994], [76.93179466862826, 43.302940416655055], [76.93173567653945, 43.3029312343756], [76.93170824704201, 43.303024562054574], [76.93176723913082, 43.30303374431994]]]}, "properties": {"id": 164, "class": "building", "confidence": 100.0, "source": "Almaty_10", "source_model": "msft-buildings", "centroid_wkt": "POINT (76.93175145783458 43.302982489350654)", "bbox": [76.93170824704201, 43.3029312343756, 76.93179466862826, 43.30303374431994], "pixel_bbox": [105, 4395, 234, 4547], "area_m2": 51.9}}, {"type": "Feature", "geometry": {"type": "Polygon", "coordinates": [[[76.93249738593548, 43.30381189825155], [76.93252963320941, 43.30367942099024], [76.93231262658023, 43.30365144642692], [76.93228036695318, 43.30378392215674], [76.93249738593548, 43.30381189825155]]]}, "properties": {"id": 165, "class": "building", "confidence": 100.0, "source": "Almaty_10", "source_model": "msft-buildings", "centroid_wkt": "POINT (76.93240500300868 43.30373167258301)", "bbox": [76.93228036695318, 43.30365144642692, 76.93252963320941, 43.30381189825155], "pixel_bbox": [958, 3234, 1330, 3473], "area_m2": 267.288}}, {"type": "Feature", "geometry": {"type": "Polygon", "coordinates": [[[76.93303603643956, 43.30352611786507], [76.93303348594958, 43.30357771224157], [76.93319956797407, 43.30358206019146], [76.93320525355216, 43.30346704543344], [76.93310078260127, 43.30346431042758], [76.93309764735825, 43.3035277339496], [76.93303603643956, 43.30352611786507]]]}, "properties": {"id": 166, "class": "building", "confidence": 100.0, "source": "Almaty_10", "source_model": "msft-buildings", "centroid_wkt": "POINT (76.93313247498165 43.303529364492476)", "bbox": [76.93303348594958, 43.30346431042758, 76.93320525355216, 43.30358206019146], "pixel_bbox": [2081, 3577, 2337, 3752], "area_m2": 137.145}}, {"type": "Feature", "geometry": {"type": "Polygon", "coordinates": [[[76.93549544822534, 43.3040191840567], [76.93550762787315, 43.30397205315404], [76.93546358786224, 43.303966026016745], [76.93547674188187, 43.303915124595775], [76.93531612537159, 43.30389314324804], [76.93530784321106, 43.30392519230743], [76.93528193732232, 43.30392164692989], [76.93525903958444, 43.30401025307012], [76.93540152197261, 43.30402975261563], [76.93540736820356, 43.304007129790854], [76.93549544822534, 43.3040191840567]]]}, "properties": {"id": 167, "class": "building", "confidence": 100.0, "source": "Almaty_10", "source_model": "msft-buildings", "centroid_wkt": "POINT (76.93537802134517 43.30396486226634)", "bbox": [76.93525903958444, 43.30389314324804, 76.93550762787315, 43.30402975261563], "pixel_bbox": [5400, 2909, 5771, 3113], "area_m2": 212.365}}, {"type": "Feature", "geometry": {"type": "Polygon", "coordinates": [[[76.93226507368684, 43.30474926802943], [76.93220057049554, 43.30473993127933], [76.93218439878112, 43.30479909631835], [76.93224890110865, 43.304808436219574], [76.93226507368684, 43.30474926802943]]]}, "properties": {"id": 168, "class": "building", "confidence": 100.0, "source": "Almaty_10", "source_model": "msft-buildings", "centroid_wkt": "POINT (76.93222473630439 43.304774183002934)", "bbox": [76.93218439878112, 43.30473993127933, 76.93226507368684, 43.304808436219574], "pixel_bbox": [815, 1748, 935, 1850], "area_m2": 35.763}}, {"type": "Feature", "geometry": {"type": "Polygon", "coordinates": [[[76.93588634982511, 43.303069539630414], [76.93587541335182, 43.30311297592882], [76.93588060351793, 43.30311366800357], [76.93586443655744, 43.30317787812628], [76.93612394486124, 43.303212481817674], [76.93612917534844, 43.30319170797371], [76.93616698987991, 43.30319675028787], [76.93617793039485, 43.30315331458823], [76.93606485441363, 43.30313823665245], [76.93607579088687, 43.30309480037208], [76.93588634982511, 43.303069539630414]]]}, "properties": {"id": 169, "class": "building", "confidence": 100.0, "source": "Almaty_10", "source_model": "msft-buildings", "centroid_wkt": "POINT (76.9360033677075 43.30314530447699)", "bbox": [76.93586443655744, 43.303069539630414, 76.93617793039485, 43.303212481817674], "pixel_bbox": [6303, 4128, 6770, 4341], "area_m2": 247.222}}, {"type": "Feature", "geometry": {"type": "Polygon", "coordinates": [[[76.9325977292738, 43.3053535825409], [76.93274486825871, 43.30535903817487], [76.93275005512142, 43.3052850595185], [76.93260291613646, 43.30527960387789], [76.9325977292738, 43.3053535825409]]]}, "properties": {"id": 170, "class": "building", "confidence": 100.0, "source": "Almaty_10", "source_model": "msft-buildings", "centroid_wkt": "POINT (76.9326738921965 43.30531932102799)", "bbox": [76.9325977292738, 43.30527960387789, 76.93275005512142, 43.30535903817487], "pixel_bbox": [1431, 927, 1658, 1045], "area_m2": 98.375}}, {"type": "Feature", "geometry": {"type": "Polygon", "coordinates": [[[76.93360421553557, 43.30294937303692], [76.93353298160466, 43.302940037699585], [76.9335137927974, 43.303017552636156], [76.93363959109197, 43.303034038711445], [76.93366412966739, 43.30293487438261], [76.93360957319041, 43.302927721875896], [76.93360421553557, 43.30294937303692]]]}, "properties": {"id": 171, "class": "building", "confidence": 100.0, "source": "Almaty_10", "source_model": "msft-buildings", "centroid_wkt": "POINT (76.93359145838583 43.30298218555049)", "bbox": [76.9335137927974, 43.302927721875896, 76.93366412966739, 43.303034038711445], "pixel_bbox": [2797, 4394, 3022, 4553], "area_m2": 101.744}}, {"type": "Feature", "geometry": {"type": "Polygon", "coordinates": [[[76.93504117131042, 43.30505510515016], [76.93503644574972, 43.30511933291482], [76.93518622009864, 43.30512516852991], [76.93519094565939, 43.30506094077142], [76.93504117131042, 43.30505510515016]]]}, "properties": {"id": 172, "class": "building", "confidence": 100.0, "source": "Almaty_10", "source_model": "msft-buildings", "centroid_wkt": "POINT (76.93511369570334 43.305090136841514)", "bbox": [76.93503644574972, 43.30505510515016, 76.93519094565939, 43.30512516852991], "pixel_bbox": [5068, 1276, 5299, 1380], "area_m2": 86.962}}, {"type": "Feature", "geometry": {"type": "Polygon", "coordinates": [[[76.93612163246884, 43.304873319712684], [76.93619105256815, 43.304883820725365], [76.93620420851516, 43.304837763456696], [76.93613478744771, 43.30482726582536], [76.93612163246884, 43.304873319712684]]]}, "properties": {"id": 173, "class": "building", "confidence": 100.0, "source": "Almaty_10", "source_model": "msft-buildings", "centroid_wkt": "POINT (76.93616292067476 43.30485554249414)", "bbox": [76.93612163246884, 43.30482726582536, 76.93620420851516, 43.304883820725365], "pixel_bbox": [6687, 1635, 6810, 1720], "area_m2": 30.065}}, {"type": "Feature", "geometry": {"type": "Polygon", "coordinates": [[[76.93245065276982, 43.305237102528295], [76.93244553063731, 43.30531891120271], [76.9325044169899, 43.305320863662025], [76.93250953912242, 43.30523905499025], [76.93245065276982, 43.305237102528295]]]}, "properties": {"id": 174, "class": "building", "confidence": 100.0, "source": "Almaty_10", "source_model": "msft-buildings", "centroid_wkt": "POINT (76.93247753487971 43.3052789830958)", "bbox": [76.93244553063731, 43.305237102528295, 76.93250953912242, 43.305320863662025], "pixel_bbox": [1204, 984, 1300, 1109], "area_m2": 43.515}}, {"type": "Feature", "geometry": {"type": "Polygon", "coordinates": [[[76.93292217200448, 43.30412500946424], [76.9330442506745, 43.30414338919054], [76.9330687210475, 43.30405728564196], [76.93294665031861, 43.304038907085214], [76.93292217200448, 43.30412500946424]]]}, "properties": {"id": 175, "class": "building", "confidence": 100.0, "source": "Almaty_10", "source_model": "msft-buildings", "centroid_wkt": "POINT (76.93299544837576 43.304091148311386)", "bbox": [76.93292217200448, 43.304038907085214, 76.9330687210475, 43.30414338919054], "pixel_bbox": [1915, 2740, 2134, 2895], "area_m2": 98.804}}, {"type": "Feature", "geometry": {"type": "Polygon", "coordinates": [[[76.93437845890726, 43.30592522866279], [76.93442846635617, 43.305930256299106], [76.93442155743233, 43.305966646797295], [76.93454526006911, 43.305979083572666], [76.93457798655055, 43.305806707371104], [76.93440427646487, 43.30578924291289], [76.93437845890726, 43.30592522866279]]]}, "properties": {"id": 176, "class": "building", "confidence": 100.0, "source": "Almaty_10", "source_model": "msft-buildings", "centroid_wkt": "POINT (76.93447960575661 43.30588016602102)", "bbox": [76.93437845890726, 43.30578924291289, 76.93457798655055, 43.305979083572666], "pixel_bbox": [4087, 2, 4384, 285], "area_m2": 258.347}}, {"type": "Feature", "geometry": {"type": "Polygon", "coordinates": [[[76.93630580031825, 43.30473362443061], [76.93641084687063, 43.304747829286], [76.93642222712545, 43.3047032615123], [76.93631717510961, 43.30468906125821], [76.93630580031825, 43.30473362443061]]]}, "properties": {"id": 177, "class": "building", "confidence": 100.0, "source": "Almaty_10", "source_model": "msft-buildings", "centroid_wkt": "POINT (76.93636401340736 43.304718444112304)", "bbox": [76.93630580031825, 43.30468906125821, 76.93642222712545, 43.304747829286], "pixel_bbox": [6961, 1838, 7135, 1926], "area_m2": 43.657}}, {"type": "Feature", "geometry": {"type": "Polygon", "coordinates": [[[76.93302822096338, 43.30571665190974], [76.93285291680662, 43.30569965215192], [76.93283219652469, 43.305812802223315], [76.93316300197353, 43.30584488133345], [76.93319583453363, 43.30566549387247], [76.93304034251005, 43.30565042326221], [76.93302822096338, 43.30571665190974]]]}, "properties": {"id": 178, "class": "building", "confidence": 100.0, "source": "Almaty_10", "source_model": "msft-buildings", "centroid_wkt": "POINT (76.93303041245989 43.305754747930514)", "bbox": [76.93283219652469, 43.30565042326221, 76.93319583453363, 43.30584488133345], "pixel_bbox": [1781, 202, 2323, 492], "area_m2": 437.867}}, {"type": "Feature", "geometry": {"type": "Polygon", "coordinates": [[[76.93370733919754, 43.303700612269026], [76.93371934505589, 43.30366571309075], [76.93365876867023, 43.303654676866806], [76.93364676281188, 43.303689576051404], [76.93370733919754, 43.303700612269026]]]}, "properties": {"id": 179, "class": "building", "confidence": 100.0, "source": "Almaty_10", "source_model": "msft-buildings", "centroid_wkt": "POINT (76.93368305393305 43.303677644569234)", "bbox": [76.93364676281188, 43.303654676866806, 76.93371934505589, 43.303700612269026], "pixel_bbox": [2996, 3400, 3104, 3469], "area_m2": 20.251}}, {"type": "Feature", "geometry": {"type": "Polygon", "coordinates": [[[76.9340394072737, 43.304956207947846], [76.93404614054796, 43.30492177129906], [76.93399881884469, 43.304916871401964], [76.93402575194175, 43.30477912460066], [76.93380627305078, 43.30475639873526], [76.93379541976773, 43.304811879602504], [76.9338742885034, 43.304820046031836], [76.93386979748972, 43.3048430036142], [76.93381984729051, 43.30483783154436], [76.93380150898467, 43.30493157492362], [76.9340394072737, 43.304956207947846]]]}, "properties": {"id": 180, "class": "building", "confidence": 100.0, "source": "Almaty_10", "source_model": "msft-buildings", "centroid_wkt": "POINT (76.9339162262753 43.30485680523928)", "bbox": [76.93379541976773, 43.30475639873526, 76.93404614054796, 43.304956207947846], "pixel_bbox": [3217, 1528, 3591, 1825], "area_m2": 320.964}}, {"type": "Feature", "geometry": {"type": "Polygon", "coordinates": [[[76.9363574306382, 43.30427031018618], [76.93637347435859, 43.304184054913165], [76.93619173180203, 43.30416615266261], [76.93617568808168, 43.30425240796103], [76.9363574306382, 43.30427031018618]]]}, "properties": {"id": 181, "class": "building", "confidence": 100.0, "source": "Almaty_10", "source_model": "msft-buildings", "centroid_wkt": "POINT (76.93627458121577 43.30421823143012)", "bbox": [76.93617568808168, 43.30416615266261, 76.93637347435859, 43.30427031018618], "pixel_bbox": [6767, 2550, 7062, 2706], "area_m2": 143.899}}, {"type": "Feature", "geometry": {"type": "Polygon", "coordinates": [[[76.93650907461237, 43.305915688571595], [76.93646191198489, 43.30591040648723], [76.93646755754854, 43.30588371288459], [76.93632606966605, 43.305867866621746], [76.93631719806596, 43.30590981371727], [76.9363617405475, 43.30591480235259], [76.9363508526747, 43.30596628283512], [76.93648068723937, 43.30598082393408], [76.93649529879663, 43.30598082393408], [76.93650907461237, 43.305915688571595]]]}, "properties": {"id": 182, "class": "building", "confidence": 100.0, "source": "Almaty_10", "source_model": "msft-buildings", "centroid_wkt": "POINT (76.93641595826716 43.30592527272255)", "bbox": [76.93631719806596, 43.305867866621746, 76.93650907461237, 43.30598082393408], "pixel_bbox": [6978, 0, 7264, 168], "area_m2": 129.755}}, {"type": "Feature", "geometry": {"type": "Polygon", "coordinates": [[[76.93292064264072, 43.303816385275105], [76.9329049628015, 43.30386648828911], [76.93309365913157, 43.30389776187091], [76.93310933897081, 43.30384765888266], [76.93292064264072, 43.303816385275105]]]}, "properties": {"id": 183, "class": "building", "confidence": 100.0, "source": "Almaty_10", "source_model": "msft-buildings", "centroid_wkt": "POINT (76.93300715087854 43.303857073578)", "bbox": [76.9329049628015, 43.303816385275105, 76.93310933897081, 43.30389776187091], "pixel_bbox": [1889, 3106, 2194, 3227], "area_m2": 89.644}}, {"type": "Feature", "geometry": {"type": "Polygon", "coordinates": [[[76.93614500332909, 43.303673615527686], [76.93626849758631, 43.30368657904401], [76.93627873096905, 43.30363495139925], [76.9362472005204, 43.303631641562745], [76.93626221608015, 43.30355588764483], [76.93617025136207, 43.30354623853052], [76.93614500332909, 43.303673615527686]]]}, "properties": {"id": 184, "class": "building", "confidence": 100.0, "source": "Almaty_10", "source_model": "msft-buildings", "centroid_wkt": "POINT (76.93621022736838 43.303620164721266)", "bbox": [76.93614500332909, 43.30354623853052, 76.93627873096905, 43.30368657904401], "pixel_bbox": [6721, 3421, 6921, 3630], "area_m2": 122.773}}, {"type": "Feature", "geometry": {"type": "Polygon", "coordinates": [[[76.9366097245203, 43.30575225123739], [76.93638491183052, 43.30574459121166], [76.93637726773603, 43.30586339374563], [76.93660208042579, 43.30587105375638], [76.9366097245203, 43.30575225123739]]]}, "properties": {"id": 185, "class": "building", "confidence": 100.0, "source": "Almaty_10", "source_model": "msft-buildings", "centroid_wkt": "POINT (76.9364934961258 43.30580782248763)", "bbox": [76.93637726773603, 43.30574459121166, 76.9366097245203, 43.30587105375638], "pixel_bbox": [7068, 163, 7414, 352], "area_m2": 241.278}}, {"type": "Feature", "geometry": {"type": "Polygon", "coordinates": [[[76.93298261586803, 43.30394400922916], [76.93299096951637, 43.30390996018575], [76.9328881743091, 43.30389660408166], [76.93287472076634, 43.303951461540784], [76.93291772582357, 43.3039570491509], [76.9329042671679, 43.30401190589117], [76.93307062553207, 43.30403352066609], [76.93308918919507, 43.30395785621069], [76.93298261586803, 43.30394400922916]]]}, "properties": {"id": 186, "class": "building", "confidence": 100.0, "source": "Almaty_10", "source_model": "msft-buildings", "centroid_wkt": "POINT (76.93297892620653 43.303969410366584)", "bbox": [76.93287472076634, 43.30389660408166, 76.93308918919507, 43.30403352066609], "pixel_bbox": [1844, 2904, 2164, 3108], "area_m2": 157.964}}, {"type": "Feature", "geometry": {"type": "Polygon", "coordinates": [[[76.93509181345006, 43.30439750083564], [76.93508658798012, 43.30443221819698], [76.93528006652268, 43.30444765001885], [76.9352834316873, 43.304425292298575], [76.93537089525265, 43.304432263927055], [76.93538407674691, 43.304344687708216], [76.93521180133229, 43.30433094702183], [76.9352004794808, 43.3044061680287], [76.93509181345006, 43.30439750083564]]]}, "properties": {"id": 187, "class": "building", "confidence": 100.0, "source": "Almaty_10", "source_model": "msft-buildings", "centroid_wkt": "POINT (76.93525973074446 43.30439314158359)", "bbox": [76.93508658798012, 43.30433094702183, 76.93538407674691, 43.30444765001885], "pixel_bbox": [5143, 2286, 5587, 2460], "area_m2": 189.351}}, {"type": "Feature", "geometry": {"type": "Polygon", "coordinates": [[[76.93404912745169, 43.30467538986255], [76.93393440730131, 43.30466927815777], [76.93392659477512, 43.304746937446], [76.93404131492545, 43.30475304914297], [76.93404912745169, 43.30467538986255]]]}, "properties": {"id": 188, "class": "building", "confidence": 100.0, "source": "Almaty_10", "source_model": "msft-buildings", "centroid_wkt": "POINT (76.93398786111243 43.30471116365222)", "bbox": [76.93392659477512, 43.30466927815777, 76.93404912745169, 43.30475304914297], "pixel_bbox": [3413, 1830, 3596, 1955], "area_m2": 80.739}}, {"type": "Feature", "geometry": {"type": "Polygon", "coordinates": [[[76.93502583378897, 43.3031455179879], [76.93503374763735, 43.30310934776205], [76.93495527009037, 43.303100258302635], [76.93494735624199, 43.3031364285339], [76.93502583378897, 43.3031455179879]]]}, "properties": {"id": 189, "class": "building", "confidence": 100.0, "source": "Almaty_10", "source_model": "msft-buildings", "centroid_wkt": "POINT (76.93499055193874 43.30312288814646)", "bbox": [76.93494735624199, 43.303100258302635, 76.93503374763735, 43.3031455179879], "pixel_bbox": [4935, 4228, 5064, 4295], "area_m2": 26.236}}, {"type": "Feature", "geometry": {"type": "Polygon", "coordinates": [[[76.93663595204265, 43.305062098180684], [76.93658515818849, 43.305059971652284], [76.93658039037084, 43.305120280175515], [76.93670603832591, 43.305125540529865], [76.93670988334014, 43.305076904632905], [76.93668314973264, 43.30507578540774], [76.93668607194348, 43.30503882209934], [76.93663795145005, 43.30503680749273], [76.93663595204265, 43.305062098180684]]]}, "properties": {"id": 190, "class": "building", "confidence": 100.0, "source": "Almaty_10", "source_model": "msft-buildings", "centroid_wkt": "POINT (76.936645919553 43.30508750629739)", "bbox": [76.93658039037084, 43.30503680749273, 76.93670988334014, 43.305125540529865], "pixel_bbox": [7371, 1275, 7564, 1407], "area_m2": 76.716}}, {"type": "Feature", "geometry": {"type": "Polygon", "coordinates": [[[76.93370137828458, 43.30539480696777], [76.93369923134492, 43.30542899193985], [76.93391472237637, 43.305436158783436], [76.93391686672183, 43.30540196275397], [76.93370137828458, 43.30539480696777]]]}, "properties": {"id": 191, "class": "building", "confidence": 100.0, "source": "Almaty_10", "source_model": "msft-buildings", "centroid_wkt": "POINT (76.93380805542948 43.30541548034574)", "bbox": [76.93369923134492, 43.30539480696777, 76.93391686672183, 43.305436158783436], "pixel_bbox": [3074, 812, 3399, 873], "area_m2": 66.552}}, {"type": "Feature", "geometry": {"type": "Polygon", "coordinates": [[[76.93270384642031, 43.30385983104022], [76.93271230504547, 43.303829864856], [76.93250384244456, 43.303798702279046], [76.9324953838194, 43.30382866847865], [76.93270384642031, 43.30385983104022]]]}, "properties": {"id": 192, "class": "building", "confidence": 100.0, "source": "Almaty_10", "source_model": "msft-buildings", "centroid_wkt": "POINT (76.9326038444239 43.30382926666215)", "bbox": [76.9324953838194, 43.303798702279046, 76.93271230504547, 43.30385983104022], "pixel_bbox": [1279, 3163, 1602, 3254], "area_m2": 58.687}}, {"type": "Feature", "geometry": {"type": "Polygon", "coordinates": [[[76.93255503816506, 43.30507483895475], [76.9325438829464, 43.30515206056671], [76.93265795731159, 43.30516078717559], [76.93265293746317, 43.30519553686396], [76.93280415231933, 43.3052071046858], [76.9328161441794, 43.305124091524156], [76.93269941692202, 43.305115161965475], [76.932703600129, 43.305086203854934], [76.93255503816506, 43.30507483895475]]]}, "properties": {"id": 193, "class": "building", "confidence": 100.0, "source": "Almaty_10", "source_model": "msft-buildings", "centroid_wkt": "POINT (76.93268185231041 43.305140567786395)", "bbox": [76.9325438829464, 43.30507483895475, 76.9328161441794, 43.3052071046858], "pixel_bbox": [1351, 1153, 1757, 1351], "area_m2": 203.788}}, {"type": "Feature", "geometry": {"type": "Polygon", "coordinates": [[[76.93531953000576, 43.30521252440155], [76.93531455848336, 43.30525042140693], [76.93544479890697, 43.305259475923464], [76.93544977129172, 43.30522157235028], [76.93531953000576, 43.30521252440155]]]}, "properties": {"id": 194, "class": "building", "confidence": 100.0, "source": "Almaty_10", "source_model": "msft-buildings", "centroid_wkt": "POINT (76.93538216655278 43.305235998651256)", "bbox": [76.93531455848336, 43.30521252440155, 76.93544977129172, 43.305259475923464], "pixel_bbox": [5483, 1075, 5685, 1145], "area_m2": 44.901}}, {"type": "Feature", "geometry": {"type": "Polygon", "coordinates": [[[76.93189615621279, 43.30397277358568], [76.93191322001896, 43.303883749445816], [76.93180271832988, 43.30387252691723], [76.93178565346548, 43.30396155659424], [76.93189615621279, 43.30397277358568]]]}, "properties": {"id": 195, "class": "building", "confidence": 100.0, "source": "Almaty_10", "source_model": "msft-buildings", "centroid_wkt": "POINT (76.93184943643412 43.30392265157738)", "bbox": [76.93178565346548, 43.30387252691723, 76.93191322001896, 43.30397277358568], "pixel_bbox": [220, 2994, 410, 3144], "area_m2": 90.406}}, {"type": "Feature", "geometry": {"type": "Polygon", "coordinates": [[[76.93305528635135, 43.30393957519915], [76.93315431287652, 43.30395190195825], [76.93316144498083, 43.303921559162106], [76.93306241845565, 43.303909232396855], [76.93305528635135, 43.30393957519915]]]}, "properties": {"id": 196, "class": "building", "confidence": 100.0, "source": "Almaty_10", "source_model": "msft-buildings", "centroid_wkt": "POINT (76.93310836566448 43.30393056717886)", "bbox": [76.93305528635135, 43.303909232396855, 76.93316144498083, 43.30395190195825], "pixel_bbox": [2114, 3025, 2272, 3089], "area_m2": 27.878}}, {"type": "Feature", "geometry": {"type": "Polygon", "coordinates": [[[76.93451931812244, 43.30455882093739], [76.93457655414008, 43.30457607280415], [76.9345997166046, 43.30453537748128], [76.93454248200317, 43.30451812311474], [76.93451931812244, 43.30455882093739]]]}, "properties": {"id": 197, "class": "building", "confidence": 100.0, "source": "Almaty_10", "source_model": "msft-buildings", "centroid_wkt": "POINT (76.93455951742497 43.30454709849581)", "bbox": [76.93451931812244, 43.30451812311474, 76.9345997166046, 43.30457607280415], "pixel_bbox": [4297, 2094, 4417, 2181], "area_m2": 24.599}}, {"type": "Feature", "geometry": {"type": "Polygon", "coordinates": [[[76.93682046329602, 43.305122082446935], [76.93685252219439, 43.30512790668895], [76.93685252219439, 43.305028633054086], [76.93682046329602, 43.305122082446935]]]}, "properties": {"id": 198, "class": "building", "confidence": 100.0, "source": "Almaty_10", "source_model": "msft-buildings", "centroid_wkt": "POINT (76.93684183589492 43.305092874063334)", "bbox": [76.93682046329602, 43.305028633054086, 76.93685252219439, 43.30512790668895], "pixel_bbox": [7729, 1271, 7777, 1420], "area_m2": 14.344}}, {"type": "Feature", "geometry": {"type": "Polygon", "coordinates": [[[76.93302112855328, 43.304973053782724], [76.93301747361384, 43.305037355738946], [76.93305763803059, 43.30503856471392], [76.93306129297002, 43.304974262758975], [76.93302112855328, 43.304973053782724]]]}, "properties": {"id": 199, "class": "building", "confidence": 100.0, "source": "Almaty_10", "source_model": "msft-buildings", "centroid_wkt": "POINT (76.93303938329187 43.30500580924862)", "bbox": [76.93301747361384, 43.304973053782724, 76.93306129297002, 43.30503856471392], "pixel_bbox": [2057, 1405, 2123, 1502], "area_m2": 23.32}}, {"type": "Feature", "geometry": {"type": "Polygon", "coordinates": [[[76.93563147968077, 43.30478002004295], [76.93562650076206, 43.30482068680316], [76.93570633331754, 43.304825862851615], [76.93571131223625, 43.30478519609487], [76.93563147968077, 43.30478002004295]]]}, "properties": {"id": 200, "class": "building", "confidence": 100.0, "source": "Almaty_10", "source_model": "msft-buildings", "centroid_wkt": "POINT (76.93566890649859 43.304802941448095)", "bbox": [76.93562650076206, 43.30478002004295, 76.93571131223625, 43.304825862851615], "pixel_bbox": [5948, 1722, 6075, 1790], "area_m2": 29.497}}, {"type": "Feature", "geometry": {"type": "Polygon", "coordinates": [[[76.93216542487707, 43.30314524488331], [76.9322050491864, 43.30296841682233], [76.93198557999517, 43.30294237132069], [76.93196321366278, 43.30304218377066], [76.93205727293332, 43.30305334144488], [76.93204001391067, 43.30313036178418], [76.93216542487707, 43.30314524488331]]]}, "properties": {"id": 201, "class": "building", "confidence": 100.0, "source": "Almaty_10", "source_model": "msft-buildings", "centroid_wkt": "POINT (76.93209246019256 43.303034062455936)", "bbox": [76.93196321366278, 43.30294237132069, 76.9322050491864, 43.30314524488331], "pixel_bbox": [485, 4228, 846, 4531], "area_m2": 292.1}}, {"type": "Feature", "geometry": {"type": "Polygon", "coordinates": [[[76.93340563017594, 43.30347227520188], [76.93359069471215, 43.30349173967888], [76.93361309817428, 43.303378932229954], [76.93342804426511, 43.30335946883454], [76.93340563017594, 43.30347227520188]]]}, "properties": {"id": 202, "class": "building", "confidence": 100.0, "source": "Almaty_10", "source_model": "msft-buildings", "centroid_wkt": "POINT (76.93350936671987 43.30342560452527)", "bbox": [76.93340563017594, 43.30335946883454, 76.93361309817428, 43.30349173967888], "pixel_bbox": [2636, 3711, 2946, 3909], "area_m2": 192.116}}, {"type": "Feature", "geometry": {"type": "Polygon", "coordinates": [[[76.93405454987555, 43.30298533305597], [76.93410046148858, 43.30299292128192], [76.93412476088608, 43.302915059030056], [76.93407648112257, 43.302915059030056], [76.93405454987555, 43.30298533305597]]]}, "properties": {"id": 203, "class": "building", "confidence": 100.0, "source": "Almaty_10", "source_model": "msft-buildings", "centroid_wkt": "POINT (76.93408946541985 43.302952125491146)", "bbox": [76.93405454987555, 43.302915059030056, 76.93412476088608, 43.30299292128192], "pixel_bbox": [3604, 4455, 3709, 4572], "area_m2": 32.236}}, {"type": "Feature", "geometry": {"type": "Polygon", "coordinates": [[[76.93563154860227, 43.30597509216067], [76.93553664365142, 43.305971631304324], [76.93553601061524, 43.30598082393408], [76.9356311533413, 43.30598082393408], [76.93563154860227, 43.30597509216067]]]}, "properties": {"id": 204, "class": "building", "confidence": 100.0, "source": "Almaty_10", "source_model": "msft-buildings", "centroid_wkt": "POINT (76.93558016651426 43.30597702595022)", "bbox": [76.93553601061524, 43.305971631304324, 76.93563154860227, 43.30598082393408], "pixel_bbox": [5813, 0, 5956, 13], "area_m2": 6.4}}, {"type": "Feature", "geometry": {"type": "Polygon", "coordinates": [[[76.93591683144994, 43.30375736783589], [76.93592917247514, 43.303711076621525], [76.93570571774974, 43.30367952797549], [76.93568464757358, 43.30375853377417], [76.93571308125766, 43.30376254820382], [76.93570655953646, 43.30378700235719], [76.93585764662562, 43.303808333680834], [76.9358728884836, 43.30375116147857], [76.93591683144994, 43.30375736783589]]]}, "properties": {"id": 205, "class": "building", "confidence": 100.0, "source": "Almaty_10", "source_model": "msft-buildings", "centroid_wkt": "POINT (76.93579687816778 43.30374161516605)", "bbox": [76.93568464757358, 43.30367952797549, 76.93592917247514, 43.303808333680834], "pixel_bbox": [6035, 3239, 6400, 3431], "area_m2": 186.247}}, {"type": "Feature", "geometry": {"type": "Polygon", "coordinates": [[[76.93590495810915, 43.305563962871915], [76.93603910003999, 43.30557768839954], [76.93603503392806, 43.30559874280281], [76.93617834210299, 43.30561340622056], [76.93619424466645, 43.30553110341675], [76.93591678679837, 43.305502713643456], [76.93590495810915, 43.305563962871915]]]}, "properties": {"id": 206, "class": "building", "confidence": 100.0, "source": "Almaty_10", "source_model": "msft-buildings", "centroid_wkt": "POINT (76.9360585143152 43.305554772505815)", "bbox": [76.93590495810915, 43.305502713643456, 76.93619424466645, 43.30561340622056], "pixel_bbox": [6363, 547, 6795, 713], "area_m2": 183.947}}, {"type": "Feature", "geometry": {"type": "Polygon", "coordinates": [[[76.93636150686571, 43.30312368527514], [76.93635095147334, 43.30326771887585], [76.93641131450457, 43.303270061631615], [76.9364218837098, 43.30312602857254], [76.93636150686571, 43.30312368527514]]]}, "properties": {"id": 207, "class": "building", "confidence": 100.0, "source": "Almaty_10", "source_model": "msft-buildings", "centroid_wkt": "POINT (76.93638641433955 43.30319687084241)", "bbox": [76.93635095147334, 43.30312368527514, 76.9364218837098, 43.303270061631615], "pixel_bbox": [7029, 4042, 7134, 4260], "area_m2": 78.606}}, {"type": "Feature", "geometry": {"type": "Polygon", "coordinates": [[[76.93198925686035, 43.304879918086485], [76.93192937734383, 43.3048723393955], [76.93191217098413, 43.30494433314253], [76.93197205050065, 43.30495191182454], [76.93198925686035, 43.304879918086485]]]}, "properties": {"id": 208, "class": "building", "confidence": 100.0, "source": "Almaty_10", "source_model": "msft-buildings", "centroid_wkt": "POINT (76.9319507139217 43.30491212561197)", "bbox": [76.93191217098413, 43.3048723393955, 76.93198925686035, 43.30495191182454], "pixel_bbox": [409, 1534, 524, 1653], "area_m2": 40.035}}, {"type": "Feature", "geometry": {"type": "Polygon", "coordinates": [[[76.93224510689474, 43.30389898852088], [76.93217607117005, 43.30389392171358], [76.93217139096478, 43.3039277158778], [76.93224042717154, 43.30393277920149], [76.93224510689474, 43.30389898852088]]]}, "properties": {"id": 209, "class": "building", "confidence": 100.0, "source": "Almaty_10", "source_model": "msft-buildings", "centroid_wkt": "POINT (76.93220824845723 43.303913351284905)", "bbox": [76.93217139096478, 43.30389392171358, 76.93224510689474, 43.30393277920149], "pixel_bbox": [795, 3054, 905, 3112], "area_m2": 21.243}}, {"type": "Feature", "geometry": {"type": "Polygon", "coordinates": [[[76.93321103377598, 43.305099452159816], [76.93298899401113, 43.30509117407649], [76.93298542573426, 43.30514178977786], [76.93320746549911, 43.3051500678543], [76.93321103377598, 43.305099452159816]]]}, "properties": {"id": 210, "class": "building", "confidence": 100.0, "source": "Almaty_10", "source_model": "msft-buildings", "centroid_wkt": "POINT (76.9330982297526 43.30512062096702)", "bbox": [76.93298542573426, 43.30509117407649, 76.93321103377598, 43.3051500678543], "pixel_bbox": [2009, 1238, 2346, 1326], "area_m2": 101.573}}, {"type": "Feature", "geometry": {"type": "Polygon", "coordinates": [[[76.9332994501831, 43.30558574132795], [76.93330595352892, 43.3055492697475], [76.93321498159062, 43.305540684207614], [76.93320848169452, 43.30557715611879], [76.9332994501831, 43.30558574132795]]]}, "properties": {"id": 211, "class": "building", "confidence": 100.0, "source": "Almaty_10", "source_model": "msft-buildings", "centroid_wkt": "POINT (76.93325721676878 43.30556321273508)", "bbox": [76.93320848169452, 43.305540684207614, 76.93330595352892, 43.30558574132795], "pixel_bbox": [2342, 589, 2487, 656], "area_m2": 30.41}}, {"type": "Feature", "geometry": {"type": "Polygon", "coordinates": [[[76.93284934518938, 43.30320072754943], [76.93287505537955, 43.303127425830276], [76.932759220645, 43.30310590908091], [76.93273351045481, 43.30317921082601], [76.93284934518938, 43.30320072754943]]]}, "properties": {"id": 212, "class": "building", "confidence": 100.0, "source": "Almaty_10", "source_model": "msft-buildings", "centroid_wkt": "POINT (76.93280428291413 43.303153318320604)", "bbox": [76.93273351045481, 43.30310590908091, 76.93287505537955, 43.30320072754943], "pixel_bbox": [1634, 4145, 1845, 4287], "area_m2": 81.527}}, {"type": "Feature", "geometry": {"type": "Polygon", "coordinates": [[[76.93374752055126, 43.30586800205784], [76.93376689494636, 43.30573985714067], [76.93356941142243, 43.30572403581038], [76.93355002334675, 43.30585218972362], [76.93374752055126, 43.30586800205784]]]}, "properties": {"id": 213, "class": "building", "confidence": 100.0, "source": "Almaty_10", "source_model": "msft-buildings", "centroid_wkt": "POINT (76.93365846118662 43.30579602173879)", "bbox": [76.93355002334675, 43.30572403581038, 76.93376689494636, 43.30586800205784], "pixel_bbox": [2851, 168, 3175, 382], "area_m2": 230.893}}, {"type": "Feature", "geometry": {"type": "Polygon", "coordinates": [[[76.9346394125496, 43.30436875280343], [76.93465652026516, 43.30423213177419], [76.93461129822857, 43.3042291329208], [76.93460863177867, 43.30425042702571], [76.9344717264573, 43.30424134829077], [76.9344572753444, 43.3043566653094], [76.9346394125496, 43.30436875280343]]]}, "properties": {"id": 214, "class": "building", "confidence": 100.0, "source": "Almaty_10", "source_model": "msft-buildings", "centroid_wkt": "POINT (76.93455894396057 43.30430225328176)", "bbox": [76.9344572753444, 43.3042291329208, 76.93465652026516, 43.30436875280343], "pixel_bbox": [4204, 2404, 4502, 2612], "area_m2": 199.66}}, {"type": "Feature", "geometry": {"type": "Polygon", "coordinates": [[[76.935283466902, 43.3044711377762], [76.93538730212654, 43.30448209037501], [76.93539552494165, 43.30444080694316], [76.93529168479705, 43.304429859106754], [76.935283466902, 43.3044711377762]]]}, "properties": {"id": 215, "class": "building", "confidence": 100.0, "source": "Almaty_10", "source_model": "msft-buildings", "centroid_wkt": "POINT (76.93533949580173 43.30445597353575)", "bbox": [76.935283466902, 43.304429859106754, 76.93539552494165, 43.30448209037501], "pixel_bbox": [5437, 2235, 5604, 2312], "area_m2": 39.451}}, {"type": "Feature", "geometry": {"type": "Polygon", "coordinates": [[[76.9330947445096, 43.30468968459173], [76.93311815388168, 43.30469269392271], [76.9330990695028, 43.304771311944755], [76.93326813516327, 43.30479305431964], [76.93329916800937, 43.304665214629075], [76.93310669094976, 43.304640471225326], [76.9330947445096, 43.30468968459173]]]}, "properties": {"id": 216, "class": "building", "confidence": 100.0, "source": "Almaty_10", "source_model": "msft-buildings", "centroid_wkt": "POINT (76.93319473174208 43.30471564998603)", "bbox": [76.9330947445096, 43.304640471225326, 76.93329916800937, 43.30479305431964], "pixel_bbox": [2172, 1771, 2477, 1998], "area_m2": 211.611}}, {"type": "Feature", "geometry": {"type": "Polygon", "coordinates": [[[76.93426282018902, 43.303271174816736], [76.93424271868837, 43.303366527179534], [76.93409334839866, 43.30334985067069], [76.93406802050788, 43.30346999446784], [76.93412305166723, 43.30347613843317], [76.93413189632751, 43.3034341834876], [76.93438608787312, 43.30346256276754], [76.93442267260428, 43.30328902162981], [76.93426282018902, 43.303271174816736]]]}, "properties": {"id": 217, "class": "building", "confidence": 100.0, "source": "Almaty_10", "source_model": "msft-buildings", "centroid_wkt": "POINT (76.93426594719129 43.303380096400645)", "bbox": [76.93406802050788, 43.303271174816736, 76.93442267260428, 43.30347613843317], "pixel_bbox": [3624, 3735, 4153, 4040], "area_m2": 385.014}}, {"type": "Feature", "geometry": {"type": "Polygon", "coordinates": [[[76.93273093341011, 43.30539177184717], [76.93260678149397, 43.30537439559726], [76.93257244431767, 43.30550426840169], [76.93275349919536, 43.30552960871033], [76.93277811920152, 43.30543648902823], [76.93272121697882, 43.30542852212548], [76.93273093341011, 43.30539177184717]]]}, "properties": {"id": 218, "class": "building", "confidence": 100.0, "source": "Almaty_10", "source_model": "msft-buildings", "centroid_wkt": "POINT (76.93267287878761 43.305455699237676)", "bbox": [76.93257244431767, 43.30537439559726, 76.93277811920152, 43.30552960871033], "pixel_bbox": [1394, 672, 1700, 904], "area_m2": 200.253}}, {"type": "Feature", "geometry": {"type": "Polygon", "coordinates": [[[76.93342251217234, 43.30584690746526], [76.93342457589513, 43.305813794205356], [76.93330272715674, 43.30580976658459], [76.93329865901889, 43.305874940897944], [76.93336289969653, 43.305877061052385], [76.9333649007296, 43.305845003162304], [76.93342251217234, 43.30584690746526]]]}, "properties": {"id": 219, "class": "building", "confidence": 100.0, "source": "Almaty_10", "source_model": "msft-buildings", "centroid_wkt": "POINT (76.93335219702838 43.30583902744637)", "bbox": [76.93329865901889, 43.30580976658459, 76.93342457589513, 43.305877061052385], "pixel_bbox": [2477, 154, 2664, 255], "area_m2": 55.048}}, {"type": "Feature", "geometry": {"type": "Polygon", "coordinates": [[[76.9352118184761, 43.30419271435893], [76.93520101749719, 43.30428886611454], [76.93529160671756, 43.30429425978899], [76.93530632873411, 43.30416320240732], [76.93515588922479, 43.30415425289445], [76.93515196536771, 43.304189153752525], [76.9352118184761, 43.30419271435893]]]}, "properties": {"id": 220, "class": "building", "confidence": 100.0, "source": "Almaty_10", "source_model": "msft-buildings", "centroid_wkt": "POINT (76.93524322666987 43.30421817258075)", "bbox": [76.93515196536771, 43.30415425289445, 76.93530632873411, 43.30429425978899], "pixel_bbox": [5240, 2515, 5471, 2723], "area_m2": 126.69}}, {"type": "Feature", "geometry": {"type": "Polygon", "coordinates": [[[76.93308497401719, 43.30549329881469], [76.93308110673678, 43.3055595425378], [76.93313465427326, 43.30556119797542], [76.93313852155367, 43.30549495425412], [76.93308497401719, 43.30549329881469]]]}, "properties": {"id": 221, "class": "building", "confidence": 100.0, "source": "Almaty_10", "source_model": "msft-buildings", "centroid_wkt": "POINT (76.93310981414511 43.30552724839549)", "bbox": [76.93308110673678, 43.30549329881469, 76.93313852155367, 43.30556119797542], "pixel_bbox": [2152, 625, 2238, 727], "area_m2": 32.032}}, {"type": "Feature", "geometry": {"type": "Polygon", "coordinates": [[[76.93417878170477, 43.303478990794744], [76.93413028176515, 43.30347403547544], [76.9341169871031, 43.30354294647467], [76.93416433359647, 43.303547783939], [76.93417045018509, 43.30351607947962], [76.93424147060952, 43.30352333213181], [76.93423461474417, 43.303558868520575], [76.93427670051608, 43.30356316848775], [76.93426841549817, 43.30360611265164], [76.93434206630869, 43.30361363390944], [76.93436918472145, 43.3034730695355], [76.93418358020793, 43.30345410601028], [76.93417878170477, 43.303478990794744]]]}, "properties": {"id": 222, "class": "building", "confidence": 100.0, "source": "Almaty_10", "source_model": "msft-buildings", "centroid_wkt": "POINT (76.93426236618583 43.3035202024805)", "bbox": [76.9341169871031, 43.30345410601028, 76.93436918472145, 43.30361363390944], "pixel_bbox": [3697, 3530, 4073, 3768], "area_m2": 203.189}}, {"type": "Feature", "geometry": {"type": "Polygon", "coordinates": [[[76.9327824541063, 43.303560730987], [76.9327733904329, 43.30360263508007], [76.93295020970125, 43.30362288939651], [76.93295927730728, 43.30358098576788], [76.9327824541063, 43.303560730987]]]}, "properties": {"id": 223, "class": "building", "confidence": 100.0, "source": "Almaty_10", "source_model": "msft-buildings", "centroid_wkt": "POINT (76.93286633289895 43.30359181022959)", "bbox": [76.9327733904329, 43.303560730987, 76.93295927730728, 43.30362288939651], "pixel_bbox": [1693, 3516, 1970, 3609], "area_m2": 68.447}}, {"type": "Feature", "geometry": {"type": "Polygon", "coordinates": [[[76.93257007255268, 43.30481817358493], [76.93256793554431, 43.30488450114115], [76.93269393010546, 43.304886650881755], [76.93269606711382, 43.30482032332787], [76.93257007255268, 43.30481817358493]]]}, "properties": {"id": 224, "class": "building", "confidence": 100.0, "source": "Almaty_10", "source_model": "msft-buildings", "centroid_wkt": "POINT (76.9326320013287 43.30485241223391)", "bbox": [76.93256793554431, 43.30481817358493, 76.93269606711382, 43.304886650881755], "pixel_bbox": [1387, 1631, 1578, 1733], "area_m2": 75.372}}, {"type": "Feature", "geometry": {"type": "Polygon", "coordinates": [[[76.93416648478318, 43.30417655542475], [76.9342274784755, 43.30418130224493], [76.93423642438025, 43.304120387445614], [76.93417543023683, 43.30411564369216], [76.93416648478318, 43.30417655542475]]]}, "properties": {"id": 225, "class": "building", "confidence": 100.0, "source": "Almaty_10", "source_model": "msft-buildings", "centroid_wkt": "POINT (76.93420145472486 43.304148472221705)", "bbox": [76.93416648478318, 43.30411564369216, 76.93423642438025, 43.30418130224493], "pixel_bbox": [3771, 2683, 3875, 2781], "area_m2": 33.874}}, {"type": "Feature", "geometry": {"type": "Polygon", "coordinates": [[[76.93510181644042, 43.3035698065925], [76.93511089841111, 43.303410021991276], [76.93500914855537, 43.303406959172584], [76.93500006658464, 43.303566743781865], [76.93510181644042, 43.3035698065925]]]}, "properties": {"id": 226, "class": "building", "confidence": 100.0, "source": "Almaty_10", "source_model": "msft-buildings", "centroid_wkt": "POINT (76.93505548249746 43.30348838288449)", "bbox": [76.93500006658464, 43.303406959172584, 76.93511089841111, 43.3035698065925], "pixel_bbox": [5014, 3595, 5179, 3838], "area_m2": 146.807}}, {"type": "Feature", "geometry": {"type": "Polygon", "coordinates": [[[76.93315059597765, 43.30343477821397], [76.93324165046073, 43.303437379954616], [76.93324285778544, 43.303415042661825], [76.93330026554716, 43.3034166859241], [76.93330305627784, 43.303364961212466], [76.93315459884214, 43.30336071926635], [76.93315059597765, 43.30343477821397]]]}, "properties": {"id": 227, "class": "building", "confidence": 100.0, "source": "Almaty_10", "source_model": "msft-buildings", "centroid_wkt": "POINT (76.93322100173859 43.30339628404099)", "bbox": [76.93315059597765, 43.30336071926635, 76.93330305627784, 43.303437379954616], "pixel_bbox": [2256, 3793, 2483, 3907], "area_m2": 87.688}}, {"type": "Feature", "geometry": {"type": "Polygon", "coordinates": [[[76.93489333132173, 43.30545154842197], [76.93496426978304, 43.30545362950616], [76.93496632090755, 43.305416604260174], [76.93489537889104, 43.305414523070404], [76.93489333132173, 43.30545154842197]]]}, "properties": {"id": 228, "class": "building", "confidence": 100.0, "source": "Almaty_10", "source_model": "msft-buildings", "centroid_wkt": "POINT (76.93492982523419 43.30543407616003)", "bbox": [76.93489333132173, 43.305414523070404, 76.93496632090755, 43.30545362950616], "pixel_bbox": [4855, 786, 4964, 844], "area_m2": 23.715}}, {"type": "Feature", "geometry": {"type": "Polygon", "coordinates": [[[76.93510993889113, 43.303904501368194], [76.93506985233881, 43.3039027373262], [76.93506361669917, 43.303977779664024], [76.93510370308246, 43.303979545738095], [76.93510993889113, 43.303904501368194]]]}, "properties": {"id": 229, "class": "building", "confidence": 100.0, "source": "Almaty_10", "source_model": "msft-buildings", "centroid_wkt": "POINT (76.93508677784334 43.30394114102808)", "bbox": [76.93506361669917, 43.3039027373262, 76.93510993889113, 43.303979545738095], "pixel_bbox": [5109, 2984, 5178, 3099], "area_m2": 27.216}}, {"type": "Feature", "geometry": {"type": "Polygon", "coordinates": [[[76.9358840985767, 43.30301421242453], [76.93604645512042, 43.303040037673156], [76.93607050765358, 43.30295993007149], [76.93590815846274, 43.302934105958414], [76.9358840985767, 43.30301421242453]]]}, "properties": {"id": 230, "class": "building", "confidence": 100.0, "source": "Almaty_10", "source_model": "msft-buildings", "centroid_wkt": "POINT (76.9359773048572 43.302987071832966)", "bbox": [76.9358840985767, 43.302934105958414, 76.93607050765358, 43.303040037673156], "pixel_bbox": [6332, 4385, 6610, 4543], "area_m2": 122.839}}, {"type": "Feature", "geometry": {"type": "Polygon", "coordinates": [[[76.9335789015487, 43.30558049780087], [76.93358790668398, 43.30551676015119], [76.93363037313127, 43.30551993741048], [76.93363746808632, 43.305469719823876], [76.93356580595653, 43.30546435819429], [76.93356034829877, 43.30550298711416], [76.93347541540417, 43.30549663259364], [76.93347896288168, 43.305471523795894], [76.93340199244594, 43.30546576500873], [76.93339735343687, 43.30549859959142], [76.9334318574253, 43.305501181115375], [76.93342230652424, 43.30556878166808], [76.9335789015487, 43.30558049780087]]]}, "properties": {"id": 231, "class": "building", "confidence": 100.0, "source": "Almaty_10", "source_model": "msft-buildings", "centroid_wkt": "POINT (76.93351487810453 43.305521278827584)", "bbox": [76.93339735343687, 43.30546435819429, 76.93363746808632, 43.30558049780087], "pixel_bbox": [2624, 597, 2982, 770], "area_m2": 157.185}}, {"type": "Feature", "geometry": {"type": "Polygon", "coordinates": [[[76.9348739618899, 43.30455490776154], [76.93480285398923, 43.30455380677184], [76.93480192039222, 43.30458584373929], [76.93487302531896, 43.30458694106085], [76.9348739618899, 43.30455490776154]]]}, "properties": {"id": 232, "class": "building", "confidence": 100.0, "source": "Almaty_10", "source_model": "msft-buildings", "centroid_wkt": "POINT (76.93483793973125 43.30457037470741)", "bbox": [76.93480192039222, 43.30455380677184, 76.9348739618899, 43.30458694106085], "pixel_bbox": [4718, 2078, 4826, 2128], "area_m2": 20.543}}, {"type": "Feature", "geometry": {"type": "Polygon", "coordinates": [[[76.9356730163719, 43.30317354334955], [76.93570432208931, 43.30305900667684], [76.9357378637488, 43.30306386192133], [76.9357460750845, 43.303033819482046], [76.93561190844657, 43.303014398492174], [76.93560523673631, 43.30303880798302], [76.93565941941701, 43.30304665107267], [76.93565634016612, 43.30305791698677], [76.93557010464495, 43.303045434163536], [76.93554032847814, 43.30315433645614], [76.9356730163719, 43.30317354334955]]]}, "properties": {"id": 233, "class": "building", "confidence": 100.0, "source": "Almaty_10", "source_model": "msft-buildings", "centroid_wkt": "POINT (76.93563388498843 43.30309444152295)", "bbox": [76.93554032847814, 43.303014398492174, 76.9357460750845, 43.30317354334955], "pixel_bbox": [5820, 4186, 6126, 4423], "area_m2": 172.772}}, {"type": "Feature", "geometry": {"type": "Polygon", "coordinates": [[[76.93569832764385, 43.30435866496461], [76.9357101226623, 43.30427483665709], [76.93557740369728, 43.304264947229285], [76.93556560773759, 43.304348782240055], [76.93569832764385, 43.30435866496461]]]}, "properties": {"id": 234, "class": "building", "confidence": 100.0, "source": "Almaty_10", "source_model": "msft-buildings", "centroid_wkt": "POINT (76.93563786455093 43.30431180770679)", "bbox": [76.93556560773759, 43.304264947229285, 76.9357101226623, 43.30435866496461], "pixel_bbox": [5857, 2419, 6073, 2558], "area_m2": 101.345}}, {"type": "Feature", "geometry": {"type": "Polygon", "coordinates": [[[76.93367911732814, 43.304981341065584], [76.9336776429283, 43.30502034911551], [76.93376876909255, 43.30502217311253], [76.93377024349243, 43.30498316506378], [76.93367911732814, 43.304981341065584]]]}, "properties": {"id": 235, "class": "building", "confidence": 100.0, "source": "Almaty_10", "source_model": "msft-buildings", "centroid_wkt": "POINT (76.93372394321013 43.30500175708935)", "bbox": [76.9336776429283, 43.304981341065584, 76.93377024349243, 43.30502217311253], "pixel_bbox": [3042, 1429, 3180, 1490], "area_m2": 32.066}}, {"type": "Feature", "geometry": {"type": "Polygon", "coordinates": [[[76.9336004060932, 43.30407218495651], [76.93372938733553, 43.30408511341864], [76.9337370011699, 43.304044886522206], [76.93360801992753, 43.304031958051524], [76.9336004060932, 43.30407218495651]]]}, "properties": {"id": 236, "class": "building", "confidence": 100.0, "source": "Almaty_10", "source_model": "msft-buildings", "centroid_wkt": "POINT (76.93366870362931 43.30405853573696)", "bbox": [76.9336004060932, 43.304031958051524, 76.9337370011699, 43.30408511341864], "pixel_bbox": [2927, 2827, 3130, 2906], "area_m2": 47.658}}, {"type": "Feature", "geometry": {"type": "Polygon", "coordinates": [[[76.93484414235407, 43.302921699870666], [76.93506736705204, 43.30293738993618], [76.93506905630878, 43.302924652626956], [76.93512374998409, 43.3029284941622], [76.9351255330795, 43.302915059030056], [76.93484502307939, 43.302915059030056], [76.93484414235407, 43.302921699870666]]]}, "properties": {"id": 237, "class": "building", "confidence": 100.0, "source": "Almaty_10", "source_model": "msft-buildings", "centroid_wkt": "POINT (76.93499680195254 43.302922661147804)", "bbox": [76.93484414235407, 43.302915059030056, 76.9351255330795, 43.30293738993618], "pixel_bbox": [4781, 4538, 5201, 4572], "area_m2": 35.151}}, {"type": "Feature", "geometry": {"type": "Polygon", "coordinates": [[[76.93232536518592, 43.303494126135], [76.93229207541778, 43.30363639518457], [76.93256055796812, 43.30366966546273], [76.93256787239152, 43.3036384061719], [76.9325235602508, 43.303632912766005], [76.93254110167439, 43.30355794677605], [76.93265579324931, 43.30357215934262], [76.93262827370762, 43.30368976829649], [76.93268966929871, 43.30369737641489], [76.93272563660896, 43.303543727760676], [76.93232536518592, 43.303494126135]]]}, "properties": {"id": 238, "class": "building", "confidence": 100.0, "source": "Almaty_10", "source_model": "msft-buildings", "centroid_wkt": "POINT (76.93249202477251 43.30358602064781)", "bbox": [76.93229207541778, 43.303494126135, 76.93272563660896, 43.30369737641489], "pixel_bbox": [975, 3405, 1622, 3708], "area_m2": 434.53}}, {"type": "Feature", "geometry": {"type": "Polygon", "coordinates": [[[76.9327698941569, 43.30463850204682], [76.93276823564962, 43.3046696856463], [76.93285254898274, 43.30467205607187], [76.93285420449538, 43.30464087238941], [76.9327698941569, 43.30463850204682]]]}, "properties": {"id": 239, "class": "building", "confidence": 100.0, "source": "Almaty_10", "source_model": "msft-buildings", "centroid_wkt": "POINT (76.93281122081598 43.30465527913089)", "bbox": [76.93276823564962, 43.30463850204682, 76.93285420449538, 43.30467205607187], "pixel_bbox": [1686, 1951, 1814, 2001], "area_m2": 23.735}}, {"type": "Feature", "geometry": {"type": "Polygon", "coordinates": [[[76.93286165013757, 43.304562076161794], [76.93296496237397, 43.30457048995748], [76.9329788959322, 43.30447988572556], [76.93287558369579, 43.30447147191735], [76.93286165013757, 43.304562076161794]]]}, "properties": {"id": 240, "class": "building", "confidence": 100.0, "source": "Almaty_10", "source_model": "msft-buildings", "centroid_wkt": "POINT (76.93292027303372 43.30452098094031)", "bbox": [76.93286165013757, 43.30447147191735, 76.9329788959322, 43.30457048995748], "pixel_bbox": [1825, 2103, 2000, 2250], "area_m2": 85.435}}, {"type": "Feature", "geometry": {"type": "Polygon", "coordinates": [[[76.93300469532093, 43.30436100479944], [76.93305524460162, 43.304364328595824], [76.93305909083966, 43.304333351115424], [76.9328503258895, 43.30431962406353], [76.93283565084045, 43.304437724908745], [76.93287555791697, 43.304440348938776], [76.93287411446953, 43.30445196540245], [76.93299243543707, 43.304459745418235], [76.93300469532093, 43.30436100479944]]]}, "properties": {"id": 241, "class": "building", "confidence": 100.0, "source": "Almaty_10", "source_model": "msft-buildings", "centroid_wkt": "POINT (76.93293080481327 43.304385425206824)", "bbox": [76.93283565084045, 43.30431962406353, 76.93305909083966, 43.304459745418235], "pixel_bbox": [1786, 2268, 2119, 2477], "area_m2": 196.539}}, {"type": "Feature", "geometry": {"type": "Polygon", "coordinates": [[[76.93381538970088, 43.305618074851196], [76.93382125000737, 43.30550502784312], [76.93370072212466, 43.305501719113096], [76.93369486181813, 43.30561476612731], [76.93381538970088, 43.305618074851196]]]}, "properties": {"id": 242, "class": "building", "confidence": 100.0, "source": "Almaty_10", "source_model": "msft-buildings", "centroid_wkt": "POINT (76.93375805591221 43.30555989698365)", "bbox": [76.93369486181813, 43.305501719113096, 76.93382125000737, 43.305618074851196], "pixel_bbox": [3067, 540, 3256, 714], "area_m2": 122.994}}, {"type": "Feature", "geometry": {"type": "Polygon", "coordinates": [[[76.9359695003826, 43.30537950885122], [76.93613182514135, 43.30540569180627], [76.936152798696, 43.30533685578889], [76.93599046762685, 43.30531067178633], [76.9359695003826, 43.30537950885122]]]}, "properties": {"id": 243, "class": "building", "confidence": 100.0, "source": "Almaty_10", "source_model": "msft-buildings", "centroid_wkt": "POINT (76.93606114802418 43.30535818183398)", "bbox": [76.9359695003826, 43.30531067178633, 76.936152798696, 43.30540569180627], "pixel_bbox": [6460, 857, 6733, 999], "area_m2": 105.674}}, {"type": "Feature", "geometry": {"type": "Polygon", "coordinates": [[[76.9323263952286, 43.30494379945894], [76.93233989042325, 43.304882924264504], [76.93224973255047, 43.304872335324944], [76.93223623164968, 43.304933209859804], [76.9323263952286, 43.30494379945894]]]}, "properties": {"id": 244, "class": "building", "confidence": 100.0, "source": "Almaty_10", "source_model": "msft-buildings", "centroid_wkt": "POINT (76.93228806239057 43.30490806754782)", "bbox": [76.93223623164968, 43.304872335324944, 76.93233989042325, 43.30494379945894], "pixel_bbox": [892, 1546, 1047, 1653], "area_m2": 50.763}}, {"type": "Feature", "geometry": {"type": "Polygon", "coordinates": [[[76.93579745701304, 43.303517137455245], [76.9357465760189, 43.30351566028796], [76.93574416117754, 43.30355971128273], [76.93579504202984, 43.30356119103634], [76.93579745701304, 43.303517137455245]]]}, "properties": {"id": 245, "class": "building", "confidence": 100.0, "source": "Almaty_10", "source_model": "msft-buildings", "centroid_wkt": "POINT (76.93577080930876 43.30353842502279)", "bbox": [76.93574416117754, 43.30351566028796, 76.93579745701304, 43.30356119103634], "pixel_bbox": [6124, 3608, 6203, 3676], "area_m2": 20.237}}, {"type": "Feature", "geometry": {"type": "Polygon", "coordinates": [[[76.93492394597494, 43.303616607615595], [76.93498929133926, 43.303619350076886], [76.93499283301314, 43.30357460448364], [76.93492749193791, 43.30357186220036], [76.93492394597494, 43.303616607615595]]]}, "properties": {"id": 246, "class": "building", "confidence": 100.0, "source": "Almaty_10", "source_model": "msft-buildings", "centroid_wkt": "POINT (76.9349583905467 43.30359560633885)", "bbox": [76.93492394597494, 43.30357186220036, 76.93499283301314, 43.303619350076886], "pixel_bbox": [4900, 3521, 5003, 3592], "area_m2": 26.444}}, {"type": "Feature", "geometry": {"type": "Polygon", "coordinates": [[[76.9344636797905, 43.305201605137626], [76.93451195955276, 43.305201605137626], [76.93451195955276, 43.3051586639463], [76.93433225154877, 43.3051586639463], [76.93433225154877, 43.30526406499811], [76.93451195955276, 43.30526406499811], [76.93451195955276, 43.305246498168835], [76.9344636797905, 43.305246498168835], [76.9344636797905, 43.305201605137626]]]}, "properties": {"id": 247, "class": "building", "confidence": 100.0, "source": "Almaty_10", "source_model": "msft-buildings", "centroid_wkt": "POINT (76.93441361440233 43.30520972511774)", "bbox": [76.93433225154877, 43.3051586639463, 76.93451195955276, 43.30526406499811], "pixel_bbox": [4018, 1068, 4286, 1226], "area_m2": 151.203}}, {"type": "Feature", "geometry": {"type": "Polygon", "coordinates": [[[76.93664062040935, 43.303082618007274], [76.93662920164562, 43.30314792657976], [76.93670838592834, 43.30315525878657], [76.93670536331442, 43.303172546336036], [76.93678982654934, 43.303180367353455], [76.936804267927, 43.30309777125], [76.93664062040935, 43.303082618007274]]]}, "properties": {"id": 248, "class": "building", "confidence": 100.0, "source": "Almaty_10", "source_model": "msft-buildings", "centroid_wkt": "POINT (76.93672062583971 43.30312825361392)", "bbox": [76.93662920164562, 43.303082618007274, 76.936804267927, 43.303180367353455], "pixel_bbox": [7443, 4176, 7705, 4322], "area_m2": 111.278}}, {"type": "Feature", "geometry": {"type": "Polygon", "coordinates": [[[76.93340743894255, 43.30528548843896], [76.93328288995072, 43.30528201856139], [76.93328038190202, 43.305329692163546], [76.93333530005968, 43.30533121935991], [76.93333448127433, 43.30534681152849], [76.93340411701958, 43.30534874799959], [76.93340743894255, 43.30528548843896]]]}, "properties": {"id": 249, "class": "building", "confidence": 100.0, "source": "Almaty_10", "source_model": "msft-buildings", "centroid_wkt": "POINT (76.93334789861304 43.305312597016936)", "bbox": [76.93328038190202, 43.30528201856139, 76.93340743894255, 43.30534874799959], "pixel_bbox": [2449, 942, 2639, 1042], "area_m2": 63.401}}, {"type": "Feature", "geometry": {"type": "Polygon", "coordinates": [[[76.93459934329805, 43.304692775951814], [76.93461107664362, 43.30465985667558], [76.93451809074172, 43.304642305199316], [76.93450635739615, 43.30467522448505], [76.93459934329805, 43.304692775951814]]]}, "properties": {"id": 250, "class": "building", "confidence": 100.0, "source": "Almaty_10", "source_model": "msft-buildings", "centroid_wkt": "POINT (76.93455871701782 43.304667540577455)", "bbox": [76.93450635739615, 43.304642305199316, 76.93461107664362, 43.304692775951814], "pixel_bbox": [4278, 1920, 4434, 1996], "area_m2": 29.449}}, {"type": "Feature", "geometry": {"type": "Polygon", "coordinates": [[[76.9322040814513, 43.30591167781905], [76.93196075273192, 43.30587800610291], [76.93194057057538, 43.30595523910247], [76.93212545964353, 43.30598082393408], [76.93218601251058, 43.30598082393408], [76.9322040814513, 43.30591167781905]]]}, "properties": {"id": 251, "class": "building", "confidence": 100.0, "source": "Almaty_10", "source_model": "msft-buildings", "centroid_wkt": "POINT (76.93207114434016 43.305932820983685)", "bbox": [76.93194057057538, 43.30587800610291, 76.9322040814513, 43.30598082393408], "pixel_bbox": [451, 0, 844, 153], "area_m2": 173.319}}, {"type": "Feature", "geometry": {"type": "Polygon", "coordinates": [[[76.93502368794427, 43.3050831942017], [76.93503717243311, 43.30503970609148], [76.93491595781668, 43.305019796005574], [76.93490246752589, 43.30506328935103], [76.93502368794427, 43.3050831942017]]]}, "properties": {"id": 252, "class": "building", "confidence": 100.0, "source": "Almaty_10", "source_model": "msft-buildings", "centroid_wkt": "POINT (76.93496982002549 43.30505149630672)", "bbox": [76.93490246752589, 43.305019796005574, 76.93503717243311, 43.3050831942017], "pixel_bbox": [4868, 1338, 5069, 1433], "area_m2": 49.941}}, {"type": "Feature", "geometry": {"type": "Polygon", "coordinates": [[[76.93656044519643, 43.30402782205552], [76.93656556715673, 43.30395652783472], [76.9365055008524, 43.303954242511615], [76.93650723394971, 43.30393015120109], [76.93640412957019, 43.3039262231692], [76.9363972770424, 43.30402160574642], [76.93656044519643, 43.30402782205552]]]}, "properties": {"id": 253, "class": "building", "confidence": 100.0, "source": "Almaty_10", "source_model": "msft-buildings", "centroid_wkt": "POINT (76.9364767408312 43.30398047510139)", "bbox": [76.9363972770424, 43.3039262231692, 76.93656556715673, 43.30402782205552], "pixel_bbox": [7098, 2912, 7349, 3064], "area_m2": 127.598}}, {"type": "Feature", "geometry": {"type": "Polygon", "coordinates": [[[76.93224976579536, 43.303921634315465], [76.93234449511371, 43.30393121639919], [76.93235839378589, 43.30385844956504], [76.93226366446754, 43.30384886746983], [76.93224976579536, 43.303921634315465]]]}, "properties": {"id": 254, "class": "building", "confidence": 100.0, "source": "Almaty_10", "source_model": "msft-buildings", "centroid_wkt": "POINT (76.93230407978942 43.30389004193712)", "bbox": [76.93224976579536, 43.30384886746983, 76.93235839378589, 43.30393121639919], "pixel_bbox": [912, 3056, 1074, 3179], "area_m2": 63.338}}, {"type": "Feature", "geometry": {"type": "Polygon", "coordinates": [[[76.9360081374714, 43.30550700042584], [76.93601483501948, 43.3054765511], [76.93587361544617, 43.30546009464809], [76.9358761270267, 43.30544867614389], [76.93575711386002, 43.30543480741971], [76.93574413182841, 43.305493802370506], [76.93582392286802, 43.30550310049205], [76.93582769023881, 43.305485972747036], [76.9360081374714, 43.30550700042584]]]}, "properties": {"id": 255, "class": "building", "confidence": 100.0, "source": "Almaty_10", "source_model": "msft-buildings", "centroid_wkt": "POINT (76.9358606962937 43.30547459526931)", "bbox": [76.93574413182841, 43.30543480741971, 76.93601483501948, 43.30550700042584], "pixel_bbox": [6124, 706, 6527, 814], "area_m2": 98.457}}, {"type": "Feature", "geometry": {"type": "Polygon", "coordinates": [[[76.93269288672236, 43.30495026834404], [76.93280801392585, 43.30495382757053], [76.93281188120626, 43.30488758318736], [76.93269675400282, 43.30488402395698], [76.93269288672236, 43.30495026834404]]]}, "properties": {"id": 256, "class": "building", "confidence": 100.0, "source": "Almaty_10", "source_model": "msft-buildings", "centroid_wkt": "POINT (76.93275238396377 43.3049189257647)", "bbox": [76.93269288672236, 43.30488402395698, 76.93281188120626, 43.30495382757053], "pixel_bbox": [1573, 1531, 1751, 1635], "area_m2": 68.871}}, {"type": "Feature", "geometry": {"type": "Polygon", "coordinates": [[[76.93443072303117, 43.30510410739285], [76.93443426889726, 43.30506720217721], [76.93436220156515, 43.30506353533601], [76.93435865569907, 43.30510044055387], [76.93443072303117, 43.30510410739285]]]}, "properties": {"id": 257, "class": "building", "confidence": 100.0, "source": "Almaty_10", "source_model": "msft-buildings", "centroid_wkt": "POINT (76.9343964622978 43.30508382136496)", "bbox": [76.93435865569907, 43.30506353533601, 76.93443426889726, 43.30510410739285], "pixel_bbox": [4057, 1307, 4170, 1367], "area_m2": 24.092}}, {"type": "Feature", "geometry": {"type": "Polygon", "coordinates": [[[76.93657313781199, 43.30391460217717], [76.9366044975112, 43.30379197315601], [76.93646450480932, 43.303773021040016], [76.93644568898982, 43.30384659850533], [76.93640161721328, 43.303840632104446], [76.93638907333361, 43.30388968370334], [76.93657313781199, 43.30391460217717]]]}, "properties": {"id": 258, "class": "building", "confidence": 100.0, "source": "Almaty_10", "source_model": "msft-buildings", "centroid_wkt": "POINT (76.93650747603346 43.30384653267692)", "bbox": [76.93638907333361, 43.303773021040016, 76.9366044975112, 43.30391460217717], "pixel_bbox": [7085, 3081, 7407, 3292], "area_m2": 180.27}}, {"type": "Feature", "geometry": {"type": "Polygon", "coordinates": [[[76.93680950770694, 43.30467274738451], [76.93680601936232, 43.304596708606134], [76.93679262327896, 43.304597034741015], [76.9367907119523, 43.304555371688735], [76.93670357607759, 43.30455748862206], [76.93670898726005, 43.304675194605956], [76.93680950770694, 43.30467274738451]]]}, "properties": {"id": 259, "class": "building", "confidence": 100.0, "source": "Almaty_10", "source_model": "msft-buildings", "centroid_wkt": "POINT (76.93675447404135 43.30461705262585)", "bbox": [76.93670357607759, 43.304555371688735, 76.93680950770694, 43.304675194605956], "pixel_bbox": [7554, 1947, 7712, 2125], "area_m2": 101.741}}, {"type": "Feature", "geometry": {"type": "Polygon", "coordinates": [[[76.9317728935518, 43.3045953398027], [76.93178087570314, 43.30453933743839], [76.93172110566158, 43.30453482590988], [76.93171312883902, 43.30459082868059], [76.9317728935518, 43.3045953398027]]]}, "properties": {"id": 260, "class": "building", "confidence": 100.0, "source": "Almaty_10", "source_model": "msft-buildings", "centroid_wkt": "POINT (76.93174700099782 43.30456508254172)", "bbox": [76.93171312883902, 43.30453482590988, 76.93178087570314, 43.3045953398027], "pixel_bbox": [112, 2066, 213, 2156], "area_m2": 30.496}}, {"type": "Feature", "geometry": {"type": "Polygon", "coordinates": [[[76.93255964516788, 43.30562502885271], [76.93255310947414, 43.305726302363304], [76.93267086734579, 43.3057303207172], [76.93267740303955, 43.3056290472133], [76.93255964516788, 43.30562502885271]]]}, "properties": {"id": 261, "class": "building", "confidence": 100.0, "source": "Almaty_10", "source_model": "msft-buildings", "centroid_wkt": "POINT (76.9326152562562 43.30567767478657)", "bbox": [76.93255310947414, 43.30562502885271, 76.93267740303955, 43.3057303207172], "pixel_bbox": [1365, 373, 1550, 530], "area_m2": 107.736}}, {"type": "Feature", "geometry": {"type": "Polygon", "coordinates": [[[76.93357997211031, 43.30395140346756], [76.93365297116338, 43.30396041969927], [76.93366580325629, 43.30390539915354], [76.93359280420317, 43.30389638291366], [76.93357997211031, 43.30395140346756]]]}, "properties": {"id": 262, "class": "building", "confidence": 100.0, "source": "Almaty_10", "source_model": "msft-buildings", "centroid_wkt": "POINT (76.93362288768245 43.30392840130828)", "bbox": [76.93357997211031, 43.30389638291366, 76.93366580325629, 43.30396041969927], "pixel_bbox": [2896, 3013, 3024, 3108], "area_m2": 37.248}}, {"type": "Feature", "geometry": {"type": "Polygon", "coordinates": [[[76.93531146756231, 43.30543923219892], [76.93530959883435, 43.30549775649241], [76.9354945713851, 43.30550088423094], [76.93549718760431, 43.30541895020847], [76.93541140323293, 43.30541749966115], [76.9354106557417, 43.30544090939367], [76.93531146756231, 43.30543923219892]]]}, "properties": {"id": 263, "class": "building", "confidence": 100.0, "source": "Almaty_10", "source_model": "msft-buildings", "centroid_wkt": "POINT (76.93541098461368 43.30546377894923)", "bbox": [76.93530959883435, 43.30541749966115, 76.93549718760431, 43.30550088423094], "pixel_bbox": [5476, 715, 5755, 840], "area_m2": 115.745}}, {"type": "Feature", "geometry": {"type": "Polygon", "coordinates": [[[76.93564088288562, 43.30585326558754], [76.9356702496353, 43.305734132300984], [76.9356091331091, 43.305726154362425], [76.93561193099961, 43.30571480845948], [76.93555870840224, 43.30570786096477], [76.93552654481933, 43.305838340322836], [76.93564088288562, 43.30585326558754]]]}, "properties": {"id": 264, "class": "building", "confidence": 100.0, "source": "Almaty_10", "source_model": "msft-buildings", "centroid_wkt": "POINT (76.93559778271539 43.30578329757512)", "bbox": [76.93552654481933, 43.30570786096477, 76.9356702496353, 43.30585326558754], "pixel_bbox": [5799, 190, 6013, 407], "area_m2": 132.354}}, {"type": "Feature", "geometry": {"type": "Polygon", "coordinates": [[[76.935758515434, 43.304289020976306], [76.93571479238867, 43.3042852307627], [76.93570326114661, 43.30435567620589], [76.9357469771521, 43.3043594680314], [76.935758515434, 43.304289020976306]]]}, "properties": {"id": 265, "class": "building", "confidence": 100.0, "source": "Almaty_10", "source_model": "msft-buildings", "centroid_wkt": "POINT (76.93573088679057 43.304322348106794)", "bbox": [76.93570326114661, 43.3042852307627, 76.935758515434, 43.3043594680314], "pixel_bbox": [6063, 2417, 6145, 2528], "area_m2": 28.157}}, {"type": "Feature", "geometry": {"type": "Polygon", "coordinates": [[[76.93281133174403, 43.30593677543028], [76.93296767627079, 43.3059493327304], [76.932982894691, 43.30584905888561], [76.93282655016424, 43.3058365015648], [76.93281133174403, 43.30593677543028]]]}, "properties": {"id": 266, "class": "building", "confidence": 100.0, "source": "Almaty_10", "source_model": "msft-buildings", "centroid_wkt": "POINT (76.93289711321489 43.3058929171524)", "bbox": [76.93281133174403, 43.3058365015648, 76.932982894691, 43.3059493327304], "pixel_bbox": [1750, 46, 2006, 215], "area_m2": 143.038}}, {"type": "Feature", "geometry": {"type": "Polygon", "coordinates": [[[76.93436117537878, 43.3054425610099], [76.93431675948865, 43.305447834111014], [76.9343299674449, 43.30550677379592], [76.93437438333503, 43.30550150069991], [76.93436117537878, 43.3054425610099]]]}, "properties": {"id": 267, "class": "building", "confidence": 100.0, "source": "Almaty_10", "source_model": "msft-buildings", "centroid_wkt": "POINT (76.93434557141214 43.30547466740402)", "bbox": [76.93431675948865, 43.3054425610099, 76.93437438333503, 43.30550677379592], "pixel_bbox": [3995, 706, 4081, 802], "area_m2": 24.225}}, {"type": "Feature", "geometry": {"type": "Polygon", "coordinates": [[[76.93470862932256, 43.30541914080077], [76.93472042297712, 43.30529006233849], [76.93464165492365, 43.305286251151166], [76.93462987326436, 43.305415334213095], [76.93470862932256, 43.30541914080077]]]}, "properties": {"id": 268, "class": "building", "confidence": 100.0, "source": "Almaty_10", "source_model": "msft-buildings", "centroid_wkt": "POINT (76.93467514507257 43.305352695427906)", "bbox": [76.93462987326436, 43.305286251151166, 76.93472042297712, 43.30541914080077], "pixel_bbox": [4462, 837, 4597, 1035], "area_m2": 92.048}}, {"type": "Feature", "geometry": {"type": "Polygon", "coordinates": [[[76.93190329597785, 43.30592677451233], [76.9318214244435, 43.305913673007794], [76.93180113203672, 43.30598082393408], [76.93188696272891, 43.30598082393408], [76.93190329597785, 43.30592677451233]]]}, "properties": {"id": 269, "class": "building", "confidence": 100.0, "source": "Almaty_10", "source_model": "msft-buildings", "centroid_wkt": "POINT (76.93185169310834 43.305950405826685)", "bbox": [76.93180113203672, 43.305913673007794, 76.93190329597785, 43.30598082393408], "pixel_bbox": [243, 0, 396, 100], "area_m2": 46.885}}, {"type": "Feature", "geometry": {"type": "Polygon", "coordinates": [[[76.93308211436215, 43.3049376408386], [76.93305107360379, 43.30505428277249], [76.93319584772684, 43.305074685502234], [76.93322688848521, 43.304958043607506], [76.93308211436215, 43.3049376408386]]]}, "properties": {"id": 270, "class": "building", "confidence": 100.0, "source": "Almaty_10", "source_model": "msft-buildings", "centroid_wkt": "POINT (76.93313898104077 43.30500616317899)", "bbox": [76.93305107360379, 43.3049376408386, 76.93322688848521, 43.305074685502234], "pixel_bbox": [2107, 1351, 2370, 1555], "area_m2": 157.928}}, {"type": "Feature", "geometry": {"type": "Polygon", "coordinates": [[[76.93437293334578, 43.304692861352954], [76.9344938645388, 43.30471314998143], [76.93451650575885, 43.30464166053753], [76.9343955792417, 43.30462137882869], [76.93437293334578, 43.304692861352954]]]}, "properties": {"id": 271, "class": "building", "confidence": 100.0, "source": "Almaty_10", "source_model": "msft-buildings", "centroid_wkt": "POINT (76.9344447214408 43.304667263134164)", "bbox": [76.93437293334578, 43.30462137882869, 76.93451650575885, 43.30471314998143], "pixel_bbox": [4079, 1890, 4293, 2027], "area_m2": 82.066}}, {"type": "Feature", "geometry": {"type": "Polygon", "coordinates": [[[76.93590218487947, 43.30560370725939], [76.93589813216182, 43.305671127965], [76.93600521529635, 43.30567454208859], [76.93600926834117, 43.30560711594329], [76.93590218487947, 43.30560370725939]]]}, "properties": {"id": 272, "class": "building", "confidence": 100.0, "source": "Almaty_10", "source_model": "msft-buildings", "centroid_wkt": "POINT (76.93595370088966 43.30563912333699)", "bbox": [76.93589813216182, 43.30560370725939, 76.93600926834117, 43.30567454208859], "pixel_bbox": [6353, 456, 6519, 562], "area_m2": 65.205}}, {"type": "Feature", "geometry": {"type": "Polygon", "coordinates": [[[76.93669350791173, 43.30534009569716], [76.93671882327482, 43.305271603182646], [76.93655623853334, 43.30523978876675], [76.93653092602437, 43.30530827359505], [76.93669350791173, 43.30534009569716]]]}, "properties": {"id": 273, "class": "building", "confidence": 100.0, "source": "Almaty_10", "source_model": "msft-buildings", "centroid_wkt": "POINT (76.93662487545721 43.305289940607636)", "bbox": [76.93653092602437, 43.30523978876675, 76.93671882327482, 43.30534009569716], "pixel_bbox": [7297, 955, 7577, 1105], "area_m2": 107.634}}, {"type": "Feature", "geometry": {"type": "Polygon", "coordinates": [[[76.93225424989183, 43.305745283614414], [76.93240791526937, 43.30575171687485], [76.93241375969099, 43.30567779105762], [76.93235227239381, 43.3056752168651], [76.93235442560179, 43.30564798101389], [76.93226223782402, 43.305644121530435], [76.93225424989183, 43.305745283614414]]]}, "properties": {"id": 274, "class": "building", "confidence": 100.0, "source": "Almaty_10", "source_model": "msft-buildings", "centroid_wkt": "POINT (76.93232916149813 43.30570214834722)", "bbox": [76.93225424989183, 43.305644121530435, 76.93241375969099, 43.30575171687485], "pixel_bbox": [919, 341, 1157, 502], "area_m2": 125.447}}, {"type": "Feature", "geometry": {"type": "Polygon", "coordinates": [[[76.93316464539556, 43.30493751099068], [76.93317014930497, 43.30491885194045], [76.93325219936855, 43.30493166880716], [76.93326070891406, 43.30490282020998], [76.93328634919068, 43.30490682673055], [76.93329930526015, 43.30486290374696], [76.93309036742762, 43.3048302659683], [76.93306338986557, 43.30492169407987], [76.93316464539556, 43.30493751099068]]]}, "properties": {"id": 275, "class": "building", "confidence": 100.0, "source": "Almaty_10", "source_model": "msft-buildings", "centroid_wkt": "POINT (76.93317247133915 43.304885638591216)", "bbox": [76.93306338986557, 43.3048302659683, 76.93329930526015, 43.30493751099068], "pixel_bbox": [2126, 1555, 2478, 1715], "area_m2": 154.214}}, {"type": "Feature", "geometry": {"type": "Polygon", "coordinates": [[[76.9357647149254, 43.305382708652004], [76.93575955634816, 43.3054284733864], [76.93583817555374, 43.30543316629203], [76.93584333020677, 43.30538739732293], [76.9357647149254, 43.305382708652004]]]}, "properties": {"id": 276, "class": "building", "confidence": 100.0, "source": "Almaty_10", "source_model": "msft-buildings", "centroid_wkt": "POINT (76.93580144480347 43.30540793665937)", "bbox": [76.93575955634816, 43.305382708652004, 76.93584333020677, 43.30543316629203], "pixel_bbox": [6147, 816, 6271, 891], "area_m2": 32.651}}, {"type": "Feature", "geometry": {"type": "Polygon", "coordinates": [[[76.93625890045737, 43.3045255404681], [76.93625212410798, 43.30461776299361], [76.93641120648581, 43.30462394512109], [76.93641797339804, 43.30453173034013], [76.93625890045737, 43.3045255404681]]]}, "properties": {"id": 277, "class": "building", "confidence": 100.0, "source": "Almaty_10", "source_model": "msft-buildings", "centroid_wkt": "POINT (76.93633504991821 43.30457474511273)", "bbox": [76.93625212410798, 43.3045255404681, 76.93641797339804, 43.30462394512109], "pixel_bbox": [6881, 2023, 7128, 2170], "area_m2": 132.616}}, {"type": "Feature", "geometry": {"type": "Polygon", "coordinates": [[[76.9351254482632, 43.304808329554916], [76.93510631010201, 43.30488988312519], [76.93522747297736, 43.3049049343118], [76.93524660351714, 43.304823379814955], [76.9351254482632, 43.304808329554916]]]}, "properties": {"id": 278, "class": "building", "confidence": 100.0, "source": "Almaty_10", "source_model": "msft-buildings", "centroid_wkt": "POINT (76.93517645861228 43.30485663212867)", "bbox": [76.93510631010201, 43.304808329554916, 76.93524660351714, 43.3049049343118], "pixel_bbox": [5172, 1604, 5382, 1748], "area_m2": 91.665}}, {"type": "Feature", "geometry": {"type": "Polygon", "coordinates": [[[76.93628424295868, 43.30541340859823], [76.93629081028033, 43.305355245308085], [76.93618690562975, 43.305349032481914], [76.93618033830808, 43.30540719577799], [76.93628424295868, 43.30541340859823]]]}, "properties": {"id": 279, "class": "building", "confidence": 100.0, "source": "Almaty_10", "source_model": "msft-buildings", "centroid_wkt": "POINT (76.93623557429335 43.30538122054148)", "bbox": [76.93618033830808, 43.305349032481914, 76.93629081028033, 43.30541340859823], "pixel_bbox": [6774, 846, 6939, 942], "area_m2": 54.844}}, {"type": "Feature", "geometry": {"type": "Polygon", "coordinates": [[[76.9317916925404, 43.3054199104119], [76.93193906458653, 43.305423325580364], [76.93194307501004, 43.30533168081536], [76.93179570296391, 43.30532826564173], [76.9317916925404, 43.3054199104119]]]}, "properties": {"id": 280, "class": "building", "confidence": 100.0, "source": "Almaty_10", "source_model": "msft-buildings", "centroid_wkt": "POINT (76.93186738377453 43.305375795612306)", "bbox": [76.9317916925404, 43.30532826564173, 76.93194307501004, 43.305423325580364], "pixel_bbox": [229, 831, 455, 973], "area_m2": 121.867}}, {"type": "Feature", "geometry": {"type": "Polygon", "coordinates": [[[76.9319878498934, 43.30560964881603], [76.9319852388174, 43.305644679196035], [76.9320708177224, 43.30564805714005], [76.93207698395257, 43.30556533053256], [76.93194861510922, 43.305560270128396], [76.9319450604409, 43.30560795984299], [76.9319878498934, 43.30560964881603]]]}, "properties": {"id": 281, "class": "building", "confidence": 100.0, "source": "Almaty_10", "source_model": "msft-buildings", "centroid_wkt": "POINT (76.93201704227243 43.305600520366575)", "bbox": [76.9319450604409, 43.305560270128396, 76.93207698395257, 43.30564805714005], "pixel_bbox": [458, 496, 655, 627], "area_m2": 82.451}}, {"type": "Feature", "geometry": {"type": "Polygon", "coordinates": [[[76.9367117220781, 43.303219698228915], [76.93662890695002, 43.30321587246354], [76.93662223726362, 43.30329241823554], [76.93675313917369, 43.303298458764836], [76.93676127024739, 43.30320514113338], [76.93671318383142, 43.30320292216011], [76.9367117220781, 43.303219698228915]]]}, "properties": {"id": 282, "class": "building", "confidence": 100.0, "source": "Almaty_10", "source_model": "msft-buildings", "centroid_wkt": "POINT (76.93669441067381 43.30325383276323)", "bbox": [76.93662223726362, 43.30320292216011, 76.93676127024739, 43.303298458764836], "pixel_bbox": [7433, 4000, 7640, 4142], "area_m2": 97.985}}, {"type": "Feature", "geometry": {"type": "Polygon", "coordinates": [[[76.93164990584374, 43.304401840603916], [76.93163763731718, 43.30439945424825], [76.93163763731718, 43.30443524303194], [76.93164990584374, 43.304401840603916]]]}, "properties": {"id": 283, "class": "building", "confidence": 100.0, "source": "Almaty_10", "source_model": "msft-buildings", "centroid_wkt": "POINT (76.93164172682603 43.3044121792947)", "bbox": [76.93163763731718, 43.30439945424825, 76.93164990584374, 43.30443524303194], "pixel_bbox": [0, 2304, 18, 2358], "area_m2": 1.979}}, {"type": "Feature", "geometry": {"type": "Polygon", "coordinates": [[[76.93465520035534, 43.30527852884748], [76.93465919714492, 43.30523774701143], [76.93452576537369, 43.30523082200156], [76.93452176858412, 43.30527160384226], [76.93465520035534, 43.30527852884748]]]}, "properties": {"id": 284, "class": "building", "confidence": 100.0, "source": "Almaty_10", "source_model": "msft-buildings", "centroid_wkt": "POINT (76.93459048286324 43.3052546754256)", "bbox": [76.93452176858412, 43.30523082200156, 76.93465919714492, 43.30527852884748], "pixel_bbox": [4301, 1047, 4506, 1118], "area_m2": 49.301}}, {"type": "Feature", "geometry": {"type": "Polygon", "coordinates": [[[76.9350043691117, 43.303853300810665], [76.93500682496085, 43.30389502518428], [76.93507643447549, 43.30389285185457], [76.93507397883464, 43.30385113101838], [76.9350043691117, 43.303853300810665]]]}, "properties": {"id": 285, "class": "building", "confidence": 100.0, "source": "Almaty_10", "source_model": "msft-buildings", "centroid_wkt": "POINT (76.93504040135385 43.30387307723231)", "bbox": [76.9350043691117, 43.30385113101838, 76.93507643447549, 43.30389502518428], "pixel_bbox": [5020, 3110, 5128, 3176], "area_m2": 26.228}}, {"type": "Feature", "geometry": {"type": "Polygon", "coordinates": [[[76.93326486187264, 43.30450713877445], [76.93315577026401, 43.3044927924783], [76.93313184103015, 43.30458919215733], [76.93330327070083, 43.30461173629972], [76.93331406231611, 43.30456826196971], [76.93325172425405, 43.30456006409485], [76.93326486187264, 43.30450713877445]]]}, "properties": {"id": 286, "class": "building", "confidence": 100.0, "source": "Almaty_10", "source_model": "msft-buildings", "centroid_wkt": "POINT (76.93321456844535 43.304555897295074)", "bbox": [76.93313184103015, 43.3044927924783, 76.93331406231611, 43.30461173629972], "pixel_bbox": [2228, 2041, 2500, 2219], "area_m2": 123.119}}, {"type": "Feature", "geometry": {"type": "Polygon", "coordinates": [[[76.93365314877184, 43.30486505920799], [76.93371031251868, 43.30486884118971], [76.93371659595186, 43.30481850794338], [76.93365943700617, 43.30481472627617], [76.93365314877184, 43.30486505920799]]]}, "properties": {"id": 287, "class": "building", "confidence": 100.0, "source": "Almaty_10", "source_model": "msft-buildings", "centroid_wkt": "POINT (76.93368487351785 43.30484178400657)", "bbox": [76.93365314877184, 43.30481472627617, 76.93371659595186, 43.30486884118971], "pixel_bbox": [3005, 1658, 3100, 1739], "area_m2": 26.149}}, {"type": "Feature", "geometry": {"type": "Polygon", "coordinates": [[[76.93374923638503, 43.30295954411912], [76.93393261083096, 43.302985733181046], [76.9339452823022, 43.30293874429934], [76.93377943941006, 43.302915059030056], [76.9337612326544, 43.302915059030056], [76.93374923638503, 43.30295954411912]]]}, "properties": {"id": 288, "class": "building", "confidence": 100.0, "source": "Almaty_10", "source_model": "msft-buildings", "centroid_wkt": "POINT (76.93384746294883 43.30294923337698)", "bbox": [76.93374923638503, 43.302915059030056, 76.9339452823022, 43.302985733181046], "pixel_bbox": [3149, 4466, 3441, 4572], "area_m2": 80.46}}, {"type": "Feature", "geometry": {"type": "Polygon", "coordinates": [[[76.9368404274816, 43.304060577081025], [76.93682344204282, 43.30411020051738], [76.93685252219439, 43.304115470358], [76.93685252219439, 43.304062768859865], [76.9368404274816, 43.304060577081025]]]}, "properties": {"id": 289, "class": "building", "confidence": 100.0, "source": "Almaty_10", "source_model": "msft-buildings", "centroid_wkt": "POINT (76.93684164457603 43.30409077179076)", "bbox": [76.93682344204282, 43.304060577081025, 76.93685252219439, 43.304115470358], "pixel_bbox": [7733, 2781, 7777, 2863], "area_m2": 9.78}}, {"type": "Feature", "geometry": {"type": "Polygon", "coordinates": [[[76.93205900241787, 43.305268068517854], [76.93207331772385, 43.305196371160996], [76.93201290175254, 43.30518998621661], [76.93199858704824, 43.30526168056755], [76.93205900241787, 43.305268068517854]]]}, "properties": {"id": 290, "class": "building", "confidence": 100.0, "source": "Almaty_10", "source_model": "msft-buildings", "centroid_wkt": "POINT (76.93203595244674 43.305229026637925)", "bbox": [76.93199858704824, 43.30518998621661, 76.93207331772385, 43.305268068517854], "pixel_bbox": [538, 1062, 649, 1179], "area_m2": 39.869}}, {"type": "Feature", "geometry": {"type": "Polygon", "coordinates": [[[76.93497503328464, 43.303415975709086], [76.93498406645338, 43.30335618867829], [76.93492841288958, 43.303351735505366], [76.93491937972088, 43.30341152254055], [76.93497503328464, 43.303415975709086]]]}, "properties": {"id": 291, "class": "building", "confidence": 100.0, "source": "Almaty_10", "source_model": "msft-buildings", "centroid_wkt": "POINT (76.93495172308677 43.30338385560823)", "bbox": [76.93491937972088, 43.303351735505366, 76.93498406645338, 43.303415975709086], "pixel_bbox": [4894, 3824, 4990, 3920], "area_m2": 30.357}}, {"type": "Feature", "geometry": {"type": "Polygon", "coordinates": [[[76.93677132774746, 43.30488251512256], [76.9366363709215, 43.304876755044475], [76.93662905233357, 43.30496745298196], [76.93676401730045, 43.30497322027291], [76.93677132774746, 43.30488251512256]]]}, "properties": {"id": 292, "class": "building", "confidence": 100.0, "source": "Almaty_10", "source_model": "msft-buildings", "centroid_wkt": "POINT (76.93670019288483 43.30492498637855)", "bbox": [76.93662905233357, 43.304876755044475, 76.93677132774746, 43.30497322027291], "pixel_bbox": [7443, 1502, 7655, 1646], "area_m2": 110.724}}, {"type": "Feature", "geometry": {"type": "Polygon", "coordinates": [[[76.93674227679202, 43.304446995120415], [76.93673775528214, 43.30453079739219], [76.93685252219439, 43.30453407661957], [76.93685252219439, 43.304450145159336], [76.93674227679202, 43.304446995120415]]]}, "properties": {"id": 293, "class": "building", "confidence": 100.0, "source": "Almaty_10", "source_model": "msft-buildings", "centroid_wkt": "POINT (76.93679626154379 43.304490784449975)", "bbox": [76.93673775528214, 43.304446995120415, 76.93685252219439, 43.30453407661957], "pixel_bbox": [7605, 2157, 7777, 2287], "area_m2": 85.12}}, {"type": "Feature", "geometry": {"type": "Polygon", "coordinates": [[[76.93356252028, 43.30390462144115], [76.93345066804532, 43.303893033877934], [76.93344281263536, 43.30393321025401], [76.93355466108284, 43.30394479741721], [76.93356252028, 43.30390462144115]]]}, "properties": {"id": 294, "class": "building", "confidence": 100.0, "source": "Almaty_10", "source_model": "msft-buildings", "centroid_wkt": "POINT (76.93350266553132 43.303918915633986)", "bbox": [76.93344281263536, 43.303893033877934, 76.93356252028, 43.30394479741721], "pixel_bbox": [2692, 3036, 2870, 3113], "area_m2": 41.329}}, {"type": "Feature", "geometry": {"type": "Polygon", "coordinates": [[[76.93378753505557, 43.304702244103964], [76.93378386311, 43.30475872258217], [76.93385879747251, 43.30476129875586], [76.93386075313222, 43.30473121861075], [76.93390357262649, 43.30473269288671], [76.93390528905381, 43.30470629238062], [76.93378753505557, 43.304702244103964]]]}, "properties": {"id": 295, "class": "building", "confidence": 100.0, "source": "Almaty_10", "source_model": "msft-buildings", "centroid_wkt": "POINT (76.93383578348259 43.304729027839045)", "bbox": [76.93378386311, 43.304702244103964, 76.93390528905381, 43.30476129875586], "pixel_bbox": [3200, 1818, 3381, 1906], "area_m2": 48.447}}, {"type": "Feature", "geometry": {"type": "Polygon", "coordinates": [[[76.93541332773881, 43.305588034934665], [76.93541433435824, 43.30552753613769], [76.93529901627684, 43.30552652005659], [76.93529800965742, 43.30558701885455], [76.93541332773881, 43.305588034934665]]]}, "properties": {"id": 296, "class": "building", "confidence": 100.0, "source": "Almaty_10", "source_model": "msft-buildings", "centroid_wkt": "POINT (76.93535617200767 43.305557277495865)", "bbox": [76.93529800965742, 43.30552652005659, 76.93541433435824, 43.305588034934665], "pixel_bbox": [5458, 585, 5632, 677], "area_m2": 62.897}}, {"type": "Feature", "geometry": {"type": "Polygon", "coordinates": [[[76.93491622549385, 43.305184049197265], [76.9349116002007, 43.30526002328337], [76.93499190909404, 43.305262608324675], [76.93499385594956, 43.30523062970124], [76.93515447323918, 43.305235807950744], [76.93515715217386, 43.305191804330576], [76.93491622549385, 43.305184049197265]]]}, "properties": {"id": 297, "class": "building", "confidence": 100.0, "source": "Almaty_10", "source_model": "msft-buildings", "centroid_wkt": "POINT (76.93501923973449 43.30521682991834)", "bbox": [76.9349116002007, 43.305184049197265, 76.93515715217386, 43.305262608324675], "pixel_bbox": [4882, 1071, 5248, 1188], "area_m2": 118.935}}, {"type": "Feature", "geometry": {"type": "Polygon", "coordinates": [[[76.93555747972081, 43.303892085262675], [76.93557029414832, 43.303791449806795], [76.93551976605346, 43.303788042445476], [76.9355069516259, 43.30388867790699], [76.93555747972081, 43.303892085262675]]]}, "properties": {"id": 298, "class": "building", "confidence": 100.0, "source": "Almaty_10", "source_model": "msft-buildings", "centroid_wkt": "POINT (76.93553862288691 43.303840063855354)", "bbox": [76.9355069516259, 43.303788042445476, 76.93557029414832, 43.303892085262675], "pixel_bbox": [5770, 3114, 5864, 3270], "area_m2": 46.231}}, {"type": "Feature", "geometry": {"type": "Polygon", "coordinates": [[[76.93575150600196, 43.305797846176084], [76.93573403736588, 43.3058624827407], [76.9358645103247, 43.30588114888666], [76.93588197124717, 43.30581651788309], [76.93575150600196, 43.305797846176084]]]}, "properties": {"id": 299, "class": "building", "confidence": 100.0, "source": "Almaty_10", "source_model": "msft-buildings", "centroid_wkt": "POINT (76.93580800508884 43.30583949901405)", "bbox": [76.93573403736588, 43.305797846176084, 76.93588197124717, 43.30588114888666], "pixel_bbox": [6108, 148, 6329, 272], "area_m2": 78.952}}, {"type": "Feature", "geometry": {"type": "Polygon", "coordinates": [[[76.93604227213785, 43.30338977798387], [76.93610303829576, 43.30339523138948], [76.93611151424135, 43.3033452418645], [76.93605074808349, 43.3033397884544], [76.93604227213785, 43.30338977798387]]]}, "properties": {"id": 300, "class": "building", "confidence": 100.0, "source": "Almaty_10", "source_model": "msft-buildings", "centroid_wkt": "POINT (76.93607689318918 43.30336750992297)", "bbox": [76.93604227213785, 43.3033397884544, 76.93611151424135, 43.30339523138948], "pixel_bbox": [6568, 3855, 6671, 3938], "area_m2": 27.799}}, {"type": "Feature", "geometry": {"type": "Polygon", "coordinates": [[[76.93380193066268, 43.30535270554209], [76.93370646580883, 43.30534526643031], [76.93370264668931, 43.30537122021968], [76.9339253996655, 43.30538856692186], [76.93393376053459, 43.30533174852998], [76.93380647406278, 43.30532182971064], [76.93380193066268, 43.30535270554209]]]}, "properties": {"id": 301, "class": "building", "confidence": 100.0, "source": "Almaty_10", "source_model": "msft-buildings", "centroid_wkt": "POINT (76.93383693904643 43.305356925029784)", "bbox": [76.93370264668931, 43.30532182971064, 76.93393376053459, 43.30538856692186], "pixel_bbox": [3079, 883, 3424, 982], "area_m2": 88.531}}, {"type": "Feature", "geometry": {"type": "Polygon", "coordinates": [[[76.9353564671849, 43.3038691237222], [76.93548519624888, 43.30389256982973], [76.9355231001364, 43.30378235854422], [76.93539437107238, 43.30375891239419], [76.9353564671849, 43.3038691237222]]]}, "properties": {"id": 302, "class": "building", "confidence": 100.0, "source": "Almaty_10", "source_model": "msft-buildings", "centroid_wkt": "POINT (76.93543978365709 43.303825741120896)", "bbox": [76.9353564671849, 43.30375891239419, 76.9355231001364, 43.30389256982973], "pixel_bbox": [5545, 3114, 5794, 3313], "area_m2": 135.901}}, {"type": "Feature", "geometry": {"type": "Polygon", "coordinates": [[[76.93556939344026, 43.30300531403139], [76.93566845931096, 43.30300835158133], [76.93567015146014, 43.302979124327884], [76.93562463470873, 43.30297772869618], [76.9356282630455, 43.302915059030056], [76.93557461886478, 43.302915059030056], [76.93556939344026, 43.30300531403139]]]}, "properties": {"id": 303, "class": "building", "confidence": 100.0, "source": "Almaty_10", "source_model": "msft-buildings", "centroid_wkt": "POINT (76.93560909966465 43.302967551016756)", "bbox": [76.93556939344026, 43.302915059030056, 76.93567015146014, 43.30300835158133], "pixel_bbox": [5863, 4432, 6013, 4572], "area_m2": 56.055}}, {"type": "Feature", "geometry": {"type": "Polygon", "coordinates": [[[76.93374654246001, 43.30543069825451], [76.93357399071405, 43.30541790248709], [76.93356816183571, 43.30545952727178], [76.93369292914055, 43.3054687858791], [76.93369605372106, 43.30544647284691], [76.9337438372815, 43.305450016288795], [76.93374654246001, 43.30543069825451]]]}, "properties": {"id": 304, "class": "building", "confidence": 100.0, "source": "Almaty_10", "source_model": "msft-buildings", "centroid_wkt": "POINT (76.93364671680668 43.305442624839024)", "bbox": [76.93356816183571, 43.30541790248709, 76.93374654246001, 43.3054687858791], "pixel_bbox": [2879, 763, 3145, 839], "area_m2": 55.711}}, {"type": "Feature", "geometry": {"type": "Polygon", "coordinates": [[[76.9349256128124, 43.30501114645225], [76.93493387895782, 43.304965086550766], [76.93461606563068, 43.304934898162024], [76.9346078038409, 43.30498095850012], [76.9349256128124, 43.30501114645225]]]}, "properties": {"id": 305, "class": "building", "confidence": 100.0, "source": "Almaty_10", "source_model": "msft-buildings", "centroid_wkt": "POINT (76.93477084030697 43.30497302236241)", "bbox": [76.9346078038409, 43.304934898162024, 76.93493387895782, 43.30501114645225], "pixel_bbox": [4429, 1446, 4915, 1559], "area_m2": 134.202}}, {"type": "Feature", "geometry": {"type": "Polygon", "coordinates": [[[76.93488207408771, 43.305629474615586], [76.93481453359607, 43.3056240773807], [76.93479504683758, 43.30575329452626], [76.93489437805259, 43.305761232175726], [76.93490252690438, 43.30570723143112], [76.93487072390127, 43.30570469002152], [76.93488207408771, 43.305629474615586]]]}, "properties": {"id": 306, "class": "building", "confidence": 100.0, "source": "Almaty_10", "source_model": "msft-buildings", "centroid_wkt": "POINT (76.93484579189621 43.305698219525524)", "bbox": [76.93479504683758, 43.3056240773807, 76.93490252690438, 43.305761232175726], "pixel_bbox": [4708, 327, 4868, 532], "area_m2": 95.277}}, {"type": "Feature", "geometry": {"type": "Polygon", "coordinates": [[[76.93498314746418, 43.30549032543318], [76.93496265192583, 43.305589581016726], [76.93506232525866, 43.30560048023649], [76.93508282079704, 43.30550122467074], [76.93498314746418, 43.30549032543318]]]}, "properties": {"id": 307, "class": "building", "confidence": 100.0, "source": "Almaty_10", "source_model": "msft-buildings", "centroid_wkt": "POINT (76.93502273636003 43.30554540283882)", "bbox": [76.93496265192583, 43.30549032543318, 76.93508282079704, 43.30560048023649], "pixel_bbox": [4958, 567, 5137, 731], "area_m2": 91.191}}, {"type": "Feature", "geometry": {"type": "Polygon", "coordinates": [[[76.93560729434323, 43.30421431219743], [76.93579617250546, 43.30421989180907], [76.93579991767916, 43.304152867373816], [76.9356110336172, 43.30414727796143], [76.93560729434323, 43.30421431219743]]]}, "properties": {"id": 308, "class": "building", "confidence": 100.0, "source": "Almaty_10", "source_model": "msft-buildings", "centroid_wkt": "POINT (76.9357036022901 43.30418358707837)", "bbox": [76.93560729434323, 43.30414727796143, 76.93579991767916, 43.30421989180907], "pixel_bbox": [5919, 2626, 6207, 2734], "area_m2": 114.314}}, {"type": "Feature", "geometry": {"type": "Polygon", "coordinates": [[[76.93237653253084, 43.30394858854224], [76.9323671933229, 43.303988418993974], [76.93244538305868, 43.30399812810069], [76.93245472226664, 43.30395829765531], [76.93237653253084, 43.30394858854224]]]}, "properties": {"id": 309, "class": "building", "confidence": 100.0, "source": "Almaty_10", "source_model": "msft-buildings", "centroid_wkt": "POINT (76.93241095779376 43.30397335832287)", "bbox": [76.9323671933229, 43.30394858854224, 76.93245472226664, 43.30399812810069], "pixel_bbox": [1087, 2956, 1218, 3030], "area_m2": 28.891}}, {"type": "Feature", "geometry": {"type": "Polygon", "coordinates": [[[76.93627179519734, 43.303586902412135], [76.93634117764792, 43.303583290815205], [76.93633678745528, 43.303538625080634], [76.93626740500468, 43.303542236680215], [76.93627179519734, 43.303586902412135]]]}, "properties": {"id": 310, "class": "building", "confidence": 100.0, "source": "Almaty_10", "source_model": "msft-buildings", "centroid_wkt": "POINT (76.93630429132665 43.303562763747024)", "bbox": [76.93626740500468, 43.303538625080634, 76.93634117764792, 43.303586902412135], "pixel_bbox": [6904, 3570, 7014, 3642], "area_m2": 28.079}}, {"type": "Feature", "geometry": {"type": "Polygon", "coordinates": [[[76.93261032351805, 43.30573557944507], [76.93260810840323, 43.30577454984691], [76.93268575960894, 43.305776887170154], [76.93268797472375, 43.305737916769814], [76.93261032351805, 43.30573557944507]]]}, "properties": {"id": 311, "class": "building", "confidence": 100.0, "source": "Almaty_10", "source_model": "msft-buildings", "centroid_wkt": "POINT (76.93264804156324 43.30575623330797)", "bbox": [76.93260810840323, 43.30573557944507, 76.93268797472375, 43.305776887170154], "pixel_bbox": [1447, 304, 1566, 365], "area_m2": 27.324}}, {"type": "Feature", "geometry": {"type": "Polygon", "coordinates": [[[76.93396970130594, 43.30460791243601], [76.93396674475814, 43.30462521186367], [76.93411466051357, 43.304638599167795], [76.93412615819946, 43.30457132360295], [76.93406540708564, 43.304565825240175], [76.93406113651659, 43.304590813318065], [76.93395284105274, 43.304581011891564], [76.93395335258887, 43.304578018776624], [76.93384241482131, 43.30456798385304], [76.93384420377333, 43.30455751628228], [76.93378345265947, 43.30455201791824], [76.93377688255326, 43.30459046111947], [76.93396970130594, 43.30460791243601]]]}, "properties": {"id": 312, "class": "building", "confidence": 100.0, "source": "Almaty_10", "source_model": "msft-buildings", "centroid_wkt": "POINT (76.93397322282586 43.30459523478572)", "bbox": [76.93377688255326, 43.30455201791824, 76.93412615819946, 43.304638599167795], "pixel_bbox": [3190, 2001, 3711, 2130], "area_m2": 125.774}}, {"type": "Feature", "geometry": {"type": "Polygon", "coordinates": [[[76.93611811705149, 43.30506159178309], [76.9361513929552, 43.30506688972276], [76.93616931361592, 43.30500728285553], [76.93597733724835, 43.30497671778259], [76.9359672568767, 43.30501024666946], [76.93612595734055, 43.30503551378359], [76.93611811705149, 43.30506159178309]]]}, "properties": {"id": 313, "class": "building", "confidence": 100.0, "source": "Almaty_10", "source_model": "msft-buildings", "centroid_wkt": "POINT (76.93607664748059 43.305013806224764)", "bbox": [76.9359672568767, 43.30497671778259, 76.93616931361592, 43.30506688972276], "pixel_bbox": [6456, 1362, 6758, 1497], "area_m2": 68.996}}, {"type": "Feature", "geometry": {"type": "Polygon", "coordinates": [[[76.93592491850728, 43.302930276945105], [76.93621066749475, 43.302957929905], [76.93621850124326, 43.302915059030056], [76.93592770072233, 43.302915059030056], [76.93592491850728, 43.302930276945105]]]}, "properties": {"id": 314, "class": "building", "confidence": 100.0, "source": "Almaty_10", "source_model": "msft-buildings", "centroid_wkt": "POINT (76.9360933189307 43.302930678249126)", "bbox": [76.93592491850728, 43.302915059030056, 76.93621850124326, 43.302957929905], "pixel_bbox": [6393, 4508, 6831, 4572], "area_m2": 76.138}}, {"type": "Feature", "geometry": {"type": "Polygon", "coordinates": [[[76.93644949653138, 43.30332156008538], [76.93635585502672, 43.303324979786545], [76.93636189674636, 43.30341259602081], [76.93645553825098, 43.303409176324585], [76.93644949653138, 43.30332156008538]]]}, "properties": {"id": 315, "class": "building", "confidence": 100.0, "source": "Almaty_10", "source_model": "msft-buildings", "centroid_wkt": "POINT (76.9364056966393 43.30336707805429)", "bbox": [76.93635585502672, 43.30332156008538, 76.93645553825098, 43.30341259602081], "pixel_bbox": [7036, 3830, 7184, 3965], "area_m2": 74.145}}, {"type": "Feature", "geometry": {"type": "Polygon", "coordinates": [[[76.93182667512987, 43.30438253370452], [76.93188549000926, 43.30438499007632], [76.93188924850867, 43.30433733197732], [76.9318304338647, 43.304334872617886], [76.93182667512987, 43.30438253370452]]]}, "properties": {"id": 316, "class": "building", "confidence": 100.0, "source": "Almaty_10", "source_model": "msft-buildings", "centroid_wkt": "POINT (76.93185796157088 43.30435993208115)", "bbox": [76.93182667512987, 43.304334872617886, 76.93188924850867, 43.30438499007632], "pixel_bbox": [281, 2379, 375, 2454], "area_m2": 25.351}}, {"type": "Feature", "geometry": {"type": "Polygon", "coordinates": [[[76.93342925255342, 43.30514125782614], [76.9334500362034, 43.30503517094562], [76.93340534741372, 43.305030532300236], [76.93339260510348, 43.30509557345076], [76.93333477255213, 43.30508957050379], [76.93332673020986, 43.3051306213635], [76.93342925255342, 43.30514125782614]]]}, "properties": {"id": 317, "class": "building", "confidence": 100.0, "source": "Almaty_10", "source_model": "msft-buildings", "centroid_wkt": "POINT (76.93339807000737 43.305094971598194)", "bbox": [76.93332673020986, 43.305030532300236, 76.9334500362034, 43.30514125782614], "pixel_bbox": [2518, 1252, 2702, 1417], "area_m2": 65.439}}, {"type": "Feature", "geometry": {"type": "Polygon", "coordinates": [[[76.93330672740669, 43.3039540749746], [76.93328992937607, 43.30406883279645], [76.93342253513073, 43.304079112303185], [76.9334393321838, 43.30396436117887], [76.93330672740669, 43.3039540749746]]]}, "properties": {"id": 318, "class": "building", "confidence": 100.0, "source": "Almaty_10", "source_model": "msft-buildings", "centroid_wkt": "POINT (76.93336463037942 43.304016595263064)", "bbox": [76.93328992937607, 43.3039540749746, 76.9334393321838, 43.304079112303185], "pixel_bbox": [2464, 2836, 2686, 3022], "area_m2": 138.728}}, {"type": "Feature", "geometry": {"type": "Polygon", "coordinates": [[[76.9354939684932, 43.304459737418995], [76.93548307513883, 43.30450318402183], [76.9357608212481, 43.3045400773321], [76.93578005267328, 43.304463375539136], [76.93573852003146, 43.30445786082409], [76.93574893989053, 43.304416302660044], [76.93556204300252, 43.304391486419185], [76.93554328789577, 43.30446628857385], [76.9354939684932, 43.304459737418995]]]}, "properties": {"id": 319, "class": "building", "confidence": 100.0, "source": "Almaty_10", "source_model": "msft-buildings", "centroid_wkt": "POINT (76.93564336794437 43.30446889252999)", "bbox": [76.93548307513883, 43.304391486419185, 76.93578005267328, 43.3045400773321], "pixel_bbox": [5734, 2148, 6177, 2370], "area_m2": 255.488}}, {"type": "Feature", "geometry": {"type": "Polygon", "coordinates": [[[76.93577920589459, 43.304056246693214], [76.93579697026328, 43.30396757212428], [76.93566302445484, 43.30395336145738], [76.93564525874785, 43.30404204272732], [76.93577920589459, 43.304056246693214]]]}, "properties": {"id": 320, "class": "building", "confidence": 100.0, "source": "Almaty_10", "source_model": "msft-buildings", "centroid_wkt": "POINT (76.93572111399675 43.30400480566086)", "bbox": [76.93564525874785, 43.30395336145738, 76.93579697026328, 43.304056246693214], "pixel_bbox": [5976, 2870, 6202, 3023], "area_m2": 109.348}}, {"type": "Feature", "geometry": {"type": "Polygon", "coordinates": [[[76.93635013950406, 43.30310948973362], [76.93637331594458, 43.30298887601459], [76.93610760862428, 43.3029618363], [76.9360844321837, 43.30308245007271], [76.93635013950406, 43.30310948973362]]]}, "properties": {"id": 321, "class": "building", "confidence": 100.0, "source": "Almaty_10", "source_model": "msft-buildings", "centroid_wkt": "POINT (76.93622887405455 43.30303566302886)", "bbox": [76.9360844321837, 43.3029618363, 76.93637331594458, 43.30310948973362], "pixel_bbox": [6631, 4282, 7062, 4502], "area_m2": 294.544}}, {"type": "Feature", "geometry": {"type": "Polygon", "coordinates": [[[76.93507839453113, 43.30491753810096], [76.93507545819479, 43.304954500293505], [76.93514496333724, 43.30495742435118], [76.93514156336889, 43.30500022264925], [76.93519235558836, 43.30500235945904], [76.93519869189304, 43.30492259897301], [76.93507839453113, 43.30491753810096]]]}, "properties": {"id": 322, "class": "building", "confidence": 100.0, "source": "Almaty_10", "source_model": "msft-buildings", "centroid_wkt": "POINT (76.93514744604148 43.304952124700904)", "bbox": [76.93507545819479, 43.30491753810096, 76.93519869189304, 43.30500235945904], "pixel_bbox": [5126, 1459, 5310, 1585], "area_m2": 59.876}}, {"type": "Feature", "geometry": {"type": "Polygon", "coordinates": [[[76.93588418064053, 43.303761894785325], [76.93586742342815, 43.303814486885415], [76.93603032632407, 43.303841975145254], [76.93604708102771, 43.30378939094259], [76.93588418064053, 43.303761894785325]]]}, "properties": {"id": 323, "class": "building", "confidence": 100.0, "source": "Almaty_10", "source_model": "msft-buildings", "centroid_wkt": "POINT (76.93595725081684 43.303801936595455)", "bbox": [76.93586742342815, 43.303761894785325, 76.93604708102771, 43.303841975145254], "pixel_bbox": [6307, 3189, 6575, 3309], "area_m2": 81.376}}, {"type": "Feature", "geometry": {"type": "Polygon", "coordinates": [[[76.93182571169389, 43.30291878749202], [76.93182712269682, 43.302915059030056], [76.93180710403159, 43.302915059030056], [76.93182571169389, 43.30291878749202]]]}, "properties": {"id": 324, "class": "building", "confidence": 100.0, "source": "Almaty_10", "source_model": "msft-buildings", "centroid_wkt": "POINT (76.93181997947411 43.30291630185071)", "bbox": [76.93180710403159, 43.302915059030056, 76.93182712269682, 43.30291878749202], "pixel_bbox": [252, 4566, 282, 4572], "area_m2": 0.336}}, {"type": "Feature", "geometry": {"type": "Polygon", "coordinates": [[[76.93495096989308, 43.30411532651216], [76.93486716686941, 43.30410940211545], [76.93486020244728, 43.30416161122924], [76.93494400049667, 43.304167535269194], [76.93495096989308, 43.30411532651216]]]}, "properties": {"id": 325, "class": "building", "confidence": 100.0, "source": "Almaty_10", "source_model": "msft-buildings", "centroid_wkt": "POINT (76.9349055849604 43.30413846852318)", "bbox": [76.93486020244728, 43.30410940211545, 76.93495096989308, 43.304167535269194], "pixel_bbox": [4805, 2704, 4941, 2790], "area_m2": 39.811}}, {"type": "Feature", "geometry": {"type": "Polygon", "coordinates": [[[76.93481230481646, 43.30399538323991], [76.93491691209083, 43.30400362020375], [76.93492449031112, 43.303952652325485], [76.93481988866529, 43.3039444104703], [76.93481230481646, 43.30399538323991]]]}, "properties": {"id": 326, "class": "building", "confidence": 100.0, "source": "Almaty_10", "source_model": "msft-buildings", "centroid_wkt": "POINT (76.93486839803987 43.30397401668553)", "bbox": [76.93481230481646, 43.3039444104703, 76.93492449031112, 43.30400362020375], "pixel_bbox": [4734, 2948, 4901, 3036], "area_m2": 48.625}}, {"type": "Feature", "geometry": {"type": "Polygon", "coordinates": [[[76.93578097770781, 43.30361157740402], [76.935887291753, 43.30363411414914], [76.93587792915935, 43.30365750442219], [76.93596693626695, 43.30367637238115], [76.93600078564398, 43.30359180753157], [76.93607001339431, 43.30360648262714], [76.93608369718501, 43.30357229681173], [76.93600952459533, 43.30355657348608], [76.93599656100417, 43.30358896005688], [76.93595452987, 43.303580050175285], [76.93597901665336, 43.303518875518094], [76.93583067147402, 43.30348742883508], [76.93578097770781, 43.30361157740402]]]}, "properties": {"id": 327, "class": "building", "confidence": 100.0, "source": "Almaty_10", "source_model": "msft-buildings", "centroid_wkt": "POINT (76.93590904795981 43.303579860419134)", "bbox": [76.93578097770781, 43.30348742883508, 76.93608369718501, 43.30367637238115], "pixel_bbox": [6178, 3436, 6630, 3718], "area_m2": 254.102}}, {"type": "Feature", "geometry": {"type": "Polygon", "coordinates": [[[76.93579558553799, 43.30527744086454], [76.9357708158114, 43.305359356710284], [76.93582709918505, 43.3053683692812], [76.93585186891163, 43.30528645344759], [76.93579558553799, 43.30527744086454]]]}, "properties": {"id": 328, "class": "building", "confidence": 100.0, "source": "Almaty_10", "source_model": "msft-buildings", "centroid_wkt": "POINT (76.93581134236098 43.30532290507537)", "bbox": [76.9357708158114, 43.30527744086454, 76.93585186891163, 43.3053683692812], "pixel_bbox": [6163, 913, 6284, 1048], "area_m2": 43.572}}, {"type": "Feature", "geometry": {"type": "Polygon", "coordinates": [[[76.93356036367487, 43.3036422506808], [76.93357108807568, 43.303561911929975], [76.93339305893036, 43.30354933523518], [76.93338233572872, 43.30362966501985], [76.93356036367487, 43.3036422506808]]]}, "properties": {"id": 329, "class": "building", "confidence": 100.0, "source": "Almaty_10", "source_model": "msft-buildings", "centroid_wkt": "POINT (76.93347671325827 43.30359579083338)", "bbox": [76.93338233572872, 43.30354933523518, 76.93357108807568, 43.3036422506808], "pixel_bbox": [2601, 3487, 2883, 3626], "area_m2": 130.138}}, {"type": "Feature", "geometry": {"type": "Polygon", "coordinates": [[[76.93375430116154, 43.30589734462743], [76.93354252006004, 43.30587597711428], [76.93353506082677, 43.30591514716359], [76.93340735793335, 43.305902269173956], [76.93339475431245, 43.305968420064204], [76.93343298627396, 43.30597227744718], [76.9334313587463, 43.30598082393408], [76.93373839597217, 43.30598082393408], [76.93375430116154, 43.30589734462743]]]}, "properties": {"id": 330, "class": "building", "confidence": 100.0, "source": "Almaty_10", "source_model": "msft-buildings", "centroid_wkt": "POINT (76.93358310684206 43.305936520558866)", "bbox": [76.93339475431245, 43.30587597711428, 76.93375430116154, 43.30598082393408], "pixel_bbox": [2620, 0, 3156, 156], "area_m2": 264.139}}, {"type": "Feature", "geometry": {"type": "Polygon", "coordinates": [[[76.9363116240043, 43.30296814890031], [76.93639065863702, 43.30297588994984], [76.93640190876395, 43.302915059030056], [76.93632144249305, 43.302915059030056], [76.9363116240043, 43.30296814890031]]]}, "properties": {"id": 331, "class": "building", "confidence": 100.0, "source": "Almaty_10", "source_model": "msft-buildings", "centroid_wkt": "POINT (76.93635731166387 43.302943583061925)", "bbox": [76.9363116240043, 43.302915059030056, 76.93640190876395, 43.30297588994984], "pixel_bbox": [6970, 4481, 7104, 4572], "area_m2": 41.317}}, {"type": "Feature", "geometry": {"type": "Polygon", "coordinates": [[[76.93298212761347, 43.302931909966695], [76.93307486288006, 43.302918207583375], [76.93307398413731, 43.302915059030056], [76.93297742461492, 43.302915059030056], [76.93298212761347, 43.302931909966695]]]}, "properties": {"id": 332, "class": "building", "confidence": 100.0, "source": "Almaty_10", "source_model": "msft-buildings", "centroid_wkt": "POINT (76.93301629207848 43.30292084123629)", "bbox": [76.93297742461492, 43.302915059030056, 76.93307486288006, 43.302931909966695], "pixel_bbox": [1998, 4546, 2143, 4572], "area_m2": 8.704}}, {"type": "Feature", "geometry": {"type": "Polygon", "coordinates": [[[76.93334330542402, 43.305401234747606], [76.9333454879891, 43.30534858227395], [76.93323426287107, 43.30534614072015], [76.9332320752466, 43.305398793084855], [76.93334330542402, 43.305401234747606]]]}, "properties": {"id": 333, "class": "building", "confidence": 100.0, "source": "Almaty_10", "source_model": "msft-buildings", "centroid_wkt": "POINT (76.93328878287404 43.305373687906204)", "bbox": [76.9332320752466, 43.30534614072015, 76.9333454879891, 43.305401234747606], "pixel_bbox": [2377, 864, 2546, 946], "area_m2": 52.838}}, {"type": "Feature", "geometry": {"type": "Polygon", "coordinates": [[[76.93360864466013, 43.303547324533156], [76.93361065706364, 43.303503549223905], [76.93337756575826, 43.30349787438788], [76.93337555280958, 43.30354166156002], [76.93360864466013, 43.303547324533156]]]}, "properties": {"id": 334, "class": "building", "confidence": 100.0, "source": "Almaty_10", "source_model": "msft-buildings", "centroid_wkt": "POINT (76.93349309980972 43.30352260229824)", "bbox": [76.93337555280958, 43.30349787438788, 76.93361065706364, 43.303547324533156], "pixel_bbox": [2591, 3629, 2942, 3702], "area_m2": 92.095}}, {"type": "Feature", "geometry": {"type": "Polygon", "coordinates": [[[76.93484076713129, 43.30468621819878], [76.93485801740039, 43.30462232017163], [76.93478312392511, 43.30461161292593], [76.93476587365606, 43.30467551096435], [76.93484076713129, 43.30468621819878]]]}, "properties": {"id": 335, "class": "building", "confidence": 100.0, "source": "Almaty_10", "source_model": "msft-buildings", "centroid_wkt": "POINT (76.93481194552722 43.304648915564805)", "bbox": [76.93476587365606, 43.30461161292593, 76.93485801740039, 43.30468621819878], "pixel_bbox": [4665, 1930, 4802, 2041], "area_m2": 44.803}}, {"type": "Feature", "geometry": {"type": "Polygon", "coordinates": [[[76.93500403406263, 43.3052293605518], [76.93499227323383, 43.30528063243171], [76.93484353176098, 43.30526256455344], [76.93483482003596, 43.305300543707155], [76.93498617100835, 43.305318928554236], [76.934959600247, 43.305434764791514], [76.93510445166417, 43.30545236008838], [76.93513362403802, 43.305325128701625], [76.935059241013, 43.30531609327706], [76.93507710004928, 43.305238236006296], [76.93500403406263, 43.3052293605518]]]}, "properties": {"id": 336, "class": "building", "confidence": 100.0, "source": "Almaty_10", "source_model": "msft-buildings", "centroid_wkt": "POINT (76.93501846664272 43.305342468721044)", "bbox": [76.93483482003596, 43.3052293605518, 76.93513362403802, 43.30545236008838], "pixel_bbox": [4767, 788, 5213, 1120], "area_m2": 276.07}}, {"type": "Feature", "geometry": {"type": "Polygon", "coordinates": [[[76.93410401597257, 43.30565478750439], [76.9343506790174, 43.3056738453392], [76.9343627958728, 43.30559085163383], [76.93411613282797, 43.30557179377298], [76.93410401597257, 43.30565478750439]]]}, "properties": {"id": 337, "class": "building", "confidence": 100.0, "source": "Almaty_10", "source_model": "msft-buildings", "centroid_wkt": "POINT (76.93423340591632 43.305622819562004)", "bbox": [76.93410401597257, 43.30557179377298, 76.9343627958728, 43.3056738453392], "pixel_bbox": [3678, 457, 4064, 609], "area_m2": 186.613}}, {"type": "Feature", "geometry": {"type": "Polygon", "coordinates": [[[76.93483551157561, 43.30310696561637], [76.93484430220349, 43.303066998858725], [76.93473707876367, 43.303054508975166], [76.93472828813582, 43.303094475741034], [76.93483551157561, 43.30310696561637]]]}, "properties": {"id": 338, "class": "building", "confidence": 100.0, "source": "Almaty_10", "source_model": "msft-buildings", "centroid_wkt": "POINT (76.93478629516787 43.303080737297556)", "bbox": [76.93472828813582, 43.303054508975166, 76.93484430220349, 43.30310696561637], "pixel_bbox": [4609, 4285, 4782, 4364], "area_m2": 39.62}}, {"type": "Feature", "geometry": {"type": "Polygon", "coordinates": [[[76.93223503220014, 43.30595986542324], [76.9323222331076, 43.30596129993892], [76.93232559574345, 43.3058530563069], [76.93223840537964, 43.30585161752143], [76.93223503220014, 43.30595986542324]]]}, "properties": {"id": 339, "class": "building", "confidence": 100.0, "source": "Almaty_10", "source_model": "msft-buildings", "centroid_wkt": "POINT (76.93228031627609 43.30590646086916)", "bbox": [76.93223503220014, 43.30585161752143, 76.93232559574345, 43.30596129993892], "pixel_bbox": [890, 29, 1025, 192], "area_m2": 85.123}}, {"type": "Feature", "geometry": {"type": "Polygon", "coordinates": [[[76.93280193690168, 43.30482773455328], [76.932792402921, 43.304884412877946], [76.9328822517055, 43.30489241658988], [76.93289178492779, 43.304835742781236], [76.93280193690168, 43.30482773455328]]]}, "properties": {"id": 340, "class": "building", "confidence": 100.0, "source": "Almaty_10", "source_model": "msft-buildings", "centroid_wkt": "POINT (76.93284209351741 43.30486007664736)", "bbox": [76.932792402921, 43.30482773455328, 76.93289178492779, 43.30489241658988], "pixel_bbox": [1722, 1623, 1870, 1719], "area_m2": 46.591}}, {"type": "Feature", "geometry": {"type": "Polygon", "coordinates": [[[76.9344168755483, 43.30510720792103], [76.93440641150119, 43.305136455329816], [76.93448930531963, 43.3051521608632], [76.93449976936674, 43.30512291346197], [76.9344168755483, 43.30510720792103]]]}, "properties": {"id": 341, "class": "building", "confidence": 100.0, "source": "Almaty_10", "source_model": "msft-buildings", "centroid_wkt": "POINT (76.93445309043231 43.30512968439361)", "bbox": [76.93440641150119, 43.30510720792103, 76.93449976936674, 43.3051521608632], "pixel_bbox": [4129, 1235, 4268, 1302], "area_m2": 23.336}}, {"type": "Feature", "geometry": {"type": "Polygon", "coordinates": [[[76.93656932587571, 43.304058127525664], [76.93645212613092, 43.30404338936886], [76.93643412400517, 43.30411920186288], [76.93630129762771, 43.30410249863502], [76.93628734598023, 43.304161253268994], [76.93644761350916, 43.304181407265844], [76.93645166558045, 43.30416434968071], [76.93654142258076, 43.30417563682262], [76.93656932587571, 43.304058127525664]]]}, "properties": {"id": 342, "class": "building", "confidence": 100.0, "source": "Almaty_10", "source_model": "msft-buildings", "centroid_wkt": "POINT (76.93644732126012 43.30412169556794)", "bbox": [76.93628734598023, 43.30404338936886, 76.93656932587571, 43.304181407265844], "pixel_bbox": [6934, 2683, 7354, 2889], "area_m2": 204.648}}, {"type": "Feature", "geometry": {"type": "Polygon", "coordinates": [[[76.93187454608415, 43.3034766700628], [76.93187005631559, 43.303508536140946], [76.93201073442499, 43.30351903309752], [76.93202189279334, 43.30343983669572], [76.93180423986938, 43.30342359609947], [76.93180247057727, 43.30343615364162], [76.93184377898487, 43.30343923805247], [76.93183887691481, 43.303474006723526], [76.93187454608415, 43.3034766700628]]]}, "properties": {"id": 343, "class": "building", "confidence": 100.0, "source": "Almaty_10", "source_model": "msft-buildings", "centroid_wkt": "POINT (76.93193036719998 43.30346967705775)", "bbox": [76.93180247057727, 43.30342359609947, 76.93202189279334, 43.30351903309752], "pixel_bbox": [245, 3671, 573, 3813], "area_m2": 121.59}}, {"type": "Feature", "geometry": {"type": "Polygon", "coordinates": [[[76.93292402638325, 43.30597664293478], [76.93279843099867, 43.305962167222454], [76.93279437035115, 43.30598082393408], [76.93292311638534, 43.30598082393408], [76.93292402638325, 43.30597664293478]]]}, "properties": {"id": 344, "class": "building", "confidence": 100.0, "source": "Almaty_10", "source_model": "msft-buildings", "centroid_wkt": "POINT (76.93284655147677 43.30597434988561)", "bbox": [76.93279437035115, 43.305962167222454, 76.93292402638325, 43.30598082393408], "pixel_bbox": [1725, 0, 1918, 27], "area_m2": 13.252}}, {"type": "Feature", "geometry": {"type": "Polygon", "coordinates": [[[76.9343086727212, 43.3049202368769], [76.93445955119091, 43.304939594167706], [76.93448064785728, 43.30485251426633], [76.93455481736203, 43.30486203002024], [76.93456307575764, 43.30482795565537], [76.93441866654553, 43.304809428318556], [76.93441015033412, 43.30484458039815], [76.9343295093584, 43.304834230261164], [76.9343086727212, 43.3049202368769]]]}, "properties": {"id": 345, "class": "building", "confidence": 100.0, "source": "Almaty_10", "source_model": "msft-buildings", "centroid_wkt": "POINT (76.93441999053381 43.30487273834028)", "bbox": [76.9343086727212, 43.304809428318556, 76.93456307575764, 43.304939594167706], "pixel_bbox": [3983, 1552, 4362, 1746], "area_m2": 167.042}}, {"type": "Feature", "geometry": {"type": "Polygon", "coordinates": [[[76.93496067308925, 43.30397400407441], [76.9349583347463, 43.30401296796602], [76.93503061652433, 43.30401526522044], [76.93503272103298, 43.30398019772044], [76.9350594920619, 43.30398104855588], [76.93506435419623, 43.30390003056833], [76.935008134864, 43.30389824666945], [76.93500350673548, 43.303975365411254], [76.93496067308925, 43.30397400407441]]]}, "properties": {"id": 346, "class": "building", "confidence": 100.0, "source": "Almaty_10", "source_model": "msft-buildings", "centroid_wkt": "POINT (76.9350192475312 43.3039603861631)", "bbox": [76.9349583347463, 43.30389824666945, 76.93506435419623, 43.30401526522044], "pixel_bbox": [4952, 2931, 5110, 3105], "area_m2": 65.535}}, {"type": "Feature", "geometry": {"type": "Polygon", "coordinates": [[[76.93272711321612, 43.305250599397496], [76.93272884223693, 43.30521160258003], [76.93256807705576, 43.30520782790075], [76.93256634803495, 43.30524682472065], [76.93272711321612, 43.305250599397496]]]}, "properties": {"id": 347, "class": "building", "confidence": 100.0, "source": "Almaty_10", "source_model": "msft-buildings", "centroid_wkt": "POINT (76.93264759513511 43.30522921364971)", "bbox": [76.93256634803495, 43.30520782790075, 76.93272884223693, 43.305250599397496], "pixel_bbox": [1384, 1088, 1627, 1152], "area_m2": 56.571}}, {"type": "Feature", "geometry": {"type": "Polygon", "coordinates": [[[76.9366252251669, 43.30519807461249], [76.93662192731364, 43.30524283898529], [76.9367262336695, 43.30524690834827], [76.93672953152277, 43.305202143978455], [76.9366252251669, 43.30519807461249]]]}, "properties": {"id": 348, "class": "building", "confidence": 100.0, "source": "Almaty_10", "source_model": "msft-buildings", "centroid_wkt": "POINT (76.93667572941762 43.30522249148109)", "bbox": [76.93662192731364, 43.30519807461249, 76.93672953152277, 43.30524690834827], "pixel_bbox": [7433, 1094, 7593, 1167], "area_m2": 42.21}}, {"type": "Feature", "geometry": {"type": "Polygon", "coordinates": [[[76.93210204939561, 43.305038957593375], [76.93205877126418, 43.30503418543578], [76.9320611539979, 43.30502273690995], [76.93195760078135, 43.30501131838491], [76.93193654379232, 43.305112445925914], [76.93208337621665, 43.30512863670118], [76.93210204939561, 43.305038957593375]]]}, "properties": {"id": 349, "class": "building", "confidence": 100.0, "source": "Almaty_10", "source_model": "msft-buildings", "centroid_wkt": "POINT (76.93201837888078 43.30507132831301)", "bbox": [76.93193654379232, 43.30501131838491, 76.93210204939561, 43.30512863670118], "pixel_bbox": [445, 1270, 692, 1445], "area_m2": 132.354}}, {"type": "Feature", "geometry": {"type": "Polygon", "coordinates": [[[76.9348755371723, 43.30434537192614], [76.93486834631106, 43.30441524873669], [76.93494428928142, 43.30441938357073], [76.93495147345959, 43.304349506401074], [76.9348755371723, 43.30434537192614]]]}, "properties": {"id": 350, "class": "building", "confidence": 100.0, "source": "Almaty_10", "source_model": "msft-buildings", "centroid_wkt": "POINT (76.93490991150297 43.304382378171056)", "bbox": [76.93486834631106, 43.30434537192614, 76.93495147345959, 43.30441938357073], "pixel_bbox": [4817, 2328, 4941, 2438], "area_m2": 48.101}}, {"type": "Feature", "geometry": {"type": "Polygon", "coordinates": [[[76.93381420529167, 43.30562635018187], [76.93387712825012, 43.305633301270426], [76.93388867032797, 43.30557797242087], [76.93382574736957, 43.30557102132599], [76.93381420529167, 43.30562635018187]]]}, "properties": {"id": 351, "class": "building", "confidence": 100.0, "source": "Almaty_10", "source_model": "msft-buildings", "centroid_wkt": "POINT (76.93385143780928 43.30560216129963)", "bbox": [76.93381420529167, 43.30557102132599, 76.93388867032797, 43.305633301270426], "pixel_bbox": [3245, 518, 3356, 611], "area_m2": 32.105}}, {"type": "Feature", "geometry": {"type": "Polygon", "coordinates": [[[76.93220593156728, 43.30405175014137], [76.93237054808937, 43.304071252110866], [76.93238883917978, 43.30398948694306], [76.93222422265772, 43.30396998494735], [76.93220593156728, 43.30405175014137]]]}, "properties": {"id": 352, "class": "building", "confidence": 100.0, "source": "Almaty_10", "source_model": "msft-buildings", "centroid_wkt": "POINT (76.93229738536931 43.30402061853491)", "bbox": [76.93220593156728, 43.30396998494735, 76.93238883917978, 43.304071252110866], "pixel_bbox": [847, 2847, 1120, 2998], "area_m2": 124.547}}, {"type": "Feature", "geometry": {"type": "Polygon", "coordinates": [[[76.93254886099234, 43.303081470869], [76.93246655317657, 43.303061788422255], [76.93243871156568, 43.30312344847722], [76.93252101938148, 43.303143130904026], [76.93254886099234, 43.303081470869]]]}, "properties": {"id": 353, "class": "building", "confidence": 100.0, "source": "Almaty_10", "source_model": "msft-buildings", "centroid_wkt": "POINT (76.93249378627723 43.30310245966715)", "bbox": [76.93243871156568, 43.303061788422255, 76.93254886099234, 43.303143130904026], "pixel_bbox": [1194, 4231, 1358, 4353], "area_m2": 50.689}}, {"type": "Feature", "geometry": {"type": "Polygon", "coordinates": [[[76.93194508674054, 43.305125538593835], [76.93190907673065, 43.30523334602396], [76.93198632635418, 43.30524700641112], [76.93202232533322, 43.30513920098845], [76.93194508674054, 43.305125538593835]]]}, "properties": {"id": 354, "class": "building", "confidence": 100.0, "source": "Almaty_10", "source_model": "msft-buildings", "centroid_wkt": "POINT (76.9319657031865 43.30518627410264)", "bbox": [76.93190907673065, 43.305125538593835, 76.93202232533322, 43.30524700641112], "pixel_bbox": [404, 1094, 573, 1275], "area_m2": 79.498}}, {"type": "Feature", "geometry": {"type": "Polygon", "coordinates": [[[76.93460482760865, 43.30375278445624], [76.9347857136295, 43.30375815565331], [76.9347906388177, 43.303670465528164], [76.93460974437737, 43.303665094073345], [76.93460482760865, 43.30375278445624]]]}, "properties": {"id": 355, "class": "building", "confidence": 100.0, "source": "Almaty_10", "source_model": "msft-buildings", "centroid_wkt": "POINT (76.93469773112606 43.30371162458758)", "bbox": [76.93460482760865, 43.303665094073345, 76.9347906388177, 43.30375815565331], "pixel_bbox": [4424, 3314, 4702, 3453], "area_m2": 143.227}}, {"type": "Feature", "geometry": {"type": "Polygon", "coordinates": [[[76.93416676464155, 43.302981936433575], [76.93430544711558, 43.30300319779415], [76.9343260131582, 43.30293217692003], [76.93447861458813, 43.30295557220952], [76.93449034238672, 43.302915059030056], [76.93418613081616, 43.302915059030056], [76.93416676464155, 43.302981936433575]]]}, "properties": {"id": 356, "class": "building", "confidence": 100.0, "source": "Almaty_10", "source_model": "msft-buildings", "centroid_wkt": "POINT (76.9342988978998 43.302947147158434)", "bbox": [76.93416676464155, 43.302915059030056, 76.93449034238672, 43.30300319779415], "pixel_bbox": [3771, 4440, 4254, 4572], "area_m2": 142.596}}, {"type": "Feature", "geometry": {"type": "Polygon", "coordinates": [[[76.93194609296997, 43.30592817302451], [76.93190857438461, 43.30592308440893], [76.93189379158856, 43.30598082393408], [76.93193260792478, 43.30598082393408], [76.93194609296997, 43.30592817302451]]]}, "properties": {"id": 357, "class": "building", "confidence": 100.0, "source": "Almaty_10", "source_model": "msft-buildings", "centroid_wkt": "POINT (76.93191997366652 43.305953206151635)", "bbox": [76.93189379158856, 43.30592308440893, 76.93194609296997, 43.30598082393408], "pixel_bbox": [382, 0, 460, 86], "area_m2": 19.314}}, {"type": "Feature", "geometry": {"type": "Polygon", "coordinates": [[[76.93197811606538, 43.30304803317612], [76.93180201886688, 43.303023807288525], [76.93178317094669, 43.303096365108615], [76.93195926589576, 43.30312059962694], [76.93197811606538, 43.30304803317612]]]}, "properties": {"id": 358, "class": "building", "confidence": 100.0, "source": "Almaty_10", "source_model": "msft-buildings", "centroid_wkt": "POINT (76.9318806446894 43.30307220154)", "bbox": [76.93178317094669, 43.303023807288525, 76.93197811606538, 43.30312059962694], "pixel_bbox": [217, 4265, 507, 4409], "area_m2": 119.303}}, {"type": "Feature", "geometry": {"type": "Polygon", "coordinates": [[[76.93340585729014, 43.304474572558426], [76.93330811518581, 43.30447242196741], [76.93330673779553, 43.304505573868], [76.9334044830854, 43.304507724527944], [76.93340585729014, 43.304474572558426]]]}, "properties": {"id": 359, "class": "building", "confidence": 100.0, "source": "Almaty_10", "source_model": "msft-buildings", "centroid_wkt": "POINT (76.9333562983352 43.30449007332048)", "bbox": [76.93330673779553, 43.30447242196741, 76.93340585729014, 43.304507724527944], "pixel_bbox": [2489, 2196, 2636, 2249], "area_m2": 29.236}}, {"type": "Feature", "geometry": {"type": "Polygon", "coordinates": [[[76.93398156231987, 43.30339382274034], [76.93400522422203, 43.303326893270686], [76.93397503543828, 43.30332124255353], [76.93399344423405, 43.303269171834536], [76.93388886774437, 43.30324959192716], [76.93384680829054, 43.303368592727985], [76.93398156231987, 43.30339382274034]]]}, "properties": {"id": 360, "class": "building", "confidence": 100.0, "source": "Almaty_10", "source_model": "msft-buildings", "centroid_wkt": "POINT (76.93392825020248 43.30332427983884)", "bbox": [76.93384680829054, 43.30324959192716, 76.93400522422203, 43.30339382274034], "pixel_bbox": [3294, 3858, 3530, 4073], "area_m2": 139.018}}, {"type": "Feature", "geometry": {"type": "Polygon", "coordinates": [[[76.93564640663827, 43.30551100159695], [76.93564197596417, 43.30554702021119], [76.93572316722948, 43.30555230910154], [76.93572759497113, 43.3055162861644], [76.93564640663827, 43.30551100159695]]]}, "properties": {"id": 361, "class": "building", "confidence": 100.0, "source": "Almaty_10", "source_model": "msft-buildings", "centroid_wkt": "POINT (76.9356847869551 43.30553165444571)", "bbox": [76.93564197596417, 43.30551100159695, 76.93572759497113, 43.30555230910154], "pixel_bbox": [5971, 639, 6099, 700], "area_m2": 26.573}}, {"type": "Feature", "geometry": {"type": "Polygon", "coordinates": [[[76.93569167003778, 43.30380835295888], [76.93566381086858, 43.303904398346305], [76.93588464434208, 43.303938309968224], [76.93591250038796, 43.303842275402246], [76.93569167003778, 43.30380835295888]]]}, "properties": {"id": 362, "class": "building", "confidence": 100.0, "source": "Almaty_10", "source_model": "msft-buildings", "centroid_wkt": "POINT (76.93578815433615 43.303873333849964)", "bbox": [76.93566381086858, 43.30380835295888, 76.93591250038796, 43.303938309968224], "pixel_bbox": [6004, 3046, 6375, 3239], "area_m2": 199.699}}, {"type": "Feature", "geometry": {"type": "Polygon", "coordinates": [[[76.93423473347255, 43.30352431354758], [76.93417431634789, 43.303522587224414], [76.93417294937979, 43.30354792319237], [76.93406047000381, 43.30354470927447], [76.9340583081016, 43.30358477887004], [76.93420024597229, 43.303588841743846], [76.93420192838998, 43.30355765911907], [76.93423288325842, 43.30355854518129], [76.93423473347255, 43.30352431354758]]]}, "properties": {"id": 363, "class": "building", "confidence": 100.0, "source": "Almaty_10", "source_model": "msft-buildings", "centroid_wkt": "POINT (76.93414857627165 43.3035600301327)", "bbox": [76.9340583081016, 43.303522587224414, 76.93423473347255, 43.303588841743846], "pixel_bbox": [3609, 3567, 3873, 3665], "area_m2": 67.657}}, {"type": "Feature", "geometry": {"type": "Polygon", "coordinates": [[[76.93447703388988, 43.30566651930792], [76.93446080270365, 43.305722586695616], [76.93459435067508, 43.30574305996456], [76.93461058186132, 43.30568699259573], [76.93447703388988, 43.30566651930792]]]}, "properties": {"id": 364, "class": "building", "confidence": 100.0, "source": "Almaty_10", "source_model": "msft-buildings", "centroid_wkt": "POINT (76.93453569227896 43.30570478964023)", "bbox": [76.93446080270365, 43.30566651930792, 76.93461058186132, 43.30574305996456], "pixel_bbox": [4210, 354, 4433, 468], "area_m2": 70.49}}, {"type": "Feature", "geometry": {"type": "Polygon", "coordinates": [[[76.93562923887747, 43.30569050036801], [76.9356519736993, 43.30556463014498], [76.93542521909652, 43.30554295285121], [76.93540248632529, 43.30566881176636], [76.93562923887747, 43.30569050036801]]]}, "properties": {"id": 365, "class": "building", "confidence": 100.0, "source": "Almaty_10", "source_model": "msft-buildings", "centroid_wkt": "POINT (76.9355272311975 43.30561672394462)", "bbox": [76.93540248632529, 43.30554295285121, 76.9356519736993, 43.30569050036801], "pixel_bbox": [5614, 432, 5986, 653], "area_m2": 261.707}}, {"type": "Feature", "geometry": {"type": "Polygon", "coordinates": [[[76.93423575325082, 43.305942955399786], [76.9342547563406, 43.30583232666551], [76.9340857359079, 43.3058169520803], [76.93409332862268, 43.30577275012615], [76.93402730501614, 43.30576674442337], [76.93400071123624, 43.305921563368315], [76.93423575325082, 43.305942955399786]]]}, "properties": {"id": 366, "class": "building", "confidence": 100.0, "source": "Almaty_10", "source_model": "msft-buildings", "centroid_wkt": "POINT (76.93412054883329 43.305868360435674)", "bbox": [76.93400071123624, 43.30576674442337, 76.9342547563406, 43.305942955399786], "pixel_bbox": [3524, 56, 3902, 319], "area_m2": 264.756}}, {"type": "Feature", "geometry": {"type": "Polygon", "coordinates": [[[76.93430673257143, 43.30535136051596], [76.93431459154358, 43.305219987901445], [76.93419947471676, 43.305216341065126], [76.93419161539452, 43.30534771953951], [76.93430673257143, 43.30535136051596]]]}, "properties": {"id": 367, "class": "building", "confidence": 100.0, "source": "Almaty_10", "source_model": "msft-buildings", "centroid_wkt": "POINT (76.93425310312868 43.30528385224192)", "bbox": [76.93419161539452, 43.305216341065126, 76.93431459154358, 43.30535136051596], "pixel_bbox": [3808, 938, 3992, 1140], "area_m2": 136.584}}, {"type": "Feature", "geometry": {"type": "Polygon", "coordinates": [[[76.93546370827089, 43.3034783121236], [76.93545870355504, 43.30356404212252], [76.93557918551217, 43.30356776697935], [76.93558419022801, 43.3034820369857], [76.93546370827089, 43.3034783121236]]]}, "properties": {"id": 368, "class": "building", "confidence": 100.0, "source": "Almaty_10", "source_model": "msft-buildings", "centroid_wkt": "POINT (76.93552144689092 43.30352303955275)", "bbox": [76.93545870355504, 43.3034783121236, 76.93558419022801, 43.30356776697935], "pixel_bbox": [5698, 3598, 5885, 3732], "area_m2": 93.277}}, {"type": "Feature", "geometry": {"type": "Polygon", "coordinates": [[[76.93164502475732, 43.30538649579263], [76.93172577503962, 43.304897785604325], [76.9316464555576, 43.304890845077765], [76.93164899887356, 43.30487545256532], [76.93163763731718, 43.30487445841847], [76.93163763731718, 43.305385849390085], [76.93164502475732, 43.30538649579263]]]}, "properties": {"id": 369, "class": "building", "confidence": 100.0, "source": "Almaty_10", "source_model": "msft-buildings", "centroid_wkt": "POINT (76.93166704507114 43.30506945505187)", "bbox": [76.93163763731718, 43.30487445841847, 76.93172577503962, 43.30538649579263], "pixel_bbox": [0, 886, 131, 1649], "area_m2": 214.872}}, {"type": "Feature", "geometry": {"type": "Polygon", "coordinates": [[[76.93213922806376, 43.3058846135169], [76.93214108222863, 43.305806562803596], [76.93202578169837, 43.305805112325636], [76.93202392753348, 43.3058831630408], [76.93213922806376, 43.3058846135169]]]}, "properties": {"id": 370, "class": "building", "confidence": 100.0, "source": "Almaty_10", "source_model": "msft-buildings", "centroid_wkt": "POINT (76.93208250488082 43.30584486292173)", "bbox": [76.93202392753348, 43.305805112325636, 76.93214108222863, 43.3058846135169], "pixel_bbox": [576, 143, 750, 262], "area_m2": 81.144}}, {"type": "Feature", "geometry": {"type": "Polygon", "coordinates": [[[76.93281136661417, 43.30430066159951], [76.93288201401802, 43.30430880441067], [76.93289030251056, 43.304270721723135], [76.93281965510675, 43.30426257890686], [76.93281136661417, 43.30430066159951]]]}, "properties": {"id": 371, "class": "building", "confidence": 100.0, "source": "Almaty_10", "source_model": "msft-buildings", "centroid_wkt": "POINT (76.93285083456162 43.30428569165991)", "bbox": [76.93281136661417, 43.30426257890686, 76.93289030251056, 43.30430880441067], "pixel_bbox": [1750, 2493, 1868, 2562], "area_m2": 24.861}}, {"type": "Feature", "geometry": {"type": "Polygon", "coordinates": [[[76.93294216231524, 43.30467596689785], [76.93294077811014, 43.30465845784995], [76.93298622524279, 43.30465655515402], [76.9329813036246, 43.30459430071869], [76.93271129418928, 43.30460560498165], [76.93271298599552, 43.30462700494701], [76.93285734747582, 43.30462096108603], [76.93286196149286, 43.30467932459543], [76.93294216231524, 43.30467596689785]]]}, "properties": {"id": 372, "class": "building", "confidence": 100.0, "source": "Almaty_10", "source_model": "msft-buildings", "centroid_wkt": "POINT (76.93288443870414 43.30462900767613)", "bbox": [76.93271129418928, 43.30459430071869, 76.93298622524279, 43.30467932459543], "pixel_bbox": [1601, 1940, 2011, 2067], "area_m2": 111.384}}, {"type": "Feature", "geometry": {"type": "Polygon", "coordinates": [[[76.9342067896439, 43.3050749773135], [76.93420009061117, 43.30511339623251], [76.93434130856522, 43.305126436169665], [76.9343480039615, 43.30508801692311], [76.9342067896439, 43.3050749773135]]]}, "properties": {"id": 373, "class": "building", "confidence": 100.0, "source": "Almaty_10", "source_model": "msft-buildings", "centroid_wkt": "POINT (76.93427404817858 43.305100706741875)", "bbox": [76.93420009061117, 43.3050749773135, 76.9343480039615, 43.305126436169665], "pixel_bbox": [3821, 1274, 4041, 1350], "area_m2": 49.692}}, {"type": "Feature", "geometry": {"type": "Polygon", "coordinates": [[[76.93459034627911, 43.30389970040995], [76.93469902843378, 43.30391481778481], [76.9347163396369, 43.303848908733706], [76.9348457231544, 43.30386690562316], [76.93486105593433, 43.303808528992654], [76.93462299026216, 43.30377541468015], [76.93459034627911, 43.30389970040995]]]}, "properties": {"id": 374, "class": "building", "confidence": 100.0, "source": "Almaty_10", "source_model": "msft-buildings", "centroid_wkt": "POINT (76.9347068022922 43.30383923564081)", "bbox": [76.93459034627911, 43.30377541468015, 76.93486105593433, 43.30391481778481], "pixel_bbox": [4403, 3081, 4807, 3288], "area_m2": 196.783}}, {"type": "Feature", "geometry": {"type": "Polygon", "coordinates": [[[76.93483968523412, 43.30484362632985], [76.93497271050192, 43.30485992075026], [76.9349801711389, 43.30482765259927], [76.9348471458711, 43.30481135817021], [76.93483968523412, 43.30484362632985]]]}, "properties": {"id": 375, "class": "building", "confidence": 100.0, "source": "Almaty_10", "source_model": "msft-buildings", "centroid_wkt": "POINT (76.93490992818363 43.304835639462)", "bbox": [76.93483968523412, 43.30481135817021, 76.9349801711389, 43.30485992075026], "pixel_bbox": [4775, 1671, 4984, 1744], "area_m2": 39.789}}, {"type": "Feature", "geometry": {"type": "Polygon", "coordinates": [[[76.936479716785, 43.305351393314496], [76.93666041999172, 43.30539107869926], [76.93668017127885, 43.30534344149404], [76.93649946877305, 43.30530376543557], [76.936479716785, 43.305351393314496]]]}, "properties": {"id": 376, "class": "building", "confidence": 100.0, "source": "Almaty_10", "source_model": "msft-buildings", "centroid_wkt": "POINT (76.93657994682678 43.30534742041144)", "bbox": [76.936479716785, 43.30530376543557, 76.93668017127885, 43.30539107869926], "pixel_bbox": [7221, 879, 7519, 1009], "area_m2": 84.652}}, {"type": "Feature", "geometry": {"type": "Polygon", "coordinates": [[[76.93321539912691, 43.30416960724762], [76.93320835390826, 43.304201977587404], [76.93336273156847, 43.304219771165194], [76.93336977678712, 43.30418740083489], [76.93321539912691, 43.30416960724762]]]}, "properties": {"id": 377, "class": "building", "confidence": 100.0, "source": "Almaty_10", "source_model": "msft-buildings", "centroid_wkt": "POINT (76.93328906534403 43.30419468920832)", "bbox": [76.93320835390826, 43.30416960724762, 76.93336977678712, 43.304219771165194], "pixel_bbox": [2342, 2626, 2583, 2701], "area_m2": 46.177}}, {"type": "Feature", "geometry": {"type": "Polygon", "coordinates": [[[76.932241322342, 43.304289789838336], [76.93213064834006, 43.30427902338334], [76.93211443608601, 43.30436723363645], [76.93222511008793, 43.30437800007583], [76.932241322342, 43.304289789838336]]]}, "properties": {"id": 378, "class": "building", "confidence": 100.0, "source": "Almaty_10", "source_model": "msft-buildings", "centroid_wkt": "POINT (76.93217787921242 43.30432851173314)", "bbox": [76.93211443608601, 43.30427902338334, 76.932241322342, 43.30437800007583], "pixel_bbox": [711, 2390, 900, 2537], "area_m2": 89.576}}, {"type": "Feature", "geometry": {"type": "Polygon", "coordinates": [[[76.93518778992008, 43.303431101668686], [76.93517883455267, 43.30357133703559], [76.93527518567439, 43.30357460048774], [76.93528414104179, 43.30343436512838], [76.93518778992008, 43.303431101668686]]]}, "properties": {"id": 379, "class": "building", "confidence": 100.0, "source": "Almaty_10", "source_model": "msft-buildings", "centroid_wkt": "POINT (76.9352314877968 43.303502851080026)", "bbox": [76.93517883455267, 43.303431101668686, 76.93528414104179, 43.30357460048774], "pixel_bbox": [5281, 3588, 5438, 3802], "area_m2": 122.064}}, {"type": "Feature", "geometry": {"type": "Polygon", "coordinates": [[[76.93169068723739, 43.30306441056273], [76.93171547540112, 43.30294114660441], [76.93163763731718, 43.30293285669926], [76.93163763731718, 43.30305876335799], [76.93169068723739, 43.30306441056273]]]}, "properties": {"id": 380, "class": "building", "confidence": 100.0, "source": "Almaty_10", "source_model": "msft-buildings", "centroid_wkt": "POINT (76.93167075039135 43.302995361819036)", "bbox": [76.93163763731718, 43.30293285669926, 76.93171547540112, 43.30306441056273], "pixel_bbox": [0, 4349, 116, 4545], "area_m2": 74.277}}, {"type": "Feature", "geometry": {"type": "Polygon", "coordinates": [[[76.93306866900929, 43.303394535663166], [76.93306184992943, 43.303428954914644], [76.93314067760984, 43.30343722568185], [76.93314749668971, 43.30340280643505], [76.93306866900929, 43.303394535663166]]]}, "properties": {"id": 381, "class": "building", "confidence": 100.0, "source": "Almaty_10", "source_model": "msft-buildings", "centroid_wkt": "POINT (76.93310467330869 43.30341588067354)", "bbox": [76.93306184992943, 43.303394535663166, 76.93314749668971, 43.30343722568185], "pixel_bbox": [2123, 3793, 2251, 3856], "area_m2": 24.966}}, {"type": "Feature", "geometry": {"type": "Polygon", "coordinates": [[[76.93657358406955, 43.30422517075264], [76.93659740162532, 43.304162900751116], [76.93655259424168, 43.304153822357414], [76.93652877587579, 43.30421609448628], [76.93657358406955, 43.30422517075264]]]}, "properties": {"id": 382, "class": "building", "confidence": 100.0, "source": "Almaty_10", "source_model": "msft-buildings", "centroid_wkt": "POINT (76.93656308882571 43.304189497060655)", "bbox": [76.93652877587579, 43.304153822357414, 76.93659740162532, 43.30422517075264], "pixel_bbox": [7294, 2618, 7396, 2724], "area_m2": 27.101}}, {"type": "Feature", "geometry": {"type": "Polygon", "coordinates": [[[76.93542738371512, 43.30492685691761], [76.93538814707458, 43.304922306575804], [76.93536521967313, 43.30502700098833], [76.93557971330797, 43.30505187614322], [76.93559972267654, 43.30496050652149], [76.93571481682207, 43.304973854181455], [76.93572523836818, 43.30492626579286], [76.93561014422265, 43.30491291812247], [76.93562014890689, 43.30486723322435], [76.93544489191257, 43.3048469083417], [76.93542738371512, 43.30492685691761]]]}, "properties": {"id": 383, "class": "building", "confidence": 100.0, "source": "Almaty_10", "source_model": "msft-buildings", "centroid_wkt": "POINT (76.93552055225771 43.30495130477452)", "bbox": [76.93536521967313, 43.3048469083417, 76.93572523836818, 43.30505187614322], "pixel_bbox": [5558, 1385, 6095, 1691], "area_m2": 387.701}}, {"type": "Feature", "geometry": {"type": "Polygon", "coordinates": [[[76.9329626993707, 43.30313642014839], [76.93297089921634, 43.30310126095585], [76.93293439968978, 43.30309675277643], [76.93289832397186, 43.303251437634394], [76.93303798265606, 43.30326869441621], [76.93306587012304, 43.303149168360996], [76.9329626993707, 43.30313642014839]]]}, "properties": {"id": 384, "class": "building", "confidence": 100.0, "source": "Almaty_10", "source_model": "msft-buildings", "centroid_wkt": "POINT (76.93297969992354 43.303194325974246)", "bbox": [76.93289832397186, 43.30309675277643, 76.93306587012304, 43.30326869441621], "pixel_bbox": [1880, 4044, 2129, 4301], "area_m2": 166.722}}, {"type": "Feature", "geometry": {"type": "Polygon", "coordinates": [[[76.93344538614186, 43.303897164423056], [76.93344931040693, 43.303801605731195], [76.93331384537814, 43.30379866649828], [76.93330993029524, 43.303894225394004], [76.93344538614186, 43.303897164423056]]]}, "properties": {"id": 385, "class": "building", "confidence": 100.0, "source": "Almaty_10", "source_model": "msft-buildings", "centroid_wkt": "POINT (76.93337961807714 43.303847914971826)", "bbox": [76.93330993029524, 43.30379866649828, 76.93344931040693, 43.303897164423056], "pixel_bbox": [2493, 3107, 2701, 3254], "area_m2": 116.789}}, {"type": "Feature", "geometry": {"type": "Polygon", "coordinates": [[[76.93312768198895, 43.30382478923808], [76.9331347624697, 43.303788433098326], [76.9331952385168, 43.30379467052843], [76.9332021186722, 43.30375934298215], [76.93299965735278, 43.303738451027364], [76.9329856947479, 43.30381014484318], [76.93312768198895, 43.30382478923808]]]}, "properties": {"id": 386, "class": "building", "confidence": 100.0, "source": "Almaty_10", "source_model": "msft-buildings", "centroid_wkt": "POINT (76.93308184436613 43.30378027997334)", "bbox": [76.9329856947479, 43.303738451027364, 76.9332021186722, 43.30382478923808], "pixel_bbox": [2010, 3215, 2333, 3344], "area_m2": 113.247}}, {"type": "Feature", "geometry": {"type": "Polygon", "coordinates": [[[76.93261159713558, 43.30592416913546], [76.93249912524517, 43.305920886817404], [76.93249582211273, 43.30598082393408], [76.9326084748914, 43.30598082393408], [76.93261159713558, 43.30592416913546]]]}, "properties": {"id": 387, "class": "building", "confidence": 100.0, "source": "Almaty_10", "source_model": "msft-buildings", "centroid_wkt": "POINT (76.93255322670014 43.30595166825488)", "bbox": [76.93249582211273, 43.305920886817404, 76.93261159713558, 43.30598082393408], "pixel_bbox": [1279, 0, 1452, 89], "area_m2": 59.197}}, {"type": "Feature", "geometry": {"type": "Polygon", "coordinates": [[[76.93447778321065, 43.30457915073396], [76.93446261808046, 43.304621143122446], [76.93456799102063, 43.30464130105335], [76.93458315615086, 43.30459930867878], [76.93447778321065, 43.30457915073396]]]}, "properties": {"id": 388, "class": "building", "confidence": 100.0, "source": "Almaty_10", "source_model": "msft-buildings", "centroid_wkt": "POINT (76.93452288711298 43.30461022589646)", "bbox": [76.93446261808046, 43.30457915073396, 76.93458315615086, 43.30464130105335], "pixel_bbox": [4212, 1997, 4392, 2090], "area_m2": 42.642}}, {"type": "Feature", "geometry": {"type": "Polygon", "coordinates": [[[76.93304378079935, 43.304192615499694], [76.93290712846522, 43.304182606967764], [76.93289001326468, 43.30430627518932], [76.93298153705511, 43.30431297845529], [76.93298394222438, 43.304295587507475], [76.93302908254262, 43.30429889361641], [76.93304378079935, 43.304192615499694]]]}, "properties": {"id": 389, "class": "building", "confidence": 100.0, "source": "Almaty_10", "source_model": "msft-buildings", "centroid_wkt": "POINT (76.93296502877529 43.30424669464697)", "bbox": [76.93289001326468, 43.304182606967764, 76.93304378079935, 43.30431297845529], "pixel_bbox": [1867, 2487, 2096, 2681], "area_m2": 146.74}}, {"type": "Feature", "geometry": {"type": "Polygon", "coordinates": [[[76.93164481626334, 43.30410146909198], [76.93184546448502, 43.30414674153535], [76.93187505935106, 43.30407729469511], [76.93171600893142, 43.304041407963965], [76.93169703786346, 43.304085925204646], [76.93165544006142, 43.30407653944757], [76.93164481626334, 43.30410146909198]]]}, "properties": {"id": 390, "class": "building", "confidence": 100.0, "source": "Almaty_10", "source_model": "msft-buildings", "centroid_wkt": "POINT (76.93177131200268 43.30409404234793)", "bbox": [76.93164481626334, 43.304041407963965, 76.93187505935106, 43.30414674153535], "pixel_bbox": [10, 2735, 354, 2892], "area_m2": 119.388}}, {"type": "Feature", "geometry": {"type": "Polygon", "coordinates": [[[76.93414269434756, 43.3053747635727], [76.9343406750728, 43.30538202365159], [76.9343404054341, 43.30538591749533], [76.93438856290783, 43.305387683460225], [76.93439077818175, 43.30535569275578], [76.93414464084867, 43.30534665420335], [76.93414269434756, 43.3053747635727]]]}, "properties": {"id": 391, "class": "building", "confidence": 100.0, "source": "Almaty_10", "source_model": "msft-buildings", "centroid_wkt": "POINT (76.93426931102681 43.30536574277069)", "bbox": [76.93414269434756, 43.30534665420335, 76.93439077818175, 43.305387683460225], "pixel_bbox": [3735, 884, 4105, 945], "area_m2": 64.206}}, {"type": "Feature", "geometry": {"type": "Polygon", "coordinates": [[[76.93449595197158, 43.30477449024587], [76.93448889154318, 43.304805997325445], [76.93456204712693, 43.304814682523855], [76.93456910836869, 43.30478317181933], [76.93449595197158, 43.30477449024587]]]}, "properties": {"id": 392, "class": "building", "confidence": 100.0, "source": "Almaty_10", "source_model": "msft-buildings", "centroid_wkt": "POINT (76.93452900045399 43.304794585561844)", "bbox": [76.93448889154318, 43.30477449024587, 76.93456910836869, 43.304814682523855], "pixel_bbox": [4252, 1739, 4371, 1799], "area_m2": 21.331}}, {"type": "Feature", "geometry": {"type": "Polygon", "coordinates": [[[76.93568799562438, 43.305756252587315], [76.93587832149763, 43.30575290832626], [76.93587544808145, 43.305666310720774], [76.93568512188676, 43.30566964529869], [76.93568799562438, 43.305756252587315]]]}, "properties": {"id": 393, "class": "building", "confidence": 100.0, "source": "Almaty_10", "source_model": "msft-buildings", "centroid_wkt": "POINT (76.93578171999917 43.30571127926437)", "bbox": [76.93568512188676, 43.305666310720774, 76.93587832149763, 43.305756252587315], "pixel_bbox": [6036, 334, 6324, 469], "area_m2": 148.662}}, {"type": "Feature", "geometry": {"type": "Polygon", "coordinates": [[[76.93621104507665, 43.30519427829729], [76.93620506559857, 43.30522488971011], [76.93615248387627, 43.3052194505508], [76.93616294796287, 43.30516588056347], [76.93630754769917, 43.30518083826358], [76.93632436498122, 43.30509474356339], [76.93619553976157, 43.305081417593684], [76.93619105515305, 43.30510437619737], [76.93613058617238, 43.305098121151715], [76.93611937465103, 43.305155517628876], [76.93604313115371, 43.305147630838725], [76.93602668758909, 43.30523181225144], [76.93609241474196, 43.30523861119914], [76.93608008206849, 43.30530174717511], [76.93626148901039, 43.30532051224727], [76.93625663068448, 43.3053453839697], [76.9363118414929, 43.305351095075125], [76.93633987029625, 43.305207604242256], [76.93621104507665, 43.30519427829729]]]}, "properties": {"id": 394, "class": "building", "confidence": 100.0, "source": "Almaty_10", "source_model": "msft-buildings", "centroid_wkt": "POINT (76.93620010675659 43.30521243432892)", "bbox": [76.93602668758909, 43.305081417593684, 76.93633987029625, 43.305351095075125], "pixel_bbox": [6545, 939, 7012, 1341], "area_m2": 456.143}}, {"type": "Feature", "geometry": {"type": "Polygon", "coordinates": [[[76.93273344257148, 43.30376720336532], [76.93283244275094, 43.303784347370154], [76.93285600102435, 43.30371230217849], [76.93271384692049, 43.30368768511523], [76.93270116169634, 43.30372647870629], [76.93274431562074, 43.303733951739616], [76.93273344257148, 43.30376720336532]]]}, "properties": {"id": 395, "class": "building", "confidence": 100.0, "source": "Almaty_10", "source_model": "msft-buildings", "centroid_wkt": "POINT (76.93278224380016 43.30373425246627)", "bbox": [76.93270116169634, 43.30368768511523, 76.93285600102435, 43.303784347370154], "pixel_bbox": [1586, 3275, 1816, 3419], "area_m2": 83.881}}, {"type": "Feature", "geometry": {"type": "Polygon", "coordinates": [[[76.93380108602096, 43.30305371392144], [76.93391027993292, 43.30306041566782], [76.93391679363921, 43.30300420914738], [76.93380759972726, 43.3029975073948], [76.93380108602096, 43.30305371392144]]]}, "properties": {"id": 396, "class": "building", "confidence": 100.0, "source": "Almaty_10", "source_model": "msft-buildings", "centroid_wkt": "POINT (76.93385893982911 43.30302896153277)", "bbox": [76.93380108602096, 43.3029975073948, 76.93391679363921, 43.30306041566782], "pixel_bbox": [3226, 4355, 3398, 4449], "area_m2": 55.719}}, {"type": "Feature", "geometry": {"type": "Polygon", "coordinates": [[[76.93610929542521, 43.30489250575335], [76.93608916199054, 43.30498862092321], [76.9361691300583, 43.304997491730866], [76.9361603353693, 43.30503945744745], [76.9363254754782, 43.30505777631954], [76.93633946702892, 43.30499101268604], [76.93639975627502, 43.3049977005342], [76.93641469869625, 43.30492639954825], [76.93610929542521, 43.30489250575335]]]}, "properties": {"id": 397, "class": "building", "confidence": 100.0, "source": "Almaty_10", "source_model": "msft-buildings", "centroid_wkt": "POINT (76.93624605778336 43.304969360013295)", "bbox": [76.93608916199054, 43.30489250575335, 76.93641469869625, 43.30505777631954], "pixel_bbox": [6638, 1376, 7124, 1623], "area_m2": 320.859}}, {"type": "Feature", "geometry": {"type": "Polygon", "coordinates": [[[76.93500702819281, 43.3058975026539], [76.93475992789111, 43.30587185428388], [76.93473856868185, 43.30598082393408], [76.93499069633124, 43.30598082393408], [76.93500702819281, 43.3058975026539]]]}, "properties": {"id": 398, "class": "building", "confidence": 100.0, "source": "Almaty_10", "source_model": "msft-buildings", "centroid_wkt": "POINT (76.93486850622463 43.30593246611293)", "bbox": [76.93473856868185, 43.30587185428388, 76.93500702819281, 43.30598082393408], "pixel_bbox": [4624, 0, 5024, 162], "area_m2": 218.508}}, {"type": "Feature", "geometry": {"type": "Polygon", "coordinates": [[[76.9360776366413, 43.30548121014605], [76.9360839673585, 43.30543679481027], [76.93603089378728, 43.30543279150325], [76.93602456307008, 43.30547720684194], [76.9360776366413, 43.30548121014605]]]}, "properties": {"id": 399, "class": "building", "confidence": 100.0, "source": "Almaty_10", "source_model": "msft-buildings", "centroid_wkt": "POINT (76.93605426521403 43.30545700082533)", "bbox": [76.93602456307008, 43.30543279150325, 76.9360839673585, 43.30548121014605], "pixel_bbox": [6542, 745, 6630, 817], "area_m2": 21.477}}, {"type": "Feature", "geometry": {"type": "Polygon", "coordinates": [[[76.93428183244731, 43.304986415401196], [76.93427341073942, 43.305050238435676], [76.93441426806311, 43.305060088480616], [76.934422689771, 43.30499626545647], [76.93428183244731, 43.304986415401196]]]}, "properties": {"id": 400, "class": "building", "confidence": 100.0, "source": "Almaty_10", "source_model": "msft-buildings", "centroid_wkt": "POINT (76.93434805025333 43.30502325194331)", "bbox": [76.93427341073942, 43.304986415401196, 76.934422689771, 43.305060088480616], "pixel_bbox": [3930, 1373, 4153, 1482], "area_m2": 81.784}}, {"type": "Feature", "geometry": {"type": "Polygon", "coordinates": [[[76.93535493462244, 43.30506768103428], [76.93534850346222, 43.30511996272594], [76.93544961717491, 43.30512654943312], [76.93545604833511, 43.30507426774713], [76.93535493462244, 43.30506768103428]]]}, "properties": {"id": 401, "class": "building", "confidence": 100.0, "source": "Almaty_10", "source_model": "msft-buildings", "centroid_wkt": "POINT (76.93540227589777 43.305097115235036)", "bbox": [76.93534850346222, 43.30506768103428, 76.93545604833511, 43.30512654943312], "pixel_bbox": [5534, 1273, 5694, 1361], "area_m2": 48.034}}, {"type": "Feature", "geometry": {"type": "Polygon", "coordinates": [[[76.9323039955925, 43.30512816245277], [76.93232126065152, 43.30500057586319], [76.9321645301629, 43.304989344402095], [76.93214726510388, 43.305116931015256], [76.9323039955925, 43.30512816245277]]]}, "properties": {"id": 402, "class": "building", "confidence": 100.0, "source": "Almaty_10", "source_model": "msft-buildings", "centroid_wkt": "POINT (76.93223426287534 43.30505875343294)", "bbox": [76.93214726510388, 43.304989344402095, 76.93232126065152, 43.30512816245277], "pixel_bbox": [760, 1271, 1019, 1478], "area_m2": 182.001}}, {"type": "Feature", "geometry": {"type": "Polygon", "coordinates": [[[76.93565602722481, 43.30390109787467], [76.93564407448784, 43.30392968148576], [76.93574226946583, 43.303951427267094], [76.93575422220279, 43.30392284366624], [76.93565602722481, 43.30390109787467]]]}, "properties": {"id": 403, "class": "building", "confidence": 100.0, "source": "Almaty_10", "source_model": "msft-buildings", "centroid_wkt": "POINT (76.93569914834268 43.30392626257275)", "bbox": [76.93564407448784, 43.30390109787467, 76.93575422220279, 43.303951427267094], "pixel_bbox": [5974, 3026, 6139, 3101], "area_m2": 27.644}}, {"type": "Feature", "geometry": {"type": "Polygon", "coordinates": [[[76.93322753691868, 43.304217493027544], [76.93321032045345, 43.30429242457146], [76.93343594242556, 43.304319866163645], [76.93345314931268, 43.304244944979594], [76.93322753691868, 43.304217493027544]]]}, "properties": {"id": 404, "class": "building", "confidence": 100.0, "source": "Almaty_10", "source_model": "msft-buildings", "centroid_wkt": "POINT (76.9333317344197 43.304268682037105)", "bbox": [76.93321032045345, 43.304217493027544, 76.93345314931268, 43.304319866163645], "pixel_bbox": [2345, 2476, 2707, 2629], "area_m2": 156.642}}, {"type": "Feature", "geometry": {"type": "Polygon", "coordinates": [[[76.93534824571988, 43.30594473622147], [76.93530540629835, 43.30594342492781], [76.93530324092882, 43.30598082393408], [76.93534615627304, 43.30598082393408], [76.93534824571988, 43.30594473622147]]]}, "properties": {"id": 405, "class": "building", "confidence": 100.0, "source": "Almaty_10", "source_model": "msft-buildings", "centroid_wkt": "POINT (76.93532563478803 43.30596245030447)", "bbox": [76.93530324092882, 43.30594342492781, 76.93534824571988, 43.30598082393408], "pixel_bbox": [5466, 0, 5533, 55], "area_m2": 14.214}}, {"type": "Feature", "geometry": {"type": "Polygon", "coordinates": [[[76.93684597978601, 43.30389945797677], [76.93683738278969, 43.30395463660635], [76.93685252219439, 43.30395588654256], [76.93685252219439, 43.30389999779699], [76.93684597978601, 43.30389945797677]]]}, "properties": {"id": 406, "class": "building", "confidence": 100.0, "source": "Almaty_10", "source_model": "msft-buildings", "centroid_wkt": "POINT (76.93684681768318 43.303931164664945)", "bbox": [76.93683738278969, 43.30389945797677, 76.93685252219439, 43.30395588654256], "pixel_bbox": [7754, 3019, 7777, 3103], "area_m2": 5.462}}, {"type": "Feature", "geometry": {"type": "Polygon", "coordinates": [[[76.93518909370343, 43.30432602018872], [76.93514134651934, 43.30432235048952], [76.93514526864129, 43.304295325327296], [76.93507364786515, 43.30428982077563], [76.93506524331809, 43.30434773182806], [76.93518461127836, 43.304356906071824], [76.93518909370343, 43.30432602018872]]]}, "properties": {"id": 407, "class": "building", "confidence": 100.0, "source": "Almaty_10", "source_model": "msft-buildings", "centroid_wkt": "POINT (76.93512039641382 43.304326276038736)", "bbox": [76.93506524331809, 43.30428982077563, 76.93518909370343, 43.304356906071824], "pixel_bbox": [5111, 2421, 5296, 2521], "area_m2": 51.247}}, {"type": "Feature", "geometry": {"type": "Polygon", "coordinates": [[[76.93199749032445, 43.30533832671981], [76.93202054639474, 43.305265083294685], [76.93183578539437, 43.30523428383043], [76.93181273320369, 43.30530753734935], [76.93199749032445, 43.30533832671981]]]}, "properties": {"id": 408, "class": "building", "confidence": 100.0, "source": "Almaty_10", "source_model": "msft-buildings", "centroid_wkt": "POINT (76.93191663701225 43.305286307262584)", "bbox": [76.93181273320369, 43.30523428383043, 76.93202054639474, 43.30533832671981], "pixel_bbox": [261, 958, 571, 1113], "area_m2": 128.39}}, {"type": "Feature", "geometry": {"type": "Polygon", "coordinates": [[[76.93246055764054, 43.3038736127166], [76.93247182626682, 43.30383843756038], [76.93240683006287, 43.303827413814346], [76.93239556464528, 43.30386258952114], [76.93246055764054, 43.3038736127166]]]}, "properties": {"id": 409, "class": "building", "confidence": 100.0, "source": "Almaty_10", "source_model": "msft-buildings", "centroid_wkt": "POINT (76.93243369469933 43.30385051325816)", "bbox": [76.93239556464528, 43.303827413814346, 76.93247182626682, 43.3038736127166], "pixel_bbox": [1130, 3142, 1244, 3211], "area_m2": 21.728}}, {"type": "Feature", "geometry": {"type": "Polygon", "coordinates": [[[76.93318775210624, 43.305963130339066], [76.93298116665153, 43.30593903588648], [76.93297529643213, 43.305965677097234], [76.93310516521939, 43.30598082393408], [76.93318385343278, 43.30598082393408], [76.93318775210624, 43.305963130339066]]]}, "properties": {"id": 410, "class": "building", "confidence": 100.0, "source": "Almaty_10", "source_model": "msft-buildings", "centroid_wkt": "POINT (76.93307650668802 43.30596311326657)", "bbox": [76.93297529643213, 43.30593903588648, 76.93318775210624, 43.30598082393408], "pixel_bbox": [1994, 0, 2311, 62], "area_m2": 47.712}}, {"type": "Feature", "geometry": {"type": "Polygon", "coordinates": [[[76.934275233692, 43.30370568390605], [76.93428562651458, 43.303627491151296], [76.93412087205334, 43.3036158858119], [76.93411047812577, 43.303694086895234], [76.934275233692, 43.30370568390605]]]}, "properties": {"id": 411, "class": "building", "confidence": 100.0, "source": "Almaty_10", "source_model": "msft-buildings", "centroid_wkt": "POINT (76.93419805113416 43.30366078683808)", "bbox": [76.93411047812577, 43.3036158858119, 76.93428562651458, 43.30370568390605], "pixel_bbox": [3687, 3392, 3948, 3526], "area_m2": 117.222}}, {"type": "Feature", "geometry": {"type": "Polygon", "coordinates": [[[76.9352393301006, 43.3037414815931], [76.93523762640014, 43.30377541778688], [76.93538227262121, 43.303779263483015], [76.93538397595233, 43.303745334648774], [76.9352393301006, 43.3037414815931]]]}, "properties": {"id": 412, "class": "building", "confidence": 100.0, "source": "Almaty_10", "source_model": "msft-buildings", "centroid_wkt": "POINT (76.93531079865424 43.30376037430837)", "bbox": [76.93523762640014, 43.3037414815931, 76.93538397595233, 43.303779263483015], "pixel_bbox": [5368, 3283, 5586, 3339], "area_m2": 44.303}}, {"type": "Feature", "geometry": {"type": "Polygon", "coordinates": [[[76.93214993923903, 43.30372106283903], [76.93214993923903, 43.30377001315355], [76.93211708217859, 43.30377001315355], [76.93211708217859, 43.30372106283903], [76.93214993923903, 43.30372106283903]]]}, "properties": {"id": 413, "class": "small vehicle", "confidence": 90.2, "source": "Almaty_10", "source_model": "yolo26-obb", "centroid_wkt": "POINT (76.93213351070881 43.303745537996285)", "bbox": [76.93211708217859, 43.30372106283903, 76.93214993923903, 43.30377001315355], "pixel_bbox": [715, 3297, 764, 3370], "area_m2": 14.498}}, {"type": "Feature", "geometry": {"type": "Polygon", "coordinates": [[[76.93411465734243, 43.305147998034954], [76.93411465734243, 43.30520164221525], [76.93407844752073, 43.30520164221525], [76.93407844752073, 43.305147998034954], [76.93411465734243, 43.305147998034954]]]}, "properties": {"id": 414, "class": "small vehicle", "confidence": 89.1, "source": "Almaty_10", "source_model": "yolo26-obb", "centroid_wkt": "POINT (76.93409655243158 43.3051748201251)", "bbox": [76.93407844752073, 43.305147998034954, 76.93411465734243, 43.30520164221525], "pixel_bbox": [3640, 1162, 3694, 1242], "area_m2": 17.509}}, {"type": "Feature", "geometry": {"type": "Polygon", "coordinates": [[[76.93431917577982, 43.30571997910738], [76.93431917577982, 43.30574478954077], [76.93426955491304, 43.30574478954077], [76.93426955491304, 43.30571997910738], [76.93431917577982, 43.30571997910738]]]}, "properties": {"id": 415, "class": "small vehicle", "confidence": 81.5, "source": "Almaty_10", "source_model": "yolo26-obb", "centroid_wkt": "POINT (76.93429436534643 43.305732384324074)", "bbox": [76.93426955491304, 43.30571997910738, 76.93431917577982, 43.30574478954077], "pixel_bbox": [3925, 352, 3999, 389], "area_m2": 11.097}}, {"type": "Feature", "geometry": {"type": "Polygon", "coordinates": [[[76.93202387541533, 43.30428767949343], [76.93202387541533, 43.3043373003602], [76.93198900669813, 43.3043373003602], [76.93198900669813, 43.30428767949343], [76.93202387541533, 43.30428767949343]]]}, "properties": {"id": 416, "class": "small vehicle", "confidence": 63.3, "source": "Almaty_10", "source_model": "yolo26-obb", "centroid_wkt": "POINT (76.93200644105671 43.304312489926815)", "bbox": [76.93198900669813, 43.30428767949343, 76.93202387541533, 43.3043373003602], "pixel_bbox": [524, 2451, 576, 2525], "area_m2": 15.597}}, {"type": "Feature", "geometry": {"type": "Polygon", "coordinates": [[[76.93641263991594, 43.30512184649706], [76.93641263991594, 43.30516006797552], [76.93635899573565, 43.30516006797552], [76.93635899573565, 43.30512184649706], [76.93641263991594, 43.30512184649706]]]}, "properties": {"id": 417, "class": "small vehicle", "confidence": 61.0, "source": "Almaty_10", "source_model": "yolo26-obb", "centroid_wkt": "POINT (76.9363858178258 43.30514095723629)", "bbox": [76.93635899573565, 43.30512184649706, 76.93641263991594, 43.30516006797552], "pixel_bbox": [7041, 1224, 7121, 1281], "area_m2": 18.482}}, {"type": "Feature", "geometry": {"type": "Polygon", "coordinates": [[[76.9328835234046, 43.30557715147734], [76.9328835234046, 43.30559726804495], [76.93282049149275, 43.30559726804495], [76.93282049149275, 43.30557715147734], [76.9328835234046, 43.30557715147734]]]}, "properties": {"id": 418, "class": "large vehicle", "confidence": 50.9, "source": "Almaty_10", "source_model": "yolo26-obb", "centroid_wkt": "POINT (76.93285200744867 43.30558720976114)", "bbox": [76.93282049149275, 43.30557715147734, 76.9328835234046, 43.30559726804495], "pixel_bbox": [1764, 572, 1858, 602], "area_m2": 11.43}}, {"type": "Feature", "geometry": {"type": "Polygon", "coordinates": [[[76.93375993520021, 43.30457668751478], [76.93375993520021, 43.30462094396353], [76.9335413351655, 43.30462094396353], [76.9335413351655, 43.30457668751478], [76.93375993520021, 43.30457668751478]]]}, "properties": {"id": 419, "class": "ship", "confidence": 42.8, "source": "Almaty_10", "source_model": "yolo26-obb", "centroid_wkt": "POINT (76.93365063518287 43.304598815739155)", "bbox": [76.9335413351655, 43.30457668751478, 76.93375993520021, 43.30462094396353], "pixel_bbox": [2839, 2028, 3165, 2094], "area_m2": 87.208}}, {"type": "Feature", "geometry": {"type": "Polygon", "coordinates": [[[76.93669963628054, 43.303937651216984], [76.93669963628054, 43.30397855490446], [76.93664263933897, 43.30397855490446], [76.93664263933897, 43.303937651216984], [76.93669963628054, 43.303937651216984]]]}, "properties": {"id": 420, "class": "small vehicle", "confidence": 38.2, "source": "Almaty_10", "source_model": "yolo26-obb", "centroid_wkt": "POINT (76.93667113780977 43.30395810306072)", "bbox": [76.93664263933897, 43.303937651216984, 76.93669963628054, 43.30397855490446], "pixel_bbox": [7464, 2986, 7549, 3047], "area_m2": 21.016}}, {"type": "Feature", "geometry": {"type": "Polygon", "coordinates": [[[76.93601701408625, 43.30477248877287], [76.93601701408625, 43.30479931086302], [76.93595465272665, 43.30479931086302], [76.93595465272665, 43.30477248877287], [76.93601701408625, 43.30477248877287]]]}, "properties": {"id": 421, "class": "small vehicle", "confidence": 37.7, "source": "Almaty_10", "source_model": "yolo26-obb", "centroid_wkt": "POINT (76.93598583340645 43.304785899817944)", "bbox": [76.93595465272665, 43.30477248877287, 76.93601701408625, 43.30479931086302], "pixel_bbox": [6438, 1762, 6531, 1802], "area_m2": 15.078}}, {"type": "Feature", "geometry": {"type": "Polygon", "coordinates": [[[76.93294856697321, 43.305171467363834], [76.93294856697321, 43.305218406021595], [76.93291906267405, 43.305218406021595], [76.93291906267405, 43.305171467363834], [76.93294856697321, 43.305171467363834]]]}, "properties": {"id": 422, "class": "small vehicle", "confidence": 29.5, "source": "Almaty_10", "source_model": "yolo26-obb", "centroid_wkt": "POINT (76.93293381482363 43.305194936692715)", "bbox": [76.93291906267405, 43.305171467363834, 76.93294856697321, 43.305218406021595], "pixel_bbox": [1911, 1137, 1955, 1207], "area_m2": 12.484}}, {"type": "Feature", "geometry": {"type": "Polygon", "coordinates": [[[76.9328848645091, 43.30557648092508], [76.9328848645091, 43.30559726804495], [76.93282049149275, 43.30559726804495], [76.93282049149275, 43.30557648092508], [76.9328848645091, 43.30557648092508]]]}, "properties": {"id": 423, "class": "small vehicle", "confidence": 29.3, "source": "Almaty_10", "source_model": "yolo26-obb", "centroid_wkt": "POINT (76.93285267800093 43.305586874485016)", "bbox": [76.93282049149275, 43.30557648092508, 76.9328848645091, 43.30559726804495], "pixel_bbox": [1764, 572, 1860, 603], "area_m2": 12.062}}, {"type": "Feature", "geometry": {"type": "Polygon", "coordinates": [[[76.93577494472265, 43.30461625009775], [76.93577494472265, 43.30463636666536], [76.93575616925955, 43.30463636666536], [76.93575616925955, 43.30461625009775], [76.93577494472265, 43.30461625009775]]]}, "properties": {"id": 424, "class": "ship", "confidence": 29.1, "source": "Almaty_10", "source_model": "yolo26-obb", "centroid_wkt": "POINT (76.9357655569911 43.30462630838156)", "bbox": [76.93575616925955, 43.30461625009775, 76.93577494472265, 43.30463636666536], "pixel_bbox": [6142, 2005, 6170, 2035], "area_m2": 3.405}}, {"type": "Feature", "geometry": {"type": "Polygon", "coordinates": [[[76.9335500523448, 43.30454584211111], [76.9335500523448, 43.30461222678423], [76.93350311368704, 43.30461222678423], [76.93350311368704, 43.30454584211111], [76.9335500523448, 43.30454584211111]]]}, "properties": {"id": 425, "class": "ship", "confidence": 28.7, "source": "Almaty_10", "source_model": "yolo26-obb", "centroid_wkt": "POINT (76.93352658301593 43.30457903444767)", "bbox": [76.93350311368704, 43.30454584211111, 76.9335500523448, 43.30461222678423], "pixel_bbox": [2782, 2041, 2852, 2140], "area_m2": 28.088}}, {"type": "Feature", "geometry": {"type": "Polygon", "coordinates": [[[76.93609949201345, 43.30598082393408], [76.93610083311796, 43.305980153381824], [76.93610016256571, 43.305976800620556], [76.93609345704317, 43.30597747117281], [76.93609278649092, 43.305974788963795], [76.93609613925219, 43.30597210675478], [76.93610016256571, 43.30597411841154], [76.93610083311796, 43.30597210675478], [76.93610083311796, 43.305962048470974], [76.93610217422247, 43.30595601350069], [76.93610150367022, 43.30591980367899], [76.93610284477472, 43.30591779202223], [76.93610284477472, 43.3059211447835], [76.93610351532698, 43.30591980367899], [76.93610552698374, 43.30591980367899], [76.93610552698374, 43.3059211447835], [76.93610820919275, 43.3059211447835], [76.936108879745, 43.30592315644026], [76.93611491471529, 43.305924497544765], [76.9361162558198, 43.30592717975378], [76.9361162558198, 43.30593254417181], [76.93611290305853, 43.30593388527632], [76.93611357361078, 43.305942602455616], [76.93611022084951, 43.30594662576914], [76.936108879745, 43.30594662576914], [76.93610820919275, 43.3059486374259], [76.93610552698374, 43.305947966873646], [76.93610418587923, 43.30594997853041], [76.93610485643148, 43.3059573546052], [76.93610552698374, 43.305958695709705], [76.93610955029726, 43.305958695709705], [76.93610955029726, 43.30596070736647], [76.93611156195402, 43.30596137791872], [76.93611156195402, 43.30596338957548], [76.93611558526754, 43.305964060127735], [76.93612027913332, 43.30596875399351], [76.93612162023783, 43.30596875399351], [76.93612162023783, 43.30597009509802], [76.93612564355135, 43.30597210675478], [76.93612899631262, 43.305976800620556], [76.93612698465586, 43.305976800620556], [76.9361249729991, 43.30597948282957], [76.93612966686487, 43.30598082393408], [76.93609949201345, 43.30598082393408]]]}, "properties": {"id": 426, "class": "road", "confidence": 100.0, "source": "Almaty_10", "source_model": "unet-roads", "centroid_wkt": "POINT (76.93610964946956 43.305956147766146)", "bbox": [76.93609278649092, 43.30591779202223, 76.93612966686487, 43.30598082393408], "pixel_bbox": [6644, 0, 6699, 94], "area_m2": 7.306}}, {"type": "Feature", "geometry": {"type": "Polygon", "coordinates": [[[76.93438556045294, 43.305864818394184], [76.93438421934843, 43.305856101214886], [76.93438421934843, 43.305809162557125], [76.9344237819314, 43.305809162557125], [76.9344237819314, 43.30581050366163], [76.93442579358816, 43.30581184476614], [76.93442646414042, 43.305814526975155], [76.93442780524492, 43.30581519752741], [76.93442847579718, 43.30581787973642], [76.93443182855844, 43.30582056194544], [76.93443182855844, 43.305821903049946], [76.93443987518549, 43.30582994967699], [76.93444121629, 43.30582994967699], [76.93444792181253, 43.30583665519953], [76.93444792181253, 43.305837996304035], [76.9344499334693, 43.305840007960796], [76.93444926291704, 43.305846713483334], [76.93444523960352, 43.305850736796856], [76.93443652242422, 43.30585543066263], [76.93441104143858, 43.30586213618517], [76.93439695984125, 43.30586414784193], [76.9343875721097, 43.30586347728968], [76.93438556045294, 43.305864818394184]]]}, "properties": {"id": 427, "class": "road", "confidence": 100.0, "source": "Almaty_10", "source_model": "unet-roads", "centroid_wkt": "POINT (76.93441185963317 43.305836321849206)", "bbox": [76.93438421934843, 43.305809162557125, 76.9344499334693, 43.305864818394184], "pixel_bbox": [4096, 173, 4194, 256], "area_m2": 25.638}}, {"type": "Feature", "geometry": {"type": "Polygon", "coordinates": [[[76.93408314138651, 43.30580648034811], [76.93407442420721, 43.3058051392436], [76.93407375365496, 43.30580312758684], [76.93408112972975, 43.30579910427332], [76.93408314138651, 43.30579910427332], [76.93408448249102, 43.30579776316881], [76.93408649414778, 43.30579776316881], [76.93408917635679, 43.30579575151205], [76.93409521132708, 43.30579373985529], [76.93411063402891, 43.305793069303036], [76.93411935120821, 43.305796422064304], [76.9341180101037, 43.30580044537783], [76.93411130458117, 43.305803798139095], [76.93409990519285, 43.30580648034811], [76.93408314138651, 43.30580648034811]]]}, "properties": {"id": 428, "class": "road", "confidence": 100.0, "source": "Almaty_10", "source_model": "unet-roads", "centroid_wkt": "POINT (76.93409819549953 43.30579991225535)", "bbox": [76.93407375365496, 43.305793069303036, 76.93411935120821, 43.30580648034811], "pixel_bbox": [3633, 260, 3701, 280], "area_m2": 3.794}}, {"type": "Feature", "geometry": {"type": "Polygon", "coordinates": [[[76.9350715354085, 43.305809162557125], [76.93507086485624, 43.3057863637805], [76.93507689982653, 43.305785693228245], [76.93508226424456, 43.305783681571484], [76.93508628755808, 43.305783681571484], [76.9350889697671, 43.30578166991472], [76.93509098142385, 43.30578166991472], [76.93509567528963, 43.3057776466012], [76.93509567528963, 43.30577563494444], [76.93509701639414, 43.305772952735424], [76.9350990280509, 43.30577161163092], [76.93509969860315, 43.30576825886965], [76.93510103970766, 43.30576557666063], [76.93510305136442, 43.305764235556126], [76.93510305136442, 43.30576289445162], [76.93510573357344, 43.305762223899364], [76.9351077452302, 43.3057602122426], [76.93511310964823, 43.3057602122426], [76.9351164624095, 43.30575820058584], [76.93512853235006, 43.3057602122426], [76.93513322621584, 43.305764235556126], [76.93513590842485, 43.3057689294219], [76.93513993173838, 43.30578301101923], [76.93514127284288, 43.305783681571484], [76.93514194339514, 43.30578703433275], [76.9351439550519, 43.30578904598951], [76.93514596670866, 43.30579575151205], [76.93514596670866, 43.30579977482557], [76.93514797836542, 43.30580245703459], [76.93514797836542, 43.30580849200487], [76.93514596670866, 43.305809162557125], [76.9350715354085, 43.305809162557125]]]}, "properties": {"id": 429, "class": "road", "confidence": 100.0, "source": "Almaty_10", "source_model": "unet-roads", "centroid_wkt": "POINT (76.93511169987379 43.30578864362032)", "bbox": [76.93507086485624, 43.30575820058584, 76.93514797836542, 43.305809162557125], "pixel_bbox": [5120, 256, 5235, 332], "area_m2": 25.135}}, {"type": "Feature", "geometry": {"type": "Polygon", "coordinates": [[[76.9341703131795, 43.305748142302036], [76.93416830152273, 43.305746130645275], [76.93416561931372, 43.30574680119753], [76.93416427820921, 43.30574546009302], [76.93415891379118, 43.30574680119753], [76.93415891379118, 43.30574546009302], [76.93415690213442, 43.30574478954077], [76.93415690213442, 43.30574210733175], [76.93415824323893, 43.305740766227245], [76.93416025489569, 43.305740766227245], [76.93416025489569, 43.30573942512274], [76.93416360765696, 43.30573607236147], [76.93416561931372, 43.30573607236147], [76.93416561931372, 43.30573473125696], [76.93417433649302, 43.30573406070471], [76.93417701870203, 43.30573674291372], [76.93417903035879, 43.30573674291372], [76.9341803714633, 43.30573808401823], [76.93418104201555, 43.305744118988514], [76.93417903035879, 43.30574546009302], [76.93417768925428, 43.30574478954077], [76.93417433649302, 43.305748142302036], [76.9341703131795, 43.305748142302036]]]}, "properties": {"id": 430, "class": "road", "confidence": 100.0, "source": "Almaty_10", "source_model": "unet-roads", "centroid_wkt": "POINT (76.93417007861369 43.30574091623038)", "bbox": [76.93415690213442, 43.30573406070471, 76.93418104201555, 43.305748142302036], "pixel_bbox": [3757, 347, 3793, 368], "area_m2": 2.132}}, {"type": "Feature", "geometry": {"type": "Polygon", "coordinates": [[[76.93354938179255, 43.30577630549669], [76.9335312768817, 43.305772952735424], [76.93352725356817, 43.30577429383993], [76.93352658301592, 43.305772952735424], [76.93352591246367, 43.30573137849569], [76.93352725356817, 43.30572199076414], [76.93352792412043, 43.3057240024209], [76.93352859467268, 43.305722661316395], [76.93352993577719, 43.305722661316395], [76.93353932350874, 43.30572534352541], [76.9335500523448, 43.30573137849569], [76.93355206400156, 43.30573137849569], [76.93355273455381, 43.3057327196002], [76.93357486277819, 43.30573942512274], [76.9335775449872, 43.3057414367795], [76.93358022719622, 43.3057414367795], [76.93358425050974, 43.30574344843626], [76.93359564989805, 43.30574277788401], [76.93361040204763, 43.30573473125696], [76.93361442536116, 43.305733390152454], [76.93362314254045, 43.305733390152454], [76.933632530272, 43.30573607236147], [76.93363521248102, 43.30573808401823], [76.93363789469004, 43.30573808401823], [76.93364325910807, 43.305740766227245], [76.93364460021257, 43.30574277788401], [76.93365063518286, 43.305746130645275], [76.93365197628736, 43.30574881285429], [76.93365398794413, 43.3057501539588], [76.93365398794413, 43.305756859481335], [76.93365264683962, 43.30575954169035], [76.9336486235261, 43.30576356500387], [76.9336412474513, 43.305767588317394], [76.93361911922693, 43.30577161163092], [76.9335862621665, 43.30577094107866], [76.93356346338987, 43.30577563494444], [76.93354938179255, 43.30577630549669]]]}, "properties": {"id": 431, "class": "road", "confidence": 100.0, "source": "Almaty_10", "source_model": "unet-roads", "centroid_wkt": "POINT (76.93358304508538 43.305753135009056)", "bbox": [76.93352591246367, 43.30572199076414, 76.93365398794413, 43.30577630549669], "pixel_bbox": [2816, 305, 3007, 386], "area_m2": 40.977}}, {"type": "Feature", "geometry": {"type": "Polygon", "coordinates": [[[76.93337503820658, 43.30577027052641], [76.93336095660925, 43.30576825886965], [76.93335559219122, 43.3057689294219], [76.93335492163897, 43.305767588317394], [76.93335425108671, 43.305728025734425], [76.93335559219122, 43.305719308555126], [76.93335626274347, 43.30572132021189], [76.93335760384798, 43.305720649659634], [76.93335827440023, 43.30572199076414], [76.93336699157953, 43.30572333186865], [76.93337772041559, 43.30572936683893], [76.9333978369832, 43.30573137849569], [76.93342130631208, 43.305730037391186], [76.93342801183462, 43.305728025734425], [76.93343203514814, 43.30572534352541], [76.93343941122293, 43.30572333186865], [76.93345550447702, 43.3057240024209], [76.9334689155221, 43.305728025734425], [76.93347226828337, 43.30573137849569], [76.93347360938787, 43.30573137849569], [76.9334776327014, 43.30573674291372], [76.9334776327014, 43.30574478954077], [76.93347427994013, 43.305749483406544], [76.93347226828337, 43.305749483406544], [76.93347092717886, 43.305751495063305], [76.93346824496984, 43.30575283616781], [76.93346623331308, 43.30575283616781], [76.93346489220858, 43.30575417727232], [76.93346086889505, 43.30575484782457], [76.93345952779055, 43.30575618892908], [76.93344745784998, 43.3057602122426], [76.93342063575983, 43.30576557666063], [76.93340923637152, 43.30576624721289], [76.93339046090841, 43.305769599974155], [76.93337503820658, 43.30577027052641]]]}, "properties": {"id": 432, "class": "road", "confidence": 100.0, "source": "Almaty_10", "source_model": "unet-roads", "centroid_wkt": "POINT (76.93341057561825 43.305745630680995)", "bbox": [76.93335425108671, 43.305719308555126, 76.9334776327014, 43.30577027052641], "pixel_bbox": [2560, 314, 2744, 390], "area_m2": 40.231}}, {"type": "Feature", "geometry": {"type": "Polygon", "coordinates": [[[76.93326909095049, 43.305735401809216], [76.93322885781527, 43.305735401809216], [76.9332167878747, 43.3057327196002], [76.93321276456118, 43.30573070794344], [76.93321142345667, 43.30572869628668], [76.93321008235216, 43.30572869628668], [76.93321008235216, 43.30572735518217], [76.9332080706954, 43.30572534352541], [76.93320874124765, 43.305717296898365], [76.93321142345667, 43.305711932480335], [76.93321410566568, 43.30570925027132], [76.93321410566568, 43.30570723861456], [76.93321611732244, 43.30570589751005], [76.93321745842695, 43.305701203644276], [76.9332167878747, 43.30569516867399], [76.93321209400892, 43.30568980425596], [76.93321008235216, 43.305685110390186], [76.93321142345667, 43.30568175762892], [76.93321410566568, 43.30568041652441], [76.93322148174047, 43.30568175762892], [76.93322617560625, 43.30568712204695], [76.93322751671076, 43.30569248646498], [76.93322885781527, 43.30569315701723], [76.93323019891977, 43.3056965097785], [76.93323154002428, 43.3056965097785], [76.9332355633378, 43.30570053309202], [76.93324092775583, 43.30570321530104], [76.93324629217386, 43.305704556405544], [76.93325903266668, 43.305704556405544], [76.93326774984598, 43.30570254474878], [76.93328250199556, 43.30570254474878], [76.93329390138388, 43.305706568062305], [76.93329859524965, 43.30571260303259], [76.93329859524965, 43.30572199076414], [76.93329725414515, 43.305722661316395], [76.93329591304064, 43.30572668462992], [76.93329457193613, 43.30572668462992], [76.93329457193613, 43.305728025734425], [76.93329188972712, 43.30572869628668], [76.93329121917486, 43.305730037391186], [76.93328317254782, 43.3057327196002], [76.93326909095049, 43.305735401809216]]]}, "properties": {"id": 433, "class": "road", "confidence": 100.0, "source": "Almaty_10", "source_model": "unet-roads", "centroid_wkt": "POINT (76.93324999291364 43.30571574065041)", "bbox": [76.9332080706954, 43.30568041652441, 76.93329859524965, 43.305735401809216], "pixel_bbox": [2342, 366, 2477, 448], "area_m2": 26.424}}, {"type": "Feature", "geometry": {"type": "Polygon", "coordinates": [[[76.935162730515, 43.30565560609102], [76.93515870720148, 43.305654264986515], [76.93515602499247, 43.3056515827775], [76.93515468388796, 43.30564621835947], [76.93515803664923, 43.30563951283693], [76.9351613894105, 43.30563884228468], [76.93516205996275, 43.30563750118017], [76.93516742438078, 43.30563750118017], [76.93516608327627, 43.30563884228468], [76.93516943603754, 43.30563951283693], [76.93517211824656, 43.30564219504595], [76.93517211824656, 43.305648900568485], [76.93516809493303, 43.30565493553877], [76.935162730515, 43.30565560609102]]]}, "properties": {"id": 434, "class": "road", "confidence": 100.0, "source": "Almaty_10", "source_model": "unet-roads", "centroid_wkt": "POINT (76.93516406311838 43.305646292174124)", "bbox": [76.93515468388796, 43.30563750118017, 76.93517211824656, 43.30565560609102], "pixel_bbox": [5245, 485, 5271, 512], "area_m2": 2.185}}, {"type": "Feature", "geometry": {"type": "Polygon", "coordinates": [[[76.93387057632208, 43.305807150900364], [76.93386923521757, 43.30580446869135], [76.93386856466532, 43.3057950809598], [76.93385783582926, 43.30579776316881], [76.9338558241725, 43.30579977482557], [76.93384777754545, 43.305801786482334], [76.93384643644094, 43.30580312758684], [76.93382631987333, 43.30580648034811], [76.93380150943995, 43.30580648034811], [76.9337834045291, 43.3058051392436], [76.93378206342459, 43.305803798139095], [76.93377871066332, 43.30580312758684], [76.9337746873498, 43.30579910427332], [76.93377200514078, 43.30579239875078], [76.93377200514078, 43.305787704885006], [76.93377804011106, 43.30576691776514], [76.93377804011106, 43.30575954169035], [76.9337746873498, 43.3057501539588], [76.93376529961824, 43.30574344843626], [76.93375524133444, 43.305740766227245], [76.93375121802092, 43.305740766227245], [76.93374183028936, 43.30573607236147], [76.93373780697584, 43.30573204904795], [76.93373512476683, 43.30572735518217], [76.93373445421457, 43.30572333186865], [76.93373311311007, 43.30572199076414], [76.93373311311007, 43.30571796745062], [76.93373512476683, 43.30571595579386], [76.93373512476683, 43.30571461468935], [76.93373780697584, 43.305713944137096], [76.9337398186326, 43.30571126192808], [76.93374384194613, 43.30571126192808], [76.93374518305063, 43.305709920823574], [76.93374384194613, 43.30570857971907], [76.93374451249838, 43.30570723861456], [76.9337485358119, 43.30570723861456], [76.9337485358119, 43.30571059137583], [76.93375255912542, 43.30571126192808], [76.93375457078218, 43.30571327358484], [76.93375658243895, 43.305711932480335], [76.93375993520021, 43.305711932480335], [76.93376395851374, 43.30571260303259], [76.93376462906599, 43.305713944137096], [76.93377535790205, 43.305713944137096], [76.9337760284543, 43.30571260303259], [76.93377736955881, 43.30571260303259], [76.93377736955881, 43.305713944137096], [76.93377938121557, 43.305713944137096], [76.93378072232008, 43.30571260303259], [76.93378809839487, 43.30571260303259], [76.93379078060389, 43.30571126192808], [76.93379279226065, 43.305711932480335], [76.93379480391741, 43.30570790916681], [76.93379748612642, 43.30570790916681], [76.93380150943995, 43.30570589751005], [76.93380419164896, 43.30570053309202], [76.93380419164896, 43.30569718033075], [76.9338021799922, 43.30569315701723], [76.9338021799922, 43.305690474808216], [76.93380083888769, 43.30568913370371], [76.93380083888769, 43.30568041652441], [76.9338021799922, 43.30567706376314], [76.93379882723093, 43.30567706376314], [76.93379882723093, 43.30567505210638], [76.93379681557417, 43.30567304044962], [76.9337934628129, 43.30567371100187], [76.93379078060389, 43.30567169934511], [76.93377871066332, 43.30566767603159], [76.93376865237951, 43.305667005479336], [76.93376462906599, 43.3056690171361], [76.93376395851374, 43.305670358240604], [76.93375993520021, 43.30567169934511], [76.93375524133444, 43.30567639321089], [76.93375390022993, 43.30567639321089], [76.93375121802092, 43.3056790754199], [76.93374987691641, 43.305683098733425], [76.9337485358119, 43.30568376928568], [76.93374786525965, 43.3056877925992], [76.93374183028936, 43.305690474808216], [76.93373579531908, 43.30568980425596], [76.93373512476683, 43.3056877925992], [76.93373177200556, 43.30568712204695], [76.93372841924429, 43.30568041652441], [76.93372707813978, 43.30568041652441], [76.93372573703527, 43.30567840486765], [76.93372439593077, 43.30567840486765], [76.93372305482626, 43.30567639321089], [76.93371836096048, 43.30567371100187], [76.93371836096048, 43.305672369897366], [76.93371366709471, 43.30566834658384], [76.93371366709471, 43.305667005479336], [76.93371165543795, 43.305664993822575], [76.93370964378119, 43.30565560609102], [76.93371165543795, 43.305654264986515], [76.93371165543795, 43.3056515827775], [76.93371299654245, 43.305648900568485], [76.93371567875147, 43.305646888911724], [76.93371567875147, 43.30564554780722], [76.9337210431695, 43.3056428655982], [76.9337210431695, 43.305641524493694], [76.93371903151274, 43.30564085394144], [76.93371903151274, 43.30563951283693], [76.93371769040823, 43.30563884228468], [76.93373311311007, 43.30563750118017], [76.93378876894712, 43.30563750118017], [76.93381424993277, 43.30563884228468], [76.933812238276, 43.30564018338919], [76.933812238276, 43.305641524493694], [76.9338108971715, 43.305641524493694], [76.93381156772375, 43.30564420670271], [76.93381424993277, 43.30564554780722], [76.93381424993277, 43.30564755946398], [76.93381559103727, 43.305648900568485], [76.93381693214178, 43.30565560609102], [76.93381626158953, 43.305657617747784], [76.93381760269403, 43.305659629404545], [76.93381760269403, 43.30566298216581], [76.93381559103727, 43.30566432327032], [76.93381424993277, 43.30566968768835], [76.93381693214178, 43.305670358240604], [76.93381827324629, 43.30567304044962], [76.9338196143508, 43.30567304044962], [76.93382363766432, 43.305677734315395], [76.93382497876883, 43.305677734315395], [76.93383034318686, 43.30568242818117], [76.93383168429136, 43.305701203644276], [76.93383570760489, 43.30571059137583], [76.93383771926165, 43.305711932480335], [76.93383771926165, 43.305713944137096], [76.93383369594812, 43.30571595579386], [76.93383503705263, 43.30571997910738], [76.93383637815714, 43.30571997910738], [76.93383637815714, 43.30571863800287], [76.9338383898139, 43.30571863800287], [76.93383906036615, 43.30572199076414], [76.93384040147066, 43.30572199076414], [76.93384308367968, 43.305724672973156], [76.93384509533644, 43.30572936683893], [76.93384643644094, 43.305730037391186], [76.93384777754545, 43.30573607236147], [76.93384911864996, 43.30573607236147], [76.93385381251574, 43.3057414367795], [76.93385515362024, 43.3057414367795], [76.93385515362024, 43.30574277788401], [76.93385649472475, 43.30574277788401], [76.93385783582926, 43.305746130645275], [76.93386320024729, 43.30575216561556], [76.93386387079954, 43.30575484782457], [76.93386655300856, 43.30575753003359], [76.93386923521757, 43.30575753003359], [76.93386923521757, 43.30577630549669], [76.93387124687433, 43.30577630549669], [76.93387124687433, 43.3057776466012], [76.93387728184462, 43.3057776466012], [76.93387929350138, 43.30577965825796], [76.93388130515814, 43.30577965825796], [76.93388197571039, 43.30578099936247], [76.93388734012842, 43.30578301101923], [76.93388801068068, 43.30578435212374], [76.93389471620321, 43.30578703433275], [76.93389672785997, 43.30578971654177], [76.93389873951674, 43.30579038709402], [76.93389873951674, 43.30579172819853], [76.93390008062124, 43.30579172819853], [76.93390276283026, 43.305796422064304], [76.93390276283026, 43.30580111593008], [76.93389941006899, 43.305803798139095], [76.93388801068068, 43.30580648034811], [76.93387862294912, 43.305807150900364], [76.93387594074011, 43.305807150900364], [76.9338745996356, 43.30580580979586], [76.93387258797884, 43.30580648034811], [76.93387124687433, 43.3058051392436], [76.93387057632208, 43.305807150900364]], [[76.93379949778318, 43.30567505210638], [76.93380016833544, 43.305675722658634], [76.93380016833544, 43.30567505210638], [76.93379949778318, 43.30567505210638]], [[76.9338035210967, 43.30567304044962], [76.93380419164896, 43.30567505210638], [76.93380486220121, 43.30567304044962], [76.9338035210967, 43.30567304044962]]]}, "properties": {"id": 435, "class": "road", "confidence": 100.0, "source": "Almaty_10", "source_model": "unet-roads", "centroid_wkt": "POINT (76.93380154084127 43.30572753343618)", "bbox": [76.93370964378119, 43.30563750118017, 76.93390276283026, 43.305807150900364], "pixel_bbox": [3090, 259, 3378, 512], "area_m2": 131.622}}, {"type": "Feature", "geometry": {"type": "Polygon", "coordinates": [[[76.93410526961088, 43.305652253329754], [76.9341005757451, 43.30564957112074], [76.9341005757451, 43.30564823001623], [76.93409856408834, 43.305646888911724], [76.93409856408834, 43.305643536150455], [76.93410124629736, 43.30564219504595], [76.93410124629736, 43.30563884228468], [76.93410392850637, 43.30563750118017], [76.93411331623793, 43.30563750118017], [76.93412002176046, 43.30563884228468], [76.9341180101037, 43.305641524493694], [76.93411868065596, 43.305646888911724], [76.93411599844694, 43.305648900568485], [76.93411532789469, 43.305650912225246], [76.93411130458117, 43.305652253329754], [76.93410526961088, 43.305652253329754]]]}, "properties": {"id": 436, "class": "road", "confidence": 100.0, "source": "Almaty_10", "source_model": "unet-roads", "centroid_wkt": "POINT (76.93410938952245 43.30564421377086)", "bbox": [76.93409856408834, 43.30563750118017, 76.93412002176046, 43.305652253329754], "pixel_bbox": [3670, 490, 3702, 512], "area_m2": 2.211}}, {"type": "Feature", "geometry": {"type": "Polygon", "coordinates": [[[76.93570654839277, 43.30570254474878], [76.93569581955671, 43.30569785088301], [76.93569380789995, 43.30569516867399], [76.93569246679544, 43.30569516867399], [76.93569045513868, 43.30569315701723], [76.93568978458643, 43.305690474808216], [76.93568576127291, 43.30568578094244], [76.93568173795938, 43.305677734315395], [76.93568106740713, 43.30567304044962], [76.93567167967558, 43.30566231161356], [76.93566497415304, 43.30565895885229], [76.93565156310797, 43.30565493553877], [76.93564552813768, 43.30565560609102], [76.93564418703318, 43.305654264986515], [76.93564016371965, 43.305654264986515], [76.93563614040613, 43.305656276643276], [76.93563144654036, 43.30565560609102], [76.93562876433134, 43.30565694719553], [76.93561870604753, 43.30565493553877], [76.93561401218176, 43.305652253329754], [76.9356133416295, 43.30565024167299], [76.935612000525, 43.30565024167299], [76.935612000525, 43.30564219504595], [76.93560931831598, 43.30564085394144], [76.93560864776373, 43.30563884228468], [76.93561803549528, 43.30563750118017], [76.93570856004953, 43.305638171732426], [76.93570923060179, 43.30563951283693], [76.93570721894503, 43.305641524493694], [76.93570721894503, 43.305643536150455], [76.93570856004953, 43.30564420670271], [76.93570856004953, 43.30564554780722], [76.93570990115404, 43.30564554780722], [76.93570990115404, 43.30564823001623], [76.9357119128108, 43.3056515827775], [76.93571258336306, 43.30566566437483], [76.93571392446756, 43.30566633492708], [76.93571392446756, 43.30566834658384], [76.93571660667658, 43.30567371100187], [76.93571794778109, 43.30567371100187], [76.93572130054235, 43.30567706376314], [76.93572130054235, 43.3056790754199], [76.93572331219912, 43.305681087076664], [76.93572465330362, 43.305681087076664], [76.93572532385588, 43.305683098733425], [76.93572733551264, 43.30568443983793], [76.93572733551264, 43.305686451494694], [76.93572867661715, 43.3056877925992], [76.93572867661715, 43.30569449812174], [76.93572532385588, 43.30569852143526], [76.93572398275137, 43.30569852143526], [76.93572197109461, 43.30570053309202], [76.93571392446756, 43.30570254474878], [76.93570654839277, 43.30570254474878]]]}, "properties": {"id": 437, "class": "road", "confidence": 100.0, "source": "Almaty_10", "source_model": "unet-roads", "centroid_wkt": "POINT (76.93568132258414 43.305661842958415)", "bbox": [76.93560864776373, 43.30563750118017, 76.93572867661715, 43.30570254474878], "pixel_bbox": [5922, 415, 6101, 512], "area_m2": 31.584}}, {"type": "Feature", "geometry": {"type": "Polygon", "coordinates": [[[76.93203259259462, 43.30560330301523], [76.93202186375856, 43.30560129135847], [76.93198498338461, 43.30560129135847], [76.9319823011756, 43.30560263246298], [76.93198096007109, 43.30558720976114], [76.9319823011756, 43.305535577237606], [76.93198297172785, 43.30554027110338], [76.93198431283236, 43.305538929998875], [76.93198565393686, 43.30554161220789], [76.93198699504137, 43.30554027110338], [76.93198766559362, 43.30554161220789], [76.93199034780264, 43.30554161220789], [76.93199504166842, 43.30554362386465], [76.93201314657927, 43.3055617287755], [76.93201448768377, 43.3055617287755], [76.93201716989279, 43.30556508153677], [76.9320198521018, 43.30556642264128], [76.93203058093786, 43.305567763745785], [76.93204265087843, 43.305567763745785], [76.93207014352083, 43.30557178705931], [76.93208288401365, 43.30557715147734], [76.93208623677492, 43.305580504238605], [76.93208757787943, 43.305580504238605], [76.93208757787943, 43.30558184534311], [76.93209026008844, 43.30558452755213], [76.9320909306407, 43.30558989197016], [76.93208958953619, 43.305593244731426], [76.93208623677492, 43.305596597492695], [76.93207617849112, 43.30560062080622], [76.93206209689379, 43.30560263246298], [76.93203259259462, 43.30560330301523]]]}, "properties": {"id": 438, "class": "road", "confidence": 100.0, "source": "Almaty_10", "source_model": "unet-roads", "centroid_wkt": "POINT (76.93202676350342 43.30558060375871)", "bbox": [76.93198096007109, 43.305535577237606, 76.9320909306407, 43.30560330301523], "pixel_bbox": [512, 563, 676, 664], "area_m2": 36.826}}, {"type": "Feature", "geometry": {"type": "Polygon", "coordinates": [[[76.9317590072751, 43.30559391528368], [76.93173553794622, 43.30559056252241], [76.9317214563489, 43.305585868656635], [76.93171072751284, 43.305580504238605], [76.93170133978128, 43.30557782202959], [76.93167049437761, 43.30557648092508], [76.93166512995958, 43.305575139820576], [76.93165306001902, 43.30557446926832], [76.93164635449648, 43.30557245761156], [76.93163897842169, 43.305573128163815], [76.93163763731718, 43.305565752089024], [76.93163763731718, 43.305517472326756], [76.93163897842169, 43.305502720177174], [76.93163964897394, 43.30550540238619], [76.9316416606307, 43.30550540238619], [76.93164233118296, 43.305506743490696], [76.93164568394423, 43.305506743490696], [76.93165104836226, 43.30550942569971], [76.93165507167578, 43.30551344901323], [76.93165574222803, 43.30551613122225], [76.93165708333254, 43.3055168017745], [76.93165842443705, 43.305520825088024], [76.93166110664606, 43.305522836744785], [76.93166110664606, 43.30552417784929], [76.93166244775057, 43.30552417784929], [76.93166244775057, 43.3055255189538], [76.93166512995958, 43.30552686005831], [76.93166512995958, 43.305528201162815], [76.9316691532731, 43.30552954226732], [76.9316691532731, 43.30553088337183], [76.93167116492987, 43.30553088337183], [76.93167183548212, 43.30553222447634], [76.93167451769114, 43.30553222447634], [76.93167988210917, 43.30553490668535], [76.93168926984072, 43.30553624778986], [76.93169128149748, 43.30553758889437], [76.93170335143805, 43.30553960055113], [76.93172816187143, 43.30553960055113], [76.93173889070749, 43.305540941655636], [76.93175364285707, 43.30554563552141], [76.9317576661706, 43.30554831773043], [76.93176303058863, 43.305549658834934], [76.93176906555891, 43.3055530115962], [76.93178649991751, 43.30555770546198], [76.93180929869413, 43.30555971711874], [76.93180996924639, 43.30555636435747], [76.93181533366442, 43.30555636435747], [76.93182673305273, 43.30556105822325], [76.93183209747076, 43.305567763745785], [76.93183276802301, 43.3055704459548], [76.9318314269185, 43.30557379871607], [76.93182606250048, 43.3055791631341], [76.93181667476892, 43.30558318644762], [76.93181466311216, 43.30558251589537], [76.93181466311216, 43.30558117479086], [76.93181063979864, 43.30558184534311], [76.93180996924639, 43.305580504238605], [76.93180862814188, 43.30559056252241], [76.93178918212652, 43.30559391528368], [76.9317590072751, 43.30559391528368]]]}, "properties": {"id": 439, "class": "road", "confidence": 100.0, "source": "Almaty_10", "source_model": "unet-roads", "centroid_wkt": "POINT (76.93172293245327 43.30556078251905)", "bbox": [76.93163763731718, 43.305502720177174, 76.93183276802301, 43.30559391528368], "pixel_bbox": [0, 577, 291, 713], "area_m2": 73.847}}, {"type": "Feature", "geometry": {"type": "Polygon", "coordinates": [[[76.93180728703737, 43.305497355759144], [76.93180460482836, 43.30549467355013], [76.93179789930582, 43.305494002997875], [76.9317952170968, 43.30549266189337], [76.9317952170968, 43.3054893091321], [76.93179655820131, 43.305488638579845], [76.93179655820131, 43.305483274161816], [76.93180058151484, 43.30547858029604], [76.93180125206709, 43.30547522753477], [76.9318039342761, 43.30547455698252], [76.93180929869413, 43.30547522753477], [76.93180929869413, 43.30548997968435], [76.93181063979864, 43.30548997968435], [76.93181063979864, 43.30548796802759], [76.93181198090315, 43.3054893091321], [76.9318126514554, 43.30548729747534], [76.9318126514554, 43.305488638579845], [76.93181533366442, 43.30549132078886], [76.93181533366442, 43.305494002997875], [76.93181399255991, 43.305494002997875], [76.93181399255991, 43.30549534410238], [76.9318113103509, 43.30549534410238], [76.93181063979864, 43.305494002997875], [76.93180929869413, 43.305494002997875], [76.93180929869413, 43.305497355759144], [76.93180728703737, 43.305497355759144]]]}, "properties": {"id": 440, "class": "road", "confidence": 100.0, "source": "Almaty_10", "source_model": "unet-roads", "centroid_wkt": "POINT (76.9318048356466 43.30548631092861)", "bbox": [76.9317952170968, 43.30547455698252, 76.93181533366442, 43.305497355759144], "pixel_bbox": [235, 721, 265, 755], "area_m2": 2.42}}, {"type": "Feature", "geometry": {"type": "Polygon", "coordinates": [[[76.93558517843485, 43.3055342361331], [76.93558383733034, 43.305531553924084], [76.93557444959879, 43.305533565580845], [76.93555232137442, 43.305528201162815], [76.93554226309061, 43.30552350729704], [76.9355395808816, 43.305520825088024], [76.93553756922483, 43.305520825088024], [76.93552281707525, 43.30551277846098], [76.93552080541849, 43.30551277846098], [76.93551409989595, 43.30550942569971], [76.9355134293437, 43.3055080845952], [76.93551141768694, 43.3055080845952], [76.93550806492567, 43.305504731833935], [76.93550672382116, 43.305504731833935], [76.93550001829863, 43.3054980263114], [76.93549800664186, 43.305494002997875], [76.93549733608961, 43.305481262505054], [76.93549934774637, 43.305472545325756], [76.93550135940313, 43.305470533668995], [76.93550135940313, 43.30546919256449], [76.93549934774637, 43.30546919256449], [76.93549867719412, 43.305467180907726], [76.93550806492567, 43.30546583980322], [76.93554427474737, 43.30546583980322], [76.93556170910597, 43.305467180907726], [76.93555567413568, 43.305468522012234], [76.93555433303118, 43.30546919256449], [76.93555433303118, 43.305470533668995], [76.93556506186724, 43.30547321587801], [76.93556908518076, 43.305475898087025], [76.93557176738977, 43.305475898087025], [76.9355771318078, 43.30547858029604], [76.93557981401682, 43.30547858029604], [76.93558316677809, 43.305481262505054], [76.9355858489871, 43.3054805919528], [76.93558651953936, 43.30549065023661], [76.93559590727091, 43.30549534410238], [76.93559993058443, 43.305499367415905], [76.93560529500246, 43.305501379072666], [76.93560663610697, 43.30550406128168], [76.93560864776373, 43.30550540238619], [76.93560864776373, 43.305506743490696], [76.935612000525, 43.30550942569971], [76.93561468273401, 43.3055168017745], [76.93561267107725, 43.305520825088024], [76.93560730665922, 43.30552417784929], [76.93560194224119, 43.30552484840155], [76.93560060113668, 43.305526189506054], [76.93559255450964, 43.305528201162815], [76.9355858489871, 43.30552686005831], [76.93558517843485, 43.3055342361331]]]}, "properties": {"id": 441, "class": "road", "confidence": 100.0, "source": "Almaty_10", "source_model": "unet-roads", "centroid_wkt": "POINT (76.9355528756511 43.305497876928186)", "bbox": [76.93549733608961, 43.30546583980322, 76.93561468273401, 43.3055342361331], "pixel_bbox": [5756, 666, 5931, 768], "area_m2": 47.133}}, {"type": "Feature", "geometry": {"type": "Polygon", "coordinates": [[[76.93529818207026, 43.30546583980322], [76.93529415875673, 43.30546449869871], [76.93529415875673, 43.3054618164897], [76.93529147654772, 43.30546047538519], [76.93529482930899, 43.305452428758144], [76.93529885262251, 43.30544974654913], [76.9353062286973, 43.305449075996876], [76.93531092256308, 43.305447064340115], [76.9353323802352, 43.30544773489237], [76.9353410974145, 43.305449075996876], [76.93534579128027, 43.30544840544462], [76.93536188453436, 43.30545041710138], [76.93536389619112, 43.30545175820589], [76.93536926060915, 43.305452428758144], [76.93537194281816, 43.30545511096716], [76.93537328392267, 43.30545511096716], [76.93537328392267, 43.30545645207167], [76.93537529557943, 43.305457793176174], [76.93537663668394, 43.305463157594204], [76.93537663668394, 43.30546449869871], [76.93537462502718, 43.30546583980322], [76.93529818207026, 43.30546583980322]]]}, "properties": {"id": 442, "class": "road", "confidence": 100.0, "source": "Almaty_10", "source_model": "unet-roads", "centroid_wkt": "POINT (76.93533331068664 43.30545715881903)", "bbox": [76.93529147654772, 43.305447064340115, 76.93537663668394, 43.30546583980322], "pixel_bbox": [5449, 768, 5576, 796], "area_m2": 12.133}}, {"type": "Feature", "geometry": {"type": "Polygon", "coordinates": [[[76.93610150367022, 43.30553088337183], [76.93610083311796, 43.30546583980322], [76.9361263141036, 43.30546583980322], [76.93613033741713, 43.305457793176174], [76.93613167852163, 43.305457793176174], [76.93613771349192, 43.30545175820589], [76.93614307790995, 43.305449075996876], [76.93614911288023, 43.30544840544462], [76.93615447729826, 43.30544639378786], [76.93615917116404, 43.30544639378786], [76.93616185337305, 43.30544773489237], [76.93617057055235, 43.305447064340115], [76.93618666380644, 43.30545108765364], [76.93618800491095, 43.305452428758144], [76.93619135767221, 43.3054530993104], [76.93619403988123, 43.30545578151941], [76.936198733747, 43.30545712262392], [76.93620275706053, 43.30546047538519], [76.9362061098218, 43.30546114593744], [76.9362074509263, 43.305463157594204], [76.93621147423983, 43.305465169250965], [76.93623159080744, 43.30546583980322], [76.93623293191195, 43.305467180907726], [76.93623293191195, 43.30546986311674], [76.9362349435687, 43.30547321587801], [76.93623427301645, 43.30548260360956], [76.93622689694166, 43.30549534410238], [76.93622622638941, 43.30550070852041], [76.93622421473265, 43.305502720177174], [76.93622421473265, 43.305506743490696], [76.93622220307589, 43.30551143735647], [76.93621817976236, 43.30551613122225], [76.93621683865786, 43.30551613122225], [76.93621549755335, 43.30551814287901], [76.93621281534433, 43.30551948398352], [76.93620879203081, 43.30551948398352], [76.93620342761278, 43.30552149564028], [76.93618264049292, 43.30551948398352], [76.93616386502981, 43.30551948398352], [76.93615715950727, 43.305520825088024], [76.93615514785051, 43.30552216619253], [76.93614039570093, 43.30552417784929], [76.9361350312829, 43.305526189506054], [76.9361263141036, 43.305526189506054], [76.9361162558198, 43.30552887171507], [76.93610485643148, 43.30552887171507], [76.93610284477472, 43.30553088337183], [76.93610150367022, 43.30553088337183]]]}, "properties": {"id": 443, "class": "road", "confidence": 100.0, "source": "Almaty_10", "source_model": "unet-roads", "centroid_wkt": "POINT (76.93616345483541 43.30548846775511)", "bbox": [76.93610083311796, 43.30544639378786, 76.9362349435687, 43.30553088337183], "pixel_bbox": [6656, 671, 6856, 797], "area_m2": 75.408}}, {"type": "Feature", "geometry": {"type": "Polygon", "coordinates": [[[76.93341057747602, 43.305313624441624], [76.93340856581926, 43.30531161278486], [76.93340856581926, 43.30530758947134], [76.93340990692377, 43.305304907262325], [76.93341191858053, 43.305304907262325], [76.93341460078955, 43.30530222505331], [76.93341929465532, 43.30530021339655], [76.93343002349138, 43.3053008839488], [76.93342935293913, 43.30530356615782], [76.93342331796885, 43.30530423671007], [76.93342063575983, 43.30530557781458], [76.93341795355082, 43.30531094223261], [76.93341325968504, 43.305313624441624], [76.93341057747602, 43.305313624441624]]]}, "properties": {"id": 444, "class": "road", "confidence": 100.0, "source": "Almaty_10", "source_model": "unet-roads", "centroid_wkt": "POINT (76.93341737437248 43.305305822968485)", "bbox": [76.93340856581926, 43.30530021339655, 76.93343002349138, 43.305313624441624], "pixel_bbox": [2641, 995, 2673, 1015], "area_m2": 1.267}}, {"type": "Feature", "geometry": {"type": "Polygon", "coordinates": [[[76.93380486220121, 43.30530893057585], [76.93379949778318, 43.30530624836683], [76.93379815667868, 43.305302895605564], [76.93379815667868, 43.30529820173979], [76.93379480391741, 43.305297531187534], [76.93379413336515, 43.30529551953077], [76.93382430821657, 43.30529551953077], [76.93381827324629, 43.30529887229204], [76.93381626158953, 43.305297531187534], [76.93381357938051, 43.305297531187534], [76.93381290882826, 43.30529887229204], [76.93381156772375, 43.30529887229204], [76.93381156772375, 43.30530624836683], [76.93380888551474, 43.305308260023594], [76.93380486220121, 43.30530893057585]]]}, "properties": {"id": 445, "class": "road", "confidence": 100.0, "source": "Almaty_10", "source_model": "unet-roads", "centroid_wkt": "POINT (76.93380665225642 43.305300374201366)", "bbox": [76.93379413336515, 43.30529551953077, 76.93382430821657, 43.30530893057585], "pixel_bbox": [3216, 1002, 3261, 1022], "area_m2": 1.773}}, {"type": "Feature", "geometry": {"type": "Polygon", "coordinates": [[[76.9356032833457, 43.305384032428265], [76.93559993058443, 43.30538135021925], [76.93559523671865, 43.30538135021925], [76.93559121340513, 43.30537933856249], [76.93558920174837, 43.30538135021925], [76.93558719009161, 43.30538135021925], [76.9355858489871, 43.305365927517414], [76.9355858489871, 43.30532569438219], [76.93558719009161, 43.30532234162092], [76.93559121340513, 43.30532234162092], [76.93559188395739, 43.305321000516415], [76.93559523671865, 43.30531965941191], [76.93559993058443, 43.305313624441624], [76.93560194224119, 43.30530356615782], [76.93560395389795, 43.30530021339655], [76.9356032833457, 43.30529551953077], [76.93560596555471, 43.305294178426266], [76.93575751036406, 43.305294178426266], [76.93575751036406, 43.3053719624877], [76.9357554987073, 43.30537397414446], [76.93575415760279, 43.30537397414446], [76.93575348705053, 43.3053719624877], [76.93575013428926, 43.30537263303995], [76.93574879318476, 43.30537397414446], [76.93574275821447, 43.30537464469671], [76.93572532385588, 43.305373303592205], [76.93572130054235, 43.30537062138319], [76.93571526557207, 43.30536928027868], [76.9357119128108, 43.30536659806967], [76.93570923060179, 43.305365927517414], [76.93570788949728, 43.3053632453084], [76.93570453673601, 43.305360563099384], [76.93569984287024, 43.30535989254713], [76.93569581955671, 43.305357210338116], [76.93569112569094, 43.30535586923361], [76.93569045513868, 43.3053545281291], [76.93568710237741, 43.30535385757685], [76.93568643182516, 43.30535251647234], [76.93568240851164, 43.305351845920086], [76.93568039685488, 43.305349834263325], [76.93567771464586, 43.305349834263325], [76.93567302078009, 43.30534715205431], [76.93566229194403, 43.30534715205431], [76.93565290421247, 43.30535117536783], [76.93564888089895, 43.30535586923361], [76.93564753979445, 43.30535586923361], [76.93564284592867, 43.305360563099384], [76.93564150482416, 43.305360563099384], [76.93563345819712, 43.30536928027868], [76.93562407046556, 43.30537464469671], [76.93562272936106, 43.305376656353474], [76.93562004715204, 43.30537732690573], [76.93561736494303, 43.30538000911474], [76.93561535328627, 43.30538000911474], [76.93561468273401, 43.30538135021925], [76.93560998886824, 43.3053820207715], [76.93560797721148, 43.305384032428265], [76.9356032833457, 43.305384032428265]]]}, "properties": {"id": 446, "class": "road", "confidence": 100.0, "source": "Almaty_10", "source_model": "unet-roads", "centroid_wkt": "POINT (76.93567301023934 43.305331730826545)", "bbox": [76.9355858489871, 43.305294178426266, 76.93575751036406, 43.305384032428265], "pixel_bbox": [5888, 890, 6144, 1024], "area_m2": 108.013}}, {"type": "Feature", "geometry": {"type": "Polygon", "coordinates": [[[76.93350110203028, 43.30531094223261], [76.93349909037352, 43.3053096011281], [76.93349439650774, 43.3053096011281], [76.93349238485098, 43.30530691891909], [76.93348970264196, 43.30530691891909], [76.93348165601492, 43.305302895605564], [76.93347964435816, 43.305302895605564], [76.9334789738059, 43.30530155450106], [76.93347696214914, 43.30530155450106], [76.93347293883562, 43.30529820173979], [76.93347159773111, 43.30529820173979], [76.9334702566266, 43.30529484897852], [76.93346355110407, 43.30529350787401], [76.93346958607435, 43.30529350787401], [76.9334689155221, 43.305288814008236], [76.9334702566266, 43.30528613179922], [76.93347427994013, 43.30528277903795], [76.93348031491041, 43.3052821084857], [76.93349238485098, 43.30528277903795], [76.93349976092577, 43.30528546124697], [76.93350713700056, 43.30528613179922], [76.93351048976183, 43.30528814345598], [76.93351317197084, 43.30528814345598], [76.93351853638887, 43.30529350787401], [76.93352121859789, 43.30529350787401], [76.93351987749338, 43.305294178426266], [76.93351987749338, 43.30530021339655], [76.93351652473211, 43.305302895605564], [76.93351585417986, 43.305304907262325], [76.93351451307535, 43.305304907262325], [76.9335138425231, 43.30530691891909], [76.9335064664483, 43.30531094223261], [76.93350110203028, 43.30531094223261]]]}, "properties": {"id": 447, "class": "road", "confidence": 100.0, "source": "Almaty_10", "source_model": "unet-roads", "centroid_wkt": "POINT (76.93349492975783 43.305295274654156)", "bbox": [76.93346355110407, 43.3052821084857, 76.93352121859789, 43.30531094223261], "pixel_bbox": [2723, 999, 2809, 1042], "area_m2": 9.31}}, {"type": "Feature", "geometry": {"type": "Polygon", "coordinates": [[[76.93438421934843, 43.305294178426266], [76.93438421934843, 43.305259980261326], [76.93438488990068, 43.30525126308203], [76.93438623100519, 43.305250592529774], [76.9343889132142, 43.3052559569478], [76.93439025431871, 43.30525528639555], [76.93439427763224, 43.30526065081358], [76.93439427763224, 43.30526199191809], [76.934396289289, 43.305263333022594], [76.93439695984125, 43.30526802688837], [76.93439830094576, 43.30527137964964], [76.93439964205027, 43.30527205020189], [76.93440031260252, 43.30527540296316], [76.93440165370703, 43.30527540296316], [76.93440835922956, 43.305281437933445], [76.93441171199083, 43.30528277903795], [76.93441707640886, 43.30528814345598], [76.93441774696112, 43.30529149621725], [76.9344137236476, 43.305294178426266], [76.93438421934843, 43.305294178426266]]]}, "properties": {"id": 448, "class": "road", "confidence": 100.0, "source": "Almaty_10", "source_model": "unet-roads", "centroid_wkt": "POINT (76.93439616794909 43.3052790465727)", "bbox": [76.93438421934843, 43.305250592529774, 76.93441774696112, 43.305294178426266], "pixel_bbox": [4096, 1024, 4146, 1089], "area_m2": 6.902}}, {"type": "Feature", "geometry": {"type": "Polygon", "coordinates": [[[76.93284999579191, 43.305294178426266], [76.93284999579191, 43.30529283732176], [76.93285334855318, 43.30529283732176], [76.93285334855318, 43.30529149621725], [76.93285468965769, 43.30529149621725], [76.93285536020994, 43.30528814345598], [76.93285938352346, 43.305286802351475], [76.93286206573248, 43.30528412014246], [76.93286407738924, 43.30528412014246], [76.932866089046, 43.3052821084857], [76.93286877125502, 43.305281437933445], [76.93287011235952, 43.305279426276684], [76.93287413567305, 43.305278085172176], [76.93287950009108, 43.30527272075415], [76.93288218230009, 43.30526735633612], [76.93288218230009, 43.305265344679356], [76.93288419395685, 43.30526266247034], [76.93288687616587, 43.30525193363428], [76.93288687616587, 43.30524858087301], [76.93288419395685, 43.305247239768505], [76.93288285285234, 43.305241875350475], [76.93289089947939, 43.30524120479822], [76.93289961665869, 43.30524254590273], [76.93290162831545, 43.305245898664], [76.93289760500193, 43.305250592529774], [76.93289760500193, 43.30525193363428], [76.93289626389742, 43.30525193363428], [76.93289626389742, 43.3052559569478], [76.93289961665869, 43.30526266247034], [76.93290028721094, 43.30527540296316], [76.93289827555418, 43.30528076738119], [76.93289760500193, 43.30528814345598], [76.93289626389742, 43.30529149621725], [76.93289492279291, 43.305292166769505], [76.93289492279291, 43.305294178426266], [76.93284999579191, 43.305294178426266]]]}, "properties": {"id": 449, "class": "road", "confidence": 100.0, "source": "Almaty_10", "source_model": "unet-roads", "centroid_wkt": "POINT (76.93288486914348 43.30527404013907)", "bbox": [76.93284999579191, 43.30524120479822, 76.93290162831545, 43.305294178426266], "pixel_bbox": [1808, 1024, 1885, 1103], "area_m2": 10.605}}, {"type": "Feature", "geometry": {"type": "Polygon", "coordinates": [[[76.93387661129236, 43.30563750118017], [76.93387191742659, 43.30563481897116], [76.93387191742659, 43.30563213676214], [76.93387392908335, 43.30563146620989], [76.93387527018785, 43.305628784000874], [76.93387392908335, 43.305627442896366], [76.93387392908335, 43.30562476068735], [76.93386990576982, 43.305622078478336], [76.93386923521757, 43.30558117479086], [76.93387057632208, 43.30557983368635], [76.93387392908335, 43.30557983368635], [76.93387728184462, 43.30558184534311], [76.93387929350138, 43.30558184534311], [76.93388197571039, 43.30558452755213], [76.9338846579194, 43.30558452755213], [76.93389136344194, 43.30558251589537], [76.93391148000956, 43.30558184534311], [76.93392019718885, 43.30557983368635], [76.93392220884562, 43.30557782202959], [76.93392891436815, 43.305575139820576], [76.93393629044294, 43.30556843429804], [76.93393629044294, 43.30556709319353], [76.93393763154745, 43.30556709319353], [76.93393763154745, 43.305565752089024], [76.93393964320421, 43.305564410984516], [76.93393964320421, 43.30556306988001], [76.93394366651773, 43.30555837601423], [76.93394768983126, 43.30554563552141], [76.93394768983126, 43.3055342361331], [76.93394500762224, 43.30553088337183], [76.93394433706999, 43.305528201162815], [76.93393897265196, 43.305522836744785], [76.93393897265196, 43.30552149564028], [76.9339369609952, 43.305520825088024], [76.9339369609952, 43.30551948398352], [76.93393494933844, 43.30551881343126], [76.93393360823393, 43.30551613122225], [76.93393159657717, 43.305515460669994], [76.93392220884562, 43.30550607293844], [76.93392153829336, 43.305502720177174], [76.9339181855321, 43.305497355759144], [76.9339181855321, 43.305488638579845], [76.9339195266366, 43.30548528581858], [76.9339195266366, 43.305481262505054], [76.93392153829336, 43.305472545325756], [76.93392422050238, 43.305467180907726], [76.93392153829336, 43.305465169250965], [76.93392287939787, 43.305465169250965], [76.93392220884562, 43.30546114593744], [76.93392489105463, 43.3054530993104], [76.93392556160688, 43.305438347160816], [76.93392422050238, 43.3054356649518], [76.93392354995012, 43.305428959429264], [76.93391617387533, 43.305409513413906], [76.93391617387533, 43.30540616065264], [76.93391751497984, 43.305402137339115], [76.93392019718885, 43.3053994551301], [76.93392019718885, 43.30539610236883], [76.93392220884562, 43.30539409071207], [76.93392220884562, 43.30539207905531], [76.93392354995012, 43.305391408503056], [76.93392489105463, 43.305386044085026], [76.93392623215914, 43.30538470298052], [76.93393092602491, 43.30536525696516], [76.93393092602491, 43.30535922199488], [76.9339295849204, 43.30535788089037], [76.9339295849204, 43.305355198681355], [76.93392623215914, 43.30534849315882], [76.93392489105463, 43.30534715205431], [76.93392287939787, 43.30534715205431], [76.93392019718885, 43.305344469845295], [76.9339195266366, 43.305341117084026], [76.93391751497984, 43.30533977597952], [76.93391483277082, 43.30533441156149], [76.93391282111406, 43.30532569438219], [76.9339094683528, 43.305321000516415], [76.93390879780054, 43.30531697720289], [76.93390276283026, 43.30530893057585], [76.93390142172575, 43.3053008839488], [76.93390276283026, 43.30529887229204], [76.93390812724829, 43.30529686063528], [76.9339094683528, 43.305294178426266], [76.93393763154745, 43.30529350787401], [76.93394366651773, 43.30528747290373], [76.93394366651773, 43.305278085172176], [76.93394500762224, 43.30527674406767], [76.93394500762224, 43.30527003854513], [76.93394634872675, 43.3052646741271], [76.93395037204027, 43.30525662750006], [76.9339543953538, 43.30525327473879], [76.9339557364583, 43.305249251425266], [76.93395707756281, 43.30524791032076], [76.93395908921957, 43.30524791032076], [76.93396311253309, 43.30524321645498], [76.9339644536376, 43.30524321645498], [76.93397115916014, 43.3052371814847], [76.93397920578718, 43.30523516982794], [76.9339818879962, 43.30523315817118], [76.93399395793676, 43.30522980540991], [76.93400267511606, 43.30522980540991], [76.93400468677282, 43.305231146514416], [76.93400736898184, 43.305231146514416], [76.93401139229536, 43.30523382872343], [76.93401340395212, 43.30523382872343], [76.93401541560888, 43.305236510932446], [76.9340180978179, 43.305236510932446], [76.93401876837015, 43.30523785203695], [76.93402145057917, 43.30523785203695], [76.93402346223593, 43.30523919314146], [76.93403352051973, 43.305239863693714], [76.93403486162424, 43.30524120479822], [76.93404022604227, 43.30524254590273], [76.93404022604227, 43.30524388700724], [76.93404156714678, 43.305241875350475], [76.93404290825129, 43.305241875350475], [76.93404290825129, 43.30524321645498], [76.93405095487833, 43.30524254590273], [76.93405162543058, 43.30524455755949], [76.93405296653509, 43.30524455755949], [76.9340543076396, 43.30524656921625], [76.93405497819185, 43.305245228111744], [76.93405698984861, 43.305245228111744], [76.93405698984861, 43.30524656921625], [76.93405900150537, 43.30524656921625], [76.93406034260988, 43.30524858087301], [76.93406704813242, 43.30525126308203], [76.93407643586397, 43.30526132136583], [76.93407643586397, 43.305263333022594], [76.93407777696848, 43.30526400357485], [76.9340804591775, 43.30526936799288], [76.93408314138651, 43.30528613179922], [76.93408112972975, 43.30529015511274], [76.93407375365496, 43.305292166769505], [76.93406503647566, 43.305292166769505], [76.93405967205763, 43.305290825665], [76.93404357880354, 43.305290825665], [76.93404357880354, 43.30528747290373], [76.93404223769903, 43.30528747290373], [76.93404223769903, 43.305284790694714], [76.93404089659452, 43.305283449590206], [76.93404089659452, 43.30529350787401], [76.93407911807299, 43.30529350787401], [76.93408515304327, 43.30529484897852], [76.93407844752073, 43.30529551953077], [76.93408582359552, 43.30529619008303], [76.93407643586397, 43.30529686063528], [76.93407576531172, 43.30529887229204], [76.9340730831027, 43.3053008839488], [76.9340730831027, 43.30530356615782], [76.93407107144594, 43.30530423671007], [76.93406973034143, 43.30530624836683], [76.93406637758017, 43.30530691891909], [76.93406503647566, 43.30530893057585], [76.93406235426664, 43.3053096011281], [76.93406235426664, 43.30531094223261], [76.93405967205763, 43.305313624441624], [76.93405833095312, 43.305321000516415], [76.93405833095312, 43.30532904714346], [76.93405698984861, 43.30532971769571], [76.93405698984861, 43.305333741009235], [76.93405967205763, 43.305341117084026], [76.93406168371439, 43.305342458188534], [76.93406168371439, 43.305351845920086], [76.9340630248189, 43.30535922199488], [76.9340643659234, 43.305360563099384], [76.9340643659234, 43.305373303592205], [76.9340630248189, 43.30537598580122], [76.93406369537115, 43.3053820207715], [76.93406235426664, 43.305384032428265], [76.93406168371439, 43.30539006739855], [76.93405900150537, 43.30539342015982], [76.93405900150537, 43.30539543181658], [76.93405229598284, 43.30540884286165], [76.93404827266932, 43.30542091280222], [76.9340455904603, 43.30542493611574], [76.93404491990805, 43.30542962998152], [76.9340442493558, 43.305430971086025], [76.93404290825129, 43.305430971086025], [76.93404290825129, 43.30543365329504], [76.93404156714678, 43.30543365329504], [76.93404089659452, 43.30546583980322], [76.934036873281, 43.30546651035547], [76.93403821438551, 43.30546785145998], [76.93403821438551, 43.30546986311674], [76.93403754383326, 43.3054718747735], [76.9340355321765, 43.305472545325756], [76.93403486162424, 43.30547656863928], [76.93403284996748, 43.30547723919153], [76.93403217941523, 43.3054805919528], [76.93403016775846, 43.305481262505054], [76.93402949720621, 43.305483274161816], [76.93402748554945, 43.305483274161816], [76.93402346223593, 43.305486626923084], [76.93402145057917, 43.305491991341114], [76.93401876837015, 43.305494002997875], [76.9340180978179, 43.30549668520689], [76.93401407450438, 43.30550003796816], [76.93401340395212, 43.305502720177174], [76.93401206284761, 43.305502720177174], [76.9340107217431, 43.30550540238619], [76.93400535732508, 43.3055080845952], [76.93399865180254, 43.30551411956549], [76.93399865180254, 43.305515460669994], [76.93399731069803, 43.30551613122225], [76.93399395793676, 43.30552216619253], [76.93399328738451, 43.305526189506054], [76.9339906051755, 43.30552954226732], [76.9339906051755, 43.30554496496916], [76.93399261683226, 43.30555032938719], [76.93399731069803, 43.30555636435747], [76.93399865180254, 43.305562399327755], [76.93400133401155, 43.30556709319353], [76.93400133401155, 43.30557245761156], [76.9340006634593, 43.30557715147734], [76.93399462848902, 43.30559257417917], [76.93399462848902, 43.305596597492695], [76.93399328738451, 43.3055979385972], [76.93399194628, 43.30560464411974], [76.93398926407099, 43.30560866743326], [76.93398926407099, 43.30561067909002], [76.93398658186197, 43.30561336129904], [76.93398658186197, 43.3056153729558], [76.93398389965296, 43.305620066821575], [76.93398389965296, 43.305623419582844], [76.93398255854845, 43.30562476068735], [76.9339818879962, 43.30563012510538], [76.93397987633944, 43.30563347786665], [76.93398121744394, 43.305636160075665], [76.93397786468267, 43.30563750118017], [76.93387661129236, 43.30563750118017]]]}, "properties": {"id": 450, "class": "road", "confidence": 100.0, "source": "Almaty_10", "source_model": "unet-roads", "centroid_wkt": "POINT (76.93398002712124 43.30541842238391)", "bbox": [76.93386923521757, 43.30522980540991, 76.93408582359552, 43.30563750118017], "pixel_bbox": [3328, 512, 3651, 1120], "area_m2": 411.041}}, {"type": "Feature", "geometry": {"type": "Polygon", "coordinates": [[[76.93510707467794, 43.30513592809439], [76.93510439246893, 43.30513458698988], [76.93509969860315, 43.30513458698988], [76.93509232252836, 43.30513257533312], [76.93509165197611, 43.30513056367636], [76.93509433418512, 43.30512922257185], [76.93509433418512, 43.30512721091509], [76.93509165197611, 43.30512586981058], [76.93508360534906, 43.30512586981058], [76.93507689982653, 43.30512385815382], [76.93512450903654, 43.30512385815382], [76.93512383848429, 43.30512519925833], [76.93511713296175, 43.30512586981058], [76.93511579185724, 43.30512721091509], [76.93511579185724, 43.30512922257185], [76.935117803514, 43.30512922257185], [76.935117803514, 43.30513056367636], [76.93511914461851, 43.30513056367636], [76.93511981517076, 43.305131904780865], [76.935117803514, 43.30513458698988], [76.93511378020048, 43.30513592809439], [76.93510707467794, 43.30513592809439]]]}, "properties": {"id": 451, "class": "road", "confidence": 100.0, "source": "Almaty_10", "source_model": "unet-roads", "centroid_wkt": "POINT (76.93510512093992 43.30512862951651)", "bbox": [76.93507689982653, 43.30512385815382, 76.93512450903654, 43.30513592809439], "pixel_bbox": [5129, 1260, 5200, 1278], "area_m2": 2.776}}, {"type": "Feature", "geometry": {"type": "Polygon", "coordinates": [[[76.9340643659234, 43.30518487840891], [76.93405833095312, 43.305182196199894], [76.9340543076396, 43.30517817288637], [76.93404894322157, 43.30516878515482], [76.93404693156481, 43.305168114602566], [76.9340455904603, 43.305166102945805], [76.9340442493558, 43.30516677349806], [76.93404357880354, 43.30516409128904], [76.93404223769903, 43.3051647618413], [76.93404156714678, 43.305160738527775], [76.93404089659452, 43.30518286675215], [76.93404022604227, 43.30518152564764], [76.93403754383326, 43.305182196199894], [76.93403620272875, 43.30517951399088], [76.93402748554945, 43.30518018454313], [76.93402145057917, 43.30517750233412], [76.93402145057917, 43.30517616122961], [76.9340180978179, 43.30517213791609], [76.9340180978179, 43.30516945570707], [76.93401407450438, 43.30516140908003], [76.93401273339987, 43.305155374109745], [76.93400871008635, 43.305153362452984], [76.93400334566832, 43.305153362452984], [76.9339906051755, 43.305147998034954], [76.93398725241423, 43.305147998034954], [76.93398524075747, 43.30514598637819], [76.93398255854845, 43.30514598637819], [76.93397987633944, 43.30514330416918], [76.93397585302591, 43.30514196306467], [76.9339745119214, 43.3051386103034], [76.93397115916014, 43.30513525754213], [76.93397115916014, 43.30512586981058], [76.93396981805563, 43.30512385815382], [76.93397853523493, 43.30512251704931], [76.93410258740187, 43.305123187601566], [76.93410325795412, 43.30512586981058], [76.93410191684961, 43.305126540362835], [76.93410191684961, 43.30512922257185], [76.93410325795412, 43.30513056367636], [76.93410325795412, 43.3051386103034], [76.93409789353609, 43.30514866858721], [76.93409655243158, 43.30515671521425], [76.93409387022257, 43.30515939742327], [76.93409252911806, 43.30516342073679], [76.93408984690905, 43.30516543239355], [76.93408984690905, 43.30516744405031], [76.93408716470003, 43.30517012625933], [76.93408716470003, 43.30517213791609], [76.93407576531172, 43.3051835373044], [76.93407241255045, 43.30518487840891], [76.9340643659234, 43.30518487840891]]]}, "properties": {"id": 452, "class": "road", "confidence": 100.0, "source": "Almaty_10", "source_model": "unet-roads", "centroid_wkt": "POINT (76.93404470162577 43.30514658380372)", "bbox": [76.93396981805563, 43.30512251704931, 76.93410325795412, 43.30518487840891], "pixel_bbox": [3478, 1187, 3677, 1280], "area_m2": 50.747}}, {"type": "Feature", "geometry": {"type": "Polygon", "coordinates": [[[76.93453844636679, 43.305139280855656], [76.93453174084425, 43.305137269198895], [76.93452771753073, 43.30513324588537], [76.93452771753073, 43.305128552019596], [76.93452570587397, 43.30512385815382], [76.93453375250101, 43.30512251704931], [76.93454515188932, 43.30512251704931], [76.93455521017313, 43.30512385815382], [76.93455588072538, 43.305133916437626], [76.93455453962088, 43.30513324588537], [76.93455386906862, 43.30513525754213], [76.93454515188932, 43.30513592809439], [76.93453844636679, 43.305139280855656]], [[76.93455453962088, 43.305128552019596], [76.93455521017313, 43.30513056367636], [76.93455521017313, 43.305128552019596], [76.93455453962088, 43.305128552019596]]]}, "properties": {"id": 453, "class": "road", "confidence": 100.0, "source": "Almaty_10", "source_model": "unet-roads", "centroid_wkt": "POINT (76.93454127934893 43.30512943193186)", "bbox": [76.93452570587397, 43.30512251704931, 76.93455588072538, 43.305139280855656], "pixel_bbox": [4307, 1255, 4352, 1280], "area_m2": 3.471}}, {"type": "Feature", "geometry": {"type": "Polygon", "coordinates": [[[76.9329210743308, 43.305196948349476], [76.93291436880827, 43.30519426614046], [76.93291235715151, 43.3051922544837], [76.93290833383799, 43.30518286675215], [76.93290699273348, 43.305182196199894], [76.93290565162897, 43.305176831781864], [76.93290431052446, 43.30517616122961], [76.93290296941996, 43.30516543239355], [76.93290632218122, 43.30515135079622], [76.93290632218122, 43.305139280855656], [76.93290296941996, 43.30513257533312], [76.93290028721094, 43.30512251704931], [76.9329458847642, 43.30512251704931], [76.93294856697321, 43.30513793975115], [76.93294856697321, 43.305147998034954], [76.9329472258687, 43.305156044662], [76.9329472258687, 43.30516945570707], [76.93294521421194, 43.3051748201251], [76.93294521421194, 43.30517951399088], [76.93294387310743, 43.30518018454313], [76.93294320255518, 43.30518286675215], [76.93294186145067, 43.30518286675215], [76.93294052034616, 43.305187560617924], [76.93293582648039, 43.30519359558821], [76.93293314427137, 43.30519426614046], [76.93293247371912, 43.30519560724497], [76.93293046206236, 43.30519560724497], [76.9329297915101, 43.305196948349476], [76.9329210743308, 43.305196948349476]]]}, "properties": {"id": 454, "class": "road", "confidence": 100.0, "source": "Almaty_10", "source_model": "unet-roads", "centroid_wkt": "POINT (76.9329260182073 43.3051562917414)", "bbox": [76.93290028721094, 43.30512251704931, 76.93294856697321, 43.305196948349476], "pixel_bbox": [1883, 1169, 1955, 1280], "area_m2": 26.424}}, {"type": "Feature", "geometry": {"type": "Polygon", "coordinates": [[[76.9322894141078, 43.305155374109745], [76.93228472024202, 43.30515135079622], [76.93228337913752, 43.30515135079622], [76.93228136748075, 43.30514866858721], [76.9322706386447, 43.305142633616924], [76.93226929754019, 43.30514062196016], [76.93226728588343, 43.30513995140791], [76.93226728588343, 43.3051386103034], [76.93226594477892, 43.3051386103034], [76.93226393312216, 43.30513659864664], [76.93226259201765, 43.305133916437626], [76.93226259201765, 43.30512922257185], [76.93226393312216, 43.305126540362835], [76.9322619214654, 43.30512586981058], [76.93226058036089, 43.30512385815382], [76.93226594477892, 43.30512251704931], [76.93233836442232, 43.30512251704931], [76.9323443993926, 43.305121175944805], [76.9323443993926, 43.305115811526775], [76.93234574049711, 43.30511447042227], [76.93234909325838, 43.305113799870014], [76.93235781043768, 43.30511514097452], [76.93236116319895, 43.30511782318354], [76.9323618337512, 43.30512184649706], [76.93237859755754, 43.30512251704931], [76.9323792681098, 43.30512385815382], [76.9323806092143, 43.30512385815382], [76.93237993866205, 43.30513592809439], [76.93237189203501, 43.30513995140791], [76.93236719816923, 43.30513995140791], [76.93235043436289, 43.30513525754213], [76.93233970552683, 43.305133916437626], [76.93233635276556, 43.305131904780865], [76.93233098834753, 43.30513257533312], [76.93232897669077, 43.3051298931241], [76.93232763558626, 43.30513123422861], [76.93232629448175, 43.30512922257185], [76.93232629448175, 43.30513123422861], [76.93232495337725, 43.3051298931241], [76.932324282825, 43.30513257533312], [76.932324282825, 43.30514598637819], [76.93231757730246, 43.3051473274827], [76.93231623619795, 43.30514866858721], [76.93231422454119, 43.30514866858721], [76.93231288343668, 43.305150009691715], [76.93230483680964, 43.305152021348476], [76.93230215460062, 43.30515403300524], [76.9322994723916, 43.30515403300524], [76.93229746073484, 43.305155374109745], [76.9322894141078, 43.305155374109745]], [[76.93232495337725, 43.30512385815382], [76.9323256239295, 43.305124528706074], [76.9323256239295, 43.30512385815382], [76.93232495337725, 43.30512385815382]]]}, "properties": {"id": 455, "class": "road", "confidence": 100.0, "source": "Almaty_10", "source_model": "unet-roads", "centroid_wkt": "POINT (76.93231644105876 43.305132931939696)", "bbox": [76.93226058036089, 43.305113799870014, 76.9323806092143, 43.305155374109745], "pixel_bbox": [929, 1231, 1108, 1293], "area_m2": 22.531}}, {"type": "Feature", "geometry": {"type": "Polygon", "coordinates": [[[76.93643007427454, 43.305191583931446], [76.93642806261778, 43.30519024282694], [76.93641934543848, 43.30518823117018], [76.93641800433397, 43.305186219513416], [76.93641532212496, 43.30518487840891], [76.93641398102045, 43.305182196199894], [76.93640727549791, 43.30518018454313], [76.93640660494566, 43.305178843438625], [76.93640392273664, 43.30517817288637], [76.93640191107988, 43.30517549067736], [76.93639654666185, 43.30517414957285], [76.93639654666185, 43.30517280846834], [76.93638850003481, 43.30517280846834], [76.93638514727354, 43.305171467363834], [76.93638112396002, 43.305171467363834], [76.93636436015368, 43.30516677349806], [76.93635832518339, 43.30516207963228], [76.93635564297438, 43.305156044662], [76.93635564297438, 43.30515068024397], [76.93635832518339, 43.30514330416918], [76.93636167794466, 43.305139280855656], [76.93636301904917, 43.305139280855656], [76.93636368960142, 43.305137269198895], [76.93636704236269, 43.305137269198895], [76.93637307733297, 43.30513324588537], [76.936378441751, 43.30513257533312], [76.93638045340776, 43.30513123422861], [76.93638380616903, 43.30513123422861], [76.9363858178258, 43.30513257533312], [76.93638648837805, 43.30513123422861], [76.93638984113932, 43.30513056367636], [76.93639118224382, 43.305128552019596], [76.93639520555735, 43.30512788146734], [76.93639453500509, 43.30512385815382], [76.93639855831861, 43.30512385815382], [76.93639922887087, 43.30512251704931], [76.93641263991594, 43.30512251704931], [76.93641733378172, 43.305121175944805], [76.93641666322947, 43.30511312931776], [76.93641934543848, 43.30510642379522], [76.93642068654299, 43.305088989436626], [76.93642269819975, 43.30508027225733], [76.93642470985651, 43.30507826060057], [76.93642605096102, 43.30507356673479], [76.9364307448268, 43.305068872869015], [76.9364307448268, 43.30506753176451], [76.93643610924482, 43.30506484955549], [76.93643745034933, 43.30506283789873], [76.93644415587187, 43.305060155689716], [76.93644482642412, 43.305052779614925], [76.93644616752863, 43.30505143851042], [76.93644616752863, 43.305052779614925], [76.93644750863314, 43.305052779614925], [76.93644750863314, 43.30505412071943], [76.93644884973764, 43.30505479127169], [76.93645756691694, 43.30505479127169], [76.93646226078272, 43.3050574734807], [76.93646293133497, 43.305060155689716], [76.93646762520075, 43.305063508450985], [76.936468295753, 43.30507289618254], [76.93646762520075, 43.30507557839155], [76.93646628409624, 43.305076248943806], [76.93646494299173, 43.30508429557085], [76.93646293133497, 43.30508630722761], [76.93646226078272, 43.30509100109339], [76.9364595785737, 43.30509502440691], [76.9364595785737, 43.30509703606367], [76.9364582374692, 43.305097706615925], [76.9364582374692, 43.305099718272686], [76.93645421415567, 43.30510172992945], [76.93645421415567, 43.30510374158621], [76.93645153194666, 43.30510575324297], [76.93644750863314, 43.305105082690716], [76.93644482642412, 43.3051024004817], [76.93644348531961, 43.30512251704931], [76.93644415587187, 43.305189572274685], [76.93644348531961, 43.305187560617924], [76.93644147366285, 43.305187560617924], [76.9364408031106, 43.30518890172243], [76.93643812090158, 43.30518890172243], [76.93643677979708, 43.30519091337919], [76.93643007427454, 43.305191583931446]]]}, "properties": {"id": 456, "class": "road", "confidence": 100.0, "source": "Almaty_10", "source_model": "unet-roads", "centroid_wkt": "POINT (76.93641958745465 43.305130646809374)", "bbox": [76.93635564297438, 43.30505143851042, 76.936468295753, 43.305191583931446], "pixel_bbox": [7036, 1177, 7204, 1386], "area_m2": 60.004}}, {"type": "Feature", "geometry": {"type": "Polygon", "coordinates": [[[76.93412404507399, 43.30502595752478], [76.93412136286497, 43.305023945868015], [76.93412136286497, 43.30501992255449], [76.93412337452173, 43.30501791089773], [76.93412337452173, 43.305016569793224], [76.93412739783525, 43.30501455813646], [76.93413343280554, 43.30501522868872], [76.93413611501455, 43.30501992255449], [76.93413477391005, 43.305023945868015], [76.93412873893976, 43.30502595752478], [76.93412404507399, 43.30502595752478]]]}, "properties": {"id": 457, "class": "road", "confidence": 100.0, "source": "Almaty_10", "source_model": "unet-roads", "centroid_wkt": "POINT (76.93412886066666 43.305020153931444)", "bbox": [76.93412136286497, 43.30501455813646, 76.93413611501455, 43.30502595752478], "pixel_bbox": [3704, 1424, 3726, 1441], "area_m2": 1.181}}, {"type": "Feature", "geometry": {"type": "Polygon", "coordinates": [[[76.93529281765223, 43.3050386980176], [76.93529013544321, 43.30503534525633], [76.93528946489096, 43.305031321942806], [76.93528611212969, 43.30502528697252], [76.93528410047293, 43.305016569793224], [76.93528410047293, 43.305000476539135], [76.93528812378645, 43.304993100464344], [76.93529147654772, 43.30499041825533], [76.93529549986124, 43.30498907715082], [76.9352961704135, 43.304987736046314], [76.93530824035406, 43.30498706549406], [76.93532031029463, 43.30499041825533], [76.9353250041604, 43.30499444156885], [76.93532768636942, 43.304995112121105], [76.93533305078745, 43.305000476539135], [76.9353337213397, 43.30500315874815], [76.93533305078745, 43.305011205375195], [76.93533036857843, 43.30501455813646], [76.93533036857843, 43.305016569793224], [76.93532433360815, 43.305021934211254], [76.93532299250364, 43.305021934211254], [76.93532299250364, 43.30502327531576], [76.93532031029463, 43.30502461642027], [76.93531963974237, 43.30502662807703], [76.93531427532434, 43.30502796918154], [76.9353062286973, 43.305034674704075], [76.93529818207026, 43.3050386980176], [76.93529281765223, 43.3050386980176]]]}, "properties": {"id": 458, "class": "road", "confidence": 100.0, "source": "Almaty_10", "source_model": "unet-roads", "centroid_wkt": "POINT (76.93530660398065 43.30501026621653)", "bbox": [76.93528410047293, 43.30498706549406, 76.9353337213397, 43.3050386980176], "pixel_bbox": [5438, 1405, 5512, 1482], "area_m2": 16.802}}, {"type": "Feature", "geometry": {"type": "Polygon", "coordinates": [[[76.93516608327627, 43.305583856999874], [76.93515736609697, 43.305580504238605], [76.93515602499247, 43.30557715147734], [76.9351540133357, 43.30557581037283], [76.93515200167894, 43.30557178705931], [76.93515066057444, 43.30556306988001], [76.93514931946993, 43.3055617287755], [76.93514797836542, 43.30555569380522], [76.93514663726091, 43.3055530115962], [76.93514261394739, 43.305549658834934], [76.93514261394739, 43.30554831773043], [76.93513322621584, 43.3055429533124], [76.93511310964823, 43.305538929998875], [76.9351077452302, 43.30553624778986], [76.93510506302118, 43.30553289502859], [76.93510238081217, 43.305531553924084], [76.93510238081217, 43.305530212819576], [76.93509835749865, 43.305526189506054], [76.93509701639414, 43.305526189506054], [76.93509701639414, 43.30552417784929], [76.93509433418512, 43.30552149564028], [76.93509299308062, 43.30551814287901], [76.93508427590132, 43.305510096251965], [76.93508360534906, 43.3055080845952], [76.9350815936923, 43.30550741404295], [76.93507891148329, 43.305502720177174], [76.93507488816977, 43.305501379072666], [76.93507220596075, 43.30550406128168], [76.9350715354085, 43.305470533668995], [76.93507220596075, 43.305468522012234], [76.93507354706526, 43.30546986311674], [76.93507421761751, 43.30546785145998], [76.93507622927427, 43.305468522012234], [76.93507622927427, 43.305467180907726], [76.93507891148329, 43.30546583980322], [76.9351251795888, 43.305465169250965], [76.93512450903654, 43.305463157594204], [76.93512719124556, 43.30545175820589], [76.93512987345457, 43.30544773489237], [76.93512987345457, 43.30544572323561], [76.93513121455908, 43.30544505268335], [76.93513590842485, 43.3054356649518], [76.93513724952936, 43.30543499439955], [76.93513859063387, 43.305430971086025], [76.93513993173838, 43.30543030053377], [76.93514060229063, 43.3054269477725], [76.93514261394739, 43.305425606667995], [76.9351439550519, 43.305420242249966], [76.9351452961564, 43.30541890114546], [76.93514663726091, 43.30541152507067], [76.93514931946993, 43.30540481954813], [76.93515133112669, 43.305394761264324], [76.93515133112669, 43.305389396846294], [76.9351540133357, 43.30538269132376], [76.93515937775373, 43.305344469845295], [76.93516071885824, 43.305342458188534], [76.93516474217176, 43.30532234162092], [76.93516675382853, 43.30531898885965], [76.93516675382853, 43.30531295388937], [76.93516943603754, 43.30530423671007], [76.93516876548529, 43.30529551953077], [76.93517211824656, 43.305294178426266], [76.93518284708261, 43.30529350787401], [76.93518150597811, 43.30528814345598], [76.93518217653036, 43.30527674406767], [76.93518083542585, 43.30527473241091], [76.9351801648736, 43.30527003854513], [76.93518083542585, 43.305265344679356], [76.93518284708261, 43.30526266247034], [76.93518418818712, 43.305254615843296], [76.93518552929163, 43.30525327473879], [76.93518687039614, 43.305247239768505], [76.93519156426191, 43.30523919314146], [76.93519223481417, 43.30523516982794], [76.93519558757544, 43.3052284643054], [76.9351989403367, 43.30522511154413], [76.93520162254572, 43.30521907657385], [76.93520564585924, 43.30521572381258], [76.93520564585924, 43.30521438270807], [76.93520966917276, 43.30521035939455], [76.93521033972502, 43.305207677185535], [76.93521168082952, 43.30520700663328], [76.93521436303854, 43.30520164221525], [76.93521570414305, 43.305196948349476], [76.93521771579981, 43.305178843438625], [76.93521704524755, 43.30515939742327], [76.93521838635206, 43.30515135079622], [76.93521838635206, 43.30514062196016], [76.93522039800882, 43.30513257533312], [76.93522240966558, 43.3051298931241], [76.93522240966558, 43.30512721091509], [76.93522442132235, 43.30512385815382], [76.93522375077009, 43.30512251704931], [76.93521369248629, 43.30512251704931], [76.93521302193403, 43.305121175944805], [76.93521369248629, 43.30510709434748], [76.9352150335908, 43.30510441213846], [76.9352163746953, 43.305094353854656], [76.93521570414305, 43.30506820231676], [76.93521771579981, 43.30505680292845], [76.93522039800882, 43.3050487563014], [76.93522039800882, 43.30504272133112], [76.93522308021784, 43.305027298629284], [76.93522308021784, 43.30501992255449], [76.93522106856108, 43.305016569793224], [76.93522106856108, 43.305013217031956], [76.93521771579981, 43.305007852613926], [76.9352163746953, 43.304997123777866], [76.93521771579981, 43.30499108880758], [76.93521905690432, 43.30499041825533], [76.93522039800882, 43.30498706549406], [76.93522576242685, 43.304984383285046], [76.93522710353136, 43.304982371628284], [76.93523045629263, 43.304982371628284], [76.93523246794939, 43.304984383285046], [76.93523716181517, 43.3049850538373], [76.93523917347193, 43.3049850538373], [76.93523917347193, 43.30498304218054], [76.93524118512869, 43.304982371628284], [76.9352425262332, 43.30498371273279], [76.9352425262332, 43.30507222563028], [76.935252584517, 43.305068872869015], [76.9352613016963, 43.30506753176451], [76.93526264280081, 43.30506619066], [76.9352700188756, 43.30506484955549], [76.93527337163687, 43.30506283789873], [76.93527739495039, 43.30506216734648], [76.93528477102518, 43.305063508450985], [76.93528477102518, 43.30506484955549], [76.9352874532342, 43.30506619066], [76.9352874532342, 43.30506820231676], [76.93528946489096, 43.30506954342127], [76.93529147654772, 43.30507557839155], [76.93529281765223, 43.305076248943806], [76.93529415875673, 43.30508295446634], [76.93529549986124, 43.30508429557085], [76.93529684096575, 43.305094353854656], [76.93529818207026, 43.305095694959164], [76.93529952317476, 43.30510038882494], [76.93530086427927, 43.30510105937719], [76.93530421704054, 43.305108435451984], [76.93530824035406, 43.30511245876551], [76.93530891090631, 43.30511514097452], [76.9353149458766, 43.305121175944805], [76.9353149458766, 43.30512251704931], [76.9353062286973, 43.30512251704931], [76.9353062286973, 43.30512385815382], [76.9353236630559, 43.3051386103034], [76.93532701581717, 43.30514665693045], [76.93532701581717, 43.305153362452984], [76.93532232195139, 43.30515939742327], [76.93531829863787, 43.305160738527775], [76.93530891090631, 43.30516878515482], [76.93530891090631, 43.30517012625933], [76.9353062286973, 43.30517280846834], [76.93530488759279, 43.30517817288637], [76.93530354648829, 43.305178843438625], [76.93530220538378, 43.30518487840891], [76.93529952317476, 43.30519024282694], [76.93529818207026, 43.30519091337919], [76.935297511518, 43.30519426614046], [76.93529549986124, 43.30519627779722], [76.93529549986124, 43.30519828945398], [76.93529281765223, 43.305200301110744], [76.93529281765223, 43.30520164221525], [76.93528678268194, 43.30520700663328], [76.93528678268194, 43.30520834773779], [76.93528208881617, 43.305213041603565], [76.93528074771166, 43.305213041603565], [76.93527940660715, 43.305215053260326], [76.93527672439814, 43.305216394364834], [76.93527203053236, 43.30521773546934], [76.93526867777109, 43.30522108823061], [76.93526733666658, 43.30522108823061], [76.93526331335306, 43.30522511154413], [76.93526331335306, 43.30522645264864], [76.93525929003954, 43.30522980540991], [76.93525929003954, 43.305231146514416], [76.93525660783052, 43.30523382872343], [76.93525526672602, 43.30523919314146], [76.93525392562151, 43.305239863693714], [76.935252584517, 43.30525930970907], [76.9352512434125, 43.30526132136583], [76.9352512434125, 43.30526735633612], [76.93524789065123, 43.305278085172176], [76.93524722009897, 43.305288814008236], [76.93524654954672, 43.30529015511274], [76.9352438673377, 43.30529015511274], [76.9352438673377, 43.30529283732176], [76.93524856120348, 43.305294178426266], [76.93526934832335, 43.305294178426266], [76.93526867777109, 43.30530423671007], [76.93526264280081, 43.305317647755146], [76.93526197224855, 43.3053270354867], [76.93526331335306, 43.30532770603895], [76.93526331335306, 43.30532971769571], [76.93526867777109, 43.30533977597952], [76.93526867777109, 43.305342458188534], [76.9352700188756, 43.30534379929304], [76.9352700188756, 43.30535050481558], [76.93526867777109, 43.30535653978586], [76.93526666611433, 43.30535855144262], [76.93526398390532, 43.30535922199488], [76.9352613016963, 43.3053632453084], [76.93525794893503, 43.30536391586065], [76.93525057286024, 43.305367939174175], [76.93524789065123, 43.305371291935444], [76.93524520844221, 43.3053719624877], [76.93524319678545, 43.30537397414446], [76.9352425262332, 43.305376656353474], [76.9352425262332, 43.30541756004095], [76.93524319678545, 43.30541957169771], [76.93524520844221, 43.30542158335447], [76.93524654954672, 43.30542158335447], [76.93524722009897, 43.305423595011234], [76.93524990230799, 43.30542493611574], [76.93524990230799, 43.30542627722025], [76.93525191396475, 43.3054269477725], [76.93525191396475, 43.305430971086025], [76.93525392562151, 43.3054356649518], [76.93525392562151, 43.30543767660856], [76.935252584517, 43.305438347160816], [76.93524990230799, 43.305443711578846], [76.93524722009897, 43.30544572323561], [76.93524319678545, 43.3054530993104], [76.9352425262332, 43.30555234104395], [76.93523716181517, 43.3055530115962], [76.93523313850164, 43.30555569380522], [76.93521570414305, 43.30556105822325], [76.9352150335908, 43.305562399327755], [76.93521033972502, 43.30556374043226], [76.93520966917276, 43.30556508153677], [76.93520363420248, 43.305567763745785], [76.9351989403367, 43.30557178705931], [76.93519357591867, 43.30557379871607], [76.93518754094839, 43.305578492581844], [76.93517815321684, 43.30558117479086], [76.93517681211233, 43.30558251589537], [76.93516608327627, 43.305583856999874]]]}, "properties": {"id": 459, "class": "road", "confidence": 100.0, "source": "Almaty_10", "source_model": "unet-roads", "centroid_wkt": "POINT (76.93521049570805 43.30533263621981)", "bbox": [76.9350715354085, 43.304982371628284, 76.93532701581717, 43.305583856999874], "pixel_bbox": [5121, 592, 5502, 1489], "area_m2": 475.316}}, {"type": "Feature", "geometry": {"type": "Polygon", "coordinates": [[[76.9319823011756, 43.30496560782194], [76.93198096007109, 43.304955549538136], [76.9319823011756, 43.30495152622461], [76.93200040608644, 43.30495219677687], [76.93199370056391, 43.304955549538136], [76.93199504166842, 43.30495622009039], [76.93199504166842, 43.30495823174715], [76.93199370056391, 43.30495823174715], [76.93199370056391, 43.30495957285166], [76.93199034780264, 43.30496292561293], [76.9319823011756, 43.30496560782194]]]}, "properties": {"id": 460, "class": "road", "confidence": 100.0, "source": "Almaty_10", "source_model": "unet-roads", "centroid_wkt": "POINT (76.93198830325689 43.30495697430202)", "bbox": [76.93198096007109, 43.30495152622461, 76.93200040608644, 43.30496560782194], "pixel_bbox": [512, 1514, 541, 1535], "area_m2": 1.419}}, {"type": "Feature", "geometry": {"type": "Polygon", "coordinates": [[[76.93193335086107, 43.304969631135464], [76.9319212809205, 43.304968290030956], [76.93190988153219, 43.30496560782194], [76.93190183490515, 43.30496024340391], [76.93190183490515, 43.3049575611949], [76.93189982324839, 43.30495622009039], [76.93189982324839, 43.30495487898588], [76.93189647048712, 43.30495487898588], [76.9318937882781, 43.30495219677687], [76.93190049380064, 43.30495085567236], [76.9319662079215, 43.30495085567236], [76.93197425454855, 43.30495219677687], [76.93197157233953, 43.30495487898588], [76.9319662079215, 43.304955549538136], [76.9319662079215, 43.30495957285166], [76.93195883184671, 43.30496560782194], [76.93195413798094, 43.30496560782194], [76.93194542080164, 43.30496896058321], [76.93193335086107, 43.304969631135464]]]}, "properties": {"id": 461, "class": "road", "confidence": 100.0, "source": "Almaty_10", "source_model": "unet-roads", "centroid_wkt": "POINT (76.93193417270159 43.30495838542122)", "bbox": [76.9318937882781, 43.30495085567236, 76.93197425454855, 43.304969631135464], "pixel_bbox": [382, 1508, 502, 1536], "area_m2": 9.683}}, {"type": "Feature", "geometry": {"type": "Polygon", "coordinates": [[[76.93529281765223, 43.30495085567236], [76.93529214709997, 43.304948173463345], [76.93529080599546, 43.304948173463345], [76.93529147654772, 43.30494683235884], [76.93528946489096, 43.30494683235884], [76.9352887943387, 43.304944820702076], [76.93529080599546, 43.304944820702076], [76.93529214709997, 43.30493811517954], [76.9352961704135, 43.304937444627285], [76.93529818207026, 43.304937444627285], [76.93530019372702, 43.304939456284046], [76.9353062286973, 43.304939456284046], [76.93531561642885, 43.30494213849306], [76.93531963974237, 43.30494213849306], [76.93532098084688, 43.304944820702076], [76.93532299250364, 43.304944820702076], [76.93532031029463, 43.30494549125433], [76.93532031029463, 43.30494683235884], [76.93532567471266, 43.304948173463345], [76.93532634526491, 43.30494683235884], [76.9353250041604, 43.30494683235884], [76.9353236630559, 43.304944820702076], [76.93532433360815, 43.30494347959757], [76.93532768636942, 43.304942809045315], [76.93532969802618, 43.3049401268363], [76.93533170968294, 43.3049401268363], [76.9353410974145, 43.304935432970524], [76.9353511556983, 43.304935432970524], [76.93535853177309, 43.30493878573179], [76.93536255508661, 43.304944820702076], [76.9353612139821, 43.30494683235884], [76.9353598728776, 43.30494683235884], [76.93535853177309, 43.304950185120106], [76.93535584956408, 43.30495085567236], [76.93529281765223, 43.30495085567236]]]}, "properties": {"id": 462, "class": "road", "confidence": 100.0, "source": "Almaty_10", "source_model": "unet-roads", "centroid_wkt": "POINT (76.93532793900573 43.304944292033696)", "bbox": [76.9352887943387, 43.304935432970524, 76.93536255508661, 43.30495085567236], "pixel_bbox": [5445, 1536, 5555, 1559], "area_m2": 7.202}}, {"type": "Feature", "geometry": {"type": "Polygon", "coordinates": [[[76.93183545023203, 43.30496560782194], [76.9318200275302, 43.30496493726969], [76.93181600421667, 43.30496225506067], [76.93181399255991, 43.30496225506067], [76.93181332200766, 43.30496359616518], [76.93181198090315, 43.30496359616518], [76.9318113103509, 43.30496225506067], [76.93181063979864, 43.30496359616518], [76.93180996924639, 43.304953537881374], [76.9318113103509, 43.30495219677687], [76.93181332200766, 43.30495219677687], [76.93181399255991, 43.30495085567236], [76.93180929869413, 43.30495085567236], [76.93180996924639, 43.30483686178923], [76.9318113103509, 43.30483552068472], [76.9318126514554, 43.30483887344599], [76.93181466311216, 43.30483954399824], [76.93181600421667, 43.304838202893734], [76.93182270973921, 43.30483753234148], [76.93182606250048, 43.30483552068472], [76.93183746188879, 43.30483417958021], [76.93184349685907, 43.30483619123697], [76.93185154348612, 43.30483686178923], [76.93185489624739, 43.30484088510275], [76.93185959011316, 43.30484289675951], [76.93186026066542, 43.30484490841627], [76.93186160176992, 43.30484490841627], [76.93186294287443, 43.30484692007303], [76.93186495453119, 43.30484692007303], [76.93186696618795, 43.30484893172979], [76.93186830729246, 43.30484893172979], [76.93187166005373, 43.304852955043316], [76.9318763539195, 43.30485563725233], [76.93188238888979, 43.30486234277487], [76.9318837299943, 43.30486234277487], [76.93188842386007, 43.30486636608839], [76.93189177662134, 43.304867036640644], [76.93189714103937, 43.30487173050642], [76.93189714103937, 43.30487307161093], [76.9319025054574, 43.30487843602896], [76.9319025054574, 43.30488044768572], [76.93190384656191, 43.30488111823797], [76.93190652877092, 43.304886482656], [76.93190652877092, 43.30488916486502], [76.93190786987543, 43.30489117652178], [76.93190786987543, 43.304906599223614], [76.93190652877092, 43.30490928143263], [76.93190518766642, 43.30491866916418], [76.9319025054574, 43.3049226924777], [76.93189915269613, 43.304935432970524], [76.93189714103937, 43.304939456284046], [76.93189512938261, 43.304940797388554], [76.93189445883036, 43.30494415014982], [76.93188976496458, 43.3049488440156], [76.93188976496458, 43.304950185120106], [76.93189110606909, 43.30495085567236], [76.9318850710988, 43.30495085567236], [76.93188305944204, 43.30495286732912], [76.93187568336725, 43.304953537881374], [76.931875012815, 43.30495487898588], [76.93187031894922, 43.30495622009039], [76.93186093121767, 43.30495487898588], [76.93185556679964, 43.3049575611949], [76.93185355514288, 43.3049575611949], [76.93184953182936, 43.30496024340391], [76.9318475201726, 43.30496024340391], [76.93184081465006, 43.304964266717434], [76.93183679133654, 43.304964266717434], [76.93183545023203, 43.30496560782194]]]}, "properties": {"id": 463, "class": "road", "confidence": 100.0, "source": "Almaty_10", "source_model": "unet-roads", "centroid_wkt": "POINT (76.93185245927646 43.30490130415518)", "bbox": [76.93180929869413, 43.30483417958021, 76.93190786987543, 43.30496560782194], "pixel_bbox": [256, 1514, 403, 1710], "area_m2": 92.594}}, {"type": "Feature", "geometry": {"type": "Polygon", "coordinates": [[[76.93406570702791, 43.30489855259657], [76.93405766040087, 43.3048951998353], [76.9340543076396, 43.30488983541727], [76.9340543076396, 43.304871059954166], [76.93405162543058, 43.3048589900136], [76.93404894322157, 43.30485563725233], [76.93404760211706, 43.30485161393881], [76.93404626101255, 43.304850943386555], [76.93404491990805, 43.30484692007303], [76.93404357880354, 43.30484624952078], [76.93404223769903, 43.304843567311764], [76.93404223769903, 43.304840214550495], [76.93404089659452, 43.30483954399824], [76.93404089659452, 43.304834850132465], [76.93404223769903, 43.304834850132465], [76.93404223769903, 43.304832838475704], [76.9340442493558, 43.30483082681894], [76.9340442493558, 43.304829485714436], [76.9340455904603, 43.304829485714436], [76.93404827266932, 43.30482680350542], [76.93406168371439, 43.30482680350542], [76.93406235426664, 43.30482814460993], [76.93406570702791, 43.30482814460993], [76.93406704813242, 43.304829485714436], [76.9340717419982, 43.30483082681894], [76.93407241255045, 43.304832838475704], [76.93407442420721, 43.30483417958021], [76.93407509475946, 43.30483686178923], [76.9340804591775, 43.304842226207256], [76.93408314138651, 43.30485228449106], [76.93408314138651, 43.304856307804585], [76.93408448249102, 43.304858319461346], [76.93408448249102, 43.30486100167036], [76.93408582359552, 43.30486234277487], [76.93408582359552, 43.30486569553614], [76.93408850580454, 43.30487508326769], [76.93408850580454, 43.30488581210375], [76.93408716470003, 43.30489117652178], [76.93408112972975, 43.30489654093981], [76.93407509475946, 43.30489855259657], [76.93406570702791, 43.30489855259657]]]}, "properties": {"id": 464, "class": "road", "confidence": 100.0, "source": "Almaty_10", "source_model": "unet-roads", "centroid_wkt": "POINT (76.9340668629431 43.30486189388911)", "bbox": [76.93404089659452, 43.30482680350542, 76.93408850580454, 43.30489855259657], "pixel_bbox": [3584, 1614, 3655, 1721], "area_m2": 20.924}}, {"type": "Feature", "geometry": {"type": "Polygon", "coordinates": [[[76.93534445017576, 43.304838202893734], [76.93533707410097, 43.30483619123697], [76.93533305078745, 43.30483216792345], [76.93533103913069, 43.30482814460993], [76.93533103913069, 43.30481540411711], [76.9353323802352, 43.30481272190809], [76.93533908575773, 43.30480735749006], [76.93534377962351, 43.304808028042316], [76.93534713238478, 43.30481071025133], [76.93534981459379, 43.304811380803585], [76.93535786122084, 43.304811380803585], [76.9353598728776, 43.304813392460346], [76.9353598728776, 43.304814733564854], [76.93536255508661, 43.30481607466936], [76.93536255508661, 43.30482345074415], [76.93536322563887, 43.30482680350542], [76.93536456674337, 43.304827474057674], [76.93536255508661, 43.304832838475704], [76.93535786122084, 43.30483552068472], [76.93535652011633, 43.30483753234148], [76.93534445017576, 43.304838202893734]]]}, "properties": {"id": 465, "class": "road", "confidence": 100.0, "source": "Almaty_10", "source_model": "unet-roads", "centroid_wkt": "POINT (76.93534712639436 43.304823199084254)", "bbox": [76.93533103913069, 43.30480735749006, 76.93536456674337, 43.304838202893734], "pixel_bbox": [5508, 1704, 5558, 1750], "area_m2": 7.259}}, {"type": "Feature", "geometry": {"type": "Polygon", "coordinates": [[[76.93507220596075, 43.304856307804585], [76.93507086485624, 43.30484692007303], [76.93507086485624, 43.304796628654], [76.93507220596075, 43.30479260534048], [76.93507421761751, 43.30479260534048], [76.93507488816977, 43.30479394644499], [76.93508695811033, 43.30479394644499], [76.9350903108716, 43.304795287549496], [76.93509165197611, 43.30479729920626], [76.93509433418512, 43.304798640310764], [76.93509433418512, 43.30479998141527], [76.93509567528963, 43.30479998141527], [76.93509701639414, 43.30480199307203], [76.93509969860315, 43.30480199307203], [76.93510506302118, 43.30480668693781], [76.93510707467794, 43.304813392460346], [76.93510640412569, 43.30482680350542], [76.93510506302118, 43.30483216792345], [76.93510238081217, 43.30483552068472], [76.93510238081217, 43.30483753234148], [76.9350990280509, 43.304840214550495], [76.93509835749865, 43.30484289675951], [76.93509701639414, 43.30484289675951], [76.93509701639414, 43.30484423786402], [76.93509567528963, 43.30484423786402], [76.93509299308062, 43.30484692007303], [76.93509232252836, 43.30484893172979], [76.93508964031935, 43.30484960228205], [76.93508695811033, 43.30485228449106], [76.93508360534906, 43.30485228449106], [76.93508226424456, 43.304850943386555], [76.93507891148329, 43.3048502728343], [76.93507220596075, 43.304856307804585]]]}, "properties": {"id": 466, "class": "road", "confidence": 100.0, "source": "Almaty_10", "source_model": "unet-roads", "centroid_wkt": "POINT (76.93508685933686 43.30482218792211)", "bbox": [76.93507086485624, 43.30479260534048, 76.93510707467794, 43.304856307804585], "pixel_bbox": [5120, 1677, 5174, 1772], "area_m2": 15.872}}, {"type": "Feature", "geometry": {"type": "Polygon", "coordinates": [[[76.93337168544531, 43.30483350902796], [76.93336632102728, 43.30483082681894], [76.93336430937052, 43.30483082681894], [76.93335961550474, 43.30482546240091], [76.93335961550474, 43.30482345074415], [76.93335693329573, 43.3048227801919], [76.93335693329573, 43.30482009798288], [76.93335559219122, 43.30482143908739], [76.93335559219122, 43.30478858202696], [76.93335626274347, 43.304789923131466], [76.93335827440023, 43.304789923131466], [76.93335961550474, 43.30478925257921], [76.93335961550474, 43.304787911474705], [76.9333616271615, 43.304787911474705], [76.93336363881826, 43.304780535399914], [76.93336497992277, 43.304780535399914], [76.93336565047503, 43.304779194295406], [76.93339113146067, 43.304779194295406], [76.93339113146067, 43.30479998141527], [76.9333891198039, 43.30480333417654], [76.93338844925165, 43.304809369146824], [76.93338442593813, 43.30481808632612], [76.93338308483362, 43.30482479184866], [76.9333804026246, 43.304827474057674], [76.9333790615201, 43.30483082681894], [76.93337772041559, 43.30483082681894], [76.93337503820658, 43.30483350902796], [76.93337168544531, 43.30483350902796]]]}, "properties": {"id": 467, "class": "road", "confidence": 100.0, "source": "Almaty_10", "source_model": "unet-roads", "centroid_wkt": "POINT (76.93337324818826 43.30480362692686)", "bbox": [76.93335559219122, 43.304779194295406, 76.93339113146067, 43.30483350902796], "pixel_bbox": [2562, 1711, 2615, 1792], "area_m2": 14.103}}, {"type": "Feature", "geometry": {"type": "Polygon", "coordinates": [[[76.93409454077482, 43.30495085567236], [76.93409252911806, 43.30494951456785], [76.93409319967031, 43.304948173463345], [76.9340905174613, 43.30494549125433], [76.9340905174613, 43.30493342131376], [76.93408783525229, 43.30492805689573], [76.93408783525229, 43.3049226924777], [76.93408984690905, 43.30491464585066], [76.93409319967031, 43.30490928143263], [76.93409387022257, 43.30490592867136], [76.93409521132708, 43.30490592867136], [76.93409722298384, 43.30490190535784], [76.9341005757451, 43.30489922314882], [76.9341005757451, 43.304895870387554], [76.93410191684961, 43.3048951998353], [76.93410191684961, 43.30489385873079], [76.93410325795412, 43.30489385873079], [76.93410459905863, 43.30489117652178], [76.93410661071539, 43.304890505969524], [76.93410728126764, 43.30488849431276], [76.9341092929244, 43.30488782376051], [76.93410996347666, 43.30488581210375], [76.93411331623793, 43.30488380044699], [76.93411465734243, 43.30488044768572], [76.93412136286497, 43.30487307161093], [76.93412136286497, 43.30487173050642], [76.93412404507399, 43.304869048297405], [76.93412471562624, 43.30486636608839], [76.93412605673075, 43.30486569553614], [76.93412739783525, 43.304861672222614], [76.93412873893976, 43.30486100167036], [76.93412940949202, 43.304858319461346], [76.93413075059652, 43.30485764890909], [76.93413209170103, 43.30485362559557], [76.93413343280554, 43.304852955043316], [76.9341354444623, 43.30484893172979], [76.93413611501455, 43.304843567311764], [76.93413745611906, 43.304842226207256], [76.93413879722357, 43.30483686178923], [76.93414013832808, 43.30482345074415], [76.93414483219385, 43.304800651967525], [76.93414483219385, 43.304793275892735], [76.93414751440287, 43.30478522926569], [76.93414751440287, 43.30477986484766], [76.93421255797148, 43.304779194295406], [76.93421322852373, 43.304780535399914], [76.93421524018049, 43.304779194295406], [76.93425480276346, 43.304779194295406], [76.93426754325628, 43.304780535399914], [76.93425815552473, 43.30478321760893], [76.93425882607698, 43.304785899817944], [76.93425748497248, 43.30478858202696], [76.93425547331572, 43.304789923131466], [76.93425547331572, 43.30479126423597], [76.93425010889769, 43.30479126423597], [76.93424608558416, 43.30479394644499], [76.93423803895712, 43.30479595810175], [76.9342340156436, 43.30480668693781], [76.93423468619585, 43.30483350902796], [76.93423334509134, 43.304840214550495], [76.9342252984643, 43.30484826117754], [76.93422261625528, 43.30484893172979], [76.93421792238951, 43.304852955043316], [76.93421456962824, 43.30485362559557], [76.93421255797148, 43.304856307804585], [76.93421255797148, 43.30495085567236], [76.93409454077482, 43.30495085567236]]]}, "properties": {"id": 468, "class": "road", "confidence": 100.0, "source": "Almaty_10", "source_model": "unet-roads", "centroid_wkt": "POINT (76.9341706875488 43.30486907864785)", "bbox": [76.93408783525229, 43.304779194295406, 76.93426754325628, 43.30495085567236], "pixel_bbox": [3654, 1536, 3922, 1792], "area_m2": 159.994}}, {"type": "Feature", "geometry": {"type": "Polygon", "coordinates": [[[76.93608675152063, 43.30480333417654], [76.93608473986387, 43.30480132251978], [76.93607870489359, 43.30480132251978], [76.93607535213232, 43.30479931086302], [76.93604785948992, 43.30480132251978], [76.93604718893766, 43.30479998141527], [76.93604316562414, 43.304798640310764], [76.9360364601016, 43.30479193478823], [76.9360364601016, 43.30478388816118], [76.9360351189971, 43.304782547056675], [76.93603310734034, 43.304782547056675], [76.93603176623583, 43.304780535399914], [76.93603847175837, 43.304779194295406], [76.93610083311796, 43.304779194295406], [76.93610083311796, 43.30480266362429], [76.93609815090895, 43.30480132251978], [76.93609278649092, 43.30480333417654], [76.93608675152063, 43.30480333417654]]]}, "properties": {"id": 469, "class": "road", "confidence": 100.0, "source": "Almaty_10", "source_model": "unet-roads", "centroid_wkt": "POINT (76.93607011140999 43.304789514627196)", "bbox": [76.93603176623583, 43.304779194295406, 76.93610083311796, 43.30480333417654], "pixel_bbox": [6553, 1756, 6656, 1792], "area_m2": 12.409}}, {"type": "Feature", "geometry": {"type": "Polygon", "coordinates": [[[76.9330920651555, 43.30476377159357], [76.93308535963297, 43.30476243048906], [76.93308468908072, 43.30475840717554], [76.93308670073748, 43.30475639551878], [76.93308670073748, 43.30475438386202], [76.93308938294649, 43.30475237220526], [76.93308938294649, 43.30475103110075], [76.93309139460325, 43.304750360548496], [76.9330920651555, 43.304748348891735], [76.93309541791677, 43.30474700778723], [76.9330994412303, 43.30474767833948], [76.93310212343931, 43.304753713309765], [76.93310145288706, 43.30475773662329], [76.93310011178255, 43.3047604188323], [76.93309877067804, 43.3047604188323], [76.93309675902128, 43.30476310104132], [76.9330920651555, 43.30476377159357]]]}, "properties": {"id": 470, "class": "road", "confidence": 100.0, "source": "Almaty_10", "source_model": "unet-roads", "centroid_wkt": "POINT (76.93309424395582 43.304755647576094)", "bbox": [76.93308468908072, 43.30474700778723, 76.93310212343931, 43.30476377159357], "pixel_bbox": [2158, 1815, 2184, 1840], "area_m2": 1.832}}, {"type": "Feature", "geometry": {"type": "Polygon", "coordinates": [[[76.93356413394213, 43.304779194295406], [76.93356212228537, 43.30477651208639], [76.93356279283762, 43.30476779490709], [76.93357151001692, 43.304750360548496], [76.9335775449872, 43.30474432557821], [76.93357888609171, 43.30474030226469], [76.93358089774847, 43.30473829060793], [76.93358089774847, 43.30473627895117], [76.93358559161425, 43.304730243980885], [76.93358559161425, 43.30472823232412], [76.93358357995749, 43.30472622066736], [76.93358290940523, 43.304722867906094], [76.93358425050974, 43.304719515144825], [76.93358693271875, 43.30471817404032], [76.93358827382326, 43.304716162383556], [76.93359229713678, 43.30471482127905], [76.93359564989805, 43.30471146851778], [76.93359900265932, 43.30471146851778], [76.93360235542059, 43.30471012741327], [76.93360302597284, 43.304708786308765], [76.93360771983862, 43.30470811575651], [76.93361442536116, 43.30470409244299], [76.93361978977919, 43.30470275133848], [76.93362381309271, 43.30470006912947], [76.93362582474947, 43.30470006912947], [76.93362984806299, 43.30469738692045], [76.93363789469004, 43.30469470471144], [76.93364594131708, 43.30469001084566], [76.93365331739187, 43.3046879991889], [76.93366270512342, 43.304683305323124], [76.93367410451174, 43.30468196421862], [76.933677457273, 43.30468062311411], [76.93368416279554, 43.30468062311411], [76.93368550390005, 43.30468196421862], [76.93368885666132, 43.30468196421862], [76.93368885666132, 43.304683305323124], [76.93369153887033, 43.30468397587538], [76.9336948916316, 43.30468397587538], [76.93369757384062, 43.30468196421862], [76.93369757384062, 43.304779194295406], [76.93356413394213, 43.304779194295406]], [[76.93362582474947, 43.30475103110075], [76.93362917751074, 43.304750360548496], [76.93362917751074, 43.304748348891735], [76.93363521248102, 43.304748348891735], [76.93363521248102, 43.30474566668272], [76.93363320082426, 43.30474566668272], [76.93363320082426, 43.30474365502596], [76.9336311891675, 43.304740972816944], [76.93362716585398, 43.30474030226469], [76.93362515419722, 43.3047416433692], [76.9336211308837, 43.3047416433692], [76.93361978977919, 43.304742984473705], [76.93361978977919, 43.304746337234974], [76.9336211308837, 43.30474700778723], [76.9336211308837, 43.304748348891735], [76.93362582474947, 43.30475103110075]]]}, "properties": {"id": 471, "class": "road", "confidence": 100.0, "source": "Almaty_10", "source_model": "unet-roads", "centroid_wkt": "POINT (76.93364143216763 43.304737496805146)", "bbox": [76.93356212228537, 43.30468062311411, 76.93369757384062, 43.304779194295406], "pixel_bbox": [2870, 1792, 3072, 1939], "area_m2": 90.896}}, {"type": "Feature", "geometry": {"type": "Polygon", "coordinates": [[[76.93592716008425, 43.30476712435484], [76.93592581897974, 43.30476578325033], [76.9359177723527, 43.30476377159357], [76.93591509014368, 43.304761089384556], [76.93591374903917, 43.30475773662329], [76.93591441959143, 43.30475304275751], [76.93591576069593, 43.304750360548496], [76.93591844290495, 43.304748348891735], [76.93591844290495, 43.30474700778723], [76.93592514842749, 43.30474432557821], [76.93592514842749, 43.304742984473705], [76.9359278306365, 43.304742984473705], [76.93592850118876, 43.304730243980885], [76.93592716008425, 43.30471683293581], [76.93592313677073, 43.304716162383556], [76.93592246621847, 43.30471348017454], [76.9359177723527, 43.30471012741327], [76.93591509014368, 43.30470275133848], [76.93591576069593, 43.3046967163682], [76.93591710180044, 43.304696045815945], [76.93591844290495, 43.30469202250242], [76.93592581897974, 43.30468464642763], [76.93592850118876, 43.304683305323124], [76.93592984229326, 43.30466520041227], [76.93593185395002, 43.30466520041227], [76.93593386560678, 43.304667212069035], [76.93594191223383, 43.30466587096453], [76.93596739321947, 43.30466520041227], [76.93599220365286, 43.3046705648303], [76.93600561469793, 43.30467525869608], [76.93601634353399, 43.30467659980059], [76.93601969629526, 43.30467861145735], [76.93602506071329, 43.3046792820096], [76.93603310734034, 43.304683305323124], [76.93604785948992, 43.304687328636646], [76.93605724722147, 43.30469202250242], [76.9360626116395, 43.30469872802496], [76.93606395274401, 43.30470610409975], [76.93606127053499, 43.30471146851778], [76.93605925887823, 43.30471348017454], [76.93605791777372, 43.30471348017454], [76.93605590611696, 43.304716162383556], [76.9360525533557, 43.304717503488064], [76.93604987114668, 43.30472085624933], [76.93604651838541, 43.30472219735384], [76.93604651838541, 43.30472353845835], [76.93604115396738, 43.30472890287638], [76.93603981286287, 43.304732255637646], [76.93603444844484, 43.30473694950342], [76.93603243678808, 43.304740972816944], [76.93602170795202, 43.30474901944399], [76.93601969629526, 43.30474901944399], [76.93601902574301, 43.304750360548496], [76.93600963801146, 43.30475505441427], [76.93600695580244, 43.30475505441427], [76.93600561469793, 43.30475639551878], [76.93599086254835, 43.304761089384556], [76.93598549813032, 43.304761089384556], [76.935971416533, 43.30476377159357], [76.93595934659243, 43.30476377159357], [76.93593990057707, 43.30476578325033], [76.93592917174101, 43.30476511269808], [76.93592917174101, 43.304766453802586], [76.93592716008425, 43.30476712435484]]]}, "properties": {"id": 472, "class": "road", "confidence": 100.0, "source": "Almaty_10", "source_model": "unet-roads", "centroid_wkt": "POINT (76.93598094953289 43.304714489400446)", "bbox": [76.93591374903917, 43.30466520041227, 76.93606395274401, 43.30476712435484], "pixel_bbox": [6377, 1810, 6601, 1962], "area_m2": 98.26}}, {"type": "Feature", "geometry": {"type": "Polygon", "coordinates": [[[76.9329197332263, 43.304688669741154], [76.93291503936052, 43.30468665808439], [76.93291503936052, 43.304685316979885], [76.93291034549475, 43.30468129366636], [76.93291034549475, 43.30467391759157], [76.93291503936052, 43.30466788262129], [76.93291906267405, 43.30466587096453], [76.9329297915101, 43.30466452986002], [76.93293448537588, 43.30466654151678], [76.93293448537588, 43.30466855317354], [76.93293649703264, 43.3046705648303], [76.93293649703264, 43.30467190593481], [76.93294655531645, 43.30467190593481], [76.93294789642096, 43.304674588143826], [76.93294789642096, 43.30467861145735], [76.93294521421194, 43.304679952561855], [76.93294521421194, 43.30468464642763], [76.93293917924166, 43.304685316979885], [76.93293783813715, 43.30468665808439], [76.9329297915101, 43.304687328636646], [76.93292777985334, 43.304688669741154], [76.9329197332263, 43.304688669741154]]]}, "properties": {"id": 473, "class": "road", "confidence": 100.0, "source": "Almaty_10", "source_model": "unet-roads", "centroid_wkt": "POINT (76.93292809445165 43.30467686827144)", "bbox": [76.93291034549475, 43.30466452986002, 76.93294789642096, 43.304688669741154], "pixel_bbox": [1898, 1927, 1954, 1963], "area_m2": 5.98}}, {"type": "Feature", "geometry": {"type": "Polygon", "coordinates": [[[76.93541284650564, 43.30470275133848], [76.93541217595339, 43.304696045815945], [76.93541016429663, 43.30469872802496], [76.93541016429663, 43.3046705648303], [76.93540949374437, 43.304669223725796], [76.93540748208761, 43.30466989427805], [76.93540748208761, 43.30466855317354], [76.93539876490831, 43.30466855317354], [76.93539675325155, 43.30466587096453], [76.93539541214705, 43.30466587096453], [76.93539541214705, 43.30466452986002], [76.93539407104254, 43.30466452986002], [76.93539205938578, 43.304659835994244], [76.93539071828127, 43.30465916544199], [76.93538937717676, 43.30464977771044], [76.93539205938578, 43.30463904887438], [76.93539675325155, 43.30463368445635], [76.93540681153536, 43.30463167279959], [76.93540949374437, 43.3046343550086], [76.93541083484888, 43.30463100224733], [76.9354135170579, 43.30463167279959], [76.93541418761015, 43.30463033169508], [76.93541418761015, 43.30470275133848], [76.93541284650564, 43.30470275133848]]]}, "properties": {"id": 474, "class": "road", "confidence": 100.0, "source": "Almaty_10", "source_model": "unet-roads", "centroid_wkt": "POINT (76.93540474609523 43.30465469895683)", "bbox": [76.93538937717676, 43.30463033169508, 76.93541418761015, 43.30470275133848], "pixel_bbox": [5595, 1906, 5632, 2014], "area_m2": 8.266}}, {"type": "Feature", "geometry": {"type": "Polygon", "coordinates": [[[76.93367410451174, 43.304625637829304], [76.93367276340723, 43.304624296724796], [76.93366806954145, 43.30462362617254], [76.93366471678019, 43.30462161451578], [76.93366471678019, 43.30461088567972], [76.93366337567568, 43.30461021512747], [76.93366404622793, 43.30460820347071], [76.9336935505271, 43.30460753291845], [76.9336948916316, 43.30460887402296], [76.9336948916316, 43.30460753291845], [76.93369623273611, 43.30460753291845], [76.93369690328836, 43.30461021512747], [76.93369153887033, 43.30461088567972], [76.93369153887033, 43.30461625009775], [76.93369287997484, 43.30461625009775], [76.9336935505271, 43.30461826175451], [76.93369422107935, 43.304614908993244], [76.93369623273611, 43.3046155795455], [76.93369757384062, 43.30461423844099], [76.93369757384062, 43.30462161451578], [76.93368952721357, 43.30462161451578], [76.93368684500456, 43.304622285068035], [76.93368550390005, 43.30462496727705], [76.93367410451174, 43.304625637829304]]]}, "properties": {"id": 475, "class": "road", "confidence": 100.0, "source": "Almaty_10", "source_model": "unet-roads", "centroid_wkt": "POINT (76.93368004337057 43.304615630476796)", "bbox": [76.93366337567568, 43.30460753291845, 76.93369757384062, 43.304625637829304], "pixel_bbox": [3021, 2021, 3072, 2048], "area_m2": 4.371}}, {"type": "Feature", "geometry": {"type": "Polygon", "coordinates": [[[76.9351989403367, 43.3046068623662], [76.93517547100782, 43.3046068623662], [76.93517882376909, 43.30460552126169], [76.93517748266459, 43.30460350960493], [76.93516943603754, 43.30460283905268], [76.93516675382853, 43.304598815739155], [76.93516876548529, 43.30459747463465], [76.93517480045557, 43.30459747463465], [76.93518552929163, 43.304593451321125], [76.9351989403367, 43.30459479242563], [76.93520363420248, 43.30459747463465], [76.93520430475473, 43.30460216850042], [76.93520296365023, 43.30460350960493], [76.93520028144121, 43.30460350960493], [76.93520028144121, 43.304606191813946], [76.9351989403367, 43.3046068623662]]]}, "properties": {"id": 476, "class": "road", "confidence": 100.0, "source": "Almaty_10", "source_model": "unet-roads", "centroid_wkt": "POINT (76.93518779628745 43.30460017933467)", "bbox": [76.93516675382853, 43.304593451321125, 76.93520430475473, 43.3046068623662], "pixel_bbox": [5263, 2049, 5319, 2069], "area_m2": 3.253}}, {"type": "Feature", "geometry": {"type": "Polygon", "coordinates": [[[76.93493608385324, 43.304629661142826], [76.93492401391268, 43.30462832003832], [76.93492267280817, 43.30462697893381], [76.93492066115141, 43.30462697893381], [76.93491999059916, 43.304625637829304], [76.93491730839014, 43.304625637829304], [76.93491395562887, 43.304622285068035], [76.9349106028676, 43.304622285068035], [76.93490792065859, 43.304620273411274], [76.9349005445838, 43.304620273411274], [76.93489987403154, 43.304611556231976], [76.9349005445838, 43.30461021512747], [76.93490523844957, 43.304609544575214], [76.93490590900183, 43.30460753291845], [76.93489920347929, 43.30460753291845], [76.93489920347929, 43.30458741635084], [76.9349005445838, 43.304586075246334], [76.9349005445838, 43.30458406358957], [76.9349018856883, 43.30458473414183], [76.93490255624056, 43.304582722485065], [76.93490389734507, 43.30458339303732], [76.93490523844957, 43.304580710828304], [76.93491999059916, 43.30457869917154], [76.93492133170366, 43.30458004027605], [76.93492401391268, 43.30458004027605], [76.93492870777845, 43.30458540469408], [76.93493273109198, 43.30458674579859], [76.93493407219648, 43.304588086903095], [76.93493407219648, 43.304590098559856], [76.93493541330099, 43.30459076911211], [76.9349367544055, 43.304590098559856], [76.93493943661451, 43.30459211021662], [76.93494949489832, 43.30459278076887], [76.93495351821184, 43.30459479242563], [76.93495821207762, 43.304595462977886], [76.93496156483889, 43.30459479242563], [76.93496491760015, 43.30459613353014], [76.93496894091368, 43.30459613353014], [76.93497497588396, 43.304593451321125], [76.93498235195875, 43.30459211021662], [76.93500582128763, 43.30459278076887], [76.93501051515341, 43.30459412187338], [76.93501118570566, 43.304595462977886], [76.9350178912282, 43.3045981451869], [76.9350192323327, 43.30460015684366], [76.93502191454172, 43.30460149794817], [76.93502124398947, 43.30460350960493], [76.9350192323327, 43.30460350960493], [76.9350192323327, 43.3046068623662], [76.93501722067595, 43.30460753291845], [76.93493474274874, 43.30460753291845], [76.93493608385324, 43.304609544575214], [76.93493742495775, 43.304609544575214], [76.9349468126893, 43.30461759120226], [76.9349468126893, 43.30461893230677], [76.93494815379381, 43.30461960285902], [76.93494815379381, 43.30462295562029], [76.93494614213705, 43.304625637829304], [76.93494413048029, 43.304625637829304], [76.93494077771902, 43.30462832003832], [76.93493809551, 43.30462832003832], [76.93493608385324, 43.304629661142826]]]}, "properties": {"id": 477, "class": "road", "confidence": 100.0, "source": "Almaty_10", "source_model": "unet-roads", "centroid_wkt": "POINT (76.9349437167801 43.30460289090949)", "bbox": [76.93489920347929, 43.30457869917154, 76.93502191454172, 43.304629661142826], "pixel_bbox": [4864, 2015, 5047, 2091], "area_m2": 25.703}}, {"type": "Feature", "geometry": {"type": "Polygon", "coordinates": [[[76.93205740302801, 43.30460753291845], [76.93205539137125, 43.30460485070944], [76.93205673247576, 43.30460350960493], [76.93205405026674, 43.30460216850042], [76.93205270916224, 43.3045981451869], [76.93205270916224, 43.304593451321125], [76.93205405026674, 43.30459076911211], [76.93205673247576, 43.30458875745535], [76.93205740302801, 43.304586075246334], [76.93206142634153, 43.304582722485065], [76.93206276744604, 43.304582722485065], [76.9320647791028, 43.30458004027605], [76.93208020180464, 43.30457869917154], [76.93208891898394, 43.3045793697238], [76.93209562450647, 43.30458138138056], [76.93210367113352, 43.30458138138056], [76.93211775273085, 43.30458339303732], [76.93213183432817, 43.304582722485065], [76.93213853985071, 43.304580710828304], [76.93215060979128, 43.30458138138056], [76.93215195089579, 43.30458004027605], [76.93215262144804, 43.304582722485065], [76.93215396255255, 43.304582722485065], [76.9321546331048, 43.30458138138056], [76.9321546331048, 43.304582722485065], [76.9321734085679, 43.30458674579859], [76.93217474967241, 43.304588086903095], [76.93217743188143, 43.304588086903095], [76.93218480795622, 43.304591439664364], [76.93219754844904, 43.30459211021662], [76.93220693618059, 43.30459412187338], [76.93220760673285, 43.304595462977886], [76.9322096183896, 43.304595462977886], [76.93221028894186, 43.304596804082394], [76.93221230059862, 43.304596804082394], [76.93221364170313, 43.304598815739155], [76.93221498280764, 43.304598815739155], [76.93221632391214, 43.30460015684366], [76.9322169944644, 43.304604180157185], [76.93222034722567, 43.30460552126169], [76.93221967667341, 43.3046068623662], [76.93221565335989, 43.30460753291845], [76.93205740302801, 43.30460753291845]]]}, "properties": {"id": 478, "class": "road", "confidence": 100.0, "source": "Almaty_10", "source_model": "unet-roads", "centroid_wkt": "POINT (76.93212721435364 43.30459524485553)", "bbox": [76.93205270916224, 43.30457869917154, 76.93222034722567, 43.30460753291845], "pixel_bbox": [619, 2048, 869, 2091], "area_m2": 33.291}}, {"type": "Feature", "geometry": {"type": "Polygon", "coordinates": [[[76.93292710930109, 43.30511648207903], [76.93292308598757, 43.30511447042227], [76.93292241543531, 43.30511312931776], [76.93292040377855, 43.30511312931776], [76.93291705101728, 43.30510977655649], [76.93291638046503, 43.30510709434748], [76.93291436880827, 43.30510575324297], [76.93291235715151, 43.30510172992945], [76.93291034549475, 43.30508965998888], [76.93291302770376, 43.305081613361835], [76.93291638046503, 43.30507691949606], [76.93292174488306, 43.3050749078393], [76.93292375653982, 43.30507289618254], [76.93293381482363, 43.305070884525776], [76.93294052034616, 43.305070884525776], [76.93294856697321, 43.30506820231676], [76.93294990807772, 43.305065520107746], [76.93295124918222, 43.305065520107746], [76.93295326083899, 43.30506283789873], [76.93295460194349, 43.30505009740591], [76.93295393139124, 43.30503534525633], [76.93295259028673, 43.30503333359957], [76.93295057862997, 43.305023945868015], [76.93294923752546, 43.30502260476351], [76.93294923752546, 43.30501992255449], [76.93294789642096, 43.305018581449986], [76.93294789642096, 43.305016569793224], [76.9329458847642, 43.30501388758421], [76.93294320255518, 43.305005840957165], [76.93294052034616, 43.30497432500124], [76.9329385086894, 43.30497097223997], [76.93293783813715, 43.30496694892645], [76.93293582648039, 43.304964266717434], [76.93293515592813, 43.30496024340391], [76.93293314427137, 43.3049575611949], [76.93293314427137, 43.304955549538136], [76.93293180316687, 43.30495420843363], [76.93293180316687, 43.30495219677687], [76.93293046206236, 43.30495085567236], [76.93292040377855, 43.30495085567236], [76.93291503936052, 43.304931409657], [76.93291570991278, 43.30491866916418], [76.9329197332263, 43.30490458756685], [76.93292174488306, 43.30490257591009], [76.93292509764433, 43.30488380044699], [76.93292509764433, 43.30487173050642], [76.93292241543531, 43.30485966056585], [76.93292040377855, 43.30485496670008], [76.9329210743308, 43.30485362559557], [76.93291906267405, 43.3048502728343], [76.93291906267405, 43.30483686178923], [76.93292040377855, 43.304834850132465], [76.9329210743308, 43.304824121296406], [76.93292241543531, 43.3048227801919], [76.93292375653982, 43.30480869859457], [76.93292241543531, 43.304804004728794], [76.93292040377855, 43.30480132251978], [76.9329197332263, 43.304795287549496], [76.93291839212179, 43.30479260534048], [76.93291839212179, 43.304780535399914], [76.93292174488306, 43.304779194295406], [76.93294052034616, 43.30477852374315], [76.93294119089842, 43.30477382987738], [76.93294521421194, 43.3047691360116], [76.93294923752546, 43.304759077727795], [76.93295124918222, 43.30475773662329], [76.93295124918222, 43.30475639551878], [76.93295795470476, 43.30474767833948], [76.93295929580927, 43.30474365502596], [76.93296130746603, 43.30474231392145], [76.93296264857054, 43.30473829060793], [76.93296533077955, 43.304735608398914], [76.93296734243631, 43.30472957342863], [76.93296801298857, 43.30472353845835], [76.93296935409307, 43.30472085624933], [76.93296935409307, 43.30471146851778], [76.93296801298857, 43.30470811575651], [76.93296667188406, 43.30469470471144], [76.93296734243631, 43.30468464642763], [76.93296868354082, 43.30468464642763], [76.93297136574984, 43.30468129366636], [76.93297605961561, 43.3046792820096], [76.93297874182463, 43.30467391759157], [76.93298142403364, 43.304672576487064], [76.9329834356904, 43.30466989427805], [76.93298477679491, 43.30466989427805], [76.93298611789942, 43.30466654151678], [76.9329921528697, 43.3046605065465], [76.93299349397421, 43.3046605065465], [76.93299483507872, 43.30465782433748], [76.93299684673548, 43.30465715378523], [76.93299952894449, 43.30465380102396], [76.93300288170576, 43.304653130471706], [76.93300422281027, 43.3046517893672], [76.93300757557154, 43.3046517893672], [76.93300891667604, 43.304653130471706], [76.9330095872283, 43.30464776605368], [76.9330109283328, 43.30464709550142], [76.9330109283328, 43.30460753291845], [76.93302500993013, 43.3046068623662], [76.93302299827337, 43.30460283905268], [76.93302299827337, 43.30459479242563], [76.93302500993013, 43.30458540469408], [76.9330283626914, 43.30458004027605], [76.9330283626914, 43.30457802861929], [76.93303439766169, 43.30457266420126], [76.93304512649775, 43.30457132309675], [76.9330545142293, 43.304575346410275], [76.9330558553338, 43.30457802861929], [76.93305719643831, 43.30457802861929], [76.93305987864733, 43.304580710828304], [76.93305987864733, 43.304582722485065], [76.93306121975183, 43.30458406358957], [76.93306121975183, 43.304588086903095], [76.93306256085634, 43.30459076911211], [76.93306121975183, 43.30459278076887], [76.93306121975183, 43.30459613353014], [76.93305719643831, 43.30460350960493], [76.93305317312479, 43.30460552126169], [76.93305250257254, 43.3046068623662], [76.93311352282763, 43.30460753291845], [76.93312156945467, 43.30460887402296], [76.93312156945467, 43.30461021512747], [76.9331182166934, 43.30461088567972], [76.93311754614115, 43.30461222678423], [76.93312022835016, 43.304614908993244], [76.93312022835016, 43.30461960285902], [76.93311888724566, 43.30462295562029], [76.93311754614115, 43.30462362617254], [76.93311620503664, 43.30462697893381], [76.93310882896185, 43.30463368445635], [76.9331081584096, 43.30463636666536], [76.93310413509607, 43.30463971942663], [76.93310346454382, 43.30464240163565], [76.9331007823348, 43.30464441329241], [76.93310011178255, 43.30464709550142], [76.93309877067804, 43.30464709550142], [76.93309877067804, 43.30464843660593], [76.93309608846903, 43.304651118814945], [76.93309474736452, 43.304651118814945], [76.9330920651555, 43.304654471576214], [76.93308804184198, 43.304656483232975], [76.9330820068717, 43.30466251820326], [76.93307463079691, 43.30466587096453], [76.9330719485879, 43.304669223725796], [76.93306792527437, 43.30467123538256], [76.93306658416986, 43.30467391759157], [76.93306390196085, 43.30467391759157], [76.9330645725131, 43.304685316979885], [76.93306725472212, 43.304687328636646], [76.93306926637888, 43.30469537526369], [76.93307127803564, 43.304698057472706], [76.93307127803564, 43.30470275133848], [76.93306926637888, 43.304708786308765], [76.93306725472212, 43.30471146851778], [76.93306591361761, 43.30471146851778], [76.9330645725131, 43.30471348017454], [76.9330632314086, 43.30471348017454], [76.93305853754282, 43.304717503488064], [76.93304445594549, 43.304724879562855], [76.93304177373648, 43.30472756177187], [76.93304177373648, 43.30472890287638], [76.9330370798707, 43.30473158508539], [76.93303640931845, 43.30473359674215], [76.93303171545267, 43.30473829060793], [76.93303171545267, 43.30474030226469], [76.93302903324366, 43.30474365502596], [76.9330283626914, 43.30474901944399], [76.93302970379591, 43.304764442145824], [76.93303104490042, 43.30476578325033], [76.93303037434816, 43.30477450042963], [76.93302433937788, 43.30477584153414], [76.93302098661661, 43.30477852374315], [76.9331094995141, 43.30477986484766], [76.9331081584096, 43.30477986484766], [76.93310681730509, 43.30478187650442], [76.93310279399157, 43.30478388816118], [76.93308938294649, 43.30478858202696], [76.93308468908072, 43.304793275892735], [76.93308334797621, 43.304793275892735], [76.93308267742395, 43.304795287549496], [76.93308066576719, 43.30479595810175], [76.93307798355818, 43.30480132251978], [76.93307597190142, 43.30480266362429], [76.93307396024466, 43.304809369146824], [76.93307463079691, 43.30481808632612], [76.93307597190142, 43.30482345074415], [76.93307731300592, 43.30482479184866], [76.93307865411043, 43.30483216792345], [76.93307999521494, 43.30483350902796], [76.93307999521494, 43.30483619123697], [76.93308133631945, 43.30483686178923], [76.93308133631945, 43.304840214550495], [76.93308267742395, 43.30484289675951], [76.93308401852846, 43.30484289675951], [76.93308535963297, 43.30484692007303], [76.93308670073748, 43.304847590625286], [76.933090724051, 43.304858319461346], [76.933090724051, 43.30486301332712], [76.93308804184198, 43.30487038940191], [76.93308133631945, 43.304877765476704], [76.93307865411043, 43.30487843602896], [76.93307798355818, 43.304879777133465], [76.93306926637888, 43.304881788790226], [76.9330632314086, 43.304881788790226], [76.93305853754282, 43.30488044768572], [76.9330471381545, 43.30487374216318], [76.93304177373648, 43.304872401058674], [76.93303506821394, 43.30487307161093], [76.93303439766169, 43.304874412715435], [76.93302970379591, 43.30487575381994], [76.9330270215869, 43.30487843602896], [76.9330270215869, 43.30488044768572], [76.93302433937788, 43.30488245934248], [76.93302366882563, 43.30488447099924], [76.93302299827337, 43.304892517626286], [76.93302433937788, 43.30489654093981], [76.9330283626914, 43.304897882044315], [76.9330283626914, 43.30489922314882], [76.93303439766169, 43.304905258119106], [76.9330357387662, 43.30490928143263], [76.93303775042295, 43.304910622537136], [76.93303842097521, 43.30491665750742], [76.9330370798707, 43.30491799861193], [76.9330370798707, 43.30492001026869], [76.93303037434816, 43.304926715791225], [76.93302366882563, 43.30492805689573], [76.93301629275084, 43.30492738634348], [76.93301159888506, 43.30492939800024], [76.9330109283328, 43.3049488440156], [76.93300891667604, 43.30494750291109], [76.93300757557154, 43.30494750291109], [76.93300690501928, 43.3049488440156], [76.93300824612379, 43.30495085567236], [76.93301226943731, 43.30495152622461], [76.9330109283328, 43.304953537881374], [76.9330109283328, 43.30495689064264], [76.93300757557154, 43.30495622009039], [76.93300556391478, 43.3049575611949], [76.93300288170576, 43.3049575611949], [76.93299416452646, 43.30496694892645], [76.9329921528697, 43.3049676194787], [76.93299148231745, 43.30497030168772], [76.93298947066069, 43.30497231334448], [76.93298611789942, 43.30497298389673], [76.93298477679491, 43.30497432500124], [76.93298410624266, 43.30497767776251], [76.93298276513815, 43.304979018867016], [76.9329834356904, 43.30498840659857], [76.93298678845167, 43.30499242991209], [76.93298678845167, 43.30499444156885], [76.93298880010843, 43.304997123777866], [76.93298812955618, 43.30499980598688], [76.93299148231745, 43.30500315874815], [76.93299148231745, 43.30500517040491], [76.93299416452646, 43.30500651150942], [76.93300489336252, 43.30500718206167], [76.93300556391478, 43.30500919371843], [76.93300824612379, 43.305011205375195], [76.9330109283328, 43.30500852316618], [76.9330109283328, 43.30501388758421], [76.93301293998957, 43.30501589924097], [76.93301293998957, 43.30501724034548], [76.93301495164633, 43.30501724034548], [76.93301495164633, 43.305018581449986], [76.93301696330309, 43.30502059310675], [76.9330183044076, 43.30501992255449], [76.9330183044076, 43.305021263659], [76.9330196455121, 43.305021263659], [76.93302031606436, 43.305034674704075], [76.9330183044076, 43.30503534525633], [76.93301763385534, 43.30503735691309], [76.93301629275084, 43.30503735691309], [76.93301696330309, 43.305042050778866], [76.93301159888506, 43.30504808574915], [76.9330109283328, 43.30505143851042], [76.9330109283328, 43.30507759004831], [76.93301025778055, 43.305076248943806], [76.93300891667604, 43.305076248943806], [76.93300891667604, 43.30507289618254], [76.93300757557154, 43.305076248943806], [76.93300757557154, 43.30507356673479], [76.93300690501928, 43.30507222563028], [76.93300556391478, 43.30507222563028], [76.93300556391478, 43.30507356673479], [76.93300355225801, 43.305074237287045], [76.93300288170576, 43.305076248943806], [76.93299952894449, 43.30507691949606], [76.93299684673548, 43.30508027225733], [76.93299483507872, 43.30508094280958], [76.93299282342196, 43.30508094280958], [76.93299282342196, 43.305079601705074], [76.93299014121294, 43.30507893115282], [76.93298142403364, 43.305079601705074], [76.93298008292913, 43.30508094280958], [76.93297673016787, 43.30507893115282], [76.93297270685434, 43.30507893115282], [76.93297203630209, 43.30508094280958], [76.93296398967505, 43.30508228391409], [76.93296063691378, 43.30508563667536], [76.93295728415251, 43.305086977779865], [76.93295527249575, 43.30508965998888], [76.93295393139124, 43.30508965998888], [76.93295057862997, 43.30509301275015], [76.93294923752546, 43.30509703606367], [76.93294454365969, 43.30510038882494], [76.93294454365969, 43.305103071033955], [76.93294186145067, 43.30510642379522], [76.93294186145067, 43.30510910600424], [76.9329371675849, 43.30511514097452], [76.93293448537588, 43.30511648207903], [76.93292710930109, 43.30511648207903]], [[76.93301159888506, 43.30474499613047], [76.93301226943731, 43.30475706607103], [76.93301226943731, 43.30474499613047], [76.93301159888506, 43.30474499613047]]]}, "properties": {"id": 479, "class": "road", "confidence": 100.0, "source": "Almaty_10", "source_model": "unet-roads", "centroid_wkt": "POINT (76.93300021422442 43.304828401915195)", "bbox": [76.93291034549475, 43.30457132309675, 76.93312156945467, 43.30511648207903], "pixel_bbox": [1898, 1289, 2213, 2102], "area_m2": 444.556}}, {"type": "Feature", "geometry": {"type": "Polygon", "coordinates": [[[76.93421926349401, 43.30470208078623], [76.93421255797148, 43.30470073968172], [76.93421255797148, 43.30464709550142], [76.93421121686697, 43.30464508384466], [76.93420719355345, 43.3046430721879], [76.93419713526964, 43.30462496727705], [76.93419713526964, 43.30461625009775], [76.93419847637415, 43.30461423844099], [76.9341978058219, 43.30460887402296], [76.93419981747866, 43.30460753291845], [76.93420384079218, 43.30460753291845], [76.9342065230012, 43.304606191813946], [76.93420451134443, 43.304604180157185], [76.93420585244894, 43.304598815739155], [76.9342078641057, 43.30459613353014], [76.93420853465796, 43.30459278076887], [76.93421121686697, 43.30459211021662], [76.93421188741922, 43.30459076911211], [76.93421255797148, 43.304559253156185], [76.93421389907598, 43.30455791205168], [76.93421792238951, 43.304557241499424], [76.93422060459852, 43.30455455929041], [76.93422060459852, 43.3045532181859], [76.9342252984643, 43.30455053597689], [76.93423602730036, 43.30454919487238], [76.9342440739274, 43.304546512663364], [76.93425547331572, 43.304546512663364], [76.93426351994276, 43.30454785376787], [76.93427693098783, 43.30455657094717], [76.93427693098783, 43.30455791205168], [76.93427961319685, 43.30455992370844], [76.93428296595812, 43.30456595867872], [76.93428430706263, 43.30456595867872], [76.93428430706263, 43.30456797033548], [76.93428833037615, 43.30457601696253], [76.9342876598239, 43.304593451321125], [76.93428229540586, 43.3046068623662], [76.93431045860052, 43.30460753291845], [76.93431582301855, 43.30460887402296], [76.93431314080954, 43.30461088567972], [76.93431247025728, 43.30461289733648], [76.9343164935708, 43.30461893230677], [76.9343164935708, 43.304622285068035], [76.93431314080954, 43.30462832003832], [76.93431179970503, 43.30462832003832], [76.93430710583925, 43.304633013904095], [76.93430241197348, 43.3046343550086], [76.93430107086897, 43.30463569611311], [76.93429503589869, 43.30463636666536], [76.93428631871939, 43.30463368445635], [76.93428095430136, 43.30463368445635], [76.93427290767431, 43.30463167279959], [76.93426016718149, 43.30463167279959], [76.93424742668867, 43.30463636666536], [76.93424206227064, 43.30464240163565], [76.93424072116613, 43.30464843660593], [76.93424072116613, 43.30465782433748], [76.93424206227064, 43.304659835994244], [76.93424206227064, 43.30466318875551], [76.9342440739274, 43.30466520041227], [76.9342440739274, 43.304667212069035], [76.93424675613642, 43.30467123538256], [76.93424742668867, 43.30467525869608], [76.9342440739274, 43.304688669741154], [76.93423803895712, 43.30469403415918], [76.93423066288233, 43.30469738692045], [76.93422999233007, 43.30469872802496], [76.93422596901655, 43.30470073968172], [76.93421926349401, 43.30470208078623]]]}, "properties": {"id": 480, "class": "road", "confidence": 100.0, "source": "Almaty_10", "source_model": "unet-roads", "centroid_wkt": "POINT (76.93424624686392 43.3046118125661)", "bbox": [76.93419713526964, 43.304546512663364, 76.9343164935708, 43.30470208078623], "pixel_bbox": [3817, 1907, 3995, 2139], "area_m2": 84.172}}, {"type": "Feature", "geometry": {"type": "Polygon", "coordinates": [[[76.9321459159255, 43.30456394702196], [76.93214189261198, 43.30456327646971], [76.9321358576417, 43.304559253156185], [76.93213384598494, 43.304559253156185], [76.93213250488043, 43.30455791205168], [76.93213049322367, 43.30455791205168], [76.93212781101465, 43.30455590039492], [76.93212579935789, 43.30455590039492], [76.93212043493986, 43.3045532181859], [76.93210367113352, 43.3045532181859], [76.93209964782, 43.304551877081394], [76.93208958953619, 43.304551877081394], [76.93208489567041, 43.30454919487238], [76.93208087235689, 43.304548524320126], [76.93207416683435, 43.30454248934984], [76.93207483738661, 43.30453108996153], [76.93208020180464, 43.30452639609575], [76.93208891898394, 43.304525054991245], [76.93209294229746, 43.304523043334484], [76.93213183432817, 43.304523043334484], [76.93214256316423, 43.3045257255435], [76.93214658647776, 43.30452974885702], [76.93214926868677, 43.30452974885702], [76.93215262144804, 43.304527066648006], [76.93215262144804, 43.304562605917454], [76.93214926868677, 43.3045619353652], [76.9321459159255, 43.30456394702196]]]}, "properties": {"id": 481, "class": "road", "confidence": 100.0, "source": "Almaty_10", "source_model": "unet-roads", "centroid_wkt": "POINT (76.93211744316665 43.30453967947341)", "bbox": [76.93207416683435, 43.304523043334484, 76.93215262144804, 43.30456394702196], "pixel_bbox": [651, 2113, 768, 2174], "area_m2": 21.07}}, {"type": "Feature", "geometry": {"type": "Polygon", "coordinates": [[[76.9349005445838, 43.304506950080395], [76.93489920347929, 43.30449689179659], [76.93489920347929, 43.3044807985425], [76.93489987403154, 43.30447744578123], [76.93490121513605, 43.30447677522898], [76.93490657955408, 43.3044807985425], [76.93490859121084, 43.30448482185602], [76.93491462618113, 43.304485492408276], [76.93491663783789, 43.30448750406504], [76.93491730839014, 43.30449353903532], [76.93491462618113, 43.304498232901096], [76.93491127341986, 43.30449890345335], [76.93491127341986, 43.30450225621462], [76.93490993231535, 43.304503597319126], [76.93490859121084, 43.304503597319126], [76.93490657955408, 43.30450627952814], [76.93490389734507, 43.30450560897589], [76.93490255624056, 43.304506950080395], [76.9349005445838, 43.304506950080395]]]}, "properties": {"id": 482, "class": "road", "confidence": 100.0, "source": "Almaty_10", "source_model": "unet-roads", "centroid_wkt": "POINT (76.93490680076792 43.30449219758179)", "bbox": [76.93489920347929, 43.30447677522898, 76.93491730839014, 43.304506950080395], "pixel_bbox": [4864, 2198, 4891, 2243], "area_m2": 3.245}}, {"type": "Feature", "geometry": {"type": "Polygon", "coordinates": [[[76.93472888320684, 43.30452371388674], [76.93472754210234, 43.30450627952814], [76.93472888320684, 43.30446805804968], [76.93473022431135, 43.30446872860193], [76.93473022431135, 43.30446604639292], [76.93474296480417, 43.30446604639292], [76.93474497646093, 43.304467387497425], [76.93474564701319, 43.30446470528841], [76.934755705297, 43.304460011422634], [76.93476174026728, 43.304460011422634], [76.93477112799883, 43.3044633641839], [76.93477246910334, 43.304465375840664], [76.93477381020784, 43.304465375840664], [76.93477381020784, 43.30447006970644], [76.93477246910334, 43.30447006970644], [76.93477246910334, 43.30447141081095], [76.93476777523756, 43.3044720813632], [76.9347657635808, 43.304470740258694], [76.93476308137178, 43.304470740258694], [76.93476241081953, 43.3044720813632], [76.93475905805826, 43.30447342246771], [76.93474899977446, 43.304472751915455], [76.93474967032671, 43.30447409301996], [76.9347483292222, 43.304474763572216], [76.9347483292222, 43.30447677522898], [76.93474296480417, 43.304478116333485], [76.93474229425192, 43.304480127990246], [76.93474028259516, 43.304480127990246], [76.93474028259516, 43.30448213964701], [76.93473894149065, 43.30448281019926], [76.93474028259516, 43.304485492408276], [76.93474028259516, 43.3044895157218], [76.93474296480417, 43.30449286848307], [76.93474296480417, 43.304496221244335], [76.93474430590868, 43.30449890345335], [76.93475101143122, 43.30450627952814], [76.93475168198347, 43.30451365560293], [76.93475101143122, 43.30451566725969], [76.93474967032671, 43.30451566725969], [76.93474967032671, 43.3045170083642], [76.93474497646093, 43.30452103167772], [76.93473894149065, 43.304523043334484], [76.93472888320684, 43.30452371388674]]]}, "properties": {"id": 483, "class": "road", "confidence": 100.0, "source": "Almaty_10", "source_model": "unet-roads", "centroid_wkt": "POINT (76.93474264237207 43.30448939938153)", "bbox": [76.93472754210234, 43.304460011422634, 76.93477381020784, 43.30452371388674], "pixel_bbox": [4608, 2173, 4677, 2268], "area_m2": 11.568}}, {"type": "Feature", "geometry": {"type": "Polygon", "coordinates": [[[76.93575885146856, 43.30449488013983], [76.93575751036406, 43.30448817461729], [76.93575751036406, 43.3044358715415], [76.93583462387323, 43.3044358715415], [76.93583596497774, 43.30443453043699], [76.93582255393267, 43.30442983657122], [76.93580981343985, 43.30442983657122], [76.93580511957407, 43.30442849546671], [76.93580243736506, 43.30442916601896], [76.93580243736506, 43.30442648380995], [76.93580780178308, 43.304425813257694], [76.93580914288759, 43.30442380160093], [76.93582121282816, 43.30442447215319], [76.93582993000746, 43.30442111939192], [76.93585004657507, 43.30442111939192], [76.9358641281724, 43.30442648380995], [76.93586748093367, 43.30443050712347], [76.93586613982916, 43.304435200989246], [76.93591173738241, 43.3044358715415], [76.93592246621847, 43.30443721264601], [76.93592112511396, 43.30443922430277], [76.93591844290495, 43.30443989485502], [76.93591844290495, 43.30444123595953], [76.93592179566622, 43.304443918168545], [76.93592179566622, 43.30444525927305], [76.9359191134572, 43.304445929825306], [76.93591844290495, 43.30444794148207], [76.93591710180044, 43.30444794148207], [76.93591509014368, 43.30445062369108], [76.93591240793467, 43.304451294243336], [76.93591173738241, 43.30445263534784], [76.93590704351664, 43.30445397645235], [76.93589698523283, 43.304454647004604], [76.93589095026255, 43.304456658661366], [76.93587485700846, 43.30445867031813], [76.93585004657507, 43.30445867031813], [76.93584267050028, 43.30446135252714], [76.93581316620111, 43.30446068197489], [76.93580713123083, 43.304462023079395], [76.9358004257083, 43.304462023079395], [76.93579640239477, 43.3044633641839], [76.93578701466322, 43.30446872860193], [76.93578567355871, 43.30447141081095], [76.93578366190195, 43.304472751915455], [76.93578097969294, 43.30447945743799], [76.93577963858843, 43.30447945743799], [76.9357756152749, 43.30448415130377], [76.93577226251364, 43.30448482185602], [76.93577159196138, 43.30448616296053], [76.93577025085688, 43.30448616296053], [76.93576890975237, 43.304488845169544], [76.93576488643885, 43.30449018627405], [76.93576421588659, 43.30449152737856], [76.93576220422983, 43.30449152737856], [76.93575885146856, 43.30449488013983]]]}, "properties": {"id": 484, "class": "road", "confidence": 100.0, "source": "Almaty_10", "source_model": "unet-roads", "centroid_wkt": "POINT (76.9358256641654 43.30444857083381)", "bbox": [76.93575751036406, 43.30442111939192, 76.93592246621847, 43.30449488013983], "pixel_bbox": [6144, 2216, 6390, 2326], "area_m2": 46.32}}, {"type": "Feature", "geometry": {"type": "Polygon", "coordinates": [[[76.93541418761015, 43.30460753291845], [76.93541418761015, 43.30446269363165], [76.93540882319212, 43.304456658661366], [76.93540681153536, 43.304456658661366], [76.93539541214705, 43.30445062369108], [76.93539474159479, 43.30444861203432], [76.93539340049028, 43.30444861203432], [76.93539340049028, 43.30444727092981], [76.93539071828127, 43.3044445887208], [76.9353860244155, 43.30444257706404], [76.9353860244155, 43.30444123595953], [76.93538200110197, 43.3044358715415], [76.93537797778845, 43.3044358715415], [76.93537596613169, 43.30442447215319], [76.9353786483407, 43.304415084421635], [76.93538133054972, 43.30441307276487], [76.93538133054972, 43.304411731660366], [76.93538334220648, 43.304409720003605], [76.93538937717676, 43.304406367242336], [76.93539943546057, 43.304404355585575], [76.93540077656507, 43.30440301448107], [76.93541284650564, 43.30440301448107], [76.93541418761015, 43.30440167337656], [76.93541418761015, 43.30439765006304], [76.93541686981916, 43.30439563840628], [76.93542625755072, 43.30439496785402], [76.93542826920748, 43.304393626749516], [76.93543363362551, 43.30439429730177], [76.93543564528227, 43.30439295619726], [76.93544369190931, 43.304391615092754], [76.93544905632734, 43.30439563840628], [76.93545039743185, 43.30439563840628], [76.93545173853636, 43.30439765006304], [76.93545442074537, 43.30439832061529], [76.93545576184988, 43.30440167337656], [76.93545911461115, 43.304404355585575], [76.9354597851634, 43.30440703779459], [76.93546514958143, 43.30441106110811], [76.9354671612382, 43.30441575497389], [76.9354685023427, 43.304425813257694], [76.93546649068594, 43.30443453043699], [76.9354671612382, 43.3044358715415], [76.93546984344721, 43.3044358715415], [76.93547051399946, 43.30443721264601], [76.93547051399946, 43.30445263534784], [76.93546984344721, 43.30445732921362], [76.9354685023427, 43.30445799976587], [76.9354685023427, 43.30446403473616], [76.93546984344721, 43.304467387497425], [76.93547051399946, 43.30447610467672], [76.93547185510397, 43.304478116333485], [76.93547319620848, 43.304490856826305], [76.93547118455172, 43.30449890345335], [76.93546917289495, 43.30450024455786], [76.93546783179045, 43.304503597319126], [76.93546447902918, 43.304506950080395], [76.93546447902918, 43.304508961737156], [76.93546246737242, 43.30451030284166], [76.93545643240213, 43.30452170222998], [76.93545442074537, 43.304523043334484], [76.93545307964087, 43.3045257255435], [76.93545173853636, 43.3045257255435], [76.93545173853636, 43.304527066648006], [76.93544838577509, 43.30452974885702], [76.93544838577509, 43.30453108996153], [76.93544637411833, 43.30453176051378], [76.93544637411833, 43.30453310161829], [76.93544369190931, 43.30453511327505], [76.9354423508048, 43.30453913658857], [76.9354423508048, 43.30454517155886], [76.93544436246157, 43.304551877081394], [76.93545576184988, 43.30457467585802], [76.93545576184988, 43.30458205193281], [76.9354510679841, 43.304595462977886], [76.93544033914804, 43.30460753291845], [76.93541418761015, 43.30460753291845]]]}, "properties": {"id": 485, "class": "road", "confidence": 100.0, "source": "Almaty_10", "source_model": "unet-roads", "centroid_wkt": "POINT (76.93543295505806 43.304482582324894)", "bbox": [76.93537596613169, 43.304391615092754, 76.93547319620848, 43.30460753291845], "pixel_bbox": [5575, 2048, 5720, 2370], "area_m2": 101.783}}, {"type": "Feature", "geometry": {"type": "Polygon", "coordinates": [[[76.93547252565622, 43.30431383103132], [76.93546582013369, 43.30431114882231], [76.93546179682016, 43.3043010905385], [76.93546246737242, 43.30429036170244], [76.93546447902918, 43.30428633838892], [76.93546514958143, 43.30427493900061], [76.93546649068594, 43.30427024513483], [76.93546783179045, 43.30426890403032], [76.9354671612382, 43.304265551269054], [76.93546984344721, 43.30426421016455], [76.9355583563447, 43.30426421016455], [76.93556506186724, 43.304265551269054], [76.93556372076273, 43.304267562925816], [76.93555768579245, 43.30426890403032], [76.93555768579245, 43.304270915687084], [76.93556103855371, 43.30427225679159], [76.93556103855371, 43.3042735978961], [76.9355583563447, 43.304276280105114], [76.93555299192667, 43.304276280105114], [76.93555030971766, 43.30427896231413], [76.93554695695639, 43.304280303418636], [76.93554226309061, 43.30427963286638], [76.93553689867258, 43.304281644523144], [76.93553287535906, 43.304281644523144], [76.9355308637023, 43.30428298562765], [76.93552013486624, 43.30428499728441], [76.93551745265722, 43.30428767949343], [76.9355134293437, 43.304289020597935], [76.93551275879145, 43.30429036170244], [76.93551007658243, 43.304291032254696], [76.93550873547792, 43.30429304391146], [76.9355033710599, 43.30429572612047], [76.93548794835806, 43.304309137165546], [76.9354859367013, 43.304309137165546], [76.93548526614904, 43.304310478270054], [76.93547923117876, 43.30431316047907], [76.93547252565622, 43.30431383103132]], [[76.93555500358343, 43.30426890403032], [76.93555634468794, 43.30426957458258], [76.93555634468794, 43.30426890403032], [76.93555500358343, 43.30426890403032]]]}, "properties": {"id": 486, "class": "road", "confidence": 100.0, "source": "Almaty_10", "source_model": "unet-roads", "centroid_wkt": "POINT (76.93550045251861 43.30428186386973)", "bbox": [76.93546179682016, 43.30426421016455, 76.93556506186724, 43.30431383103132], "pixel_bbox": [5703, 2486, 5857, 2560], "area_m2": 25.468}}, {"type": "Feature", "geometry": {"type": "Polygon", "coordinates": [[[76.93232629448175, 43.30426421016455], [76.932324282825, 43.30426286906004], [76.932324282825, 43.304242081940174], [76.9323256239295, 43.30424007028341], [76.93236384540796, 43.304247446358204], [76.93238865584135, 43.304247446358204], [76.93239603191614, 43.30424476414919], [76.93240810185671, 43.30424476414919], [76.93241145461798, 43.30424342304468], [76.93243090063334, 43.30424342304468], [76.93245302885771, 43.304247446358204], [76.932461746037, 43.304251469671726], [76.93246509879827, 43.304254822432995], [76.93246778100729, 43.304254822432995], [76.93246711045504, 43.30425884574652], [76.93246509879827, 43.30425884574652], [76.93246442824602, 43.304260186851025], [76.93246107548475, 43.304260186851025], [76.93245973438025, 43.30426152795553], [76.93246107548475, 43.30426353961229], [76.93245839327574, 43.30426421016455], [76.93232629448175, 43.30426421016455]]]}, "properties": {"id": 487, "class": "road", "confidence": 100.0, "source": "Almaty_10", "source_model": "unet-roads", "centroid_wkt": "POINT (76.93239231892495 43.30425424470504)", "bbox": [76.932324282825, 43.30424007028341, 76.93246778100729, 43.30426421016455], "pixel_bbox": [1024, 2560, 1238, 2596], "area_m2": 23.78}}, {"type": "Feature", "geometry": {"type": "Polygon", "coordinates": [[[76.93273667246103, 43.30422129482031], [76.93273331969976, 43.30421794205904], [76.93273331969976, 43.30420587211847], [76.93273399025202, 43.30420386046171], [76.93273533135653, 43.30420386046171], [76.93273667246103, 43.30419983714819], [76.9327400252223, 43.30419983714819], [76.93274203687906, 43.30420050770044], [76.93274404853582, 43.30420386046171], [76.93274404853582, 43.304207883775234], [76.93274270743132, 43.304209895431995], [76.93274404853582, 43.30421593040228], [76.93274069577456, 43.304218612611294], [76.93274069577456, 43.304220624268055], [76.93273667246103, 43.30422129482031]]]}, "properties": {"id": 488, "class": "road", "confidence": 100.0, "source": "Almaty_10", "source_model": "unet-roads", "centroid_wkt": "POINT (76.93273884465368 43.30421003238332)", "bbox": [76.93273331969976, 43.30419983714819, 76.93274404853582, 43.30422129482031], "pixel_bbox": [1634, 2624, 1650, 2656], "area_m2": 1.69}}, {"type": "Feature", "geometry": {"type": "Polygon", "coordinates": [[[76.93277690559626, 43.304175697267056], [76.93275947123766, 43.3041750267148], [76.93275544792414, 43.30417234450579], [76.93275343626738, 43.30416429787874], [76.93275209516287, 43.304162956774235], [76.93275209516287, 43.30415893346071], [76.93275343626738, 43.304155580699444], [76.93275611847639, 43.304154239594936], [76.93276349455118, 43.30415491014719], [76.93276684731245, 43.30415826290846], [76.93276952952147, 43.30415893346071], [76.93277690559626, 43.3041663095355], [76.93277824670076, 43.304170332849026], [76.93277690559626, 43.304175697267056]]]}, "properties": {"id": 489, "class": "road", "confidence": 100.0, "source": "Almaty_10", "source_model": "unet-roads", "centroid_wkt": "POINT (76.932764661332 43.30416553642893)", "bbox": [76.93275209516287, 43.304154239594936, 76.93277824670076, 43.304175697267056], "pixel_bbox": [1662, 2692, 1701, 2724], "area_m2": 3.642}}, {"type": "Feature", "geometry": {"type": "Polygon", "coordinates": [[[76.93205539137125, 43.30424476414919], [76.93204533308744, 43.30424476414919], [76.93204533308744, 43.30424342304468], [76.93204332143068, 43.30424342304468], [76.93204198032618, 43.30424074083567], [76.93204063922167, 43.30424074083567], [76.93204063922167, 43.30423939973116], [76.9320386275649, 43.304238729178905], [76.93203929811716, 43.30423403531313], [76.93204063922167, 43.304233364760876], [76.93204063922167, 43.30422732979059], [76.93204265087843, 43.30422330647707], [76.93204265087843, 43.30420654267073], [76.93203996866941, 43.304193802177906], [76.93203795701265, 43.304189778864384], [76.93203661590815, 43.30418910831213], [76.93203594535589, 43.304186426103115], [76.93203460425138, 43.30418575555086], [76.93203192204237, 43.304179050028324], [76.93202588707209, 43.30417234450579], [76.93202253431082, 43.304164968430996], [76.93201582878828, 43.3041562512517], [76.93201247602701, 43.30414954572916], [76.93201247602701, 43.304141499102116], [76.93201515823603, 43.30413345247507], [76.93201716989279, 43.304130770266056], [76.93201716989279, 43.304128758609295], [76.93201918154955, 43.30412473529577], [76.93202052265406, 43.30412406474352], [76.93202186375856, 43.30411735922098], [76.93202320486307, 43.30411534756422], [76.93202387541533, 43.30410797148943], [76.93202521651983, 43.304105289280415], [76.93202521651983, 43.3040938898921], [76.93202655762434, 43.3040938898921], [76.93202655762434, 43.304092548787594], [76.93214658647776, 43.304092548787594], [76.93214792758226, 43.3040938898921], [76.93214993923903, 43.3040938898921], [76.93214993923903, 43.304092548787594], [76.93215128034353, 43.304092548787594], [76.93215262144804, 43.30409523099661], [76.93215262144804, 43.30410059541464], [76.93215195089579, 43.30409590154886], [76.93215060979128, 43.30409523099661], [76.93214993923903, 43.304097913205624], [76.93214725703001, 43.30409724265337], [76.93214725703001, 43.30409925431013], [76.932144574821, 43.30410059541464], [76.93214323371649, 43.30410461872816], [76.93214189261198, 43.30410461872816], [76.93213988095522, 43.304107300937176], [76.93213652819395, 43.30410797148943], [76.93213183432817, 43.30411199480295], [76.93212579935789, 43.30411333590746], [76.93212043493986, 43.30411668866873], [76.9321184232831, 43.30411668866873], [76.93211775273085, 43.304118029773235], [76.93211238831282, 43.30412071198225], [76.93211171776056, 43.30412272363901], [76.9321097061038, 43.30412406474352], [76.93210903555155, 43.30412741750479], [76.93210702389479, 43.304128758609295], [76.93210568279028, 43.30413278192282], [76.93210434168577, 43.30413345247507], [76.93210367113352, 43.30413747578859], [76.9321009889245, 43.30414216965437], [76.9321009889245, 43.304144851863384], [76.93209964782, 43.30414619296789], [76.93209830671549, 43.30415826290846], [76.93209830671549, 43.30418039113283], [76.93209696561098, 43.30418240278959], [76.93209562450647, 43.304189778864384], [76.93209361284971, 43.304191790521145], [76.93209294229746, 43.30419514328241], [76.93209026008844, 43.30419782549143], [76.93209026008844, 43.30419983714819], [76.93208891898394, 43.30420050770044], [76.93208489567041, 43.30420855432749], [76.93208489567041, 43.30421056598425], [76.9320835545659, 43.3042112365365], [76.93208288401365, 43.30421458929777], [76.93208154290915, 43.304215259850025], [76.93207953125238, 43.304220624268055], [76.93207819014788, 43.30422129482031], [76.93207684904337, 43.304225988686085], [76.93207148462534, 43.304231353104115], [76.93207148462534, 43.30423269420862], [76.93206075578928, 43.304242081940174], [76.93205539137125, 43.30424476414919]]]}, "properties": {"id": 490, "class": "road", "confidence": 100.0, "source": "Almaty_10", "source_model": "unet-roads", "centroid_wkt": "POINT (76.93206717083247 43.304150388660155)", "bbox": [76.93201247602701, 43.304092548787594, 76.93215262144804, 43.30424476414919], "pixel_bbox": [559, 2589, 768, 2816], "area_m2": 97.104}}, {"type": "Feature", "geometry": {"type": "Polygon", "coordinates": [[[76.93424809724092, 43.304527066648006], [76.9342353567481, 43.3045257255435], [76.93422731012106, 43.304523043334484], [76.9342266395688, 43.30452103167772], [76.9342252984643, 43.30452103167772], [76.93422194570303, 43.30451633781195], [76.93422060459852, 43.30450560897589], [76.93422462791204, 43.30449689179659], [76.93422731012106, 43.30449488013983], [76.93422731012106, 43.30449353903532], [76.93422932177782, 43.30449219793081], [76.93423066288233, 43.304488845169544], [76.93423334509134, 43.30448683351278], [76.9342340156436, 43.30448415130377], [76.93423602730036, 43.30448281019926], [76.93423602730036, 43.30448146909475], [76.93423803895712, 43.304480127990246], [76.93423803895712, 43.30447878688574], [76.93424005061388, 43.30447744578123], [76.93424005061388, 43.30447610467672], [76.9342440739274, 43.30447141081095], [76.93424474447966, 43.30446805804968], [76.93424943834543, 43.304460011422634], [76.93425413221121, 43.30444123595953], [76.93425480276346, 43.3044358715415], [76.93423468619585, 43.3044358715415], [76.93423334509134, 43.30443453043699], [76.93423334509134, 43.304431177675724], [76.93423669785261, 43.30442514270544], [76.93423803895712, 43.30442447215319], [76.9342440739274, 43.30441240221262], [76.93424742668867, 43.304398991167545], [76.93424675613642, 43.30437082797289], [76.93424809724092, 43.30436412245035], [76.93424809724092, 43.30434735864401], [76.93424675613642, 43.304344676434994], [76.93424675613642, 43.3043373003602], [76.93424809724092, 43.30433662980795], [76.93424943834543, 43.30433260649443], [76.93425212055445, 43.30432992428541], [76.93425346165895, 43.304323218762875], [76.93425480276346, 43.304323218762875], [76.93425547331572, 43.30432187765837], [76.934261508286, 43.30430377274752], [76.934261508286, 43.30430041998625], [76.93426553159952, 43.304285667836666], [76.93426620215178, 43.30426421016455], [76.93428497761488, 43.30426353961229], [76.93428363651037, 43.30425884574652], [76.93427961319685, 43.304254822432995], [76.93427961319685, 43.304252810776234], [76.93427760154009, 43.304251469671726], [76.93427424877882, 43.30424476414919], [76.93427223712206, 43.30423604696989], [76.93427223712206, 43.304228000342846], [76.93427290767431, 43.304223977029324], [76.93427424877882, 43.30422129482031], [76.93427626043558, 43.3042199537158], [76.93427626043558, 43.30421794205904], [76.9342802837491, 43.304209895431995], [76.93429034203291, 43.30419648438692], [76.93429503589869, 43.30418240278959], [76.93429436534643, 43.30416429787874], [76.93429168313742, 43.30415356904268], [76.93429034203291, 43.304152227938175], [76.9342890009284, 43.30413747578859], [76.9342876598239, 43.30413546413183], [76.93428698927164, 43.30412942916155], [76.93428497761488, 43.304126746952534], [76.93428430706263, 43.30412272363901], [76.93427693098783, 43.30411400645971], [76.93427223712206, 43.30410461872816], [76.9342715665698, 43.3040938898921], [76.93427357822657, 43.304092548787594], [76.93441841751337, 43.304092548787594], [76.93442445248365, 43.3040938898921], [76.93442445248365, 43.30409523099661], [76.93442109972239, 43.30409590154886], [76.93442109972239, 43.304097913205624], [76.9344237819314, 43.30410059541464], [76.93442445248365, 43.30410394817591], [76.93442244082689, 43.3041113242507], [76.93442244082689, 43.304125405848026], [76.93442042917013, 43.30413144081831], [76.93441975861788, 43.3041388168931], [76.93441841751337, 43.304139487445354], [76.93441707640886, 43.304144851863384], [76.93441305309534, 43.30414887517691], [76.93441305309534, 43.304150216281414], [76.93440970033407, 43.304154239594936], [76.93440567702055, 43.30415491014719], [76.93440098315477, 43.30415893346071], [76.93439494818449, 43.30415893346071], [76.93439494818449, 43.30416027456522], [76.93439293652773, 43.30416027456522], [76.93438958376646, 43.30416228622198], [76.93438958376646, 43.304160945117474], [76.93438690155745, 43.30416027456522], [76.93438690155745, 43.30415826290846], [76.93438488990068, 43.3041562512517], [76.93438488990068, 43.3042011782527], [76.9343889132142, 43.3042011782527], [76.9343889132142, 43.304202519357204], [76.93439092487097, 43.304202519357204], [76.93439695984125, 43.30420922487974], [76.93439830094576, 43.30421190708876], [76.93439830094576, 43.30421928316355], [76.93439695984125, 43.304220624268055], [76.93439695984125, 43.30422330647707], [76.93439226597548, 43.30423269420862], [76.93439092487097, 43.30423403531313], [76.9343889132142, 43.30423403531313], [76.9343875721097, 43.30423604696989], [76.93438488990068, 43.30423604696989], [76.93438421934843, 43.30426421016455], [76.93437818437815, 43.30426421016455], [76.93438019603491, 43.304265551269054], [76.93438354879618, 43.304265551269054], [76.93438421934843, 43.304267562925816], [76.93438421934843, 43.30430645495653], [76.93438153713942, 43.304309137165546], [76.93437684327364, 43.304309137165546], [76.93437684327364, 43.304310478270054], [76.93437281996012, 43.304314501583576], [76.93437147885561, 43.304314501583576], [76.9343687966466, 43.304317854344845], [76.93436678498983, 43.3043185248971], [76.93436678498983, 43.304319866001606], [76.93436477333307, 43.30432053655386], [76.93436209112406, 43.30432590097189], [76.93435806781054, 43.30432992428541], [76.93435605615377, 43.3043373003602], [76.93435471504927, 43.30433864146471], [76.9343527033925, 43.304354064166546], [76.93435471504927, 43.30436680465937], [76.9343600794673, 43.304377533495426], [76.9343614205718, 43.30437820404768], [76.93436276167631, 43.3043822273612], [76.93436745554209, 43.304386250674725], [76.93436745554209, 43.30438759177923], [76.93437080830336, 43.30439027398825], [76.93437080830336, 43.304391615092754], [76.93437416106462, 43.30439496785402], [76.93437617272139, 43.30440301448107], [76.9343775138259, 43.304404355585575], [76.9343775138259, 43.30441039055586], [76.93437550216913, 43.30441307276487], [76.93437617272139, 43.304422460496426], [76.93437550216913, 43.30443050712347], [76.93437416106462, 43.30443050712347], [76.93437483161688, 43.30443385988474], [76.93437281996012, 43.3044358715415], [76.9343426451087, 43.3044358715415], [76.93433593958616, 43.30444257706404], [76.9343325868249, 43.30444995313883], [76.93432990461588, 43.30445196479559], [76.93432789295912, 43.30445598810911], [76.93432319909334, 43.30446068197489], [76.93432051688433, 43.304467387497425], [76.93431582301855, 43.304472751915455], [76.93431247025728, 43.304480127990246], [76.93430576473475, 43.30448683351278], [76.93430442363024, 43.30449018627405], [76.93430174142122, 43.30449219793081], [76.93430174142122, 43.30449353903532], [76.93429972976446, 43.30449488013983], [76.93429972976446, 43.304496221244335], [76.9342977181077, 43.30449756234884], [76.9342963770032, 43.30450091511011], [76.93429369479418, 43.30450292676687], [76.93429369479418, 43.30450426787138], [76.9342876598239, 43.304512314498425], [76.93428631871939, 43.304512314498425], [76.93428296595812, 43.30451633781195], [76.93427827209234, 43.30451834946871], [76.93427693098783, 43.30452036112547], [76.93426754325628, 43.3045257255435], [76.934261508286, 43.304527066648006], [76.93424809724092, 43.304527066648006]], [[76.9343788549304, 43.30426957458258], [76.93438019603491, 43.30426890403032], [76.93438019603491, 43.304267562925816], [76.9343788549304, 43.30426823347807], [76.9343788549304, 43.30426957458258]]]}, "properties": {"id": 491, "class": "road", "confidence": 100.0, "source": "Almaty_10", "source_model": "unet-roads", "centroid_wkt": "POINT (76.93431984600379 43.30429292170337)", "bbox": [76.93422060459852, 43.304092548787594, 76.93442445248365, 43.304527066648006], "pixel_bbox": [3852, 2168, 4156, 2816], "area_m2": 423.613}}, {"type": "Feature", "geometry": {"type": "Polygon", "coordinates": [[[76.93657156080008, 43.304092548787594], [76.93656887859106, 43.304091207683086], [76.93657021969557, 43.304083831608295], [76.93657491356134, 43.30407980829477], [76.93657759577036, 43.30407980829477], [76.93657826632261, 43.304078467190266], [76.93658228963614, 43.30407712608576], [76.93659570068121, 43.304076455533504], [76.93659905344248, 43.304078467190266], [76.93660575896502, 43.30407980829477], [76.93661045283079, 43.30408450216055], [76.93660978227854, 43.304087184369564], [76.93660844117403, 43.304087184369564], [76.93660777062178, 43.30408852547407], [76.93659771233797, 43.304089196026325], [76.93659637123346, 43.30408986657858], [76.93659637123346, 43.30409187823534], [76.93657156080008, 43.304092548787594]]]}, "properties": {"id": 492, "class": "road", "confidence": 100.0, "source": "Almaty_10", "source_model": "unet-roads", "centroid_wkt": "POINT (76.93658882502918 43.30408452585461)", "bbox": [76.93656887859106, 43.304076455533504, 76.93661045283079, 43.304092548787594], "pixel_bbox": [7354, 2816, 7416, 2840], "area_m2": 4.454}}, {"type": "Feature", "geometry": {"type": "Polygon", "coordinates": [[[76.93205337971449, 43.30407779663801], [76.93204533308744, 43.304075114429], [76.93204466253519, 43.30407377332449], [76.93204332143068, 43.30407377332449], [76.93204130977392, 43.30406975001097], [76.93204198032618, 43.30406170338392], [76.93204533308744, 43.304054997861385], [76.93205002695322, 43.30405164510012], [76.93205539137125, 43.30405030399561], [76.93206813186407, 43.30405164510012], [76.93206880241632, 43.304052986204624], [76.93207282572985, 43.30405432730913], [76.9320734962821, 43.3040576800704], [76.93207550793886, 43.30405969172716], [76.93207684904337, 43.304063715040684], [76.93207617849112, 43.30406706780195], [76.93207416683435, 43.304067738354206], [76.93207416683435, 43.30406975001097], [76.93207014352083, 43.30407377332449], [76.93206410855055, 43.304075114429], [76.93206008523703, 43.30407779663801], [76.93205337971449, 43.30407779663801]]]}, "properties": {"id": 493, "class": "road", "confidence": 100.0, "source": "Almaty_10", "source_model": "unet-roads", "centroid_wkt": "POINT (76.9320586868349 43.30406369251541)", "bbox": [76.93204130977392, 43.30405030399561, 76.93207684904337, 43.30407779663801], "pixel_bbox": [602, 2838, 655, 2879], "area_m2": 6.787}}, {"type": "Feature", "geometry": {"type": "Polygon", "coordinates": [[[76.93421389907598, 43.30405633896589], [76.93421322852373, 43.30403823405504], [76.93421456962824, 43.30403756350279], [76.93421456962824, 43.304038904607296], [76.934216581285, 43.30404091626406], [76.93421993404627, 43.30404158681631], [76.93421993404627, 43.30404292792082], [76.93422328680754, 43.30404292792082], [76.93422462791204, 43.30404561012983], [76.93422261625528, 43.30404695123434], [76.93421993404627, 43.30404695123434], [76.93421859294176, 43.30405097454786], [76.93421725183725, 43.30405030399561], [76.93421591073275, 43.30405432730913], [76.93421389907598, 43.30405633896589]]]}, "properties": {"id": 494, "class": "road", "confidence": 100.0, "source": "Almaty_10", "source_model": "unet-roads", "centroid_wkt": "POINT (76.93421747373498 43.30404577479846)", "bbox": [76.93421322852373, 43.30403756350279, 76.93422462791204, 43.30405633896589], "pixel_bbox": [3841, 2870, 3858, 2898], "area_m2": 0.839}}, {"type": "Feature", "geometry": {"type": "Polygon", "coordinates": [[[76.93616185337305, 43.304091207683086], [76.9361524656415, 43.30408986657858], [76.93614911288023, 43.304087184369564], [76.93614576011896, 43.30408651381731], [76.93614307790995, 43.304083831608295], [76.93613905459642, 43.30407243221998], [76.93613972514868, 43.3040489628911], [76.93614307790995, 43.30404158681631], [76.93614307790995, 43.30403957515955], [76.93614911288023, 43.30403219908476], [76.93615179508924, 43.304031528532505], [76.9361524656415, 43.304030187428], [76.93615783005953, 43.30402750521898], [76.9361699000001, 43.30402750521898], [76.93618062883615, 43.304030187428], [76.93618666380644, 43.30403421074152], [76.93618800491095, 43.30403756350279], [76.93619068711996, 43.30403957515955], [76.93619135767221, 43.30404292792082], [76.93619403988123, 43.304044269025326], [76.93619403988123, 43.30404628068209], [76.93619672209024, 43.304049633443356], [76.93619672209024, 43.30405231565237], [76.93619940429926, 43.30405633896589], [76.93620074540377, 43.30406103283167], [76.93620208650827, 43.30406170338392], [76.93620342761278, 43.30407176166773], [76.93619940429926, 43.30407913774252], [76.93619538098574, 43.30408316105604], [76.9361886754632, 43.30408651381731], [76.93617660552263, 43.30408986657858], [76.93616185337305, 43.304091207683086]]]}, "properties": {"id": 495, "class": "road", "confidence": 100.0, "source": "Almaty_10", "source_model": "unet-roads", "centroid_wkt": "POINT (76.9361693478183 43.30406022991305)", "bbox": [76.93613905459642, 43.30402750521898, 76.93620342761278, 43.304091207683086], "pixel_bbox": [6713, 2818, 6809, 2913], "area_m2": 29.323}}, {"type": "Feature", "geometry": {"type": "Polygon", "coordinates": [[[76.93592984229326, 43.304092548787594], [76.93592917174101, 43.30403286963701], [76.93592984229326, 43.30401744693518], [76.93593118339777, 43.30401677638292], [76.93593118339777, 43.30401945859194], [76.93593252450228, 43.30401945859194], [76.93593386560678, 43.304024152457714], [76.93593520671129, 43.304024152457714], [76.93593721836805, 43.30402750521898], [76.93593855947256, 43.30402750521898], [76.93593923002481, 43.30402884632349], [76.93594325333834, 43.30402750521898], [76.93594861775637, 43.304030187428], [76.9359539821744, 43.304036892950535], [76.9359553232789, 43.30404091626406], [76.93595733493567, 43.304042257368565], [76.93595934659243, 43.30405097454786], [76.93596068769693, 43.30405164510012], [76.93596068769693, 43.304073102772236], [76.93595934659243, 43.304075114429], [76.93595934659243, 43.304078467190266], [76.93595800548792, 43.30407980829477], [76.93595733493567, 43.30408584326506], [76.93595465272665, 43.30408852547407], [76.93595465272665, 43.30408986657858], [76.93595264106989, 43.30409053713083], [76.93595264106989, 43.30409187823534], [76.9359553232789, 43.304092548787594], [76.93592984229326, 43.304092548787594]]]}, "properties": {"id": 496, "class": "road", "confidence": 100.0, "source": "Almaty_10", "source_model": "unet-roads", "centroid_wkt": "POINT (76.93594374108936 43.30405990868974)", "bbox": [76.93592917174101, 43.30401677638292, 76.93596068769693, 43.304092548787594], "pixel_bbox": [6400, 2816, 6447, 2929], "area_m2": 16.654}}, {"type": "Feature", "geometry": {"type": "Polygon", "coordinates": [[[76.93558517843485, 43.3039939776063], [76.93558517843485, 43.303991965949535], [76.93558383733034, 43.30399062484503], [76.9355757907033, 43.303989954292774], [76.93556975573301, 43.303984589874744], [76.93556640297174, 43.30397721379995], [76.93556573241949, 43.3039678260684], [76.935567073524, 43.303965143859386], [76.935567073524, 43.30396179109812], [76.93556975573301, 43.30395843833685], [76.93557042628527, 43.303955756127834], [76.93557646125555, 43.30395106226206], [76.93558115512133, 43.30395106226206], [76.93558249622583, 43.3039490506053], [76.93558383733034, 43.3039490506053], [76.93558383733034, 43.30394770950079], [76.9355858489871, 43.30394569784403], [76.93558517843485, 43.3039939776063]]]}, "properties": {"id": 497, "class": "road", "confidence": 100.0, "source": "Almaty_10", "source_model": "unet-roads", "centroid_wkt": "POINT (76.93557743798208 43.30396990889244)", "bbox": [76.93556573241949, 43.30394569784403, 76.9355858489871, 43.3039939776063], "pixel_bbox": [5858, 2963, 5888, 3035], "area_m2": 5.993}}, {"type": "Feature", "geometry": {"type": "Polygon", "coordinates": [[[76.93448144942522, 43.303947038948536], [76.93447541445494, 43.303945027291775], [76.93447072058916, 43.303945027291775], [76.93446669727564, 43.30394234508276], [76.93446602672338, 43.303939662873745], [76.93446334451437, 43.303937651216984], [76.93446401506662, 43.30392491072416], [76.93446267396212, 43.30392222851515], [76.93446669727564, 43.30392088741064], [76.9345049187541, 43.30392088741064], [76.93451028317213, 43.30392222851515], [76.93451028317213, 43.30393027514219], [76.93450827151537, 43.30393295735121], [76.93450693041086, 43.30393295735121], [76.9345035776496, 43.30393698066473], [76.93449754267931, 43.303939662873745], [76.93449418991804, 43.303943015635014], [76.93448949605227, 43.30394435673952], [76.93448681384325, 43.30394636839628], [76.93448144942522, 43.303947038948536]]]}, "properties": {"id": 498, "class": "road", "confidence": 100.0, "source": "Almaty_10", "source_model": "unet-roads", "centroid_wkt": "POINT (76.93448535389076 43.30393162074171)", "bbox": [76.93446267396212, 43.30392088741064, 76.93451028317213, 43.303947038948536], "pixel_bbox": [4213, 3033, 4284, 3072], "area_m2": 8.818}}, {"type": "Feature", "geometry": {"type": "Polygon", "coordinates": [[[76.93403217941523, 43.3039765432477], [76.9340268149972, 43.30397453159094], [76.93402413278818, 43.30397117882967], [76.93402279168367, 43.30397117882967], [76.9340180978179, 43.30396380275488], [76.93401474505663, 43.30394435673952], [76.93401608616114, 43.303936310112476], [76.93401474505663, 43.3039316162467], [76.93401608616114, 43.30393027514219], [76.93401608616114, 43.30392222851515], [76.93401742726564, 43.30392222851515], [76.93401742726564, 43.30392088741064], [76.93404089659452, 43.30392088741064], [76.93404089659452, 43.303975872695446], [76.93403754383326, 43.3039765432477], [76.93403754383326, 43.30397520214319], [76.93403620272875, 43.30397453159094], [76.93403217941523, 43.3039765432477]]]}, "properties": {"id": 499, "class": "road", "confidence": 100.0, "source": "Almaty_10", "source_model": "unet-roads", "centroid_wkt": "POINT (76.93402931597745 43.303946426183614)", "bbox": [76.93401474505663, 43.30392088741064, 76.93404089659452, 43.3039765432477], "pixel_bbox": [3545, 2989, 3584, 3072], "area_m2": 11.574}}, {"type": "Feature", "geometry": {"type": "Polygon", "coordinates": [[[76.9346135482192, 43.30394636839628], [76.93459812551737, 43.30394435673952], [76.93458404392004, 43.303939662873745], [76.934575997293, 43.30393362790346], [76.93457666784525, 43.30392491072416], [76.93457398563623, 43.30392222851515], [76.93457867950201, 43.30392088741064], [76.93468194454908, 43.30392088741064], [76.93468663841486, 43.30392222851515], [76.93468529731035, 43.30393295735121], [76.93468395620584, 43.30393295735121], [76.93468261510134, 43.30393563956022], [76.93467725068331, 43.30393698066473], [76.9346759095788, 43.30393832176924], [76.93464506417513, 43.30394435673952], [76.9346135482192, 43.30394636839628]]]}, "properties": {"id": 500, "class": "road", "confidence": 100.0, "source": "Almaty_10", "source_model": "unet-roads", "centroid_wkt": "POINT (76.93462973737044 43.30393153976444)", "bbox": [76.93457398563623, 43.30392088741064, 76.93468663841486, 43.30394636839628], "pixel_bbox": [4379, 3034, 4547, 3072], "area_m2": 21.162}}, {"type": "Feature", "geometry": {"type": "Polygon", "coordinates": [[[76.93310145288706, 43.30445934087038], [76.933090724051, 43.30445531755686], [76.93308535963297, 43.30444995313883], [76.93308468908072, 43.30444727092981], [76.93308334797621, 43.30444660037756], [76.93308133631945, 43.30444257706404], [76.93308066576719, 43.3044358715415], [76.93306189030409, 43.3044358715415], [76.93305920809507, 43.30442916601896], [76.93305920809507, 43.30442313104868], [76.93306256085634, 43.30440904945135], [76.93306390196085, 43.304407708346844], [76.9330645725131, 43.30440368503332], [76.93306725472212, 43.3043996617198], [76.93306725472212, 43.30439765006304], [76.93307060748339, 43.3043909445405], [76.93307261914015, 43.30437820404768], [76.93307463079691, 43.304375521838665], [76.93307798355818, 43.30436412245035], [76.93308334797621, 43.30435540527105], [76.93308603018522, 43.304346688091755], [76.93308603018522, 43.30434266477823], [76.93308871239424, 43.30433193594217], [76.93309005349874, 43.304330594837666], [76.93309608846903, 43.304312489926815], [76.93309675902128, 43.304291032254696], [76.93309474736452, 43.30428633838892], [76.93309273570776, 43.304276280105114], [76.93309340626001, 43.30426421016455], [76.93309139460325, 43.30426421016455], [76.93309139460325, 43.30425884574652], [76.93309340626001, 43.30425348132849], [76.93309340626001, 43.30425012856722], [76.93309675902128, 43.30424275249243], [76.9330994412303, 43.30424074083567], [76.9331007823348, 43.3042373880744], [76.93310480564833, 43.30423403531313], [76.93310480564833, 43.30423269420862], [76.9331094995141, 43.30422732979059], [76.93311151117086, 43.30422330647707], [76.93311218172312, 43.304218612611294], [76.93311352282763, 43.304217271506786], [76.93311486393213, 43.304209895431995], [76.93311486393213, 43.3042011782527], [76.93311352282763, 43.30419849604368], [76.93311352282763, 43.30419514328241], [76.93311218172312, 43.30419313162565], [76.93311151117086, 43.304188437759876], [76.9331094995141, 43.304184414446354], [76.9331081584096, 43.3041837438941], [76.93310547620058, 43.30417837947607], [76.93310480564833, 43.30417435616255], [76.93310346454382, 43.30417301505804], [76.93310212343931, 43.304168321192265], [76.93310212343931, 43.304160945117474], [76.93310480564833, 43.30415289849043], [76.93310681730509, 43.30415155738592], [76.93310681730509, 43.30414954572916], [76.9331081584096, 43.30414820462465], [76.93310882896185, 43.30414351075888], [76.93312224000692, 43.30413211137056], [76.93312224000692, 43.304130770266056], [76.93312358111143, 43.3041300997138], [76.93312358111143, 43.304128758609295], [76.93312492221594, 43.304128758609295], [76.93312827497721, 43.30412272363901], [76.93312961608171, 43.30411870032549], [76.93312961608171, 43.30410663038492], [76.93312827497721, 43.304101936519146], [76.93312827497721, 43.304096572101116], [76.93312961608171, 43.304092548787594], [76.93313229829073, 43.304092548787594], [76.93313363939524, 43.304091207683086], [76.93313363939524, 43.30408584326506], [76.9331369921565, 43.30407913774252], [76.93314772099257, 43.304067738354206], [76.93315040320158, 43.304062373936176], [76.93315174430609, 43.304062373936176], [76.9331530854106, 43.30405969172716], [76.9331544265151, 43.30405969172716], [76.9331544265151, 43.304058350622654], [76.93315710872412, 43.30405566841364], [76.93315844982862, 43.30405566841364], [76.93315844982862, 43.30405432730913], [76.9331618025899, 43.30405097454786], [76.9331631436944, 43.30405097454786], [76.93316515535116, 43.30404829233885], [76.9331718608737, 43.30404628068209], [76.93317387253046, 43.304044269025326], [76.93317789584398, 43.30404292792082], [76.93317923694849, 43.30404091626406], [76.933180578053, 43.30404158681631], [76.93318258970976, 43.30403823405504], [76.93318258970976, 43.3040214702487], [76.93318124860525, 43.30401811748743], [76.93317856639624, 43.30401677638292], [76.93317856639624, 43.304015435278416], [76.93316917866468, 43.30400738865137], [76.93316515535116, 43.30400001257658], [76.9331631436944, 43.30399867147207], [76.93316046148539, 43.30399330705404], [76.93315844982862, 43.303991965949535], [76.93315710872412, 43.30398861318827], [76.93315509706736, 43.30398727208376], [76.93315509706736, 43.30398593097925], [76.93315040320158, 43.30398056656122], [76.93314973264933, 43.30397520214319], [76.9331457093358, 43.30396447330713], [76.9331443682313, 43.30395307391882], [76.93314235657454, 43.303947038948536], [76.93313967436552, 43.303943015635014], [76.93313967436552, 43.303940333426], [76.93313766270876, 43.303937651216984], [76.93313632160425, 43.30392759293318], [76.93313498049974, 43.303926922380924], [76.933135651052, 43.30392558127642], [76.93313363939524, 43.30392222851515], [76.9331369921565, 43.30392088741064], [76.93315844982862, 43.30392021685839], [76.93316113203764, 43.30391015857458], [76.9331631436944, 43.30390613526106], [76.93316448479891, 43.303905464708805], [76.93316582590342, 43.30390144139528], [76.9331732019782, 43.30389674752951], [76.93318258970976, 43.303894735872746], [76.93318326026201, 43.303898088634014], [76.93318326026201, 43.303895406425], [76.93318795412779, 43.30389741808176], [76.93319667130709, 43.303894735872746], [76.93320069462061, 43.303894735872746], [76.93320203572512, 43.30389607697725], [76.93320404738188, 43.30389607697725], [76.93320605903864, 43.30389875918627], [76.93320740014315, 43.30389875918627], [76.93320874124765, 43.30390144139528], [76.93321410566568, 43.303903453052044], [76.9332167878747, 43.30390613526106], [76.93321947008371, 43.30390680581331], [76.93321947008371, 43.30390814691782], [76.93322885781527, 43.303912840783596], [76.9332355633378, 43.30392021685839], [76.93327445536852, 43.30392088741064], [76.9332804903388, 43.3039228990674], [76.93327512592077, 43.30392558127642], [76.93327311426401, 43.303934298455715], [76.93326909095049, 43.303937651216984], [76.93326909095049, 43.30393899232149], [76.93326774984598, 43.30393899232149], [76.93326506763697, 43.30394234508276], [76.93325970321894, 43.303945027291775], [76.93325567990541, 43.3039490506053], [76.93325031548738, 43.30395843833685], [76.93324897438288, 43.303963132202625], [76.93324897438288, 43.30397319048643], [76.93324763327837, 43.30397788435221], [76.93324629217386, 43.30399464815855], [76.93324495106936, 43.30399800091982], [76.93324226886034, 43.30400001257658], [76.93324092775583, 43.304006047546864], [76.93323824554682, 43.30400940030813], [76.93323824554682, 43.30401141196489], [76.9332355633378, 43.30401677638292], [76.93323288112879, 43.30401945859194], [76.93323288112879, 43.3040214702487], [76.93323019891977, 43.30402281135321], [76.9332268461585, 43.30402750521898], [76.933225505054, 43.30402750521898], [76.93321879953146, 43.304033540189266], [76.93321544677019, 43.304034881293774], [76.93321477621794, 43.304036892950535], [76.93321343511343, 43.304036892950535], [76.9332080706954, 43.30404359847307], [76.93320874124765, 43.304052986204624], [76.93321477621794, 43.304062373936176], [76.9332181289792, 43.304075114429], [76.9332181289792, 43.304092548787594], [76.93320874124765, 43.30409321933985], [76.93321008235216, 43.30409523099661], [76.93321008235216, 43.304099924862385], [76.93320874124765, 43.30410126596689], [76.93320874124765, 43.30410327762365], [76.93320672959089, 43.30410461872816], [76.93320605903864, 43.304107300937176], [76.93320136517286, 43.30411199480295], [76.93320136517286, 43.30411333590746], [76.93319600075483, 43.30411870032549], [76.93319465965033, 43.30411870032549], [76.93318258970976, 43.30413144081831], [76.93318258970976, 43.3043634518981], [76.93317990750074, 43.30436211079359], [76.93317990750074, 43.3043634518981], [76.93317722529173, 43.304364793002605], [76.93317722529173, 43.30436747521162], [76.93317655473948, 43.30436881631613], [76.93317521363497, 43.30436881631613], [76.9331732019782, 43.30437283962965], [76.9331732019782, 43.304375521838665], [76.9331718608737, 43.30437619239092], [76.9331718608737, 43.30438423901796], [76.93317051976919, 43.30438893288374], [76.93317119032145, 43.304398991167545], [76.93316984921694, 43.30440368503332], [76.93317119032145, 43.304407708346844], [76.93317051976919, 43.30441776663065], [76.9331718608737, 43.30442380160093], [76.9331718608737, 43.30443385988474], [76.93317051976919, 43.3044358715415], [76.93312022835016, 43.304436542093754], [76.93312626332045, 43.30443922430277], [76.93312827497721, 43.30444257706404], [76.93312760442495, 43.30444660037756], [76.93312425166368, 43.3044533059001], [76.93311352282763, 43.30445934087038], [76.93310145288706, 43.30445934087038]]]}, "properties": {"id": 501, "class": "road", "confidence": 100.0, "source": "Almaty_10", "source_model": "unet-roads", "centroid_wkt": "POINT (76.93315722027673 43.30418191517109)", "bbox": [76.93305920809507, 43.303894735872746, 76.9332804903388, 43.30445934087038], "pixel_bbox": [2120, 2269, 2450, 3111], "area_m2": 415.384}}, {"type": "Feature", "geometry": {"type": "Polygon", "coordinates": [[[76.93300690501928, 43.30376598984003], [76.93300623446703, 43.30376397818327], [76.93300154060125, 43.30376464873552], [76.933000870049, 43.303763307631016], [76.93299952894449, 43.303763307631016], [76.93300019949675, 43.30376196652651], [76.93299885839224, 43.30376196652651], [76.93299684673548, 43.30375928431749], [76.93299751728773, 43.303753919899464], [76.9329921528697, 43.303750567138195], [76.93299416452646, 43.303750567138195], [76.93299550563097, 43.30374922603369], [76.93301025778055, 43.30374989658594], [76.9330109283328, 43.30376397818327], [76.9330095872283, 43.303763307631016], [76.9330095872283, 43.30376464873552], [76.93300690501928, 43.30376598984003]], [[76.93300288170576, 43.30375727266073], [76.93300422281027, 43.30375727266073], [76.93300422281027, 43.303755931556225], [76.93300355225801, 43.303755931556225], [76.93300288170576, 43.30375727266073]]]}, "properties": {"id": 502, "class": "road", "confidence": 100.0, "source": "Almaty_10", "source_model": "unet-roads", "centroid_wkt": "POINT (76.93300400243567 43.303756192913205)", "bbox": [76.9329921528697, 43.30374922603369, 76.9330109283328, 43.30376598984003], "pixel_bbox": [2020, 3303, 2048, 3328], "area_m2": 1.802}}, {"type": "Feature", "geometry": {"type": "Polygon", "coordinates": [[[76.93288955837488, 43.30374922603369], [76.93288754671812, 43.30374654382467], [76.93288754671812, 43.30374117940664], [76.93288955837488, 43.30373916774988], [76.93288955837488, 43.303737826645374], [76.93289089947939, 43.303737826645374], [76.93289559334517, 43.303732462227345], [76.93290498107672, 43.303727097809315], [76.9329197332263, 43.303723745048046], [76.93293582648039, 43.3037244156003], [76.93294186145067, 43.303727097809315], [76.93294521421194, 43.303727097809315], [76.93294990807772, 43.30372978001833], [76.93295460194349, 43.30373045057058], [76.93295795470476, 43.303732462227345], [76.93296868354082, 43.30373380333185], [76.93297203630209, 43.30373648554087], [76.93297270685434, 43.30373849719763], [76.93297673016787, 43.30374050885439], [76.93297874182463, 43.303745202720165], [76.93297874182463, 43.303747214376926], [76.93296801298857, 43.30374654382467], [76.9329646602273, 43.303747214376926], [76.9329646602273, 43.303748555481434], [76.93296331912279, 43.30374922603369], [76.93288955837488, 43.30374922603369]]]}, "properties": {"id": 503, "class": "road", "confidence": 100.0, "source": "Almaty_10", "source_model": "unet-roads", "centroid_wkt": "POINT (76.93293054184062 43.303738254549565)", "bbox": [76.93288754671812, 43.303723745048046, 76.93297874182463, 43.30374922603369], "pixel_bbox": [1864, 3328, 2000, 3366], "area_m2": 15.722}}, {"type": "Feature", "geometry": {"type": "Polygon", "coordinates": [[[76.93369891494513, 43.30371033400297], [76.93369824439287, 43.30364663153887], [76.93369958549738, 43.30364529043436], [76.93369958549738, 43.30364663153887], [76.93370092660189, 43.303645960986614], [76.9337022677064, 43.30364998430014], [76.93370427936316, 43.303651325404644], [76.93370494991541, 43.303656689822674], [76.93370629101992, 43.303656689822674], [76.93370830267668, 43.303658701479435], [76.93370830267668, 43.303664065897465], [76.93370427936316, 43.30366674810648], [76.93370427936316, 43.30367010086775], [76.9337022677064, 43.303671441972256], [76.93370159715414, 43.303680159151554], [76.93370293825865, 43.303684182465076], [76.9337022677064, 43.30368619412184], [76.93370494991541, 43.30369021743536], [76.93370494991541, 43.303692899644375], [76.9337036088109, 43.30369424074888], [76.93370494991541, 43.303698264062405], [76.9337036088109, 43.30369960516691], [76.9337036088109, 43.30370295792818], [76.9337022677064, 43.30370161682367], [76.93370092660189, 43.303708992898464], [76.93369958549738, 43.303708992898464], [76.93369891494513, 43.30371033400297]]]}, "properties": {"id": 504, "class": "road", "confidence": 100.0, "source": "Almaty_10", "source_model": "unet-roads", "centroid_wkt": "POINT (76.9337019132935 43.303674103972845)", "bbox": [76.93369824439287, 43.30364529043436, 76.93370830267668, 43.30371033400297], "pixel_bbox": [3073, 3386, 3088, 3483], "area_m2": 2.959}}, {"type": "Feature", "geometry": {"type": "Polygon", "coordinates": [[[76.9337585940957, 43.303662054240704], [76.93375524133444, 43.303660713136196], [76.93374920636415, 43.303660713136196], [76.93374115973711, 43.30365736037493], [76.93373646587133, 43.30365266650915], [76.93373445421457, 43.30364864319563], [76.93373445421457, 43.30364529043436], [76.93373646587133, 43.30364394932985], [76.93373646587133, 43.303642608225346], [76.93374920636415, 43.303637243807316], [76.93376127630472, 43.303635232150555], [76.93377736955881, 43.30363590270281], [76.9337834045291, 43.30363858491182], [76.93378541618586, 43.303640596568584], [76.93378742784262, 43.30364663153887], [76.93378742784262, 43.30364998430014], [76.9337834045291, 43.303655348718166], [76.93377871066332, 43.303656689822674], [76.93377804011106, 43.30365803092718], [76.9337746873498, 43.303658701479435], [76.93377334624529, 43.30366004258394], [76.9337585940957, 43.303662054240704]]]}, "properties": {"id": 505, "class": "road", "confidence": 100.0, "source": "Almaty_10", "source_model": "unet-roads", "centroid_wkt": "POINT (76.93376190307947 43.30364784442799)", "bbox": [76.93373445421457, 43.303635232150555, 76.93378742784262, 43.303662054240704], "pixel_bbox": [3127, 3458, 3206, 3498], "area_m2": 9.882}}, {"type": "Feature", "geometry": {"type": "Polygon", "coordinates": [[[76.9335225597024, 43.30360371619463], [76.93352188915014, 43.30360237509012], [76.93351786583662, 43.303603045642376], [76.93351652473211, 43.30360170453787], [76.9335138425231, 43.30360237509012], [76.93351048976183, 43.303601033985615], [76.93350914865732, 43.30359969288111], [76.93350914865732, 43.30359634011984], [76.93351451307535, 43.303593657910824], [76.93352188915014, 43.30359432846308], [76.93352323025465, 43.30359298735857], [76.93352323025465, 43.30359432846308], [76.93352457135916, 43.30359432846308], [76.93352591246367, 43.30359164625406], [76.93352591246367, 43.303603045642376], [76.93352524191141, 43.30360170453787], [76.9335239008069, 43.30360170453787], [76.9335225597024, 43.30360371619463]]]}, "properties": {"id": 506, "class": "road", "confidence": 100.0, "source": "Almaty_10", "source_model": "unet-roads", "centroid_wkt": "POINT (76.9335184809855 43.303597830680204)", "bbox": [76.93350914865732, 43.30359164625406, 76.93352591246367, 43.30360371619463], "pixel_bbox": [2791, 3545, 2816, 3563], "area_m2": 1.19}}, {"type": "Feature", "geometry": {"type": "Polygon", "coordinates": [[[76.93299550563097, 43.30359298735857], [76.93298880010843, 43.30359164625406], [76.93298880010843, 43.303590305149555], [76.93298611789942, 43.3035896345973], [76.93298410624266, 43.30358762294054], [76.9329834356904, 43.30358225852251], [76.93297673016787, 43.30357890576124], [76.93298947066069, 43.303577564656734], [76.93301025778055, 43.30357823520899], [76.9330095872283, 43.30358628183603], [76.93300824612379, 43.30358695238829], [76.93300757557154, 43.30358225852251], [76.93300355225801, 43.30358225852251], [76.93300489336252, 43.303582929074764], [76.93300489336252, 43.30358561128378], [76.93300690501928, 43.30358561128378], [76.93300690501928, 43.30358896404505], [76.93300556391478, 43.30358896404505], [76.93300489336252, 43.30358762294054], [76.93300489336252, 43.30358896404505], [76.933000870049, 43.30359097570181], [76.93300019949675, 43.303592316806316], [76.93299550563097, 43.30359298735857]]]}, "properties": {"id": 507, "class": "road", "confidence": 100.0, "source": "Almaty_10", "source_model": "unet-roads", "centroid_wkt": "POINT (76.93299562705529 43.30358380487038)", "bbox": [76.93297673016787, 43.303577564656734, 76.93301025778055, 43.30359298735857], "pixel_bbox": [1997, 3561, 2047, 3584], "area_m2": 2.999}}, {"type": "Feature", "geometry": {"type": "Polygon", "coordinates": [[[76.93678747862577, 43.30374922603369], [76.93661581724882, 43.303748555481434], [76.93661581724882, 43.303732462227345], [76.93662118166685, 43.30372978001833], [76.93662319332361, 43.30372978001833], [76.93662386387587, 43.30372843891382], [76.93663123995066, 43.303725086152554], [76.93663258105516, 43.30372307449579], [76.93663392215967, 43.30372307449579], [76.9366379454732, 43.30371905118227], [76.9366392865777, 43.30371905118227], [76.9366392865777, 43.30371771007776], [76.93664196878672, 43.303715698421], [76.93664263933897, 43.30371301621199], [76.93664398044348, 43.30371234565973], [76.93664733320475, 43.303700275719166], [76.936648003757, 43.303692899644375], [76.93663861602545, 43.30368887633085], [76.93663258105516, 43.30368150025606], [76.93663258105516, 43.30367814749479], [76.93663593381643, 43.30367412418127], [76.93664062768221, 43.30367345362902], [76.93664934486151, 43.30367546528578], [76.93665269762278, 43.30367881804705], [76.93665537983179, 43.303684182465076], [76.93665470927954, 43.303687535226345], [76.93665135651827, 43.30369155853987], [76.93665605038404, 43.30369222909212], [76.9366580620408, 43.303694911301136], [76.93666342645884, 43.30369759351015], [76.93666610866785, 43.30369759351015], [76.93666879087687, 43.303700275719166], [76.93667683750391, 43.30370429903269], [76.93667884916067, 43.30370429903269], [76.93667951971292, 43.303705640137196], [76.93668622523546, 43.30370631068945], [76.93668756633997, 43.30370765179396], [76.93669158965349, 43.30370832234621], [76.93670835345984, 43.3037069812417], [76.93671103566885, 43.303705640137196], [76.93671237677336, 43.30370295792818], [76.93671774119139, 43.303698264062405], [76.93671774119139, 43.30369558185339], [76.93672444671392, 43.30368686467409], [76.93672511726618, 43.30368351191282], [76.93673450499773, 43.30367345362902], [76.93673584610224, 43.30366875976324], [76.93673718720675, 43.30366808921099], [76.93673852831125, 43.303664065897465], [76.93674053996801, 43.30366272479296], [76.93674255162477, 43.303658701479435], [76.93674389272928, 43.3036519959569], [76.93674389272928, 43.30364461988211], [76.93674188107252, 43.303642608225346], [76.93674188107252, 43.30363992601633], [76.9367391988635, 43.30363858491182], [76.93673316389322, 43.30363858491182], [76.93673182278872, 43.30363992601633], [76.93672712892294, 43.303640596568584], [76.9367190822959, 43.30364394932985], [76.93670701235533, 43.30364394932985], [76.93669963628054, 43.30364193767309], [76.93669829517603, 43.30363925546408], [76.93669628351927, 43.30363791435957], [76.93669628351927, 43.30363590270281], [76.93669494241476, 43.3036345615983], [76.93669494241476, 43.30362718552351], [76.93669695407152, 43.303619138896465], [76.93669762462378, 43.30360908061266], [76.93669695407152, 43.303599022328854], [76.93669494241476, 43.3035896345973], [76.93669494241476, 43.30357890576124], [76.93669628351927, 43.303577564656734], [76.9366392865777, 43.303577564656734], [76.93663526326418, 43.30357622355223], [76.93663660436869, 43.30357555299997], [76.93663660436869, 43.30356750637293], [76.93663861602545, 43.30356549471617], [76.93664129823446, 43.303564824163914], [76.93664263933897, 43.30356281250715], [76.93664398044348, 43.30356281250715], [76.93664532154799, 43.30356080085039], [76.93665001541376, 43.303559459745884], [76.93665135651827, 43.30355811864138], [76.9366580620408, 43.303556106984615], [76.93666812032461, 43.30355543643236], [76.93667281419039, 43.303554095327854], [76.93668488413095, 43.30355476588011], [76.93668890744448, 43.30355677753687], [76.93669695407152, 43.30355811864138], [76.93670433014631, 43.303561471402645], [76.93671505898237, 43.303563483059406], [76.9367204234004, 43.30356616526842], [76.93674255162477, 43.30357018858194], [76.9367566332221, 43.303568847477436], [76.93676065653563, 43.30356616526842], [76.93676333874464, 43.30356616526842], [76.93676870316267, 43.30356281250715], [76.93677071481943, 43.30356281250715], [76.93677205592394, 43.30356013029814], [76.93677339702845, 43.303561471402645], [76.93677876144648, 43.303561471402645], [76.93678010255098, 43.30356415361166], [76.93678144365549, 43.303563483059406], [76.93678211420774, 43.30356549471617], [76.93678345531225, 43.30356549471617], [76.93678345531225, 43.30356415361166], [76.93678546696901, 43.30356549471617], [76.93678613752127, 43.303561471402645], [76.93678747862577, 43.30356080085039], [76.93678747862577, 43.30357354134321], [76.9367841258645, 43.30357354134321], [76.93677876144648, 43.30357555299997], [76.93677876144648, 43.30357689410448], [76.93678479641676, 43.30357689410448], [76.93678747862577, 43.30357823520899], [76.93678747862577, 43.30374050885439], [76.93678881973028, 43.3037418499589], [76.93678881973028, 43.30374386161566], [76.93678747862577, 43.30374386161566], [76.93678747862577, 43.30374922603369]]]}, "properties": {"id": 508, "class": "road", "confidence": 100.0, "source": "Almaty_10", "source_model": "unet-roads", "centroid_wkt": "POINT (76.93672561768885 43.30366188203704)", "bbox": [76.93661581724882, 43.303554095327854, 76.93678881973028, 43.30374922603369], "pixel_bbox": [7424, 3328, 7682, 3619], "area_m2": 172.537}}, {"type": "Feature", "geometry": {"type": "Polygon", "coordinates": [[[76.935567073524, 43.30392088741064], [76.9355684146285, 43.30391149967909], [76.93557042628527, 43.303907476365566], [76.93557176738977, 43.30390680581331], [76.93557310849428, 43.30390278249979], [76.93557377904654, 43.303895406425], [76.93557176738977, 43.30388870090246], [76.93557042628527, 43.30388803035021], [76.935567073524, 43.30388065427542], [76.93556372076273, 43.30387730151415], [76.93555902689695, 43.303865902125835], [76.9355583563447, 43.303844444453716], [76.93555902689695, 43.30383639782667], [76.93556036800146, 43.30383371561766], [76.93556036800146, 43.30382566899061], [76.9355583563447, 43.30382030457258], [76.9355583563447, 43.303816951811314], [76.93555500358343, 43.30380957573652], [76.93555500358343, 43.30380756407976], [76.93555299192667, 43.30380488187075], [76.93555232137442, 43.303800858557224], [76.93554360419512, 43.30378744751215], [76.9355395808816, 43.303774036467075], [76.9355234876275, 43.303763307631016], [76.935522146523, 43.303755931556225], [76.93552013486624, 43.303752578794956], [76.93551812320948, 43.303752578794956], [76.93551745265722, 43.303750567138195], [76.93552684038877, 43.30374922603369], [76.93555969744921, 43.303748555481434], [76.93555969744921, 43.30374654382467], [76.9355583563447, 43.303745202720165], [76.93555768579245, 43.303732462227345], [76.93555299192667, 43.3037244156003], [76.93555165082216, 43.30371905118227], [76.93555098026991, 43.30370966345072], [76.93555299192667, 43.30370161682367], [76.93555701524019, 43.3036969229579], [76.9355583563447, 43.3036969229579], [76.93556036800146, 43.30369424074888], [76.93556305021048, 43.30369357019663], [76.93556372076273, 43.30369222909212], [76.93557981401682, 43.30368887633085], [76.93558383733034, 43.30369021743536], [76.93558517843485, 43.30368887633085], [76.93558517843485, 43.303685523569584], [76.9355858489871, 43.30372240394354], [76.93558651953936, 43.303725086152554], [76.93558853119612, 43.303725086152554], [76.93558853119612, 43.303708992898464], [76.93559121340513, 43.30369625240564], [76.93559724837542, 43.303684182465076], [76.93559926003218, 43.30368284136057], [76.93560261279345, 43.30367613583803], [76.93560663610697, 43.30367211252451], [76.93560998886824, 43.303664065897465], [76.93560931831598, 43.30366272479296], [76.935612000525, 43.30364998430014], [76.93561065942049, 43.30363925546408], [76.93561132997274, 43.30363053828478], [76.93560998886824, 43.30362517386675], [76.93560931831598, 43.30361310392618], [76.93561065942049, 43.30360170453787], [76.93561065942049, 43.3035896345973], [76.935612000525, 43.303588293492794], [76.93561267107725, 43.303584940731525], [76.93561267107725, 43.303580917418], [76.93561132997274, 43.30357890576124], [76.93561535328627, 43.303577564656734], [76.93563614040613, 43.30357689410448], [76.93564150482416, 43.30355811864138], [76.93564686924219, 43.30354738980532], [76.9356482103467, 43.30354738980532], [76.9356482103467, 43.30354604870081], [76.93565022200346, 43.30354403704405], [76.93565759807825, 43.30354068428278], [76.93566162139177, 43.30353934317827], [76.93566966801882, 43.30353934317827], [76.93567637354136, 43.30354269593954], [76.93568173795938, 43.30354806035757], [76.93568173795938, 43.30355007201433], [76.9356844201684, 43.3035534247756], [76.93568710237741, 43.303566835820675], [76.93568643182516, 43.30357622355223], [76.93568844348192, 43.303577564656734], [76.93570520728827, 43.303577564656734], [76.93570856004953, 43.30357890576124], [76.93570856004953, 43.30358024686575], [76.93570587784052, 43.30358158797026], [76.93570587784052, 43.30358359962702], [76.93570856004953, 43.30358695238829], [76.93570923060179, 43.30359097570181], [76.93570721894503, 43.303597681224346], [76.93570721894503, 43.303626514971256], [76.93570051342249, 43.3036519959569], [76.93569783121347, 43.303655348718166], [76.93569514900446, 43.30366339534521], [76.9356931373477, 43.30366473644972], [76.93569246679544, 43.30367211252451], [76.93569045513868, 43.30367613583803], [76.93568978458643, 43.30368485301733], [76.93568643182516, 43.303694911301136], [76.93568509072065, 43.303705640137196], [76.93568509072065, 43.3037069812417], [76.93568643182516, 43.3037069812417], [76.93568710237741, 43.30370832234621], [76.93568777292967, 43.303715698421], [76.93569045513868, 43.30372307449579], [76.9356931373477, 43.3037244156003], [76.9356931373477, 43.30372575670481], [76.93569850176573, 43.30373179167509], [76.93570118397474, 43.30374117940664], [76.93570118397474, 43.30374654382467], [76.9357031956315, 43.30374922603369], [76.93569380789995, 43.30374989658594], [76.93569246679544, 43.303760625422], [76.93569045513868, 43.30376196652651], [76.93568978458643, 43.30376598984003], [76.93568777292967, 43.30376800149679], [76.93568710237741, 43.303772024810314], [76.93568509072065, 43.30377470701933], [76.93568374961615, 43.303782753646374], [76.93568173795938, 43.30378543585539], [76.93567972630262, 43.30379281193018], [76.93567704409361, 43.303795494139194], [76.93567637354136, 43.30379884690046], [76.93567503243685, 43.30379951745272], [76.93567100912333, 43.30380689352751], [76.93566966801882, 43.30380756407976], [76.93566832691431, 43.30381225794554], [76.93566430360079, 43.30381762236357], [76.93566296249628, 43.3038229867816], [76.93566095083952, 43.30382499843836], [76.93566095083952, 43.30382835119963], [76.93565960973501, 43.303829692304134], [76.93565759807825, 43.30383975058794], [76.93565223366022, 43.30384846776724], [76.93564753979445, 43.30386187881231], [76.93564552813768, 43.3038866892457], [76.93564418703318, 43.303889371454716], [76.93564418703318, 43.303892724215984], [76.93564150482416, 43.30389607697725], [76.93564150482416, 43.303898088634014], [76.93563748151064, 43.30390680581331], [76.93563614040613, 43.303907476365566], [76.93563614040613, 43.30390948802233], [76.93563479930162, 43.303910829126835], [76.93563479930162, 43.30391552299261], [76.93563345819712, 43.30391552299261], [76.93563278764486, 43.30391686409712], [76.93563345819712, 43.30391887575388], [76.93563211709261, 43.30392021685839], [76.93562876433134, 43.30392088741064], [76.935567073524, 43.30392088741064]]]}, "properties": {"id": 509, "class": "road", "confidence": 100.0, "source": "Almaty_10", "source_model": "unet-roads", "centroid_wkt": "POINT (76.93562727958543 43.3037375958906)", "bbox": [76.93551745265722, 43.30353934317827, 76.93570923060179, 43.30392088741064], "pixel_bbox": [5786, 3072, 6072, 3641], "area_m2": 345.149}}, {"type": "Feature", "geometry": {"type": "Polygon", "coordinates": [[[76.93675462156534, 43.303519897162914], [76.93674389272928, 43.30351855605841], [76.93672981113195, 43.303514532744884], [76.93671774119139, 43.30351252108812], [76.9366842135787, 43.30351252108812], [76.93665135651827, 43.30350648611784], [76.93662788718939, 43.303498439490795], [76.93661581724882, 43.30349240452051], [76.93661581724882, 43.303480334579945], [76.93664129823446, 43.30347765237093], [76.93667750805616, 43.30347966402769], [76.93671572953463, 43.30348636955023], [76.93674322217703, 43.303487710654736], [76.93675998598337, 43.30349039286375], [76.93677473813295, 43.30349441617727], [76.93678144365549, 43.30349776893854], [76.93678345531225, 43.303500451147556], [76.93678747862577, 43.3034997805953], [76.93678680807352, 43.30351788550615], [76.93678613752127, 43.30351587384939], [76.93678345531225, 43.30351587384939], [76.93678278476, 43.3035172149539], [76.93677607923746, 43.303519897162914], [76.93675462156534, 43.303519897162914]]]}, "properties": {"id": 510, "class": "road", "confidence": 100.0, "source": "Almaty_10", "source_model": "unet-roads", "centroid_wkt": "POINT (76.93670369499188 43.3034979577907)", "bbox": [76.93661581724882, 43.30347765237093, 76.93678747862577, 43.303519897162914], "pixel_bbox": [7424, 3670, 7680, 3733], "area_m2": 41.43}}, {"type": "Feature", "geometry": {"type": "Polygon", "coordinates": [[[76.93217676132917, 43.30348301678896], [76.93217474967241, 43.30348167568445], [76.93217474967241, 43.303480334579945], [76.93217273801565, 43.30347966402769], [76.93217273801565, 43.30347631126642], [76.9321734085679, 43.303474970161915], [76.93217474967241, 43.303474970161915], [76.93217609077692, 43.30346692353487], [76.93217743188143, 43.303466252982616], [76.93217877298594, 43.30346088856459], [76.93218346685171, 43.30345217138529], [76.93218480795622, 43.303438760340214], [76.93218883126974, 43.30342937260866], [76.932189501822, 43.30342132598162], [76.9321908429265, 43.30341998487711], [76.93219218403101, 43.30341462045908], [76.9321982190013, 43.303411938250065], [76.9321982190013, 43.30341059714556], [76.93219285458326, 43.30340925604105], [76.9321908429265, 43.30340724438429], [76.93221028894186, 43.30340724438429], [76.9322082772851, 43.303408585488796], [76.93220492452383, 43.303408585488796], [76.93219888955355, 43.30341059714556], [76.93220492452383, 43.303413949906826], [76.93220559507608, 43.303417302668095], [76.93220693618059, 43.303417302668095], [76.9322082772851, 43.30341998487711], [76.9322096183896, 43.30341998487711], [76.93221095949411, 43.30342601984739], [76.93221095949411, 43.30343272536993], [76.93220894783735, 43.30343808978796], [76.93220894783735, 43.30344144254923], [76.93220626562834, 43.30344680696726], [76.93220626562834, 43.30344881862402], [76.93220358341932, 43.30345217138529], [76.93220291286707, 43.303456865251064], [76.93220090121031, 43.303458876907825], [76.9321995601058, 43.3034635707736], [76.9321982190013, 43.303464241325855], [76.93219285458326, 43.30347429960966], [76.93219017237425, 43.30347564071417], [76.932189501822, 43.30347765237093], [76.93218681961298, 43.30347765237093], [76.93218681961298, 43.303480334579945], [76.93218346685171, 43.30348301678896], [76.93217676132917, 43.30348301678896]]]}, "properties": {"id": 511, "class": "road", "confidence": 100.0, "source": "Almaty_10", "source_model": "unet-roads", "centroid_wkt": "POINT (76.93219395068164 43.30344564245299)", "bbox": [76.93217273801565, 43.30340724438429, 76.93221095949411, 43.30348301678896], "pixel_bbox": [798, 3725, 855, 3838], "area_m2": 13.017}}, {"type": "Feature", "geometry": {"type": "Polygon", "coordinates": [[[76.93300019949675, 43.30345284193754], [76.93299818783998, 43.30345083028078], [76.93299684673548, 43.30345083028078], [76.93299684673548, 43.30344948917627], [76.93299483507872, 43.303448148071766], [76.9329908117652, 43.30343674868345], [76.93298812955618, 43.30343473702669], [76.93298410624266, 43.30342601984739], [76.9329834356904, 43.30341596156359], [76.93298477679491, 43.303409926593304], [76.93298745900393, 43.30340590327978], [76.93301025778055, 43.30340590327978], [76.9330109283328, 43.30340724438429], [76.9330109283328, 43.30345083028078], [76.93300891667604, 43.30345284193754], [76.93300690501928, 43.303451500833035], [76.93300019949675, 43.30345284193754]]]}, "properties": {"id": 512, "class": "road", "confidence": 100.0, "source": "Almaty_10", "source_model": "unet-roads", "centroid_wkt": "POINT (76.93299937903589 43.30342636212481)", "bbox": [76.9329834356904, 43.30340590327978, 76.9330109283328, 43.30345284193754], "pixel_bbox": [2007, 3770, 2048, 3840], "area_m2": 9.511}}, {"type": "Feature", "geometry": {"type": "Polygon", "coordinates": [[[76.93533170968294, 43.303428031504154], [76.93532902747393, 43.30342669039965], [76.93531561642885, 43.30342601984739], [76.93531025201082, 43.30342333763838], [76.93531025201082, 43.30342199653387], [76.93530891090631, 43.30342199653387], [76.93530421704054, 43.303417302668095], [76.93530220538378, 43.303411938250065], [76.93530019372702, 43.303409926593304], [76.93529885262251, 43.303409926593304], [76.935297511518, 43.30340724438429], [76.93530086427927, 43.30340590327978], [76.93541418761015, 43.30340590327978], [76.93541418761015, 43.303422667086124], [76.93541284650564, 43.30342132598162], [76.93540949374437, 43.30342132598162], [76.93540345877409, 43.30342333763838], [76.9353773072362, 43.303422667086124], [76.93536255508661, 43.30342601984739], [76.93535182625055, 43.30342601984739], [76.93534579128027, 43.3034273609519], [76.93533170968294, 43.303428031504154]]]}, "properties": {"id": 513, "class": "road", "confidence": 100.0, "source": "Almaty_10", "source_model": "unet-roads", "centroid_wkt": "POINT (76.93535691073757 43.30341496041733)", "bbox": [76.935297511518, 43.30340590327978, 76.93541418761015, 43.303428031504154], "pixel_bbox": [5458, 3807, 5632, 3840], "area_m2": 18.866}}, {"type": "Feature", "geometry": {"type": "Polygon", "coordinates": [[[76.93372305482626, 43.30348301678896], [76.93371098488569, 43.303482346236706], [76.93370897322893, 43.303480334579945], [76.93370562046766, 43.303480334579945], [76.93370293825865, 43.30347899347544], [76.93370159715414, 43.30347899347544], [76.93370159715414, 43.303480334579945], [76.93369958549738, 43.303480334579945], [76.93369958549738, 43.303482346236706], [76.93369824439287, 43.303480334579945], [76.93369757384062, 43.30341596156359], [76.93369891494513, 43.30340724438429], [76.93370025604963, 43.30340791493654], [76.93370293825865, 43.30340590327978], [76.93369757384062, 43.30340590327978], [76.93369757384062, 43.303388468921185], [76.93370696157217, 43.30338578671217], [76.93374451249838, 43.30338645726442], [76.9337585940957, 43.303390480577946], [76.93376932293177, 43.30339182168245], [76.93377200514078, 43.303393833339214], [76.9337760284543, 43.30339450389147], [76.9337760284543, 43.303395844995975], [76.93377938121557, 43.30339718610048], [76.93378005176783, 43.303401209414005], [76.93377334624529, 43.30340255051851], [76.93377267569304, 43.30340389162302], [76.93377401679754, 43.30340389162302], [76.9337746873498, 43.30340523272753], [76.93372707813978, 43.30340590327978], [76.9337297603488, 43.30340724438429], [76.93372908979654, 43.30341126769781], [76.93373177200556, 43.30341462045908], [76.93373311311007, 43.303419314324856], [76.93373445421457, 43.30342065542936], [76.93373445421457, 43.30342333763838], [76.93373780697584, 43.30342870205641], [76.9337384775281, 43.303456865251064], [76.93373713642359, 43.303458876907825], [76.93373713642359, 43.30346491187811], [76.93373579531908, 43.303466252982616], [76.93373579531908, 43.30346826463938], [76.93373445421457, 43.30346893519163], [76.93373378366232, 43.3034722879529], [76.93372774869204, 43.303476981818676], [76.93372774869204, 43.30347899347544], [76.93372573703527, 43.303480334579945], [76.93372573703527, 43.30348167568445], [76.93372372537851, 43.30348167568445], [76.93372305482626, 43.30348301678896]]]}, "properties": {"id": 514, "class": "road", "confidence": 100.0, "source": "Almaty_10", "source_model": "unet-roads", "centroid_wkt": "POINT (76.93372295334518 43.30342773123432)", "bbox": [76.93369757384062, 43.30338578671217, 76.93378005176783, 43.30348301678896], "pixel_bbox": [3072, 3725, 3195, 3870], "area_m2": 37.772}}, {"type": "Feature", "geometry": {"type": "Polygon", "coordinates": [[[76.93318393081427, 43.30334957689047], [76.93318258970976, 43.30334220081568], [76.93318258970976, 43.30325838178396], [76.93320941179991, 43.30325838178396], [76.93319868296385, 43.303267769515514], [76.93319465965033, 43.30327648669481], [76.93319600075483, 43.30328319221735], [76.93319734185934, 43.303283862769604], [76.93319868296385, 43.30328922718763], [76.93319868296385, 43.30329928547144], [76.93320002406836, 43.303301967680454], [76.93320069462061, 43.303314708173275], [76.93320069462061, 43.30333013087511], [76.9331993535161, 43.30333214253187], [76.9331980124116, 43.30333951860666], [76.93319465965033, 43.30334220081568], [76.93319465965033, 43.303343541920185], [76.93319264799356, 43.30334421247244], [76.93319197744131, 43.3033462241292], [76.93318862468004, 43.30334756523371], [76.93318728357553, 43.303346894681454], [76.93318393081427, 43.30334957689047]]]}, "properties": {"id": 515, "class": "road", "confidence": 100.0, "source": "Almaty_10", "source_model": "unet-roads", "centroid_wkt": "POINT (76.93319138704167 43.30330139761625)", "bbox": [76.93318258970976, 43.30325838178396, 76.93320941179991, 43.30334957689047], "pixel_bbox": [2304, 3924, 2344, 4060], "area_m2": 13.143}}, {"type": "Feature", "geometry": {"type": "Polygon", "coordinates": [[[76.93284194916487, 43.30327045172453], [76.9328399375081, 43.30326844006777], [76.93283926695585, 43.30326173454523], [76.9328399375081, 43.303240947425365], [76.93284127861261, 43.30323960632086], [76.93284127861261, 43.303240947425365], [76.93284261971712, 43.30324027687311], [76.93284396082163, 43.30324295908213], [76.93284597247839, 43.30324295908213], [76.9328473135829, 43.30324161797762], [76.93285536020994, 43.303240947425365], [76.93286273628473, 43.303246311843395], [76.93286273628473, 43.30324899405241], [76.93286139518023, 43.303249664604664], [76.93286273628473, 43.30325234681368], [76.93286139518023, 43.30325435847044], [76.93285938352346, 43.303255029022694], [76.93285938352346, 43.3032563701272], [76.9328573718667, 43.303257040679455], [76.93286005407572, 43.30325838178396], [76.93286810070276, 43.30325838178396], [76.93286810070276, 43.30326039344072], [76.93286273628473, 43.303262405097485], [76.93286072462797, 43.30326575785875], [76.93285871297121, 43.30326575785875], [76.93285670131445, 43.303267769515514], [76.9328486546874, 43.30326844006777], [76.93284664303064, 43.303269781172276], [76.93284194916487, 43.30327045172453]]]}, "properties": {"id": 516, "class": "road", "confidence": 100.0, "source": "Almaty_10", "source_model": "unet-roads", "centroid_wkt": "POINT (76.93285091034578 43.30325494123932)", "bbox": [76.93283926695585, 43.30323960632086, 76.93286810070276, 43.30327045172453], "pixel_bbox": [1792, 4042, 1835, 4088], "area_m2": 5.385}}, {"type": "Feature", "geometry": {"type": "Polygon", "coordinates": [[[76.93439226597548, 43.30385651439428], [76.93438958376646, 43.303855173289776], [76.93438488990068, 43.303855173289776], [76.93438421934843, 43.30382164567709], [76.93438287824392, 43.30381963402033], [76.93438019603491, 43.30381963402033], [76.93437952548265, 43.30381829291582], [76.93437416106462, 43.30381829291582], [76.9343687966466, 43.3038142696023], [76.93436745554209, 43.3038142696023], [76.93436678498983, 43.30381292849779], [76.93436544388533, 43.30381292849779], [76.93436209112406, 43.30380890518427], [76.93436075001955, 43.30380890518427], [76.93435739725828, 43.30380488187075], [76.93435605615377, 43.30380488187075], [76.9343426451087, 43.30379080027342], [76.93433862179518, 43.30378878861666], [76.93433526903391, 43.303784765303135], [76.9343339279294, 43.303784765303135], [76.9343339279294, 43.30378342419863], [76.93433124572039, 43.303782753646374], [76.93432990461588, 43.30378074198961], [76.93432588130236, 43.30377873033285], [76.93431783467531, 43.3037693426013], [76.9343164935708, 43.3037693426013], [76.93431179970503, 43.30376531928778], [76.93430308252573, 43.30376397818327], [76.93429235368967, 43.303760625422], [76.93429101258516, 43.30375928431749], [76.93429235368967, 43.30375526100397], [76.93428698927164, 43.30375324934721], [76.93428564816713, 43.30375123769045], [76.93428698927164, 43.30374989658594], [76.9342963770032, 43.30374922603369], [76.93429369479418, 43.303747214376926], [76.93429570645094, 43.303745202720165], [76.93429570645094, 43.303743191063404], [76.93429704755545, 43.303743191063404], [76.93429838865995, 43.30373849719763], [76.93430107086897, 43.30373581498861], [76.93430107086897, 43.303734473884106], [76.93430241197348, 43.303734473884106], [76.93430375307798, 43.303732462227345], [76.9343077763915, 43.30373045057058], [76.93430978804827, 43.30373045057058], [76.93431381136179, 43.303727097809315], [76.93431381136179, 43.30372575670481], [76.9343164935708, 43.30372307449579], [76.93432118743658, 43.30372106283903], [76.93433661013842, 43.30372106283903], [76.93435203284025, 43.303727097809315], [76.93435605615377, 43.303727097809315], [76.93436075001955, 43.30373179167509], [76.93436477333307, 43.3037331327796], [76.93436745554209, 43.303732462227345], [76.93436745554209, 43.30373380333185], [76.9343687966466, 43.303734473884106], [76.93437684327364, 43.30373581498861], [76.9343788549304, 43.30373715609312], [76.93438019603491, 43.30373648554087], [76.93438019603491, 43.30373514443636], [76.93438220769167, 43.30373581498861], [76.93438421934843, 43.303734473884106], [76.93438421934843, 43.30375660210848], [76.93438556045294, 43.303750567138195], [76.93438690155745, 43.30375123769045], [76.93440366536379, 43.303750567138195], [76.93440835922956, 43.30374922603369], [76.9344324991107, 43.30374922603369], [76.9344338402152, 43.30374788492918], [76.93443316966295, 43.3037418499589], [76.93443451076746, 43.30374050885439], [76.93443518131971, 43.30373514443636], [76.93443786352873, 43.30372843891382], [76.93443853408098, 43.303716368973255], [76.9344324991107, 43.30369558185339], [76.93443048745394, 43.30367881804705], [76.93442914634943, 43.303674794733524], [76.93442914634943, 43.30366875976324], [76.93442780524492, 43.30366473644972], [76.93442713469267, 43.30358427017927], [76.93442512303591, 43.30357890576124], [76.93442579358816, 43.303577564656734], [76.93442981690168, 43.303577564656734], [76.93443048745394, 43.30357622355223], [76.93442914634943, 43.30357555299997], [76.93442847579718, 43.30357287079096], [76.93441908806562, 43.303563483059406], [76.93441908806562, 43.3035621419549], [76.93441640585661, 43.30356080085039], [76.93441439419985, 43.30355677753687], [76.93441104143858, 43.303543366491795], [76.93441104143858, 43.303527273237705], [76.93441171199083, 43.303521908819675], [76.93441573530436, 43.30351185053587], [76.93442177027464, 43.30350514501333], [76.93442177027464, 43.303503803908825], [76.93442579358816, 43.303500451147556], [76.93442579358816, 43.30349911004305], [76.9344324991107, 43.303493075072765], [76.9344324991107, 43.30349173396826], [76.93443652242422, 43.303487710654736], [76.93443987518549, 43.303480334579945], [76.93443987518549, 43.303472958505154], [76.93443920463324, 43.303469605743885], [76.9344338402152, 43.30345954746008], [76.93443182855844, 43.30345820635557], [76.93442981690168, 43.30345418304205], [76.93442646414042, 43.303451500833035], [76.93442646414042, 43.30345015972853], [76.9344237819314, 43.303448148071766], [76.9344237819314, 43.30344680696726], [76.93442109972239, 43.3034447953105], [76.93441975861788, 43.30344144254923], [76.93441640585661, 43.30343808978796], [76.9344137236476, 43.30343272536993], [76.93441305309534, 43.30342870205641], [76.93440970033407, 43.30342333763838], [76.93440970033407, 43.30341797322035], [76.93441104143858, 43.30341126769781], [76.9344137236476, 43.30340791493654], [76.93441305309534, 43.30340523272753], [76.9344150647521, 43.30340523272753], [76.93441640585661, 43.30340053886175], [76.93442244082689, 43.30339450389147], [76.93442244082689, 43.30339316278696], [76.93442512303591, 43.30339182168245], [76.93442512303591, 43.303390480577946], [76.93443115800619, 43.30338444560766], [76.93443115800619, 43.303383104503155], [76.9344338402152, 43.303381092846394], [76.9344338402152, 43.303379751741886], [76.93443719297647, 43.303375728428364], [76.93443853408098, 43.30336835235357], [76.93443987518549, 43.30336768180132], [76.93444121629, 43.303361646831036], [76.93443920463324, 43.30334823578596], [76.93443920463324, 43.30333951860666], [76.93443518131971, 43.30332946032286], [76.93443518131971, 43.30332409590483], [76.9344324991107, 43.3033187314868], [76.93443182855844, 43.303314708173275], [76.93442981690168, 43.303312696516514], [76.93442780524492, 43.30330666154623], [76.9344237819314, 43.30330666154623], [76.93442177027464, 43.30330867320299], [76.93442177027464, 43.30331068485975], [76.93441908806562, 43.30331336706877], [76.93441841751337, 43.30331604927778], [76.93441707640886, 43.303316719830036], [76.93441707640886, 43.3033187314868], [76.93441439419985, 43.30332141369581], [76.9344137236476, 43.30332610756159], [76.93441171199083, 43.30333013087511], [76.93441171199083, 43.30333415418863], [76.93441037088633, 43.303336165845394], [76.93441037088633, 43.30334018915892], [76.93440902978182, 43.303343541920185], [76.93440970033407, 43.303350917994976], [76.93440902978182, 43.3033549413085], [76.93440768867731, 43.303356282413006], [76.93440768867731, 43.3033636584878], [76.93440433591604, 43.30336634069681], [76.93439964205027, 43.30336768180132], [76.93440031260252, 43.30336902290583], [76.934396289289, 43.303370364010334], [76.93439561873674, 43.30337170511484], [76.93439293652773, 43.30337304621935], [76.93439159542322, 43.30337170511484], [76.9343875721097, 43.30337706953287], [76.9343875721097, 43.303381092846394], [76.93438623100519, 43.30337908118963], [76.93438556045294, 43.30338578671217], [76.93438421934843, 43.30336768180132], [76.93438488990068, 43.30326642841101], [76.9343889132142, 43.30326844006777], [76.93441573530436, 43.30326844006777], [76.93441908806562, 43.30326642841101], [76.93442109972239, 43.30325838178396], [76.93444725126028, 43.30325838178396], [76.9344512745738, 43.30325569957495], [76.93445328623056, 43.303251676261425], [76.93445663899183, 43.30325100570917], [76.93445730954409, 43.303249664604664], [76.93447005003691, 43.3032476529479], [76.93447206169367, 43.303248323500156], [76.93447541445494, 43.30324698239565], [76.93448077887297, 43.30324698239565], [76.93448346108198, 43.30324564129114], [76.93448681384325, 43.303246311843395], [76.93449217826128, 43.30324362963438], [76.93449821323156, 43.30324295908213], [76.93450089544058, 43.30324161797762], [76.93450223654509, 43.303238935768604], [76.93450693041086, 43.30323491245508], [76.93455118685961, 43.30323424190283], [76.93455252796412, 43.30323692411184], [76.93455185741186, 43.30323826521635], [76.93454917520285, 43.3032375946641], [76.93454917520285, 43.303238935768604], [76.93455453962088, 43.303238935768604], [76.93455453962088, 43.3032375946641], [76.93455588072538, 43.3032375946641], [76.93455588072538, 43.30331739038229], [76.93455655127764, 43.30331940203905], [76.93455789238214, 43.3033187314868], [76.9345599040389, 43.303320072591305], [76.93456593900919, 43.303320072591305], [76.93457130342722, 43.30332610756159], [76.93457063287497, 43.303332813084126], [76.9345686212182, 43.30333482474089], [76.9345686212182, 43.303336165845394], [76.93456325680017, 43.303341530263424], [76.93455789238214, 43.303341530263424], [76.93455789238214, 43.30334287136793], [76.93455655127764, 43.30334287136793], [76.93455588072538, 43.30334488302469], [76.93455588072538, 43.30338444560766], [76.93455722182989, 43.30338444560766], [76.93455789238214, 43.303383104503155], [76.93455789238214, 43.30338444560766], [76.93455923348665, 43.30338377505541], [76.93456057459116, 43.30338578671217], [76.93456660956144, 43.30338645726442], [76.93457130342722, 43.30338779836893], [76.93457264453173, 43.30338913947344], [76.93457935005426, 43.303390480577946], [76.93458337336779, 43.30338981002569], [76.93460617214441, 43.3033911511302], [76.93461153656244, 43.30339316278696], [76.93461623042822, 43.30339718610048], [76.93461891263723, 43.30339785665274], [76.93462025374174, 43.3033998683095], [76.93462159484625, 43.3033998683095], [76.93462360650301, 43.303404562175274], [76.93462628871202, 43.30340523272753], [76.93462561815977, 43.30340724438429], [76.93463031202555, 43.30341327935457], [76.93463031202555, 43.30341529101133], [76.93463299423456, 43.3034186437726], [76.93463299423456, 43.30342132598162], [76.93463433533907, 43.30342132598162], [76.93463567644358, 43.30342400819063], [76.93463701754808, 43.303433395922184], [76.93463567644358, 43.303444124758244], [76.9346309825778, 43.303451500833035], [76.93462561815977, 43.30345284193754], [76.934620924294, 43.30345619469881], [76.93461690098047, 43.30345619469881], [76.93461153656244, 43.303458876907825], [76.93460550159216, 43.303458876907825], [76.93458873778582, 43.303462229669094], [76.93457935005426, 43.30346692353487], [76.93456996232271, 43.303469605743885], [76.9345686212182, 43.303471617400646], [76.93456057459116, 43.30347564071417], [76.93456057459116, 43.303476981818676], [76.93455655127764, 43.30347832292318], [76.93455588072538, 43.30350246280432], [76.93455453962088, 43.3034997805953], [76.9345498457551, 43.303501792252064], [76.9345498457551, 43.303503803908825], [76.93454783409834, 43.30350514501333], [76.93454716354609, 43.30350782722235], [76.93454179912806, 43.30351319164038], [76.93454045802355, 43.30351319164038], [76.93453844636679, 43.30351587384939], [76.93453576415777, 43.3035172149539], [76.9345324113965, 43.303525261580944], [76.934531070292, 43.3035259321332], [76.93453039973974, 43.303529284894466], [76.93452905863523, 43.30352995544672], [76.93452838808298, 43.30353330820799], [76.93452637642622, 43.303534649312496], [76.93452302366495, 43.30354135483503], [76.93452302366495, 43.3035447075963], [76.93452168256044, 43.30354738980532], [76.93452168256044, 43.30355878919363], [76.93452302366495, 43.3035621419549], [76.93452436476946, 43.30357287079096], [76.93452570587397, 43.303574211895466], [76.93452637642622, 43.30358561128378], [76.93452838808298, 43.303590305149555], [76.93452838808298, 43.303597681224346], [76.93452972918749, 43.30360170453787], [76.93452838808298, 43.3036157861352], [76.93452637642622, 43.30361980944872], [76.93452570587397, 43.30362852662802], [76.93452436476946, 43.303629867732525], [76.93452436476946, 43.30363657325506], [76.93452302366495, 43.30363992601633], [76.93452302366495, 43.30364663153887], [76.93451832979918, 43.30366540700197], [76.93451564759016, 43.30366875976324], [76.9345149770379, 43.30367345362902], [76.93451296538115, 43.30367546528578], [76.93451296538115, 43.30367747694254], [76.93451028317213, 43.30368150025606], [76.93450894206762, 43.30368619412184], [76.93450693041086, 43.303687535226345], [76.93450625985861, 43.30369021743536], [76.9345049187541, 43.303690887987614], [76.93450424820185, 43.30369357019663], [76.93450156599283, 43.3036969229579], [76.93450156599283, 43.30369893461466], [76.93449955433607, 43.303700275719166], [76.93449955433607, 43.30370228737593], [76.93449418991804, 43.30370832234621], [76.93449351936579, 43.303711004555225], [76.9344874843955, 43.30371905118227], [76.93448480218649, 43.303725086152554], [76.93448480218649, 43.30373648554087], [76.934486143291, 43.3037418499589], [76.93448815494776, 43.303745202720165], [76.93448815494776, 43.303748555481434], [76.93448949605227, 43.303748555481434], [76.93448815494776, 43.30374989658594], [76.93448949605227, 43.30375324934721], [76.93448815494776, 43.303761295974255], [76.93448413163424, 43.303766660392284], [76.93448279052973, 43.303766660392284], [76.9344774261117, 43.30377135425806], [76.93446401506662, 43.3037780597806], [76.93445194512606, 43.303781412541866], [76.9344512745738, 43.303782753646374], [76.93444859236479, 43.30378342419863], [76.93444523960352, 43.303786776959896], [76.93444523960352, 43.3037881180644], [76.93444121629, 43.30379147082567], [76.93444121629, 43.30379281193018], [76.93443920463324, 43.30379415303469], [76.93443920463324, 43.303795494139194], [76.93443518131971, 43.30380018800497], [76.93443451076746, 43.303802870213985], [76.93442512303591, 43.30381292849779], [76.93442445248365, 43.303815610706806], [76.93441707640886, 43.303820975124836], [76.93441640585661, 43.30382499843836], [76.93441439419985, 43.30382835119963], [76.9344137236476, 43.303835056722164], [76.93441104143858, 43.303842432796955], [76.93440970033407, 43.303850479424], [76.93440835922956, 43.30385114997625], [76.93440835922956, 43.30385249108076], [76.93440165370703, 43.30385584384203], [76.93439226597548, 43.30385651439428]], [[76.93439092487097, 43.303755931556225], [76.93439427763224, 43.303755931556225], [76.93439561873674, 43.30375459045172], [76.9343976303935, 43.30375459045172], [76.93439830094576, 43.30375324934721], [76.93439561873674, 43.30375324934721], [76.93439561873674, 43.30375123769045], [76.93439360707998, 43.30375123769045], [76.93439360707998, 43.303752578794956], [76.9343889132142, 43.303752578794956], [76.93438824266195, 43.30375459045172], [76.93439092487097, 43.303755931556225]], [[76.93439159542322, 43.30375123769045], [76.93439293652773, 43.3037519082427], [76.93439293652773, 43.30375123769045], [76.93439159542322, 43.30375123769045]], [[76.93454515188932, 43.3032375946641], [76.93454582244158, 43.30323826521635], [76.93454582244158, 43.3032375946641], [76.93454515188932, 43.3032375946641]]]}, "properties": {"id": 517, "class": "road", "confidence": 100.0, "source": "Almaty_10", "source_model": "unet-roads", "centroid_wkt": "POINT (76.93447421063185 43.303504431190504)", "bbox": [76.93428564816713, 43.30323424190283, 76.93463701754808, 43.30385651439428], "pixel_bbox": [3949, 3168, 4473, 4096], "area_m2": 685.082}}, {"type": "Feature", "geometry": {"type": "Polygon", "coordinates": [[[76.93418372422457, 43.30328654497862], [76.93417098373175, 43.303285874426365], [76.93416964262724, 43.303283862769604], [76.9341629371047, 43.303282521665096], [76.93416092544794, 43.303280510008335], [76.93415690213442, 43.30327916890383], [76.93415556102991, 43.30327715724707], [76.9341542199254, 43.30327715724707], [76.93415086716413, 43.3032738044858], [76.93415086716413, 43.30327179282904], [76.93414751440287, 43.30326911062002], [76.93414684385061, 43.30326642841101], [76.93414013832808, 43.30326039344072], [76.9341367855668, 43.303259052336216], [76.93414147943258, 43.30325838178396], [76.93414147943258, 43.3032563701272], [76.93413477391005, 43.303253687918186], [76.93413477391005, 43.30325234681368], [76.93412203341722, 43.303246311843395], [76.93412069231272, 43.30324362963438], [76.93411599844694, 43.30323960632086], [76.93411398679018, 43.30323424190283], [76.9341166689992, 43.303233571350574], [76.93411264568567, 43.303230218589306], [76.93411130458117, 43.303224854171276], [76.93411130458117, 43.3032201603055], [76.93411532789469, 43.30321412533522], [76.93411733955145, 43.30321412533522], [76.9341180101037, 43.30321278423071], [76.93412136286497, 43.3032114431262], [76.93412873893976, 43.303210102021694], [76.93415690213442, 43.30321077257395], [76.93415958434343, 43.303212113678455], [76.93416360765696, 43.303212113678455], [76.93417701870203, 43.30321680754423], [76.93417970091105, 43.30321680754423], [76.93418506532907, 43.3032201603055], [76.93418707698584, 43.3032201603055], [76.9341890886426, 43.303222842514515], [76.9341904297471, 43.303222842514515], [76.93419244140387, 43.30322552472353], [76.93419512361288, 43.30322619527578], [76.93419713526964, 43.303228206932545], [76.93420182913542, 43.30322753638029], [76.93420249968767, 43.3032288774848], [76.9342078641057, 43.30323155969381], [76.93421054631472, 43.30323155969381], [76.93421121686697, 43.303230218589306], [76.93421255797148, 43.303230218589306], [76.93421255797148, 43.303235583007336], [76.93423602730036, 43.303235583007336], [76.93424139171839, 43.30324027687311], [76.93423870950937, 43.30324564129114], [76.93423602730036, 43.3032476529479], [76.93423267453909, 43.303248323500156], [76.93423200398684, 43.303249664604664], [76.93422798067331, 43.30325100570917], [76.93422261625528, 43.303255029022694], [76.93422060459852, 43.303255029022694], [76.93421993404627, 43.3032563701272], [76.934216581285, 43.3032563701272], [76.93421456962824, 43.303257040679455], [76.93421456962824, 43.30325838178396], [76.93421255797148, 43.30325838178396], [76.93421255797148, 43.30327447503805], [76.93420987576246, 43.303273133933544], [76.93420182913542, 43.30328118056059], [76.93419378250837, 43.30328319221735], [76.93419244140387, 43.30328453332186], [76.9341890886426, 43.30328453332186], [76.93418372422457, 43.30328654497862]]]}, "properties": {"id": 518, "class": "road", "confidence": 100.0, "source": "Almaty_10", "source_model": "unet-roads", "centroid_wkt": "POINT (76.93417120610295 43.30324504147404)", "bbox": [76.93411130458117, 43.303210102021694, 76.93424139171839, 43.30328654497862], "pixel_bbox": [3689, 4018, 3883, 4132], "area_m2": 52.759}}, {"type": "Feature", "geometry": {"type": "Polygon", "coordinates": [[[76.9351701065898, 43.30331604927778], [76.93516205996275, 43.30331403762102], [76.9351540133357, 43.3033100143075], [76.93515334278345, 43.30330867320299], [76.93514261394739, 43.30330532044172], [76.93514127284288, 43.303303979337215], [76.93512249737978, 43.30329928547144], [76.93512048572302, 43.30329794436693], [76.93511512130499, 43.30329727381468], [76.93510707467794, 43.30329392105341], [76.93510439246893, 43.30329392105341], [76.93509433418512, 43.30328922718763], [76.93508360534906, 43.303287886083126], [76.93507354706526, 43.30328520387411], [76.93507220596075, 43.303285874426365], [76.93507086485624, 43.30328185111284], [76.93507019430399, 43.30326911062002], [76.93505074828863, 43.30326844006777], [76.93503934890032, 43.30327112227678], [76.93503800779581, 43.30327246338129], [76.93503197282553, 43.3032738044858], [76.93503063172102, 43.303275145590305], [76.93502459675074, 43.30327648669481], [76.93502191454172, 43.303278498351574], [76.93501722067595, 43.30327916890383], [76.93501520901918, 43.303280510008335], [76.93500313907862, 43.30328185111284], [76.93498972803354, 43.303278498351574], [76.93498101085424, 43.3032738044858], [76.9349743053317, 43.30327179282904], [76.93497363477945, 43.30327045172453], [76.93497162312269, 43.30327045172453], [76.93496759980917, 43.303267769515514], [76.93495083600283, 43.30326374620199], [76.93491261452436, 43.30326374620199], [76.93489987403154, 43.30326173454523], [76.93489853292704, 43.30327246338129], [76.93489853292704, 43.30327112227678], [76.93488914519548, 43.30327112227678], [76.93488042801619, 43.30326642841101], [76.9348656758666, 43.30326307564974], [76.93482611328363, 43.303259052336216], [76.93485897034407, 43.30325838178396], [76.93485897034407, 43.303257040679455], [76.93485360592604, 43.3032563701272], [76.93484287708998, 43.303251676261425], [76.93483415991068, 43.303244300186634], [76.93483281880617, 43.303244300186634], [76.93482745438814, 43.303238935768604], [76.93482007831335, 43.303235583007336], [76.93482007831335, 43.30323424190283], [76.93483281880617, 43.303233571350574], [76.93482343107462, 43.30322954803705], [76.93482276052237, 43.303228206932545], [76.9348207488656, 43.303228206932545], [76.93481806665659, 43.30322619527578], [76.93481404334307, 43.30322552472353], [76.93481002002954, 43.303222842514515], [76.93480800837278, 43.303222842514515], [76.93480666726828, 43.30322150141001], [76.93479526787996, 43.303217478096485], [76.93478655070066, 43.303217478096485], [76.93476978689432, 43.30322619527578], [76.93476777523756, 43.30322619527578], [76.93476509302855, 43.303228206932545], [76.93476106971502, 43.3032288774848], [76.93475771695375, 43.30323088914156], [76.93474564701319, 43.303233571350574], [76.93472888320684, 43.30323424190283], [76.93472620099783, 43.30322619527578], [76.93472418934107, 43.30322619527578], [76.93472351878881, 43.30322753638029], [76.93471413105726, 43.30322552472353], [76.93469937890768, 43.30321680754423], [76.93469736725092, 43.30321680754423], [76.9346933439374, 43.30321412533522], [76.93469133228064, 43.30321412533522], [76.93468194454908, 43.30320943146944], [76.93466920405626, 43.30320540815592], [76.93466853350401, 43.30320406705141], [76.934665851295, 43.30320339649916], [76.93466451019049, 43.303201384842396], [76.93466182798147, 43.30320004373789], [76.93466115742922, 43.30319534987211], [76.93466786295176, 43.303191997110844], [76.93467792123556, 43.303191997110844], [76.93469669669867, 43.30319669097662], [76.93470004945993, 43.30319669097662], [76.93470541387796, 43.30319870263338], [76.93470943719149, 43.30319870263338], [76.93471882492304, 43.303201384842396], [76.93472284823656, 43.30320406705141], [76.93472485989332, 43.30320339649916], [76.93472687155008, 43.303204737603664], [76.93472754210234, 43.30320339649916], [76.93472754210234, 43.303210102021694], [76.93472888320684, 43.30320741981268], [76.93473022431135, 43.30320876091719], [76.93474028259516, 43.303206749260426], [76.93475838750601, 43.303206749260426], [76.93479057401419, 43.30321345478296], [76.93480465561152, 43.30320943146944], [76.9348194077611, 43.303206749260426], [76.93484622985125, 43.30320741981268], [76.93486969918013, 43.30321278423071], [76.93488378077745, 43.303217478096485], [76.93488847464323, 43.3032201603055], [76.93489048629999, 43.3032201603055], [76.93489450961351, 43.303222842514515], [76.93489786237478, 43.303222842514515], [76.93489920347929, 43.30322418361902], [76.93489920347929, 43.30323424190283], [76.9349005445838, 43.3032375946641], [76.93490389734507, 43.30323692411184], [76.93490523844957, 43.303235583007336], [76.93490859121084, 43.303235583007336], [76.93490993231535, 43.30323424190283], [76.93492200225592, 43.30323424190283], [76.93493138998747, 43.303235583007336], [76.93493474274874, 43.3032375946641], [76.93493876606226, 43.3032375946641], [76.93494949489832, 43.303240947425365], [76.93495955318213, 43.30324228852987], [76.93497028201818, 43.30324228852987], [76.93497966974974, 43.303240947425365], [76.93501118570566, 43.30324161797762], [76.93502057343721, 43.30324362963438], [76.93502593785524, 43.30324362963438], [76.93504672497511, 43.303248323500156], [76.93506214767694, 43.303255029022694], [76.9350641593337, 43.30325771123171], [76.93506818264723, 43.30325838178396], [76.93507019430399, 43.30325771123171], [76.93507086485624, 43.303248323500156], [76.93507220596075, 43.3032476529479], [76.93509500473738, 43.3032476529479], [76.93511981517076, 43.303249664604664], [76.93516071885824, 43.30325838178396], [76.93517815321684, 43.30325838178396], [76.93519424647093, 43.30326642841101], [76.93519491702318, 43.303267769515514], [76.93520028144121, 43.30327045172453], [76.93520162254572, 43.30327246338129], [76.93520296365023, 43.30327246338129], [76.93520430475473, 43.30327447503805], [76.93520564585924, 43.30327447503805], [76.93521101027727, 43.30328118056059], [76.93521168082952, 43.30328989773989], [76.93520966917276, 43.30329190939665], [76.93520966917276, 43.303293250501156], [76.93520698696375, 43.30329526215792], [76.93520698696375, 43.303296603262424], [76.93520564585924, 43.303296603262424], [76.93520162254572, 43.3033012971282], [76.93520028144121, 43.3033012971282], [76.9351989403367, 43.30330330878496], [76.9351975992322, 43.30330330878496], [76.93519558757544, 43.30330599099398], [76.93519424647093, 43.30330599099398], [76.93518821150064, 43.303311355412006], [76.93517882376909, 43.30331537872553], [76.9351701065898, 43.30331604927778]], [[76.93489987403154, 43.30325838178396], [76.93492937833071, 43.30325838178396], [76.93492937833071, 43.30325771123171], [76.93492066115141, 43.30325569957495], [76.93490725010633, 43.30325569957495], [76.93490456789732, 43.30325435847044], [76.93490322679281, 43.303255029022694], [76.9349018856883, 43.30325435847044], [76.9349018856883, 43.30325301736593], [76.9349005445838, 43.303253687918186], [76.93489987403154, 43.30325234681368], [76.93489987403154, 43.30325838178396]]]}, "properties": {"id": 519, "class": "road", "confidence": 100.0, "source": "Almaty_10", "source_model": "unet-roads", "centroid_wkt": "POINT (76.93497629736116 43.303253232344446)", "bbox": [76.93466115742922, 43.303191997110844, 76.93521168082952, 43.30331604927778], "pixel_bbox": [4509, 3974, 5330, 4159], "area_m2": 158.22}}, {"type": "Feature", "geometry": {"type": "Polygon", "coordinates": [[[76.93328987807035, 43.303653337061405], [76.93328451365232, 43.30364730209112], [76.93328317254782, 43.3036432787776], [76.93328183144331, 43.303627856075764], [76.93328384310007, 43.30361980944872], [76.93328585475683, 43.303617127239704], [76.93329121917486, 43.30360036343336], [76.93329323083162, 43.303597681224346], [76.93329524248838, 43.30358762294054], [76.93329524248838, 43.303577564656734], [76.9332791492343, 43.303577564656734], [76.93327847868204, 43.30356750637293], [76.93327579647303, 43.303559459745884], [76.93326707929373, 43.30354202538729], [76.93326439708471, 43.30353397876024], [76.93326372653246, 43.30352056771517], [76.93326506763697, 43.30351922661066], [76.93326842039824, 43.3035084977746], [76.93327378481627, 43.303501792252064], [76.9332791492343, 43.3034897223115], [76.93327981978655, 43.30346893519163], [76.93327847868204, 43.303464241325855], [76.93327780812979, 43.30344881862402], [76.93327981978655, 43.30343205481768], [76.93328116089106, 43.303430043160915], [76.93328116089106, 43.30342601984739], [76.93328250199556, 43.303422667086124], [76.93328250199556, 43.303417302668095], [76.93328451365232, 43.30341327935457], [76.93328518420458, 43.30340724438429], [76.93328652530909, 43.30340590327978], [76.93329323083162, 43.30340590327978], [76.93329457193613, 43.303404562175274], [76.93329658359289, 43.30339316278696], [76.93329658359289, 43.303385116159916], [76.93330060690641, 43.303375728428364], [76.93330060690641, 43.30337170511484], [76.93330261856318, 43.30336432904005], [76.9333066418767, 43.30335695296526], [76.9333066418767, 43.30335158854723], [76.93330865353346, 43.30334488302469], [76.93330731242895, 43.3033287897706], [76.93330395966768, 43.303322084248066], [76.93329993635416, 43.303301967680454], [76.93330060690641, 43.30329526215792], [76.93330261856318, 43.3032925799489], [76.93330261856318, 43.30328922718763], [76.93330530077219, 43.30328453332186], [76.9333066418767, 43.30328453332186], [76.93331200629473, 43.30327983945608], [76.93331468850374, 43.30327916890383], [76.93332206457853, 43.30327112227678], [76.93332675844431, 43.30326844006777], [76.93332742899656, 43.30326642841101], [76.93332877010107, 43.30326642841101], [76.93332877010107, 43.3032650873065], [76.93333212286234, 43.303262405097485], [76.93333279341459, 43.30325972288847], [76.9333341345191, 43.303259052336216], [76.93333614617586, 43.303255029022694], [76.93333614617586, 43.30325234681368], [76.93333815783262, 43.303248323500156], [76.93334084004164, 43.303246311843395], [76.93334084004164, 43.30324497073889], [76.9333428516984, 43.30324295908213], [76.9333428516984, 43.303240947425365], [76.93334620445967, 43.3032375946641], [76.93334620445967, 43.30323625355959], [76.93334821611643, 43.30323424190283], [76.9333529099822, 43.30323424190283], [76.93335425108671, 43.30323088914156], [76.93335425108671, 43.30320809036493], [76.93335492163897, 43.30320607870817], [76.93335693329573, 43.303204737603664], [76.93335760384798, 43.30320205539465], [76.93335961550474, 43.303201384842396], [76.93335961550474, 43.30320004373789], [76.93336229771376, 43.30319803208113], [76.93336632102728, 43.30318998545408], [76.93337302654982, 43.3031839504838], [76.93337302654982, 43.30318260937929], [76.93337704986334, 43.30318059772253], [76.93339113146067, 43.30317925661802], [76.93339917808771, 43.30318260937929], [76.93340923637152, 43.3031839504838], [76.93341124802828, 43.303185291588306], [76.9334139302373, 43.303185291588306], [76.9334152713418, 43.303186632692814], [76.93342197686434, 43.30318797379732], [76.93342264741659, 43.30318931490183], [76.93342734128237, 43.303190656006336], [76.93342868238688, 43.30319333821535], [76.93343002349138, 43.30319333821535], [76.93343002349138, 43.30319467931986], [76.93343672901392, 43.30320004373789], [76.93344075232744, 43.30320809036493], [76.93344075232744, 43.30321680754423], [76.93344209343195, 43.303217478096485], [76.93344477564096, 43.30322351306677], [76.93344611674547, 43.30322418361902], [76.93344678729773, 43.303233571350574], [76.93346086889505, 43.30323491245508], [76.93345818668604, 43.30325100570917], [76.93345550447702, 43.30325771123171], [76.93346288055182, 43.303259052336216], [76.93345684558153, 43.30326642841101], [76.93345416337252, 43.30327179282904], [76.93345349282026, 43.30327581614256], [76.9334514811635, 43.303278498351574], [76.93345081061125, 43.30328520387411], [76.93344678729773, 43.303296603262424], [76.93344745784998, 43.30330867320299], [76.93344477564096, 43.3033187314868], [76.93344343453646, 43.30331940203905], [76.93344008177519, 43.30332610756159], [76.93343471735716, 43.303330801427364], [76.93343471735716, 43.30333214253187], [76.93342935293913, 43.3033375069499], [76.93342868238688, 43.30334018915892], [76.93342465907335, 43.30334488302469], [76.93342264741659, 43.30335225909948], [76.93342063575983, 43.303354270756245], [76.93341795355082, 43.303359635174274], [76.93341795355082, 43.303361646831036], [76.93341594189405, 43.30336432904005], [76.9334152713418, 43.303370364010334], [76.9334139302373, 43.30337103456259], [76.93341258913279, 43.30337706953287], [76.93341057747602, 43.30338042229414], [76.93341057747602, 43.30338712781668], [76.93340789526701, 43.303393833339214], [76.93340856581926, 43.30339785665274], [76.93340722471476, 43.30339852720499], [76.9334065541625, 43.303401209414005], [76.93340722471476, 43.30340523272753], [76.93338308483362, 43.303406573832035], [76.93338375538588, 43.30340791493654], [76.93338241428137, 43.30340925604105], [76.93338107317686, 43.30341797322035], [76.9333790615201, 43.30342065542936], [76.93337436765432, 43.303437419235706], [76.93337235599756, 43.30345619469881], [76.9333703443408, 43.30346088856459], [76.9333703443408, 43.3034635707736], [76.93336699157953, 43.303467594087124], [76.93336699157953, 43.303469605743885], [76.93336430937052, 43.3034722879529], [76.93336430937052, 43.30347429960966], [76.9333616271615, 43.303476981818676], [76.93336095660925, 43.30347966402769], [76.93335894495249, 43.3034810051322], [76.93335425108671, 43.30349240452051], [76.93335425108671, 43.30351050943136], [76.93335827440023, 43.30352392047644], [76.93335827440023, 43.30353330820799], [76.93335425108671, 43.30354403704405], [76.93335425108671, 43.303577564656734], [76.93333614617586, 43.30357890576124], [76.93332742899656, 43.30358359962702], [76.93332139402628, 43.3035896345973], [76.93332005292177, 43.303593657910824], [76.93332072347403, 43.30360505729914], [76.9333240762353, 43.303611762821674], [76.93332809954882, 43.3036157861352], [76.93332809954882, 43.30361779779196], [76.93333145231009, 43.30362048000097], [76.93333279341459, 43.30362383276224], [76.93333212286234, 43.30362718552351], [76.9333240762353, 43.303635232150555], [76.93331737071276, 43.30363858491182], [76.93330261856318, 43.303651325404644], [76.93330060690641, 43.303651325404644], [76.9332979246974, 43.303653337061405], [76.93328987807035, 43.303653337061405]]]}, "properties": {"id": 520, "class": "road", "confidence": 100.0, "source": "Almaty_10", "source_model": "unet-roads", "centroid_wkt": "POINT (76.93335362121067 43.30338477909791)", "bbox": [76.93326372653246, 43.30317925661802, 76.93346288055182, 43.303653337061405], "pixel_bbox": [2425, 3471, 2722, 4178], "area_m2": 390.618}}, {"type": "Feature", "geometry": {"type": "Polygon", "coordinates": [[[76.93450894206762, 43.30320205539465], [76.93449888378382, 43.30320004373789], [76.93447139114141, 43.30318998545408], [76.93447072058916, 43.303188644349575], [76.93446602672338, 43.303186632692814], [76.93446133285761, 43.30318193882704], [76.93446133285761, 43.303175903856754], [76.93446334451437, 43.30317456275225], [76.93447206169367, 43.30317322164774], [76.93450894206762, 43.30317456275225], [76.93452302366495, 43.30317858606577], [76.9345236942172, 43.30317992717028], [76.93452570587397, 43.30317992717028], [76.93453375250101, 43.30318596214056], [76.93453509360552, 43.30319132655859], [76.93453308194876, 43.303191997110844], [76.9345324113965, 43.30319534987211], [76.93452771753073, 43.30320004373789], [76.93452168256044, 43.30320205539465], [76.93450894206762, 43.30320205539465]]]}, "properties": {"id": 521, "class": "road", "confidence": 100.0, "source": "Almaty_10", "source_model": "unet-roads", "centroid_wkt": "POINT (76.93450003968722 43.3031862560098)", "bbox": [76.93446133285761, 43.30317322164774, 76.93453509360552, 43.30320205539465], "pixel_bbox": [4211, 4144, 4321, 4187], "area_m2": 13.631}}, {"type": "Feature", "geometry": {"type": "Polygon", "coordinates": [[[76.9339644536376, 43.3031839504838], [76.93395841866732, 43.30318193882704], [76.9339557364583, 43.30318059772253], [76.9339543953538, 43.30317858606577], [76.93395305424929, 43.30317858606577], [76.93395037204027, 43.30317322164774], [76.93395305424929, 43.30316450446844], [76.93395908921957, 43.30315914005041], [76.93396244198084, 43.303157798945904], [76.93397384136915, 43.303157798945904], [76.93397786468267, 43.303159810602665], [76.9339832291007, 43.30316048115492], [76.93398926407099, 43.303165175020695], [76.9339906051755, 43.30316919833422], [76.93399194628, 43.30316986888647], [76.93399261683226, 43.30317389219999], [76.93399395793676, 43.30317389219999], [76.93399462848902, 43.303175903856754], [76.93399395793676, 43.303177915513515], [76.93399261683226, 43.303177915513515], [76.93399261683226, 43.30317925661802], [76.93398993462324, 43.30317992717028], [76.93398725241423, 43.30318260937929], [76.93397853523493, 43.3031839504838], [76.9339644536376, 43.3031839504838]]]}, "properties": {"id": 522, "class": "road", "confidence": 100.0, "source": "Almaty_10", "source_model": "unet-roads", "centroid_wkt": "POINT (76.93397206654907 43.30317115632217)", "bbox": [76.93395037204027, 43.303157798945904, 76.93399462848902, 43.3031839504838], "pixel_bbox": [3449, 4171, 3515, 4210], "area_m2": 8.094}}, {"type": "Feature", "geometry": {"type": "Polygon", "coordinates": [[[76.93368349224329, 43.30318059772253], [76.933677457273, 43.30317858606577], [76.93367410451174, 43.30317389219999], [76.93367410451174, 43.30316852778196], [76.93367209285498, 43.30316584557295], [76.93367276340723, 43.30315578728914], [76.9336761161685, 43.30314841121435], [76.93368081003428, 43.30314304679632], [76.93368349224329, 43.303141705691814], [76.9336935505271, 43.303141705691814], [76.9336935505271, 43.30313969403505], [76.9336948916316, 43.3031390234828], [76.93369556218386, 43.30314036458731], [76.93369556218386, 43.3031390234828], [76.93369757384062, 43.30313701182604], [76.93369757384062, 43.30318059772253], [76.93369690328836, 43.303177915513515], [76.93369287997484, 43.303175903856754], [76.93369220942259, 43.30317456275225], [76.93368952721357, 43.3031752333045], [76.93368952721357, 43.30317992717028], [76.93368349224329, 43.30318059772253]]]}, "properties": {"id": 523, "class": "road", "confidence": 100.0, "source": "Almaty_10", "source_model": "unet-roads", "centroid_wkt": "POINT (76.93368634347922 43.3031600913292)", "bbox": [76.93367209285498, 43.30313701182604, 76.93369757384062, 43.30318059772253], "pixel_bbox": [3034, 4176, 3072, 4241], "area_m2": 7.665}}, {"type": "Feature", "geometry": {"type": "Polygon", "coordinates": [[[76.93412404507399, 43.30313701182604], [76.93410661071539, 43.30313432961702], [76.93405766040087, 43.30313231796026], [76.93405162543058, 43.3031303063035], [76.93404961377382, 43.30312829464674], [76.93404961377382, 43.30312695354223], [76.93404760211706, 43.30312628298998], [76.93404760211706, 43.30312494188547], [76.93404626101255, 43.303125612437725], [76.93404626101255, 43.30312427133322], [76.93404760211706, 43.30312427133322], [76.93404760211706, 43.30312293022871], [76.93405296653509, 43.30311756581068], [76.93406503647566, 43.303112871944904], [76.93407509475946, 43.3031115308404], [76.93409252911806, 43.3031115308404], [76.93412337452173, 43.30311756581068], [76.93412471562624, 43.30311890691519], [76.93413477391005, 43.30312225967646], [76.9341354444623, 43.303123600780964], [76.93413812667131, 43.30312427133322], [76.93414214998484, 43.303127624094486], [76.93414282053709, 43.303132988512516], [76.93414147943258, 43.30313500016928], [76.93413611501455, 43.30313701182604], [76.93412404507399, 43.30313701182604]]]}, "properties": {"id": 524, "class": "road", "confidence": 100.0, "source": "Almaty_10", "source_model": "unet-roads", "centroid_wkt": "POINT (76.93409491785042 43.30312417750093)", "bbox": [76.93404626101255, 43.3031115308404, 76.93414282053709, 43.30313701182604], "pixel_bbox": [3592, 4241, 3736, 4279], "area_m2": 15.692}}, {"type": "Feature", "geometry": {"type": "Polygon", "coordinates": [[[76.93394366651773, 43.303114883601665], [76.93393293768167, 43.303112871944904], [76.93392153829336, 43.30310884863138], [76.93391684442759, 43.303104154765606], [76.93391684442759, 43.303098790347576], [76.93392019718885, 43.30309610813856], [76.93392422050238, 43.303094767034054], [76.933947019279, 43.303093425929546], [76.93395506590605, 43.303094767034054], [76.93396043032408, 43.30309744924307], [76.93396244198084, 43.30309744924307], [76.93396311253309, 43.303098790347576], [76.93396780639887, 43.30310080200434], [76.93397048860788, 43.303104154765606], [76.93397048860788, 43.30310817807913], [76.93396981805563, 43.303109519183636], [76.93396847695112, 43.303109519183636], [76.93396713584661, 43.30311220139265], [76.93395707756281, 43.303114883601665], [76.93394366651773, 43.303114883601665]]]}, "properties": {"id": 525, "class": "road", "confidence": 100.0, "source": "Almaty_10", "source_model": "unet-roads", "centroid_wkt": "POINT (76.9339441295817 43.303103808636415)", "bbox": [76.93391684442759, 43.303093425929546, 76.93397048860788, 43.303114883601665], "pixel_bbox": [3399, 4274, 3479, 4306], "area_m2": 8.139}}, {"type": "Feature", "geometry": {"type": "Polygon", "coordinates": [[[76.93338308483362, 43.3031390234828], [76.93337772041559, 43.303136341273785], [76.93337772041559, 43.30313500016928], [76.93337637931108, 43.30313500016928], [76.93337570875883, 43.303132988512516], [76.93337369710207, 43.303130976855755], [76.93337235599756, 43.303130976855755], [76.93337168544531, 43.30312829464674], [76.93336296826601, 43.30311957746744], [76.93336229771376, 43.303107507526875], [76.93336363881826, 43.303104154765606], [76.93336632102728, 43.3031028136611], [76.93336766213179, 43.303100131452084], [76.93337436765432, 43.303096778690815], [76.93338375538588, 43.30308739095926], [76.93338576704264, 43.30308739095926], [76.93338576704264, 43.303086049854755], [76.93339247256517, 43.30308269709349], [76.93339917808771, 43.303080685436726], [76.93340588361025, 43.303080685436726], [76.93340722471476, 43.30308202654123], [76.93341191858053, 43.30308202654123], [76.9334152713418, 43.30308336764574], [76.93341594189405, 43.30308470875025], [76.93341929465532, 43.303086049854755], [76.93342197686434, 43.30308873206377], [76.93342197686434, 43.30309007316828], [76.9334253296256, 43.303093425929546], [76.93342667073011, 43.303093425929546], [76.93342667073011, 43.303094767034054], [76.93343136459589, 43.30309946089983], [76.93343203514814, 43.30310348421335], [76.9334340468049, 43.30310683697462], [76.9334340468049, 43.30311220139265], [76.93343069404364, 43.30312091857195], [76.93342667073011, 43.303125612437725], [76.9334239885211, 43.30312628298998], [76.93342264741659, 43.30312829464674], [76.93341862410307, 43.303128965198994], [76.9334152713418, 43.303130976855755], [76.93340990692377, 43.30313164740801], [76.9334065541625, 43.30313365906477], [76.93340051919222, 43.30313432961702], [76.93339247256517, 43.303138352930546], [76.93338308483362, 43.3031390234828]]]}, "properties": {"id": 526, "class": "road", "confidence": 100.0, "source": "Almaty_10", "source_model": "unet-roads", "centroid_wkt": "POINT (76.93339865791094 43.303109711269975)", "bbox": [76.93336229771376, 43.303080685436726, 76.9334340468049, 43.3031390234828], "pixel_bbox": [2572, 4238, 2679, 4325], "area_m2": 26.792}}, {"type": "Feature", "geometry": {"type": "Polygon", "coordinates": [[[76.9337934628129, 43.30310348421335], [76.93377535790205, 43.30310080200434], [76.93376664072275, 43.303096778690815], [76.93376328796148, 43.303093425929546], [76.93376127630472, 43.30308806151152], [76.93376127630472, 43.30308336764574], [76.93376328796148, 43.3030766621232], [76.933767311275, 43.30307263880968], [76.93377669900656, 43.30306861549616], [76.93378541618586, 43.30306727439165], [76.93379882723093, 43.30306727439165], [76.93381559103727, 43.30306928604841], [76.93382497876883, 43.30307196825743], [76.93383302539587, 43.30307599157095], [76.93383906036615, 43.30308202654123], [76.93383906036615, 43.30308336764574], [76.93384308367968, 43.303086049854755], [76.93384308367968, 43.30308739095926], [76.93384509533644, 43.303089402616024], [76.93384442478418, 43.303094767034054], [76.93384040147066, 43.30309811979532], [76.93383503705263, 43.30309946089983], [76.93383369594812, 43.30310080200434], [76.93381894379854, 43.30310348421335], [76.9337934628129, 43.30310348421335]]]}, "properties": {"id": 527, "class": "road", "confidence": 100.0, "source": "Almaty_10", "source_model": "unet-roads", "centroid_wkt": "POINT (76.93380170340913 43.30308574105319)", "bbox": [76.93376127630472, 43.30306727439165, 76.93384509533644, 43.30310348421335], "pixel_bbox": [3167, 4291, 3292, 4345], "area_m2": 22.106}}, {"type": "Feature", "geometry": {"type": "Polygon", "coordinates": [[[76.93318393081427, 43.30301899462938], [76.93318258970976, 43.30301698297262], [76.9331819191575, 43.30300558358431], [76.93317789584398, 43.303004913032055], [76.93317387253046, 43.302999548614025], [76.93317454308271, 43.30299351364374], [76.93317722529173, 43.30299083143473], [76.9331819191575, 43.30299016088247], [76.93318258970976, 43.302988819777966], [76.93318258970976, 43.302976079285145], [76.93318393081427, 43.302968703210354], [76.93318460136652, 43.302970714867115], [76.93319667130709, 43.302968703210354], [76.93320538848639, 43.302968703210354], [76.9332167878747, 43.302970714867115], [76.93322483450174, 43.30297339707613], [76.93324360996485, 43.30298278480768], [76.93324696272612, 43.30298613756895], [76.9332529976964, 43.30298949033022], [76.93325769156218, 43.30299485474825], [76.93325769156218, 43.30299820750952], [76.93325567990541, 43.30300021916628], [76.93323288112879, 43.30300893634558], [76.93321410566568, 43.303012289106846], [76.93319734185934, 43.30301832407713], [76.93318393081427, 43.30301899462938]]]}, "properties": {"id": 528, "class": "road", "confidence": 100.0, "source": "Almaty_10", "source_model": "unet-roads", "centroid_wkt": "POINT (76.93321153815616 43.30299288304462)", "bbox": [76.93317387253046, 43.302968703210354, 76.93325769156218, 43.30301899462938], "pixel_bbox": [2291, 4417, 2416, 4492], "area_m2": 25.108}}, {"type": "Feature", "geometry": {"type": "Polygon", "coordinates": [[[76.93303171545267, 43.30312829464674], [76.93302299827337, 43.303127624094486], [76.9330196455121, 43.303125612437725], [76.93301226943731, 43.303125612437725], [76.9330109283328, 43.303120248019695], [76.9330109283328, 43.3031028136611], [76.9330095872283, 43.303091414272785], [76.93301025778055, 43.30308135598898], [76.93300824612379, 43.30307800322771], [76.93300690501928, 43.303078673779964], [76.93300355225801, 43.30307733267546], [76.93300154060125, 43.303073309361935], [76.93299550563097, 43.30306861549616], [76.93299550563097, 43.3030666038394], [76.93299684673548, 43.3030666038394], [76.93299885839224, 43.30306325107813], [76.93296667188406, 43.30306325107813], [76.93296935409307, 43.303064592182636], [76.93296533077955, 43.3030666038394], [76.93296533077955, 43.30306928604841], [76.93295996636152, 43.30307397991419], [76.93295929580927, 43.3030766621232], [76.93295795470476, 43.3030766621232], [76.93295795470476, 43.30307800322771], [76.93295661360025, 43.30307800322771], [76.93295326083899, 43.30308202654123], [76.93295057862997, 43.30308269709349], [76.9329472258687, 43.30308672040701], [76.93294454365969, 43.30308806151152], [76.93294454365969, 43.30309074372053], [76.93295057862997, 43.303094767034054], [76.93295057862997, 43.30309744924307], [76.93295191973448, 43.30309744924307], [76.93295259028673, 43.30309946089983], [76.93295057862997, 43.30309946089983], [76.93294990807772, 43.30310080200434], [76.9329472258687, 43.30310147255659], [76.93294052034616, 43.303102143108845], [76.9329385086894, 43.30310080200434], [76.9329385086894, 43.30309946089983], [76.93293649703264, 43.30309946089983], [76.93293649703264, 43.30309811979532], [76.93293515592813, 43.30309744924307], [76.93293582648039, 43.30309208482504], [76.9329385086894, 43.30309275537729], [76.93293984979391, 43.30309208482504], [76.93293917924166, 43.30309074372053], [76.93293783813715, 43.303091414272785], [76.93293783813715, 43.30309007316828], [76.93293381482363, 43.303089402616024], [76.93293314427137, 43.30308806151152], [76.93292777985334, 43.303086049854755], [76.93292710930109, 43.303084038197994], [76.93292308598757, 43.30308202654123], [76.93290900439024, 43.30307733267546], [76.93290296941996, 43.30307196825743], [76.93290028721094, 43.30306526273489], [76.93290162831545, 43.303062580525875], [76.93289827555418, 43.303062580525875], [76.93289492279291, 43.303055204451084], [76.93289492279291, 43.303051851689816], [76.9328922405839, 43.30304849892855], [76.9328922405839, 43.303046487271786], [76.93288955837488, 43.30304179340601], [76.93287815898657, 43.30304313451052], [76.93287279456854, 43.30304581671953], [76.93287212401628, 43.30304715782404], [76.93286810070276, 43.30304782837629], [76.93286541849375, 43.303049840033054], [76.93285200744867, 43.303049840033054], [76.93284396082163, 43.30304782837629], [76.93284194916487, 43.30305051058531], [76.93284194916487, 43.30305252224207], [76.93284060806036, 43.30305319279432], [76.93283926695585, 43.30303777009249], [76.93283926695585, 43.302978090941906], [76.93283792585135, 43.30297742038965], [76.9328198209405, 43.302978090941906], [76.9328124448657, 43.30297943204641], [76.9328023865819, 43.302983455359936], [76.93279568105936, 43.30298479646444], [76.9327936694026, 43.302986808121204], [76.93279031664133, 43.302986808121204], [76.9327849522233, 43.30299083143473], [76.93278294056654, 43.30299083143473], [76.93277422338724, 43.3029955253005], [76.93276148289442, 43.30299887806177], [76.93275410681963, 43.303002901375294], [76.93273331969976, 43.30300960689783], [76.9327138736844, 43.30300826579332], [76.93271119147539, 43.30300625413656], [76.93269979208708, 43.3030042424798], [76.93269576877356, 43.30300223082304], [76.93268571048975, 43.303001560270786], [76.93267296999693, 43.30299887806177], [76.9326689466834, 43.30300088971853], [76.9326676055789, 43.30299351364374], [76.9326676055789, 43.30294255167246], [76.93266626447439, 43.302938528358936], [76.93266358226538, 43.30293584614992], [76.93265955895185, 43.30292779952288], [76.93265955895185, 43.30292109400034], [76.93266090005636, 43.30291975289583], [76.93266022950411, 43.30291640013456], [76.93266425281763, 43.302915059030056], [76.932955943048, 43.302915059030056], [76.93295460194349, 43.30291640013456], [76.93295795470476, 43.30291640013456], [76.93295795470476, 43.302918411791325], [76.93297002464533, 43.30292176455259], [76.93297270685434, 43.30292444676161], [76.93297673016787, 43.302925787866116], [76.93298008292913, 43.302929140627384], [76.9329834356904, 43.30292981117964], [76.93298611789942, 43.3029318228364], [76.93300288170576, 43.30293584614992], [76.93300824612379, 43.302938528358936], [76.9330109283328, 43.30293718725443], [76.93301159888506, 43.30294523388147], [76.93301629275084, 43.30294523388147], [76.93303976207972, 43.30295126885176], [76.93306859582663, 43.30295529216528], [76.93307060748339, 43.30295663326979], [76.93307396024466, 43.30295663326979], [76.93307597190142, 43.302957974374294], [76.93307865411043, 43.302957974374294], [76.93308066576719, 43.3029593154788], [76.93308334797621, 43.3029593154788], [76.93308535963297, 43.30296065658331], [76.93309608846903, 43.302963338792324], [76.93311218172312, 43.30297138541937], [76.93311285227537, 43.302972726523876], [76.93311486393213, 43.302972726523876], [76.93311754614115, 43.30297540873289], [76.93312559276819, 43.30297943204641], [76.93313296884298, 43.30298613756895], [76.93313363939524, 43.30299016088247], [76.93313229829073, 43.302992172539234], [76.93312492221594, 43.30299485474825], [76.9331081584096, 43.3029955253005], [76.93308535963297, 43.30299351364374], [76.93307999521494, 43.302992172539234], [76.93305853754282, 43.302992172539234], [76.93303775042295, 43.30299485474825], [76.93302635103464, 43.30299820750952], [76.93301763385534, 43.30299887806177], [76.93301629275084, 43.302997536957264], [76.93301226943731, 43.30299686640501], [76.9330109283328, 43.3029955253005], [76.9330109283328, 43.30299284309149], [76.93300757557154, 43.30299016088247], [76.93299014121294, 43.3029854670167], [76.9329747185111, 43.30298613756895], [76.93296197801828, 43.30299016088247], [76.93295326083899, 43.302994184195995], [76.93294990807772, 43.302994184195995], [76.93294052034616, 43.30299686640501], [76.93292576819658, 43.30299485474825], [76.93292308598757, 43.30299284309149], [76.9329210743308, 43.30299284309149], [76.93291839212179, 43.30299083143473], [76.93291034549475, 43.30298814922571], [76.9329009577632, 43.30298814922571], [76.93289961665869, 43.30298949033022], [76.93289760500193, 43.30298949033022], [76.93289760500193, 43.30299083143473], [76.93289626389742, 43.30299083143473], [76.93289089947939, 43.302997536957264], [76.93288687616587, 43.302999548614025], [76.93288687616587, 43.303001560270786], [76.93288821727037, 43.303001560270786], [76.93288821727037, 43.30300357192755], [76.93288687616587, 43.30300357192755], [76.93288620561361, 43.303004913032055], [76.93288754671812, 43.30301161855459], [76.93288687616587, 43.30301899462938], [76.93288955837488, 43.30302502959967], [76.93288955837488, 43.30302771180868], [76.93289089947939, 43.30302905291319], [76.93289492279291, 43.30303106456995], [76.93290363997221, 43.30303106456995], [76.93290900439024, 43.30302972346544], [76.93291570991278, 43.303030394017696], [76.93292040377855, 43.30302905291319], [76.93292710930109, 43.30302972346544], [76.93293247371912, 43.303028382360935], [76.93294052034616, 43.303028382360935], [76.93297807127237, 43.30303307622671], [76.93299751728773, 43.30303307622671], [76.93300623446703, 43.303031735122204], [76.93300891667604, 43.30303240567446], [76.93301159888506, 43.30302972346544], [76.93301293998957, 43.30303106456995], [76.93302970379591, 43.303031735122204], [76.93304311484098, 43.30303441733122], [76.93306725472212, 43.303035758435726], [76.9330820068717, 43.3030404523015], [76.93308804184198, 43.3030404523015], [76.93311352282763, 43.30304514616728], [76.9331269338727, 43.30304313451052], [76.93314369767904, 43.30304246395826], [76.93314705044031, 43.30304179340601], [76.93314839154482, 43.3030404523015], [76.93315174430609, 43.303041122853756], [76.93315174430609, 43.30304246395826], [76.93315979093313, 43.3030404523015], [76.9331631436944, 43.3030404523015], [76.9331631436944, 43.30304179340601], [76.93316448479891, 43.303041122853756], [76.93316582590342, 43.30304246395826], [76.93317253142595, 43.30304179340601], [76.9331718608737, 43.30304313451052], [76.93317454308271, 43.30304313451052], [76.93317588418722, 43.303044475615025], [76.93317990750074, 43.30304246395826], [76.93317856639624, 43.30303978174925], [76.93317990750074, 43.30303844064474], [76.93317990750074, 43.30303642898798], [76.93318258970976, 43.303035758435726], [76.93318258970976, 43.30303978174925], [76.93318124860525, 43.3030404523015], [76.93318124860525, 43.30304179340601], [76.93318258970976, 43.303041122853756], [76.93318326026201, 43.30305922776461], [76.93318862468004, 43.3030578866601], [76.93319667130709, 43.30305989831686], [76.9331980124116, 43.30306123942137], [76.9332167878747, 43.30306325107813], [76.93321879953146, 43.30306526273489], [76.93321879953146, 43.3030666038394], [76.93322215229273, 43.30306928604841], [76.93322483450174, 43.30307465046644], [76.93322483450174, 43.303086049854755], [76.93322349339724, 43.30308806151152], [76.93322349339724, 43.303091414272785], [76.93322215229273, 43.30309208482504], [76.93322215229273, 43.3030940964818], [76.93322081118822, 43.303094767034054], [76.93321947008371, 43.30309946089983], [76.93321544677019, 43.303100131452084], [76.93321410566568, 43.30310549587011], [76.93320740014315, 43.30311086028814], [76.93319264799356, 43.3031115308404], [76.93318862468004, 43.303109519183636], [76.93318326026201, 43.30310884863138], [76.93318258970976, 43.303123600780964], [76.93317856639624, 43.30312293022871], [76.93317119032145, 43.30312427133322], [76.93316113203764, 43.30312091857195], [76.93315643817186, 43.30312091857195], [76.93314906209707, 43.30311890691519], [76.93313900381327, 43.30311890691519], [76.93313363939524, 43.30311756581068], [76.93313229829073, 43.30311622470617], [76.93312760442495, 43.30311689525843], [76.93312224000692, 43.303114883601665], [76.93311620503664, 43.30311421304941], [76.93310748785734, 43.303109519183636], [76.93310145288706, 43.303109519183636], [76.93309810012579, 43.30310817807913], [76.93307999521494, 43.30310817807913], [76.93306993693113, 43.30311086028814], [76.93306524306536, 43.303114883601665], [76.93306121975183, 43.30311622470617], [76.93306121975183, 43.30311756581068], [76.93305719643831, 43.303118236362934], [76.9330558553338, 43.303120248019695], [76.9330545142293, 43.303120248019695], [76.93304982036352, 43.30312427133322], [76.93303909152746, 43.303125612437725], [76.93303171545267, 43.30312829464674]], [[76.93294320255518, 43.30309007316828], [76.93294387310743, 43.30309074372053], [76.93294387310743, 43.30309007316828], [76.93294320255518, 43.30309007316828]], [[76.93316113203764, 43.303041122853756], [76.9331618025899, 43.30304179340601], [76.9331618025899, 43.303041122853756], [76.93316113203764, 43.303041122853756]], [[76.93288955837488, 43.30303777009249], [76.93289022892714, 43.30303978174925], [76.93289022892714, 43.30303777009249], [76.93288955837488, 43.30303777009249]]]}, "properties": {"id": 529, "class": "road", "confidence": 100.0, "source": "Almaty_10", "source_model": "unet-roads", "centroid_wkt": "POINT (76.93294003976287 43.303005164572824)", "bbox": [76.93265955895185, 43.302915059030056, 76.93322483450174, 43.30312829464674], "pixel_bbox": [1524, 4254, 2367, 4572], "area_m2": 487.905}}]}