{"type": "FeatureCollection", "crs": {"type": "name", "properties": {"name": "EPSG:4326"}}, "features": [{"type": "Feature", "geometry": {"type": "Polygon", "coordinates": [[[76.94898176338646, 43.24859609243341], [76.94899275183668, 43.24848408542912], [76.94840173554849, 43.24845329310631], [76.94839073344686, 43.2485653295861], [76.94898176338646, 43.24859609243341]]]}, "properties": {"id": 0, "class": "building", "confidence": 100.0, "source": "Almaty_9", "source_model": "msft-buildings", "centroid_wkt": "POINT (76.94869173283365 43.24852469962019)", "bbox": [76.94839073344686, 43.24845329310631, 76.94899275183668, 43.24859609243341], "pixel_bbox": [1326, 164, 2223, 377], "area_m2": 600.404}}, {"type": "Feature", "geometry": {"type": "Polygon", "coordinates": [[[76.95086601328173, 43.24602579036879], [76.9510220392183, 43.24603936053914], [76.95105726813935, 43.24582444224223], [76.95108106850986, 43.24582651347157], [76.95110488626024, 43.24568120997779], [76.95092505975707, 43.245665569689265], [76.95086601328173, 43.24602579036879]]]}, "properties": {"id": 1, "class": "building", "confidence": 100.0, "source": "Almaty_9", "source_model": "msft-buildings", "centroid_wkt": "POINT (76.95097978230113 43.24584668960585)", "bbox": [76.95086601328173, 43.245665569689265, 76.95110488626024, 43.24603936053914], "pixel_bbox": [5017, 3977, 5373, 4534], "area_m2": 545.993}}, {"type": "Feature", "geometry": {"type": "Polygon", "coordinates": [[[76.95432711177533, 43.24723232427995], [76.95433875832973, 43.247086287014845], [76.95390837501974, 43.24706807594164], [76.95389672846534, 43.24721411325041], [76.95432711177533, 43.24723232427995]]]}, "properties": {"id": 2, "class": "building", "confidence": 100.0, "source": "Almaty_9", "source_model": "msft-buildings", "centroid_wkt": "POINT (76.95411774338685 43.24715020012117)", "bbox": [76.95389672846534, 43.24706807594164, 76.95433875832973, 43.24723232427995], "pixel_bbox": [9537, 2198, 10196, 2443], "area_m2": 569.003}}, {"type": "Feature", "geometry": {"type": "Polygon", "coordinates": [[[76.95229509247855, 43.247586310997924], [76.95229580272489, 43.24762928657195], [76.95236135592899, 43.24762870842517], [76.95236064155391, 43.247585732887146], [76.95229509247855, 43.247586310997924]]]}, "properties": {"id": 3, "class": "building", "confidence": 100.0, "source": "Almaty_9", "source_model": "msft-buildings", "centroid_wkt": "POINT (76.95232822317537 43.247607509946114)", "bbox": [76.95229509247855, 43.247585732887146, 76.95236135592899, 43.24762928657195], "pixel_bbox": [7148, 1606, 7247, 1671], "area_m2": 25.421}}, {"type": "Feature", "geometry": {"type": "Polygon", "coordinates": [[[76.95348207808043, 43.24491620801988], [76.95476779419765, 43.2450019453508], [76.95477656030852, 43.244932192948475], [76.95474100668508, 43.244929822071946], [76.95474660300968, 43.24488525771042], [76.95349643386967, 43.244801890653676], [76.95348207808043, 43.24491620801988]]]}, "properties": {"id": 4, "class": "building", "confidence": 100.0, "source": "Almaty_9", "source_model": "msft-buildings", "centroid_wkt": "POINT (76.95412525670748 43.24490184395295)", "bbox": [76.95348207808043, 43.244801890653676, 76.95477656030852, 43.2450019453508], "pixel_bbox": [8918, 5524, 10849, 5822], "area_m2": 1322.883}}, {"type": "Feature", "geometry": {"type": "Polygon", "coordinates": [[[76.95492935854247, 43.24344791767787], [76.95492300660253, 43.243506165688366], [76.95512024543676, 43.24351757910663], [76.95514078337587, 43.24332924370691], [76.95433317031136, 43.24328251022816], [76.9543318999234, 43.24329415986633], [76.95387611829292, 43.24326778551606], [76.95387654175559, 43.2432639023019], [76.95366597597311, 43.24325171765592], [76.95365263689926, 43.24337403880756], [76.95492935854247, 43.24344791767787]]]}, "properties": {"id": 5, "class": "building", "confidence": 100.0, "source": "Almaty_9", "source_model": "msft-buildings", "centroid_wkt": "POINT (76.95444658026895 43.24336219823493)", "bbox": [76.95365263689926, 43.24325171765592, 76.95514078337587, 43.24351757910663], "pixel_bbox": [9173, 7737, 11392, 8134], "area_m2": 1782.32}}, {"type": "Feature", "geometry": {"type": "Polygon", "coordinates": [[[76.95499593267256, 43.2476885669669], [76.95504218793381, 43.247149488292244], [76.95487653732299, 43.24714195544027], [76.95483028206169, 43.24768103418158], [76.95499593267256, 43.2476885669669]]]}, "properties": {"id": 6, "class": "building", "confidence": 100.0, "source": "Almaty_9", "source_model": "msft-buildings", "centroid_wkt": "POINT (76.95493623499618 43.24741526121864)", "bbox": [76.95483028206169, 43.24714195544027, 76.95504218793381, 43.2476885669669], "pixel_bbox": [10929, 1517, 11245, 2332], "area_m2": 808.848}}, {"type": "Feature", "geometry": {"type": "Polygon", "coordinates": [[[76.9546071413043, 43.24541021757337], [76.95459983196432, 43.245491929412644], [76.9544546260812, 43.24548502997844], [76.95446072371273, 43.2454169370885], [76.95433349566802, 43.245410891860985], [76.95432801635438, 43.245472145662916], [76.95430664940146, 43.245471131504615], [76.95429098645887, 43.245646228788885], [76.95453303941648, 43.245657717525205], [76.95452458621509, 43.24575211491716], [76.95457633765714, 43.24575457386794], [76.95457869091757, 43.24572826666072], [76.95465614612202, 43.24573194296893], [76.95468459615702, 43.24541389783288], [76.9546071413043, 43.24541021757337]]]}, "properties": {"id": 7, "class": "building", "confidence": 100.0, "source": "Almaty_9", "source_model": "msft-buildings", "centroid_wkt": "POINT (76.95449848457028 43.24556515568184)", "bbox": [76.95429098645887, 43.24541021757337, 76.95468459615702, 43.24575457386794], "pixel_bbox": [10125, 4401, 10712, 4915], "area_m2": 795.208}}, {"type": "Feature", "geometry": {"type": "Polygon", "coordinates": [[[76.95555306728856, 43.24436717474574], [76.95554928732177, 43.24443936115721], [76.9556403499361, 43.24444189137229], [76.95564178019382, 43.24441457760617], [76.95572480787159, 43.24441688456792], [76.95572715758065, 43.24437201192727], [76.95555306728856, 43.24436717474574]]]}, "properties": {"id": 8, "class": "building", "confidence": 100.0, "source": "Almaty_9", "source_model": "msft-buildings", "centroid_wkt": "POINT (76.95562845548339 43.24440046765935)", "bbox": [76.95554928732177, 43.24436717474574, 76.95572715758065, 43.24444189137229], "pixel_bbox": [12001, 6359, 12266, 6470], "area_m2": 93.065}}, {"type": "Feature", "geometry": {"type": "Polygon", "coordinates": [[[76.9509498505967, 43.247099619691255], [76.95095150004224, 43.24708015649267], [76.95097441546783, 43.247081186875256], [76.9509773878232, 43.247046153253464], [76.9510212697184, 43.24704812638574], [76.95103215605894, 43.2469196690514], [76.94995265716415, 43.246871129684266], [76.9499432553246, 43.24698207021373], [76.95089449692493, 43.247024842451474], [76.950890043422, 43.24707739312116], [76.95078850639726, 43.247072827550596], [76.9507504042053, 43.247522425905125], [76.9507414971994, 43.24762752634062], [76.9507575293612, 43.24762824721364], [76.95070771610595, 43.248216027780686], [76.95086269367006, 43.24822299615221], [76.95092108404212, 43.24753400784164], [76.95102796512079, 43.247538813669], [76.95106474775628, 43.2471047859925], [76.9509498505967, 43.247099619691255]]]}, "properties": {"id": 9, "class": "building", "confidence": 100.0, "source": "Almaty_9", "source_model": "msft-buildings", "centroid_wkt": "POINT (76.95073836373471 43.247355827036124)", "bbox": [76.9499432553246, 43.246871129684266, 76.95106474775628, 43.24822299615221], "pixel_bbox": [3641, 720, 5313, 2736], "area_m2": 3234.67}}, {"type": "Feature", "geometry": {"type": "Polygon", "coordinates": [[[76.95434132542402, 43.24378768266737], [76.95435502368343, 43.243684144570686], [76.95372675100171, 43.243640037472126], [76.95371305840298, 43.24374360807214], [76.95434132542402, 43.24378768266737]]]}, "properties": {"id": 10, "class": "building", "confidence": 100.0, "source": "Almaty_9", "source_model": "msft-buildings", "centroid_wkt": "POINT (76.95403402356281 43.243713866931365)", "bbox": [76.95371305840298, 43.243640037472126, 76.95435502368343, 43.24378768266737], "pixel_bbox": [9263, 7335, 10220, 7555], "area_m2": 592.493}}, {"type": "Feature", "geometry": {"type": "Polygon", "coordinates": [[[76.95065568352672, 43.24870043526491], [76.95021598731867, 43.248674568085576], [76.95021247163822, 43.24870627373457], [76.95065503612784, 43.24870627373457], [76.95065568352672, 43.24870043526491]]]}, "properties": {"id": 11, "class": "building", "confidence": 100.0, "source": "Almaty_9", "source_model": "msft-buildings", "centroid_wkt": "POINT (76.95038413959135 43.248695402538935)", "bbox": [76.95021247163822, 43.248674568085576, 76.95065568352672, 43.24870627373457], "pixel_bbox": [4042, 0, 4703, 47], "area_m2": 74.957}}, {"type": "Feature", "geometry": {"type": "Polygon", "coordinates": [[[76.94980929104685, 43.24766622166581], [76.94982810256288, 43.247520985380824], [76.94983607819907, 43.24752153347361], [76.94984184706396, 43.24747699427724], [76.94980462742828, 43.24747443650897], [76.94981340613576, 43.24740665940565], [76.94984796722603, 43.24740903447884], [76.94985850167498, 43.24732770185851], [76.9498133064031, 43.24732459598942], [76.94987450653514, 43.24685209002291], [76.9497203109016, 43.24684149344497], [76.94961521723224, 43.24765288477152], [76.94980929104685, 43.24766622166581]]]}, "properties": {"id": 12, "class": "building", "confidence": 100.0, "source": "Almaty_9", "source_model": "msft-buildings", "centroid_wkt": "POINT (76.94975082426477 43.24727464896203)", "bbox": [76.94961521723224, 43.24684149344497, 76.94987450653514, 43.24766622166581], "pixel_bbox": [3152, 1551, 3538, 2780], "area_m2": 1251.036}}, {"type": "Feature", "geometry": {"type": "Polygon", "coordinates": [[[76.9519948742035, 43.24387722052652], [76.95200070882362, 43.24381588030615], [76.95205943547799, 43.24381884442574], [76.95207756149604, 43.24362828254435], [76.95190672031967, 43.24361965962362], [76.95187083820231, 43.24399689384384], [76.95289054647394, 43.2440483615651], [76.95290247233343, 43.24392298353428], [76.9519948742035, 43.24387722052652]]]}, "properties": {"id": 13, "class": "building", "confidence": 100.0, "source": "Almaty_9", "source_model": "msft-buildings", "centroid_wkt": "POINT (76.95228983118056 43.243908322306524)", "bbox": [76.95187083820231, 43.24361965962362, 76.95290247233343, 43.2440483615651], "pixel_bbox": [6515, 6946, 8054, 7585], "area_m2": 1516.412}}, {"type": "Feature", "geometry": {"type": "Polygon", "coordinates": [[[76.94776606109522, 43.244521393470016], [76.9478226485682, 43.244073856273474], [76.94764871430425, 43.24406218644392], [76.94760578593831, 43.244401955479916], [76.94750156253576, 43.24439496813357], [76.94750156253576, 43.24450364750336], [76.94776606109522, 43.244521393470016]]]}, "properties": {"id": 14, "class": "building", "confidence": 100.0, "source": "Almaty_9", "source_model": "msft-buildings", "centroid_wkt": "POINT (76.94768873399444 43.24431074212832)", "bbox": [76.94750156253576, 43.24406218644392, 76.9478226485682, 43.244521393470016], "pixel_bbox": [0, 6240, 478, 6925], "area_m2": 803.772}}, {"type": "Feature", "geometry": {"type": "Polygon", "coordinates": [[[76.9485169700926, 43.24437232775472], [76.94887907849147, 43.24439673345518], [76.94893573068892, 43.24436693227066], [76.94895888444267, 43.24446485278352], [76.94908201622417, 43.24451170218946], [76.94922065889322, 43.24449430701043], [76.9492370168341, 43.24456348693724], [76.94926397591959, 43.24456530394403], [76.94935039221303, 43.24459818372334], [76.94938149820494, 43.244581820858734], [76.9494032354421, 43.24455150612835], [76.9494416599735, 43.244546685093795], [76.94944434589583, 43.24452552324257], [76.94956407333802, 43.24435857349367], [76.9495597778727, 43.244340407340886], [76.94949257898443, 43.24427262271133], [76.94954541891346, 43.24426599298068], [76.94947948001189, 43.24424090432982], [76.94948347871494, 43.24423532845941], [76.94935716997371, 43.24410790611221], [76.94938241793731, 43.244104738287255], [76.94938418559661, 43.244090811148496], [76.94925026844516, 43.244081785238315], [76.94921284439187, 43.24413397018821], [76.94913263072007, 43.244128563854126], [76.94914065261726, 43.24406536045567], [76.94906645031485, 43.24399050376918], [76.94877204976467, 43.24397067637971], [76.94874283046393, 43.244011420514425], [76.94871901745088, 43.24400236002398], [76.94856141744552, 43.244022133895996], [76.9485169700926, 43.24437232775472]]]}, "properties": {"id": 15, "class": "building", "confidence": 100.0, "source": "Almaty_9", "source_model": "msft-buildings", "centroid_wkt": "POINT (76.94903285968493 43.24425963168259)", "bbox": [76.9485169700926, 43.24397067637971, 76.94956407333802, 43.24459818372334], "pixel_bbox": [1514, 6126, 3075, 7062], "area_m2": 3662.322}}, {"type": "Feature", "geometry": {"type": "Polygon", "coordinates": [[[76.95087610872808, 43.24371233235311], [76.95106335028399, 43.24372676613027], [76.95108915744447, 43.24354900156801], [76.95090193277895, 43.24353456905074], [76.95087610872808, 43.24371233235311]]]}, "properties": {"id": 16, "class": "building", "confidence": 100.0, "source": "Almaty_9", "source_model": "msft-buildings", "centroid_wkt": "POINT (76.95098263711122 43.24363066861112)", "bbox": [76.95087610872808, 43.24353456905074, 76.95108915744447, 43.24372676613027], "pixel_bbox": [5032, 7425, 5350, 7712], "area_m2": 303.681}}, {"type": "Feature", "geometry": {"type": "Polygon", "coordinates": [[[76.95613284909716, 43.24430926847613], [76.95613547690745, 43.24424399377905], [76.95623568081675, 43.24424613941568], [76.95623832496648, 43.24418061516168], [76.95620243226635, 43.24417984843102], [76.95620276889147, 43.24417148666353], [76.95614799426052, 43.24413294097323], [76.9561502472062, 43.2440769777394], [76.95615896172882, 43.24406038718555], [76.95616560988465, 43.2438952464655], [76.95604119275097, 43.24380769191892], [76.95597493232901, 43.24378922016626], [76.955936973333, 43.243788407355446], [76.95601623538555, 43.243810503638], [76.95563663213608, 43.24380239460087], [76.95564106958541, 43.243805517315195], [76.9556159155848, 43.24380497869613], [76.95555699837634, 43.24384940464918], [76.95555727830705, 43.2438424676882], [76.9555195398937, 43.24391431363592], [76.9556033203565, 43.243937669489995], [76.95559935338994, 43.244036209240356], [76.95561792047906, 43.2440413852612], [76.95561684442289, 43.24406811454845], [76.95559214421337, 43.24411512975256], [76.95552496053611, 43.24411369116529], [76.95551080453315, 43.24410372865495], [76.95550692243278, 43.24420016006207], [76.95557781022082, 43.24420167434831], [76.95560264193031, 43.244154400264286], [76.9555968682236, 43.24429781901317], [76.95613284909716, 43.24430926847613]]]}, "properties": {"id": 17, "class": "building", "confidence": 100.0, "source": "Almaty_9", "source_model": "msft-buildings", "centroid_wkt": "POINT (76.95586761223268 43.24405939456309)", "bbox": [76.95550692243278, 43.243788407355446, 76.95623832496648, 43.24430926847613], "pixel_bbox": [11938, 6557, 13029, 7334], "area_m2": 2620.821}}, {"type": "Feature", "geometry": {"type": "Polygon", "coordinates": [[[76.95508918737795, 43.24681773211671], [76.95509202695908, 43.24676310554204], [76.9549607868734, 43.246759485879785], [76.95495794729227, 43.2468141124577], [76.95508918737795, 43.24681773211671]]]}, "properties": {"id": 18, "class": "building", "confidence": 100.0, "source": "Almaty_9", "source_model": "msft-buildings", "centroid_wkt": "POINT (76.95502498712503 43.24678860899903)", "bbox": [76.95495794729227, 43.246759485879785, 76.95509202695908, 43.24681773211671], "pixel_bbox": [11119, 2816, 11319, 2903], "area_m2": 64.778}}, {"type": "Feature", "geometry": {"type": "Polygon", "coordinates": [[[76.94752255402567, 43.24695809914012], [76.9475573330546, 43.24666453623275], [76.94750156253576, 43.24666103054866], [76.94750156253576, 43.24695678071076], [76.94752255402567, 43.24695809914012]]]}, "properties": {"id": 19, "class": "building", "confidence": 100.0, "source": "Almaty_9", "source_model": "msft-buildings", "centroid_wkt": "POINT (76.9475220661533 43.24678786129422)", "bbox": [76.94750156253576, 43.24666103054866, 76.9475573330546, 43.24695809914012], "pixel_bbox": [0, 2607, 83, 3050], "area_m2": 102.418}}, {"type": "Feature", "geometry": {"type": "Polygon", "coordinates": [[[76.95013982031612, 43.24399843950275], [76.95014133600954, 43.2440335738386], [76.95021636376985, 43.24403185635714], [76.95021484807648, 43.24399672202029], [76.95013982031612, 43.24399843950275]]]}, "properties": {"id": 20, "class": "building", "confidence": 100.0, "source": "Almaty_9", "source_model": "msft-buildings", "centroid_wkt": "POINT (76.95017809204317 43.24401514792968)", "bbox": [76.95013982031612, 43.24399672202029, 76.95021636376985, 43.2440335738386], "pixel_bbox": [3934, 6968, 4048, 7023], "area_m2": 23.809}}, {"type": "Feature", "geometry": {"type": "Polygon", "coordinates": [[[76.95690342965815, 43.248087154046644], [76.95691118256, 43.247950628161966], [76.95685349317174, 43.24794889004412], [76.95684575336583, 43.24808541632726], [76.95690342965815, 43.248087154046644]]]}, "properties": {"id": 21, "class": "building", "confidence": 100.0, "source": "Almaty_9", "source_model": "msft-buildings", "centroid_wkt": "POINT (76.95687846483537 43.24801801956196)", "bbox": [76.95684575336583, 43.24794889004412, 76.95691118256, 43.248087154046644], "pixel_bbox": [13935, 923, 14032, 1129], "area_m2": 71.175}}, {"type": "Feature", "geometry": {"type": "Polygon", "coordinates": [[[76.95697167076229, 43.24590644656013], [76.95694908989067, 43.246163292052536], [76.9569020515541, 43.246161100223375], [76.9568925535802, 43.24626925254129], [76.95686584092135, 43.246268006461065], [76.95684047904959, 43.24655679819315], [76.95687946572349, 43.24655861482994], [76.95684412646789, 43.246960575421575], [76.95702943950891, 43.24696921972293], [76.95702943950891, 43.245909138401565], [76.95697167076229, 43.24590644656013]]]}, "properties": {"id": 22, "class": "building", "confidence": 100.0, "source": "Almaty_9", "source_model": "msft-buildings", "centroid_wkt": "POINT (76.9569514299854 43.24651360659929)", "bbox": [76.95684047904959, 43.24590644656013, 76.95702943950891, 43.24696921972293], "pixel_bbox": [13927, 2590, 14209, 4175], "area_m2": 1361.875}}, {"type": "Feature", "geometry": {"type": "Polygon", "coordinates": [[[76.94750506400635, 43.24481623513188], [76.94750156253576, 43.24481604858626], [76.94750156253576, 43.24485110855819], [76.94750506400635, 43.24481623513188]]]}, "properties": {"id": 23, "class": "building", "confidence": 100.0, "source": "Almaty_9", "source_model": "msft-buildings", "centroid_wkt": "POINT (76.94750272969262 43.244827797425444)", "bbox": [76.94750156253576, 43.24481604858626, 76.94750506400635, 43.24485110855819], "pixel_bbox": [0, 5749, 5, 5801], "area_m2": 0.554}}, {"type": "Feature", "geometry": {"type": "Polygon", "coordinates": [[[76.95077380233732, 43.24357593900781], [76.95084350370844, 43.243577093927186], [76.9508465877416, 43.24347832828571], [76.95077688648138, 43.2434771698127], [76.95077380233732, 43.24357593900781]]]}, "properties": {"id": 24, "class": "building", "confidence": 100.0, "source": "Almaty_9", "source_model": "msft-buildings", "centroid_wkt": "POINT (76.95081019485818 43.24352713275488)", "bbox": [76.95077380233732, 43.2434771698127, 76.9508465877416, 43.243577093927186], "pixel_bbox": [4879, 7649, 4988, 7798], "area_m2": 62.149}}, {"type": "Feature", "geometry": {"type": "Polygon", "coordinates": [[[76.95140286549501, 43.24869368308199], [76.9513310716808, 43.248688800681784], [76.95132883197326, 43.24870627373457], [76.95140125161181, 43.24870627373457], [76.95140286549501, 43.24869368308199]]]}, "properties": {"id": 25, "class": "building", "confidence": 100.0, "source": "Almaty_9", "source_model": "msft-buildings", "centroid_wkt": "POINT (76.95136405347982 43.248698691732244)", "bbox": [76.95132883197326, 43.248688800681784, 76.95140286549501, 43.24870627373457], "pixel_bbox": [5707, 0, 5818, 26], "area_m2": 9.822}}, {"type": "Feature", "geometry": {"type": "Polygon", "coordinates": [[[76.94799021086617, 43.24290272304106], [76.9480003343435, 43.242812201544055], [76.94750156253576, 43.24278260182477], [76.94750156253576, 43.24287369923163], [76.94799021086617, 43.24290272304106]]]}, "properties": {"id": 26, "class": "building", "confidence": 100.0, "source": "Almaty_9", "source_model": "msft-buildings", "centroid_wkt": "POINT (76.94774843756402 43.24284265193546)", "bbox": [76.94750156253576, 43.24278260182477, 76.9480003343435, 43.24290272304106], "pixel_bbox": [0, 8654, 743, 8834], "area_m2": 405.882}}, {"type": "Feature", "geometry": {"type": "Polygon", "coordinates": [[[76.94987478788468, 43.24617169077617], [76.95001639613297, 43.24617810876225], [76.95004778417574, 43.24581105738595], [76.9499061765424, 43.24580463216973], [76.94987478788468, 43.24617169077617]]]}, "properties": {"id": 27, "class": "building", "confidence": 100.0, "source": "Almaty_9", "source_model": "msft-buildings", "centroid_wkt": "POINT (76.94996128595156 43.24599137226226)", "bbox": [76.94987478788468, 43.24580463216973, 76.95004778417574, 43.24617810876225], "pixel_bbox": [3539, 3770, 3797, 4327], "area_m2": 470.804}}, {"type": "Feature", "geometry": {"type": "Polygon", "coordinates": [[[76.95305710810997, 43.247067853855306], [76.95315763557984, 43.24707157966992], [76.95316138614959, 43.24701796162094], [76.95306085389822, 43.24701423050066], [76.95305710810997, 43.247067853855306]]]}, "properties": {"id": 28, "class": "building", "confidence": 100.0, "source": "Almaty_9", "source_model": "msft-buildings", "centroid_wkt": "POINT (76.95310924515123 43.24704290615365)", "bbox": [76.95305710810997, 43.24701423050066, 76.95316138614959, 43.24707157966992], "pixel_bbox": [8285, 2437, 8440, 2523], "area_m2": 48.762}}, {"type": "Feature", "geometry": {"type": "Polygon", "coordinates": [[[76.94820760758151, 43.246203469069975], [76.94832803382668, 43.24519513428382], [76.94836530269028, 43.24519749602724], [76.94837873484839, 43.245085026886194], [76.94824563176411, 43.24507659207223], [76.94824007362972, 43.24512313105878], [76.94819481858109, 43.245120263223974], [76.94805378092086, 43.246301178165616], [76.94930761197469, 43.24638063246936], [76.94932034936602, 43.24627398277417], [76.94820760758151, 43.246203469069975]]]}, "properties": {"id": 29, "class": "building", "confidence": 100.0, "source": "Almaty_9", "source_model": "msft-buildings", "centroid_wkt": "POINT (76.94842576847992 43.24593059768825)", "bbox": [76.94805378092086, 43.24507659207223, 76.94932034936602, 43.24638063246936], "pixel_bbox": [823, 3468, 2712, 5412], "area_m2": 2672.23}}, {"type": "Feature", "geometry": {"type": "Polygon", "coordinates": [[[76.9551091401161, 43.24606066379175], [76.95511524061628, 43.246016170576844], [76.9550604943488, 43.24601219057159], [76.95505439808147, 43.24605668409711], [76.9551091401161, 43.24606066379175]]]}, "properties": {"id": 30, "class": "building", "confidence": 100.0, "source": "Almaty_9", "source_model": "msft-buildings", "centroid_wkt": "POINT (76.95508481832968 43.24603642697259)", "bbox": [76.95505439808147, 43.24601219057159, 76.95511524061628, 43.24606066379175], "pixel_bbox": [11263, 3945, 11354, 4017], "area_m2": 22.196}}, {"type": "Feature", "geometry": {"type": "Polygon", "coordinates": [[[76.95686867872779, 43.24824406237922], [76.95687428588836, 43.24808591799241], [76.9568421208335, 43.248085312922576], [76.95684765876986, 43.24792912053104], [76.95689590635219, 43.24793002813811], [76.95691058188358, 43.247516116369695], [76.95676583913666, 43.247513393529935], [76.9567588183412, 43.247711409878164], [76.95684727240187, 43.24771306932404], [76.95684550156356, 43.24776301440792], [76.95680797566621, 43.247762308489364], [76.95680942937449, 43.247721307807936], [76.95678262516212, 43.247720803580066], [76.95677909472765, 43.247820376616474], [76.95672816672412, 43.24781941858508], [76.95673402158594, 43.24765428686981], [76.95667505221216, 43.247653180571504], [76.95666545934978, 43.24792373938554], [76.95668154187722, 43.247924041921266], [76.95667032755605, 43.248240331124855], [76.95686867872779, 43.24824406237922]]]}, "properties": {"id": 31, "class": "building", "confidence": 100.0, "source": "Almaty_9", "source_model": "msft-buildings", "centroid_wkt": "POINT (76.95678659485495 43.24789367427739)", "bbox": [76.95666545934978, 43.247513393529935, 76.95691058188358, 43.24824406237922], "pixel_bbox": [13666, 689, 14031, 1778], "area_m2": 1186.537}}, {"type": "Feature", "geometry": {"type": "Polygon", "coordinates": [[[76.95580303017226, 43.247182495862], [76.9557860751676, 43.247315071444696], [76.95578988398053, 43.24731532969546], [76.95574607136277, 43.24765816816751], [76.95595082728026, 43.24767205125107], [76.95601158092657, 43.24719664698955], [76.95580303017226, 43.247182495862]]]}, "properties": {"id": 32, "class": "building", "confidence": 100.0, "source": "Almaty_9", "source_model": "msft-buildings", "centroid_wkt": "POINT (76.95587840169455 43.247426485512925)", "bbox": [76.95574607136277, 43.247182495862, 76.95601158092657, 43.24767205125107], "pixel_bbox": [12295, 1542, 12691, 2272], "area_m2": 890.481}}, {"type": "Feature", "geometry": {"type": "Polygon", "coordinates": [[[76.95210403193175, 43.243533318916356], [76.95212793218933, 43.24328051804928], [76.95207567768352, 43.243277893896725], [76.95208073067528, 43.24322450086961], [76.95263332436105, 43.24325222324315], [76.95264455049438, 43.24313360088113], [76.95198402226488, 43.243100463610034], [76.95194385984892, 43.24352527531805], [76.95210403193175, 43.243533318916356]]]}, "properties": {"id": 33, "class": "building", "confidence": 100.0, "source": "Almaty_9", "source_model": "msft-buildings", "centroid_wkt": "POINT (76.95220688206057 43.2432532994566)", "bbox": [76.95194385984892, 43.243100463610034, 76.95264455049438, 43.243533318916356], "pixel_bbox": [6624, 7714, 7669, 8359], "area_m2": 1129.682}}, {"type": "Feature", "geometry": {"type": "Polygon", "coordinates": [[[76.95122950153937, 43.2451685569184], [76.95123669522074, 43.24507702833597], [76.94989462514287, 43.24502105966642], [76.94988743146155, 43.24511258833294], [76.95122950153937, 43.2451685569184]]]}, "properties": {"id": 34, "class": "building", "confidence": 100.0, "source": "Almaty_9", "source_model": "msft-buildings", "centroid_wkt": "POINT (76.95056206323873 43.245094808309126)", "bbox": [76.94988743146155, 43.24502105966642, 76.95123669522074, 43.2451685569184], "pixel_bbox": [3558, 5275, 5570, 5495], "area_m2": 1111.987}}, {"type": "Feature", "geometry": {"type": "Polygon", "coordinates": [[[76.94853246840768, 43.2453678556395], [76.94856938223143, 43.24538798286743], [76.94856040263524, 43.24542313043674], [76.94864209698704, 43.24543420910217], [76.94863080978395, 43.24542805419515], [76.9490694999695, 43.24548752308451], [76.94903792107858, 43.24547030314234], [76.94926389048541, 43.245500947086036], [76.94925912092691, 43.245498346493925], [76.94931261546247, 43.24550560094097], [76.94934950057639, 43.24546970990643], [76.94934861273715, 43.245473183740316], [76.94939275571507, 43.24543023042089], [76.9494043466753, 43.245384861558286], [76.94934790380088, 43.2453540832519], [76.94907310814612, 43.245316817838635], [76.94913806934271, 43.24535223789564], [76.94862060132947, 43.24528208971343], [76.94853246840768, 43.2453678556395]]]}, "properties": {"id": 35, "class": "building", "confidence": 100.0, "source": "Almaty_9", "source_model": "msft-buildings", "centroid_wkt": "POINT (76.94897667482321 43.245394955598734)", "bbox": [76.94853246840768, 43.24528208971343, 76.9494043466753, 43.24550560094097], "pixel_bbox": [1537, 4773, 2837, 5106], "area_m2": 1069.557}}, {"type": "Feature", "geometry": {"type": "Polygon", "coordinates": [[[76.94792488801103, 43.24313064566006], [76.94792456017512, 43.24312283750966], [76.94798887303008, 43.2431214046309], [76.94798493899906, 43.24302770674577], [76.94779200043413, 43.2430320053886], [76.94779626230107, 43.243133511417156], [76.94792488801103, 43.24313064566006]]]}, "properties": {"id": 36, "class": "building", "confidence": 100.0, "source": "Almaty_9", "source_model": "msft-buildings", "centroid_wkt": "POINT (76.94788885644537 43.24307941392459)", "bbox": [76.94779200043413, 43.24302770674577, 76.94798887303008, 43.243133511417156], "pixel_bbox": [433, 8310, 726, 8468], "area_m2": 172.344}}, {"type": "Feature", "geometry": {"type": "Polygon", "coordinates": [[[76.95314097784765, 43.24813835406419], [76.95307232370892, 43.2482249709279], [76.95307344029327, 43.24821522210814], [76.95304194219618, 43.24825495654141], [76.95310739931367, 43.248282483086854], [76.95310348123984, 43.24831666279631], [76.95313790623021, 43.24831875646257], [76.9532330255426, 43.248358756743094], [76.95327646995514, 43.24836139673786], [76.95333077547079, 43.24838423368435], [76.95391453437341, 43.24841970704653], [76.95392813614312, 43.24842542764941], [76.953975968776, 43.24842833673925], [76.95398705841382, 43.24841434565459], [76.95403674717444, 43.24841736509805], [76.95407752479825, 43.2484345131831], [76.95422417794096, 43.2484434323468], [76.95424561881843, 43.2484163817708], [76.95428144420265, 43.248418558776585], [76.95429379910979, 43.2484029713801], [76.95430069529608, 43.24834276141117], [76.95426486991191, 43.24832769585332], [76.95426931595233, 43.24828887784174], [76.95401227045208, 43.248273257889416], [76.95402855979852, 43.248280108843915], [76.95379237235394, 43.24826575637669], [76.95377337081094, 43.248257765696415], [76.95336602172075, 43.24823299142497], [76.95314097784765, 43.24813835406419]]]}, "properties": {"id": 37, "class": "building", "confidence": 100.0, "source": "Almaty_9", "source_model": "msft-buildings", "centroid_wkt": "POINT (76.9536689225797 43.248319701928786)", "bbox": [76.95304194219618, 43.24813835406419, 76.95430069529608, 43.2484434323468], "pixel_bbox": [8262, 391, 10139, 846], "area_m2": 1678.17}}, {"type": "Feature", "geometry": {"type": "Polygon", "coordinates": [[[76.95245671256242, 43.248637583655956], [76.95229970465431, 43.24862741044581], [76.95229007327443, 43.24870627373457], [76.95244832361031, 43.24870627373457], [76.95245671256242, 43.248637583655956]]]}, "properties": {"id": 38, "class": "building", "confidence": 100.0, "source": "Almaty_9", "source_model": "msft-buildings", "centroid_wkt": "POINT (76.9523718922099 43.24866932694252)", "bbox": [76.95229007327443, 43.24862741044581, 76.95245671256242, 43.24870627373457], "pixel_bbox": [7141, 0, 7389, 117], "area_m2": 105.338}}, {"type": "Feature", "geometry": {"type": "Polygon", "coordinates": [[[76.94763048487381, 43.24416619828167], [76.94762939031409, 43.24411345689446], [76.94755430562162, 43.24411428374746], [76.9475554001813, 43.244167025133954], [76.94763048487381, 43.24416619828167]]]}, "properties": {"id": 39, "class": "building", "confidence": 100.0, "source": "Almaty_9", "source_model": "msft-buildings", "centroid_wkt": "POINT (76.94759239524778 43.24414024101439)", "bbox": [76.94755430562162, 43.24411345689446, 76.94763048487381, 43.244167025133954], "pixel_bbox": [78, 6769, 192, 6849], "area_m2": 35.74}}, {"type": "Feature", "geometry": {"type": "Polygon", "coordinates": [[[76.94774276632175, 43.24319077759777], [76.94772383385722, 43.243553670643344], [76.94790328268367, 43.24355863848314], [76.94792221514818, 43.243195745467155], [76.94774276632175, 43.24319077759777]]]}, "properties": {"id": 40, "class": "building", "confidence": 100.0, "source": "Almaty_9", "source_model": "msft-buildings", "centroid_wkt": "POINT (76.9478230245015 43.243374708047554)", "bbox": [76.94772383385722, 43.24319077759777, 76.94792221514818, 43.24355863848314], "pixel_bbox": [331, 7676, 627, 8225], "area_m2": 588.443}}, {"type": "Feature", "geometry": {"type": "Polygon", "coordinates": [[[76.94940686088694, 43.2438161366396], [76.94941917874063, 43.24365446621151], [76.94890955601129, 43.24363383637468], [76.94889722267223, 43.24379550623064], [76.94940686088694, 43.2438161366396]]]}, "properties": {"id": 41, "class": "building", "confidence": 100.0, "source": "Almaty_9", "source_model": "msft-buildings", "centroid_wkt": "POINT (76.94915820453222 43.24372498677279)", "bbox": [76.94889722267223, 43.24363383637468, 76.94941917874063, 43.2438161366396], "pixel_bbox": [2081, 7292, 2859, 7564], "area_m2": 745.727}}, {"type": "Feature", "geometry": {"type": "Polygon", "coordinates": [[[76.95136311263556, 43.24370076785215], [76.95139192151848, 43.24351359900946], [76.95116411714088, 43.24349498143556], [76.95113530825796, 43.24368215033546], [76.95136311263556, 43.24370076785215]]]}, "properties": {"id": 42, "class": "building", "confidence": 100.0, "source": "Almaty_9", "source_model": "msft-buildings", "centroid_wkt": "POINT (76.95126361488258 43.24359787465709)", "bbox": [76.95113530825796, 43.24349498143556, 76.95139192151848, 43.24370076785215], "pixel_bbox": [5419, 7464, 5801, 7771], "area_m2": 389.567}}, {"type": "Feature", "geometry": {"type": "Polygon", "coordinates": [[[76.95566484940724, 43.24734292409794], [76.95567598004101, 43.24719684427224], [76.95520001299303, 43.24717760222325], [76.95518888235927, 43.2473236820951], [76.95566484940724, 43.24734292409794]]]}, "properties": {"id": 43, "class": "building", "confidence": 100.0, "source": "Almaty_9", "source_model": "msft-buildings", "centroid_wkt": "POINT (76.95543243118763 43.24726026317153)", "bbox": [76.95518888235927, 43.24717760222325, 76.95567598004101, 43.24734292409794], "pixel_bbox": [11464, 2033, 12190, 2279], "area_m2": 629.266}}, {"type": "Feature", "geometry": {"type": "Polygon", "coordinates": [[[76.95150823883894, 43.24716350964283], [76.951801141894, 43.24719765969373], [76.95180825811656, 43.2471652759149], [76.95151535506152, 43.24713112584585], [76.95150823883894, 43.24716350964283]]]}, "properties": {"id": 44, "class": "building", "confidence": 100.0, "source": "Almaty_9", "source_model": "msft-buildings", "centroid_wkt": "POINT (76.95165824846444 43.24716439277274)", "bbox": [76.95150823883894, 43.24713112584585, 76.95180825811656, 43.24719765969373], "pixel_bbox": [5975, 2249, 6422, 2349], "area_m2": 87.775}}, {"type": "Feature", "geometry": {"type": "Polygon", "coordinates": [[[76.95511019822042, 43.24668868131208], [76.95509881646268, 43.24680335302138], [76.95619814034133, 43.24686124651465], [76.95620952209903, 43.24674657491432], [76.95511019822042, 43.24668868131208]]]}, "properties": {"id": 45, "class": "building", "confidence": 100.0, "source": "Almaty_9", "source_model": "msft-buildings", "centroid_wkt": "POINT (76.95565416919428 43.24677496393595)", "bbox": [76.95509881646268, 43.24668868131208, 76.95620952209903, 43.24686124651465], "pixel_bbox": [11329, 2751, 12986, 3008], "area_m2": 1143.354}}, {"type": "Feature", "geometry": {"type": "Polygon", "coordinates": [[[76.95695517633666, 43.24725120714919], [76.95695838509432, 43.247335965805235], [76.95702943950891, 43.247334538596576], [76.95702943950891, 43.247249719272844], [76.95695517633666, 43.24725120714919]]]}, "properties": {"id": 46, "class": "building", "confidence": 100.0, "source": "Almaty_9", "source_model": "msft-buildings", "centroid_wkt": "POINT (76.95699310394382 43.24729254568045)", "bbox": [76.95695517633666, 43.247249719272844, 76.95702943950891, 43.247335965805235], "pixel_bbox": [14098, 2043, 14209, 2172], "area_m2": 55.606}}, {"type": "Feature", "geometry": {"type": "Polygon", "coordinates": [[[76.95537158929416, 43.24507242169758], [76.9554375980633, 43.24507847579068], [76.9554492336796, 43.245011159895164], [76.95538322491048, 43.24500510579536], [76.95537158929416, 43.24507242169758]]]}, "properties": {"id": 47, "class": "building", "confidence": 100.0, "source": "Almaty_9", "source_model": "msft-buildings", "centroid_wkt": "POINT (76.95541041148635 43.24504179079455)", "bbox": [76.95537158929416, 43.24500510579536, 76.9554492336796, 43.24507847579068], "pixel_bbox": [11736, 5410, 11852, 5519], "area_m2": 40.728}}, {"type": "Feature", "geometry": {"type": "Polygon", "coordinates": [[[76.95079795547854, 43.24863610444945], [76.95081275816517, 43.24851003682092], [76.95065033152562, 43.24849991822363], [76.95065397526386, 43.24846888614683], [76.95031847105764, 43.2484479854217], [76.95031573825393, 43.24847125948879], [76.95018792712774, 43.24846329730894], [76.95017221350658, 43.248597123039545], [76.95079795547854, 43.24863610444945]]]}, "properties": {"id": 48, "class": "building", "confidence": 100.0, "source": "Almaty_9", "source_model": "msft-buildings", "centroid_wkt": "POINT (76.95048890567801 43.24854349265011)", "bbox": [76.95017221350658, 43.2484479854217, 76.95081275816517, 43.24863610444945], "pixel_bbox": [3982, 104, 4938, 385], "area_m2": 820.582}}, {"type": "Feature", "geometry": {"type": "Polygon", "coordinates": [[[76.95150959920184, 43.24690323309443], [76.9514837894448, 43.24713223085633], [76.95181682097406, 43.247152146068], [76.95182360150348, 43.24709198574208], [76.9519967778987, 43.2471023416598], [76.95200409536402, 43.247037417308], [76.95205205217793, 43.24704028267486], [76.95204889024726, 43.24706833697291], [76.9520275762294, 43.247067062397775], [76.95196370801699, 43.24763373173079], [76.9521993458155, 43.2476478227036], [76.95220262393852, 43.24761871294664], [76.95228669918644, 43.24762374058828], [76.95229107372154, 43.24758492778208], [76.95220699476921, 43.2475798999157], [76.95227802076782, 43.24694918469676], [76.95150959920184, 43.24690323309443]]]}, "properties": {"id": 49, "class": "building", "confidence": 100.0, "source": "Almaty_9", "source_model": "msft-buildings", "centroid_wkt": "POINT (76.95197354451508 43.2471900120226)", "bbox": [76.9514837894448, 43.24690323309443, 76.95229107372154, 43.2476478227036], "pixel_bbox": [5938, 1578, 7142, 2688], "area_m2": 2502.816}}, {"type": "Feature", "geometry": {"type": "Polygon", "coordinates": [[[76.94998375122448, 43.24446541150832], [76.95046076302185, 43.24449345157063], [76.95046828314878, 43.24442550989336], [76.95049329149516, 43.244426979953865], [76.95048339937577, 43.24451627421083], [76.95049570773865, 43.244516997729725], [76.9504731473579, 43.24472082222809], [76.95065535398388, 43.24473153279014], [76.95068770131657, 43.24443954019285], [76.95077297716863, 43.24444454859693], [76.95079942798412, 43.24420578160469], [76.9504919205383, 43.244187721066936], [76.95049655822922, 43.24414582097473], [76.95002221130224, 43.24411793740176], [76.94998375122448, 43.24446541150832]]]}, "properties": {"id": 50, "class": "building", "confidence": 100.0, "source": "Almaty_9", "source_model": "msft-buildings", "centroid_wkt": "POINT (76.95040147388825 43.2443588677364)", "bbox": [76.94998375122448, 43.24411793740176, 76.95079942798412, 43.24473153279014], "pixel_bbox": [3701, 5927, 4918, 6842], "area_m2": 2658.075}}, {"type": "Feature", "geometry": {"type": "Polygon", "coordinates": [[[76.95012567137299, 43.2486258402201], [76.95013587890712, 43.248494202108354], [76.9495236062532, 43.24846901313827], [76.94951339630641, 43.24860068241834], [76.95012567137299, 43.2486258402201]]]}, "properties": {"id": 51, "class": "building", "confidence": 100.0, "source": "Almaty_9", "source_model": "msft-buildings", "centroid_wkt": "POINT (76.9498246261306 43.248547433974544)", "bbox": [76.94951339630641, 43.24846901313827, 76.95013587890712, 43.2486258402201], "pixel_bbox": [3000, 119, 3928, 353], "area_m2": 729.598}}, {"type": "Feature", "geometry": {"type": "Polygon", "coordinates": [[[76.9564642912891, 43.242551163739094], [76.956408301601, 43.24254800086348], [76.95640644080149, 43.242565480683545], [76.9555825925338, 43.242518941222436], [76.95557287502528, 43.24261022471546], [76.9554982221078, 43.24260600755202], [76.95550545855032, 43.24253803049106], [76.95532682478355, 43.24252793940897], [76.95533344095955, 43.242465788876544], [76.95499208853427, 43.24244650573792], [76.9549573296194, 43.242499250961956], [76.95394390665689, 43.24244200229637], [76.95394933469613, 43.242391012609005], [76.95375353344505, 43.242391012609005], [76.9537505163694, 43.24241935427935], [76.95366253257379, 43.2424143840354], [76.95365446910928, 43.24249013005226], [76.95374234598602, 43.24249509425013], [76.95366600275864, 43.24261094180604], [76.95373240363313, 43.24261469619444], [76.95373746912695, 43.2425671124159], [76.9564241870468, 43.24271888574866], [76.95644822394908, 43.24272729141925], [76.95644194004916, 43.242786320389634], [76.95666589880153, 43.242798971841616], [76.95670932751287, 43.242391012609005], [76.95648133990706, 43.242391012609005], [76.9564642912891, 43.242551163739094]]]}, "properties": {"id": 52, "class": "building", "confidence": 100.0, "source": "Almaty_9", "source_model": "msft-buildings", "centroid_wkt": "POINT (76.95533605011003 43.242569997536826)", "bbox": [76.95365446910928, 43.242391012609005, 76.95670932751287, 43.242798971841616], "pixel_bbox": [9175, 8809, 13731, 9418], "area_m2": 4593.077}}, {"type": "Feature", "geometry": {"type": "Polygon", "coordinates": [[[76.95562957831352, 43.24842687893681], [76.95563094078909, 43.24841612866967], [76.9557998958195, 43.24842748945521], [76.9558162215943, 43.24829877254348], [76.95584937944034, 43.24830100382082], [76.95589602726221, 43.24793293920274], [76.95571251989428, 43.24792059044115], [76.95569669675149, 43.248045439825], [76.95574190900135, 43.248048479982096], [76.95571304815144, 43.248276200149064], [76.95521181890484, 43.24824247111273], [76.9552157500955, 43.24821147645222], [76.95474235731177, 43.248179620571456], [76.95471877016801, 43.24836558839522], [76.95562957831352, 43.24842687893681]]]}, "properties": {"id": 53, "class": "building", "confidence": 100.0, "source": "Almaty_9", "source_model": "msft-buildings", "centroid_wkt": "POINT (76.95537026558478 43.24826273361657)", "bbox": [76.95471877016801, 43.24792059044115, 76.95589602726221, 43.24842748945521], "pixel_bbox": [10763, 415, 12518, 1171], "area_m2": 2139.34}}, {"type": "Feature", "geometry": {"type": "Polygon", "coordinates": [[[76.94876177818747, 43.24806849663669], [76.94876941058651, 43.248007206000835], [76.94878005180458, 43.24800790960226], [76.9487924478486, 43.247908365224234], [76.94809544367834, 43.247862314481154], [76.94811490417956, 43.24770603970358], [76.94816544996523, 43.24770938182682], [76.94817060296734, 43.24766800131424], [76.9482264697138, 43.247671692417384], [76.94823756977763, 43.24758255470916], [76.94816574110362, 43.247577808998116], [76.94817394549862, 43.24751192451611], [76.94808881521828, 43.247506299963135], [76.94808036951754, 43.24757412222921], [76.94798725827343, 43.247567970380636], [76.94795178633025, 43.247852823102285], [76.94793848472395, 43.24785194427083], [76.94791845634788, 43.248012778894925], [76.94876177818747, 43.24806849663669]]]}, "properties": {"id": 54, "class": "building", "confidence": 100.0, "source": "Almaty_9", "source_model": "msft-buildings", "centroid_wkt": "POINT (76.94827054185129 43.24787720884652)", "bbox": [76.94791845634788, 43.247506299963135, 76.9487924478486, 43.24806849663669], "pixel_bbox": [621, 951, 1925, 1789], "area_m2": 1772.95}}, {"type": "Feature", "geometry": {"type": "Polygon", "coordinates": [[[76.95150773373418, 43.24318694364952], [76.951522394034, 43.243052978371686], [76.9501711013114, 43.24297450828047], [76.95015644101159, 43.243108473730864], [76.95150773373418, 43.24318694364952]]]}, "properties": {"id": 55, "class": "building", "confidence": 100.0, "source": "Almaty_9", "source_model": "msft-buildings", "centroid_wkt": "POINT (76.95083941737866 43.24308072599961)", "bbox": [76.95015644101159, 43.24297450828047, 76.951522394034, 43.24318694364952], "pixel_bbox": [3959, 8231, 5996, 8547], "area_m2": 1643.818}}, {"type": "Feature", "geometry": {"type": "Polygon", "coordinates": [[[76.95264837387876, 43.24827942660783], [76.9527002663396, 43.24825272618804], [76.9526636450518, 43.24821496087981], [76.95268740939078, 43.248174568594955], [76.95257793714707, 43.248061687494726], [76.95248516163451, 43.24810942376377], [76.95234099984697, 43.24806442410243], [76.95225308134985, 43.24810966126486], [76.95228006931283, 43.24813749236105], [76.95222078325877, 43.248238260973054], [76.95224745229747, 43.248265760398596], [76.95229745908937, 43.248281369817995], [76.95234511007182, 43.248330504453065], [76.95239715463954, 43.24834674728548], [76.95240802144684, 43.24835795354152], [76.9524849462102, 43.24838196133814], [76.95251657743924, 43.24841458061399], [76.95269194395263, 43.24832435772655], [76.95264837387876, 43.24827942660783]]]}, "properties": {"id": 56, "class": "building", "confidence": 100.0, "source": "Almaty_9", "source_model": "msft-buildings", "centroid_wkt": "POINT (76.95247166612057 43.248225020866194)", "bbox": [76.95222078325877, 43.248061687494726, 76.9527002663396, 43.24841458061399], "pixel_bbox": [7037, 435, 7752, 961], "area_m2": 993.763}}, {"type": "Feature", "geometry": {"type": "Polygon", "coordinates": [[[76.9549790621535, 43.24790144025037], [76.95480269327783, 43.24789359991555], [76.95478312267066, 43.2481271747616], [76.95495949154632, 43.248135015066346], [76.9549790621535, 43.24790144025037]]]}, "properties": {"id": 57, "class": "building", "confidence": 100.0, "source": "Almaty_9", "source_model": "msft-buildings", "centroid_wkt": "POINT (76.9548810924102 43.248014307498096)", "bbox": [76.95478312267066, 43.24789359991555, 76.9549790621535, 43.248135015066346], "pixel_bbox": [10859, 851, 11151, 1211], "area_m2": 373.069}}, {"type": "Feature", "geometry": {"type": "Polygon", "coordinates": [[[76.95326850481608, 43.24765132767663], [76.95323509642402, 43.248046432479725], [76.95349161542411, 43.24805794041168], [76.95352107405556, 43.24770954770589], [76.95358520380555, 43.247712424705], [76.9535825706318, 43.24774356603207], [76.95383374548607, 43.2477548342715], [76.95384625306144, 43.24760691285349], [76.95385102568886, 43.24755046905981], [76.95386171398054, 43.24755094856092], [76.95390384476069, 43.24705268384165], [76.95367137441688, 43.247042254606285], [76.9536473467063, 43.24732642175206], [76.95362864219588, 43.24732558262201], [76.95359984185788, 43.247666192184745], [76.95326850481608, 43.24765132767663]]]}, "properties": {"id": 58, "class": "building", "confidence": 100.0, "source": "Almaty_9", "source_model": "msft-buildings", "centroid_wkt": "POINT (76.95361085796496 43.24757325767925)", "bbox": [76.95323509642402, 43.247042254606285, 76.95390384476069, 43.24805794041168], "pixel_bbox": [8550, 966, 9547, 2481], "area_m2": 2483.033}}, {"type": "Feature", "geometry": {"type": "Polygon", "coordinates": [[[76.95545066943029, 43.24794734297558], [76.9554753752306, 43.24757416178971], [76.95529458930646, 43.24756781166371], [76.95526991867284, 43.24794100333832], [76.95545066943029, 43.24794734297558]]]}, "properties": {"id": 59, "class": "building", "confidence": 100.0, "source": "Almaty_9", "source_model": "msft-buildings", "centroid_wkt": "POINT (76.95537263819453 43.24775757377368)", "bbox": [76.95526991867284, 43.24756781166371, 76.9554753752306, 43.24794734297558], "pixel_bbox": [11585, 1131, 11891, 1697], "area_m2": 610.075}}, {"type": "Feature", "geometry": {"type": "Polygon", "coordinates": [[[76.95351634940113, 43.243424489195924], [76.95352445208502, 43.24329188929354], [76.95333057573664, 43.24328561264815], [76.95332248576767, 43.243418212975854], [76.95351634940113, 43.243424489195924]]]}, "properties": {"id": 60, "class": "building", "confidence": 100.0, "source": "Almaty_9", "source_model": "msft-buildings", "centroid_wkt": "POINT (76.95342346579021 43.243355050303556)", "bbox": [76.95332248576767, 43.24328561264815, 76.95352445208502, 43.243424489195924], "pixel_bbox": [8680, 7876, 8981, 8083], "area_m2": 232.419}}, {"type": "Feature", "geometry": {"type": "Polygon", "coordinates": [[[76.95529743867112, 43.243598770737975], [76.9553830980442, 43.24360767106295], [76.95539714256579, 43.24353594571381], [76.955311490785, 43.243527041800405], [76.95529743867112, 43.243598770737975]]]}, "properties": {"id": 61, "class": "building", "confidence": 100.0, "source": "Almaty_9", "source_model": "msft-buildings", "centroid_wkt": "POINT (76.9553472919973 43.24356735775558)", "bbox": [76.95529743867112, 43.243527041800405, 76.95539714256579, 43.24360767106295], "pixel_bbox": [11626, 7603, 11774, 7723], "area_m2": 56.565}}, {"type": "Feature", "geometry": {"type": "Polygon", "coordinates": [[[76.95596445358474, 43.24767459013588], [76.95595644039767, 43.24767421308085], [76.95595316195279, 43.24771117944249], [76.95600124107528, 43.247713441771324], [76.95599865282931, 43.247742625724115], [76.95607611363775, 43.24774627058532], [76.9560837058259, 43.2476606642893], [76.95607035051412, 43.247660035864065], [76.95607345640927, 43.24762501507156], [76.95602804834917, 43.247622878424565], [76.95603184444325, 43.24758007520487], [76.95608110393229, 43.24758239308001], [76.95608455120356, 43.247543480862284], [76.95603529543786, 43.247541163160875], [76.9560411621287, 43.247475012629025], [76.95598239875677, 43.247472247549624], [76.95596445358474, 43.24767459013588]]]}, "properties": {"id": 62, "class": "building", "confidence": 100.0, "source": "Almaty_9", "source_model": "msft-buildings", "centroid_wkt": "POINT (76.95601933607891 43.24762172972734)", "bbox": [76.95595316195279, 43.247472247549624, 76.95608455120356, 43.24774627058532], "pixel_bbox": [12603, 1431, 12799, 1840], "area_m2": 212.388}}, {"type": "Feature", "geometry": {"type": "Polygon", "coordinates": [[[76.94791298129327, 43.248449397004265], [76.94798212589099, 43.24845406048646], [76.947998132033, 43.24832814986637], [76.947756125941, 43.248311827643306], [76.94772091242857, 43.248588830738214], [76.94773155005899, 43.248589548195405], [76.94771671144751, 43.24870627373457], [76.94788032614358, 43.24870627373457], [76.94791298129327, 43.248449397004265]]]}, "properties": {"id": 63, "class": "building", "confidence": 100.0, "source": "Almaty_9", "source_model": "msft-buildings", "centroid_wkt": "POINT (76.94783518025194 43.24849531700626)", "bbox": [76.94771671144751, 43.248311827643306, 76.947998132033, 43.24870627373457], "pixel_bbox": [320, 0, 740, 588], "area_m2": 679.183}}, {"type": "Feature", "geometry": {"type": "Polygon", "coordinates": [[[76.94993225556078, 43.24524238646552], [76.94989094628654, 43.24560643087028], [76.95003746757568, 43.24561524532029], [76.95007877600804, 43.24525120838743], [76.94993225556078, 43.24524238646552]]]}, "properties": {"id": 64, "class": "building", "confidence": 100.0, "source": "Almaty_9", "source_model": "msft-buildings", "centroid_wkt": "POINT (76.94998486110728 43.245428817744575)", "bbox": [76.94989094628654, 43.24524238646552, 76.95007877600804, 43.24561524532029], "pixel_bbox": [3563, 4609, 3843, 5165], "area_m2": 484.562}}, {"type": "Feature", "geometry": {"type": "Polygon", "coordinates": [[[76.94898498818121, 43.247713307001526], [76.9489390766097, 43.24807556371723], [76.94909598971218, 43.24808611484483], [76.94914190128368, 43.24772385819188], [76.94898498818121, 43.247713307001526]]]}, "properties": {"id": 65, "class": "building", "confidence": 100.0, "source": "Almaty_9", "source_model": "msft-buildings", "centroid_wkt": "POINT (76.94904048894465 43.2478997109372)", "bbox": [76.9489390766097, 43.247713307001526, 76.94914190128368, 43.24808611484483], "pixel_bbox": [2143, 924, 2446, 1480], "area_m2": 517.235}}, {"type": "Feature", "geometry": {"type": "Polygon", "coordinates": [[[76.95422156580528, 43.24807096342571], [76.95408381384952, 43.24806649710561], [76.95408083493089, 43.24811524313085], [76.95421859156124, 43.248119709598946], [76.95422156580528, 43.24807096342571]]]}, "properties": {"id": 66, "class": "building", "confidence": 100.0, "source": "Almaty_9", "source_model": "msft-buildings", "centroid_wkt": "POINT (76.95415120152747 43.248093103453094)", "bbox": [76.95408083493089, 43.24806649710561, 76.95422156580528, 43.248119709598946], "pixel_bbox": [9811, 874, 10021, 954], "area_m2": 60.706}}, {"type": "Feature", "geometry": {"type": "Polygon", "coordinates": [[[76.95563332402021, 43.24599506255281], [76.95562983513388, 43.24602896646798], [76.95570985223182, 43.24603333138568], [76.95571334070074, 43.2459994315295], [76.95563332402021, 43.24599506255281]]]}, "properties": {"id": 67, "class": "building", "confidence": 100.0, "source": "Almaty_9", "source_model": "msft-buildings", "centroid_wkt": "POINT (76.9556715872233 43.24601419794041)", "bbox": [76.95562983513388, 43.24599506255281, 76.95571334070074, 43.24603333138568], "pixel_bbox": [12121, 3986, 12246, 4043], "area_m2": 24.614}}, {"type": "Feature", "geometry": {"type": "Polygon", "coordinates": [[[76.95115029380592, 43.24378256151075], [76.95111559982372, 43.24403402052738], [76.95106514747354, 43.24403032684475], [76.9510596951322, 43.244069844856774], [76.95102783071187, 43.2440675103977], [76.9510335497081, 43.24402605969608], [76.95098309735792, 43.24402236601297], [76.9509756248079, 43.24407652629107], [76.9509395038456, 43.24407388182998], [76.95093149202239, 43.24413191024434], [76.95108976629952, 43.244143497691375], [76.95108629690131, 43.24416864349076], [76.95092431830334, 43.2441567848509], [76.95085786598361, 43.24463842171416], [76.95126679555881, 43.244668359678585], [76.95138662323575, 43.243799863566224], [76.95115029380592, 43.24378256151075]]]}, "properties": {"id": 68, "class": "building", "confidence": 100.0, "source": "Almaty_9", "source_model": "msft-buildings", "centroid_wkt": "POINT (76.95113609665762 43.24426720378426)", "bbox": [76.95085786598361, 43.24378256151075, 76.95138662323575, 43.244668359678585], "pixel_bbox": [5005, 6021, 5793, 7342], "area_m2": 2772.732}}, {"type": "Feature", "geometry": {"type": "Polygon", "coordinates": [[[76.9532365483437, 43.24332055179978], [76.95324759668557, 43.24321959270871], [76.95264524529445, 43.24318461403854], [76.95263419695256, 43.24328557318757], [76.9532365483437, 43.24332055179978]]]}, "properties": {"id": 69, "class": "building", "confidence": 100.0, "source": "Almaty_9", "source_model": "msft-buildings", "centroid_wkt": "POINT (76.95294089679045 43.24325258293191)", "bbox": [76.95263419695256, 43.24318461403854, 76.95324759668557, 43.24332055179978], "pixel_bbox": [7654, 8031, 8569, 8234], "area_m2": 552.212}}, {"type": "Feature", "geometry": {"type": "Polygon", "coordinates": [[[76.94754137612243, 43.243664213596304], [76.94753692276306, 43.2437003123187], [76.9476380295485, 43.24370693615375], [76.94761976833671, 43.24385496044126], [76.94757295307956, 43.243851895815524], [76.94755270290139, 43.24401591439269], [76.9477176655739, 43.24402672157865], [76.94776064953327, 43.24367856774045], [76.94754137612243, 43.243664213596304]]]}, "properties": {"id": 70, "class": "building", "confidence": 100.0, "source": "Almaty_9", "source_model": "msft-buildings", "centroid_wkt": "POINT (76.9476600586429 43.243850101807105)", "bbox": [76.94753692276306, 43.243664213596304, 76.94776064953327, 43.24402672157865], "pixel_bbox": [52, 6978, 386, 7519], "area_m2": 477.212}}, {"type": "Feature", "geometry": {"type": "Polygon", "coordinates": [[[76.94971886422597, 43.24324852820082], [76.94974498064884, 43.242950802599836], [76.94958470255249, 43.24294334195401], [76.94955858612963, 43.24324106759144], [76.94971886422597, 43.24324852820082]]]}, "properties": {"id": 71, "class": "building", "confidence": 100.0, "source": "Almaty_9", "source_model": "msft-buildings", "centroid_wkt": "POINT (76.94965178338765 43.24309593508596)", "bbox": [76.94955858612963, 43.24294334195401, 76.94974498064884, 43.24324852820082], "pixel_bbox": [3067, 8139, 3345, 8594], "area_m2": 432.335}}, {"type": "Feature", "geometry": {"type": "Polygon", "coordinates": [[[76.94990169778072, 43.24561729070886], [76.9498950160195, 43.245798861859974], [76.95003707102421, 43.245801635604415], [76.95004030413446, 43.24571377866738], [76.95005370555, 43.245714040341745], [76.95005715420098, 43.24562032613633], [76.94990169778072, 43.24561729070886]]]}, "properties": {"id": 72, "class": "building", "confidence": 100.0, "source": "Almaty_9", "source_model": "msft-buildings", "centroid_wkt": "POINT (76.94997306843352 43.245707493998616)", "bbox": [76.9498950160195, 43.24561729070886, 76.95005715420098, 43.245801635604415], "pixel_bbox": [3569, 4331, 3811, 4606], "area_m2": 244.234}}, {"type": "Feature", "geometry": {"type": "Polygon", "coordinates": [[[76.95035396652972, 43.24410272634848], [76.95035277084334, 43.24413200791866], [76.95043584581975, 43.24413380795874], [76.95043704150615, 43.24410452638942], [76.95035396652972, 43.24410272634848]]]}, "properties": {"id": 73, "class": "building", "confidence": 100.0, "source": "Almaty_9", "source_model": "msft-buildings", "centroid_wkt": "POINT (76.95039490617455 43.24411826715382)", "bbox": [76.95035277084334, 43.24410272634848, 76.95043704150615, 43.24413380795874], "pixel_bbox": [4252, 6818, 4377, 6865], "area_m2": 21.969}}, {"type": "Feature", "geometry": {"type": "Polygon", "coordinates": [[[76.95679816987527, 43.24695673917533], [76.95680035985283, 43.246862165835296], [76.95665712777499, 43.24686039874304], [76.95665492854323, 43.24695497927415], [76.95679816987527, 43.24695673917533]]]}, "properties": {"id": 74, "class": "building", "confidence": 100.0, "source": "Almaty_9", "source_model": "msft-buildings", "centroid_wkt": "POINT (76.9567276455783 43.246908571245484)", "bbox": [76.95665492854323, 43.24686039874304, 76.95680035985283, 43.24695673917533], "pixel_bbox": [13650, 2609, 13867, 2752], "area_m2": 122.264}}, {"type": "Feature", "geometry": {"type": "Polygon", "coordinates": [[[76.9491601702037, 43.2455500197057], [76.94914798034478, 43.245696013427406], [76.94847455474509, 43.24566617874781], [76.9484597643829, 43.245843317413744], [76.94944317954437, 43.24588688538565], [76.94945065599116, 43.245797342891734], [76.94939352739259, 43.24579481193625], [76.94941305352798, 43.24556122318312], [76.9491601702037, 43.2455500197057]]]}, "properties": {"id": 75, "class": "building", "confidence": 100.0, "source": "Almaty_9", "source_model": "msft-buildings", "centroid_wkt": "POINT (76.94900514425004 43.245750627111995)", "bbox": [76.9484597643829, 43.2455500197057, 76.94945065599116, 43.24588688538565], "pixel_bbox": [1428, 4204, 2906, 4706], "area_m2": 1866.623}}, {"type": "Feature", "geometry": {"type": "Polygon", "coordinates": [[[76.95424474222582, 43.243228483169744], [76.9542419224762, 43.24326549235957], [76.95435269374208, 43.243269976475226], [76.95435551703659, 43.24323296743163], [76.95424474222582, 43.243228483169744]]]}, "properties": {"id": 76, "class": "building", "confidence": 100.0, "source": "Almaty_9", "source_model": "msft-buildings", "centroid_wkt": "POINT (76.95429871887703 43.243249229760316)", "bbox": [76.9542419224762, 43.243228483169744, 76.95435551703659, 43.243269976475226], "pixel_bbox": [10051, 8107, 10221, 8169], "area_m2": 37.106}}, {"type": "Feature", "geometry": {"type": "Polygon", "coordinates": [[[76.95558902553974, 43.24806224572275], [76.95562209818456, 43.2479751292879], [76.95555233117103, 43.24796107681239], [76.95551925852621, 43.24804819326734], [76.95558902553974, 43.24806224572275]]]}, "properties": {"id": 77, "class": "building", "confidence": 100.0, "source": "Almaty_9", "source_model": "msft-buildings", "centroid_wkt": "POINT (76.95557067835442 43.248011661271605)", "bbox": [76.95551925852621, 43.24796107681239, 76.95562209818456, 43.24806224572275], "pixel_bbox": [11956, 960, 12110, 1111], "area_m2": 59.031}}, {"type": "Feature", "geometry": {"type": "Polygon", "coordinates": [[[76.95679255594835, 43.24681927969686], [76.9566663254668, 43.24680629971609], [76.9566570444092, 43.24685418898852], [76.95678327489078, 43.24686716895907], [76.95679255594835, 43.24681927969686]]]}, "properties": {"id": 78, "class": "building", "confidence": 100.0, "source": "Almaty_9", "source_model": "msft-buildings", "centroid_wkt": "POINT (76.9567248001766 43.24683673433985)", "bbox": [76.9566570444092, 43.24680629971609, 76.95679255594835, 43.24686716895907], "pixel_bbox": [13653, 2742, 13855, 2833], "area_m2": 55.63}}, {"type": "Feature", "geometry": {"type": "Polygon", "coordinates": [[[76.94862244087088, 43.24286561807861], [76.94860926207902, 43.24298205878407], [76.94957633032797, 43.24304013969639], [76.94958950911983, 43.242923699101944], [76.94862244087088, 43.24286561807861]]]}, "properties": {"id": 79, "class": "building", "confidence": 100.0, "source": "Almaty_9", "source_model": "msft-buildings", "centroid_wkt": "POINT (76.94909938552314 43.24295287891054)", "bbox": [76.94860926207902, 43.24286561807861, 76.94958950911983, 43.24304013969639], "pixel_bbox": [1651, 8449, 3113, 8710], "area_m2": 1022.976}}, {"type": "Feature", "geometry": {"type": "Polygon", "coordinates": [[[76.94934948009505, 43.245995119133006], [76.94927480282189, 43.245987520092555], [76.94926781983042, 43.24602393116925], [76.94917573950238, 43.246014561225934], [76.94916926401044, 43.24604832605818], [76.94939917183106, 43.24607170936472], [76.94941166168952, 43.246006551487454], [76.94934851968235, 43.24600012947763], [76.94934948009505, 43.245995119133006]]]}, "properties": {"id": 80, "class": "building", "confidence": 100.0, "source": "Almaty_9", "source_model": "msft-buildings", "centroid_wkt": "POINT (76.94930633355769 43.24603197085889)", "bbox": [76.94916926401044, 43.245987520092555, 76.94941166168952, 43.24607170936472], "pixel_bbox": [2487, 3928, 2848, 4054], "area_m2": 114.648}}, {"type": "Feature", "geometry": {"type": "Polygon", "coordinates": [[[76.95200828422192, 43.24564336352887], [76.95206019782782, 43.24564450687357], [76.95206435733527, 43.24554406377103], [76.95201245326163, 43.24554292328053], [76.95200828422192, 43.24564336352887]]]}, "properties": {"id": 81, "class": "building", "confidence": 100.0, "source": "Almaty_9", "source_model": "msft-buildings", "centroid_wkt": "POINT (76.952036323211 43.24559371592072)", "bbox": [76.95200828422192, 43.24554292328053, 76.95206435733527, 43.24564450687357], "pixel_bbox": [6720, 4566, 6804, 4717], "area_m2": 47.086}}, {"type": "Feature", "geometry": {"type": "Polygon", "coordinates": [[[76.947670960767, 43.245752543741794], [76.94775178102893, 43.24520669298813], [76.94770140466605, 43.24520273783862], [76.94771695238492, 43.245097729765654], [76.9475959242387, 43.245088221414925], [76.94750156253576, 43.24572594403054], [76.94750156253576, 43.24573923542812], [76.947670960767, 43.245752543741794]]]}, "properties": {"id": 82, "class": "building", "confidence": 100.0, "source": "Almaty_9", "source_model": "msft-buildings", "centroid_wkt": "POINT (76.94762845243525 43.245433678485824)", "bbox": [76.94750156253576, 43.245088221414925, 76.94775178102893, 43.245752543741794], "pixel_bbox": [0, 4404, 373, 5395], "area_m2": 969.709}}, {"type": "Feature", "geometry": {"type": "Polygon", "coordinates": [[[76.95048646611352, 43.24399827168938], [76.9502881207363, 43.24399445938628], [76.95028599904828, 43.24405303365223], [76.95048434442549, 43.24405684595169], [76.95048646611352, 43.24399827168938]]]}, "properties": {"id": 83, "class": "building", "confidence": 100.0, "source": "Almaty_9", "source_model": "msft-buildings", "centroid_wkt": "POINT (76.95038623257987 43.24402565266986)", "bbox": [76.95028599904828, 43.24399445938628, 76.95048646611352, 43.24405684595169], "pixel_bbox": [4152, 6933, 4451, 7026], "area_m2": 104.902}}, {"type": "Feature", "geometry": {"type": "Polygon", "coordinates": [[[76.94955910705585, 43.24508225145349], [76.94956746423527, 43.244992023283906], [76.94820671520905, 43.24492514699012], [76.94819835580277, 43.2450153057755], [76.94955910705585, 43.24508225145349]]]}, "properties": {"id": 84, "class": "building", "confidence": 100.0, "source": "Almaty_9", "source_model": "msft-buildings", "centroid_wkt": "POINT (76.94888299727192 43.24500368618661)", "bbox": [76.94819835580277, 43.24492514699012, 76.94956746423527, 43.24508225145349], "pixel_bbox": [1039, 5404, 3080, 5638], "area_m2": 1112.436}}, {"type": "Feature", "geometry": {"type": "Polygon", "coordinates": [[[76.9488020794138, 43.2477171085318], [76.94864803708661, 43.247705941514965], [76.94863270616632, 43.24781814559678], [76.9487867484935, 43.24782931259304], [76.9488020794138, 43.2477171085318]]]}, "properties": {"id": 85, "class": "building", "confidence": 100.0, "source": "Almaty_9", "source_model": "msft-buildings", "centroid_wkt": "POINT (76.94871739278776 43.24776762705881)", "bbox": [76.94863270616632, 43.247705941514965, 76.9488020794138, 43.24782931259304], "pixel_bbox": [1686, 1307, 1939, 1491], "area_m2": 157.491}}, {"type": "Feature", "geometry": {"type": "Polygon", "coordinates": [[[76.95088718318208, 43.24401908685165], [76.95098091599539, 43.24401640596562], [76.95097387085208, 43.243885700374456], [76.95088013803877, 43.24388838126624], [76.95088718318208, 43.24401908685165]]]}, "properties": {"id": 86, "class": "building", "confidence": 100.0, "source": "Almaty_9", "source_model": "msft-buildings", "centroid_wkt": "POINT (76.95093052701742 43.24395239361444)", "bbox": [76.95088013803877, 43.243885700374456, 76.95098091599539, 43.24401908685165], "pixel_bbox": [5038, 6990, 5188, 7188], "area_m2": 110.716}}, {"type": "Feature", "geometry": {"type": "Polygon", "coordinates": [[[76.95478468838317, 43.24471308269792], [76.95483018522299, 43.24441786683869], [76.95481694098784, 43.244416784454614], [76.95485217007054, 43.24418819212036], [76.95470118696136, 43.244175845292446], [76.95462045986731, 43.244699661199036], [76.95478468838317, 43.24471308269792]]]}, "properties": {"id": 87, "class": "building", "confidence": 100.0, "source": "Almaty_9", "source_model": "msft-buildings", "centroid_wkt": "POINT (76.95473935360046 43.24444962530022)", "bbox": [76.95462045986731, 43.244175845292446, 76.95485217007054, 43.24471308269792], "pixel_bbox": [10616, 5955, 10962, 6756], "area_m2": 758.317}}, {"type": "Feature", "geometry": {"type": "Polygon", "coordinates": [[[76.95429849802177, 43.24455871300922], [76.95431213758728, 43.24444823885966], [76.95358310900222, 43.24440047838609], [76.95358765552406, 43.24436365359619], [76.95370206511954, 43.24437114886], [76.95371032048972, 43.24430428401132], [76.95366508850677, 43.244301323051886], [76.95366903724074, 43.24426934002484], [76.9536823406821, 43.24427021156854], [76.95369035663704, 43.24420528577122], [76.9535333750491, 43.24419500948292], [76.95349497016524, 43.244506071996675], [76.95429849802177, 43.24455871300922]]]}, "properties": {"id": 88, "class": "building", "confidence": 100.0, "source": "Almaty_9", "source_model": "msft-buildings", "centroid_wkt": "POINT (76.95382711076556 43.24443088997765)", "bbox": [76.95349497016524, 43.24419500948292, 76.95431213758728, 43.24455871300922], "pixel_bbox": [8938, 6185, 10156, 6727], "area_m2": 1081.788}}, {"type": "Feature", "geometry": {"type": "Polygon", "coordinates": [[[76.94828145261516, 43.244578565055484], [76.94849599414218, 43.244576563432396], [76.94849348674066, 43.2444339580082], [76.94827894521363, 43.244435959635986], [76.94828145261516, 43.244578565055484]]]}, "properties": {"id": 89, "class": "building", "confidence": 100.0, "source": "Almaty_9", "source_model": "msft-buildings", "centroid_wkt": "POINT (76.9483874696785 43.244506261533004)", "bbox": [76.94827894521363, 43.2444339580082, 76.94849599414218, 43.244578565055484], "pixel_bbox": [1159, 6155, 1483, 6371], "area_m2": 276.102}}, {"type": "Feature", "geometry": {"type": "Polygon", "coordinates": [[[76.9495028666109, 43.24870333252742], [76.94950255121354, 43.24870627373457], [76.94955456428698, 43.24870627373457], [76.9495028666109, 43.24870333252742]]]}, "properties": {"id": 90, "class": "building", "confidence": 100.0, "source": "Almaty_9", "source_model": "msft-buildings", "centroid_wkt": "POINT (76.94951999403713 43.24870529333218)", "bbox": [76.94950255121354, 43.24870333252742, 76.94955456428698, 43.24870627373457], "pixel_bbox": [2984, 0, 3061, 4], "area_m2": 0.69}}, {"type": "Feature", "geometry": {"type": "Polygon", "coordinates": [[[76.95629684952516, 43.24571481673321], [76.95612816781656, 43.2457096569554], [76.95610174524315, 43.24616798548139], [76.95627042695175, 43.24617314522038], [76.95629684952516, 43.24571481673321]]]}, "properties": {"id": 91, "class": "building", "confidence": 100.0, "source": "Almaty_9", "source_model": "msft-buildings", "centroid_wkt": "POINT (76.956199297383 43.24594140109705)", "bbox": [76.95610174524315, 43.2457096569554, 76.95629684952516, 43.24617314522038], "pixel_bbox": [12825, 3777, 13116, 4468], "area_m2": 698.796}}, {"type": "Feature", "geometry": {"type": "Polygon", "coordinates": [[[76.95278171629231, 43.24373691056061], [76.9528783657091, 43.24374844086821], [76.95288586171168, 43.243715099560404], [76.95278921337379, 43.24370356444775], [76.95278171629231, 43.24373691056061]]]}, "properties": {"id": 92, "class": "building", "confidence": 100.0, "source": "Almaty_9", "source_model": "msft-buildings", "centroid_wkt": "POINT (76.95283378811114 43.24372600372071)", "bbox": [76.95278171629231, 43.24370356444775, 76.95288586171168, 43.24374844086821], "pixel_bbox": [7874, 7393, 8029, 7460], "area_m2": 29.858}}, {"type": "Feature", "geometry": {"type": "Polygon", "coordinates": [[[76.95582828487404, 43.24551744961087], [76.95635430496725, 43.24553713352538], [76.9563623538773, 43.24542300418368], [76.95583632096336, 43.245403346570555], [76.95582828487404, 43.24551744961087]]]}, "properties": {"id": 93, "class": "building", "confidence": 100.0, "source": "Almaty_9", "source_model": "msft-buildings", "centroid_wkt": "POINT (76.95609532644471 43.24547023365855)", "bbox": [76.95582828487404, 43.245403346570555, 76.9563623538773, 43.24553713352538], "pixel_bbox": [12417, 4726, 13214, 4925], "area_m2": 543.053}}, {"type": "Feature", "geometry": {"type": "Polygon", "coordinates": [[[76.95020603679134, 43.24470849685991], [76.9502084282766, 43.244691892278595], [76.95013414405442, 43.244686215299886], [76.95014165911536, 43.24463403662894], [76.95012308805978, 43.244632617382955], [76.95013266447197, 43.24456612624398], [76.95005307365591, 43.24456004776776], [76.9500335900232, 43.244695326858135], [76.95020603679134, 43.24470849685991]]]}, "properties": {"id": 94, "class": "building", "confidence": 100.0, "source": "Almaty_9", "source_model": "msft-buildings", "centroid_wkt": "POINT (76.95009546783697 43.244640476058386)", "bbox": [76.9500335900232, 43.24456004776776, 76.9502084282766, 43.24470849685991], "pixel_bbox": [3776, 5961, 4036, 6183], "area_m2": 121.125}}, {"type": "Feature", "geometry": {"type": "Polygon", "coordinates": [[[76.95415531891403, 43.24793780665989], [76.95431693477397, 43.24795089859121], [76.95436908784228, 43.24760931589278], [76.95420747198234, 43.247596223888046], [76.95415531891403, 43.24793780665989]]]}, "properties": {"id": 95, "class": "building", "confidence": 100.0, "source": "Almaty_9", "source_model": "msft-buildings", "centroid_wkt": "POINT (76.95426220337559 43.247773561255805)", "bbox": [76.95415531891403, 43.247596223888046, 76.95436908784228, 43.24795089859121], "pixel_bbox": [9922, 1126, 10241, 1655], "area_m2": 504.25}}, {"type": "Feature", "geometry": {"type": "Polygon", "coordinates": [[[76.95117005388207, 43.24546410312255], [76.95122838310155, 43.245468688594585], [76.95124927121783, 43.24532770396015], [76.95119094199833, 43.2453231184775], [76.95117005388207, 43.24546410312255]]]}, "properties": {"id": 96, "class": "building", "confidence": 100.0, "source": "Almaty_9", "source_model": "msft-buildings", "centroid_wkt": "POINT (76.95120966254963 43.24539590353835)", "bbox": [76.95117005388207, 43.2453231184775, 76.95124927121783, 43.245468688594585], "pixel_bbox": [5470, 4828, 5588, 5045], "area_m2": 75.064}}, {"type": "Feature", "geometry": {"type": "Polygon", "coordinates": [[[76.95503803851365, 43.24606327124692], [76.9549532154566, 43.24669519895763], [76.95510731045827, 43.246706173582105], [76.95519213455985, 43.24607423820365], [76.95503803851365, 43.24606327124692]]]}, "properties": {"id": 97, "class": "building", "confidence": 100.0, "source": "Almaty_9", "source_model": "msft-buildings", "centroid_wkt": "POINT (76.95507267490362 43.246384720503485)", "bbox": [76.9549532154566, 43.24606327124692, 76.95519213455985, 43.246706173582105], "pixel_bbox": [11112, 2982, 11469, 3941], "area_m2": 887.009}}, {"type": "Feature", "geometry": {"type": "Polygon", "coordinates": [[[76.95196995802175, 43.24778796550209], [76.95186584417104, 43.247782748043576], [76.95185930158657, 43.24785208702932], [76.95184782325457, 43.24787366946541], [76.95182044401865, 43.24787229741144], [76.95177835813858, 43.247860419805995], [76.95170209617548, 43.24785659809402], [76.9516976937756, 43.247903207670774], [76.95178425485302, 43.24792763276955], [76.95177077723304, 43.24795297438744], [76.95176775930382, 43.247984926095654], [76.95181581383221, 43.247987334244804], [76.95183727837068, 43.24799339092574], [76.95195130208735, 43.247999099164815], [76.9519253624153, 43.247991778406984], [76.95192957156641, 43.247947214881165], [76.9519548125639, 43.24794847849338], [76.95196995802175, 43.24778796550209]]]}, "properties": {"id": 98, "class": "building", "confidence": 100.0, "source": "Almaty_9", "source_model": "msft-buildings", "centroid_wkt": "POINT (76.95186036497016 43.24789756581038)", "bbox": [76.9516976937756, 43.247782748043576, 76.95196995802175, 43.247999099164815], "pixel_bbox": [6257, 1054, 6663, 1377], "area_m2": 311.187}}, {"type": "Feature", "geometry": {"type": "Polygon", "coordinates": [[[76.95095234066724, 43.24640308345299], [76.95099508250547, 43.24604434122102], [76.95084497370932, 43.246034844201134], [76.95080219765994, 43.246393584324586], [76.95095234066724, 43.24640308345299]]]}, "properties": {"id": 99, "class": "building", "confidence": 100.0, "source": "Almaty_9", "source_model": "msft-buildings", "centroid_wkt": "POINT (76.95089864782172 43.24621897011108)", "bbox": [76.95080219765994, 43.246034844201134, 76.95099508250547, 43.24640308345299], "pixel_bbox": [4922, 3434, 5209, 3983], "area_m2": 489.596}}, {"type": "Feature", "geometry": {"type": "Polygon", "coordinates": [[[76.9548660548084, 43.244170067558706], [76.95487319423742, 43.244109948682045], [76.95485294982255, 43.244108672986954], [76.95490918916443, 43.243635480010596], [76.95476698898918, 43.24362651924334], [76.95470365534493, 43.2441598340197], [76.9548660548084, 43.244170067558706]]]}, "properties": {"id": 100, "class": "building", "confidence": 100.0, "source": "Almaty_9", "source_model": "msft-buildings", "centroid_wkt": "POINT (76.95480725023958 43.243901459635225)", "bbox": [76.95470365534493, 43.24362651924334, 76.95490918916443, 43.244170067558706], "pixel_bbox": [10740, 6764, 11047, 7575], "area_m2": 700.35}}, {"type": "Feature", "geometry": {"type": "Polygon", "coordinates": [[[76.94975973896685, 43.24804919497868], [76.94974929193177, 43.248144317742785], [76.9500451239401, 43.24816155569803], [76.95005748981835, 43.248048961421524], [76.94976432296323, 43.24803187873162], [76.94978159255179, 43.24787463460826], [76.94972029402757, 43.247871062763274], [76.9497246424131, 43.24783146950867], [76.94975662442974, 43.24783333146112], [76.94976954545487, 43.247715681800905], [76.94973756361614, 43.24771381822477], [76.94974182771205, 43.24767499235029], [76.94961390035711, 43.24766753804044], [76.9495731782409, 43.24803832417661], [76.94975973896685, 43.24804919497868]]]}, "properties": {"id": 101, "class": "building", "confidence": 100.0, "source": "Almaty_9", "source_model": "msft-buildings", "centroid_wkt": "POINT (76.94975649033407 43.24794892966314)", "bbox": [76.9495731782409, 43.24766753804044, 76.95005748981835, 43.24816155569803], "pixel_bbox": [3089, 812, 3811, 1549], "area_m2": 864.153}}, {"type": "Feature", "geometry": {"type": "Polygon", "coordinates": [[[76.95146613174944, 43.24772090718472], [76.95146910222539, 43.247647822521024], [76.95141014530112, 43.24764655114754], [76.95140717494725, 43.247719632809805], [76.95146613174944, 43.24772090718472]]]}, "properties": {"id": 102, "class": "building", "confidence": 100.0, "source": "Almaty_9", "source_model": "msft-buildings", "centroid_wkt": "POINT (76.95143813875757 43.24768372842011)", "bbox": [76.95140717494725, 43.24764655114754, 76.95146910222539, 43.24772090718472], "pixel_bbox": [5824, 1469, 5916, 1580], "area_m2": 38.91}}, {"type": "Feature", "geometry": {"type": "Polygon", "coordinates": [[[76.95074357117107, 43.24290515521893], [76.95096330298234, 43.24291009563217], [76.95096573688386, 43.242852652351736], [76.95074600459837, 43.242847723125934], [76.95074357117107, 43.24290515521893]]]}, "properties": {"id": 103, "class": "building", "confidence": 100.0, "source": "Almaty_9", "source_model": "msft-buildings", "centroid_wkt": "POINT (76.95085465747545 43.242878906662284)", "bbox": [76.95074357117107, 43.242847723125934, 76.95096573688386, 43.24291009563217], "pixel_bbox": [4834, 8643, 5166, 8736], "area_m2": 113.99}}, {"type": "Feature", "geometry": {"type": "Polygon", "coordinates": [[[76.94761704647138, 43.24617034546517], [76.94765415477109, 43.24585813040818], [76.94750156253576, 43.24584849957563], [76.94750156253576, 43.24616305675388], [76.94761704647138, 43.24617034546517]]]}, "properties": {"id": 104, "class": "building", "confidence": 100.0, "source": "Almaty_9", "source_model": "msft-buildings", "centroid_wkt": "POINT (76.94756900963505 43.24600277799936)", "bbox": [76.94750156253576, 43.24584849957563, 76.94765415477109, 43.24617034546517], "pixel_bbox": [0, 3781, 227, 4261], "area_m2": 380.424}}, {"type": "Feature", "geometry": {"type": "Polygon", "coordinates": [[[76.9493931851706, 43.24352270875615], [76.94939769689624, 43.243455239809514], [76.94919165641369, 43.24344791808793], [76.94919522550255, 43.24339454539735], [76.9490667842454, 43.24338998773567], [76.94906326487585, 43.24344261692031], [76.94890538916394, 43.24343701479886], [76.9489008270182, 43.243505237754604], [76.9493931851706, 43.24352270875615]]]}, "properties": {"id": 105, "class": "building", "confidence": 100.0, "source": "Almaty_9", "source_model": "msft-buildings", "centroid_wkt": "POINT (76.94914535763411 43.24346966607908)", "bbox": [76.9489008270182, 43.24338998773567, 76.94939769689624, 43.24352270875615], "pixel_bbox": [2086, 7730, 2827, 7928], "area_m2": 363.552}}, {"type": "Feature", "geometry": {"type": "Polygon", "coordinates": [[[76.95359633756898, 43.247226274475246], [76.95365076162041, 43.24722954843871], [76.95365670200916, 43.2471771550043], [76.9536022829578, 43.24717388133882], [76.95359633756898, 43.247226274475246]]]}, "properties": {"id": 106, "class": "building", "confidence": 100.0, "source": "Almaty_9", "source_model": "msft-buildings", "centroid_wkt": "POINT (76.95362652099335 43.247201715215375)", "bbox": [76.95359633756898, 43.24717388133882, 76.95365670200916, 43.24722954843871], "pixel_bbox": [9089, 2202, 9179, 2285], "area_m2": 25.902}}, {"type": "Feature", "geometry": {"type": "Polygon", "coordinates": [[[76.95307835403716, 43.244769439152876], [76.95313389633439, 43.244343441828285], [76.95314550972385, 43.24425436928387], [76.95296740823329, 43.24424204761319], [76.95290025254664, 43.24475711758639], [76.95307835403716, 43.244769439152876]]]}, "properties": {"id": 107, "class": "building", "confidence": 100.0, "source": "Almaty_9", "source_model": "msft-buildings", "centroid_wkt": "POINT (76.95302288114355 43.244505743399976)", "bbox": [76.95290025254664, 43.24424204761319, 76.95314550972385, 43.244769439152876], "pixel_bbox": [8051, 5871, 8416, 6657], "area_m2": 835.188}}, {"type": "Feature", "geometry": {"type": "Polygon", "coordinates": [[[76.95445081218608, 43.247547170332275], [76.95447972724459, 43.247250686750625], [76.95439432752474, 43.24724626775783], [76.95436541288869, 43.247542747029215], [76.95445081218608, 43.247547170332275]]]}, "properties": {"id": 108, "class": "building", "confidence": 100.0, "source": "Almaty_9", "source_model": "msft-buildings", "centroid_wkt": "POINT (76.95442257006457 43.24739671797224)", "bbox": [76.95436541288869, 43.24724626775783, 76.95447972724459, 43.247547170332275], "pixel_bbox": [10236, 1728, 10406, 2177], "area_m2": 229.599}}, {"type": "Feature", "geometry": {"type": "Polygon", "coordinates": [[[76.95574464704973, 43.24630013195395], [76.95569545031721, 43.2462981856729], [76.95568339491153, 43.2464598707712], [76.95601768497684, 43.24647309564608], [76.9560316285786, 43.246286086377474], [76.95574653281972, 43.246274807647886], [76.95574464704973, 43.24630013195395]]]}, "properties": {"id": 109, "class": "building", "confidence": 100.0, "source": "Almaty_9", "source_model": "msft-buildings", "centroid_wkt": "POINT (76.95586028769189 43.24637473706108)", "bbox": [76.95568339491153, 43.246274807647886, 76.9560316285786, 43.24647309564608], "pixel_bbox": [12201, 3330, 12720, 3626], "area_m2": 554.448}}, {"type": "Feature", "geometry": {"type": "Polygon", "coordinates": [[[76.94827545942705, 43.24695781939536], [76.94827818260569, 43.24689340700085], [76.94824334692444, 43.24689262558841], [76.94824062374579, 43.24695703798373], [76.94827545942705, 43.24695781939536]]]}, "properties": {"id": 110, "class": "building", "confidence": 100.0, "source": "Almaty_9", "source_model": "msft-buildings", "centroid_wkt": "POINT (76.94825940317571 43.246925222492074)", "bbox": [76.94824062374579, 43.24689262558841, 76.94827818260569, 43.24695781939536], "pixel_bbox": [1102, 2607, 1158, 2704], "area_m2": 20.265}}, {"type": "Feature", "geometry": {"type": "Polygon", "coordinates": [[[76.94769751628203, 43.245009610575345], [76.94770570808143, 43.244939783549896], [76.94766842939342, 43.24493746298588], [76.94767457324292, 43.24488509266226], [76.94762398073777, 43.244881943322504], [76.94762557358763, 43.24486836582315], [76.94750574923336, 43.24486090685829], [76.94750156253576, 43.24489659436072], [76.94750156253576, 43.244997412647834], [76.94769751628203, 43.245009610575345]]]}, "properties": {"id": 111, "class": "building", "confidence": 100.0, "source": "Almaty_9", "source_model": "msft-buildings", "centroid_wkt": "POINT (76.94759379670698 43.24493919737824)", "bbox": [76.94750156253576, 43.24486090685829, 76.94770570808143, 43.245009610575345], "pixel_bbox": [0, 5512, 304, 5734], "area_m2": 222.375}}, {"type": "Feature", "geometry": {"type": "Polygon", "coordinates": [[[76.94839702621485, 43.24341494772734], [76.9485574817904, 43.243421320381984], [76.94859743209922, 43.24288754866368], [76.94843697652371, 43.24288117595318], [76.94839702621485, 43.24341494772734]]]}, "properties": {"id": 112, "class": "building", "confidence": 100.0, "source": "Almaty_9", "source_model": "msft-buildings", "centroid_wkt": "POINT (76.94849722915575 43.24315124818035)", "bbox": [76.94839702621485, 43.24288117595318, 76.94859743209922, 43.243421320381984], "pixel_bbox": [1335, 7881, 1634, 8687], "area_m2": 775.103}}, {"type": "Feature", "geometry": {"type": "Polygon", "coordinates": [[[76.95186412196999, 43.24743089892529], [76.95171928733794, 43.24743149700208], [76.95171951541602, 43.247460801936704], [76.9516792835738, 43.247460968069056], [76.95168015027039, 43.24757232669174], [76.95177938881453, 43.247571916899346], [76.95177973015569, 43.24761577450066], [76.95190578997803, 43.24761526038022], [76.95190534215041, 43.247557720742655], [76.95186511030819, 43.24755788687476], [76.95186412196999, 43.24743089892529]]]}, "properties": {"id": 113, "class": "building", "confidence": 100.0, "source": "Almaty_9", "source_model": "msft-buildings", "centroid_wkt": "POINT (76.95178951892304 43.24752128487694)", "bbox": [76.9516792835738, 43.24743089892529, 76.95190578997803, 43.24761577450066], "pixel_bbox": [6230, 1626, 6568, 1901], "area_m2": 279.098}}, {"type": "Feature", "geometry": {"type": "Polygon", "coordinates": [[[76.95007960223012, 43.24746975479039], [76.95012509184144, 43.24748502577987], [76.95016017281985, 43.247429581325044], [76.95011467760409, 43.24741431075957], [76.95007960223012, 43.24746975479039]]]}, "properties": {"id": 114, "class": "building", "confidence": 100.0, "source": "Almaty_9", "source_model": "msft-buildings", "centroid_wkt": "POINT (76.95011988653671 43.247449667760336)", "bbox": [76.95007960223012, 43.24741431075957, 76.95016017281985, 43.24748502577987], "pixel_bbox": [3844, 1821, 3964, 1926], "area_m2": 27.591}}, {"type": "Feature", "geometry": {"type": "Polygon", "coordinates": [[[76.95375625883916, 43.24808304162275], [76.9537602288333, 43.24805303661303], [76.95371505059352, 43.24804986746284], [76.95372068522559, 43.248007281178396], [76.95376320592187, 43.24801026391008], [76.9537845915828, 43.247848631827345], [76.95361716746011, 43.24783687883264], [76.95358617719073, 43.2480711021185], [76.95375625883916, 43.24808304162275]]]}, "properties": {"id": 115, "class": "building", "confidence": 100.0, "source": "Almaty_9", "source_model": "msft-buildings", "centroid_wkt": "POINT (76.95368294025342 43.24795670566274)", "bbox": [76.95358617719073, 43.24783687883264, 76.9537845915828, 43.24808304162275], "pixel_bbox": [9074, 929, 9369, 1296], "area_m2": 341.336}}, {"type": "Feature", "geometry": {"type": "Polygon", "coordinates": [[[76.95700480093205, 43.245665408997866], [76.95699135323721, 43.24578493035033], [76.95702943950891, 43.245787204067], [76.95702943950891, 43.24566687864584], [76.95700480093205, 43.245665408997866]]]}, "properties": {"id": 116, "class": "building", "confidence": 100.0, "source": "Almaty_9", "source_model": "msft-buildings", "centroid_wkt": "POINT (76.95701351807199 43.245730390643324)", "bbox": [76.95699135323721, 43.245665408997866, 76.95702943950891, 43.245787204067], "pixel_bbox": [14152, 4353, 14209, 4534], "area_m2": 34.049}}, {"type": "Feature", "geometry": {"type": "Polygon", "coordinates": [[[76.95542440547467, 43.2475592597418], [76.95557530846455, 43.24756548338853], [76.95557689072078, 43.247545128449715], [76.95565592128615, 43.24754839191341], [76.9556658567431, 43.24742073485541], [76.95543592482483, 43.247411251819514], [76.95542440547467, 43.2475592597418]]]}, "properties": {"id": 117, "class": "building", "confidence": 100.0, "source": "Almaty_9", "source_model": "msft-buildings", "centroid_wkt": "POINT (76.95554163456539 43.24748667650763)", "bbox": [76.95542440547467, 43.247411251819514, 76.9556658567431, 43.24756548338853], "pixel_bbox": [11815, 1701, 12175, 1931], "area_m2": 293.48}}, {"type": "Feature", "geometry": {"type": "Polygon", "coordinates": [[[76.95250774545485, 43.24799329663607], [76.95254162689918, 43.24767676564979], [76.95250963486848, 43.247674948776016], [76.95251607857877, 43.24761474944343], [76.95243343249946, 43.247610055847936], [76.95243551111567, 43.247590636694206], [76.95236886105171, 43.2475868515351], [76.9523632487879, 43.247639283239224], [76.95228326871114, 43.24763474105189], [76.9522464772041, 43.24797845890909], [76.95250774545485, 43.24799329663607]]]}, "properties": {"id": 118, "class": "building", "confidence": 100.0, "source": "Almaty_9", "source_model": "msft-buildings", "centroid_wkt": "POINT (76.9523966682244 43.24780278798831)", "bbox": [76.9522464772041, 43.2475868515351, 76.95254162689918, 43.24799329663607], "pixel_bbox": [7076, 1063, 7516, 1669], "area_m2": 863.763}}, {"type": "Feature", "geometry": {"type": "Polygon", "coordinates": [[[76.9552508829002, 43.24450312105514], [76.95528182291564, 43.24450503285979], [76.95527673115282, 43.24454875774098], [76.95522448302412, 43.244545526632], [76.95517135411106, 43.24500138660849], [76.95535776520254, 43.24501291448552], [76.95541541572517, 43.24451825785138], [76.95543671984991, 43.24451957533361], [76.95549685725788, 43.24400357630106], [76.95531044616645, 43.243992048233046], [76.9552508829002, 43.24450312105514]]]}, "properties": {"id": 119, "class": "building", "confidence": 100.0, "source": "Almaty_9", "source_model": "msft-buildings", "centroid_wkt": "POINT (76.9553352733683 43.244502217168034)", "bbox": [76.95517135411106, 43.243992048233046, 76.95549685725788, 43.24501291448552], "pixel_bbox": [11438, 5507, 11923, 7030], "area_m2": 1692.354}}, {"type": "Feature", "geometry": {"type": "Polygon", "coordinates": [[[76.95625259904895, 43.2438633258079], [76.95628195607273, 43.24386484047597], [76.95623696717348, 43.24432753143877], [76.9564344598789, 43.24433772094561], [76.95652303371018, 43.24342677500428], [76.95629618286203, 43.24341508217374], [76.95629777697724, 43.24339868721753], [76.95621237472625, 43.24339428087659], [76.95621456078821, 43.243371797931154], [76.95579555392753, 43.24335020056408], [76.9557951758677, 43.2433540887901], [76.95525760907795, 43.24332638033869], [76.95524382346137, 43.24346830118236], [76.95628578621637, 43.243522008184925], [76.95625259904895, 43.2438633258079]]]}, "properties": {"id": 120, "class": "building", "confidence": 100.0, "source": "Almaty_9", "source_model": "msft-buildings", "centroid_wkt": "POINT (76.95611147006501 43.2436713875164)", "bbox": [76.95524382346137, 43.24332638033869, 76.95652303371018, 43.24433772094561], "pixel_bbox": [11546, 6514, 13453, 8023], "area_m2": 3092.144}}, {"type": "Feature", "geometry": {"type": "Polygon", "coordinates": [[[76.95645108674708, 43.244849729256615], [76.9564907641223, 43.244853149873514], [76.95650109501337, 43.24478956480165], [76.95646141763814, 43.244786144181205], [76.95645108674708, 43.244849729256615]]]}, "properties": {"id": 121, "class": "building", "confidence": 100.0, "source": "Almaty_9", "source_model": "msft-buildings", "centroid_wkt": "POINT (76.95647609088005 43.244819647028145)", "bbox": [76.95645108674708, 43.244786144181205, 76.95650109501337, 43.244853149873514], "pixel_bbox": [13346, 5746, 13421, 5846], "area_m2": 23.083}}, {"type": "Feature", "geometry": {"type": "Polygon", "coordinates": [[[76.95109409589361, 43.24643059628629], [76.95114468550435, 43.24606419634524], [76.95103684366644, 43.24605630136589], [76.95098628965943, 43.24642269846489], [76.95109409589361, 43.24643059628629]]]}, "properties": {"id": 122, "class": "building", "confidence": 100.0, "source": "Almaty_9", "source_model": "msft-buildings", "centroid_wkt": "POINT (76.95106548017573 43.246243438254)", "bbox": [76.95098628965943, 43.24605630136589, 76.95114468550435, 43.24643059628629], "pixel_bbox": [5196, 3393, 5433, 3951], "area_m2": 360.061}}, {"type": "Feature", "geometry": {"type": "Polygon", "coordinates": [[[76.95099339075857, 43.24530486915412], [76.95095134587828, 43.24565976941945], [76.95110576404397, 43.24566947616318], [76.95114780892426, 43.245314575954396], [76.95099339075857, 43.24530486915412]]]}, "properties": {"id": 123, "class": "building", "confidence": 100.0, "source": "Almaty_9", "source_model": "msft-buildings", "centroid_wkt": "POINT (76.95104957739939 43.24548717267139)", "bbox": [76.95095134587828, 43.24530486915412, 76.95114780892426, 43.24566947616318], "pixel_bbox": [5144, 4528, 5437, 5072], "area_m2": 498.162}}, {"type": "Feature", "geometry": {"type": "Polygon", "coordinates": [[[76.95042556559125, 43.24772042882355], [76.95029200051097, 43.247714212105514], [76.9502505214864, 43.24818703275951], [76.95038408656667, 43.248193249429306], [76.95042556559125, 43.24772042882355]]]}, "properties": {"id": 124, "class": "building", "confidence": 100.0, "source": "Almaty_9", "source_model": "msft-buildings", "centroid_wkt": "POINT (76.95033804353778 43.247953730778164)", "bbox": [76.9502505214864, 43.247714212105514, 76.95042556559125, 43.248193249429306], "pixel_bbox": [4099, 765, 4360, 1479], "area_m2": 572.118}}, {"type": "Feature", "geometry": {"type": "Polygon", "coordinates": [[[76.94799440514369, 43.24745136994217], [76.94825776366196, 43.24746882374311], [76.94830012036371, 43.247129728178884], [76.94803676184543, 43.247112274280774], [76.94799440514369, 43.24745136994217]]]}, "properties": {"id": 125, "class": "building", "confidence": 100.0, "source": "Almaty_9", "source_model": "msft-buildings", "centroid_wkt": "POINT (76.94814726274761 43.247290549034524)", "bbox": [76.94799440514369, 43.247112274280774, 76.94830012036371, 43.24746882374311], "pixel_bbox": [734, 1845, 1190, 2377], "area_m2": 812.421}}, {"type": "Feature", "geometry": {"type": "Polygon", "coordinates": [[[76.95176430647491, 43.247994163069066], [76.95176760667191, 43.247965056143556], [76.95167048861083, 43.24795920897494], [76.95166794445127, 43.24798162883986], [76.95160522288558, 43.247977855773094], [76.95164284534748, 43.24764603400392], [76.95147382854125, 43.24763586660402], [76.95143088962203, 43.248014257595756], [76.95148417009082, 43.24801746272376], [76.95148032955501, 43.24805130659262], [76.95152417593665, 43.248053946439455], [76.95151899290397, 43.24809965943926], [76.95157760175611, 43.248103185095346], [76.95157090374305, 43.24816225977354], [76.95199857646396, 43.24818800849359], [76.95199647458868, 43.24820653075318], [76.9521575537402, 43.248216220563606], [76.95217989413136, 43.24801918425769], [76.95176430647491, 43.247994163069066]]]}, "properties": {"id": 126, "class": "building", "confidence": 100.0, "source": "Almaty_9", "source_model": "msft-buildings", "centroid_wkt": "POINT (76.95174549390373 43.247997456326075)", "bbox": [76.95143088962203, 43.24763586660402, 76.95217989413136, 43.248216220563606], "pixel_bbox": [5859, 730, 6976, 1596], "area_m2": 1643.405}}, {"type": "Feature", "geometry": {"type": "Polygon", "coordinates": [[[76.95114902436102, 43.2460594146414], [76.95119170425596, 43.245702628951065], [76.95110652034275, 43.245697222170016], [76.95106384044782, 43.24605400789201], [76.95114902436102, 43.2460594146414]]]}, "properties": {"id": 127, "class": "building", "confidence": 100.0, "source": "Almaty_9", "source_model": "msft-buildings", "centroid_wkt": "POINT (76.95112777235141 43.24587831841227)", "bbox": [76.95106384044782, 43.245697222170016, 76.95119170425596, 43.2460594146414], "pixel_bbox": [5312, 3947, 5503, 4487], "area_m2": 276.306}}, {"type": "Feature", "geometry": {"type": "Polygon", "coordinates": [[[76.95281678467899, 43.24369695968858], [76.95282180780214, 43.243617019462704], [76.95260878707113, 43.2436099167158], [76.95260375628342, 43.24368985669544], [76.95281678467899, 43.24369695968858]]]}, "properties": {"id": 128, "class": "building", "confidence": 100.0, "source": "Almaty_9", "source_model": "msft-buildings", "centroid_wkt": "POINT (76.95271278394178 43.243653438380214)", "bbox": [76.95260375628342, 43.2436099167158, 76.95282180780214, 43.24369695968858], "pixel_bbox": [7608, 7470, 7934, 7600], "area_m2": 153.979}}, {"type": "Feature", "geometry": {"type": "Polygon", "coordinates": [[[76.95078066936175, 43.24647225152407], [76.95079181025963, 43.24635868663562], [76.94979642408592, 43.24630692605857], [76.94978528814094, 43.24642044055575], [76.95078066936175, 43.24647225152407]]]}, "properties": {"id": 129, "class": "building", "confidence": 100.0, "source": "Almaty_9", "source_model": "msft-buildings", "centroid_wkt": "POINT (76.95028858477676 43.24638957810873)", "bbox": [76.94978528814094, 43.24630692605857, 76.95079181025963, 43.24647225152407], "pixel_bbox": [3405, 3331, 4906, 3578], "area_m2": 1024.912}}, {"type": "Feature", "geometry": {"type": "Polygon", "coordinates": [[[76.94947730010296, 43.24528218076871], [76.94941313944504, 43.245279491987525], [76.94941021723422, 43.24531649161235], [76.94947437789212, 43.24531918039191], [76.94947730010296, 43.24528218076871]]]}, "properties": {"id": 130, "class": "building", "confidence": 100.0, "source": "Almaty_9", "source_model": "msft-buildings", "centroid_wkt": "POINT (76.94944375866835 43.2452993361901)", "bbox": [76.94941021723422, 43.245279491987525, 76.94947730010296, 43.24531918039191], "pixel_bbox": [2846, 5051, 2946, 5110], "area_m2": 21.49}}, {"type": "Feature", "geometry": {"type": "Polygon", "coordinates": [[[76.95354008639511, 43.24414272658036], [76.9543373227948, 43.244198776388814], [76.95435091639709, 43.24409617905169], [76.95355367999738, 43.244040129148836], [76.95354008639511, 43.24414272658036]]]}, "properties": {"id": 131, "class": "building", "confidence": 100.0, "source": "Almaty_9", "source_model": "msft-buildings", "centroid_wkt": "POINT (76.95394550133555 43.244119452788034)", "bbox": [76.95354008639511, 43.244040129148836, 76.95435091639709, 43.244198776388814], "pixel_bbox": [9005, 6722, 10214, 6958], "area_m2": 744.91}}, {"type": "Feature", "geometry": {"type": "Polygon", "coordinates": [[[76.95573371296074, 43.24551316631532], [76.95574629637005, 43.24537898098342], [76.95529243859649, 43.245356397870296], [76.95528459676171, 43.245440020679055], [76.9551164024103, 43.245431651652375], [76.95506971613806, 43.24592949676433], [76.95524324999266, 43.24593813140382], [76.95528519469038, 43.24549084893508], [76.95573371296074, 43.24551316631532]]]}, "properties": {"id": 132, "class": "building", "confidence": 100.0, "source": "Almaty_9", "source_model": "msft-buildings", "centroid_wkt": "POINT (76.95531767361689 43.2455816929075)", "bbox": [76.95506971613806, 43.245356397870296, 76.95574629637005, 43.24593813140382], "pixel_bbox": [11286, 4128, 12295, 4995], "area_m2": 1332.764}}, {"type": "Feature", "geometry": {"type": "Polygon", "coordinates": [[[76.9531966868059, 43.24396533693634], [76.95324315378276, 43.24347334300136], [76.95308297939549, 43.24346531561186], [76.95303651241862, 43.24395730961168], [76.9531966868059, 43.24396533693634]]]}, "properties": {"id": 133, "class": "building", "confidence": 100.0, "source": "Almaty_9", "source_model": "msft-buildings", "centroid_wkt": "POINT (76.95313983309909 43.243715326288665)", "bbox": [76.95303651241862, 43.24346531561186, 76.95324315378276, 43.24396533693634], "pixel_bbox": [8254, 7070, 8562, 7815], "area_m2": 714.43}}, {"type": "Feature", "geometry": {"type": "Polygon", "coordinates": [[[76.95388050727942, 43.2453093142996], [76.95387318453457, 43.24536644576744], [76.95337062783496, 43.24533226709095], [76.95338726128941, 43.24520249406346], [76.95306723138799, 43.24518072890383], [76.95306822516801, 43.24517298129908], [76.95300269495876, 43.24516852460315], [76.95298594222875, 43.24529922828191], [76.95251263792692, 43.245267014884185], [76.95252058221195, 43.24520503410634], [76.95228393006103, 43.245188927384696], [76.95221279402129, 43.24574392388864], [76.95226763337128, 43.24574765346623], [76.95225927597787, 43.245812807864134], [76.9522511047319, 43.24582468050179], [76.95218425038964, 43.24582013380049], [76.95212144047949, 43.246310165829996], [76.95235809416346, 43.246326260294694], [76.95237138493681, 43.24622256834147], [76.95283671219981, 43.2462542383201], [76.95280430838127, 43.24650704598521], [76.95320316290476, 43.24653417139737], [76.9532349402506, 43.24628625145877], [76.95372420179943, 43.24631952541663], [76.95371079573165, 43.24642411670665], [76.9539607445664, 43.24644111532283], [76.95402330621599, 43.24595302123585], [76.95395151240177, 43.245948138615965], [76.95396044978028, 43.24587841056441], [76.95399100005471, 43.24588048825805], [76.95405736023542, 43.24578406842082], [76.95411619937798, 43.24532535564767], [76.95388050727942, 43.2453093142996]]]}, "properties": {"id": 134, "class": "building", "confidence": 100.0, "source": "Almaty_9", "source_model": "msft-buildings", "centroid_wkt": "POINT (76.95311781803211 43.24581745503032)", "bbox": [76.95212144047949, 43.24516852460315, 76.95411619937798, 43.24653417139737], "pixel_bbox": [6889, 3239, 9864, 5275], "area_m2": 17934.266}}, {"type": "Feature", "geometry": {"type": "Polygon", "coordinates": [[[76.95139047935034, 43.24245170904423], [76.95147621568086, 43.24245378098926], [76.9514790741985, 43.242391012609005], [76.95139324351003, 43.242391012609005], [76.95139047935034, 43.24245170904423]]]}, "properties": {"id": 135, "class": "building", "confidence": 100.0, "source": "Almaty_9", "source_model": "msft-buildings", "centroid_wkt": "POINT (76.9514349931166 43.24242188171043)", "bbox": [76.95139047935034, 43.242391012609005, 76.9514790741985, 43.24245378098926], "pixel_bbox": [5799, 9324, 5931, 9418], "area_m2": 47.81}}, {"type": "Feature", "geometry": {"type": "Polygon", "coordinates": [[[76.95196504411514, 43.2446946354025], [76.95201469201265, 43.244202978892645], [76.9520077357614, 43.24420260615738], [76.95201098556998, 43.244170454189295], [76.95183224653081, 43.244160867736404], [76.95177930092436, 43.24468468284568], [76.95196504411514, 43.2446946354025]]]}, "properties": {"id": 136, "class": "building", "confidence": 100.0, "source": "Almaty_9", "source_model": "msft-buildings", "centroid_wkt": "POINT (76.95189836798912 43.24442832035842)", "bbox": [76.95177930092436, 43.244160867736404, 76.95201469201265, 43.2446946354025], "pixel_bbox": [6379, 5982, 6730, 6778], "area_m2": 880.493}}, {"type": "Feature", "geometry": {"type": "Polygon", "coordinates": [[[76.95199529239375, 43.24870584917122], [76.95200319177414, 43.24859086959757], [76.9514894940457, 43.24857214532357], [76.95148159466531, 43.24868712493256], [76.95199529239375, 43.24870584917122]]]}, "properties": {"id": 137, "class": "building", "confidence": 100.0, "source": "Almaty_9", "source_model": "msft-buildings", "centroid_wkt": "POINT (76.95174239320663 43.2486389972557)", "bbox": [76.95148159466531, 43.24857214532357, 76.95200319177414, 43.24870584917122], "pixel_bbox": [5935, 0, 6713, 200], "area_m2": 534.24}}, {"type": "Feature", "geometry": {"type": "Polygon", "coordinates": [[[76.95132558216692, 43.24329902536662], [76.95129516355932, 43.24329711782769], [76.951286560762, 43.24336997283511], [76.95131697260312, 43.24337187839694], [76.95131170091025, 43.24341648674672], [76.95149541297869, 43.24342799786862], [76.95152144087804, 43.243207753041226], [76.95133772990832, 43.24319623258032], [76.95132558216692, 43.24329902536662]]]}, "properties": {"id": 138, "class": "building", "confidence": 100.0, "source": "Almaty_9", "source_model": "msft-buildings", "centroid_wkt": "POINT (76.95141083330176 43.24331327947769)", "bbox": [76.951286560762, 43.24319623258032, 76.95152144087804, 43.24342799786862], "pixel_bbox": [5644, 7871, 5994, 8217], "area_m2": 387.946}}, {"type": "Feature", "geometry": {"type": "Polygon", "coordinates": [[[76.94823759590865, 43.246636181248945], [76.94823736541954, 43.24663812047641], [76.9480733901017, 43.246627788054155], [76.94802816963133, 43.24700855861234], [76.94821985309204, 43.2470206466781], [76.94821847127538, 43.24703228196846], [76.94825994333392, 43.24703489730529], [76.9482666274778, 43.24697866038864], [76.94822248778561, 43.246975876821274], [76.94824805139385, 43.24676062339073], [76.94900679842586, 43.24680847216506], [76.94901163478417, 43.246767748489496], [76.94910215197392, 43.24677345676564], [76.94902393586815, 43.247432057856884], [76.94902543599483, 43.24743215238173], [76.94899293703087, 43.247705579270175], [76.9491393618967, 43.247714805639156], [76.94917131208747, 43.24744599585167], [76.94918312464152, 43.24744674077728], [76.94926151585173, 43.24678666540985], [76.94928547642829, 43.24678817521127], [76.94929560981139, 43.246702848842396], [76.94823759590865, 43.246636181248945]]]}, "properties": {"id": 139, "class": "building", "confidence": 100.0, "source": "Almaty_9", "source_model": "msft-buildings", "centroid_wkt": "POINT (76.9487746154151 43.24696979584572)", "bbox": [76.94802816963133, 43.246627788054155, 76.94929560981139, 43.247714805639156], "pixel_bbox": [785, 1478, 2675, 3099], "area_m2": 3050.813}}, {"type": "Feature", "geometry": {"type": "Polygon", "coordinates": [[[76.9527619898101, 43.24485705609715], [76.95277485547584, 43.24474348191954], [76.95205289269316, 43.24470008614598], [76.9520400228861, 43.24481369696301], [76.9527619898101, 43.24485705609715]]]}, "properties": {"id": 140, "class": "building", "confidence": 100.0, "source": "Almaty_9", "source_model": "msft-buildings", "centroid_wkt": "POINT (76.9524074208107 43.244778579115376)", "bbox": [76.9520400228861, 43.24470008614598, 76.95277485547584, 43.24485705609715], "pixel_bbox": [6768, 5740, 7864, 5974], "area_m2": 745.007}}, {"type": "Feature", "geometry": {"type": "Polygon", "coordinates": [[[76.95060419725634, 43.2434139939855], [76.95010981735182, 43.24339209072309], [76.9500995778703, 43.243514729816994], [76.95059395777484, 43.243536633035305], [76.95060419725634, 43.2434139939855]]]}, "properties": {"id": 141, "class": "building", "confidence": 100.0, "source": "Almaty_9", "source_model": "msft-buildings", "centroid_wkt": "POINT (76.95035188754858 43.24346436188948)", "bbox": [76.9500995778703, 43.24339209072309, 76.95060419725634, 43.243536633035305], "pixel_bbox": [3874, 7709, 4626, 7925], "area_m2": 549.1}}, {"type": "Feature", "geometry": {"type": "Polygon", "coordinates": [[[76.95203151425933, 43.247949611130856], [76.95212701002328, 43.24795695257044], [76.95215093588388, 43.24779183037567], [76.95219868411465, 43.24779549869771], [76.95220863427595, 43.24772682841884], [76.95206539063004, 43.24771581621753], [76.95203151425933, 43.247949611130856]]]}, "properties": {"id": 142, "class": "building", "confidence": 100.0, "source": "Almaty_9", "source_model": "msft-buildings", "centroid_wkt": "POINT (76.95210690385231 43.24782651696447)", "bbox": [76.95203151425933, 43.24771581621753, 76.95220863427595, 43.24795695257044], "pixel_bbox": [6755, 1117, 7019, 1477], "area_m2": 233.598}}, {"type": "Feature", "geometry": {"type": "Polygon", "coordinates": [[[76.95013951510191, 43.244770132005215], [76.95013951510191, 43.24479762464762], [76.9500758126378, 43.24479762464762], [76.9500758126378, 43.244770132005215], [76.95013951510191, 43.244770132005215]]]}, "properties": {"id": 143, "class": "small vehicle", "confidence": 92.0, "source": "Almaty_9", "source_model": "yolo26-obb", "centroid_wkt": "POINT (76.95010766386986 43.244783878326416)", "bbox": [76.9500758126378, 43.244770132005215, 76.95013951510191, 43.24479762464762], "pixel_bbox": [3839, 5829, 3934, 5870], "area_m2": 15.802}}, {"type": "Feature", "geometry": {"type": "Polygon", "coordinates": [[[76.9490471854806, 43.24252914637327], [76.9490471854806, 43.242562003433704], [76.94898080080748, 43.242562003433704], [76.94898080080748, 43.24252914637327], [76.9490471854806, 43.24252914637327]]]}, "properties": {"id": 144, "class": "small vehicle", "confidence": 90.9, "source": "Almaty_9", "source_model": "yolo26-obb", "centroid_wkt": "POINT (76.94901399314402 43.24254557490349)", "bbox": [76.94898080080748, 43.24252914637327, 76.9490471854806, 43.242562003433704], "pixel_bbox": [2206, 9163, 2305, 9212], "area_m2": 19.682}}, {"type": "Feature", "geometry": {"type": "Polygon", "coordinates": [[[76.95406761020422, 43.24299048632383], [76.95406761020422, 43.24301529675722], [76.95401195436716, 43.24301529675722], [76.95401195436716, 43.24299048632383], [76.95406761020422, 43.24299048632383]]]}, "properties": {"id": 145, "class": "small vehicle", "confidence": 90.0, "source": "Almaty_9", "source_model": "yolo26-obb", "centroid_wkt": "POINT (76.95403978228569 43.24300289154053)", "bbox": [76.95401195436716, 43.24299048632383, 76.95406761020422, 43.24301529675722], "pixel_bbox": [9709, 8487, 9792, 8524], "area_m2": 12.46}}, {"type": "Feature", "geometry": {"type": "Polygon", "coordinates": [[[76.95006776601076, 43.244570307433605], [76.95006776601076, 43.24462529271841], [76.95003155618906, 43.24462529271841], [76.95003155618906, 43.244570307433605], [76.95006776601076, 43.244570307433605]]]}, "properties": {"id": 146, "class": "small vehicle", "confidence": 89.9, "source": "Almaty_9", "source_model": "yolo26-obb", "centroid_wkt": "POINT (76.95004966109991 43.24459780007601)", "bbox": [76.95003155618906, 43.244570307433605, 76.95006776601076, 43.24462529271841], "pixel_bbox": [3773, 6086, 3827, 6168], "area_m2": 17.965}}, {"type": "Feature", "geometry": {"type": "Polygon", "coordinates": [[[76.95096094161272, 43.24271086603403], [76.95096094161272, 43.242732994258404], [76.95090260356665, 43.242732994258404], [76.95090260356665, 43.24271086603403], [76.95096094161272, 43.24271086603403]]]}, "properties": {"id": 147, "class": "small vehicle", "confidence": 89.7, "source": "Almaty_9", "source_model": "yolo26-obb", "centroid_wkt": "POINT (76.95093177258968 43.24272193014622)", "bbox": [76.95090260356665, 43.24271086603403, 76.95096094161272, 43.242732994258404], "pixel_bbox": [5072, 8908, 5159, 8941], "area_m2": 11.648}}, {"type": "Feature", "geometry": {"type": "Polygon", "coordinates": [[[76.95545699447393, 43.246520943939686], [76.95545699447393, 43.24657056480646], [76.95542614907026, 43.24657056480646], [76.95542614907026, 43.246520943939686], [76.95545699447393, 43.246520943939686]]]}, "properties": {"id": 148, "class": "small vehicle", "confidence": 88.6, "source": "Almaty_9", "source_model": "yolo26-obb", "centroid_wkt": "POINT (76.9554415717721 43.24654575437307)", "bbox": [76.95542614907026, 43.246520943939686, 76.95545699447393, 43.24657056480646], "pixel_bbox": [11818, 3185, 11864, 3259], "area_m2": 13.81}}, {"type": "Feature", "geometry": {"type": "Polygon", "coordinates": [[[76.94987531751394, 43.24667181819677], [76.94987531751394, 43.24669327586889], [76.94981765002012, 43.24669327586889], [76.94981765002012, 43.24667181819677], [76.94987531751394, 43.24667181819677]]]}, "properties": {"id": 149, "class": "small vehicle", "confidence": 88.5, "source": "Almaty_9", "source_model": "yolo26-obb", "centroid_wkt": "POINT (76.94984648376703 43.24668254703283)", "bbox": [76.94981765002012, 43.24667181819677, 76.94987531751394, 43.24669327586889], "pixel_bbox": [3454, 3002, 3540, 3034], "area_m2": 11.165}}, {"type": "Feature", "geometry": {"type": "Polygon", "coordinates": [[[76.94817412644625, 43.24649278074503], [76.94817412644625, 43.246513567864895], [76.94811914116144, 43.246513567864895], [76.94811914116144, 43.24649278074503], [76.94817412644625, 43.24649278074503]]]}, "properties": {"id": 150, "class": "small vehicle", "confidence": 88.2, "source": "Almaty_9", "source_model": "yolo26-obb", "centroid_wkt": "POINT (76.94814663380386 43.24650317430496)", "bbox": [76.94811914116144, 43.24649278074503, 76.94817412644625, 43.246513567864895], "pixel_bbox": [921, 3270, 1003, 3301], "area_m2": 10.313}}, {"type": "Feature", "geometry": {"type": "Polygon", "coordinates": [[[76.95549588650465, 43.24300792068243], [76.95549588650465, 43.24303809553385], [76.95542950183153, 43.24303809553385], [76.95542950183153, 43.24300792068243], [76.95549588650465, 43.24300792068243]]]}, "properties": {"id": 151, "class": "small vehicle", "confidence": 87.7, "source": "Almaty_9", "source_model": "yolo26-obb", "centroid_wkt": "POINT (76.95546269416809 43.24302300810814)", "bbox": [76.95542950183153, 43.24300792068243, 76.95549588650465, 43.24303809553385], "pixel_bbox": [11823, 8453, 11922, 8498], "area_m2": 18.075}}, {"type": "Feature", "geometry": {"type": "Polygon", "coordinates": [[[76.95670623332262, 43.24463065713644], [76.95670623332262, 43.24468296021223], [76.95667270570993, 43.24468296021223], [76.95667270570993, 43.24463065713644], [76.95670623332262, 43.24463065713644]]]}, "properties": {"id": 152, "class": "small vehicle", "confidence": 87.2, "source": "Almaty_9", "source_model": "yolo26-obb", "centroid_wkt": "POINT (76.95668946951629 43.24465680867434)", "bbox": [76.95667270570993, 43.24463065713644, 76.95670623332262, 43.24468296021223], "pixel_bbox": [13677, 6000, 13727, 6078], "area_m2": 15.823}}, {"type": "Feature", "geometry": {"type": "Polygon", "coordinates": [[[76.94816675037146, 43.24643645435572], [76.94816675037146, 43.24645925313234], [76.94810975342989, 43.24645925313234], [76.94810975342989, 43.24643645435572], [76.94816675037146, 43.24643645435572]]]}, "properties": {"id": 153, "class": "small vehicle", "confidence": 85.7, "source": "Almaty_9", "source_model": "yolo26-obb", "centroid_wkt": "POINT (76.94813825190067 43.24644785374403)", "bbox": [76.94810975342989, 43.24643645435572, 76.94816675037146, 43.24645925313234], "pixel_bbox": [907, 3351, 992, 3385], "area_m2": 11.725}}, {"type": "Feature", "geometry": {"type": "Polygon", "coordinates": [[[76.94781269878149, 43.24676301330328], [76.94781269878149, 43.24681397527456], [76.9477791711688, 43.24681397527456], [76.9477791711688, 43.24676301330328], [76.94781269878149, 43.24676301330328]]]}, "properties": {"id": 154, "class": "small vehicle", "confidence": 84.8, "source": "Almaty_9", "source_model": "yolo26-obb", "centroid_wkt": "POINT (76.94779593497513 43.24678849428892)", "bbox": [76.9477791711688, 43.24676301330328, 76.94781269878149, 43.24681397527456], "pixel_bbox": [414, 2822, 464, 2898], "area_m2": 15.416}}, {"type": "Feature", "geometry": {"type": "Polygon", "coordinates": [[[76.94797832518816, 43.245085291564465], [76.94797832518816, 43.245136924088], [76.94794613867998, 43.245136924088], [76.94794613867998, 43.245085291564465], [76.94797832518816, 43.245085291564465]]]}, "properties": {"id": 155, "class": "small vehicle", "confidence": 84.6, "source": "Almaty_9", "source_model": "yolo26-obb", "centroid_wkt": "POINT (76.94796223193407 43.24511110782623)", "bbox": [76.94794613867998, 43.245085291564465, 76.94797832518816, 43.245136924088], "pixel_bbox": [663, 5323, 711, 5400], "area_m2": 14.995}}, {"type": "Feature", "geometry": {"type": "Polygon", "coordinates": [[[76.95018645375967, 43.24733432382345], [76.95018645375967, 43.247385285794735], [76.95012610405684, 43.247385285794735], [76.95012610405684, 43.24733432382345], [76.95018645375967, 43.24733432382345]]]}, "properties": {"id": 156, "class": "small vehicle", "confidence": 83.4, "source": "Almaty_9", "source_model": "yolo26-obb", "centroid_wkt": "POINT (76.95015627890825 43.2473598048091)", "bbox": [76.95012610405684, 43.24733432382345, 76.95018645375967, 43.247385285794735], "pixel_bbox": [3914, 1970, 4004, 2046], "area_m2": 27.749}}, {"type": "Feature", "geometry": {"type": "Polygon", "coordinates": [[[76.95131566375494, 43.246079720556736], [76.95131566375494, 43.24613068252802], [76.95128213614225, 43.24613068252802], [76.95128213614225, 43.246079720556736], [76.95131566375494, 43.246079720556736]]]}, "properties": {"id": 157, "class": "small vehicle", "confidence": 83.4, "source": "Almaty_9", "source_model": "yolo26-obb", "centroid_wkt": "POINT (76.95129889994858 43.24610520154238)", "bbox": [76.95128213614225, 43.246079720556736, 76.95131566375494, 43.24613068252802], "pixel_bbox": [5638, 3841, 5688, 3917], "area_m2": 15.417}}, {"type": "Feature", "geometry": {"type": "Polygon", "coordinates": [[[76.94845709949732, 43.24240643531084], [76.94845709949732, 43.24243124574423], [76.94840010255575, 43.24243124574423], [76.94840010255575, 43.24240643531084], [76.94845709949732, 43.24240643531084]]]}, "properties": {"id": 158, "class": "small vehicle", "confidence": 83.0, "source": "Almaty_9", "source_model": "yolo26-obb", "centroid_wkt": "POINT (76.94842860102654 43.242418840527534)", "bbox": [76.94840010255575, 43.24240643531084, 76.94845709949732, 43.24243124574423], "pixel_bbox": [1340, 9358, 1425, 9395], "area_m2": 12.76}}, {"type": "Feature", "geometry": {"type": "Polygon", "coordinates": [[[76.9512191042304, 43.24640762060881], [76.9512191042304, 43.2464599236846], [76.95118758827448, 43.2464599236846], [76.95118758827448, 43.24640762060881], [76.9512191042304, 43.24640762060881]]]}, "properties": {"id": 159, "class": "small vehicle", "confidence": 82.3, "source": "Almaty_9", "source_model": "yolo26-obb", "centroid_wkt": "POINT (76.95120334625244 43.2464337721467)", "bbox": [76.95118758827448, 43.24640762060881, 76.9512191042304, 43.2464599236846], "pixel_bbox": [5497, 3350, 5544, 3428], "area_m2": 14.873}}, {"type": "Feature", "geometry": {"type": "Polygon", "coordinates": [[[76.95563334971666, 43.24528243392706], [76.95563334971666, 43.24531126767397], [76.95554349571466, 43.24531126767397], [76.95554349571466, 43.24528243392706], [76.95563334971666, 43.24528243392706]]]}, "properties": {"id": 160, "class": "large vehicle", "confidence": 81.8, "source": "Almaty_9", "source_model": "yolo26-obb", "centroid_wkt": "POINT (76.95558842271566 43.245296850800514)", "bbox": [76.95554349571466, 43.24528243392706, 76.95563334971666, 43.24531126767397], "pixel_bbox": [11993, 5063, 12127, 5106], "area_m2": 23.377}}, {"type": "Feature", "geometry": {"type": "Polygon", "coordinates": [[[76.95137400180101, 43.24809204787016], [76.95137400180101, 43.24811954051256], [76.95130828768015, 43.24811954051256], [76.95130828768015, 43.24809204787016], [76.95137400180101, 43.24809204787016]]]}, "properties": {"id": 161, "class": "small vehicle", "confidence": 81.7, "source": "Almaty_9", "source_model": "yolo26-obb", "centroid_wkt": "POINT (76.95134114474058 43.24810579419136)", "bbox": [76.95130828768015, 43.24809204787016, 76.95137400180101, 43.24811954051256], "pixel_bbox": [5677, 875, 5775, 916], "area_m2": 16.3}}, {"type": "Feature", "geometry": {"type": "Polygon", "coordinates": [[[76.9511641189456, 43.24680861085653], [76.9511641189456, 43.24685890227556], [76.95112992078066, 43.24685890227556], [76.95112992078066, 43.24680861085653], [76.9511641189456, 43.24680861085653]]]}, "properties": {"id": 162, "class": "small vehicle", "confidence": 81.6, "source": "Almaty_9", "source_model": "yolo26-obb", "centroid_wkt": "POINT (76.95114701986311 43.24683375656605)", "bbox": [76.95112992078066, 43.24680861085653, 76.9511641189456, 43.24685890227556], "pixel_bbox": [5411, 2755, 5462, 2830], "area_m2": 15.518}}, {"type": "Feature", "geometry": {"type": "Polygon", "coordinates": [[[76.95123184472322, 43.24734840542078], [76.95123184472322, 43.24740003794432], [76.95119898766279, 43.24740003794432], [76.95119898766279, 43.24734840542078], [76.95123184472322, 43.24734840542078]]]}, "properties": {"id": 163, "class": "small vehicle", "confidence": 81.1, "source": "Almaty_9", "source_model": "yolo26-obb", "centroid_wkt": "POINT (76.95121541619302 43.24737422168254)", "bbox": [76.95119898766279, 43.24734840542078, 76.95123184472322, 43.24740003794432], "pixel_bbox": [5514, 1948, 5563, 2025], "area_m2": 15.307}}, {"type": "Feature", "geometry": {"type": "Polygon", "coordinates": [[[76.9482733681798, 43.24647065252066], [76.9482733681798, 43.246492110192776], [76.94821838289499, 43.246492110192776], [76.94821838289499, 43.24647065252066], [76.9482733681798, 43.24647065252066]]]}, "properties": {"id": 164, "class": "small vehicle", "confidence": 80.9, "source": "Almaty_9", "source_model": "yolo26-obb", "centroid_wkt": "POINT (76.9482458755374 43.246481381356716)", "bbox": [76.94821838289499, 43.24647065252066, 76.9482733681798, 43.246492110192776], "pixel_bbox": [1069, 3302, 1151, 3334], "area_m2": 10.645}}, {"type": "Feature", "geometry": {"type": "Polygon", "coordinates": [[[76.95508349686861, 43.24380923062563], [76.95508349686861, 43.24385818094015], [76.9550459459424, 43.24385818094015], [76.9550459459424, 43.24380923062563], [76.95508349686861, 43.24380923062563]]]}, "properties": {"id": 165, "class": "small vehicle", "confidence": 80.7, "source": "Almaty_9", "source_model": "yolo26-obb", "centroid_wkt": "POINT (76.95506472140549 43.2438337057829)", "bbox": [76.9550459459424, 43.24380923062563, 76.95508349686861, 43.24385818094015], "pixel_bbox": [11251, 7230, 11307, 7303], "area_m2": 16.586}}, {"type": "Feature", "geometry": {"type": "Polygon", "coordinates": [[[76.95542950183153, 43.246513567864895], [76.95542950183153, 43.24656452983618], [76.95539731532335, 43.24656452983618], [76.95539731532335, 43.246513567864895], [76.95542950183153, 43.246513567864895]]]}, "properties": {"id": 166, "class": "small vehicle", "confidence": 80.5, "source": "Almaty_9", "source_model": "yolo26-obb", "centroid_wkt": "POINT (76.95541340857744 43.246539048850536)", "bbox": [76.95539731532335, 43.246513567864895, 76.95542950183153, 43.24656452983618], "pixel_bbox": [11775, 3194, 11823, 3270], "area_m2": 14.8}}, {"type": "Feature", "geometry": {"type": "Polygon", "coordinates": [[[76.94864753633738, 43.24482377618551], [76.94864753633738, 43.24487876147032], [76.94858383387327, 43.24487876147032], [76.94858383387327, 43.24482377618551], [76.94864753633738, 43.24482377618551]]]}, "properties": {"id": 167, "class": "small vehicle", "confidence": 80.3, "source": "Almaty_9", "source_model": "yolo26-obb", "centroid_wkt": "POINT (76.94861568510532 43.244851268827915)", "bbox": [76.94858383387327, 43.24482377618551, 76.94864753633738, 43.24487876147032], "pixel_bbox": [1614, 5708, 1709, 5790], "area_m2": 31.605}}, {"type": "Feature", "geometry": {"type": "Polygon", "coordinates": [[[76.95017773658037, 43.24479628354311], [76.95017773658037, 43.24482176452875], [76.9501207396388, 43.24482176452875], [76.9501207396388, 43.24479628354311], [76.95017773658037, 43.24479628354311]]]}, "properties": {"id": 168, "class": "small vehicle", "confidence": 80.0, "source": "Almaty_9", "source_model": "yolo26-obb", "centroid_wkt": "POINT (76.9501492381096 43.24480902403594)", "bbox": [76.9501207396388, 43.24479628354311, 76.95017773658037, 43.24482176452875], "pixel_bbox": [3906, 5793, 3991, 5831], "area_m2": 13.104}}, {"type": "Feature", "geometry": {"type": "Polygon", "coordinates": [[[76.95014286786318, 43.24733030050993], [76.95014286786318, 43.24738126248121], [76.95008721202612, 43.24738126248121], [76.95008721202612, 43.24733030050993], [76.95014286786318, 43.24733030050993]]]}, "properties": {"id": 169, "class": "small vehicle", "confidence": 80.0, "source": "Almaty_9", "source_model": "yolo26-obb", "centroid_wkt": "POINT (76.95011503994465 43.24735578149557)", "bbox": [76.95008721202612, 43.24733030050993, 76.95014286786318, 43.24738126248121], "pixel_bbox": [3856, 1976, 3939, 2052], "area_m2": 25.591}}, {"type": "Feature", "geometry": {"type": "Polygon", "coordinates": [[[76.9555227085948, 43.24652697890997], [76.9555227085948, 43.246576599776745], [76.95548985153437, 43.246576599776745], [76.95548985153437, 43.24652697890997], [76.9555227085948, 43.24652697890997]]]}, "properties": {"id": 170, "class": "small vehicle", "confidence": 79.9, "source": "Almaty_9", "source_model": "yolo26-obb", "centroid_wkt": "POINT (76.9555062800646 43.24655178934336)", "bbox": [76.95548985153437, 43.24652697890997, 76.9555227085948, 43.246576599776745], "pixel_bbox": [11913, 3176, 11962, 3250], "area_m2": 14.711}}, {"type": "Feature", "geometry": {"type": "Polygon", "coordinates": [[[76.9481747969985, 43.24646595865488], [76.9481747969985, 43.24648875743151], [76.94811310619116, 43.24648875743151], [76.94811310619116, 43.24646595865488], [76.9481747969985, 43.24646595865488]]]}, "properties": {"id": 171, "class": "small vehicle", "confidence": 79.9, "source": "Almaty_9", "source_model": "yolo26-obb", "centroid_wkt": "POINT (76.94814395159483 43.246477358043194)", "bbox": [76.94811310619116, 43.24646595865488, 76.9481747969985, 43.24648875743151], "pixel_bbox": [912, 3307, 1004, 3341], "area_m2": 12.69}}, {"type": "Feature", "geometry": {"type": "Polygon", "coordinates": [[[76.95329647511244, 43.24737388640642], [76.95329647511244, 43.24742283672094], [76.95326294749975, 43.24742283672094], [76.95326294749975, 43.24737388640642], [76.95329647511244, 43.24737388640642]]]}, "properties": {"id": 172, "class": "small vehicle", "confidence": 79.5, "source": "Almaty_9", "source_model": "yolo26-obb", "centroid_wkt": "POINT (76.9532797113061 43.24739836156369)", "bbox": [76.95326294749975, 43.24737388640642, 76.95329647511244, 43.24742283672094], "pixel_bbox": [8592, 1914, 8642, 1987], "area_m2": 14.808}}, {"type": "Feature", "geometry": {"type": "Polygon", "coordinates": [[[76.95673171430826, 43.24430275708437], [76.95673171430826, 43.24435371905565], [76.95669684559107, 43.24435371905565], [76.95669684559107, 43.24430275708437], [76.95673171430826, 43.24430275708437]]]}, "properties": {"id": 173, "class": "small vehicle", "confidence": 79.3, "source": "Almaty_9", "source_model": "yolo26-obb", "centroid_wkt": "POINT (76.95671427994967 43.24432823807001)", "bbox": [76.95669684559107, 43.24430275708437, 76.95673171430826, 43.24435371905565], "pixel_bbox": [13713, 6491, 13765, 6567], "area_m2": 16.034}}, {"type": "Feature", "geometry": {"type": "Polygon", "coordinates": [[[76.9502092525363, 43.24477415531874], [76.9502092525363, 43.24480030685663], [76.95015292614698, 43.24480030685663], [76.95015292614698, 43.24477415531874], [76.9502092525363, 43.24477415531874]]]}, "properties": {"id": 174, "class": "small vehicle", "confidence": 78.8, "source": "Almaty_9", "source_model": "yolo26-obb", "centroid_wkt": "POINT (76.95018108934164 43.244787231087685)", "bbox": [76.95015292614698, 43.24477415531874, 76.9502092525363, 43.24480030685663], "pixel_bbox": [3954, 5825, 4038, 5864], "area_m2": 13.291}}, {"type": "Feature", "geometry": {"type": "Polygon", "coordinates": [[[76.95345606654882, 43.242895267903805], [76.95345606654882, 43.24292678385973], [76.95340175181627, 43.24292678385973], [76.95340175181627, 43.242895267903805], [76.95345606654882, 43.242895267903805]]]}, "properties": {"id": 175, "class": "small vehicle", "confidence": 78.8, "source": "Almaty_9", "source_model": "yolo26-obb", "centroid_wkt": "POINT (76.95342890918255 43.24291102588177)", "bbox": [76.95340175181627, 43.242895267903805, 76.95345606654882, 43.24292678385973], "pixel_bbox": [8799, 8619, 8880, 8666], "area_m2": 15.446}}, {"type": "Feature", "geometry": {"type": "Polygon", "coordinates": [[[76.94767121225595, 43.247805051505566], [76.94767121225595, 43.24785266071558], [76.94764103740454, 43.24785266071558], [76.94764103740454, 43.247805051505566], [76.94767121225595, 43.247805051505566]]]}, "properties": {"id": 176, "class": "small vehicle", "confidence": 77.5, "source": "Almaty_9", "source_model": "yolo26-obb", "centroid_wkt": "POINT (76.94765612483025 43.24782885611057)", "bbox": [76.94764103740454, 43.247805051505566, 76.94767121225595, 43.24785266071558], "pixel_bbox": [208, 1273, 253, 1344], "area_m2": 12.962}}, {"type": "Feature", "geometry": {"type": "Polygon", "coordinates": [[[76.94929663091898, 43.24661951512098], [76.94929663091898, 43.24664633721113], [76.94923024624586, 43.24664633721113], [76.94923024624586, 43.24661951512098], [76.94929663091898, 43.24661951512098]]]}, "properties": {"id": 177, "class": "small vehicle", "confidence": 77.2, "source": "Almaty_9", "source_model": "yolo26-obb", "centroid_wkt": "POINT (76.94926343858242 43.24663292616606)", "bbox": [76.94923024624586, 43.24661951512098, 76.94929663091898, 43.24664633721113], "pixel_bbox": [2578, 3072, 2677, 3112], "area_m2": 16.066}}, {"type": "Feature", "geometry": {"type": "Polygon", "coordinates": [[[76.95625830441713, 43.24533272534609], [76.95625830441713, 43.24535954743624], [76.95619996637106, 43.24535954743624], [76.95619996637106, 43.24533272534609], [76.95625830441713, 43.24533272534609]]]}, "properties": {"id": 178, "class": "small vehicle", "confidence": 76.8, "source": "Almaty_9", "source_model": "yolo26-obb", "centroid_wkt": "POINT (76.9562291353941 43.24534613639116)", "bbox": [76.95619996637106, 43.24533272534609, 76.95625830441713, 43.24535954743624], "pixel_bbox": [12972, 4991, 13059, 5031], "area_m2": 14.119}}, {"type": "Feature", "geometry": {"type": "Polygon", "coordinates": [[[76.94814596325159, 43.2465149089694], [76.94814596325159, 43.246540389955044], [76.94808091968298, 43.246540389955044], [76.94808091968298, 43.2465149089694], [76.94814596325159, 43.2465149089694]]]}, "properties": {"id": 179, "class": "small vehicle", "confidence": 76.4, "source": "Almaty_9", "source_model": "yolo26-obb", "centroid_wkt": "POINT (76.94811344146729 43.24652764946222)", "bbox": [76.94808091968298, 43.2465149089694, 76.94814596325159, 43.246540389955044], "pixel_bbox": [864, 3230, 961, 3268], "area_m2": 14.954}}, {"type": "Feature", "geometry": {"type": "Polygon", "coordinates": [[[76.95049826055765, 43.24488144367933], [76.95049826055765, 43.24490960687399], [76.95043724030256, 43.24490960687399], [76.95043724030256, 43.24488144367933], [76.95049826055765, 43.24488144367933]]]}, "properties": {"id": 180, "class": "small vehicle", "confidence": 76.2, "source": "Almaty_9", "source_model": "yolo26-obb", "centroid_wkt": "POINT (76.95046775043011 43.244895525276654)", "bbox": [76.95043724030256, 43.24488144367933, 76.95049826055765, 43.24490960687399], "pixel_bbox": [4378, 5662, 4469, 5704], "area_m2": 15.506}}, {"type": "Feature", "geometry": {"type": "Polygon", "coordinates": [[[76.9562804326415, 43.2431286200881], [76.9562804326415, 43.243154771625996], [76.9562241062522, 43.243154771625996], [76.9562241062522, 43.2431286200881], [76.9562804326415, 43.2431286200881]]]}, "properties": {"id": 181, "class": "small vehicle", "confidence": 75.4, "source": "Almaty_9", "source_model": "yolo26-obb", "centroid_wkt": "POINT (76.95625226944684 43.24314169585705)", "bbox": [76.9562241062522, 43.2431286200881, 76.9562804326415, 43.243154771625996], "pixel_bbox": [13008, 8279, 13092, 8318], "area_m2": 13.291}}, {"type": "Feature", "geometry": {"type": "Polygon", "coordinates": [[[76.95152286440134, 43.244543485343456], [76.95152286440134, 43.24459243565798], [76.95149268954992, 43.24459243565798], [76.95149268954992, 43.244543485343456], [76.95152286440134, 43.244543485343456]]]}, "properties": {"id": 182, "class": "small vehicle", "confidence": 74.5, "source": "Almaty_9", "source_model": "yolo26-obb", "centroid_wkt": "POINT (76.95150777697563 43.24456796050071)", "bbox": [76.95149268954992, 43.244543485343456, 76.95152286440134, 43.24459243565798], "pixel_bbox": [5952, 6135, 5997, 6208], "area_m2": 13.328}}, {"type": "Feature", "geometry": {"type": "Polygon", "coordinates": [[[76.94788444787264, 43.246162198483944], [76.94788444787264, 43.246214501559734], [76.94785293191671, 43.246214501559734], [76.94785293191671, 43.246162198483944], [76.94788444787264, 43.246162198483944]]]}, "properties": {"id": 183, "class": "small vehicle", "confidence": 74.1, "source": "Almaty_9", "source_model": "yolo26-obb", "centroid_wkt": "POINT (76.94786868989466 43.246188350021846)", "bbox": [76.94785293191671, 43.246162198483944, 76.94788444787264, 43.246214501559734], "pixel_bbox": [524, 3716, 571, 3794], "area_m2": 14.873}}, {"type": "Feature", "geometry": {"type": "Polygon", "coordinates": [[[76.9532897695899, 43.24499409645796], [76.9532897695899, 43.24501555413008], [76.95323813706636, 43.24501555413008], [76.95323813706636, 43.24499409645796], [76.9532897695899, 43.24499409645796]]]}, "properties": {"id": 184, "class": "small vehicle", "confidence": 74.0, "source": "Almaty_9", "source_model": "yolo26-obb", "centroid_wkt": "POINT (76.95326395332813 43.24500482529402)", "bbox": [76.95323813706636, 43.24499409645796, 76.9532897695899, 43.24501555413008], "pixel_bbox": [8555, 5504, 8632, 5536], "area_m2": 9.997}}, {"type": "Feature", "geometry": {"type": "Polygon", "coordinates": [[[76.95630390197039, 43.24857484549284], [76.95630390197039, 43.24862312525511], [76.95627439767122, 43.24862312525511], [76.95627439767122, 43.24857484549284], [76.95630390197039, 43.24857484549284]]]}, "properties": {"id": 185, "class": "small vehicle", "confidence": 73.6, "source": "Almaty_9", "source_model": "yolo26-obb", "centroid_wkt": "POINT (76.9562891498208 43.248598985373974)", "bbox": [76.95627439767122, 43.24857484549284, 76.95630390197039, 43.24862312525511], "pixel_bbox": [13083, 124, 13127, 196], "area_m2": 12.852}}, {"type": "Feature", "geometry": {"type": "Polygon", "coordinates": [[[76.95077788084745, 43.24269074946642], [76.95077788084745, 43.24271623045206], [76.9507222250104, 43.24271623045206], [76.9507222250104, 43.24269074946642], [76.95077788084745, 43.24269074946642]]]}, "properties": {"id": 186, "class": "small vehicle", "confidence": 72.5, "source": "Almaty_9", "source_model": "yolo26-obb", "centroid_wkt": "POINT (76.95075005292891 43.24270348995923)", "bbox": [76.9507222250104, 43.24269074946642, 76.95077788084745, 43.24271623045206], "pixel_bbox": [4803, 8933, 4886, 8971], "area_m2": 12.796}}, {"type": "Feature", "geometry": {"type": "Polygon", "coordinates": [[[76.95135120302439, 43.24825968593359], [76.95135120302439, 43.248283825814724], [76.9512901827693, 43.248283825814724], [76.9512901827693, 43.24825968593359], [76.95135120302439, 43.24825968593359]]]}, "properties": {"id": 187, "class": "small vehicle", "confidence": 71.7, "source": "Almaty_9", "source_model": "yolo26-obb", "centroid_wkt": "POINT (76.95132069289683 43.248271755874164)", "bbox": [76.9512901827693, 43.24825968593359, 76.95135120302439, 43.248283825814724], "pixel_bbox": [5650, 630, 5741, 666], "area_m2": 13.29}}, {"type": "Feature", "geometry": {"type": "Polygon", "coordinates": [[[76.95036750286818, 43.24670735746622], [76.95036750286818, 43.246731497347355], [76.9503078237176, 43.246731497347355], [76.9503078237176, 43.24670735746622], [76.95036750286818, 43.24670735746622]]]}, "properties": {"id": 188, "class": "small vehicle", "confidence": 71.4, "source": "Almaty_9", "source_model": "yolo26-obb", "centroid_wkt": "POINT (76.95033766329287 43.246719427406795)", "bbox": [76.9503078237176, 43.24670735746622, 76.95036750286818, 43.246731497347355], "pixel_bbox": [4185, 2945, 4274, 2981], "area_m2": 12.998}}, {"type": "Feature", "geometry": {"type": "Polygon", "coordinates": [[[76.95582043379545, 43.245137594640255], [76.95582043379545, 43.245181851089], [76.95575539022684, 43.245181851089], [76.95575539022684, 43.245137594640255], [76.95582043379545, 43.245137594640255]]]}, "properties": {"id": 189, "class": "small vehicle", "confidence": 71.2, "source": "Almaty_9", "source_model": "yolo26-obb", "centroid_wkt": "POINT (76.95578791201113 43.24515972286463)", "bbox": [76.95575539022684, 43.245137594640255, 76.95582043379545, 43.245181851089], "pixel_bbox": [12309, 5256, 12406, 5322], "area_m2": 25.973}}, {"type": "Feature", "geometry": {"type": "Polygon", "coordinates": [[[76.95103537291288, 43.247695080935955], [76.95103537291288, 43.247747384011745], [76.95097301155329, 43.247747384011745], [76.95097301155329, 43.247695080935955], [76.95103537291288, 43.247695080935955]]]}, "properties": {"id": 190, "class": "small vehicle", "confidence": 70.2, "source": "Almaty_9", "source_model": "yolo26-obb", "centroid_wkt": "POINT (76.95100419223309 43.24772123247385)", "bbox": [76.95097301155329, 43.247695080935955, 76.95103537291288, 43.247747384011745], "pixel_bbox": [5177, 1430, 5270, 1508], "area_m2": 29.429}}, {"type": "Feature", "geometry": {"type": "Polygon", "coordinates": [[[76.9510467723012, 43.24763473123312], [76.9510467723012, 43.24768032878637], [76.95098374038935, 43.24768032878637], [76.95098374038935, 43.24763473123312], [76.9510467723012, 43.24763473123312]]]}, "properties": {"id": 191, "class": "small vehicle", "confidence": 70.2, "source": "Almaty_9", "source_model": "yolo26-obb", "centroid_wkt": "POINT (76.95101525634527 43.247657530009754)", "bbox": [76.95098374038935, 43.24763473123312, 76.9510467723012, 43.24768032878637], "pixel_bbox": [5193, 1530, 5287, 1598], "area_m2": 25.932}}, {"type": "Feature", "geometry": {"type": "Polygon", "coordinates": [[[76.95018377155066, 43.24485596269369], [76.95018377155066, 43.24488077312708], [76.95013884454966, 43.24488077312708], [76.95013884454966, 43.24485596269369], [76.95018377155066, 43.24485596269369]]]}, "properties": {"id": 192, "class": "small vehicle", "confidence": 70.1, "source": "Almaty_9", "source_model": "yolo26-obb", "centroid_wkt": "POINT (76.95016130805014 43.244868367910385)", "bbox": [76.95013884454966, 43.24485596269369, 76.95018377155066, 43.24488077312708], "pixel_bbox": [3933, 5705, 4000, 5742], "area_m2": 10.057}}, {"type": "Feature", "geometry": {"type": "Polygon", "coordinates": [[[76.95009727030993, 43.24733164161444], [76.95009727030993, 43.247383274137974], [76.9500396028161, 43.247383274137974], [76.9500396028161, 43.24733164161444], [76.95009727030993, 43.24733164161444]]]}, "properties": {"id": 193, "class": "small vehicle", "confidence": 69.8, "source": "Almaty_9", "source_model": "yolo26-obb", "centroid_wkt": "POINT (76.95006843656301 43.24735745787621)", "bbox": [76.9500396028161, 43.24733164161444, 76.95009727030993, 43.247383274137974], "pixel_bbox": [3785, 1973, 3871, 2050], "area_m2": 26.865}}, {"type": "Feature", "geometry": {"type": "Polygon", "coordinates": [[[76.95569906383753, 43.24529383331537], [76.95569906383753, 43.24531864374876], [76.95563737303019, 43.24531864374876], [76.95563737303019, 43.24529383331537], [76.95569906383753, 43.24529383331537]]]}, "properties": {"id": 194, "class": "small vehicle", "confidence": 69.4, "source": "Almaty_9", "source_model": "yolo26-obb", "centroid_wkt": "POINT (76.95566821843386 43.245306238532066)", "bbox": [76.95563737303019, 43.24529383331537, 76.95569906383753, 43.24531864374876], "pixel_bbox": [12133, 5052, 12225, 5089], "area_m2": 13.81}}, {"type": "Feature", "geometry": {"type": "Polygon", "coordinates": [[[76.95102330297232, 43.247763477265835], [76.95102330297232, 43.2478016987443], [76.9509582594037, 43.2478016987443], [76.9509582594037, 43.247763477265835], [76.95102330297232, 43.247763477265835]]]}, "properties": {"id": 195, "class": "small vehicle", "confidence": 69.4, "source": "Almaty_9", "source_model": "yolo26-obb", "centroid_wkt": "POINT (76.950990781188 43.24778258800506)", "bbox": [76.9509582594037, 43.247763477265835, 76.95102330297232, 43.2478016987443], "pixel_bbox": [5155, 1349, 5252, 1406], "area_m2": 22.431}}, {"type": "Feature", "geometry": {"type": "Polygon", "coordinates": [[[76.95630792528391, 43.247637413442135], [76.95630792528391, 43.247678987681866], [76.95627305656672, 43.247678987681866], [76.95627305656672, 43.247637413442135], [76.95630792528391, 43.247637413442135]]]}, "properties": {"id": 196, "class": "small vehicle", "confidence": 69.1, "source": "Almaty_9", "source_model": "yolo26-obb", "centroid_wkt": "POINT (76.95629049092531 43.247658200562)", "bbox": [76.95627305656672, 43.247637413442135, 76.95630792528391, 43.247678987681866], "pixel_bbox": [13081, 1532, 13133, 1594], "area_m2": 13.079}}, {"type": "Feature", "geometry": {"type": "Polygon", "coordinates": [[[76.95124056190252, 43.24671138077974], [76.95124056190252, 43.24675898998976], [76.95120636373758, 43.24675898998976], [76.95120636373758, 43.24671138077974], [76.95124056190252, 43.24671138077974]]]}, "properties": {"id": 197, "class": "small vehicle", "confidence": 69.0, "source": "Almaty_9", "source_model": "yolo26-obb", "centroid_wkt": "POINT (76.95122346282004 43.24673518538474)", "bbox": [76.95120636373758, 43.24671138077974, 76.95124056190252, 43.24675898998976], "pixel_bbox": [5525, 2904, 5576, 2975], "area_m2": 14.69}}, {"type": "Feature", "geometry": {"type": "Polygon", "coordinates": [[[76.95050831884146, 43.247223012149334], [76.95050831884146, 43.24727665632963], [76.95047412067652, 43.24727665632963], [76.95047412067652, 43.247223012149334], [76.95050831884146, 43.247223012149334]]]}, "properties": {"id": 198, "class": "small vehicle", "confidence": 69.0, "source": "Almaty_9", "source_model": "yolo26-obb", "centroid_wkt": "POINT (76.95049121975899 43.24724983423948)", "bbox": [76.95047412067652, 43.247223012149334, 76.95050831884146, 43.24727665632963], "pixel_bbox": [4433, 2132, 4484, 2212], "area_m2": 16.552}}, {"type": "Feature", "geometry": {"type": "Polygon", "coordinates": [[[76.95548918098211, 43.24652295559645], [76.95548918098211, 43.2465685531497], [76.9554603472352, 43.2465685531497], [76.9554603472352, 43.24652295559645], [76.95548918098211, 43.24652295559645]]]}, "properties": {"id": 199, "class": "small vehicle", "confidence": 68.7, "source": "Almaty_9", "source_model": "yolo26-obb", "centroid_wkt": "POINT (76.95547476410864 43.246545754373074)", "bbox": [76.9554603472352, 43.24652295559645, 76.95548918098211, 43.2465685531497], "pixel_bbox": [11869, 3188, 11912, 3256], "area_m2": 11.863}}, {"type": "Feature", "geometry": {"type": "Polygon", "coordinates": [[[76.95316839963198, 43.24284967035055], [76.95316839963198, 43.242884539067745], [76.95302356034517, 43.242884539067745], [76.95302356034517, 43.24284967035055], [76.95316839963198, 43.24284967035055]]]}, "properties": {"id": 200, "class": "large vehicle", "confidence": 68.5, "source": "Almaty_9", "source_model": "yolo26-obb", "centroid_wkt": "POINT (76.95309597998857 43.242867104709156)", "bbox": [76.95302356034517, 43.24284967035055, 76.95316839963198, 43.242884539067745], "pixel_bbox": [8235, 8682, 8451, 8734], "area_m2": 45.571}}, {"type": "Feature", "geometry": {"type": "Polygon", "coordinates": [[[76.95002149790525, 43.242513723671436], [76.95002149790525, 43.24253719300032], [76.94996517151594, 43.24253719300032], [76.94996517151594, 43.242513723671436], [76.95002149790525, 43.242513723671436]]]}, "properties": {"id": 201, "class": "small vehicle", "confidence": 68.5, "source": "Almaty_9", "source_model": "yolo26-obb", "centroid_wkt": "POINT (76.94999333471058 43.24252545833588)", "bbox": [76.94996517151594, 43.242513723671436, 76.95002149790525, 43.24253719300032], "pixel_bbox": [3674, 9200, 3758, 9235], "area_m2": 11.928}}, {"type": "Feature", "geometry": {"type": "Polygon", "coordinates": [[[76.94798838347197, 43.245024271309376], [76.94798838347197, 43.245071209967136], [76.94795619696379, 43.245071209967136], [76.94795619696379, 43.245024271309376], [76.94798838347197, 43.245024271309376]]]}, "properties": {"id": 202, "class": "small vehicle", "confidence": 67.0, "source": "Almaty_9", "source_model": "yolo26-obb", "centroid_wkt": "POINT (76.94797229021788 43.245047740638256)", "bbox": [76.94795619696379, 43.245024271309376, 76.94798838347197, 43.245071209967136], "pixel_bbox": [678, 5421, 726, 5491], "area_m2": 13.632}}, {"type": "Feature", "geometry": {"type": "Polygon", "coordinates": [[[76.95413399487734, 43.24299652129412], [76.95413399487734, 43.24302066117525], [76.95408504456282, 43.24302066117525], [76.95408504456282, 43.24299652129412], [76.95413399487734, 43.24299652129412]]]}, "properties": {"id": 203, "class": "small vehicle", "confidence": 66.7, "source": "Almaty_9", "source_model": "yolo26-obb", "centroid_wkt": "POINT (76.95410951972006 43.243008591234684)", "bbox": [76.95408504456282, 43.24299652129412, 76.95413399487734, 43.24302066117525], "pixel_bbox": [9818, 8479, 9891, 8515], "area_m2": 10.662}}, {"type": "Feature", "geometry": {"type": "Polygon", "coordinates": [[[76.94872666150331, 43.24250165373087], [76.94872666150331, 43.24252042919397], [76.94867502897978, 43.24252042919397], [76.94867502897978, 43.24250165373087], [76.94872666150331, 43.24250165373087]]]}, "properties": {"id": 204, "class": "small vehicle", "confidence": 65.0, "source": "Almaty_9", "source_model": "yolo26-obb", "centroid_wkt": "POINT (76.94870084524155 43.24251104146242)", "bbox": [76.94867502897978, 43.24250165373087, 76.94872666150331, 43.24252042919397], "pixel_bbox": [1750, 9225, 1827, 9253], "area_m2": 8.747}}, {"type": "Feature", "geometry": {"type": "Polygon", "coordinates": [[[76.94796424359083, 43.24519190937281], [76.94796424359083, 43.24523750692606], [76.94793809205294, 43.24523750692606], [76.94793809205294, 43.24519190937281], [76.94796424359083, 43.24519190937281]]]}, "properties": {"id": 205, "class": "small vehicle", "confidence": 65.0, "source": "Almaty_9", "source_model": "yolo26-obb", "centroid_wkt": "POINT (76.9479511678219 43.24521470814943)", "bbox": [76.94793809205294, 43.24519190937281, 76.94796424359083, 43.24523750692606], "pixel_bbox": [651, 5173, 690, 5241], "area_m2": 10.759}}, {"type": "Feature", "geometry": {"type": "Polygon", "coordinates": [[[76.9481473043561, 43.24445094913244], [76.9481473043561, 43.24450392276049], [76.94811310619116, 43.24450392276049], [76.94811310619116, 43.24445094913244], [76.9481473043561, 43.24445094913244]]]}, "properties": {"id": 206, "class": "small vehicle", "confidence": 64.2, "source": "Almaty_9", "source_model": "yolo26-obb", "centroid_wkt": "POINT (76.94813020527363 43.244477435946465)", "bbox": [76.94811310619116, 43.24445094913244, 76.9481473043561, 43.24450392276049], "pixel_bbox": [912, 6267, 963, 6346], "area_m2": 16.346}}, {"type": "Feature", "geometry": {"type": "Polygon", "coordinates": [[[76.95145446807146, 43.24509132653475], [76.95145446807146, 43.24514228850603], [76.95141892880201, 43.24514228850603], [76.95141892880201, 43.24509132653475], [76.95145446807146, 43.24509132653475]]]}, "properties": {"id": 207, "class": "small vehicle", "confidence": 62.9, "source": "Almaty_9", "source_model": "yolo26-obb", "centroid_wkt": "POINT (76.95143669843674 43.24511680752038)", "bbox": [76.95141892880201, 43.24509132653475, 76.95145446807146, 43.24514228850603], "pixel_bbox": [5842, 5315, 5895, 5391], "area_m2": 16.342}}, {"type": "Feature", "geometry": {"type": "Polygon", "coordinates": [[[76.9557922706008, 43.24303071945906], [76.9557922706008, 43.24305485934019], [76.95574063807726, 43.24305485934019], [76.95574063807726, 43.24303071945906], [76.9557922706008, 43.24303071945906]]]}, "properties": {"id": 208, "class": "small vehicle", "confidence": 62.5, "source": "Almaty_9", "source_model": "yolo26-obb", "centroid_wkt": "POINT (76.95576645433903 43.243042789399624)", "bbox": [76.95574063807726, 43.24303071945906, 76.9557922706008, 43.24305485934019], "pixel_bbox": [12287, 8428, 12364, 8464], "area_m2": 11.247}}, {"type": "Feature", "geometry": {"type": "Polygon", "coordinates": [[[76.9479126110673, 43.24558686465025], [76.9479126110673, 43.24562709778547], [76.94788310676813, 43.24562709778547], [76.94788310676813, 43.24558686465025], [76.9479126110673, 43.24558686465025]]]}, "properties": {"id": 209, "class": "small vehicle", "confidence": 62.2, "source": "Almaty_9", "source_model": "yolo26-obb", "centroid_wkt": "POINT (76.94789785891773 43.24560698121786)", "bbox": [76.94788310676813, 43.24558686465025, 76.9479126110673, 43.24562709778547], "pixel_bbox": [569, 4592, 613, 4652], "area_m2": 10.711}}, {"type": "Feature", "geometry": {"type": "Polygon", "coordinates": [[[76.95211160928011, 43.24268538504839], [76.95211160928011, 43.242713548243046], [76.95204254239798, 43.242713548243046], [76.95204254239798, 43.24268538504839], [76.95211160928011, 43.24268538504839]]]}, "properties": {"id": 210, "class": "small vehicle", "confidence": 61.8, "source": "Almaty_9", "source_model": "yolo26-obb", "centroid_wkt": "POINT (76.95207707583906 43.24269946664571)", "bbox": [76.95204254239798, 43.24268538504839, 76.95211160928011, 43.242713548243046], "pixel_bbox": [6772, 8937, 6875, 8979], "area_m2": 17.552}}, {"type": "Feature", "geometry": {"type": "Polygon", "coordinates": [[[76.9502716138959, 43.24477817863226], [76.9502716138959, 43.244809694588184], [76.95020858198404, 43.244809694588184], [76.95020858198404, 43.24477817863226], [76.9502716138959, 43.24477817863226]]]}, "properties": {"id": 211, "class": "small vehicle", "confidence": 60.0, "source": "Almaty_9", "source_model": "yolo26-obb", "centroid_wkt": "POINT (76.95024009793998 43.24479393661022)", "bbox": [76.95020858198404, 43.24477817863226, 76.9502716138959, 43.244809694588184], "pixel_bbox": [4037, 5811, 4131, 5858], "area_m2": 17.924}}, {"type": "Feature", "geometry": {"type": "Polygon", "coordinates": [[[76.95096831768751, 43.2481537386775], [76.95096831768751, 43.24819799512625], [76.95091467350721, 43.24819799512625], [76.95091467350721, 43.2481537386775], [76.95096831768751, 43.2481537386775]]]}, "properties": {"id": 212, "class": "small vehicle", "confidence": 59.8, "source": "Almaty_9", "source_model": "yolo26-obb", "centroid_wkt": "POINT (76.95094149559735 43.248175866901875)", "bbox": [76.95091467350721, 43.2481537386775, 76.95096831768751, 43.24819799512625], "pixel_bbox": [5090, 758, 5170, 824], "area_m2": 21.42}}, {"type": "Feature", "geometry": {"type": "Polygon", "coordinates": [[[76.9515161588788, 43.24460316449404], [76.9515161588788, 43.244656808674335], [76.95148061960936, 43.244656808674335], [76.95148061960936, 43.24460316449404], [76.9515161588788, 43.24460316449404]]]}, "properties": {"id": 213, "class": "small vehicle", "confidence": 59.3, "source": "Almaty_9", "source_model": "yolo26-obb", "centroid_wkt": "POINT (76.95149838924408 43.244629986584194)", "bbox": [76.95148061960936, 43.24460316449404, 76.9515161588788, 43.244656808674335], "pixel_bbox": [5934, 6039, 5987, 6119], "area_m2": 17.202}}, {"type": "Feature", "geometry": {"type": "Polygon", "coordinates": [[[76.95544827729464, 43.24490290135145], [76.95544827729464, 43.24495453387499], [76.95541609078646, 43.24495453387499], [76.95541609078646, 43.24490290135145], [76.95544827729464, 43.24490290135145]]]}, "properties": {"id": 214, "class": "small vehicle", "confidence": 59.1, "source": "Almaty_9", "source_model": "yolo26-obb", "centroid_wkt": "POINT (76.95543218404055 43.24492871761322)", "bbox": [76.95541609078646, 43.24490290135145, 76.95544827729464, 43.24495453387499], "pixel_bbox": [11803, 5595, 11851, 5672], "area_m2": 14.995}}, {"type": "Feature", "geometry": {"type": "Polygon", "coordinates": [[[76.95551466196775, 43.24493642896414], [76.95551466196775, 43.244993425905704], [76.95548113435507, 43.244993425905704], [76.95548113435507, 43.24493642896414], [76.95551466196775, 43.24493642896414]]]}, "properties": {"id": 215, "class": "small vehicle", "confidence": 59.0, "source": "Almaty_9", "source_model": "yolo26-obb", "centroid_wkt": "POINT (76.95549789816141 43.24496492743493)", "bbox": [76.95548113435507, 43.24493642896414, 76.95551466196775, 43.244993425905704], "pixel_bbox": [11900, 5537, 11950, 5622], "area_m2": 17.243}}, {"type": "Feature", "geometry": {"type": "Polygon", "coordinates": [[[76.95538457483053, 43.24605356901884], [76.95538457483053, 43.2461005076766], [76.95532489567995, 43.2461005076766], [76.95532489567995, 43.24605356901884], [76.95538457483053, 43.24605356901884]]]}, "properties": {"id": 216, "class": "small vehicle", "confidence": 58.0, "source": "Almaty_9", "source_model": "yolo26-obb", "centroid_wkt": "POINT (76.95535473525524 43.24607703834772)", "bbox": [76.95532489567995, 43.24605356901884, 76.95538457483053, 43.2461005076766], "pixel_bbox": [11667, 3886, 11756, 3956], "area_m2": 25.275}}, {"type": "Feature", "geometry": {"type": "Polygon", "coordinates": [[[76.95686917752028, 43.24338208884001], [76.95686917752028, 43.24348669499159], [76.95682357996702, 43.24348669499159], [76.95682357996702, 43.24338208884001], [76.95686917752028, 43.24338208884001]]]}, "properties": {"id": 217, "class": "large vehicle", "confidence": 58.0, "source": "Almaty_9", "source_model": "yolo26-obb", "centroid_wkt": "POINT (76.95684637874363 43.2434343919158)", "bbox": [76.95682357996702, 43.24338208884001, 76.95686917752028, 43.24348669499159], "pixel_bbox": [13902, 7784, 13970, 7940], "area_m2": 43.038}}, {"type": "Feature", "geometry": {"type": "Polygon", "coordinates": [[[76.95295315235853, 43.24401240795851], [76.95295315235853, 43.24403587728739], [76.95289481431246, 43.24403587728739], [76.95289481431246, 43.24401240795851], [76.95295315235853, 43.24401240795851]]]}, "properties": {"id": 218, "class": "large vehicle", "confidence": 57.9, "source": "Almaty_9", "source_model": "yolo26-obb", "centroid_wkt": "POINT (76.9529239833355 43.24402414262295)", "bbox": [76.95289481431246, 43.24401240795851, 76.95295315235853, 43.24403587728739], "pixel_bbox": [8043, 6965, 8130, 7000], "area_m2": 12.354}}, {"type": "Feature", "geometry": {"type": "Polygon", "coordinates": [[[76.9491470977664, 43.246612809598446], [76.9491470977664, 43.246639631688595], [76.94908808916807, 43.246639631688595], [76.94908808916807, 43.246612809598446], [76.9491470977664, 43.246612809598446]]]}, "properties": {"id": 219, "class": "small vehicle", "confidence": 57.4, "source": "Almaty_9", "source_model": "yolo26-obb", "centroid_wkt": "POINT (76.94911759346724 43.24662622064352)", "bbox": [76.94908808916807, 43.246612809598446, 76.9491470977664, 43.246639631688595], "pixel_bbox": [2366, 3082, 2454, 3122], "area_m2": 14.281}}, {"type": "Feature", "geometry": {"type": "Polygon", "coordinates": [[[76.95134114474058, 43.24587184935808], [76.95134114474058, 43.24590001255274], [76.95131432265043, 43.24590001255274], [76.95131432265043, 43.24587184935808], [76.95134114474058, 43.24587184935808]]]}, "properties": {"id": 220, "class": "small vehicle", "confidence": 56.9, "source": "Almaty_9", "source_model": "yolo26-obb", "centroid_wkt": "POINT (76.9513277336955 43.24588593095541)", "bbox": [76.95131432265043, 43.24587184935808, 76.95134114474058, 43.24590001255274], "pixel_bbox": [5686, 4185, 5726, 4227], "area_m2": 6.816}}, {"type": "Feature", "geometry": {"type": "Polygon", "coordinates": [[[76.95123989135027, 43.24624266475439], [76.95123989135027, 43.246297650039196], [76.95120837539434, 43.246297650039196], [76.95120837539434, 43.24624266475439], [76.95123989135027, 43.24624266475439]]]}, "properties": {"id": 221, "class": "small vehicle", "confidence": 56.0, "source": "Almaty_9", "source_model": "yolo26-obb", "centroid_wkt": "POINT (76.9512241333723 43.24627015739679)", "bbox": [76.95120837539434, 43.24624266475439, 76.95123989135027, 43.246297650039196], "pixel_bbox": [5528, 3592, 5575, 3674], "area_m2": 15.636}}, {"type": "Feature", "geometry": {"type": "Polygon", "coordinates": [[[76.9484443590045, 43.245087303221226], [76.9484443590045, 43.245110772550106], [76.94839138537645, 43.245110772550106], [76.94839138537645, 43.245087303221226], [76.9484443590045, 43.245087303221226]]]}, "properties": {"id": 222, "class": "small vehicle", "confidence": 55.9, "source": "Almaty_9", "source_model": "yolo26-obb", "centroid_wkt": "POINT (76.94841787219048 43.245099037885666)", "bbox": [76.94839138537645, 43.245087303221226, 76.9484443590045, 43.245110772550106], "pixel_bbox": [1327, 5362, 1406, 5397], "area_m2": 11.218}}, {"type": "Feature", "geometry": {"type": "Polygon", "coordinates": [[[76.95072289556265, 43.24256602674723], [76.95072289556265, 43.2425881549716], [76.95067260414362, 43.2425881549716], [76.95067260414362, 43.24256602674723], [76.95072289556265, 43.24256602674723]]]}, "properties": {"id": 223, "class": "small vehicle", "confidence": 55.8, "source": "Almaty_9", "source_model": "yolo26-obb", "centroid_wkt": "POINT (76.95069774985313 43.24257709085942)", "bbox": [76.95067260414362, 43.24256602674723, 76.95072289556265, 43.2425881549716], "pixel_bbox": [4729, 9124, 4804, 9157], "area_m2": 10.042}}, {"type": "Feature", "geometry": {"type": "Polygon", "coordinates": [[[76.95128213614225, 43.24633654206991], [76.95128213614225, 43.24638482183218], [76.95125062018633, 43.24638482183218], [76.95125062018633, 43.24633654206991], [76.95128213614225, 43.24633654206991]]]}, "properties": {"id": 224, "class": "small vehicle", "confidence": 55.3, "source": "Almaty_9", "source_model": "yolo26-obb", "centroid_wkt": "POINT (76.95126637816429 43.246360681951046)", "bbox": [76.95125062018633, 43.24633654206991, 76.95128213614225, 43.24638482183218], "pixel_bbox": [5591, 3462, 5638, 3534], "area_m2": 13.729}}, {"type": "Feature", "geometry": {"type": "Polygon", "coordinates": [[[76.95026021450758, 43.247878812253475], [76.95026021450758, 43.24790094047785], [76.9502468034625, 43.24790094047785], [76.9502468034625, 43.247878812253475], [76.95026021450758, 43.247878812253475]]]}, "properties": {"id": 225, "class": "ship", "confidence": 55.1, "source": "Almaty_9", "source_model": "yolo26-obb", "centroid_wkt": "POINT (76.95025350898503 43.24788987636566)", "bbox": [76.9502468034625, 43.247878812253475, 76.95026021450758, 43.24790094047785], "pixel_bbox": [4094, 1201, 4114, 1234], "area_m2": 2.678}}, {"type": "Feature", "geometry": {"type": "Polygon", "coordinates": [[[76.95398915559053, 43.242987133562565], [76.95398915559053, 43.243008591234684], [76.95393349975348, 43.243008591234684], [76.95393349975348, 43.242987133562565], [76.95398915559053, 43.242987133562565]]]}, "properties": {"id": 226, "class": "small vehicle", "confidence": 54.9, "source": "Almaty_9", "source_model": "yolo26-obb", "centroid_wkt": "POINT (76.953961327672 43.242997862398624)", "bbox": [76.95393349975348, 43.242987133562565, 76.95398915559053, 43.243008591234684], "pixel_bbox": [9592, 8497, 9675, 8529], "area_m2": 10.776}}, {"type": "Feature", "geometry": {"type": "Polygon", "coordinates": [[[76.95152956992388, 43.24449855834246], [76.95152956992388, 43.24453543871641], [76.9514987245202, 43.24453543871641], [76.9514987245202, 43.24449855834246], [76.95152956992388, 43.24449855834246]]]}, "properties": {"id": 227, "class": "small vehicle", "confidence": 54.4, "source": "Almaty_9", "source_model": "yolo26-obb", "centroid_wkt": "POINT (76.95151414722204 43.24451699852944)", "bbox": [76.9514987245202, 43.24449855834246, 76.95152956992388, 43.24453543871641], "pixel_bbox": [5961, 6220, 6007, 6275], "area_m2": 10.264}}, {"type": "Feature", "geometry": {"type": "Polygon", "coordinates": [[[76.95110376924276, 43.247410766780376], [76.95110376924276, 43.247461058199406], [76.95106890052557, 43.247461058199406], [76.95106890052557, 43.247410766780376], [76.95110376924276, 43.247410766780376]]]}, "properties": {"id": 228, "class": "small vehicle", "confidence": 53.7, "source": "Almaty_9", "source_model": "yolo26-obb", "centroid_wkt": "POINT (76.95108633488417 43.24743591248989)", "bbox": [76.95106890052557, 43.247410766780376, 76.95110376924276, 43.247461058199406], "pixel_bbox": [5320, 1857, 5372, 1932], "area_m2": 15.822}}, {"type": "Feature", "geometry": {"type": "Polygon", "coordinates": [[[76.95069942623377, 43.244732581079006], [76.95069942623377, 43.24477951973677], [76.95067260414362, 43.24477951973677], [76.95067260414362, 43.244732581079006], [76.95069942623377, 43.244732581079006]]]}, "properties": {"id": 229, "class": "small vehicle", "confidence": 53.6, "source": "Almaty_9", "source_model": "yolo26-obb", "centroid_wkt": "POINT (76.95068601518868 43.24475605040789)", "bbox": [76.95067260414362, 43.244732581079006, 76.95069942623377, 43.24477951973677], "pixel_bbox": [4729, 5856, 4769, 5926], "area_m2": 11.36}}, {"type": "Feature", "geometry": {"type": "Polygon", "coordinates": [[[76.95625226944685, 43.24359264224768], [76.95625226944685, 43.24362080544233], [76.95619728416204, 43.24362080544233], [76.95619728416204, 43.24359264224768], [76.95625226944685, 43.24359264224768]]]}, "properties": {"id": 230, "class": "small vehicle", "confidence": 53.1, "source": "Almaty_9", "source_model": "yolo26-obb", "centroid_wkt": "POINT (76.95622477680445 43.243606723845)", "bbox": [76.95619728416204, 43.24359264224768, 76.95625226944685, 43.24362080544233], "pixel_bbox": [12968, 7584, 13050, 7626], "area_m2": 13.973}}, {"type": "Feature", "geometry": {"type": "Polygon", "coordinates": [[[76.94766249507666, 43.24718076735735], [76.94766249507666, 43.247230388224125], [76.94763097912073, 43.247230388224125], [76.94763097912073, 43.24718076735735], [76.94766249507666, 43.24718076735735]]]}, "properties": {"id": 231, "class": "small vehicle", "confidence": 52.0, "source": "Almaty_9", "source_model": "yolo26-obb", "centroid_wkt": "POINT (76.9476467370987 43.24720557779074)", "bbox": [76.94763097912073, 43.24718076735735, 76.94766249507666, 43.247230388224125], "pixel_bbox": [193, 2201, 240, 2275], "area_m2": 14.11}}, {"type": "Feature", "geometry": {"type": "Polygon", "coordinates": [[[76.95046808570623, 43.24254523962736], [76.95046808570623, 43.24257139116526], [76.95041242986917, 43.24257139116526], [76.95041242986917, 43.24254523962736], [76.95046808570623, 43.24254523962736]]]}, "properties": {"id": 232, "class": "small vehicle", "confidence": 51.8, "source": "Almaty_9", "source_model": "yolo26-obb", "centroid_wkt": "POINT (76.9504402577877 43.24255831539631)", "bbox": [76.95041242986917, 43.24254523962736, 76.95046808570623, 43.24257139116526], "pixel_bbox": [4341, 9149, 4424, 9188], "area_m2": 13.133}}, {"type": "Feature", "geometry": {"type": "Polygon", "coordinates": [[[76.94922085851431, 43.24661146849394], [76.94922085851431, 43.246637620031834], [76.94915983825922, 43.246637620031834], [76.94915983825922, 43.24661146849394], [76.94922085851431, 43.24661146849394]]]}, "properties": {"id": 233, "class": "small vehicle", "confidence": 51.6, "source": "Almaty_9", "source_model": "yolo26-obb", "centroid_wkt": "POINT (76.94919034838676 43.24662454426289)", "bbox": [76.94915983825922, 43.24661146849394, 76.94922085851431, 43.246637620031834], "pixel_bbox": [2473, 3085, 2564, 3124], "area_m2": 14.398}}, {"type": "Feature", "geometry": {"type": "Polygon", "coordinates": [[[76.94971907883883, 43.24476007372141], [76.94971907883883, 43.244790248572826], [76.94966074079275, 43.244790248572826], [76.94966074079275, 43.24476007372141], [76.94971907883883, 43.24476007372141]]]}, "properties": {"id": 234, "class": "small vehicle", "confidence": 51.5, "source": "Almaty_9", "source_model": "yolo26-obb", "centroid_wkt": "POINT (76.94968990981579 43.24477516114712)", "bbox": [76.94966074079275, 43.24476007372141, 76.94971907883883, 43.244790248572826], "pixel_bbox": [3220, 5840, 3307, 5885], "area_m2": 15.883}}, {"type": "Feature", "geometry": {"type": "Polygon", "coordinates": [[[76.95507813245058, 43.24750330299139], [76.95507813245058, 43.24754688888788], [76.95505332201719, 43.24754688888788], [76.95505332201719, 43.24750330299139], [76.95507813245058, 43.24750330299139]]]}, "properties": {"id": 235, "class": "small vehicle", "confidence": 50.8, "source": "Almaty_9", "source_model": "yolo26-obb", "centroid_wkt": "POINT (76.95506572723389 43.247525095939636)", "bbox": [76.95505332201719, 43.24750330299139, 76.95507813245058, 43.24754688888788], "pixel_bbox": [11262, 1729, 11299, 1794], "area_m2": 9.757}}, {"type": "Feature", "geometry": {"type": "Polygon", "coordinates": [[[76.95101793855429, 43.24828986078501], [76.95101793855429, 43.248330764472485], [76.95098977535963, 43.248330764472485], [76.95098977535963, 43.24828986078501], [76.95101793855429, 43.24828986078501]]]}, "properties": {"id": 236, "class": "small vehicle", "confidence": 49.3, "source": "Almaty_9", "source_model": "yolo26-obb", "centroid_wkt": "POINT (76.95100385695696 43.248310312628746)", "bbox": [76.95098977535963, 43.24828986078501, 76.95101793855429, 43.248330764472485], "pixel_bbox": [5202, 560, 5244, 621], "area_m2": 10.394}}, {"type": "Feature", "geometry": {"type": "Polygon", "coordinates": [[[76.95135120302439, 43.24821945279837], [76.95135120302439, 43.248246274888515], [76.95130292326212, 43.248246274888515], [76.95130292326212, 43.24821945279837], [76.95135120302439, 43.24821945279837]]]}, "properties": {"id": 237, "class": "small vehicle", "confidence": 48.7, "source": "Almaty_9", "source_model": "yolo26-obb", "centroid_wkt": "POINT (76.95132706314325 43.24823286384344)", "bbox": [76.95130292326212, 43.24821945279837, 76.95135120302439, 43.248246274888515], "pixel_bbox": [5669, 686, 5741, 726], "area_m2": 11.684}}, {"type": "Feature", "geometry": {"type": "Polygon", "coordinates": [[[76.9478690251708, 43.24626211076975], [76.9478690251708, 43.24630904942751], [76.94784086197615, 43.24630904942751], [76.94784086197615, 43.24626211076975], [76.9478690251708, 43.24626211076975]]]}, "properties": {"id": 238, "class": "small vehicle", "confidence": 48.6, "source": "Almaty_9", "source_model": "yolo26-obb", "centroid_wkt": "POINT (76.94785494357347 43.24628558009863)", "bbox": [76.94784086197615, 43.24626211076975, 76.9478690251708, 43.24630904942751], "pixel_bbox": [506, 3575, 548, 3645], "area_m2": 11.928}}, {"type": "Feature", "geometry": {"type": "Polygon", "coordinates": [[[76.95184338837862, 43.24775006622076], [76.95184338837862, 43.24777353554964], [76.95178974419832, 43.24777353554964], [76.95178974419832, 43.24775006622076], [76.95184338837862, 43.24775006622076]]]}, "properties": {"id": 239, "class": "small vehicle", "confidence": 48.5, "source": "Almaty_9", "source_model": "yolo26-obb", "centroid_wkt": "POINT (76.95181656628846 43.2477618008852)", "bbox": [76.95178974419832, 43.24775006622076, 76.95184338837862, 43.24777353554964], "pixel_bbox": [6395, 1391, 6475, 1426], "area_m2": 11.359}}, {"type": "Feature", "geometry": {"type": "Polygon", "coordinates": [[[76.9482733681798, 43.24649680405855], [76.9482733681798, 43.246518932282925], [76.94822173565626, 43.246518932282925], [76.94822173565626, 43.24649680405855], [76.9482733681798, 43.24649680405855]]]}, "properties": {"id": 240, "class": "small vehicle", "confidence": 48.2, "source": "Almaty_9", "source_model": "yolo26-obb", "centroid_wkt": "POINT (76.94824755191804 43.24650786817074)", "bbox": [76.94822173565626, 43.24649680405855, 76.9482733681798, 43.246518932282925], "pixel_bbox": [1074, 3262, 1151, 3295], "area_m2": 10.309}}, {"type": "Feature", "geometry": {"type": "Polygon", "coordinates": [[[76.94799575954676, 43.24495118111372], [76.94799575954676, 43.24500348418951], [76.94796089082956, 43.24500348418951], [76.94796089082956, 43.24495118111372], [76.94799575954676, 43.24495118111372]]]}, "properties": {"id": 241, "class": "small vehicle", "confidence": 47.3, "source": "Almaty_9", "source_model": "yolo26-obb", "centroid_wkt": "POINT (76.94797832518815 43.244977332651615)", "bbox": [76.94796089082956, 43.24495118111372, 76.94799575954676, 43.24500348418951], "pixel_bbox": [685, 5522, 737, 5600], "area_m2": 16.455}}, {"type": "Feature", "geometry": {"type": "Polygon", "coordinates": [[[76.94844905287027, 43.24514698237181], [76.94844905287027, 43.245168440043926], [76.94839272648096, 43.245168440043926], [76.94839272648096, 43.24514698237181], [76.94844905287027, 43.24514698237181]]]}, "properties": {"id": 242, "class": "small vehicle", "confidence": 46.9, "source": "Almaty_9", "source_model": "yolo26-obb", "centroid_wkt": "POINT (76.94842088967562 43.24515771120787)", "bbox": [76.94839272648096, 43.24514698237181, 76.94844905287027, 43.245168440043926], "pixel_bbox": [1329, 5276, 1413, 5308], "area_m2": 10.905}}, {"type": "Feature", "geometry": {"type": "Polygon", "coordinates": [[[76.95211160928011, 43.242684714496136], [76.95211160928011, 43.242713548243046], [76.95204254239798, 43.242713548243046], [76.95204254239798, 43.242684714496136], [76.95211160928011, 43.242684714496136]]]}, "properties": {"id": 243, "class": "ship", "confidence": 45.7, "source": "Almaty_9", "source_model": "yolo26-obb", "centroid_wkt": "POINT (76.95207707583904 43.24269913136959)", "bbox": [76.95204254239798, 43.242684714496136, 76.95211160928011, 43.242713548243046], "pixel_bbox": [6772, 8937, 6875, 8980], "area_m2": 17.969}}, {"type": "Feature", "geometry": {"type": "Polygon", "coordinates": [[[76.95678669959307, 43.244370482861996], [76.95678669959307, 43.24441473931074], [76.95675786584616, 43.24441473931074], [76.95675786584616, 43.244370482861996], [76.95678669959307, 43.244370482861996]]]}, "properties": {"id": 244, "class": "small vehicle", "confidence": 44.9, "source": "Almaty_9", "source_model": "yolo26-obb", "centroid_wkt": "POINT (76.95677228271961 43.24439261108637)", "bbox": [76.95675786584616, 43.244370482861996, 76.95678669959307, 43.24441473931074], "pixel_bbox": [13804, 6400, 13847, 6466], "area_m2": 11.514}}, {"type": "Feature", "geometry": {"type": "Polygon", "coordinates": [[[76.95136461406946, 43.24819263070822], [76.95136461406946, 43.248222805559635], [76.95130091160536, 43.248222805559635], [76.95130091160536, 43.24819263070822], [76.95136461406946, 43.24819263070822]]]}, "properties": {"id": 245, "class": "small vehicle", "confidence": 44.6, "source": "Almaty_9", "source_model": "yolo26-obb", "centroid_wkt": "POINT (76.9513327628374 43.248207718133926)", "bbox": [76.95130091160536, 43.24819263070822, 76.95136461406946, 43.248222805559635], "pixel_bbox": [5666, 721, 5761, 766], "area_m2": 17.343}}, {"type": "Feature", "geometry": {"type": "Polygon", "coordinates": [[[76.95095490664244, 43.246691934764385], [76.95095490664244, 43.246724121272564], [76.95088919252157, 43.246724121272564], [76.95088919252157, 43.246691934764385], [76.95095490664244, 43.246691934764385]]]}, "properties": {"id": 246, "class": "small vehicle", "confidence": 44.5, "source": "Almaty_9", "source_model": "yolo26-obb", "centroid_wkt": "POINT (76.95092204958202 43.246708028018475)", "bbox": [76.95088919252157, 43.246691934764385, 76.95095490664244, 43.246724121272564], "pixel_bbox": [5052, 2956, 5150, 3004], "area_m2": 19.084}}, {"type": "Feature", "geometry": {"type": "Polygon", "coordinates": [[[76.95079732686281, 43.2455687597394], [76.95079732686281, 43.24559357017279], [76.95073630660772, 43.24559357017279], [76.95073630660772, 43.2455687597394], [76.95079732686281, 43.2455687597394]]]}, "properties": {"id": 247, "class": "ship", "confidence": 43.6, "source": "Almaty_9", "source_model": "yolo26-obb", "centroid_wkt": "POINT (76.95076681673527 43.24558116495609)", "bbox": [76.95073630660772, 43.2455687597394, 76.95079732686281, 43.24559357017279], "pixel_bbox": [4824, 4642, 4915, 4679], "area_m2": 13.66}}, {"type": "Feature", "geometry": {"type": "Polygon", "coordinates": [[[76.95097770541906, 43.24812423437834], [76.95097770541906, 43.248170502483845], [76.9509207084775, 43.248170502483845], [76.9509207084775, 43.24812423437834], [76.95097770541906, 43.24812423437834]]]}, "properties": {"id": 248, "class": "small vehicle", "confidence": 43.5, "source": "Almaty_9", "source_model": "yolo26-obb", "centroid_wkt": "POINT (76.9509492069483 43.248147368431084)", "bbox": [76.9509207084775, 43.24812423437834, 76.95097770541906, 43.248170502483845], "pixel_bbox": [5099, 799, 5184, 868], "area_m2": 23.794}}, {"type": "Feature", "geometry": {"type": "Polygon", "coordinates": [[[76.95502582937479, 43.244157917797565], [76.95502582937479, 43.24418272823095], [76.95499900728464, 43.24418272823095], [76.95499900728464, 43.244157917797565], [76.95502582937479, 43.244157917797565]]]}, "properties": {"id": 249, "class": "small vehicle", "confidence": 42.9, "source": "Almaty_9", "source_model": "yolo26-obb", "centroid_wkt": "POINT (76.95501241832973 43.24417032301426)", "bbox": [76.95499900728464, 43.244157917797565, 76.95502582937479, 43.24418272823095], "pixel_bbox": [11181, 6746, 11221, 6783], "area_m2": 6.005}}, {"type": "Feature", "geometry": {"type": "Polygon", "coordinates": [[[76.95528130978346, 43.24694875627756], [76.95528130978346, 43.2469742372632], [76.95522163063288, 43.2469742372632], [76.95522163063288, 43.24694875627756], [76.95528130978346, 43.24694875627756]]]}, "properties": {"id": 250, "class": "small vehicle", "confidence": 42.7, "source": "Almaty_9", "source_model": "yolo26-obb", "centroid_wkt": "POINT (76.95525147020817 43.24696149677039)", "bbox": [76.95522163063288, 43.24694875627756, 76.95528130978346, 43.2469742372632], "pixel_bbox": [11513, 2583, 11602, 2621], "area_m2": 13.721}}, {"type": "Feature", "geometry": {"type": "Polygon", "coordinates": [[[76.95168312638998, 43.24326943606138], [76.95168312638998, 43.24331972748041], [76.95165295153856, 43.24331972748041], [76.95165295153856, 43.24326943606138], [76.95168312638998, 43.24326943606138]]]}, "properties": {"id": 251, "class": "small vehicle", "confidence": 42.4, "source": "Almaty_9", "source_model": "yolo26-obb", "centroid_wkt": "POINT (76.95166803896427 43.2432945817709)", "bbox": [76.95165295153856, 43.24326943606138, 76.95168312638998, 43.24331972748041], "pixel_bbox": [6191, 8033, 6236, 8108], "area_m2": 13.693}}, {"type": "Feature", "geometry": {"type": "Polygon", "coordinates": [[[76.9557198509574, 43.24512552469969], [76.9557198509574, 43.24517648667097], [76.95566285401583, 43.24517648667097], [76.95566285401583, 43.24512552469969], [76.9557198509574, 43.24512552469969]]]}, "properties": {"id": 252, "class": "small vehicle", "confidence": 41.1, "source": "Almaty_9", "source_model": "yolo26-obb", "centroid_wkt": "POINT (76.95569135248661 43.24515100568533)", "bbox": [76.95566285401583, 43.24512552469969, 76.9557198509574, 43.24517648667097], "pixel_bbox": [12171, 5264, 12256, 5340], "area_m2": 26.209}}, {"type": "Feature", "geometry": {"type": "Polygon", "coordinates": [[[76.95137534290552, 43.24819330126047], [76.95137534290552, 43.24822347611189], [76.95130091160536, 43.24822347611189], [76.95130091160536, 43.24819330126047], [76.95137534290552, 43.24819330126047]]]}, "properties": {"id": 253, "class": "large vehicle", "confidence": 39.9, "source": "Almaty_9", "source_model": "yolo26-obb", "centroid_wkt": "POINT (76.95133812725544 43.24820838868618)", "bbox": [76.95130091160536, 43.24819330126047, 76.95137534290552, 43.24822347611189], "pixel_bbox": [5666, 720, 5777, 765], "area_m2": 20.264}}, {"type": "Feature", "geometry": {"type": "Polygon", "coordinates": [[[76.95620734244585, 43.245159052312374], [76.95620734244585, 43.24521537870169], [76.95615034550428, 43.24521537870169], [76.95615034550428, 43.245159052312374], [76.95620734244585, 43.245159052312374]]]}, "properties": {"id": 254, "class": "small vehicle", "confidence": 39.9, "source": "Almaty_9", "source_model": "yolo26-obb", "centroid_wkt": "POINT (76.95617884397507 43.24518721550702)", "bbox": [76.95615034550428, 43.245159052312374, 76.95620734244585, 43.24521537870169], "pixel_bbox": [12898, 5206, 12983, 5290], "area_m2": 28.967}}, {"type": "Feature", "geometry": {"type": "Polygon", "coordinates": [[[76.94785092025995, 43.24633453041315], [76.94785092025995, 43.24638683348894], [76.94781336933374, 43.24638683348894], [76.94781336933374, 43.24633453041315], [76.94785092025995, 43.24633453041315]]]}, "properties": {"id": 255, "class": "small vehicle", "confidence": 39.8, "source": "Almaty_9", "source_model": "yolo26-obb", "centroid_wkt": "POINT (76.94783214479685 43.24636068195105)", "bbox": [76.94781336933374, 43.24633453041315, 76.94785092025995, 43.24638683348894], "pixel_bbox": [465, 3459, 521, 3537], "area_m2": 17.721}}, {"type": "Feature", "geometry": {"type": "Polygon", "coordinates": [[[76.94770473986864, 43.24751805514097], [76.94770473986864, 43.24756633490324], [76.94767456501722, 43.24756633490324], [76.94767456501722, 43.24751805514097], [76.94770473986864, 43.24751805514097]]]}, "properties": {"id": 256, "class": "small vehicle", "confidence": 37.7, "source": "Almaty_9", "source_model": "yolo26-obb", "centroid_wkt": "POINT (76.94768965244293 43.247542195022106)", "bbox": [76.94767456501722, 43.24751805514097, 76.94770473986864, 43.24756633490324], "pixel_bbox": [258, 1700, 303, 1772], "area_m2": 13.144}}, {"type": "Feature", "geometry": {"type": "Polygon", "coordinates": [[[76.9553865864873, 43.24603009968996], [76.9553865864873, 43.24607167392969], [76.95533495396376, 43.24607167392969], [76.95533495396376, 43.24603009968996], [76.9553865864873, 43.24603009968996]]]}, "properties": {"id": 257, "class": "small vehicle", "confidence": 37.0, "source": "Almaty_9", "source_model": "yolo26-obb", "centroid_wkt": "POINT (76.95536077022554 43.246050886809826)", "bbox": [76.95533495396376, 43.24603009968996, 76.9553865864873, 43.24607167392969], "pixel_bbox": [11682, 3929, 11759, 3991], "area_m2": 19.368}}, {"type": "Feature", "geometry": {"type": "Polygon", "coordinates": [[[76.95021327584982, 43.24394065886736], [76.95021327584982, 43.24398223310709], [76.9501831009984, 43.24398223310709], [76.9501831009984, 43.24394065886736], [76.95021327584982, 43.24394065886736]]]}, "properties": {"id": 258, "class": "small vehicle", "confidence": 36.7, "source": "Almaty_9", "source_model": "yolo26-obb", "centroid_wkt": "POINT (76.95019818842411 43.243961445987225)", "bbox": [76.9501831009984, 43.24394065886736, 76.95021327584982, 43.24398223310709], "pixel_bbox": [3999, 7045, 4044, 7107], "area_m2": 11.319}}, {"type": "Feature", "geometry": {"type": "Polygon", "coordinates": [[[76.95630725473166, 43.24763808399439], [76.95630725473166, 43.247702457010746], [76.95627104490995, 43.247702457010746], [76.95627104490995, 43.24763808399439], [76.95630725473166, 43.24763808399439]]]}, "properties": {"id": 259, "class": "large vehicle", "confidence": 36.6, "source": "Almaty_9", "source_model": "yolo26-obb", "centroid_wkt": "POINT (76.9562891498208 43.24767027050257)", "bbox": [76.95627104490995, 43.24763808399439, 76.95630725473166, 43.247702457010746], "pixel_bbox": [13078, 1497, 13132, 1593], "area_m2": 21.031}}, {"type": "Feature", "geometry": {"type": "Polygon", "coordinates": [[[76.95083487778902, 43.244930393993855], [76.95083487778902, 43.244955874979496], [76.95077251642942, 43.244955874979496], [76.95077251642942, 43.244930393993855], [76.95083487778902, 43.244930393993855]]]}, "properties": {"id": 260, "class": "ship", "confidence": 36.2, "source": "Almaty_9", "source_model": "yolo26-obb", "centroid_wkt": "POINT (76.95080369710922 43.244943134486675)", "bbox": [76.95077251642942, 43.244930393993855, 76.95083487778902, 43.244955874979496], "pixel_bbox": [4878, 5593, 4971, 5631], "area_m2": 14.338}}, {"type": "Feature", "geometry": {"type": "Polygon", "coordinates": [[[76.95102732628584, 43.247635401785374], [76.95102732628584, 43.247671611607075], [76.9509844109416, 43.247671611607075], [76.9509844109416, 43.247635401785374], [76.95102732628584, 43.247635401785374]]]}, "properties": {"id": 261, "class": "ship", "confidence": 36.1, "source": "Almaty_9", "source_model": "yolo26-obb", "centroid_wkt": "POINT (76.95100586861372 43.247653506696224)", "bbox": [76.9509844109416, 43.247635401785374, 76.95102732628584, 43.247671611607075], "pixel_bbox": [5194, 1543, 5258, 1597], "area_m2": 14.021}}, {"type": "Feature", "geometry": {"type": "Polygon", "coordinates": [[[76.95098508149385, 43.248055167496204], [76.95098508149385, 43.2481088116765], [76.95092137902975, 43.2481088116765], [76.95092137902975, 43.248055167496204], [76.95098508149385, 43.248055167496204]]]}, "properties": {"id": 262, "class": "small vehicle", "confidence": 35.7, "source": "Almaty_9", "source_model": "yolo26-obb", "centroid_wkt": "POINT (76.9509532302618 43.24808198958635)", "bbox": [76.95092137902975, 43.248055167496204, 76.95098508149385, 43.2481088116765], "pixel_bbox": [5100, 891, 5195, 971], "area_m2": 30.832}}, {"type": "Feature", "geometry": {"type": "Polygon", "coordinates": [[[76.95625428110361, 43.24361477047205], [76.95625428110361, 43.24364762753248], [76.95618722587824, 43.24364762753248], [76.95618722587824, 43.24361477047205], [76.95625428110361, 43.24361477047205]]]}, "properties": {"id": 263, "class": "small vehicle", "confidence": 35.3, "source": "Almaty_9", "source_model": "yolo26-obb", "centroid_wkt": "POINT (76.95622075349092 43.243631199002266)", "bbox": [76.95618722587824, 43.24361477047205, 76.95625428110361, 43.24364762753248], "pixel_bbox": [12953, 7544, 13053, 7593], "area_m2": 19.88}}, {"type": "Feature", "geometry": {"type": "Polygon", "coordinates": [[[76.95631932467222, 43.24754621833563], [76.95631932467222, 43.24758980423212], [76.95628982037306, 43.24758980423212], [76.95628982037306, 43.24754621833563], [76.95631932467222, 43.24754621833563]]]}, "properties": {"id": 264, "class": "small vehicle", "confidence": 34.1, "source": "Almaty_9", "source_model": "yolo26-obb", "centroid_wkt": "POINT (76.95630457252264 43.247568011283875)", "bbox": [76.95628982037306, 43.24754621833563, 76.95631932467222, 43.24758980423212], "pixel_bbox": [13106, 1665, 13150, 1730], "area_m2": 11.603}}, {"type": "Feature", "geometry": {"type": "Polygon", "coordinates": [[[76.9557647779584, 43.24699368327856], [76.9557647779584, 43.24701849371195], [76.955739967525, 43.24701849371195], [76.955739967525, 43.24699368327856], [76.9557647779584, 43.24699368327856]]]}, "properties": {"id": 265, "class": "small vehicle", "confidence": 33.8, "source": "Almaty_9", "source_model": "yolo26-obb", "centroid_wkt": "POINT (76.9557523727417 43.24700608849526)", "bbox": [76.955739967525, 43.24699368327856, 76.9557647779584, 43.24701849371195], "pixel_bbox": [12286, 2517, 12323, 2554], "area_m2": 5.554}}, {"type": "Feature", "geometry": {"type": "Polygon", "coordinates": [[[76.95096362382174, 43.24258144944906], [76.95096362382174, 43.242606930434704], [76.95090461522341, 43.242606930434704], [76.95090461522341, 43.24258144944906], [76.95096362382174, 43.24258144944906]]]}, "properties": {"id": 266, "class": "small vehicle", "confidence": 33.7, "source": "Almaty_9", "source_model": "yolo26-obb", "centroid_wkt": "POINT (76.95093411952259 43.24259418994188)", "bbox": [76.95090461522341, 43.24258144944906, 76.95096362382174, 43.242606930434704], "pixel_bbox": [5075, 9096, 5163, 9134], "area_m2": 13.567}}, {"type": "Feature", "geometry": {"type": "Polygon", "coordinates": [[[76.94770272821188, 43.24722971767187], [76.94770272821188, 43.247277326881886], [76.94766987115145, 43.247277326881886], [76.94766987115145, 43.24722971767187], [76.94770272821188, 43.24722971767187]]]}, "properties": {"id": 267, "class": "small vehicle", "confidence": 33.6, "source": "Almaty_9", "source_model": "yolo26-obb", "centroid_wkt": "POINT (76.94768629968166 43.247253522276885)", "bbox": [76.94766987115145, 43.24722971767187, 76.94770272821188, 43.247277326881886], "pixel_bbox": [251, 2131, 300, 2202], "area_m2": 14.114}}, {"type": "Feature", "geometry": {"type": "Polygon", "coordinates": [[[76.95074703544378, 43.246216513216496], [76.95074703544378, 43.2462527230382], [76.95071820169687, 43.2462527230382], [76.95071820169687, 43.246216513216496], [76.95074703544378, 43.246216513216496]]]}, "properties": {"id": 268, "class": "large vehicle", "confidence": 33.4, "source": "Almaty_9", "source_model": "yolo26-obb", "centroid_wkt": "POINT (76.95073261857033 43.246234618127346)", "bbox": [76.95071820169687, 43.246216513216496, 76.95074703544378, 43.2462527230382], "pixel_bbox": [4797, 3659, 4840, 3713], "area_m2": 9.42}}, {"type": "Feature", "geometry": {"type": "Polygon", "coordinates": [[[76.95100117474794, 43.24792105704546], [76.95100117474794, 43.24796933680773], [76.95094350725412, 43.24796933680773], [76.95094350725412, 43.24792105704546], [76.95100117474794, 43.24792105704546]]]}, "properties": {"id": 269, "class": "small vehicle", "confidence": 33.2, "source": "Almaty_9", "source_model": "yolo26-obb", "centroid_wkt": "POINT (76.95097234100102 43.247945196926594)", "bbox": [76.95094350725412, 43.24792105704546, 76.95100117474794, 43.24796933680773], "pixel_bbox": [5133, 1099, 5219, 1171], "area_m2": 25.12}}, {"type": "Feature", "geometry": {"type": "Polygon", "coordinates": [[[76.94864619523287, 43.24482645839453], [76.94864619523287, 43.244878090918064], [76.94858718663454, 43.244878090918064], [76.94858718663454, 43.24482645839453], [76.94864619523287, 43.24482645839453]]]}, "properties": {"id": 270, "class": "ship", "confidence": 32.6, "source": "Almaty_9", "source_model": "yolo26-obb", "centroid_wkt": "POINT (76.9486166909337 43.244852274656296)", "bbox": [76.94858718663454, 43.24482645839453, 76.94864619523287, 43.244878090918064], "pixel_bbox": [1619, 5709, 1707, 5786], "area_m2": 27.491}}, {"type": "Feature", "geometry": {"type": "Polygon", "coordinates": [[[76.95635486394167, 43.24730280786753], [76.95635486394167, 43.24735376983881], [76.95632267743349, 43.24735376983881], [76.95632267743349, 43.24730280786753], [76.95635486394167, 43.24730280786753]]]}, "properties": {"id": 271, "class": "small vehicle", "confidence": 32.5, "source": "Almaty_9", "source_model": "yolo26-obb", "centroid_wkt": "POINT (76.95633877068758 43.24732828885317)", "bbox": [76.95632267743349, 43.24730280786753, 76.95635486394167, 43.24735376983881], "pixel_bbox": [13155, 2017, 13203, 2093], "area_m2": 14.8}}, {"type": "Feature", "geometry": {"type": "Polygon", "coordinates": [[[76.95634011179209, 43.247387297451496], [76.95634011179209, 43.24743960052729], [76.95630390197039, 43.24743960052729], [76.95630390197039, 43.247387297451496], [76.95634011179209, 43.247387297451496]]]}, "properties": {"id": 272, "class": "small vehicle", "confidence": 32.3, "source": "Almaty_9", "source_model": "yolo26-obb", "centroid_wkt": "POINT (76.95632200688124 43.24741344898939)", "bbox": [76.95630390197039, 43.247387297451496, 76.95634011179209, 43.24743960052729], "pixel_bbox": [13127, 1889, 13181, 1967], "area_m2": 17.088}}, {"type": "Feature", "geometry": {"type": "Polygon", "coordinates": [[[76.9557922706008, 43.24303071945906], [76.9557922706008, 43.24305485934019], [76.95574063807726, 43.24305485934019], [76.95574063807726, 43.24303071945906], [76.9557922706008, 43.24303071945906]]]}, "properties": {"id": 273, "class": "large vehicle", "confidence": 32.3, "source": "Almaty_9", "source_model": "yolo26-obb", "centroid_wkt": "POINT (76.95576645433903 43.243042789399624)", "bbox": [76.95574063807726, 43.24303071945906, 76.9557922706008, 43.24305485934019], "pixel_bbox": [12287, 8428, 12364, 8464], "area_m2": 11.247}}, {"type": "Feature", "geometry": {"type": "Polygon", "coordinates": [[[76.95054855197668, 43.24406538158655], [76.95054855197668, 43.24411433190107], [76.95051904767752, 43.24411433190107], [76.95051904767752, 43.24406538158655], [76.95054855197668, 43.24406538158655]]]}, "properties": {"id": 274, "class": "small vehicle", "confidence": 32.1, "source": "Almaty_9", "source_model": "yolo26-obb", "centroid_wkt": "POINT (76.95053379982708 43.24408985674381)", "bbox": [76.95051904767752, 43.24406538158655, 76.95054855197668, 43.24411433190107], "pixel_bbox": [4500, 6848, 4544, 6921], "area_m2": 13.032}}, {"type": "Feature", "geometry": {"type": "Polygon", "coordinates": [[[76.95667404681444, 43.24572432786226], [76.95667404681444, 43.245769925415516], [76.95664588361979, 43.245769925415516], [76.95664588361979, 43.24572432786226], [76.95667404681444, 43.24572432786226]]]}, "properties": {"id": 275, "class": "small vehicle", "confidence": 31.6, "source": "Almaty_9", "source_model": "yolo26-obb", "centroid_wkt": "POINT (76.95665996521711 43.245747126638896)", "bbox": [76.95664588361979, 43.24572432786226, 76.95667404681444, 43.245769925415516], "pixel_bbox": [13637, 4379, 13679, 4447], "area_m2": 11.587}}, {"type": "Feature", "geometry": {"type": "Polygon", "coordinates": [[[76.95411052554846, 43.24686761945486], [76.95411052554846, 43.24688706547022], [76.95406425744295, 43.24688706547022], [76.95406425744295, 43.24686761945486], [76.95411052554846, 43.24686761945486]]]}, "properties": {"id": 276, "class": "small vehicle", "confidence": 31.6, "source": "Almaty_9", "source_model": "yolo26-obb", "centroid_wkt": "POINT (76.9540873914957 43.24687734246254)", "bbox": [76.95406425744295, 43.24686761945486, 76.95411052554846, 43.24688706547022], "pixel_bbox": [9787, 2713, 9856, 2742], "area_m2": 8.118}}, {"type": "Feature", "geometry": {"type": "Polygon", "coordinates": [[[76.95331659168005, 43.24293952435255], [76.95331659168005, 43.24296299368143], [76.95325557142496, 43.24296299368143], [76.95325557142496, 43.24293952435255], [76.95331659168005, 43.24293952435255]]]}, "properties": {"id": 277, "class": "small vehicle", "confidence": 31.5, "source": "Almaty_9", "source_model": "yolo26-obb", "centroid_wkt": "POINT (76.9532860815525 43.24295125901699)", "bbox": [76.95325557142496, 43.24293952435255, 76.95331659168005, 43.24296299368143], "pixel_bbox": [8581, 8565, 8672, 8600], "area_m2": 12.922}}, {"type": "Feature", "geometry": {"type": "Polygon", "coordinates": [[[76.94861736148596, 43.24690382927656], [76.94861736148596, 43.2469380274415], [76.9485878571868, 43.2469380274415], [76.9485878571868, 43.24690382927656], [76.94861736148596, 43.24690382927656]]]}, "properties": {"id": 278, "class": "ship", "confidence": 31.1, "source": "Almaty_9", "source_model": "yolo26-obb", "centroid_wkt": "POINT (76.94860260933638 43.246920928359025)", "bbox": [76.9485878571868, 43.24690382927656, 76.94861736148596, 43.2469380274415], "pixel_bbox": [1620, 2637, 1664, 2688], "area_m2": 9.104}}, {"type": "Feature", "geometry": {"type": "Polygon", "coordinates": [[[76.95614833384752, 43.24515838176012], [76.95614833384752, 43.24521269649267], [76.95610005408525, 43.24521269649267], [76.95610005408525, 43.24515838176012], [76.95614833384752, 43.24515838176012]]]}, "properties": {"id": 279, "class": "small vehicle", "confidence": 31.1, "source": "Almaty_9", "source_model": "yolo26-obb", "centroid_wkt": "POINT (76.95612419396639 43.24518553912639)", "bbox": [76.95610005408525, 43.24515838176012, 76.95614833384752, 43.24521269649267], "pixel_bbox": [12823, 5210, 12895, 5291], "area_m2": 23.661}}, {"type": "Feature", "geometry": {"type": "Polygon", "coordinates": [[[76.95435930043459, 43.24412304908037], [76.95435930043459, 43.244168646633625], [76.95432912558317, 43.244168646633625], [76.95432912558317, 43.24412304908037], [76.95435930043459, 43.24412304908037]]]}, "properties": {"id": 280, "class": "small vehicle", "confidence": 31.0, "source": "Almaty_9", "source_model": "yolo26-obb", "centroid_wkt": "POINT (76.95434421300888 43.244145847857)", "bbox": [76.95432912558317, 43.24412304908037, 76.95435930043459, 43.244168646633625], "pixel_bbox": [10182, 6767, 10227, 6835], "area_m2": 12.415}}, {"type": "Feature", "geometry": {"type": "Polygon", "coordinates": [[[76.94770004600286, 43.247246481478214], [76.94770004600286, 43.24727598577738], [76.9476705417037, 43.24727598577738], [76.9476705417037, 43.247246481478214], [76.94770004600286, 43.247246481478214]]]}, "properties": {"id": 281, "class": "large vehicle", "confidence": 30.7, "source": "Almaty_9", "source_model": "yolo26-obb", "centroid_wkt": "POINT (76.94768529385328 43.247261233627796)", "bbox": [76.9476705417037, 43.247246481478214, 76.94770004600286, 43.24727598577738], "pixel_bbox": [252, 2133, 296, 2177], "area_m2": 7.854}}, {"type": "Feature", "geometry": {"type": "Polygon", "coordinates": [[[76.9561342522502, 43.24517849832773], [76.9561342522502, 43.24521001428366], [76.95610072463751, 43.24521001428366], [76.95610072463751, 43.24517849832773], [76.9561342522502, 43.24517849832773]]]}, "properties": {"id": 282, "class": "large vehicle", "confidence": 30.3, "source": "Almaty_9", "source_model": "yolo26-obb", "centroid_wkt": "POINT (76.95611748844384 43.245194256305695)", "bbox": [76.95610072463751, 43.24517849832773, 76.9561342522502, 43.24521001428366], "pixel_bbox": [12824, 5214, 12874, 5261], "area_m2": 9.534}}, {"type": "Feature", "geometry": {"type": "Polygon", "coordinates": [[[76.9506424292922, 43.2439748570323], [76.9506424292922, 43.24400167912245], [76.95059012621641, 43.24400167912245], [76.95059012621641, 43.2439748570323], [76.9506424292922, 43.2439748570323]]]}, "properties": {"id": 283, "class": "ship", "confidence": 30.2, "source": "Almaty_9", "source_model": "yolo26-obb", "centroid_wkt": "POINT (76.95061627775432 43.24398826807737)", "bbox": [76.95059012621641, 43.2439748570323, 76.9506424292922, 43.24400167912245], "pixel_bbox": [4606, 7016, 4684, 7056], "area_m2": 12.658}}, {"type": "Feature", "geometry": {"type": "Polygon", "coordinates": [[[76.95044931024313, 43.24626948684454], [76.95044931024313, 43.246292285621166], [76.95040035992861, 43.246292285621166], [76.95040035992861, 43.24626948684454], [76.95044931024313, 43.24626948684454]]]}, "properties": {"id": 284, "class": "small vehicle", "confidence": 30.1, "source": "Almaty_9", "source_model": "yolo26-obb", "centroid_wkt": "POINT (76.95042483508587 43.24628088623285)", "bbox": [76.95040035992861, 43.24626948684454, 76.95044931024313, 43.246292285621166], "pixel_bbox": [4323, 3600, 4396, 3634], "area_m2": 10.069}}, {"type": "Feature", "geometry": {"type": "Polygon", "coordinates": [[[76.95019785314798, 43.244914300739765], [76.95019785314798, 43.24493307620287], [76.95015627890825, 43.24493307620287], [76.95015627890825, 43.244914300739765], [76.95019785314798, 43.244914300739765]]]}, "properties": {"id": 285, "class": "small vehicle", "confidence": 30.0, "source": "Almaty_9", "source_model": "yolo26-obb", "centroid_wkt": "POINT (76.95017706602812 43.24492368847132)", "bbox": [76.95015627890825, 43.244914300739765, 76.95019785314798, 43.24493307620287], "pixel_bbox": [3959, 5627, 4021, 5655], "area_m2": 7.043}}, {"type": "Feature", "geometry": {"type": "Polygon", "coordinates": [[[76.95627171546221, 43.247758112847805], [76.95627171546221, 43.24780371040106], [76.95624489337206, 43.24780371040106], [76.95624489337206, 43.247758112847805], [76.95627171546221, 43.247758112847805]]]}, "properties": {"id": 286, "class": "small vehicle", "confidence": 30.0, "source": "Almaty_9", "source_model": "yolo26-obb", "centroid_wkt": "POINT (76.95625830441713 43.24778091162443)", "bbox": [76.95624489337206, 43.247758112847805, 76.95627171546221, 43.24780371040106], "pixel_bbox": [13039, 1346, 13079, 1414], "area_m2": 11.035}}, {"type": "Feature", "geometry": {"type": "Polygon", "coordinates": [[[76.95053178817034, 43.24724581092596], [76.95053178817034, 43.247266598045826], [76.95050898939371, 43.247266598045826], [76.95050898939371, 43.24724581092596], [76.95053178817034, 43.24724581092596]]]}, "properties": {"id": 287, "class": "small vehicle", "confidence": 29.1, "source": "Almaty_9", "source_model": "yolo26-obb", "centroid_wkt": "POINT (76.95052038878202 43.2472562044859)", "bbox": [76.95050898939371, 43.24724581092596, 76.95053178817034, 43.247266598045826], "pixel_bbox": [4485, 2147, 4519, 2178], "area_m2": 4.276}}, {"type": "Feature", "geometry": {"type": "Polygon", "coordinates": [[[76.95619124919176, 43.245173804461956], [76.95619124919176, 43.24521470814943], [76.95615168660879, 43.24521470814943], [76.95615168660879, 43.245173804461956], [76.95619124919176, 43.245173804461956]]]}, "properties": {"id": 288, "class": "ship", "confidence": 28.9, "source": "Almaty_9", "source_model": "yolo26-obb", "centroid_wkt": "POINT (76.95617146790028 43.245194256305695)", "bbox": [76.95615168660879, 43.245173804461956, 76.95619124919176, 43.24521470814943], "pixel_bbox": [12900, 5207, 12959, 5268], "area_m2": 14.601}}, {"type": "Feature", "geometry": {"type": "Polygon", "coordinates": [[[76.95066455751657, 43.2438675686717], [76.95066455751657, 43.24389573186636], [76.95059817284346, 43.24389573186636], [76.95059817284346, 43.2438675686717], [76.95066455751657, 43.2438675686717]]]}, "properties": {"id": 289, "class": "large vehicle", "confidence": 28.5, "source": "Almaty_9", "source_model": "yolo26-obb", "centroid_wkt": "POINT (76.95063136518002 43.24388165026903)", "bbox": [76.95059817284346, 43.2438675686717, 76.95066455751657, 43.24389573186636], "pixel_bbox": [4618, 7174, 4717, 7216], "area_m2": 16.87}}, {"type": "Feature", "geometry": {"type": "Polygon", "coordinates": [[[76.95066522806883, 43.2438675686717], [76.95066522806883, 43.24389640241861], [76.9505975022912, 43.24389640241861], [76.9505975022912, 43.2438675686717], [76.95066522806883, 43.2438675686717]]]}, "properties": {"id": 290, "class": "ship", "confidence": 28.3, "source": "Almaty_9", "source_model": "yolo26-obb", "centroid_wkt": "POINT (76.95063136518002 43.24388198554516)", "bbox": [76.9505975022912, 43.2438675686717, 76.95066522806883, 43.24389640241861], "pixel_bbox": [4617, 7173, 4718, 7216], "area_m2": 17.62}}, {"type": "Feature", "geometry": {"type": "Polygon", "coordinates": [[[76.94850068539381, 43.24468094855547], [76.94850068539381, 43.2447050884366], [76.94845240563154, 43.2447050884366], [76.94845240563154, 43.24468094855547], [76.94850068539381, 43.24468094855547]]]}, "properties": {"id": 291, "class": "small vehicle", "confidence": 28.2, "source": "Almaty_9", "source_model": "yolo26-obb", "centroid_wkt": "POINT (76.94847654551268 43.24469301849604)", "bbox": [76.94845240563154, 43.24468094855547, 76.94850068539381, 43.2447050884366], "pixel_bbox": [1418, 5967, 1490, 6003], "area_m2": 10.516}}, {"type": "Feature", "geometry": {"type": "Polygon", "coordinates": [[[76.95066455751657, 43.2438675686717], [76.95066455751657, 43.24389573186636], [76.95059817284346, 43.24389573186636], [76.95059817284346, 43.2438675686717], [76.95066455751657, 43.2438675686717]]]}, "properties": {"id": 292, "class": "small vehicle", "confidence": 27.8, "source": "Almaty_9", "source_model": "yolo26-obb", "centroid_wkt": "POINT (76.95063136518002 43.24388165026903)", "bbox": [76.95059817284346, 43.2438675686717, 76.95066455751657, 43.24389573186636], "pixel_bbox": [4618, 7174, 4717, 7216], "area_m2": 16.87}}, {"type": "Feature", "geometry": {"type": "Polygon", "coordinates": [[[76.95079062134027, 43.245546631515026], [76.95079062134027, 43.24556943029165], [76.95073496550322, 43.24556943029165], [76.95073496550322, 43.245546631515026], [76.95079062134027, 43.245546631515026]]]}, "properties": {"id": 293, "class": "ship", "confidence": 27.7, "source": "Almaty_9", "source_model": "yolo26-obb", "centroid_wkt": "POINT (76.95076279342175 43.24555803090334)", "bbox": [76.95073496550322, 43.245546631515026, 76.95079062134027, 43.24556943029165], "pixel_bbox": [4822, 4678, 4905, 4712], "area_m2": 11.449}}, {"type": "Feature", "geometry": {"type": "Polygon", "coordinates": [[[76.95660967379808, 43.24620511382818], [76.95660967379808, 43.24625004082918], [76.95659894496202, 43.24625004082918], [76.95659894496202, 43.24620511382818], [76.95660967379808, 43.24620511382818]]]}, "properties": {"id": 294, "class": "small vehicle", "confidence": 26.7, "source": "Almaty_9", "source_model": "yolo26-obb", "centroid_wkt": "POINT (76.95660430938005 43.24622757732868)", "bbox": [76.95659894496202, 43.24620511382818, 76.95660967379808, 43.24625004082918], "pixel_bbox": [13567, 3663, 13583, 3730], "area_m2": 4.349}}, {"type": "Feature", "geometry": {"type": "Polygon", "coordinates": [[[76.95619393140078, 43.24533071368933], [76.95619393140078, 43.2453528419137], [76.95613626390696, 43.2453528419137], [76.95613626390696, 43.24533071368933], [76.95619393140078, 43.24533071368933]]]}, "properties": {"id": 295, "class": "small vehicle", "confidence": 26.2, "source": "Almaty_9", "source_model": "yolo26-obb", "centroid_wkt": "POINT (76.95616509765388 43.245341777801514)", "bbox": [76.95613626390696, 43.24533071368933, 76.95619393140078, 43.2453528419137], "pixel_bbox": [12877, 5001, 12963, 5034], "area_m2": 11.514}}, {"type": "Feature", "geometry": {"type": "Polygon", "coordinates": [[[76.94831494241953, 43.244670890271664], [76.94831494241953, 43.24469368904829], [76.94825727492571, 43.24469368904829], [76.94825727492571, 43.244670890271664], [76.94831494241953, 43.244670890271664]]]}, "properties": {"id": 296, "class": "small vehicle", "confidence": 25.4, "source": "Almaty_9", "source_model": "yolo26-obb", "centroid_wkt": "POINT (76.94828610867262 43.244682289659984)", "bbox": [76.94825727492571, 43.244670890271664, 76.94831494241953, 43.24469368904829], "pixel_bbox": [1127, 5984, 1213, 6018], "area_m2": 11.863}}, {"type": "Feature", "geometry": {"type": "Polygon", "coordinates": [[[76.95554751902819, 43.24852120131254], [76.95552874356508, 43.24851717799902], [76.9555227085948, 43.24851382523775], [76.95552203804255, 43.248512484133244], [76.95552069693804, 43.248512484133244], [76.95552002638578, 43.248511143028736], [76.95551868528128, 43.248511143028736], [76.95551801472902, 43.24850980192423], [76.95551667362452, 43.24850980192423], [76.955512650311, 43.248505778610706], [76.955512650311, 43.2485044375062], [76.95551063865423, 43.24850309640169], [76.95550929754972, 43.24850041419268], [76.95550996810198, 43.24849236756563], [76.9555139914155, 43.248487673699856], [76.95551533252001, 43.248487673699856], [76.95552069693804, 43.24848297983408], [76.95553813129663, 43.24847962707281], [76.95555623620749, 43.24847090989351], [76.95556227117777, 43.24847090989351], [76.95556361228228, 43.24847225099802], [76.95556964725256, 43.24847158044577], [76.95556964725256, 43.24851918965578], [76.95556830614805, 43.24851851910353], [76.95556562393904, 43.248519860208035], [76.95556093007326, 43.248519860208035], [76.9555589184165, 43.24852120131254], [76.95554751902819, 43.24852120131254]]]}, "properties": {"id": 297, "class": "road", "confidence": 100.0, "source": "Almaty_9", "source_model": "unet-roads", "centroid_wkt": "POINT (76.95554444575609 43.248497223781015)", "bbox": [76.95550929754972, 43.24847090989351, 76.95556964725256, 43.24852120131254], "pixel_bbox": [11942, 276, 12032, 351], "area_m2": 20.854}}, {"type": "Feature", "geometry": {"type": "Polygon", "coordinates": [[[76.95190709084272, 43.24839111417532], [76.95190239697695, 43.248388431966305], [76.95189502090216, 43.248386420309544], [76.95189099758863, 43.24838373810053], [76.95188898593187, 43.24838373810053], [76.95188764482737, 43.24838172644377], [76.95188630372286, 43.24838172644377], [76.95188093930483, 43.248375691473484], [76.95187758654356, 43.24836429208517], [76.95188228040934, 43.24836295098066], [76.95193257182837, 43.24836295098066], [76.95193994790316, 43.24836429208517], [76.95193659514189, 43.24836764484644], [76.95193726569414, 43.2483696565032], [76.95193860679865, 43.2483696565032], [76.9519392773509, 43.24837099760771], [76.95193994790316, 43.24837502092123], [76.95193726569414, 43.24838038533926], [76.95193391293287, 43.24838373810053], [76.95191983133554, 43.248390443623066], [76.95190709084272, 43.24839111417532]]]}, "properties": {"id": 298, "class": "road", "confidence": 100.0, "source": "Almaty_9", "source_model": "unet-roads", "centroid_wkt": "POINT (76.9519103626677 43.248374625537735)", "bbox": [76.95187758654356, 43.24836295098066, 76.95193994790316, 43.24839111417532], "pixel_bbox": [6526, 470, 6619, 512], "area_m2": 12.386}}, {"type": "Feature", "geometry": {"type": "Polygon", "coordinates": [[[76.95236641913652, 43.24849437922239], [76.95233020931482, 43.24848901480436], [76.95230808109045, 43.24848968535662], [76.9523074105382, 43.24848096817732], [76.95230070501566, 43.24848096817732], [76.95229131728411, 43.248478285968304], [76.95228394120932, 43.24847426265478], [76.95228058844805, 43.24847090989351], [76.95228058844805, 43.248469568789005], [76.95227924734354, 43.24846889823675], [76.9522799178958, 43.24846353381872], [76.95228461176157, 43.2484595105052], [76.95228796452284, 43.24845816940069], [76.95228729397058, 43.248456828296185], [76.95228930562735, 43.24845481663942], [76.95229198783636, 43.24845414608717], [76.95229467004538, 43.24844878166914], [76.95229601114988, 43.24844878166914], [76.9523000344634, 43.24844475835562], [76.95230204612017, 43.248440735042095], [76.95230070501566, 43.24843805283308], [76.95229467004538, 43.2484320178628], [76.9522899761796, 43.248430006206036], [76.95228327065706, 43.248422630131245], [76.95227924734354, 43.248415254056454], [76.95227723568678, 43.248406536877155], [76.95227522403002, 43.248404525220394], [76.95227522403002, 43.24840318411589], [76.952272541821, 43.248401172459126], [76.952272541821, 43.24839983135462], [76.95226717740297, 43.24839513748884], [76.95226181298494, 43.24839312583208], [76.95226114243269, 43.2483870908618], [76.95226315408945, 43.24838440865278], [76.95226717740297, 43.24838239699602], [76.95228461176157, 43.24838172644377], [76.95228662341833, 43.248383067548275], [76.95229936391115, 43.24838440865278], [76.95230673998594, 43.24838776141405], [76.9523074105382, 43.24838440865278], [76.95230942219496, 43.24838239699602], [76.95230942219496, 43.24838038533926], [76.952317468822, 43.248381055891514], [76.95232283324003, 43.2483783736825], [76.9523248448968, 43.2483783736825], [76.95232685655355, 43.24837636202574], [76.95233155041933, 43.24837435036898], [76.95233222097158, 43.24837300926447], [76.95233356207609, 43.24837300926447], [76.95233423262835, 43.24837166815996], [76.95233557373285, 43.24837166815996], [76.9523362442851, 43.248370327055454], [76.95233892649412, 43.2483696565032], [76.95233959704638, 43.24836831539869], [76.95234294980764, 43.24836764484644], [76.95234294980764, 43.248364962637424], [76.95234160870314, 43.24836429208517], [76.95234429091215, 43.24836362153292], [76.95240128785372, 43.24836295098066], [76.95241201668978, 43.24836429208517], [76.95240933448076, 43.248366974294186], [76.95241268724203, 43.24837367981672], [76.95241201668978, 43.2483783736825], [76.9524059817195, 43.24839111417532], [76.95240061730146, 43.2483971491456], [76.95239994674921, 43.24839983135462], [76.9523986056447, 43.24840050190687], [76.95239592343569, 43.2484058663249], [76.95238787680864, 43.24841324239969], [76.9523798301816, 43.24841592460871], [76.95237714797258, 43.24841793626547], [76.95237245410681, 43.24841860681772], [76.95236641913652, 43.24842195957899], [76.95236440747976, 43.24842195957899], [76.95236373692751, 43.2484233006835], [76.95235837250948, 43.248424641788006], [76.95235770195723, 43.24842598289251], [76.95235032588243, 43.24842933565378], [76.95234093815088, 43.24843738228083], [76.95233825594187, 43.248442746698856], [76.95233825594187, 43.248451463878155], [76.95234026759863, 43.24845548719168], [76.95234429091215, 43.24845749884844], [76.95234563201666, 43.2484595105052], [76.95234764367342, 43.2484595105052], [76.95235032588243, 43.24846152216196], [76.95235636085272, 43.24846353381872], [76.95236507803202, 43.24846487492323], [76.95238586515188, 43.24847090989351], [76.95239324122667, 43.248474933207035], [76.95239324122667, 43.24847627431154], [76.95239592343569, 43.248478285968304], [76.9523972645402, 43.24848163872957], [76.9523972645402, 43.2484870031476], [76.95239592343569, 43.24848968535662], [76.95239458233118, 43.24848968535662], [76.95239324122667, 43.24849169701338], [76.95238452404737, 43.24849437922239], [76.95236641913652, 43.24849437922239]], [[76.95230539888144, 43.248446099460125], [76.9523074105382, 43.24844542890787], [76.95230808109045, 43.248442746698856], [76.9523074105382, 43.24843470007181], [76.95230606943369, 43.24843470007181], [76.95230472832918, 43.24843738228083], [76.95230539888144, 43.248446099460125]]]}, "properties": {"id": 299, "class": "road", "confidence": 100.0, "source": "Almaty_9", "source_model": "unet-roads", "centroid_wkt": "POINT (76.95233862969101 43.24842314073264)", "bbox": [76.95226114243269, 43.24836295098066, 76.95241268724203, 43.24849437922239], "pixel_bbox": [7098, 316, 7324, 512], "area_m2": 101.135}}, {"type": "Feature", "geometry": {"type": "Polygon", "coordinates": [[[76.95386577397585, 43.24836295098066], [76.9538577273488, 43.2483609393239], [76.9538664445281, 43.2483609393239], [76.95386778563261, 43.24835825711489], [76.95386175066233, 43.248356245458126], [76.95386242121458, 43.24835356324911], [76.95386443287134, 43.24835155159235], [76.95386711508036, 43.248350881040096], [76.95386845618486, 43.248348869383335], [76.9538751617074, 43.24834752827883], [76.95387717336416, 43.24834618717432], [76.95388924330473, 43.24834618717432], [76.9538939371705, 43.24834752827883], [76.9539026543498, 43.248352222144604], [76.95390667766333, 43.24835691601038], [76.95390466600657, 43.248359598219395], [76.95390801876783, 43.2483609393239], [76.95390399545431, 43.24836295098066], [76.95386577397585, 43.24836295098066]]]}, "properties": {"id": 300, "class": "road", "confidence": 100.0, "source": "Almaty_9", "source_model": "unet-roads", "centroid_wkt": "POINT (76.95388457116177 43.24835515298675)", "bbox": [76.9538577273488, 43.24834618717432, 76.95390801876783, 43.24836295098066], "pixel_bbox": [9479, 512, 9554, 537], "area_m2": 5.479}}, {"type": "Feature", "geometry": {"type": "Polygon", "coordinates": [[[76.94964867085218, 43.24836295098066], [76.94964934140444, 43.24836026877165], [76.94964531809092, 43.24835825711489], [76.94964531809092, 43.24835490435362], [76.94964665919542, 43.248354233801365], [76.94964665919542, 43.248352222144604], [76.94964934140444, 43.24835021048784], [76.94964934140444, 43.248348869383335], [76.9496600702405, 43.2483421638608], [76.94967146962881, 43.24833881109953], [76.94967951625586, 43.24833746999502], [76.94972109049559, 43.248338140547276], [76.9497224316001, 43.24833948165178], [76.94972712546587, 43.24834082275629], [76.94972779601812, 43.2483421638608], [76.94973316043615, 43.2483421638608], [76.94973316043615, 43.24836295098066], [76.94964867085218, 43.24836295098066]]]}, "properties": {"id": 301, "class": "road", "confidence": 100.0, "source": "Almaty_9", "source_model": "unet-roads", "centroid_wkt": "POINT (76.94969218359914 43.24835086967029)", "bbox": [76.94964531809092, 43.24833746999502, 76.94973316043615, 43.24836295098066], "pixel_bbox": [3197, 512, 3328, 550], "area_m2": 17.885}}, {"type": "Feature", "geometry": {"type": "Polygon", "coordinates": [[[76.94933753460646, 43.24835155159235], [76.94932278245687, 43.24834752827883], [76.94932211190462, 43.24834618717432], [76.9493180885911, 43.24834484606981], [76.9493180885911, 43.248343504965305], [76.94931674748659, 43.248343504965305], [76.94931339472532, 43.24834015220404], [76.94931339472532, 43.24833881109953], [76.94931138306856, 43.24833679944277], [76.94931138306856, 43.24833143502474], [76.94931741803885, 43.248323388397694], [76.94932881742716, 43.248318023979664], [76.94934088736773, 43.248316682875156], [76.94936569780111, 43.24832137674093], [76.94936770945787, 43.24832271784544], [76.94937039166689, 43.24832271784544], [76.94937575608492, 43.24832607060671], [76.94937709718943, 43.24832875281572], [76.94937642663717, 43.248336128890514], [76.94937508553267, 43.24833881109953], [76.94937039166689, 43.2483421638608], [76.94937039166689, 43.248343504965305], [76.9493542984128, 43.24835021048784], [76.94933753460646, 43.24835155159235]]]}, "properties": {"id": 302, "class": "road", "confidence": 100.0, "source": "Almaty_9", "source_model": "unet-roads", "centroid_wkt": "POINT (76.94934411949801 43.24833361697979)", "bbox": [76.94931138306856, 43.248316682875156, 76.94937709718943, 43.24835155159235], "pixel_bbox": [2699, 529, 2797, 581], "area_m2": 15.637}}, {"type": "Feature", "geometry": {"type": "Polygon", "coordinates": [[[76.95366125553846, 43.24833948165178], [76.95365991443396, 43.248338140547276], [76.95365656167269, 43.248338140547276], [76.95365387946367, 43.248336128890514], [76.95365186780691, 43.248336128890514], [76.95365119725466, 43.24833478778601], [76.95364449173212, 43.24833210557699], [76.9536404684186, 43.24832875281572], [76.95363912731409, 43.248325400054455], [76.95363979786634, 43.248316682875156], [76.95364113897085, 43.24831534177065], [76.95364248007536, 43.24830997735262], [76.95364449173212, 43.248307295143604], [76.95364583283663, 43.248307295143604], [76.95364583283663, 43.2483059540391], [76.95365522056818, 43.24830126017332], [76.95365857332945, 43.24830058962107], [76.95366259664297, 43.24829589575529], [76.95366393774748, 43.24829589575529], [76.95366460829973, 43.248293213546276], [76.95366594940424, 43.24829254299402], [76.95366594940424, 43.2482885196805], [76.953667961061, 43.24828717857599], [76.953667961061, 43.24828449636698], [76.95366930216551, 43.24828315526247], [76.95367064327002, 43.24828315526247], [76.95367265492678, 43.24828114360571], [76.95367466658354, 43.24828181415796], [76.95367533713579, 43.248280473053455], [76.95367533713579, 43.24828248471022], [76.9536766782403, 43.248283825814724], [76.95367734879255, 43.24827712029219], [76.95367868989706, 43.24827577918768], [76.95367936044931, 43.24827779084444], [76.95367936044931, 43.24827644973993], [76.95368070155382, 43.24827644973993], [76.95368137210608, 43.248273096978664], [76.95368137210608, 43.24833746999502], [76.95367868989706, 43.248336128890514], [76.95366863161325, 43.24833948165178], [76.95366125553846, 43.24833948165178]]]}, "properties": {"id": 303, "class": "road", "confidence": 100.0, "source": "Almaty_9", "source_model": "unet-roads", "centroid_wkt": "POINT (76.95366477645513 43.24831385340812)", "bbox": [76.95363912731409, 43.248273096978664, 76.95368137210608, 43.24833948165178], "pixel_bbox": [9153, 547, 9216, 646], "area_m2": 15.556}}, {"type": "Feature", "geometry": {"type": "Polygon", "coordinates": [[[76.9545866176486, 43.24829455465078], [76.95457387715578, 43.24829053133726], [76.95456918329, 43.248285837471485], [76.95456650108099, 43.24828114360571], [76.95456717163324, 43.24827376753092], [76.95456985384226, 43.24826907366514], [76.95457521826029, 43.24826370924711], [76.95458393543959, 43.248260356485844], [76.95459265261889, 43.2482610270381], [76.95460069924593, 43.24826505035162], [76.95460874587297, 43.248273096978664], [76.95461075752974, 43.24827779084444], [76.95461008697748, 43.24828315526247], [76.9546053931117, 43.248289190232754], [76.95459801703691, 43.248293213546276], [76.9545866176486, 43.24829455465078]]]}, "properties": {"id": 304, "class": "road", "confidence": 100.0, "source": "Almaty_9", "source_model": "unet-roads", "centroid_wkt": "POINT (76.95458859363298 43.248277481314474)", "bbox": [76.95456650108099, 43.248260356485844, 76.95461075752974, 43.24829455465078], "pixel_bbox": [10536, 614, 10602, 665], "area_m2": 10.231}}, {"type": "Feature", "geometry": {"type": "Polygon", "coordinates": [[[76.95101391524076, 43.2482885196805], [76.95100788027048, 43.248285837471485], [76.95100519806147, 43.24828315526247], [76.95100385695696, 43.2482798025012], [76.95100251585245, 43.248254992067814], [76.95099849253893, 43.248240910470486], [76.95099581032991, 43.24821945279837], [76.9509944692254, 43.24821677058935], [76.9509944692254, 43.248212076723576], [76.9509931281209, 43.24820805341005], [76.95099379867315, 43.24819330126047], [76.95099513977766, 43.24819263070822], [76.95099513977766, 43.24819128960371], [76.95100050419569, 43.24819061905146], [76.9510018453002, 43.24818592518568], [76.95100586861372, 43.248181231319904], [76.95100586861372, 43.2481798902154], [76.95101458579302, 43.24817519634962], [76.95102732628584, 43.24817452579737], [76.9510467723012, 43.24817720800638], [76.95105079561472, 43.24817921966314], [76.95105280727148, 43.24818391352892], [76.95105750113726, 43.24818793684244], [76.95105750113726, 43.2481899484992], [76.95106085389853, 43.24819128960371], [76.95106152445078, 43.248197324573994], [76.95106018334627, 43.248204700648785], [76.95105750113726, 43.24820872396231], [76.95105213671923, 43.248224817216396], [76.95105146616697, 43.24824158102274], [76.95104945451021, 43.24824493378401], [76.95104945451021, 43.24824828654528], [76.95104543119669, 43.24825566262007], [76.95104476064444, 43.24825968593359], [76.95104073733091, 43.24826706200838], [76.95104073733091, 43.24826907366514], [76.95103872567415, 43.248273096978664], [76.95103671401739, 43.24827443808317], [76.95103671401739, 43.24827577918768], [76.95103403180838, 43.24827779084444], [76.95103403180838, 43.24827913194895], [76.95103202015162, 43.24828114360571], [76.95103067904711, 43.24828114360571], [76.95102799683809, 43.24828449636698], [76.95102665573359, 43.24828449636698], [76.95102330297232, 43.248287849128246], [76.95101391524076, 43.2482885196805]]]}, "properties": {"id": 305, "class": "road", "confidence": 100.0, "source": "Almaty_9", "source_model": "unet-roads", "centroid_wkt": "POINT (76.95102543649998 43.24822515249252)", "bbox": [76.9509931281209, 43.24817452579737, 76.95106152445078, 43.2482885196805], "pixel_bbox": [5207, 623, 5309, 793], "area_m2": 50.127}}, {"type": "Feature", "geometry": {"type": "Polygon", "coordinates": [[[76.95026222616434, 43.24819128960371], [76.95025619119406, 43.24818391352892], [76.95025619119406, 43.248181231319904], [76.95026088505983, 43.24817854911089], [76.95026088505983, 43.24817720800638], [76.95026893168688, 43.24817452579737], [76.95027563720942, 43.24817519634962], [76.9502816721797, 43.24817318469286], [76.95029105991125, 43.24817318469286], [76.95029575377703, 43.2481711730361], [76.95030312985182, 43.2481711730361], [76.95030648261309, 43.248172514140606], [76.95031922310591, 43.24817385524511], [76.95032190531492, 43.24817519634962], [76.95032391697168, 43.248177878558636], [76.95032525807619, 43.248177878558636], [76.95032525807619, 43.24817921966314], [76.9503279402852, 43.2481798902154], [76.9503279402852, 43.248181231319904], [76.95033062249422, 43.24818190187216], [76.95033062249422, 43.248183242976665], [76.95033196359873, 43.24818391352892], [76.95033196359873, 43.24818592518568], [76.95033062249422, 43.24818592518568], [76.95033062249422, 43.24818726629019], [76.95032861083746, 43.24818793684244], [76.95032995194197, 43.24819061905146], [76.9503265991807, 43.24819128960371], [76.95026222616434, 43.24819128960371]]]}, "properties": {"id": 306, "class": "road", "confidence": 100.0, "source": "Almaty_9", "source_model": "unet-roads", "centroid_wkt": "POINT (76.95029456899468 43.24818222549259)", "bbox": [76.95025619119406, 43.2481711730361, 76.95033196359873, 43.24819128960371], "pixel_bbox": [4108, 768, 4221, 798], "area_m2": 11.008}}, {"type": "Feature", "geometry": {"type": "Polygon", "coordinates": [[[76.95133309811354, 43.248206712305546], [76.95132505148649, 43.248201347887516], [76.95132303982973, 43.248191960155964], [76.95132438093424, 43.24818391352892], [76.9513277336955, 43.248177878558636], [76.95133041590452, 43.248175866901875], [76.95133041590452, 43.24817452579737], [76.95133578032255, 43.24816782027483], [76.95134114474058, 43.248165138065815], [76.95134449750185, 43.248165138065815], [76.95135187357664, 43.2481711730361], [76.9513525441289, 43.24817452579737], [76.9513538852334, 43.24817519634962], [76.9513538852334, 43.248177878558636], [76.95135589689016, 43.24818257242441], [76.95135589689016, 43.24818726629019], [76.95135455578566, 43.2481899484992], [76.95135589689016, 43.24819128960371], [76.9513538852334, 43.24819263070822], [76.9513538852334, 43.24819464236498], [76.95135120302439, 43.248199336230755], [76.95134717971087, 43.24820335954428], [76.95134047418833, 43.24820604175329], [76.95133309811354, 43.248206712305546]]]}, "properties": {"id": 307, "class": "road", "confidence": 100.0, "source": "Almaty_9", "source_model": "unet-roads", "centroid_wkt": "POINT (76.95134007086992 43.248186592055234)", "bbox": [76.95132303982973, 43.248165138065815, 76.95135589689016, 43.248206712305546], "pixel_bbox": [5699, 745, 5748, 807], "area_m2": 9.049}}, {"type": "Feature", "geometry": {"type": "Polygon", "coordinates": [[[76.9493194296956, 43.248206712305546], [76.94931004196405, 43.248201347887516], [76.94930534809828, 43.248195983469486], [76.94930467754602, 43.24819263070822], [76.94930333644152, 43.24819128960371], [76.94929998368025, 43.24819128960371], [76.94929998368025, 43.2481899484992], [76.94929797202349, 43.24818927794695], [76.94929461926222, 43.24817452579737], [76.94929126650095, 43.24816647917032], [76.94929126650095, 43.24815910309553], [76.94928992539644, 43.248154409229755], [76.94929126650095, 43.24814837425947], [76.94929126650095, 43.248132951557636], [76.94929327815771, 43.24812490493059], [76.94929730147123, 43.24811954051256], [76.94929797202349, 43.24811685830355], [76.94930601865053, 43.2481088116765], [76.94931138306856, 43.24810612946749], [76.94932948797941, 43.248102106153965], [76.94934088736773, 43.248102106153965], [76.94935765117407, 43.248105458915234], [76.94936838001013, 43.248109482228756], [76.94937575608492, 43.248109482228756], [76.94937910884619, 43.24811149388552], [76.94938447326422, 43.24811082333326], [76.94938648492098, 43.24811149388552], [76.94938715547323, 43.24811551719904], [76.94938849657774, 43.248109482228756], [76.94938983768225, 43.2481088116765], [76.94938983768225, 43.248141668736935], [76.94938849657774, 43.24813965708017], [76.94938715547323, 43.24813965708017], [76.94938648492098, 43.24814099818468], [76.94937910884619, 43.24814233928919], [76.94936234503984, 43.24814099818468], [76.94935765117407, 43.248141668736935], [76.94935228675604, 43.24814435094595], [76.94934625178576, 43.24815105646849], [76.94934625178576, 43.248152397572994], [76.949344240129, 43.24815306812525], [76.94934088736773, 43.248161785304546], [76.94934088736773, 43.248175866901875], [76.94934491068125, 43.24819128960371], [76.94933485239744, 43.24819128960371], [76.94933284074068, 43.24820000678301], [76.94933015853167, 43.248204700648785], [76.94932747632265, 43.248206712305546], [76.9493194296956, 43.248206712305546]]]}, "properties": {"id": 308, "class": "road", "confidence": 100.0, "source": "Almaty_9", "source_model": "unet-roads", "centroid_wkt": "POINT (76.94933131939078 43.24814472129173)", "bbox": [76.94928992539644, 43.248102106153965, 76.94938983768225, 43.248206712305546], "pixel_bbox": [2667, 745, 2816, 901], "area_m2": 55.966}}, {"type": "Feature", "geometry": {"type": "Polygon", "coordinates": [[[76.9555488601327, 43.248096741735935], [76.95554550737143, 43.24809540063143], [76.95554483681917, 43.24809405952692], [76.95554282516241, 43.24809405952692], [76.95553679019213, 43.24808869510889], [76.95553679019213, 43.24808333069086], [76.95553813129663, 43.248080648481846], [76.95554349571466, 43.24807662516832], [76.95555489510298, 43.24807595461607], [76.95556093007326, 43.248080648481846], [76.95556294173002, 43.24808802455664], [76.95555757731199, 43.248094730079174], [76.9555488601327, 43.248096741735935]]]}, "properties": {"id": 309, "class": "road", "confidence": 100.0, "source": "Almaty_9", "source_model": "unet-roads", "centroid_wkt": "POINT (76.9555500714688 43.248085587081924)", "bbox": [76.95553679019213, 43.24807595461607, 76.95556294173002, 43.248096741735935], "pixel_bbox": [11983, 909, 12022, 940], "area_m2": 3.676}}, {"type": "Feature", "geometry": {"type": "Polygon", "coordinates": [[[76.95572521537542, 43.2482523098588], [76.95571716874838, 43.248249627649784], [76.95571649819613, 43.24824828654528], [76.95571515709162, 43.24824828654528], [76.95571515709162, 43.24824694544077], [76.95570979267359, 43.248244263231754], [76.95570442825556, 43.248238898813725], [76.9557037577033, 43.24823621660471], [76.95570107549429, 43.24823286384344], [76.95570040494204, 43.248217441141605], [76.95569906383753, 43.24821408838034], [76.95569772273302, 43.24821341782808], [76.95569772273302, 43.24820939451456], [76.95569638162851, 43.2482073828578], [76.95569571107626, 43.24819263070822], [76.95569705218077, 43.24819128960371], [76.9557037577033, 43.24819128960371], [76.95570643991232, 43.2481899484992], [76.95570509880781, 43.24818927794695], [76.95570509880781, 43.24817452579737], [76.9557037577033, 43.248170502483845], [76.9557024165988, 43.24816916137934], [76.95569571107626, 43.248167149722576], [76.95568297058344, 43.24816782027483], [76.95567961782217, 43.24816580861807], [76.95567358285189, 43.24816580861807], [76.95567023009062, 43.24816782027483], [76.95566352456808, 43.248165138065815], [76.95566017180681, 43.2481624558568], [76.95565816015005, 43.248157761991024], [76.9556574895978, 43.24815038591623], [76.95565614849329, 43.248149044811726], [76.95565480738878, 43.248143680393696], [76.95565480738878, 43.24813965708017], [76.95565279573202, 43.248134292662144], [76.95565279573202, 43.24813026934862], [76.95565078407526, 43.248125575482845], [76.955650113523, 43.24811954051256], [76.95564810186625, 43.24811618775129], [76.95564541965723, 43.24810478836298], [76.95564407855272, 43.24810344725847], [76.95564541965723, 43.24809204787016], [76.95565078407526, 43.24808266013861], [76.95565816015005, 43.24807394295931], [76.95565816015005, 43.24807193130255], [76.95566151291132, 43.24806924909353], [76.95566419512033, 43.2480638846755], [76.95566419512033, 43.24806187301874], [76.95566687732935, 43.24805784970522], [76.95566687732935, 43.24805583804846], [76.95566821843386, 43.248055167496204], [76.95567090064287, 43.248049803078175], [76.95567090064287, 43.24804712086916], [76.95567291229963, 43.2480451092124], [76.95567425340414, 43.248041085898876], [76.9556762650609, 43.24803974479437], [76.95567693561316, 43.248037062585354], [76.95568230003119, 43.24803102761507], [76.95568565279245, 43.24803035706282], [76.95569101721048, 43.248026333749294], [76.95569906383753, 43.248022980988026], [76.9557111337781, 43.248022980988026], [76.95571649819613, 43.24802432209253], [76.95573393255472, 43.24803236871958], [76.95573594421148, 43.24803438037634], [76.95574130862951, 43.248035721480846], [76.95574197918177, 43.24804577976465], [76.95574332028627, 43.24804712086916], [76.9557473435998, 43.24804712086916], [76.95575404912233, 43.248049803078175], [76.95575673133135, 43.248051814734936], [76.95575673133135, 43.24805315583944], [76.95575807243586, 43.24805315583944], [76.95575807243586, 43.24805449694395], [76.95575941354036, 43.24805449694395], [76.95575941354036, 43.24805583804846], [76.95576075464487, 43.24805583804846], [76.95576075464487, 43.248057179152966], [76.9557647779584, 43.24806187301874], [76.9557647779584, 43.2480638846755], [76.9557661190629, 43.24806455522776], [76.95576813071966, 43.24807193130255], [76.95576746016741, 43.24807595461607], [76.95576947182417, 43.248078636825085], [76.95577148348093, 43.24808735400438], [76.95577282458544, 43.24808802455664], [76.95577282458544, 43.248089365661144], [76.95577416568995, 43.248089365661144], [76.95577550679445, 43.24809271842241], [76.95577684789896, 43.24809271842241], [76.95578087121248, 43.248102106153965], [76.95578556507826, 43.24810612946749], [76.95578623563051, 43.24811015278101], [76.95578891783953, 43.24811350554228], [76.95578891783953, 43.24811685830355], [76.95579025894403, 43.2481175288558], [76.95579025894403, 43.24812088161707], [76.95579160004854, 43.24812289327383], [76.95579160004854, 43.248130939900875], [76.95579294115305, 43.248134292662144], [76.95579294115305, 43.248147033154964], [76.95579160004854, 43.24814770370722], [76.95579092949629, 43.24815038591623], [76.95578958839178, 43.24815038591623], [76.95578958839178, 43.24815172702074], [76.95578757673502, 43.24815306812525], [76.95578087121248, 43.24815306812525], [76.95577818900347, 43.248154409229755], [76.95577148348093, 43.24815507978201], [76.9557486847043, 43.24815507978201], [76.95574332028627, 43.2481537386775], [76.95574130862951, 43.248154409229755], [76.95574130862951, 43.24824493378401], [76.95573929697275, 43.24824493378401], [76.9557386264205, 43.248246274888515], [76.95573728531599, 43.248246274888515], [76.95573661476374, 43.24824493378401], [76.9557299092412, 43.248251639306545], [76.95572521537542, 43.2482523098588]], [[76.95574130862951, 43.248104117810726], [76.95574332028627, 43.248104117810726], [76.95574533194304, 43.248102106153965], [76.95574667304754, 43.248102106153965], [76.9557473435998, 43.248100094497204], [76.95575136691332, 43.248096741735935], [76.95575337857008, 43.24809271842241], [76.95575471967459, 43.248086012899876], [76.95575471967459, 43.24808198958635], [76.95575337857008, 43.24807930737734], [76.95574332028627, 43.248071260750294], [76.95574130862951, 43.24807193130255], [76.95574130862951, 43.248104117810726]], [[76.95571381598711, 43.24809607118368], [76.95572320371866, 43.24809540063143], [76.95572521537542, 43.24809338897467], [76.95573326200247, 43.24809405952692], [76.95573728531599, 43.24809204787016], [76.9557386264205, 43.24809271842241], [76.95574063807726, 43.24808869510889], [76.955739967525, 43.2480813190341], [76.95573460310698, 43.24807796627283], [76.95572722703218, 43.24807796627283], [76.95572320371866, 43.24807662516832], [76.9557124748826, 43.24807662516832], [76.95570979267359, 43.24807796627283], [76.95570711046457, 43.24808198958635], [76.95570711046457, 43.248089365661144], [76.95570576936007, 43.24809070676565], [76.95570845156908, 43.24809338897467], [76.95571180433035, 43.24809405952692], [76.95571381598711, 43.24809607118368]]]}, "properties": {"id": 310, "class": "road", "confidence": 100.0, "source": "Almaty_9", "source_model": "unet-roads", "centroid_wkt": "POINT (76.95571575082813 43.24812206569976)", "bbox": [76.95564407855272, 43.248022980988026, 76.95579294115305, 43.2482523098588], "pixel_bbox": [12143, 677, 12365, 1019], "area_m2": 162.682}}, {"type": "Feature", "geometry": {"type": "Polygon", "coordinates": [[[76.95134181529284, 43.248149044811726], [76.95133779197931, 43.24814770370722], [76.9513351097703, 43.2481450214982], [76.95133443921804, 43.24814233928919], [76.95133108645678, 43.24813965708017], [76.95132438093424, 43.248125575482845], [76.95132236927748, 43.2481088116765], [76.95132102817297, 43.24810612946749], [76.95132169872522, 43.24809808284044], [76.95132035762072, 43.24809271842241], [76.9513163343072, 43.24808467179537], [76.95131566375494, 43.2480726018548], [76.95131968706846, 43.248062543570995], [76.95131968706846, 43.24804712086916], [76.9513176754117, 43.24803974479437], [76.95131566375494, 43.248037062585354], [76.95131566375494, 43.24802968651056], [76.9513176754117, 43.24802499264479], [76.95131901651621, 43.24802432209253], [76.95131901651621, 43.24802163988352], [76.9513176754117, 43.248020969331264], [76.95132505148649, 43.24801962822676], [76.95138473063707, 43.24801962822676], [76.95138741284609, 43.248020969331264], [76.95139210671186, 43.248020969331264], [76.9513900950551, 43.24802566319704], [76.9513887539506, 43.248026333749294], [76.95138942450285, 43.24803102761507], [76.95138741284609, 43.24803303927183], [76.95138741284609, 43.24803505092859], [76.95138338953257, 43.24803773313761], [76.95138338953257, 43.24803974479437], [76.95138070732355, 43.24804175645113], [76.95137936621904, 43.248044438660145], [76.95137534290552, 43.24804577976465], [76.95137534290552, 43.24804712086916], [76.95137333124876, 43.24804846197367], [76.95137333124876, 43.248049803078175], [76.951371319592, 43.24805114418268], [76.95136997848749, 43.2480538263917], [76.95136997848749, 43.24806321412325], [76.95137333124876, 43.248073272407055], [76.95137333124876, 43.24807997792959], [76.95136997848749, 43.248096741735935], [76.95136997848749, 43.24810680001974], [76.95136796683073, 43.24811082333326], [76.95136729627848, 43.24812155216932], [76.95136461406946, 43.24812423437834], [76.95136461406946, 43.24812758713961], [76.95136327296495, 43.24812825769186], [76.95136193186045, 43.24813228100538], [76.95136059075594, 43.248132951557636], [76.95135790854692, 43.248138315975666], [76.95135522633791, 43.24814032763243], [76.95135522633791, 43.248141668736935], [76.9513525441289, 43.24814300984144], [76.9513525441289, 43.24814435094595], [76.95134919136763, 43.24814770370722], [76.95134650915861, 43.248149044811726], [76.95134181529284, 43.248149044811726]]]}, "properties": {"id": 311, "class": "road", "confidence": 100.0, "source": "Almaty_9", "source_model": "unet-roads", "centroid_wkt": "POINT (76.9513472870817 43.248074349218)", "bbox": [76.95131566375494, 43.24801962822676, 76.95139210671186, 43.248149044811726], "pixel_bbox": [5688, 831, 5802, 1024], "area_m2": 58.38}}, {"type": "Feature", "geometry": {"type": "Polygon", "coordinates": [[[76.9499859586358, 43.24801828712225], [76.94997657090425, 43.24801828712225], [76.94997724145651, 43.248015604913235], [76.94996986538172, 43.24801493436098], [76.94997053593397, 43.24801359325647], [76.94997254759073, 43.24801493436098], [76.949975900352, 43.24801493436098], [76.94997724145651, 43.24801359325647], [76.94997522979975, 43.24801158159971], [76.94997321814299, 43.24801158159971], [76.94997321814299, 43.24800956994295], [76.949975900352, 43.24800554662943], [76.94998729974031, 43.248002864420414], [76.94999199360609, 43.248006887733936], [76.94999132305384, 43.24801091104746], [76.94999266415834, 43.24801359325647], [76.94998528808355, 43.24801426380873], [76.9499846175313, 43.248017616569996], [76.9499859586358, 43.24801828712225]]]}, "properties": {"id": 312, "class": "road", "confidence": 100.0, "source": "Almaty_9", "source_model": "unet-roads", "centroid_wkt": "POINT (76.94998303249909 43.248010134710235)", "bbox": [76.94996986538172, 43.248002864420414, 76.94999266415834, 43.24801828712225], "pixel_bbox": [3681, 1026, 3715, 1049], "area_m2": 1.822}}, {"type": "Feature", "geometry": {"type": "Polygon", "coordinates": [[[76.94990079849958, 43.24801962822676], [76.94986660033464, 43.2480189576745], [76.94986592978239, 43.248017616569996], [76.94986794143915, 43.24801627546549], [76.94987062364817, 43.24801627546549], [76.94987062364817, 43.24801493436098], [76.94986928254366, 43.24801493436098], [76.9498686119914, 43.24801292270422], [76.94986928254366, 43.24801091104746], [76.94987196475267, 43.2480088993907], [76.94987129420042, 43.24800554662943], [76.94987330585718, 43.24800353497267], [76.9498759880662, 43.248002864420414], [76.9498759880662, 43.24800152331591], [76.9498773291707, 43.24800152331591], [76.94987799972296, 43.2480001822114], [76.94988671690226, 43.24799682945013], [76.94989811629057, 43.247997500002384], [76.94990012794733, 43.24799884110689], [76.94990213960409, 43.24799817055464], [76.9499034807086, 43.247999511659145], [76.9499048218131, 43.24799817055464], [76.9499048218131, 43.24801158159971], [76.94990616291761, 43.248012252151966], [76.94990683346987, 43.24801091104746], [76.94990683346987, 43.248012252151966], [76.94990884512663, 43.24801158159971], [76.9499121978879, 43.24801359325647], [76.94991488009691, 43.24801359325647], [76.94991555064917, 43.24801493436098], [76.94991823285818, 43.24801493436098], [76.94991890341043, 43.24801627546549], [76.94992024451494, 43.24801627546549], [76.94991756230593, 43.24801694601774], [76.94991756230593, 43.24801828712225], [76.94992158561945, 43.24801828712225], [76.94991823285818, 43.24801962822676], [76.94990616291761, 43.24801962822676], [76.9499048218131, 43.2480189576745], [76.9499048218131, 43.248017616569996], [76.94990079849958, 43.24801962822676]]]}, "properties": {"id": 313, "class": "road", "confidence": 100.0, "source": "Almaty_9", "source_model": "unet-roads", "centroid_wkt": "POINT (76.94989105666471 43.24800966934038)", "bbox": [76.94986592978239, 43.24799682945013, 76.94992158561945, 43.24801962822676], "pixel_bbox": [3526, 1024, 3609, 1058], "area_m2": 7.152}}, {"type": "Feature", "geometry": {"type": "Polygon", "coordinates": [[[76.95365656167269, 43.24801962822676], [76.95358414202929, 43.24801828712225], [76.95358548313379, 43.248017616569996], [76.95358481258154, 43.248015604913235], [76.95358078926802, 43.24801426380873], [76.95357944816351, 43.24801158159971], [76.95357542484999, 43.24799615889788], [76.95357609540224, 43.247983418405056], [76.95357877761126, 43.247978053987026], [76.95358280092478, 43.247974030673504], [76.9535868242383, 43.247972689568996], [76.95359755307436, 43.24797336012125], [76.95361163467169, 43.247979395091534], [76.9536129757762, 43.247981406748295], [76.95361498743296, 43.247981406748295], [76.95361699908972, 43.24798408895731], [76.95361968129873, 43.24798543006182], [76.95362839847803, 43.24798543006182], [76.9536404684186, 43.24798207730055], [76.95365253835917, 43.2479827478528], [76.95365991443396, 43.24798610061407], [76.95366192609072, 43.247988782823086], [76.95366460829973, 43.24799012392759], [76.95366729050875, 43.24799548834562], [76.95366729050875, 43.24800420552492], [76.95366594940424, 43.248008228838444], [76.9536666199565, 43.24801292270422], [76.95366594940424, 43.24801426380873], [76.95366125553846, 43.248015604913235], [76.95366259664297, 43.24801828712225], [76.95365656167269, 43.24801962822676]]]}, "properties": {"id": 314, "class": "road", "confidence": 100.0, "source": "Almaty_9", "source_model": "unet-roads", "centroid_wkt": "POINT (76.95361956378703 43.24799881242387)", "bbox": [76.95357542484999, 43.247972689568996, 76.95366729050875, 43.24801962822676], "pixel_bbox": [9058, 1024, 9195, 1094], "area_m2": 30.42}}, {"type": "Feature", "geometry": {"type": "Polygon", "coordinates": [[[76.95148531347513, 43.247896917164326], [76.95148061960936, 43.247896917164326], [76.95148061960936, 43.24789557605982], [76.9514786079526, 43.247894905507565], [76.95147592574358, 43.24788819998503], [76.95147525519133, 43.24787948280573], [76.9514786079526, 43.24787613004446], [76.95148196071386, 43.247876800596714], [76.95148330181837, 43.24787948280573], [76.95148464292288, 43.24787948280573], [76.95148598402739, 43.247882165014744], [76.95148799568415, 43.24788350611925], [76.9514886662364, 43.247886188328266], [76.95148799568415, 43.24789356440306], [76.95148531347513, 43.247896917164326]]]}, "properties": {"id": 315, "class": "road", "confidence": 100.0, "source": "Almaty_9", "source_model": "unet-roads", "centroid_wkt": "POINT (76.951482181391 43.24788650977348)", "bbox": [76.95147525519133, 43.24787613004446, 76.9514886662364, 43.247896917164326], "pixel_bbox": [5926, 1207, 5946, 1238], "area_m2": 1.836}}, {"type": "Feature", "geometry": {"type": "Polygon", "coordinates": [[[76.95036012679338, 43.248109482228756], [76.95034671574831, 43.248109482228756], [76.9503453746438, 43.24810814112425], [76.95033933967352, 43.24810680001974], [76.95033866912127, 43.248105458915234], [76.95033464580774, 43.248104117810726], [76.95033062249422, 43.24809942394495], [76.9503279402852, 43.24809405952692], [76.95032928138971, 43.2480900362134], [76.95032928138971, 43.24808467179537], [76.9503265991807, 43.248078636825085], [76.9503265991807, 43.248069919645786], [76.95033062249422, 43.24806187301874], [76.95033397525549, 43.248060531914234], [76.95033464580774, 43.24805583804846], [76.95033598691225, 43.248055167496204], [76.95033598691225, 43.2480538263917], [76.95033732801676, 43.24805449694395], [76.95033866912127, 43.24805114418268], [76.95034135133028, 43.24804913252592], [76.95034135133028, 43.24804779142141], [76.95034269243479, 43.24804779142141], [76.95034269243479, 43.24804309755564], [76.95034135133028, 43.24804309755564], [76.95034001022577, 43.24803840368986], [76.95033799856901, 43.2480363920331], [76.9503366574645, 43.2480363920331], [76.9503366574645, 43.24803505092859], [76.95033330470324, 43.24803236871958], [76.95033196359873, 43.248028345406055], [76.95032726973295, 43.248022980988026], [76.95032726973295, 43.248020969331264], [76.95032458752394, 43.24801962822676], [76.95028234273195, 43.24801962822676], [76.95028100162745, 43.24801828712225], [76.95027966052294, 43.24801091104746], [76.95027764886618, 43.24800755828619], [76.95027764886618, 43.24800420552492], [76.95027362555265, 43.24799682945013], [76.9502716138959, 43.247988782823086], [76.95027228444815, 43.24796464294195], [76.95027362555265, 43.24796196073294], [76.95027496665716, 43.247952573001385], [76.95027966052294, 43.24794318526983], [76.95027966052294, 43.24794050306082], [76.95028569549322, 43.24793245643377], [76.95028636604548, 43.24792977422476], [76.95028770714998, 43.247929103672504], [76.9502917304635, 43.24792172759771], [76.95029307156801, 43.24792105704546], [76.95029307156801, 43.24791971594095], [76.95029441267252, 43.2479190453887], [76.95029642432928, 43.24791368097067], [76.95029776543379, 43.247913010418415], [76.9503004476428, 43.247907646000385], [76.95030648261309, 43.24788685888052], [76.95031050592661, 43.247882165014744], [76.95031251758337, 43.247876800596714], [76.95031654089689, 43.24787277728319], [76.95031855255365, 43.24786875396967], [76.95031989365816, 43.24786875396967], [76.95031989365816, 43.24786741286516], [76.95032123476267, 43.24786741286516], [76.95032592862844, 43.24786204844713], [76.95032995194197, 43.247860707342625], [76.95033330470324, 43.2478566840291], [76.95033933967352, 43.247853331267834], [76.95033866912127, 43.24785131961107], [76.95033531636, 43.247849978506565], [76.95033933967352, 43.24784863740206], [76.95036549121141, 43.24784930795431], [76.9503628090024, 43.24785266071558], [76.95036549121141, 43.24785400182009], [76.95036683231592, 43.24785601347685], [76.95037085562944, 43.24785802513361], [76.95037420839071, 43.24785802513361], [76.95037957280874, 43.24786137789488], [76.95038225501776, 43.24786137789488], [76.95039298385382, 43.2478654012084], [76.95040237158537, 43.24786741286516], [76.95040304213762, 43.24786875396967], [76.95040572434664, 43.24786942452192], [76.95040706545115, 43.247871436178684], [76.95041242986917, 43.2478741183877], [76.95041377097368, 43.247876800596714], [76.95041511207819, 43.247876800596714], [76.9504164531827, 43.2478741183877], [76.9504177942872, 43.2478741183877], [76.95041980594397, 43.24787210673094], [76.95041980594397, 43.24801962822676], [76.95037756115198, 43.24801962822676], [76.95037353783846, 43.248022980988026], [76.95035744458437, 43.24803035706282], [76.95035342127085, 43.24803438037634], [76.95035208016634, 43.24803438037634], [76.95035073906183, 43.2480363920331], [76.95034805685282, 43.24803773313761], [76.95034604519606, 43.248042427003384], [76.95034671574831, 43.24804712086916], [76.95035342127085, 43.2480538263917], [76.95035744458437, 43.248055167496204], [76.95036683231592, 43.24806455522776], [76.95037219673395, 43.24806723743677], [76.95037219673395, 43.24806857854128], [76.95037554949522, 43.24807193130255], [76.95037689059973, 43.24807662516832], [76.95037890225649, 43.24807796627283], [76.95037890225649, 43.24807997792959], [76.9503815844655, 43.24808266013861], [76.95038225501776, 43.24808668345213], [76.9503815844655, 43.248091377317905], [76.950380243361, 43.24809204787016], [76.95037890225649, 43.248096741735935], [76.95037353783846, 43.24810344725847], [76.95036012679338, 43.248109482228756]]]}, "properties": {"id": 316, "class": "road", "confidence": 100.0, "source": "Almaty_9", "source_model": "unet-roads", "centroid_wkt": "POINT (76.9503526737115 43.24796043855307)", "bbox": [76.9502716138959, 43.24784863740206, 76.95041980594397, 43.248109482228756], "pixel_bbox": [4131, 890, 4352, 1279], "area_m2": 216.248}}, {"type": "Feature", "geometry": {"type": "Polygon", "coordinates": [[[76.95146318525076, 43.24786942452192], [76.95146318525076, 43.24786473065615], [76.951461173594, 43.24786473065615], [76.951461173594, 43.24786338955164], [76.95145983248949, 43.24786204844713], [76.95145782083273, 43.24786204844713], [76.95145782083273, 43.247860707342625], [76.95145580917597, 43.247862718999386], [76.95145446807146, 43.247862718999386], [76.95145312696695, 43.24786741286516], [76.95145178586245, 43.2478654012084], [76.95145111531019, 43.247868083417416], [76.95145111531019, 43.247849978506565], [76.9514524564147, 43.24785064905882], [76.9514524564147, 43.24784930795431], [76.95146922022104, 43.24784930795431], [76.95146854966879, 43.247847966849804], [76.95149604231119, 43.24784729629755], [76.95149671286345, 43.24784595519304], [76.95149537175894, 43.24784327298403], [76.95149805396795, 43.24784126132727], [76.95149805396795, 43.24783992022276], [76.95150140672922, 43.247837238013744], [76.95150274783373, 43.24783455580473], [76.951506100595, 43.24781846255064], [76.9515074416995, 43.247817791998386], [76.95150811225176, 43.24781510978937], [76.95151079446077, 43.247813768684864], [76.95151146501303, 43.2478117570281], [76.95151280611753, 43.2478117570281], [76.95151749998331, 43.24780639261007], [76.95151951164007, 43.24780639261007], [76.95152755826712, 43.24780236929655], [76.95153493434191, 43.24780236929655], [76.95154163986444, 43.24780371040106], [76.95154633373022, 43.24780773371458], [76.95154834538698, 43.24780773371458], [76.95154968649149, 43.24780974537134], [76.95155505090952, 43.24781242758036], [76.95156175643206, 43.247819133102894], [76.95156242698431, 43.24782583862543], [76.95155840367079, 43.247833885252476], [76.95155840367079, 43.247837238013744], [76.95155438035727, 43.247842602431774], [76.95155303925276, 43.247842602431774], [76.95155035704374, 43.24784595519304], [76.95154901593924, 43.24784595519304], [76.95154968649149, 43.247847966849804], [76.95149939507246, 43.24784863740206], [76.95150073617697, 43.247849978506565], [76.95150341838598, 43.247849978506565], [76.95150341838598, 43.24785131961107], [76.95150543004274, 43.247851990163326], [76.951506100595, 43.24785467237234], [76.95150207728148, 43.24785936623812], [76.95150207728148, 43.247860707342625], [76.95150073617697, 43.247860707342625], [76.95150073617697, 43.24786204844713], [76.95149671286345, 43.247866071760654], [76.95149470120668, 43.247866071760654], [76.95149403065443, 43.24786741286516], [76.95147927850485, 43.24786674231291], [76.95147659629583, 43.24786741286516], [76.95147659629583, 43.24786875396967], [76.95147458463907, 43.24786875396967], [76.95147458463907, 43.247866071760654], [76.95147324353456, 43.24786741286516], [76.95147324353456, 43.247866071760654], [76.9514712318778, 43.2478654012084], [76.95147056132555, 43.24786741286516], [76.95146787911654, 43.24786942452192], [76.95146318525076, 43.24786942452192]], [[76.95145715028048, 43.247851990163326], [76.95145782083273, 43.24785266071558], [76.95145782083273, 43.247851990163326], [76.95145715028048, 43.247851990163326]]]}, "properties": {"id": 317, "class": "road", "confidence": 100.0, "source": "Almaty_9", "source_model": "unet-roads", "centroid_wkt": "POINT (76.95151560547198 43.24783605792022)", "bbox": [76.95145111531019, 43.24780236929655, 76.95156242698431, 43.24786942452192], "pixel_bbox": [5890, 1248, 6056, 1348], "area_m2": 28.786}}, {"type": "Feature", "geometry": {"type": "Polygon", "coordinates": [[[76.94764371961355, 43.247847966849804], [76.94763701409101, 43.2478466257453], [76.94763768464327, 43.24784528464079], [76.94763634353876, 43.247844614088535], [76.94763634353876, 43.24784193187952], [76.94763500243425, 43.24784059077501], [76.947634331882, 43.2478204742074], [76.94763567298651, 43.24781443923712], [76.94763768464327, 43.2478117570281], [76.94763768464327, 43.24780974537134], [76.94764103740454, 43.247803039848804], [76.94764707237482, 43.24779633432627], [76.9476531073451, 43.24779365211725], [76.94766316562891, 43.24779499322176], [76.9476692005992, 43.24780035763979], [76.94767188280821, 43.24780773371458], [76.94767121225595, 43.24781108647585], [76.94766987115145, 43.2478117570281], [76.94766987115145, 43.247815780341625], [76.94767121225595, 43.24781645089388], [76.94767121225595, 43.24782248586416], [76.94766853004694, 43.24783857911825], [76.94766718894243, 43.247839249670506], [76.94766718894243, 43.24784193187952], [76.94766517728567, 43.24784394353628], [76.94766249507666, 43.247844614088535], [76.94766249507666, 43.24784729629755], [76.94764371961355, 43.247847966849804]]]}, "properties": {"id": 318, "class": "road", "confidence": 100.0, "source": "Almaty_9", "source_model": "unet-roads", "centroid_wkt": "POINT (76.94765343662881 43.247821651898505)", "bbox": [76.947634331882, 43.24779365211725, 76.94767188280821, 43.247847966849804], "pixel_bbox": [198, 1280, 254, 1361], "area_m2": 15.132}}, {"type": "Feature", "geometry": {"type": "Polygon", "coordinates": [[[76.9562616571784, 43.24779834598303], [76.95625763386488, 43.24779700487852], [76.95625629276037, 43.24779499322176], [76.95625629276037, 43.24774872511625], [76.95625897496939, 43.24774403125048], [76.95626366883516, 43.24774269014597], [76.95627372711897, 43.247745372354984], [76.95627976208925, 43.24774872511625], [76.95628110319376, 43.247750736773014], [76.95628244429827, 43.247750736773014], [76.95628512650728, 43.24775543063879], [76.95628579705954, 43.24776414781809], [76.95628445595503, 43.24777018278837], [76.95628311485052, 43.24777152389288], [76.95628177374601, 43.24778225272894], [76.95627707988024, 43.24779164046049], [76.95627171546221, 43.24779633432627], [76.9562690332532, 43.24779633432627], [76.95626635104418, 43.24779834598303], [76.9562616571784, 43.24779834598303]]]}, "properties": {"id": 319, "class": "road", "confidence": 100.0, "source": "Almaty_9", "source_model": "unet-roads", "centroid_wkt": "POINT (76.95626945216907 43.24776947520968)", "bbox": [76.95625629276037, 43.24774269014597, 76.95628579705954, 43.24779834598303], "pixel_bbox": [13056, 1354, 13100, 1437], "area_m2": 12.012}}, {"type": "Feature", "geometry": {"type": "Polygon", "coordinates": [[[76.94759745150805, 43.24773531407118], [76.94759476929903, 43.24773263186216], [76.94759409874678, 43.247713185846806], [76.94759611040354, 43.24770513921976], [76.9475994631648, 43.247698433697224], [76.94760281592607, 43.24769575148821], [76.94760482758284, 43.24769575148821], [76.94760616868734, 43.2476944103837], [76.94761220365763, 43.2476944103837], [76.94762896746397, 43.247702457010746], [76.947634331882, 43.247698433697224], [76.94763835519552, 43.24769776314497], [76.94764237850904, 43.24769910424948], [76.94764841347933, 43.247695080935955], [76.9476517662406, 43.24769575148821], [76.94765914231539, 43.24769105762243], [76.94766853004694, 43.24769105762243], [76.94767255336046, 43.2476944103837], [76.94767322391272, 43.24770849198103], [76.94766651839018, 43.24771452695131], [76.94766450673342, 43.24771452695131], [76.94766316562891, 43.24771586805582], [76.94765377789736, 43.24771586805582], [76.9476517662406, 43.247713185846806], [76.94765042513609, 43.247713185846806], [76.94765042513609, 43.2477118447423], [76.94764237850904, 43.247713185846806], [76.94764103740454, 43.2477118447423], [76.94763366132975, 43.24771251529455], [76.94763097912073, 43.24771050363779], [76.94762762635946, 43.24771050363779], [76.94762695580721, 43.2477118447423], [76.9476242735982, 43.24771251529455], [76.94762293249369, 43.24771586805582], [76.94762159138918, 43.24771586805582], [76.94762092083693, 43.24771787971258], [76.94761890918016, 43.247718550264835], [76.94761823862791, 43.24772123247385], [76.94761220365763, 43.24772659689188], [76.94761086255312, 43.24772659689188], [76.94761019200087, 43.24772860854864], [76.9476081803441, 43.247729279100895], [76.9476081803441, 43.2477306202054], [76.94760482758284, 43.24773397296667], [76.94759745150805, 43.24773531407118]]]}, "properties": {"id": 320, "class": "road", "confidence": 100.0, "source": "Almaty_9", "source_model": "unet-roads", "centroid_wkt": "POINT (76.94762951888242 43.24770847911818)", "bbox": [76.94759409874678, 43.24769105762243, 76.94767322391272, 43.24773531407118], "pixel_bbox": [138, 1448, 256, 1514], "area_m2": 15.615}}, {"type": "Feature", "geometry": {"type": "Polygon", "coordinates": [[[76.95226114243269, 43.247847966849804], [76.95226114243269, 43.24784528464079], [76.95225644856691, 43.247842602431774], [76.95225644856691, 43.24783589690924], [76.95225846022367, 43.24783455580473], [76.95225913077593, 43.24782986193895], [76.95226047188044, 43.2478291913867], [76.95226047188044, 43.24782785028219], [76.95226449519396, 43.24782583862543], [76.95226784795523, 43.24782248586416], [76.9522712007165, 43.24781645089388], [76.9522712007165, 43.24781309813261], [76.952272541821, 43.247810415923595], [76.95227187126875, 43.247803039848804], [76.95227321237326, 43.24779901653528], [76.95227321237326, 43.247786946594715], [76.95226918905973, 43.24777688831091], [76.95226784795523, 43.247776217758656], [76.95226516574621, 43.24776951223612], [76.9522638246417, 43.247768841683865], [76.9522638246417, 43.2477668300271], [76.95226181298494, 43.247765488922596], [76.95226181298494, 43.24776414781809], [76.95226047188044, 43.24776414781809], [76.95225980132818, 43.247761465609074], [76.95225577801466, 43.24775744229555], [76.95225443691015, 43.24775744229555], [76.95225108414888, 43.24775341898203], [76.95224706083536, 43.24775140732527], [76.95224706083536, 43.24775006622076], [76.95224035531282, 43.24774336069822], [76.95223968476057, 43.2477393373847], [76.95224236696959, 43.24773732572794], [76.9522450491786, 43.24773732572794], [76.95224706083536, 43.24773598462343], [76.95225644856691, 43.24773732572794], [76.95226449519396, 43.24773598462343], [76.95226583629847, 43.247736655175686], [76.95226717740297, 43.24773531407118], [76.95227321237326, 43.247734643518925], [76.95227790623903, 43.24773263186216], [76.95228058844805, 43.24772994965315], [76.95228260010481, 43.24772994965315], [76.95228595286608, 43.247727267444134], [76.95228796452284, 43.247727267444134], [76.95229131728411, 43.24772458523512], [76.95229668170214, 43.247721903026104], [76.9522986933589, 43.247721903026104], [76.95230137556791, 43.24771989136934], [76.95230673998594, 43.2477205619216], [76.95230808109045, 43.24771787971258], [76.95230808109045, 43.24767630547285], [76.95236708968878, 43.247676976025105], [76.95236776024103, 43.24767965823412], [76.95236641913652, 43.24768032878637], [76.95236641913652, 43.24769038707018], [76.95236507803202, 43.247691728174686], [76.95236507803202, 43.2476944103837], [76.95236373692751, 43.24769642204046], [76.95236373692751, 43.247713185846806], [76.9523610547185, 43.247718550264835], [76.9523610547185, 43.24772257357836], [76.95235971361399, 43.24772458523512], [76.95235971361399, 43.24772793799639], [76.95235837250948, 43.24772860854864], [76.95235703140497, 43.24773598462343], [76.95235569030046, 43.24773732572794], [76.95235569030046, 43.24774134904146], [76.9523536786437, 43.247748054564], [76.9523536786437, 43.24776213616133], [76.95235434919596, 43.247770853340626], [76.95235569030046, 43.247774206101894], [76.95235569030046, 43.247788958251476], [76.95235434919596, 43.24779096990824], [76.95235434919596, 43.24779566377401], [76.9523523375392, 43.2478016987443], [76.95234429091215, 43.247810415923595], [76.9523349031806, 43.247815780341625], [76.95233423262835, 43.247817791998386], [76.95233289152384, 43.247817791998386], [76.95233289152384, 43.247819133102894], [76.95232819765806, 43.24782382696867], [76.95232417434454, 43.24782516807318], [76.95231948047876, 43.24782986193895], [76.95231545716524, 43.24783120304346], [76.95231411606073, 43.247833885252476], [76.95231277495623, 43.24783321470022], [76.95231210440397, 43.247837238013744], [76.95231009274721, 43.247831873595715], [76.95231009274721, 43.247844614088535], [76.95231143385172, 43.24784528464079], [76.95231076329947, 43.2478466257453], [76.9523087516427, 43.24784595519304], [76.95230942219496, 43.24784327298403], [76.9523087516427, 43.24783120304346], [76.9523074105382, 43.247847966849804], [76.95226114243269, 43.247847966849804]]]}, "properties": {"id": 321, "class": "road", "confidence": 100.0, "source": "Almaty_9", "source_model": "unet-roads", "centroid_wkt": "POINT (76.95231216957234 43.247762055571656)", "bbox": [76.95223968476057, 43.24767630547285, 76.95236776024103, 43.247847966849804], "pixel_bbox": [7066, 1280, 7257, 1536], "area_m2": 113.897}}, {"type": "Feature", "geometry": {"type": "Polygon", "coordinates": [[[76.95032928138971, 43.247695080935955], [76.95032525807619, 43.24769373983145], [76.95032525807619, 43.24769239872694], [76.95032391697168, 43.24769239872694], [76.95031989365816, 43.24768837541342], [76.95032056421041, 43.247684352099895], [76.95032257586718, 43.247682340443134], [76.95032257586718, 43.24767965823412], [76.95032056421041, 43.24767965823412], [76.95032056421041, 43.24767831712961], [76.95031922310591, 43.24767764657736], [76.95032928138971, 43.24767630547285], [76.9503540918231, 43.24767764657736], [76.95035006850958, 43.24768032878637], [76.95035073906183, 43.24768301099539], [76.95035208016634, 43.24768301099539], [76.95035208016634, 43.247684352099895], [76.95035342127085, 43.24768502265215], [76.95035208016634, 43.24768837541342], [76.9503440335393, 43.247691728174686], [76.95034135133028, 43.247691728174686], [76.95033799856901, 43.2476944103837], [76.95032928138971, 43.247695080935955]]]}, "properties": {"id": 322, "class": "road", "confidence": 100.0, "source": "Almaty_9", "source_model": "unet-roads", "centroid_wkt": "POINT (76.95033606462594 43.24768460293611)", "bbox": [76.95031922310591, 43.24767630547285, 76.9503540918231, 43.247695080935955], "pixel_bbox": [4202, 1508, 4254, 1536], "area_m2": 4.381}}, {"type": "Feature", "geometry": {"type": "Polygon", "coordinates": [[[76.94915179163218, 43.24767630547285], [76.94915112107992, 43.24767429381609], [76.9491484388709, 43.24767295271158], [76.9491484388709, 43.24766892939806], [76.94915447384119, 43.247662894427776], [76.94916855543852, 43.24765484780073], [76.9491732493043, 43.24765484780073], [76.94917391985655, 43.24765618890524], [76.94917794317007, 43.247658200562], [76.94917995482683, 43.247658200562], [76.94917995482683, 43.24765685945749], [76.94918397814035, 43.247655518352985], [76.94919001311064, 43.24765685945749], [76.9491933658719, 43.24766155332327], [76.9491933658719, 43.247664235532284], [76.94919604808092, 43.247669599950314], [76.94919604808092, 43.24767094105482], [76.9491933658719, 43.24767228215933], [76.9491933658719, 43.247673623263836], [76.94919001311064, 43.24767429381609], [76.94919001311064, 43.2476756349206], [76.94919738918543, 43.2476756349206], [76.94915179163218, 43.24767630547285]]]}, "properties": {"id": 323, "class": "road", "confidence": 100.0, "source": "Almaty_9", "source_model": "unet-roads", "centroid_wkt": "POINT (76.94917329946726 43.24766650763822)", "bbox": [76.9491484388709, 43.24765484780073, 76.94919738918543, 43.24767630547285], "pixel_bbox": [2456, 1536, 2529, 1568], "area_m2": 7.059}}, {"type": "Feature", "geometry": {"type": "Polygon", "coordinates": [[[76.9507309421897, 43.24819128960371], [76.95072758942842, 43.24818793684244], [76.95072691887617, 43.24818056076765], [76.95072825998068, 43.24817921966314], [76.95072893053293, 43.248175866901875], [76.9507309421897, 43.24817385524511], [76.9507309421897, 43.24817184358835], [76.95073563605547, 43.24816580861807], [76.95073898881674, 43.24815843254328], [76.95073898881674, 43.24815642088652], [76.95074167102575, 43.248154409229755], [76.95074301213026, 43.24815038591623], [76.95074435323477, 43.24815038591623], [76.95074435323477, 43.248149044811726], [76.95074703544378, 43.24814770370722], [76.95074770599604, 43.24814569205046], [76.95075038820505, 43.2481450214982], [76.95075239986181, 43.24814300984144], [76.95075709372759, 43.24814300984144], [76.95075910538435, 43.24814233928919], [76.95075910538435, 43.24814099818468], [76.95076178759336, 43.24814233928919], [76.95076245814562, 43.24813965708017], [76.95076379925013, 43.24814032763243], [76.95076446980238, 43.24813898652792], [76.95076446980238, 43.248136304318905], [76.95076514035463, 43.24813764542341], [76.95076648145914, 43.24813563376665], [76.9507684931159, 43.248136304318905], [76.95076916366816, 43.248132951557636], [76.95077117532492, 43.24813362210989], [76.95077117532492, 43.24813228100538], [76.95077385753393, 43.24813228100538], [76.95077519863844, 43.248130939900875], [76.95077519863844, 43.24812758713961], [76.9507772102952, 43.24812758713961], [76.9507772102952, 43.2481262460351], [76.95077452808619, 43.248125575482845], [76.95077385753393, 43.24812289327383], [76.95077251642942, 43.24812490493059], [76.95076916366816, 43.24812490493059], [76.95076782256365, 43.24812289327383], [76.95076648145914, 43.248123563826084], [76.95076581090689, 43.24812222272158], [76.95076379925013, 43.24812222272158], [76.95076379925013, 43.24812691658735], [76.95076245814562, 43.24812758713961], [76.95076111704111, 43.24812155216932], [76.9507597759366, 43.24812155216932], [76.9507597759366, 43.24812289327383], [76.95075642317533, 43.24812222272158], [76.95075374096632, 43.24811886996031], [76.95075038820505, 43.2481175288558], [76.95074904710054, 43.24811551719904], [76.95074636489153, 43.248114846646786], [76.95074569433928, 43.24811350554228], [76.95074167102575, 43.24811216443777], [76.95074032992125, 43.24811015278101], [76.95073697715998, 43.2481088116765], [76.9507322832942, 43.248104117810726], [76.95072893053293, 43.248096741735935], [76.95072893053293, 43.248086012899876], [76.95073027163744, 43.248078636825085], [76.95073295384645, 43.248075284063816], [76.95073563605547, 43.248069919645786], [76.95073563605547, 43.248067907989025], [76.95073965936899, 43.24806120246649], [76.95074167102575, 43.24805315583944], [76.95074368268251, 43.24805114418268], [76.95074435323477, 43.24804779142141], [76.95074569433928, 43.24804712086916], [76.95074703544378, 43.24804309755564], [76.95074904710054, 43.24804175645113], [76.95075239986181, 43.248033709824085], [76.95075441151857, 43.248031698167324], [76.95075776427984, 43.24801962822676], [76.95077251642942, 43.2480189576745], [76.95077251642942, 43.248017616569996], [76.95077117532492, 43.248017616569996], [76.95077050477266, 43.24801627546549], [76.95076581090689, 43.24801627546549], [76.95076581090689, 43.24801359325647], [76.95076446980238, 43.24801426380873], [76.95076446980238, 43.2480088993907], [76.95076581090689, 43.24800956994295], [76.95076581090689, 43.24800755828619], [76.95077117532492, 43.248008228838444], [76.95077117532492, 43.248006887733936], [76.95077318698168, 43.24800554662943], [76.95077318698168, 43.24800085276365], [76.95077452808619, 43.24799817055464], [76.95077855139971, 43.24799682945013], [76.95077989250422, 43.24799481779337], [76.95078458636999, 43.24799347668886], [76.95079330354929, 43.24799347668886], [76.95080000907183, 43.24799682945013], [76.95080604404211, 43.248002864420414], [76.95080604404211, 43.24800420552492], [76.95081006735563, 43.2480088993907], [76.95081073790789, 43.24801158159971], [76.95081409066916, 43.24801426380873], [76.95081409066916, 43.2480189576745], [76.95083420723677, 43.2480189576745], [76.95083688944578, 43.248017616569996], [76.95084761828184, 43.248006887733936], [76.95085030049086, 43.24800152331591], [76.95085566490889, 43.24799615889788], [76.95085566490889, 43.24799481779337], [76.95085767656565, 43.24799347668886], [76.95086035877466, 43.24798811227083], [76.9508670642972, 43.247981406748295], [76.9508684054017, 43.247981406748295], [76.95087376981974, 43.24797537177801], [76.95087645202875, 43.24797470122576], [76.95088114589453, 43.24797000735998], [76.95088315755129, 43.24797000735998], [76.9508858397603, 43.24796732515097], [76.9508858397603, 43.24796598404646], [76.95088919252157, 43.24796196073294], [76.95089053362608, 43.24795726686716], [76.9508932158351, 43.247954584658146], [76.95089656859636, 43.24794787913561], [76.95089723914862, 43.247943855822086], [76.95089992135763, 43.247941844165325], [76.95090059190989, 43.24793715029955], [76.9509032741189, 43.24793513864279], [76.9509032741189, 43.24793245643377], [76.95090461522341, 43.247931115329266], [76.95090595632792, 43.24792642146349], [76.95090796798468, 43.24792440980673], [76.95090930908918, 43.24792440980673], [76.95090997964144, 43.24792239814997], [76.95091400295496, 43.2479190453887], [76.95091601461172, 43.24791435152292], [76.95091802626848, 43.24791368097067], [76.95091802626848, 43.24791233986616], [76.95092003792524, 43.247910998761654], [76.95092137902975, 43.24790831655264], [76.95092003792524, 43.247902281582355], [76.95091869682074, 43.24790094047785], [76.95091601461172, 43.2478928938508], [76.95091467350721, 43.24789222329855], [76.95091266185045, 43.24788685888052], [76.95091065019369, 43.247886188328266], [76.95091065019369, 43.24788484722376], [76.95090729743242, 43.247882165014744], [76.95088919252157, 43.24787613004446], [76.9508844986558, 43.24787613004446], [76.9508757814765, 43.24787814170122], [76.95086572319269, 43.247876800596714], [76.95086304098368, 43.24787545949221], [76.95086304098368, 43.2478741183877], [76.95085968822241, 43.24787277728319], [76.9508583471179, 43.24787009507418], [76.95085365325212, 43.24786741286516], [76.95085164159536, 43.24786741286516], [76.95085097104311, 43.247866071760654], [76.95084627717733, 43.24786473065615], [76.95084560662508, 43.24786338955164], [76.95083755999804, 43.24786204844713], [76.95083621889353, 43.247860707342625], [76.95082481950521, 43.24786204844713], [76.95081811398268, 43.2478566840291], [76.95081811398268, 43.247851990163326], [76.95081945508718, 43.24785131961107], [76.95081744343042, 43.24785131961107], [76.95081677287817, 43.24784930795431], [76.95081878453493, 43.24784930795431], [76.95082012563944, 43.247847966849804], [76.95076312869787, 43.247847966849804], [76.95076312869787, 43.247831873595715], [76.95076446980238, 43.247821144759655], [76.95076581090689, 43.24782181531191], [76.95076581090689, 43.2478204742074], [76.9507684931159, 43.2478204742074], [76.95077855139971, 43.2478117570281], [76.95078659802675, 43.24780974537134], [76.95079129189253, 43.24780974537134], [76.9507946446538, 43.24780706316233], [76.95079732686281, 43.24780639261007], [76.95080269128084, 43.24780035763979], [76.95080269128084, 43.24779901653528], [76.95080403238535, 43.24779901653528], [76.95080537348986, 43.24779633432627], [76.9508134201169, 43.24778828769922], [76.95081476122141, 43.24778828769922], [76.95081878453493, 43.24778359383345], [76.95082012563944, 43.24778359383345], [76.95082414895296, 43.247779570519924], [76.95082414895296, 43.24777755886316], [76.95082616060972, 43.24777487665415], [76.95082951337099, 43.24776481837034], [76.95083018392324, 43.2477567717433], [76.95083219558, 43.24775341898203], [76.95083219558, 43.247742019593716], [76.95083018392324, 43.24773598462343], [76.95083018392324, 43.247727267444134], [76.95083286613226, 43.24772123247385], [76.95083353668451, 43.24771586805582], [76.95083554834127, 43.24771251529455], [76.9508395716548, 43.24767764657736], [76.9508409127593, 43.24767630547285], [76.95084761828184, 43.2476756349206], [76.9508482888341, 43.24767094105482], [76.95085030049086, 43.24767027050257], [76.95085432380438, 43.24766557663679], [76.9508570060134, 43.247664235532284], [76.95086974650621, 43.247662894427776], [76.95088718086481, 43.2476669177413], [76.9508945569396, 43.2476669177413], [76.95090260356665, 43.24766356498003], [76.9509032741189, 43.24766222387552], [76.95091266185045, 43.24765954166651], [76.95091802626848, 43.24765618890524], [76.95092607289553, 43.247655518352985], [76.9509294256568, 43.24765685945749], [76.95093143731356, 43.24765484780073], [76.95093479007483, 43.24765417724848], [76.95093479007483, 43.24784729629755], [76.95094216614962, 43.247847966849804], [76.95094350725412, 43.24784930795431], [76.95094954222441, 43.24784930795431], [76.95094551891088, 43.247849978506565], [76.95094484835863, 43.24785131961107], [76.95094216614962, 43.247851990163326], [76.95093546062708, 43.24785266071558], [76.95093479007483, 43.247857354581356], [76.95093479007483, 43.2480189576745], [76.9509582594037, 43.2480189576745], [76.95096161216497, 43.24801694601774], [76.95096228271723, 43.24801292270422], [76.95096362382174, 43.24801292270422], [76.95096362382174, 43.24801158159971], [76.95096496492624, 43.24801091104746], [76.95096496492624, 43.2480088993907], [76.95096831768751, 43.24800420552492], [76.95096764713526, 43.24800219386816], [76.95096898823977, 43.2480001822114], [76.95096965879202, 43.247992135584354], [76.95097234100103, 43.24798475950956], [76.95097368210554, 43.24797671288252], [76.95097703486681, 43.24797134846449], [76.95097770541906, 43.24796799570322], [76.95097904652357, 43.24796732515097], [76.95098038762808, 43.24796061962843], [76.9509830698371, 43.24795860797167], [76.9509830698371, 43.24795659631491], [76.95098776370287, 43.247947208583355], [76.95098776370287, 43.247943855822086], [76.95099044591188, 43.24793916195631], [76.95099513977766, 43.24791971594095], [76.95099581032991, 43.24789892882109], [76.95099916309118, 43.247891552746296], [76.95100452750921, 43.24788685888052], [76.95100653916597, 43.24788685888052], [76.95101391524076, 43.247882835567], [76.95103403180838, 43.247882165014744], [76.9510393962264, 43.247884176671505], [76.9510467723012, 43.24788484722376], [76.95104945451021, 43.247887529432774], [76.95104945451021, 43.24788887053728], [76.9510554894805, 43.24789423495531], [76.9510554894805, 43.24790295213461], [76.951056830585, 43.24790362268686], [76.951056830585, 43.247905634343624], [76.95105347782373, 43.24791233986616], [76.95105347782373, 43.247916363179684], [76.95104945451021, 43.247929103672504], [76.95104744285345, 43.247931115329266], [76.95104610174894, 43.24793580919504], [76.95104476064444, 43.247936479747295], [76.95104341953993, 43.24794050306082], [76.95104207843542, 43.24794117361307], [76.95103671401739, 43.24795190244913], [76.95103604346514, 43.24796933680773], [76.95104140788317, 43.24798610061407], [76.95104409009218, 43.2479914650321], [76.9510481134057, 43.24799615889788], [76.9510481134057, 43.247997500002384], [76.95104945451021, 43.247997500002384], [76.95104945451021, 43.24799884110689], [76.95105213671923, 43.2480001822114], [76.95105213671923, 43.24800152331591], [76.95106018334627, 43.248010240495205], [76.95106085389853, 43.24801292270422], [76.95106286555529, 43.24801426380873], [76.9510655477643, 43.2480189576745], [76.95107091218233, 43.24801962822676], [76.95107158273458, 43.248028345406055], [76.95107091218233, 43.248033709824085], [76.95106822997332, 43.24803974479437], [76.95106822997332, 43.24804309755564], [76.95106688886881, 43.248044438660145], [76.9510655477643, 43.24804913252592], [76.95106353610754, 43.24805114418268], [76.95106219500303, 43.24805583804846], [76.95105951279402, 43.24805919080973], [76.95105817168951, 43.24805919080973], [76.95105616003275, 43.24806120246649], [76.95103872567415, 43.24806120246649], [76.95103537291288, 43.24805986136198], [76.95102531462908, 43.24805986136198], [76.95101726800203, 43.248062543570995], [76.951011903584, 43.24806857854128], [76.9510105624795, 43.248073272407055], [76.95100922137499, 43.24807461351156], [76.95100653916597, 43.24808735400438], [76.95100653916597, 43.24809271842241], [76.95100519806147, 43.248094730079174], [76.9510031864047, 43.24810612946749], [76.95099916309118, 43.24811350554228], [76.95099782198668, 43.248118199408054], [76.95098776370287, 43.24812959879637], [76.95097971707582, 43.24813362210989], [76.95097904652357, 43.2481349632144], [76.95097368210554, 43.24813697487116], [76.95097167044878, 43.24813898652792], [76.95096228271723, 43.24813965708017], [76.95095892995596, 43.24813764542341], [76.9509569182992, 43.24813764542341], [76.95095490664244, 43.2481349632144], [76.95095088332891, 43.248132951557636], [76.95094082504511, 43.24811954051256], [76.9509394839406, 43.248114846646786], [76.95093747228384, 43.24811350554228], [76.95093747228384, 43.24811216443777], [76.95093613117933, 43.24811216443777], [76.95093613117933, 43.24811015278101], [76.95093479007483, 43.24811015278101], [76.95093344897032, 43.24810076504946], [76.95092473179102, 43.24809405952692], [76.95091132074594, 43.24809405952692], [76.95090595632792, 43.24809540063143], [76.95089925080538, 43.248098753392696], [76.95089187473059, 43.248100094497204], [76.95088919252157, 43.248102106153965], [76.95088114589453, 43.248104117810726], [76.95087511092424, 43.2481088116765], [76.95086974650621, 43.24811082333326], [76.95085767656565, 43.24812222272158], [76.95085767656565, 43.248123563826084], [76.95085499435663, 43.2481262460351], [76.95085499435663, 43.24812825769186], [76.95085365325212, 43.248128928244114], [76.95085298269987, 43.24813228100538], [76.95085097104311, 43.248134292662144], [76.9508482888341, 43.248147033154964], [76.9508482888341, 43.248163126409054], [76.95085097104311, 43.248168490827084], [76.95085097104311, 43.248170502483845], [76.95085231214762, 43.24816983193159], [76.95085231214762, 43.24817184358835], [76.95085499435663, 43.248172514140606], [76.95085499435663, 43.24817385524511], [76.95085633546114, 43.24817452579737], [76.95085633546114, 43.248177878558636], [76.95085767656565, 43.24817854911089], [76.95085901767015, 43.24818257242441], [76.9508583471179, 43.24818525463343], [76.9508570060134, 43.24818592518568], [76.9508570060134, 43.24818793684244], [76.95085968822241, 43.24818927794695], [76.95085901767015, 43.24819061905146], [76.95076379925013, 43.24819128960371], [76.95076245814562, 43.2481899484992], [76.9507597759366, 43.24819128960371], [76.9507309421897, 43.24819128960371]]]}, "properties": {"id": 324, "class": "road", "confidence": 100.0, "source": "Almaty_9", "source_model": "unet-roads", "centroid_wkt": "POINT (76.95088976321816 43.24796126055754)", "bbox": [76.95072691887617, 43.24765417724848, 76.95107158273458, 43.24819128960371], "pixel_bbox": [4810, 768, 5324, 1569], "area_m2": 696.292}}, {"type": "Feature", "geometry": {"type": "Polygon", "coordinates": [[[76.95602092891932, 43.24767630547285], [76.95601623505354, 43.24767496436834], [76.9560169056058, 43.24767228215933], [76.95601288229227, 43.24767094105482], [76.95601288229227, 43.2476669177413], [76.95601489394903, 43.24766155332327], [76.95601623505354, 43.247660882771015], [76.95601757615805, 43.24765753000975], [76.95602227002382, 43.247653506696224], [76.95602227002382, 43.24765216559172], [76.95602361112833, 43.24765216559172], [76.95602897554636, 43.24764680117369], [76.9560356810689, 43.24764613062143], [76.95603970438242, 43.24764747172594], [76.95604372769594, 43.24765149503946], [76.95604640990496, 43.24765685945749], [76.95604775100946, 43.247668258845806], [76.95604708045721, 43.24767094105482], [76.95604506880045, 43.24767228215933], [76.95604506880045, 43.24767496436834], [76.95604171603918, 43.24767630547285], [76.95602092891932, 43.24767630547285]]]}, "properties": {"id": 325, "class": "road", "confidence": 100.0, "source": "Almaty_9", "source_model": "unet-roads", "centroid_wkt": "POINT (76.95603178876142 43.24766269897421)", "bbox": [76.95601288229227, 43.24764613062143, 76.95604775100946, 43.24767630547285], "pixel_bbox": [12693, 1536, 12745, 1581], "area_m2": 7.302}}, {"type": "Feature", "geometry": {"type": "Polygon", "coordinates": [[[76.95630323141813, 43.24770849198103], [76.95629920810461, 43.24770715087652], [76.9562978670001, 43.247703127563], [76.95629853755236, 43.24769977480173], [76.95629585534334, 43.24768837541342], [76.95629585534334, 43.24767764657736], [76.95629451423883, 43.24767630547285], [76.95629518479109, 43.24765753000975], [76.95629719644785, 43.247653506696224], [76.9562965258956, 43.247648142278194], [76.95630054920912, 43.24763674288988], [76.95630189031363, 43.24763607233763], [76.95630189031363, 43.24763473123312], [76.95630323141813, 43.24763473123312], [76.95630323141813, 43.24763339012861], [76.9563052430749, 43.24763137847185], [76.95630993694067, 43.24762936681509], [76.95631731301546, 43.24763271957636], [76.95631999522448, 43.24763271957636], [76.95632267743349, 43.24763875454664], [76.95632468909025, 43.24763875454664], [76.9563253596425, 43.2476407662034], [76.95632670074701, 43.2476407662034], [76.95632871240377, 43.247642777860165], [76.95632938295603, 43.24764546006918], [76.95633072406054, 43.24764613062143], [76.95633072406054, 43.247648142278194], [76.95633340626955, 43.247650153934956], [76.95633340626955, 43.24765149503946], [76.95633541792631, 43.24765216559172], [76.95633608847857, 43.24765484780073], [76.95633810013533, 43.24765685945749], [76.95633877068758, 43.247660882771015], [76.95634078234434, 43.24766356498003], [76.95634212344885, 43.24767630547285], [76.95634078234434, 43.24767764657736], [76.95634011179209, 43.24768099933863], [76.95633742958307, 43.24768368154764], [76.95633608847857, 43.247687704861164], [76.95632737129927, 43.247697092592716], [76.95632603019476, 43.247697092592716], [76.956324018538, 43.24769977480173], [76.95632267743349, 43.24769977480173], [76.95632066577673, 43.247702457010746], [76.95631932467222, 43.247702457010746], [76.95631731301546, 43.24770446866751], [76.9563153013587, 43.24770446866751], [76.95630926638842, 43.247707821428776], [76.95630323141813, 43.24770849198103]]]}, "properties": {"id": 326, "class": "road", "confidence": 100.0, "source": "Almaty_9", "source_model": "unet-roads", "centroid_wkt": "POINT (76.95631584091831 43.24766932854432)", "bbox": [76.95629451423883, 43.24762936681509, 76.95634212344885, 43.24770849198103], "pixel_bbox": [13113, 1488, 13184, 1606], "area_m2": 24.256}}, {"type": "Feature", "geometry": {"type": "Polygon", "coordinates": [[[76.94890167564154, 43.24762400239706], [76.9488849118352, 43.24760723859072], [76.94888357073069, 43.24760723859072], [76.94888290017843, 43.247605226933956], [76.94887954741716, 43.2476045563817], [76.94887820631266, 43.24760723859072], [76.9488761946559, 43.24760723859072], [76.94887485355139, 43.247587122023106], [76.94887552410364, 43.24756298214197], [76.94887686520815, 43.24756029993296], [76.94887954741716, 43.24756566435099], [76.94888290017843, 43.24756566435099], [76.94888424128294, 43.24756499379873], [76.94888424128294, 43.247563652694225], [76.9488862529397, 43.247563652694225], [76.94888424128294, 43.247561641037464], [76.9488862529397, 43.247561641037464], [76.9488862529397, 43.24755761772394], [76.94888960570097, 43.24755694717169], [76.94889094680548, 43.24755158275366], [76.94889295846224, 43.24755158275366], [76.94890033453703, 43.247547559440136], [76.94891508668661, 43.24754688888788], [76.94891978055239, 43.247550912201405], [76.9489224627614, 43.24755158275366], [76.9489224627614, 43.247552923858166], [76.94892648607492, 43.24755761772394], [76.94892782717943, 43.247563652694225], [76.94893050938845, 43.24756834656], [76.94893050938845, 43.24757169932127], [76.94893185049295, 43.24757304042578], [76.94893319159746, 43.247579745948315], [76.94893386214972, 43.24758108705282], [76.94893520325422, 43.24758108705282], [76.94893654435873, 43.24758443981409], [76.94893654435873, 43.24759382754564], [76.94893520325422, 43.24759852141142], [76.94893252104521, 43.24760053306818], [76.9489298388362, 43.247605226933956], [76.94892849773169, 43.247605226933956], [76.94892179220915, 43.24761193245649], [76.94891642779112, 43.24761461466551], [76.94891642779112, 43.247615955770016], [76.9489137455821, 43.24761729687452], [76.94891106337309, 43.24761997908354], [76.94891106337309, 43.247621320188046], [76.94890569895506, 43.24762400239706], [76.94890167564154, 43.24762400239706]]]}, "properties": {"id": 327, "class": "road", "confidence": 100.0, "source": "Almaty_9", "source_model": "unet-roads", "centroid_wkt": "POINT (76.94890525738735 43.247583744437115)", "bbox": [76.94887485355139, 43.24754688888788, 76.94893654435873, 43.24762400239706], "pixel_bbox": [2048, 1614, 2140, 1729], "area_m2": 31.058}}, {"type": "Feature", "geometry": {"type": "Polygon", "coordinates": [[[76.94858718663454, 43.24767027050257], [76.94858115166426, 43.24766758829355], [76.9485791400075, 43.24766490608454], [76.94857645779848, 43.24766356498003], [76.94857645779848, 43.24766222387552], [76.94857511669397, 43.24766222387552], [76.94857444614172, 43.24765954166651], [76.94855902343988, 43.24764411896467], [76.94855902343988, 43.247642777860165], [76.94855500012636, 43.24763875454664], [76.94855500012636, 43.247637413442135], [76.94854225963354, 43.2476307079196], [76.94853823632002, 43.2476307079196], [76.94853622466326, 43.247632049024105], [76.94853220134974, 43.24763137847185], [76.94853153079748, 43.24756097048521], [76.94853287190199, 43.24754420667887], [76.94853622466326, 43.2475495710969], [76.94853823632002, 43.2475495710969], [76.94853890687227, 43.247550912201405], [76.94854561239481, 43.247550912201405], [76.94854829460382, 43.24755225330591], [76.94854963570833, 43.24755493551493], [76.94855097681284, 43.24755493551493], [76.9485529884696, 43.24756298214197], [76.94855231791735, 43.24756834656], [76.94855768233538, 43.24758846312761], [76.94856036454439, 43.24758980423212], [76.94856237620115, 43.24759382754564], [76.94856505841017, 43.24759516865015], [76.94856707006693, 43.24759919196367], [76.94857109338045, 43.247601203620434], [76.94857377558947, 43.247605226933956], [76.94857846945524, 43.24760589748621], [76.94858249276876, 43.24760790914297], [76.94858316332102, 43.24760925024748], [76.94858450442553, 43.24760925024748], [76.94858517497778, 43.24761126190424], [76.94858651608229, 43.24761126190424], [76.94858852773905, 43.247613944113255], [76.94858986884356, 43.247613944113255], [76.94859188050032, 43.247615955770016], [76.94859255105257, 43.24761863797903], [76.94859523326159, 43.24762064963579], [76.94859523326159, 43.2476219907403], [76.94860059767962, 43.24762869626284], [76.94860126823187, 43.247632049024105], [76.94860327988863, 43.24763339012861], [76.94860395044088, 43.24763674288988], [76.94860529154539, 43.247637413442135], [76.94860596209764, 43.2476407662034], [76.94860864430666, 43.24764411896467], [76.94860998541117, 43.2476494833827], [76.94860931485891, 43.24765954166651], [76.9486079737544, 43.24766222387552], [76.94860529154539, 43.247664235532284], [76.94860529154539, 43.24766557663679], [76.94860395044088, 43.24766557663679], [76.94860327988863, 43.24766758829355], [76.94859925657511, 43.247669599950314], [76.94858718663454, 43.24767027050257]]]}, "properties": {"id": 328, "class": "road", "confidence": 100.0, "source": "Almaty_9", "source_model": "unet-roads", "centroid_wkt": "POINT (76.94856531116358 43.24761723667045)", "bbox": [76.94853153079748, 43.24754420667887, 76.94860998541117, 43.24767027050257], "pixel_bbox": [1536, 1545, 1653, 1733], "area_m2": 41.096}}, {"type": "Feature", "geometry": {"type": "Polygon", "coordinates": [[[76.9476966932416, 43.24756231158972], [76.94768998771906, 43.24756029993296], [76.94768596440554, 43.247556276619434], [76.94768663495779, 43.24755493551493], [76.94768462330103, 43.24755158275366], [76.94768462330103, 43.24754688888788], [76.94768596440554, 43.24754487723112], [76.9476879760623, 43.24754420667887], [76.94768864661455, 43.24754152446985], [76.94769065827131, 43.24754152446985], [76.94769334048033, 43.24754420667887], [76.94769870489836, 43.24754286557436], [76.94770339876413, 43.24754688888788], [76.94770339876413, 43.24754822999239], [76.94770473986864, 43.24754822999239], [76.94770473986864, 43.24755694717169], [76.94770339876413, 43.2475596293807], [76.94770071655512, 43.24756231158972], [76.9476966932416, 43.24756231158972]]]}, "properties": {"id": 329, "class": "road", "confidence": 100.0, "source": "Almaty_9", "source_model": "unet-roads", "centroid_wkt": "POINT (76.94769530527053 43.247551865990665)", "bbox": [76.94768462330103, 43.24754152446985, 76.94770473986864, 43.24756231158972], "pixel_bbox": [273, 1706, 303, 1737], "area_m2": 2.893}}, {"type": "Feature", "geometry": {"type": "Polygon", "coordinates": [[[76.94801788777113, 43.24753012508154], [76.94801654666662, 43.24752811342478], [76.94801721721888, 43.24750531464815], [76.94803599268198, 43.2475046440959], [76.94804336875677, 43.247505985200405], [76.94804202765226, 43.247509337961674], [76.94804403930902, 43.24751202017069], [76.94804403930902, 43.24751403182745], [76.94804135710001, 43.24751939624548], [76.9480400159955, 43.24751939624548], [76.9480312988162, 43.24752811342478], [76.94802325218916, 43.24753012508154], [76.94801788777113, 43.24753012508154]]]}, "properties": {"id": 330, "class": "road", "confidence": 100.0, "source": "Almaty_9", "source_model": "unet-roads", "centroid_wkt": "POINT (76.94802896692862 43.24751582118303)", "bbox": [76.94801654666662, 43.2475046440959, 76.94804403930902, 43.24753012508154], "pixel_bbox": [768, 1754, 809, 1792], "area_m2": 5.033}}, {"type": "Feature", "geometry": {"type": "Polygon", "coordinates": [[[76.94894727319479, 43.247538171708584], [76.9489412382245, 43.24753616005182], [76.94894056767225, 43.2475321367383], [76.94893788546324, 43.24753146618605], [76.94893319159746, 43.24752677232027], [76.94893185049295, 43.24751269072294], [76.94893319159746, 43.24751269072294], [76.94893319159746, 43.247511349618435], [76.94893453270197, 43.247511349618435], [76.94893453270197, 43.24751000851393], [76.94893587380648, 43.247509337961674], [76.94893520325422, 43.247505985200405], [76.94893654435873, 43.24750531464815], [76.94895800203085, 43.2475046440959], [76.94896269589663, 43.247505985200405], [76.94896269589663, 43.247509337961674], [76.94896671921015, 43.247511349618435], [76.94896873086691, 43.24751537293196], [76.94896873086691, 43.24752610176802], [76.94896671921015, 43.247529454529285], [76.94896671921015, 43.2475321367383], [76.94896470755339, 43.24753414839506], [76.94896403700113, 43.24753750115633], [76.94894727319479, 43.247538171708584]]]}, "properties": {"id": 331, "class": "road", "confidence": 100.0, "source": "Almaty_9", "source_model": "unet-roads", "centroid_wkt": "POINT (76.94895115900235 43.24752057522047)", "bbox": [76.94893185049295, 43.2475046440959, 76.94896873086691, 43.247538171708584], "pixel_bbox": [2133, 1742, 2188, 1792], "area_m2": 9.28}}, {"type": "Feature", "geometry": {"type": "Polygon", "coordinates": [[[76.95195201784372, 43.24757840484381], [76.9519466534257, 43.247576393187046], [76.95194061845541, 43.247571028769016], [76.95194061845541, 43.24756968766451], [76.9519379362464, 43.24756767600775], [76.95193659514189, 43.247563652694225], [76.95193525403738, 43.24756298214197], [76.95193324238062, 43.24755895882845], [76.95193324238062, 43.24755359441042], [76.95193123072386, 43.24755158275366], [76.95193190127611, 43.24754621833563], [76.9519305601716, 43.24754420667887], [76.9519305601716, 43.2475408539176], [76.95193190127611, 43.247540183365345], [76.95193123072386, 43.24753616005182], [76.95193257182837, 43.24753414839506], [76.95193257182837, 43.24753146618605], [76.95193659514189, 43.247527442872524], [76.95193458348513, 43.24752543121576], [76.95193458348513, 43.247523419559], [76.95191446691751, 43.24752677232027], [76.9519030675292, 43.24752677232027], [76.95189971476793, 43.24752476066351], [76.9518943503499, 43.247524090111256], [76.95189166814089, 43.24752274900675], [76.95188898593187, 43.24751805514097], [76.95188697427511, 43.247516714036465], [76.95188898593187, 43.24751000851393], [76.95189099758863, 43.247509337961674], [76.95188831537962, 43.247505985200405], [76.95189233869314, 43.2475046440959], [76.95194263011217, 43.24750531464815], [76.95194397121668, 43.247505985200405], [76.95194263011217, 43.24750665575266], [76.95194330066442, 43.247509337961674], [76.95194464176893, 43.247509337961674], [76.9519479945302, 43.247513361275196], [76.95195067673922, 43.24751403182745], [76.95195201784372, 43.24751604348421], [76.95195604115725, 43.24751738458872], [76.95195872336626, 43.24752274900675], [76.95196341723204, 43.247523419559], [76.95196475833654, 43.24752140790224], [76.95196475833654, 43.2475770637393], [76.95195872336626, 43.2475770637393], [76.95195872336626, 43.24757840484381], [76.95195201784372, 43.24757840484381]]]}, "properties": {"id": 332, "class": "road", "confidence": 100.0, "source": "Almaty_9", "source_model": "unet-roads", "centroid_wkt": "POINT (76.95193698041953 43.247534240153165)", "bbox": [76.95188697427511, 43.2475046440959, 76.95196475833654, 43.24757840484381], "pixel_bbox": [6540, 1682, 6656, 1792], "area_m2": 25.571}}, {"type": "Feature", "geometry": {"type": "Polygon", "coordinates": [[[76.95106688886881, 43.2475046440959], [76.95106621831656, 43.247500620782375], [76.9510642066598, 43.24749726802111], [76.9510642066598, 43.24749056249857], [76.95106621831656, 43.247484527528286], [76.95106755942106, 43.24748385697603], [76.95107091218233, 43.24747648090124], [76.95107091218233, 43.24747446924448], [76.95107292383909, 43.247471787035465], [76.9510742649436, 43.24746508151293], [76.95107627660036, 43.247461058199406], [76.95107694715261, 43.24745234102011], [76.95107962936163, 43.24744764715433], [76.95107828825712, 43.24743825942278], [76.95108164101839, 43.247421495616436], [76.95108566433191, 43.24741680175066], [76.95109035819769, 43.2474147900939], [76.95109505206347, 43.2474147900939], [76.95109974592924, 43.24741881340742], [76.951101757586, 43.2474235072732], [76.95110578089952, 43.247424848377705], [76.95110645145178, 43.24742283672094], [76.95110645145178, 43.24743825942278], [76.95110511034727, 43.24743423610926], [76.95110376924276, 43.247433565557], [76.95110309869051, 43.24743960052729], [76.95110108703375, 43.247440941631794], [76.95109907537699, 43.247444964945316], [76.95109907537699, 43.24744764715433], [76.9511004164815, 43.24744898825884], [76.9511004164815, 43.247478492558], [76.951101757586, 43.247484527528286], [76.95110309869051, 43.24748586863279], [76.95110376924276, 43.24749391525984], [76.95110511034727, 43.2474959269166], [76.95110645145178, 43.247495256364346], [76.95110645145178, 43.24750263243914], [76.95110511034727, 43.24750330299139], [76.95110645145178, 43.2475046440959], [76.95106688886881, 43.2475046440959]]]}, "properties": {"id": 333, "class": "road", "confidence": 100.0, "source": "Almaty_9", "source_model": "unet-roads", "centroid_wkt": "POINT (76.95108800828376 43.24746574061437)", "bbox": [76.9510642066598, 43.2474147900939, 76.95110645145178, 43.2475046440959], "pixel_bbox": [5313, 1792, 5376, 1926], "area_m2": 22.51}}, {"type": "Feature", "geometry": {"type": "Polygon", "coordinates": [[[76.95437874644995, 43.24742082506418], [76.95437338203192, 43.24741680175066], [76.95437204092741, 43.247408755123615], [76.95437338203192, 43.24740473181009], [76.95437740534544, 43.24740003794432], [76.95438411086798, 43.24739936739206], [76.95438679307699, 43.24740070849657], [76.95439081639051, 43.24740540236235], [76.95439148694277, 43.24741143733263], [76.95438746362925, 43.247419483959675], [76.95437874644995, 43.24742082506418]]]}, "properties": {"id": 334, "class": "road", "confidence": 100.0, "source": "Almaty_9", "source_model": "unet-roads", "centroid_wkt": "POINT (76.95438203562841 43.24740973264083)", "bbox": [76.95437204092741, 43.24739936739206, 76.95439148694277, 43.24742082506418], "pixel_bbox": [10246, 1917, 10275, 1949], "area_m2": 2.899}}, {"type": "Feature", "geometry": {"type": "Polygon", "coordinates": [[[76.9548937305808, 43.24741277843714], [76.95489037781954, 43.247410766780376], [76.95489171892405, 43.247408755123615], [76.95489171892405, 43.2474060729146], [76.95489037781954, 43.24740473181009], [76.9548923894763, 43.24740406125784], [76.9548937305808, 43.247401379048824], [76.95490311831236, 43.247398026287556], [76.9549098238349, 43.247401379048824], [76.95490915328264, 43.24740406125784], [76.95490781217813, 43.24740406125784], [76.95490647107363, 43.2474060729146], [76.95490781217813, 43.24740741401911], [76.95490781217813, 43.24740942567587], [76.95490647107363, 43.24740942567587], [76.95490445941687, 43.24741277843714], [76.9548937305808, 43.24741277843714]]]}, "properties": {"id": 335, "class": "road", "confidence": 100.0, "source": "Almaty_9", "source_model": "unet-roads", "centroid_wkt": "POINT (76.95490032434464 43.24740565644942)", "bbox": [76.95489037781954, 43.247398026287556, 76.9549098238349, 43.24741277843714], "pixel_bbox": [11019, 1929, 11048, 1951], "area_m2": 1.832}}, {"type": "Feature", "geometry": {"type": "Polygon", "coordinates": [[[76.95271644741297, 43.247406743466854], [76.95271175354719, 43.24740473181009], [76.95270705968142, 43.24739936739206], [76.95270504802465, 43.24738930910826], [76.95270974189043, 43.247379921376705], [76.95271778851748, 43.247372545301914], [76.95272985845804, 43.24736785143614], [76.95273321121931, 43.24736785143614], [76.95274326950312, 43.24736449867487], [76.95275332778692, 43.24736449867487], [76.95275533944368, 43.24736583977938], [76.9527593627572, 43.24736449867487], [76.952766738832, 43.24736449867487], [76.95277009159327, 43.24736651033163], [76.9527754560113, 43.24736785143614], [76.95277947932482, 43.247372545301914], [76.95277947932482, 43.247374556958675], [76.95278082042933, 43.24737589806318], [76.95278082042933, 43.247379921376705], [76.95277880877256, 43.247385285794735], [76.9527767971158, 43.24738595634699], [76.95277478545904, 43.247388638556004], [76.95276606827974, 43.247392661869526], [76.9527593627572, 43.24739400297403], [76.95275332778692, 43.24739668518305], [76.95274461060762, 43.247398026287556], [76.95274192839861, 43.24739936739206], [76.95273790508509, 43.24739936739206], [76.95272985845804, 43.24740204960108], [76.95272918790579, 43.247403390705585], [76.95272382348776, 43.24740473181009], [76.95272114127874, 43.247406743466854], [76.95271644741297, 43.247406743466854]]]}, "properties": {"id": 336, "class": "road", "confidence": 100.0, "source": "Almaty_9", "source_model": "unet-roads", "centroid_wkt": "POINT (76.95274181992251 43.247383192385016)", "bbox": [76.95270504802465, 43.24736449867487, 76.95278082042933, 43.247406743466854], "pixel_bbox": [7760, 1938, 7873, 2001], "area_m2": 19.613}}, {"type": "Feature", "geometry": {"type": "Polygon", "coordinates": [[[76.94981899112463, 43.24740204960108], [76.9498136267066, 43.24740070849657], [76.94980893284082, 43.247388638556004], [76.94980893284082, 43.247383274137974], [76.94980625063181, 43.24737522751093], [76.9498049095273, 43.247374556958675], [76.9498049095273, 43.247372545301914], [76.9498035684228, 43.24737187474966], [76.94980088621378, 43.24736583977938], [76.949796192348, 43.247361816465855], [76.949796192348, 43.24736047536135], [76.94979283958673, 43.24735712260008], [76.94979149848223, 43.24735712260008], [76.94978948682547, 43.24735511094332], [76.94978948682547, 43.24735376983881], [76.9497874751687, 43.247353099286556], [76.9497861340642, 43.247349075973034], [76.94978345185518, 43.24734706431627], [76.94978345185518, 43.24733767658472], [76.94978009909391, 43.24733432382345], [76.94978814572096, 43.247332982718945], [76.9498773291707, 43.247332982718945], [76.94988805800676, 43.24733432382345], [76.94988269358873, 43.24733700603247], [76.9498847052455, 43.24734102934599], [76.94988336414099, 43.24734304100275], [76.94987531751394, 43.247345723211765], [76.94987129420042, 43.24734974652529], [76.94986123591661, 43.24735511094332], [76.9498598948121, 43.24735712260008], [76.9498585537076, 43.24735712260008], [76.9498585537076, 43.247358463704586], [76.94985721260309, 43.247358463704586], [76.94985721260309, 43.24735980480909], [76.94985587149858, 43.24735980480909], [76.94985587149858, 43.2473611459136], [76.94985453039408, 43.2473611459136], [76.94985318928957, 43.24736516922712], [76.9498498365283, 43.247367180883884], [76.9498484954238, 43.2473698630929], [76.9498498365283, 43.2473785802722], [76.94984916597605, 43.24738595634699], [76.94983910769224, 43.24739869683981], [76.94983374327421, 43.24739936739206], [76.94983173161745, 43.247401379048824], [76.9498223438859, 43.24740070849657], [76.94981899112463, 43.24740204960108]]]}, "properties": {"id": 337, "class": "road", "confidence": 100.0, "source": "Almaty_9", "source_model": "unet-roads", "centroid_wkt": "POINT (76.94982934975224 43.24735855844847)", "bbox": [76.94978009909391, 43.247332982718945, 76.94988805800676, 43.24740204960108], "pixel_bbox": [3398, 1945, 3559, 2048], "area_m2": 36.666}}, {"type": "Feature", "geometry": {"type": "Polygon", "coordinates": [[[76.9511004164815, 43.24735779315233], [76.95109639316797, 43.247356452047825], [76.95109438151121, 43.247354440391064], [76.95109371095896, 43.247351087629795], [76.95109236985445, 43.24735041707754], [76.95109236985445, 43.24734840542078], [76.95109102874994, 43.24734773486853], [76.95109102874994, 43.247345723211765], [76.95108968764544, 43.24734438210726], [76.95108901709318, 43.24733968824148], [76.95108767598867, 43.24733901768923], [76.95108834654093, 43.24733700603247], [76.95108700543642, 43.24733633548021], [76.95108700543642, 43.24733432382345], [76.95108901709318, 43.24733432382345], [76.95109035819769, 43.247332982718945], [76.95112187415361, 43.2473336532712], [76.95112254470587, 43.247334994375706], [76.9511191919446, 43.24733767658472], [76.9511191919446, 43.247343711555004], [76.95111718028784, 43.247345723211765], [76.95111516863108, 43.24735041707754], [76.95110712200403, 43.247354440391064], [76.95110712200403, 43.247356452047825], [76.95110511034727, 43.24735578149557], [76.95110376924276, 43.24735712260008], [76.9511004164815, 43.24735779315233]]]}, "properties": {"id": 338, "class": "road", "confidence": 100.0, "source": "Almaty_9", "source_model": "unet-roads", "centroid_wkt": "POINT (76.95110410342774 43.24734292513126)", "bbox": [76.95108700543642, 43.247332982718945, 76.95112254470587, 43.24735779315233], "pixel_bbox": [5347, 2011, 5400, 2048], "area_m2": 5.402}}, {"type": "Feature", "geometry": {"type": "Polygon", "coordinates": [[[76.95330988615751, 43.24735578149557], [76.95329178124666, 43.247351087629795], [76.9532897695899, 43.247349075973034], [76.95328440517187, 43.24734706431627], [76.95328306406736, 43.24734505265951], [76.95328172296286, 43.24734505265951], [76.95328172296286, 43.247343711555004], [76.9532797113061, 43.24734169989824], [76.95328038185835, 43.24733700603247], [76.95327904075384, 43.24733432382345], [76.9532810524106, 43.24733432382345], [76.9532810524106, 43.247332982718945], [76.95334006100893, 43.2473336532712], [76.95333804935217, 43.24733700603247], [76.95333804935217, 43.24734169989824], [76.95333670824766, 43.24734102934599], [76.9533346965909, 43.24734706431627], [76.95333201438189, 43.24734974652529], [76.95332866162062, 43.247351087629795], [76.95332732051611, 43.247353099286556], [76.95332195609808, 43.24735511094332], [76.95330988615751, 43.24735578149557]]]}, "properties": {"id": 339, "class": "road", "confidence": 100.0, "source": "Almaty_9", "source_model": "unet-roads", "centroid_wkt": "POINT (76.95330988167017 43.247342516643734)", "bbox": [76.95327904075384, 43.247332982718945, 76.95334006100893, 43.24735578149557], "pixel_bbox": [8616, 2014, 8707, 2048], "area_m2": 9.599}}, {"type": "Feature", "geometry": {"type": "Polygon", "coordinates": [[[76.95632938295603, 43.24743289500475], [76.95632871240377, 43.24743155390024], [76.956324018538, 43.247430212795734], [76.95632267743349, 43.24742618948221], [76.95632066577673, 43.24742551892996], [76.95632066577673, 43.2474235072732], [76.95631865411997, 43.24742082506418], [76.95631865411997, 43.247417472302914], [76.95631731301546, 43.247416131198406], [76.95631664246321, 43.24740942567587], [76.95631261914968, 43.247401379048824], [76.95631261914968, 43.24737723916769], [76.95631396025419, 43.247372545301914], [76.95631328970194, 43.24734505265951], [76.95631463080645, 43.24734438210726], [76.95631463080645, 43.24733767658472], [76.95631396025419, 43.24733633548021], [76.95631261914968, 43.24733633548021], [76.95631194859743, 43.24733432382345], [76.95632066577673, 43.247332982718945], [76.9563501700759, 43.247332982718945], [76.9563501700759, 43.24733432382345], [76.95635218173265, 43.24733432382345], [76.95635285228491, 43.24733700603247], [76.95635687559843, 43.24734169989824], [76.95635754615068, 43.24734639376402], [76.95635687559843, 43.247361816465855], [76.95635486394167, 43.24737053364515], [76.95635486394167, 43.24737589806318], [76.95635352283716, 43.247377909719944], [76.95635285228491, 43.247385285794735], [76.9563501700759, 43.24739467352629], [76.9563501700759, 43.2474060729146], [76.95634815841913, 43.24742082506418], [76.95634681731462, 43.247421495616436], [76.95634681731462, 43.24742283672094], [76.95634011179209, 43.24742551892996], [76.95633474737406, 43.24743155390024], [76.95632938295603, 43.24743289500475]]]}, "properties": {"id": 340, "class": "road", "confidence": 100.0, "source": "Almaty_9", "source_model": "unet-roads", "centroid_wkt": "POINT (76.95633396743112 43.24737732917355)", "bbox": [76.95631194859743, 43.247332982718945, 76.95635754615068, 43.24743289500475], "pixel_bbox": [13139, 1899, 13207, 2048], "area_m2": 32.932}}, {"type": "Feature", "geometry": {"type": "Polygon", "coordinates": [[[76.9525246694684, 43.24741546064615], [76.95252064615488, 43.247414119541645], [76.95251327008009, 43.247414119541645], [76.95250254124403, 43.247412107884884], [76.95249851793051, 43.24741009622812], [76.95249583572149, 43.24741009622812], [76.95248510688543, 43.24740406125784], [76.9524797424674, 43.247398026287556], [76.9524797424674, 43.24737388640642], [76.95248510688543, 43.247361816465855], [76.9524871185422, 43.24736047536135], [76.9524871185422, 43.247353099286556], [76.95248577743769, 43.24734840542078], [76.95248644798994, 43.247338347136974], [76.95248778909445, 43.24733231216669], [76.95248913019896, 43.24733231216669], [76.95248980075121, 43.247327618300915], [76.95249114185572, 43.24732694774866], [76.95249181240797, 43.247324265539646], [76.95249382406473, 43.24732292443514], [76.95249382406473, 43.24732158333063], [76.95249516516924, 43.24732158333063], [76.95249516516924, 43.247320242226124], [76.95249851793051, 43.247316889464855], [76.95250052958727, 43.2473162189126], [76.95250052958727, 43.247314877808094], [76.95250455290079, 43.24731085449457], [76.95251259952784, 43.24730817228556], [76.95251528173685, 43.247306160628796], [76.95252131670713, 43.24730549007654], [76.95252265781164, 43.247304148972034], [76.95252802222967, 43.247304148972034], [76.95253070443869, 43.24730549007654], [76.95253606885672, 43.24730549007654], [76.95253740996122, 43.24730683118105], [76.95254478603601, 43.24730884283781], [76.95255149155855, 43.24731219559908], [76.95255149155855, 43.24731353670359], [76.95255618542433, 43.247314877808094], [76.95256490260363, 43.247322253882885], [76.95256490260363, 43.24732359498739], [76.95256892591715, 43.24732828885317], [76.9525695964694, 43.24733164161444], [76.95257160812616, 43.24733231216669], [76.95257160812616, 43.2473336532712], [76.95257026702166, 43.2473336532712], [76.95257026702166, 43.24733968824148], [76.95256892591715, 43.2473423704505], [76.95256624370813, 43.24734438210726], [76.95256624370813, 43.247345723211765], [76.95256490260363, 43.247345723211765], [76.95256356149912, 43.24734840542078], [76.95256222039461, 43.24734840542078], [76.9525608792901, 43.247351087629795], [76.95255417376757, 43.247353099286556], [76.95255149155855, 43.24735511094332], [76.95254344493151, 43.247356452047825], [76.95254277437925, 43.24735779315233], [76.9525333866477, 43.247358463704586], [76.9525320455432, 43.24735913425684], [76.9525320455432, 43.2473611459136], [76.95253003388643, 43.24736315757036], [76.95253003388643, 43.24736651033163], [76.95253137499094, 43.247367180883884], [76.95253137499094, 43.2473698630929], [76.9525333866477, 43.24737187474966], [76.95254277437925, 43.24737120419741], [76.95254545658827, 43.247372545301914], [76.95255015045404, 43.247372545301914], [76.9525508210063, 43.24737388640642], [76.95255417376757, 43.24737522751093], [76.95255886763334, 43.24737522751093], [76.95256490260363, 43.24738059192896], [76.95256624370813, 43.24738059192896], [76.95256624370813, 43.247381933033466], [76.95257026702166, 43.247387297451496], [76.95257026702166, 43.24739869683981], [76.95256490260363, 43.24740540236235], [76.95255551487207, 43.247410766780376], [76.95254143327475, 43.247414119541645], [76.9525246694684, 43.24741546064615]]]}, "properties": {"id": 341, "class": "road", "confidence": 100.0, "source": "Almaty_9", "source_model": "unet-roads", "centroid_wkt": "POINT (76.95252420511113 43.24736212167161)", "bbox": [76.9524797424674, 43.247304148972034, 76.95257160812616, 43.24741546064615], "pixel_bbox": [7424, 1925, 7561, 2091], "area_m2": 68.785}}, {"type": "Feature", "geometry": {"type": "Polygon", "coordinates": [[[76.95090193301439, 43.24725452810526], [76.95089790970087, 43.24725117534399], [76.95089723914862, 43.24724514037371], [76.95089925080538, 43.24724446982145], [76.95089992135763, 43.247241117060184], [76.95090394467115, 43.24724044650793], [76.95090729743242, 43.247243128716946], [76.95090930908918, 43.247248493134975], [76.95090662688017, 43.247253857553005], [76.95090193301439, 43.24725452810526]]]}, "properties": {"id": 342, "class": "road", "confidence": 100.0, "source": "Almaty_9", "source_model": "unet-roads", "centroid_wkt": "POINT (76.95090350467298 43.24724733167224)", "bbox": [76.95089723914862, 43.24724044650793, 76.95090930908918, 43.24725452810526], "pixel_bbox": [5064, 2165, 5082, 2186], "area_m2": 1.095}}, {"type": "Feature", "geometry": {"type": "Polygon", "coordinates": [[[76.95097502321005, 43.24734169989824], [76.95096965879202, 43.24733767658472], [76.95096630603075, 43.24733700603247], [76.95096228271723, 43.247332982718945], [76.95093546062708, 43.247332982718945], [76.95093479007483, 43.24733164161444], [76.95093479007483, 43.24720490723848], [76.95093680173159, 43.247206918895245], [76.95093881338835, 43.247206918895245], [76.9509394839406, 43.247208930552006], [76.95094283670187, 43.247208930552006], [76.95094618946314, 43.24721362441778], [76.95094753056765, 43.24721362441778], [76.95094887167215, 43.24721563607454], [76.95095088332891, 43.24721563607454], [76.95095624774694, 43.24722100049257], [76.9509569182992, 43.247223012149334], [76.9509582594037, 43.247223012149334], [76.95095960050821, 43.247225023806095], [76.95096362382174, 43.247227035462856], [76.95097167044878, 43.2472350820899], [76.95097167044878, 43.24723642319441], [76.95097301155329, 43.24723642319441], [76.95097636431456, 43.24723977595568], [76.95097703486681, 43.24724446982145], [76.95097971707582, 43.24724715203047], [76.95097971707582, 43.247251845896244], [76.95098575204611, 43.24726391583681], [76.95098575204611, 43.24726860970259], [76.95098910480738, 43.247275315225124], [76.95098977535963, 43.24728336185217], [76.95098977535963, 43.24729274958372], [76.95098843425512, 43.247300796210766], [76.95098910480738, 43.24731018394232], [76.95099245756865, 43.24731756001711], [76.9509931281209, 43.2473249360919], [76.95099178701639, 43.24733097106218], [76.95099044591188, 43.24733164161444], [76.95099178701639, 43.247332982718945], [76.95098910480738, 43.24733432382345], [76.95098709315062, 43.247338347136974], [76.95097971707582, 43.24734169989824], [76.95097502321005, 43.24734169989824]]]}, "properties": {"id": 343, "class": "road", "confidence": 100.0, "source": "Almaty_9", "source_model": "unet-roads", "centroid_wkt": "POINT (76.95096041328864 43.247281361675284)", "bbox": [76.95093479007483, 43.24720490723848, 76.9509931281209, 43.24734169989824], "pixel_bbox": [5120, 2035, 5207, 2239], "area_m2": 52.647}}, {"type": "Feature", "geometry": {"type": "Polygon", "coordinates": [[[76.95040706545115, 43.24744898825884], [76.95040237158537, 43.24744697660208], [76.9503976777196, 43.24744161218405], [76.95039365440607, 43.24743960052729], [76.9503889605403, 43.24743490666151], [76.95038761943579, 43.247430212795734], [76.95038560777903, 43.24742753058672], [76.95038359612226, 43.24741680175066], [76.95038426667452, 43.24740540236235], [76.950380243361, 43.24738662689924], [76.95038091391325, 43.24737589806318], [76.95037957280874, 43.24737120419741], [76.95037890225649, 43.24735980480909], [76.95037689059973, 43.24735779315233], [76.95037622004747, 43.24735511094332], [76.9503715261817, 43.24735175818205], [76.9503715261817, 43.24734773486853], [76.95036951452494, 43.247345723211765], [76.95037018507719, 43.24733767658472], [76.95036750286818, 43.24733633548021], [76.95036750286818, 43.24733432382345], [76.9503728672862, 43.247332982718945], [76.95041913539171, 43.24733231216669], [76.95041980594397, 43.247314877808094], [76.95042114704847, 43.24731756001711], [76.95042114704847, 43.24731554836035], [76.95042248815298, 43.2473162189126], [76.95042315870523, 43.24731420725584], [76.950425170362, 43.247314877808094], [76.95042584091425, 43.24731353670359], [76.95044126361609, 43.24731286615133], [76.95044998079538, 43.24731018394232], [76.9504540041089, 43.24730817228556], [76.95045534521341, 43.247306160628796], [76.95045668631792, 43.247306160628796], [76.95046339184046, 43.24729811400175], [76.95046674460173, 43.247288055717945], [76.95046674460173, 43.24727799743414], [76.95046473294497, 43.24726928025484], [76.95046339184046, 43.24726793915033], [76.95046339184046, 43.247262574732304], [76.9504613801837, 43.24725519865751], [76.9504627212882, 43.24724446982145], [76.95046674460173, 43.24723910540342], [76.95046674460173, 43.24723709374666], [76.95046942681074, 43.24723307043314], [76.95047076791525, 43.247228376567364], [76.95047546178102, 43.24722368270159], [76.95047546178102, 43.24722167104483], [76.95047814399004, 43.2472163066268], [76.95048484951258, 43.2472075894475], [76.95048619061708, 43.2472075894475], [76.95048753172159, 43.24720557779074], [76.9504888728261, 43.24720557779074], [76.95049423724413, 43.247201554477215], [76.95050563663244, 43.24720289558172], [76.9505076482892, 43.24720490723848], [76.95051234215498, 43.247206918895245], [76.95051301270723, 43.24720825999975], [76.95051435381174, 43.24720825999975], [76.95051971822977, 43.24721496552229], [76.95051971822977, 43.24721697717905], [76.95052105933428, 43.247217647731304], [76.95052105933428, 43.24722032994032], [76.95052307099104, 43.24722435325384], [76.9505237415433, 43.247232399880886], [76.9505250826478, 43.2472350820899], [76.95052441209555, 43.24724446982145], [76.95052172988653, 43.24724983423948], [76.95052038878202, 43.24725788086653], [76.95051904767752, 43.24725989252329], [76.95051904767752, 43.24726391583681], [76.9505163654685, 43.24726726859808], [76.95051569491625, 43.247269950807095], [76.95051435381174, 43.24727062135935], [76.95051435381174, 43.247271962463856], [76.95051167160273, 43.24727330356836], [76.95051100105047, 43.24727665632963], [76.95050831884146, 43.24727866798639], [76.95050697773695, 43.24728135019541], [76.95050496608019, 43.24728202074766], [76.95050496608019, 43.24728336185217], [76.95049960166216, 43.2472887262702], [76.95049960166216, 43.24729073792696], [76.95049826055765, 43.247291408479214], [76.95049624890089, 43.24729610234499], [76.95049490779638, 43.24730347841978], [76.95049624890089, 43.24731085449457], [76.95049557834864, 43.24731219559908], [76.95049691945314, 43.24731286615133], [76.95049691945314, 43.2473162189126], [76.95049826055765, 43.24731756001711], [76.95049826055765, 43.24732158333063], [76.95049960166216, 43.2473249360919], [76.95049960166216, 43.247329629957676], [76.95049826055765, 43.24733164161444], [76.95050161331892, 43.247332982718945], [76.95051368325949, 43.247332982718945], [76.95051435381174, 43.247334994375706], [76.95051435381174, 43.2473423704505], [76.95051301270723, 43.24734773486853], [76.95051100105047, 43.247351087629795], [76.95051033049822, 43.247358463704586], [76.9505076482892, 43.247361816465855], [76.95050362497568, 43.24737321585417], [76.95049960166216, 43.24737925082445], [76.95049826055765, 43.247385285794735], [76.95049691945314, 43.24738662689924], [76.95049691945314, 43.247388638556004], [76.95049356669188, 43.247396014630795], [76.95049222558737, 43.24739668518305], [76.9504888728261, 43.24740406125784], [76.95048350840807, 43.247410766780376], [76.95048216730356, 43.247410766780376], [76.95047814399004, 43.2474147900939], [76.95047277957201, 43.24741680175066], [76.9504526630044, 43.24741814285517], [76.95045132189989, 43.247419483959675], [76.95044461637735, 43.24742082506418], [76.95044327527285, 43.24742216616869], [76.95044126361609, 43.24742216616869], [76.95043992251158, 43.24742417782545], [76.95043791085482, 43.247424848377705], [76.95043791085482, 43.24742618948221], [76.95043589919806, 43.24742618948221], [76.95042986422777, 43.24743155390024], [76.95042449980974, 43.24743155390024], [76.95042181760073, 43.24743289500475], [76.95041980594397, 43.247432224452496], [76.95041980594397, 43.24744898825884], [76.9504177942872, 43.24744764715433], [76.95040706545115, 43.24744898825884]]]}, "properties": {"id": 344, "class": "road", "confidence": 100.0, "source": "Almaty_9", "source_model": "unet-roads", "centroid_wkt": "POINT (76.95045409360253 43.24733927195611)", "bbox": [76.95036750286818, 43.247201554477215, 76.9505250826478, 43.24744898825884], "pixel_bbox": [4274, 1875, 4509, 2244], "area_m2": 163.763}}, {"type": "Feature", "geometry": {"type": "Polygon", "coordinates": [[[76.95093546062708, 43.24718948453665], [76.95093479007483, 43.247161991894245], [76.95093613117933, 43.24716132134199], [76.95104476064444, 43.24716132134199], [76.95104878395796, 43.2471626624465], [76.95104878395796, 43.247164003551006], [76.9510467723012, 43.247165344655514], [76.9510467723012, 43.24717674404383], [76.95104543119669, 43.24717741459608], [76.95104476064444, 43.247180096805096], [76.95104140788317, 43.24718412011862], [76.95103872567415, 43.24718412011862], [76.95103470236063, 43.24718613177538], [76.95101793855429, 43.24718479067087], [76.95101257413626, 43.247183449566364], [76.95100788027048, 43.24718076735735], [76.95100519806147, 43.24718076735735], [76.95100452750921, 43.24717942625284], [76.95099648088217, 43.24717741459608], [76.95099513977766, 43.24717607349157], [76.95098776370287, 43.24717540293932], [76.9509756937623, 43.2471814379096], [76.95096764713526, 43.2471814379096], [76.9509656354785, 43.24718277901411], [76.95096094161272, 43.24718277901411], [76.95095960050821, 43.24718412011862], [76.95095423609018, 43.24718479067087], [76.95095222443342, 43.24718613177538], [76.95094484835863, 43.247185461223125], [76.95094149559736, 43.24718613177538], [76.95094015449286, 43.24718747287989], [76.95093747228384, 43.24718747287989], [76.95093546062708, 43.24718948453665]]]}, "properties": {"id": 345, "class": "road", "confidence": 100.0, "source": "Almaty_9", "source_model": "unet-roads", "centroid_wkt": "POINT (76.95099061436396 43.247171803964136)", "bbox": [76.95093479007483, 43.24716132134199, 76.95104878395796, 43.24718948453665], "pixel_bbox": [5120, 2262, 5290, 2304], "area_m2": 21.305}}, {"type": "Feature", "geometry": {"type": "Polygon", "coordinates": [[[76.9489935413003, 43.24720021337271], [76.94899287074804, 43.2471988722682], [76.9489861652255, 43.247198201715946], [76.94898415356874, 43.247196190059185], [76.94898147135973, 43.24719551950693], [76.94897945970297, 43.247192837297916], [76.94897677749395, 43.24719149619341], [76.94897677749395, 43.2471901550889], [76.94897409528494, 43.247188813984394], [76.94897409528494, 43.24718747287989], [76.94896873086691, 43.24718210846186], [76.9489673897624, 43.24718210846186], [76.94896470755339, 43.24717942625284], [76.94896202534437, 43.24717942625284], [76.94896001368761, 43.247178085148335], [76.94895196706057, 43.247178085148335], [76.94894928485155, 43.24717942625284], [76.9489412382245, 43.24718747287989], [76.94893989712, 43.24718747287989], [76.94893989712, 43.247188813984394], [76.94893252104521, 43.24719216674566], [76.94891911000013, 43.24719216674566], [76.94891106337309, 43.24718948453665], [76.94890704005957, 43.24718747287989], [76.94890569895506, 43.247185461223125], [76.94890435785055, 43.247185461223125], [76.94889698177576, 43.24717875570059], [76.94889698177576, 43.24717674404383], [76.94889429956675, 43.2471713796258], [76.948894970119, 43.247165344655514], [76.94889228790998, 43.247165344655514], [76.94889094680548, 43.24716333299875], [76.94889295846224, 43.24716132134199], [76.9488849118352, 43.24716065078974], [76.94898348301649, 43.24716132134199], [76.94898549467325, 43.24716065078974], [76.94898549467325, 43.24715930968523], [76.94898214191198, 43.247156627476215], [76.94898147135973, 43.24715327471495], [76.94897878915071, 43.24714992195368], [76.94897878915071, 43.24713986366987], [76.94898080080748, 43.24713785201311], [76.94898817688227, 43.24713584035635], [76.94899220019579, 43.24713785201311], [76.94899220019579, 43.24713919311762], [76.9489935413003, 43.24713919311762], [76.9489948824048, 43.24714254587889], [76.94899756461382, 43.24714455753565], [76.94899756461382, 43.24714656919241], [76.94900024682283, 43.24715059250593], [76.94900024682283, 43.2471539452672], [76.9490022584796, 43.24715729802847], [76.94900158792734, 43.24715863913298], [76.94900427013636, 43.24716132134199], [76.94904584437609, 43.24716132134199], [76.94904584437609, 43.24718814343214], [76.94904182106256, 43.24718680232763], [76.94904047995806, 43.24718747287989], [76.94904047995806, 43.24718948453665], [76.94903779774904, 43.2471901550889], [76.94903511554003, 43.247192837297916], [76.94901701062918, 43.247192837297916], [76.94900024682283, 43.24720021337271], [76.9489935413003, 43.24720021337271]]]}, "properties": {"id": 346, "class": "road", "confidence": 100.0, "source": "Almaty_9", "source_model": "unet-roads", "centroid_wkt": "POINT (76.94897597144802 43.247173397050375)", "bbox": [76.9488849118352, 43.24713584035635, 76.94904584437609, 43.24720021337271], "pixel_bbox": [2063, 2246, 2303, 2342], "area_m2": 43.038}}, {"type": "Feature", "geometry": {"type": "Polygon", "coordinates": [[[76.94950450211763, 43.24716065078974], [76.94947566837072, 43.24716065078974], [76.94947499781847, 43.24715863913298], [76.94947097450495, 43.247156627476215], [76.94947097450495, 43.247154615819454], [76.94947298616171, 43.2471539452672], [76.94947499781847, 43.247149251401424], [76.9494803622365, 43.24714723974466], [76.94948103278875, 43.247145898640156], [76.94948706775904, 43.2471452280879], [76.94949109107256, 43.24714254587889], [76.94949377328157, 43.24714254587889], [76.94949444383383, 43.24713986366987], [76.94949712604284, 43.24713785201311], [76.9495065137744, 43.247138522565365], [76.94950852543116, 43.24713785201311], [76.94950986653566, 43.247135169804096], [76.94951388984919, 43.247135169804096], [76.94951791316271, 43.24713919311762], [76.94951791316271, 43.24714120477438], [76.9495165720582, 43.24714254587889], [76.94951724261045, 43.24714656919241], [76.94951120764017, 43.247151263058186], [76.94950852543116, 43.247156627476215], [76.94950584322214, 43.247156627476215], [76.94950584322214, 43.24715863913298], [76.94950316101313, 43.24715930968523], [76.94950450211763, 43.24716065078974]]]}, "properties": {"id": 347, "class": "road", "confidence": 100.0, "source": "Almaty_9", "source_model": "unet-roads", "centroid_wkt": "POINT (76.94949650400757 43.247149419887684)", "bbox": [76.94947097450495, 43.247135169804096, 76.94951791316271, 43.24716065078974], "pixel_bbox": [2937, 2305, 3007, 2343], "area_m2": 6.682}}, {"type": "Feature", "geometry": {"type": "Polygon", "coordinates": [[[76.95179175585508, 43.24716132134199], [76.95170190185308, 43.24716065078974], [76.95170123130083, 43.24715863913298], [76.95169921964407, 43.24715863913298], [76.95169720798731, 43.247156627476215], [76.95169653743505, 43.2471539452672], [76.95169720798731, 43.24714791029692], [76.95169854909182, 43.24714656919241], [76.95169989019632, 43.247140534222126], [76.95170257240534, 43.247135169804096], [76.95170391350985, 43.24713449925184], [76.95170525461435, 43.24712913483381], [76.95170726627111, 43.24712511152029], [76.95170927792788, 43.24712377041578], [76.95170927792788, 43.247122429311275], [76.95171799510717, 43.247115053236485], [76.95172403007746, 43.24711304157972], [76.95173408836126, 43.24711304157972], [76.95176158100367, 43.24713181704283], [76.95176493376493, 43.24713181704283], [76.95176761597395, 43.247133158147335], [76.95177633315325, 43.24713248759508], [76.95179309695959, 43.24713382869959], [76.95179309695959, 43.247159980237484], [76.95179175585508, 43.24716132134199]]]}, "properties": {"id": 348, "class": "road", "confidence": 100.0, "source": "Almaty_9", "source_model": "unet-roads", "centroid_wkt": "POINT (76.95174303423158 43.247141800628114)", "bbox": [76.95169653743505, 43.24711304157972, 76.95179309695959, 43.24716132134199], "pixel_bbox": [6256, 2304, 6400, 2376], "area_m2": 30.585}}, {"type": "Feature", "geometry": {"type": "Polygon", "coordinates": [[[76.95162076503038, 43.24716132134199], [76.9515148177743, 43.24716065078974], [76.95151414722204, 43.24715930968523], [76.95152018219233, 43.24715930968523], [76.95152152329683, 43.24715796858072], [76.9515235349536, 43.24715796858072], [76.95152152329683, 43.24715729802847], [76.95152085274458, 43.24715528637171], [76.95152420550585, 43.247154615819454], [76.95152420550585, 43.247151263058186], [76.95152621716261, 43.24714992195368], [76.95152688771486, 43.24714723974466], [76.95152822881937, 43.24714723974466], [76.95152956992388, 43.2471452280879], [76.95153091102839, 43.2471452280879], [76.95153225213289, 43.24714321643114], [76.95153627544641, 43.24714120477438], [76.95154499262571, 43.24713248759508], [76.95154499262571, 43.247131146490574], [76.95154633373022, 43.24713047593832], [76.95154633373022, 43.24712913483381], [76.95154767483473, 43.24712846428156], [76.95154834538698, 43.247125782072544], [76.95155303925276, 43.247120417654514], [76.95155303925276, 43.24711907655001], [76.95156175643206, 43.24711237102747], [76.95157382637262, 43.24710834771395], [76.95159796625376, 43.247107677161694], [76.95161741226912, 43.24711102992296], [76.95162143558264, 43.24711304157972], [76.95162076503038, 43.24716132134199]]]}, "properties": {"id": 349, "class": "road", "confidence": 100.0, "source": "Almaty_9", "source_model": "unet-roads", "centroid_wkt": "POINT (76.95158006428316 43.24713720849431)", "bbox": [76.95151414722204, 43.247107677161694, 76.95162143558264, 43.24716132134199], "pixel_bbox": [5984, 2304, 6144, 2384], "area_m2": 37.711}}, {"type": "Feature", "geometry": {"type": "Polygon", "coordinates": [[[76.94770071655512, 43.24712108820677], [76.94769266992807, 43.2471177354455], [76.94769266992807, 43.2471090182662], [76.94769132882357, 43.2471090182662], [76.94769468158484, 43.24707616120577], [76.94769468158484, 43.24706342071295], [76.94768596440554, 43.247052021324635], [76.94768127053976, 43.24705000966787], [76.94767858833075, 43.24704732745886], [76.94767523556948, 43.24704732745886], [76.94767456501722, 43.24704933911562], [76.94767322391272, 43.247035928070545], [76.94767322391272, 43.24701178818941], [76.94767255336046, 43.24700776487589], [76.9476705417037, 43.24700441211462], [76.94767121225595, 43.2470003888011], [76.94767322391272, 43.246999718248844], [76.94767322391272, 43.2469916716218], [76.94766987115145, 43.246991001069546], [76.94767389446497, 43.246991001069546], [76.94767657667398, 43.24698965996504], [76.9477416202426, 43.24698965996504], [76.9477416202426, 43.246991001069546], [76.9477429613471, 43.246991001069546], [76.94774229079485, 43.24699569493532], [76.94774497300386, 43.24699837714434], [76.94774497300386, 43.246999718248844], [76.94775301963091, 43.246999718248844], [76.94775905460119, 43.24700307101011], [76.9477603957057, 43.24700776487589], [76.9477603957057, 43.24701379984617], [76.94775838404894, 43.24701849371195], [76.94775436073542, 43.247023187577724], [76.94774966686964, 43.247025199234486], [76.94774497300386, 43.247025199234486], [76.94773960858583, 43.247019834816456], [76.94774027913809, 43.24700977653265], [76.94773893803358, 43.247009105980396], [76.94773893803358, 43.24700776487589], [76.94773558527231, 43.24700776487589], [76.94773156195879, 43.24700977653265], [76.94772955030203, 43.247012458741665], [76.94772686809301, 43.24701312929392], [76.94772351533175, 43.24701648205519], [76.94772150367498, 43.24701648205519], [76.94771882146597, 43.247017823159695], [76.94771882146597, 43.2470191642642], [76.94771613925695, 43.247019834816456], [76.94771613925695, 43.24702117592096], [76.94771144539118, 43.24702586978674], [76.94770809262991, 43.247035928070545], [76.94770473986864, 43.24703726917505], [76.94770473986864, 43.24703861027956], [76.94770339876413, 43.247039280831814], [76.94770205765963, 43.24704732745886], [76.94770339876413, 43.24705068022013], [76.94770272821188, 43.247054032981396], [76.94770406931639, 43.24705671519041], [76.94770406931639, 43.24706073850393], [76.9477067515254, 43.24706073850393], [76.94770809262991, 43.24706207960844], [76.9477141276002, 43.24706140905619], [76.94771613925695, 43.24706342071295], [76.94772150367498, 43.247064761817455], [76.94772351533175, 43.247068114578724], [76.947724185884, 43.247072137892246], [76.94772351533175, 43.24708219617605], [76.94772083312273, 43.247088231146336], [76.94772083312273, 43.24709292501211], [76.94771882146597, 43.247096948325634], [76.94771815091372, 43.24710365384817], [76.9477154687047, 43.24710834771395], [76.9477154687047, 43.24711035937071], [76.94771345704794, 43.24711102992296], [76.94771345704794, 43.24711237102747], [76.94771211594343, 43.24711237102747], [76.94771278649569, 43.24711572378874], [76.94770943373442, 43.24711907655001], [76.94770071655512, 43.24712108820677]]]}, "properties": {"id": 350, "class": "road", "confidence": 100.0, "source": "Almaty_9", "source_model": "unet-roads", "centroid_wkt": "POINT (76.94770656184319 43.247037426037416)", "bbox": [76.94766987115145, 43.24698965996504, 76.9477603957057, 43.24712108820677], "pixel_bbox": [251, 2364, 386, 2560], "area_m2": 45.547}}, {"type": "Feature", "geometry": {"type": "Polygon", "coordinates": [[[76.95273321121931, 43.247271962463856], [76.95272583514452, 43.247269950807095], [76.95272382348776, 43.24726793915033], [76.95272114127874, 43.24726726859808], [76.95271980017424, 43.24726525694132], [76.95271845906973, 43.24726525694132], [76.95271644741297, 43.24726324528456], [76.9527130946517, 43.247255869209766], [76.9527130946517, 43.247253857553005], [76.95271175354719, 43.2472525164485], [76.95271376520395, 43.24723441153765], [76.95271912962198, 43.24722435325384], [76.95272382348776, 43.24720825999975], [76.95272449404001, 43.247180096805096], [76.95272583514452, 43.24717406183481], [76.95272784680128, 43.24717003852129], [76.95272918790579, 43.24717003852129], [76.95272918790579, 43.24716869741678], [76.95273254066706, 43.24716601520777], [76.95273321121931, 43.2471626624465], [76.95274326950312, 43.24715863913298], [76.95274461060762, 43.24715595692396], [76.95274863392115, 43.24715193361044], [76.95274997502565, 43.24715193361044], [76.95274997502565, 43.24715059250593], [76.95275131613016, 43.24715059250593], [76.95275399833918, 43.24714723974466], [76.95275533944368, 43.24714723974466], [76.95275533944368, 43.247145898640156], [76.95276070386171, 43.24714120477438], [76.95276070386171, 43.24713986366987], [76.95276472717524, 43.247135169804096], [76.95276606827974, 43.247131146490574], [76.95276740938425, 43.247131146490574], [76.95276875048876, 43.24712846428156], [76.95277009159327, 43.24712846428156], [76.95277076214552, 43.2471264526248], [76.95277277380228, 43.247125782072544], [76.95277411490679, 43.24712309986353], [76.95278082042933, 43.247117064893246], [76.95278216153383, 43.24711304157972], [76.95278216153383, 43.24710298329592], [76.95278082042933, 43.24710164219141], [76.95278082042933, 43.24709963053465], [76.95277947932482, 43.24709963053465], [76.95277813822031, 43.24709560722113], [76.95277478545904, 43.24709225445986], [76.95277344435453, 43.24709225445986], [76.95277344435453, 43.24709091335535], [76.95276942104101, 43.24708957225084], [76.95276740938425, 43.24708756059408], [76.95276003330946, 43.24708554893732], [76.95274662226439, 43.24708554893732], [76.95274259895086, 43.24708689004183], [76.95272918790579, 43.247086219489574], [76.95272784680128, 43.24708756059408], [76.9527231529355, 43.24708890169859], [76.95271845906973, 43.24709292501211], [76.95271510630846, 43.24709292501211], [76.95270974189043, 43.24709627777338], [76.9527043774724, 43.24709761887789], [76.9527030363679, 43.2471003010869], [76.95269834250212, 43.247100971639156], [76.95269633084536, 43.247106336057186], [76.95269297808409, 43.24710834771395], [76.95269297808409, 43.247111700475216], [76.95269096642733, 43.24711237102747], [76.95269163697958, 43.24711639434099], [76.95269029587507, 43.24712846428156], [76.95269230753183, 43.24713248759508], [76.95269230753183, 43.247136510908604], [76.95269364863634, 43.24713785201311], [76.95269498974085, 43.24714254587889], [76.95269700139761, 43.24714455753565], [76.95269700139761, 43.24714656919241], [76.95270236581564, 43.24715260416269], [76.95270370692015, 43.24715260416269], [76.9527043774724, 43.24715528637171], [76.95270571857691, 43.24715595692396], [76.95270571857691, 43.24715729802847], [76.9527043774724, 43.24715729802847], [76.95270638912916, 43.24715796858072], [76.95270571857691, 43.247159980237484], [76.95270236581564, 43.24716132134199], [76.95265207439661, 43.24716132134199], [76.95265140384436, 43.24713986366987], [76.95265274494886, 43.247125782072544], [76.95265341550112, 43.24712712317705], [76.95265408605337, 43.247125782072544], [76.9526594504714, 43.247125782072544], [76.95266012102365, 43.24712444096804], [76.95266146212816, 43.24712444096804], [76.95266146212816, 43.24712309986353], [76.95266414433718, 43.247122429311275], [76.95266615599394, 43.247120417654514], [76.95266615599394, 43.24711907655001], [76.95267889648676, 43.247107677161694], [76.95268157869577, 43.24710164219141], [76.9526856020093, 43.24709828943014], [76.95268627256155, 43.247091583907604], [76.95268761366606, 43.24709091335535], [76.9526869431138, 43.24708890169859], [76.95268895477057, 43.247088231146336], [76.95268962532282, 43.247086219489574], [76.95269096642733, 43.247086219489574], [76.95269163697958, 43.24708219617605], [76.9526943191886, 43.24707951396704], [76.9526956602931, 43.247073478996754], [76.95269700139761, 43.247072137892246], [76.95269700139761, 43.247052021324635], [76.95269767194986, 43.24704598635435], [76.95269968360662, 43.24704196304083], [76.95270571857691, 43.247035928070545], [76.9527130946517, 43.24703257530928], [76.95271510630846, 43.24702989310026], [76.95271778851748, 43.24702922254801], [76.95272114127874, 43.24702586978674], [76.95272382348776, 43.247025199234486], [76.95272382348776, 43.24702385812998], [76.95272650569677, 43.24702117592096], [76.95272985845804, 43.247019834816456], [76.9527305290103, 43.247017823159695], [76.95273321121931, 43.24701581150293], [76.95273522287607, 43.24701178818941], [76.95273455232382, 43.247005082666874], [76.9527318701148, 43.247001729905605], [76.95273321121931, 43.246994353830814], [76.95272918790579, 43.24699234217405], [76.95272851735353, 43.246991001069546], [76.95273589342833, 43.24698965996504], [76.95278819650412, 43.24698965996504], [76.95278886705637, 43.246991001069546], [76.95279289036989, 43.2469916716218], [76.95279490202665, 43.24698965996504], [76.95282239466906, 43.24698965996504], [76.95282306522131, 43.24716132134199], [76.95281434804201, 43.24716132134199], [76.95281434804201, 43.2471626624465], [76.95282239466906, 43.2471626624465], [76.95282306522131, 43.247165344655514], [76.95282306522131, 43.24721295386553], [76.95282574743032, 43.24722167104483], [76.95282507687807, 43.247230388224125], [76.95282306522131, 43.2472350820899], [76.95282306522131, 43.24725788086653], [76.9528203830123, 43.24725653976202], [76.95281971246004, 43.24725855141878], [76.95281770080328, 43.24725855141878], [76.95281367748976, 43.24726190418005], [76.95279825478792, 43.24726190418005], [76.95279154926538, 43.24726056307554], [76.95277076214552, 43.247261233627796], [76.95276942104101, 43.247262574732304], [76.95276271551847, 43.24726324528456], [76.95276070386171, 43.24726525694132], [76.95274863392115, 43.24727062135935], [76.95274125784636, 43.247271962463856], [76.95273321121931, 43.247271962463856]]]}, "properties": {"id": 351, "class": "road", "confidence": 100.0, "source": "Almaty_9", "source_model": "unet-roads", "centroid_wkt": "POINT (76.95276442914931 43.24712786934994)", "bbox": [76.95265140384436, 43.24698965996504, 76.95282574743032, 43.247271962463856], "pixel_bbox": [7680, 2139, 7940, 2560], "area_m2": 252.355}}, {"type": "Feature", "geometry": {"type": "Polygon", "coordinates": [[[76.95567425340414, 43.24701514095068], [76.95564944297075, 43.24700977653265], [76.95564072579145, 43.24700575321913], [76.95562530308962, 43.247001729905605], [76.9556226208806, 43.24699904769659], [76.95562396198511, 43.24699368327856], [76.9556226208806, 43.24699368327856], [76.95562060922384, 43.246991001069546], [76.95563402026892, 43.24698965996504], [76.95569571107626, 43.24698965996504], [76.95570040494204, 43.246991001069546], [76.95569839328527, 43.246994353830814], [76.95569973438978, 43.24699837714434], [76.95569973438978, 43.24700307101011], [76.95569772273302, 43.247007094323635], [76.95569638162851, 43.247007094323635], [76.9556936994195, 43.247010447084904], [76.95568900555372, 43.24701312929392], [76.95568162947893, 43.24701514095068], [76.95567425340414, 43.24701514095068]]]}, "properties": {"id": 352, "class": "road", "confidence": 100.0, "source": "Almaty_9", "source_model": "unet-roads", "centroid_wkt": "POINT (76.95566504533159 43.24699992240829)", "bbox": [76.95562060922384, 43.24698965996504, 76.95570040494204, 43.24701514095068], "pixel_bbox": [12108, 2522, 12227, 2560], "area_m2": 13.842}}, {"type": "Feature", "geometry": {"type": "Polygon", "coordinates": [[[76.9559283927083, 43.24708353728056], [76.95592168718576, 43.24708219617605], [76.95591431111097, 43.24708219617605], [76.95591297000647, 43.2470815256238], [76.95591297000647, 43.24707683175802], [76.95591162890196, 43.24707616120577], [76.95589419454336, 43.24707616120577], [76.95588614791632, 43.24707414954901], [76.95588078349829, 43.24707146733999], [76.95587810128927, 43.24707146733999], [76.95586536079645, 43.247064761817455], [76.95586066693068, 43.247059397399426], [76.95585999637842, 43.24705336242914], [76.95586267858744, 43.247046656906605], [76.95587407797575, 43.24703525751829], [76.95587743073702, 43.247028551995754], [76.95587743073702, 43.24702117592096], [76.95587608963251, 43.247019834816456], [76.95587541908026, 43.24701581150293], [76.95586938410997, 43.247009105980396], [76.95586938410997, 43.247007094323635], [76.95586670190096, 43.24700307101011], [76.95586670190096, 43.24699703603983], [76.95586871355772, 43.24699502438307], [76.95587072521448, 43.24699033051729], [76.9558834657073, 43.24698965996504], [76.95589151233435, 43.246985636651516], [76.95589888840914, 43.24698429554701], [76.95591229945421, 43.24698429554701], [76.95591297000647, 43.24698965996504], [76.95595119148493, 43.24698965996504], [76.95596862584352, 43.24699569493532], [76.95597399026155, 43.2470003888011], [76.95597667247057, 43.24700105935335], [76.95598270744085, 43.24700642377138], [76.95598404854536, 43.24700642377138], [76.95599544793367, 43.2470191642642], [76.95599678903818, 43.247023187577724], [76.95599678903818, 43.24702922254801], [76.95599276572466, 43.24703861027956], [76.95599008351564, 43.24703995138407], [76.95598874241114, 43.24704263359308], [76.95598740130663, 43.24704263359308], [76.95598606020212, 43.247044645249844], [76.9559833779931, 43.2470453158021], [76.95598136633635, 43.24704799801111], [76.95597667247057, 43.24705068022013], [76.95597667247057, 43.247052021324635], [76.95597533136606, 43.247052021324635], [76.95596862584352, 43.24705872684717], [76.95596661418676, 43.247062750160694], [76.95596393197775, 43.247064761817455], [76.9559632614255, 43.24706677347422], [76.95596124976873, 43.24706744402647], [76.95596124976873, 43.24706878513098], [76.95595923811197, 43.247070126235485], [76.95595722645521, 43.24707414954901], [76.9559558853507, 43.24707414954901], [76.9559558853507, 43.247075490653515], [76.95595253258944, 43.24707817286253], [76.95595253258944, 43.24707951396704], [76.95594314485788, 43.24708353728056], [76.9559283927083, 43.24708353728056]]]}, "properties": {"id": 353, "class": "road", "confidence": 100.0, "source": "Almaty_9", "source_model": "unet-roads", "centroid_wkt": "POINT (76.95592573132777 43.2470323459249)", "bbox": [76.95585999637842, 43.24698429554701, 76.95599678903818, 43.24708353728056], "pixel_bbox": [12465, 2420, 12669, 2568], "area_m2": 88.64}}, {"type": "Feature", "geometry": {"type": "Polygon", "coordinates": [[[76.9477503374219, 43.24698965996504], [76.94775570183992, 43.24698831886053], [76.94775369018316, 43.24698697775602], [76.94775369018316, 43.24698429554701], [76.94775771349669, 43.24698228389025], [76.94776374846697, 43.24698228389025], [76.94776643067598, 43.246983624994755], [76.94776710122824, 43.24698831886053], [76.947769112885, 43.246988989412785], [76.9477503374219, 43.24698965996504]]]}, "properties": {"id": 354, "class": "road", "confidence": 100.0, "source": "Almaty_9", "source_model": "unet-roads", "centroid_wkt": "POINT (76.94776069177851 43.246985724420135)", "bbox": [76.9477503374219, 43.24698228389025, 76.947769112885, 43.24698965996504], "pixel_bbox": [371, 2560, 399, 2571], "area_m2": 0.775}}, {"type": "Feature", "geometry": {"type": "Polygon", "coordinates": [[[76.94887485355139, 43.24698965996504], [76.94887418299913, 43.246985636651516], [76.94887150079012, 43.246985636651516], [76.94887150079012, 43.24698697775602], [76.9488688185811, 43.24698697775602], [76.9488674774766, 43.24698764830828], [76.9488674774766, 43.246988989412785], [76.94885540753603, 43.246988989412785], [76.94885272532701, 43.24698831886053], [76.94885272532701, 43.24698630720377], [76.94885138422251, 43.246985636651516], [76.94884669035673, 43.246985636651516], [76.94884534925222, 43.246983624994755], [76.94884669035673, 43.246983624994755], [76.94885071367025, 43.24697960168123], [76.94885339587927, 43.24697960168123], [76.9488601014018, 43.246976248919964], [76.94886479526758, 43.24697557836771], [76.94886948913336, 43.246976248919964], [76.94887015968561, 43.246978260576725], [76.94887150079012, 43.24697759002447], [76.94887284189463, 43.246981613337994], [76.94887418299913, 43.24697759002447], [76.94887485355139, 43.246967531740665], [76.9488761946559, 43.24696686118841], [76.9488761946559, 43.246965520083904], [76.94887887686491, 43.246965520083904], [76.94888222962618, 43.246967531740665], [76.94889161735773, 43.24696686118841], [76.9489036872983, 43.24696887284517], [76.94890704005957, 43.246970884501934], [76.94891441613436, 43.246972896158695], [76.94892045110464, 43.246978260576725], [76.94892045110464, 43.24698429554701], [76.94891843944788, 43.24698764830828], [76.94891911000013, 43.24698965996504], [76.94887485355139, 43.24698965996504]]]}, "properties": {"id": 355, "class": "road", "confidence": 100.0, "source": "Almaty_9", "source_model": "unet-roads", "centroid_wkt": "POINT (76.94888827285388 43.24697963221055)", "bbox": [76.94884534925222, 43.246965520083904, 76.94892045110464, 43.24698965996504], "pixel_bbox": [2004, 2560, 2116, 2596], "area_m2": 10.789}}, {"type": "Feature", "geometry": {"type": "Polygon", "coordinates": [[[76.94865625351667, 43.24695613235235], [76.9486515596509, 43.24695412069559], [76.94864887744188, 43.246951438486576], [76.94864016026258, 43.24694875627756], [76.94863814860582, 43.246946074068546], [76.94863546639681, 43.24694540351629], [76.9486341252923, 43.24694339185953], [76.94863010197878, 43.24694138020277], [76.94862205535173, 43.24693266302347], [76.94862205535173, 43.246931321918964], [76.94861736148596, 43.24692863970995], [76.94860395044088, 43.246915228664875], [76.94860395044088, 43.24691388756037], [76.94859188050032, 43.24690315872431], [76.9485891982913, 43.24689645320177], [76.94858316332102, 43.24689041823149], [76.94857846945524, 43.24687767773867], [76.94857981055975, 43.24682805687189], [76.94858249276876, 43.246823363006115], [76.94858115166426, 43.24681933969259], [76.94858517497778, 43.246817998588085], [76.94868844002485, 43.24681866914034], [76.94869112223387, 43.24681933969259], [76.94868978112936, 43.246820010244846], [76.94869112223387, 43.24682202190161], [76.94869849830866, 43.246823363006115], [76.94870050996542, 43.24682604521513], [76.94870185106993, 43.24682470411062], [76.94870185106993, 43.24682269245386], [76.94870319217443, 43.24682202190161], [76.94870386272669, 43.24683006852865], [76.948715262115, 43.2468293979764], [76.94872062653303, 43.24683140963316], [76.94872800260782, 43.24683208018541], [76.94873739033937, 43.246836103498936], [76.9487427547574, 43.24683677405119], [76.9487514719367, 43.246841467916965], [76.94875683635473, 43.24684213846922], [76.94876085966825, 43.24684415012598], [76.94876756519079, 43.24684415012598], [76.94877091795206, 43.24684549123049], [76.94879572838545, 43.24684549123049], [76.94879908114672, 43.24684750288725], [76.94880578666925, 43.24684750288725], [76.94880846887827, 43.24684951454401], [76.9488151744008, 43.246850185096264], [76.94883730262518, 43.246850185096264], [76.94883931428194, 43.24685152620077], [76.94884736090899, 43.24685286730528], [76.94884870201349, 43.24685487896204], [76.94885071367025, 43.246855549514294], [76.94885205477476, 43.24685823172331], [76.94885205477476, 43.246862925589085], [76.94885071367025, 43.24686426669359], [76.9488312676549, 43.246864937245846], [76.94882925599813, 43.24686359614134], [76.94882657378912, 43.24686359614134], [76.94882523268461, 43.24686225503683], [76.9488225504756, 43.24686225503683], [76.94881919771433, 43.246859572827816], [76.94880980998278, 43.24686024338007], [76.94880243390799, 43.24686359614134], [76.94880042225122, 43.24686359614134], [76.9487963989377, 43.24686627835035], [76.94879237562418, 43.24686694890261], [76.94879036396742, 43.24686896055937], [76.94878835231066, 43.24686896055937], [76.94878298789263, 43.24687231332064], [76.94877829402685, 43.24687298387289], [76.94877225905657, 43.246875666081905], [76.94876421242952, 43.246888406574726], [76.94876153022051, 43.24690315872431], [76.948760189116, 43.24690382927656], [76.94875951856375, 43.24690651148558], [76.94875482469797, 43.246909864246845], [76.9487414136529, 43.2469105347991], [76.94873336702585, 43.246907852590084], [76.94872867316008, 43.24690382927656], [76.94872464984655, 43.246902488172054], [76.9487239792943, 43.24690114706755], [76.94872129708529, 43.24690047651529], [76.94872062653303, 43.246899135410786], [76.94871660321951, 43.246897123754025], [76.94871056824923, 43.24689578264952], [76.9487065449357, 43.24689779430628], [76.94870453327894, 43.24689645320177], [76.94870319217443, 43.24690114706755], [76.94870319217443, 43.24693199247122], [76.94869715720415, 43.24693266302347], [76.94869112223387, 43.24693735688925], [76.94868374615908, 43.246938697993755], [76.94867972284555, 43.24694070965052], [76.9486790522933, 43.246942050755024], [76.94867637008429, 43.24694272130728], [76.94867502897978, 43.24694540351629], [76.94867167621851, 43.24694875627756], [76.948670335114, 43.24694875627756], [76.948670335114, 43.24695009738207], [76.9486689940095, 43.24695009738207], [76.9486689940095, 43.246951438486576], [76.94866497069597, 43.246954791247845], [76.94866228848696, 43.24695613235235], [76.94865625351667, 43.24695613235235]]]}, "properties": {"id": 356, "class": "road", "confidence": 100.0, "source": "Almaty_9", "source_model": "unet-roads", "centroid_wkt": "POINT (76.94867660426594 43.24687401161534)", "bbox": [76.94857846945524, 43.246817998588085, 76.94885205477476, 43.24695613235235], "pixel_bbox": [1606, 2610, 2014, 2816], "area_m2": 179.629}}, {"type": "Feature", "geometry": {"type": "Polygon", "coordinates": [[[76.94813657552004, 43.246988989412785], [76.94803062826395, 43.246988989412785], [76.94803062826395, 43.24698697775602], [76.94802928715944, 43.24698697775602], [76.94802727550268, 43.24698496609926], [76.94802526384592, 43.24697893112898], [76.9480225816369, 43.24697691947222], [76.94801922887564, 43.24697759002447], [76.94801922887564, 43.246976248919964], [76.94801788777113, 43.246976248919964], [76.94801788777113, 43.2469742372632], [76.94801654666662, 43.24697356671095], [76.94801654666662, 43.24687633663416], [76.94801520556211, 43.246875666081905], [76.94801051169634, 43.24687700718641], [76.94800782948732, 43.246875666081905], [76.94800581783056, 43.24687164276838], [76.9480038061738, 43.246870301663876], [76.94800179451704, 43.246862925589085], [76.94799911230803, 43.24685823172331], [76.94799911230803, 43.246855549514294], [76.94799777120352, 43.246854208409786], [76.94799777120352, 43.24684549123049], [76.9479950889945, 43.2468381151557], [76.9479950889945, 43.24682738631964], [76.94799710065126, 43.246825374662876], [76.94799643009901, 43.24681933969259], [76.94799777120352, 43.24681933969259], [76.94799844175577, 43.246817998588085], [76.94799106568098, 43.246817998588085], [76.94799240678549, 43.24681732803583], [76.94799240678549, 43.24681531637907], [76.94798771291971, 43.246810622513294], [76.94798570126295, 43.246805258095264], [76.94798368960619, 43.24680391699076], [76.94798033684492, 43.24679721146822], [76.94797899574041, 43.24679184705019], [76.94797966629267, 43.246783800423145], [76.94798100739717, 43.24678111821413], [76.94798436015844, 43.246778436005116], [76.94798436015844, 43.24677709490061], [76.94798905402422, 43.24677441269159], [76.94799106568098, 43.24677441269159], [76.94799240678549, 43.24677240103483], [76.94799710065126, 43.24676971882582], [76.94800447672606, 43.246767707169056], [76.94800514727831, 43.24676636606455], [76.94800782948732, 43.24676636606455], [76.94801185280085, 43.246763683855534], [76.94801587611437, 43.24676502496004], [76.94801520556211, 43.246760331094265], [76.94801654666662, 43.24675764888525], [76.94801654666662, 43.24671138077974], [76.94801788777113, 43.246708028018475], [76.94802191108465, 43.24670601636171], [76.94803465157747, 43.24670735746622], [76.94803465157747, 43.24670869857073], [76.94803733378649, 43.246710039675236], [76.948038674891, 43.246712051332], [76.9480400159955, 43.246712051332], [76.9480400159955, 43.246713392436504], [76.94804403930902, 43.24671674519777], [76.94804538041353, 43.24672009795904], [76.9480487331748, 43.24672143906355], [76.94805074483156, 43.24672546237707], [76.94805342704058, 43.24673417955637], [76.94805342704058, 43.24674088507891], [76.94805074483156, 43.246749602258205], [76.94804605096579, 43.246756978332996], [76.94804403930902, 43.24677173048258], [76.94804672151804, 43.24678044766188], [76.94805141538382, 43.24678581207991], [76.94805409759283, 43.24678648263216], [76.94805476814508, 43.24678782373667], [76.94806147366762, 43.246791176497936], [76.94806549698114, 43.24679184705019], [76.94806683808565, 43.2467931881547], [76.94807555526495, 43.24679519981146], [76.9480849429965, 43.246799893677235], [76.94808963686228, 43.24680458754301], [76.94809097796679, 43.24680458754301], [76.94809097796679, 43.24680592864752], [76.94809768348932, 43.24681330472231], [76.94809902459383, 43.24681732803583], [76.9481037184596, 43.246817998588085], [76.94810505956411, 43.24681933969259], [76.94810505956411, 43.246821351349354], [76.94810707122087, 43.246823363006115], [76.94810841232538, 43.2468293979764], [76.94811176508665, 43.246836103498936], [76.94811511784792, 43.24685085564852], [76.94811780005693, 43.24685487896204], [76.94811780005693, 43.246859572827816], [76.94811914116144, 43.24686225503683], [76.94811914116144, 43.24687097221613], [76.94812182337046, 43.246875666081905], [76.94812316447496, 43.246875666081905], [76.94812316447496, 43.246879018843174], [76.94812450557947, 43.24687968939543], [76.94813054054976, 43.246893770992756], [76.94813054054976, 43.24690114706755], [76.94812785834074, 43.24690651148558], [76.94812718778849, 43.2469105347991], [76.94812517613173, 43.24691120535135], [76.94812316447496, 43.246909864246845], [76.94812048226595, 43.246909864246845], [76.94811377674341, 43.24690584093332], [76.94810438901186, 43.24690584093332], [76.9480936601758, 43.24691388756037], [76.94809231907129, 43.2469192519784], [76.9480936601758, 43.24693400412798], [76.94809634238482, 43.24693601578474], [76.94809634238482, 43.2469380274415], [76.94809768348932, 43.2469380274415], [76.94809902459383, 43.246942050755024], [76.94810036569834, 43.246942050755024], [76.94810170680285, 43.246944062411785], [76.94810438901186, 43.24694540351629], [76.94811042398214, 43.24694540351629], [76.9481124356389, 43.24694339185953], [76.94811444729567, 43.24694339185953], [76.94811712950468, 43.24694070965052], [76.94811712950468, 43.24693936854601], [76.94812182337046, 43.246936686336994], [76.94812383502722, 43.24693400412798], [76.94812919944525, 43.246933333575726], [76.94813054054976, 43.24693467468023], [76.94813255220652, 43.24693467468023], [76.94813523441553, 43.24693735688925], [76.94813657552004, 43.24694138020277], [76.94813925772905, 43.24694473296404], [76.94813925772905, 43.24696149677038], [76.94814059883356, 43.24696350842714], [76.94813925772905, 43.24698429554701], [76.9481385871768, 43.246985636651516], [76.94813724607229, 43.246985636651516], [76.94813992828131, 43.24698697775602], [76.94813657552004, 43.246988989412785]]]}, "properties": {"id": 357, "class": "road", "confidence": 100.0, "source": "Almaty_9", "source_model": "unet-roads", "centroid_wkt": "POINT (76.94805798545649 43.24687173976471)", "bbox": [76.94797899574041, 43.24670601636171, 76.94814059883356, 43.246988989412785], "pixel_bbox": [712, 2561, 953, 2983], "area_m2": 223.684}}, {"type": "Feature", "geometry": {"type": "Polygon", "coordinates": [[[76.95576746016741, 43.24668724089861], [76.95575404912233, 43.246681205928326], [76.95575270801783, 43.246679194271564], [76.95574197918177, 43.24667315930128], [76.95574197918177, 43.24664633721113], [76.95585999637842, 43.24664633721113], [76.95586267858744, 43.24664767831564], [76.95586133748293, 43.24664901942015], [76.95586200803518, 43.246650360524654], [76.95585999637842, 43.246652372181416], [76.95586133748293, 43.246657736599445], [76.95585396140814, 43.24666444212198], [76.95584859699011, 43.246667124331], [76.95583786815405, 43.24666980654001], [76.95580366998911, 43.246670477092266], [76.95579629391432, 43.24667248874903], [76.9557922706008, 43.24667651206255], [76.95578891783953, 43.24667785316706], [76.95578690618277, 43.24668053537607], [76.95577818900347, 43.246684558689594], [76.95577818900347, 43.2466858997941], [76.95577550679445, 43.24668724089861], [76.95576746016741, 43.24668724089861]]]}, "properties": {"id": 358, "class": "road", "confidence": 100.0, "source": "Almaty_9", "source_model": "unet-roads", "centroid_wkt": "POINT (76.95579433586491 43.24666106809295)", "bbox": [76.95574197918177, 43.24664633721113, 76.95586267858744, 43.24668724089861], "pixel_bbox": [12289, 3011, 12469, 3072], "area_m2": 30.283}}, {"type": "Feature", "geometry": {"type": "Polygon", "coordinates": [[[76.94776508957148, 43.246902488172054], [76.9477516785264, 43.2469018176198], [76.9477503374219, 43.24690047651529], [76.94774363189936, 43.24689846485853], [76.94774094969034, 43.24689511209726], [76.94773960858583, 43.24689511209726], [76.94773558527231, 43.24689108878374], [76.94773558527231, 43.24688974767923], [76.94773022085428, 43.246883042156696], [76.94772820919752, 43.246879018843174], [76.94772686809301, 43.24687231332064], [76.94772686809301, 43.24686426669359], [76.94772820919752, 43.246857561171055], [76.94773022085428, 43.24685487896204], [76.94773089140654, 43.24685152620077], [76.9477342441678, 43.24684750288725], [76.94773692637682, 43.24684012681246], [76.94773893803358, 43.2468381151557], [76.94773893803358, 43.246836103498936], [76.9477429613471, 43.24682805687189], [76.94774430245161, 43.246821351349354], [76.94774564355612, 43.246820010244846], [76.94774564355612, 43.246805258095264], [76.94774229079485, 43.24679385870695], [76.94773826748133, 43.24678581207991], [76.94773491472006, 43.24675630778074], [76.94773491472006, 43.246744237840176], [76.94773692637682, 43.24674088507891], [76.94774229079485, 43.246700651943684], [76.94774497300386, 43.24669662863016], [76.94774497300386, 43.246693946421146], [76.94774631410837, 43.246693946421146], [76.94775301963091, 43.24668791145086], [76.94775704294443, 43.24668724089861], [76.94775972515345, 43.246684558689594], [76.94776106625795, 43.246684558689594], [76.94776106625795, 43.24668321758509], [76.94776240736246, 43.24668321758509], [76.94776777178049, 43.24667651206255], [76.94776777178049, 43.24667181819677], [76.94776508957148, 43.24666913598776], [76.94776307791471, 43.24666444212198], [76.94776106625795, 43.24666243046522], [76.94775838404894, 43.24666175991297], [76.94775704294443, 43.24665974825621], [76.9477516785264, 43.246657736599445], [76.94775100797415, 43.246655724942684], [76.94775234907866, 43.246655724942684], [76.94775369018316, 43.24665304273367], [76.94775234907866, 43.246652372181416], [76.94775234907866, 43.24664834886789], [76.9477503374219, 43.24664767831564], [76.94775838404894, 43.24664633721113], [76.94784421473742, 43.246647007763386], [76.94784488528967, 43.246689923107624], [76.94784421473742, 43.24668053537607], [76.94784354418516, 43.24667852371931], [76.94784220308065, 43.24667852371931], [76.94783952087164, 43.24668254703283], [76.9478401914239, 43.2466858997941], [76.94783885031939, 43.24668791145086], [76.94783885031939, 43.24669126421213], [76.94783683866262, 43.24669327586889], [76.94783683866262, 43.246695287525654], [76.94783415645361, 43.24669662863016], [76.94783415645361, 43.24669796973467], [76.94783214479685, 43.24669998139143], [76.94782879203558, 43.246700651943684], [76.9478227570653, 43.24670400470495], [76.94782074540854, 43.24670601636171], [76.94782074540854, 43.24670735746622], [76.94781806319952, 43.24670936912298], [76.94781672209501, 43.246713392436504], [76.9478153809905, 43.24671406298876], [76.94781471043825, 43.24671674519777], [76.94781202822924, 43.24672009795904], [76.94780934602022, 43.246729485690594], [76.94780800491571, 43.24673015624285], [76.9478053227067, 43.24673552066088], [76.94780398160219, 43.24674155563116], [76.94780264049768, 43.24674289673567], [76.94780264049768, 43.246756978332996], [76.9478066638112, 43.24676502496004], [76.94780867546797, 43.24676636606455], [76.94781068712473, 43.246773071587086], [76.94781202822924, 43.246773071587086], [76.94781336933374, 43.246776424348354], [76.94781471043825, 43.246776424348354], [76.94781672209501, 43.246778436005116], [76.94781739264727, 43.246783800423145], [76.94781873375177, 43.2467844709754], [76.94781739264727, 43.246807269752026], [76.94781605154276, 43.246812634170055], [76.94781471043825, 43.24681330472231], [76.94781471043825, 43.24681732803583], [76.94781605154276, 43.246817998588085], [76.94779325276613, 43.246817998588085], [76.94779325276613, 43.246821351349354], [76.94779459387064, 43.246823363006115], [76.94779459387064, 43.24682604521513], [76.94779593497515, 43.24682738631964], [76.94779593497515, 43.24683006852865], [76.94780129939318, 43.24683677405119], [76.94780129939318, 43.24683878570795], [76.94780264049768, 43.246839456260204], [76.94780264049768, 43.246841467916965], [76.94780398160219, 43.24684213846922], [76.94780398160219, 43.24684415012598], [76.9478053227067, 43.246844820678234], [76.9478053227067, 43.246846832334995], [76.9478066638112, 43.2468481734395], [76.94780934602022, 43.24685890227556], [76.94780867546797, 43.246870301663876], [76.9478066638112, 43.246873654425144], [76.9478053227067, 43.24688035994768], [76.94780398160219, 43.246881030499935], [76.94780129939318, 43.246886394917965], [76.94779928773642, 43.24688706547022], [76.94779794663191, 43.24688907712698], [76.94778118282557, 43.24689779430628], [76.9477778300643, 43.24689779430628], [76.94777648895979, 43.246899135410786], [76.947769112885, 43.24690047651529], [76.94776508957148, 43.246902488172054]], [[76.94784354418516, 43.246652372181416], [76.94784421473742, 43.24665304273367], [76.94784421473742, 43.246652372181416], [76.94784354418516, 43.246652372181416]]]}, "properties": {"id": 359, "class": "road", "confidence": 100.0, "source": "Almaty_9", "source_model": "unet-roads", "centroid_wkt": "POINT (76.94777965728527 43.24676745982019)", "bbox": [76.94772686809301, 43.24664633721113, 76.94784488528967, 43.246902488172054], "pixel_bbox": [336, 2690, 512, 3072], "area_m2": 168.098}}, {"type": "Feature", "geometry": {"type": "Polygon", "coordinates": [[[76.95033464580774, 43.24662420898676], [76.95032257586718, 43.24661884456873], [76.95032056421041, 43.246616162359715], [76.95031721144915, 43.24661482125521], [76.95031587034464, 43.246612809598446], [76.95031385868788, 43.246612809598446], [76.95031251758337, 43.246610797941685], [76.95031050592661, 43.2466047629714], [76.95031117647886, 43.24659671634436], [76.95031922310591, 43.24659001082182], [76.95032458752394, 43.246589340269566], [76.95033799856901, 43.24659336358309], [76.95035140961409, 43.24659537523985], [76.95036549121141, 43.24659403413534], [76.95037622004747, 43.246594704687595], [76.95037890225649, 43.2465960457921], [76.95038225501776, 43.246600069105625], [76.95038359612226, 43.246600069105625], [76.9503889605403, 43.24660677462816], [76.95038828998804, 43.24661146849394], [76.95038426667452, 43.24661549180746], [76.95037420839071, 43.246618174016476], [76.9503715261817, 43.24662018567324], [76.9503641501069, 43.24661951512098], [76.95036079734564, 43.246621526777744], [76.95034470409155, 43.24662286788225], [76.95034269243479, 43.24662420898676], [76.95033464580774, 43.24662420898676]]]}, "properties": {"id": 360, "class": "road", "confidence": 100.0, "source": "Almaty_9", "source_model": "unet-roads", "centroid_wkt": "POINT (76.95034785023424 43.24660666672764)", "bbox": [76.95031050592661, 43.246589340269566, 76.9503889605403, 43.24662420898676], "pixel_bbox": [4189, 3105, 4306, 3157], "area_m2": 17.628}}, {"type": "Feature", "geometry": {"type": "Polygon", "coordinates": [[[76.95419769734144, 43.24662487953901], [76.95419635623693, 43.24661415070295], [76.95419635623693, 43.24659738689661], [76.95419702678919, 43.24658799916506], [76.9541983678937, 43.246587328612804], [76.9541997089982, 43.24659001082182], [76.95420306175947, 43.24659068137407], [76.95420373231173, 43.24659202247858], [76.95420507341623, 43.24659135192633], [76.9542084261775, 43.24659336358309], [76.95421043783426, 43.24659336358309], [76.95421110838652, 43.246594704687595], [76.95421647280455, 43.24659738689661], [76.9542171433568, 43.24660073965788], [76.95421848446131, 43.24660141021013], [76.95421848446131, 43.24660811573267], [76.95421379059553, 43.24661549180746], [76.95420976728201, 43.24661683291197], [76.95420909672976, 43.246618174016476], [76.95420440286398, 43.24661750346422], [76.95420306175947, 43.24661884456873], [76.95420105010271, 43.24661884456873], [76.9541997089982, 43.24662219733], [76.9541983678937, 43.24662219733], [76.95419769734144, 43.24662487953901]]]}, "properties": {"id": 361, "class": "road", "confidence": 100.0, "source": "Almaty_9", "source_model": "unet-roads", "centroid_wkt": "POINT (76.95420606731987 43.24660482207044)", "bbox": [76.95419635623693, 43.246587328612804, 76.95421848446131, 43.24662487953901], "pixel_bbox": [9984, 3104, 10017, 3160], "area_m2": 4.753}}, {"type": "Feature", "geometry": {"type": "Polygon", "coordinates": [[[76.94786969572306, 43.246592693030834], [76.94785963743925, 43.246589340269566], [76.94785695523024, 43.24658531695604], [76.94785695523024, 43.24658330529928], [76.94785427302122, 43.24658062309027], [76.94785427302122, 43.246578611433506], [76.94785829633474, 43.24657525867224], [76.94785829633474, 43.24657391756773], [76.94785963743925, 43.24657391756773], [76.94785963743925, 43.24657257646322], [76.94786164909601, 43.24657056480646], [76.94786433130503, 43.246569223701954], [76.94786969572306, 43.246569223701954], [76.94787371903658, 43.24656654149294], [76.94787975400686, 43.24656654149294], [76.94788444787264, 43.246567882597446], [76.94788713008165, 43.24656989425421], [76.94788780063391, 43.24657190591097], [76.94788981229067, 43.24657257646322], [76.94789182394743, 43.24657794088125], [76.94789182394743, 43.24658263474703], [76.94788914173841, 43.24658866971731], [76.94788511842489, 43.24659202247858], [76.94786969572306, 43.246592693030834]]]}, "properties": {"id": 362, "class": "road", "confidence": 100.0, "source": "Almaty_9", "source_model": "unet-roads", "centroid_wkt": "POINT (76.94787456345416 43.246579749446035)", "bbox": [76.94785427302122, 43.24656654149294, 76.94789182394743, 43.246592693030834], "pixel_bbox": [526, 3152, 582, 3191], "area_m2": 6.826}}, {"type": "Feature", "geometry": {"type": "Polygon", "coordinates": [[[76.94812651723623, 43.24655380100012], [76.94812182337046, 43.24655044823885], [76.94811645895243, 43.24653971940279], [76.94811712950468, 43.24653837829828], [76.94811578840017, 43.24653569608927], [76.94811511784792, 43.246529661118984], [76.94811645895243, 43.24652697890997], [76.94811578840017, 43.246520943939686], [76.94811780005693, 43.24651960283518], [76.94812316447496, 43.24651960283518], [76.94812316447496, 43.246515579521656], [76.94813054054976, 43.2465149089694], [76.94813389331102, 43.24651625007391], [76.94813523441553, 43.24651960283518], [76.94813925772905, 43.24652161449194], [76.94814126938581, 43.246524296700954], [76.94814193993807, 43.24654374271631], [76.94813925772905, 43.24655044823885], [76.94813523441553, 43.2465511187911], [76.94813322275877, 43.246553130447865], [76.94812651723623, 43.24655380100012]]]}, "properties": {"id": 363, "class": "road", "confidence": 100.0, "source": "Almaty_9", "source_model": "unet-roads", "centroid_wkt": "POINT (76.94812933905142 43.246533985775294)", "bbox": [76.94811511784792, 43.2465149089694, 76.94814193993807, 43.24655380100012], "pixel_bbox": [915, 3210, 955, 3268], "area_m2": 7.376}}, {"type": "Feature", "geometry": {"type": "Polygon", "coordinates": [[[76.95562597364187, 43.24660811573267], [76.95561591535807, 43.24660409241915], [76.95561189204454, 43.246600069105625], [76.95560786873102, 43.246598057448864], [76.95560652762651, 43.24659537523985], [76.9556038454175, 43.24659336358309], [76.9556038454175, 43.24659135192633], [76.95560250431299, 43.24659068137407], [76.95560250431299, 43.246583975851536], [76.9556038454175, 43.24657995253801], [76.9556038454175, 43.2465685531497], [76.95560250431299, 43.246567882597446], [76.95560116320848, 43.24656318873167], [76.95559579879045, 43.246558494865894], [76.95559579879045, 43.24655715376139], [76.9555937871337, 43.246555142104626], [76.95559244602919, 43.246555142104626], [76.95559110492468, 43.24655245989561], [76.95558372884989, 43.24654642492533], [76.95558305829763, 43.24654307216406], [76.95558104664087, 43.246540389955044], [76.95558037608862, 43.246531672775745], [76.95558305829763, 43.24652496725321], [76.9555864110589, 43.24652161449194], [76.95558775216341, 43.24652161449194], [76.95559110492468, 43.24651759117842], [76.95559579879045, 43.246515579521656], [76.95559646934271, 43.24651423841715], [76.95560250431299, 43.24651222676039], [76.95561189204454, 43.24650686234236], [76.9556139037013, 43.24650686234236], [76.95561591535807, 43.2465048506856], [76.95561993867159, 43.24650418013334], [76.95562865585089, 43.24650015681982], [76.95563200861216, 43.24650015681982], [76.95563603192568, 43.24649814516306], [76.95564676076174, 43.24649814516306], [76.95566017180681, 43.24650350958109], [76.95566888898611, 43.24651088565588], [76.95566888898611, 43.24651222676039], [76.95567291229963, 43.24651692062616], [76.95568028837442, 43.246532343328], [76.95568565279245, 43.24653770774603], [76.95568699389696, 43.24653770774603], [76.95569235831499, 43.24654307216406], [76.9556936994195, 43.24654307216406], [76.95569705218077, 43.24654642492533], [76.95569705218077, 43.246547766029835], [76.95570107549429, 43.2465511187911], [76.95570576936007, 43.24656251817942], [76.95570576936007, 43.24657056480646], [76.95570442825556, 43.24657257646322], [76.95570308715105, 43.24657995253801], [76.95569772273302, 43.24659001082182], [76.95569101721048, 43.24659671634436], [76.95568967610598, 43.24659671634436], [76.95568565279245, 43.246600069105625], [76.95568364113569, 43.246600069105625], [76.95568162947893, 43.246602080762386], [76.95567224174738, 43.24660409241915], [76.95565816015005, 43.2466047629714], [76.95564676076174, 43.246607445180416], [76.95562597364187, 43.24660811573267]]]}, "properties": {"id": 364, "class": "road", "confidence": 100.0, "source": "Almaty_9", "source_model": "unet-roads", "centroid_wkt": "POINT (76.95564393141682 43.24655476215522)", "bbox": [76.95558037608862, 43.24649814516306, 76.95570576936007, 43.24660811573267], "pixel_bbox": [12048, 3129, 12235, 3293], "area_m2": 87.061}}, {"type": "Feature", "geometry": {"type": "Polygon", "coordinates": [[[76.95420775562525, 43.24649278074503], [76.95419702678919, 43.24648875743151], [76.95419702678919, 43.24647534638643], [76.95422183722258, 43.24647467583418], [76.95422854274511, 43.246476016938686], [76.95422854274511, 43.246477358043194], [76.95422518998384, 43.24647802859545], [76.95422653108835, 43.24648406356573], [76.95422518998384, 43.246486745774746], [76.95422384887934, 43.246486745774746], [76.95422116667032, 43.246490098536015], [76.95421513170004, 43.246492110192776], [76.95420775562525, 43.24649278074503]]]}, "properties": {"id": 365, "class": "road", "confidence": 100.0, "source": "Almaty_9", "source_model": "unet-roads", "centroid_wkt": "POINT (76.95421171687492 43.246482593626745)", "bbox": [76.95419702678919, 43.24647467583418, 76.95422854274511, 43.24649278074503], "pixel_bbox": [9985, 3301, 10032, 3328], "area_m2": 4.142}}, {"type": "Feature", "geometry": {"type": "Polygon", "coordinates": [[[76.9529290124774, 43.24647467583418], [76.95289883762598, 43.246474005281925], [76.95289749652147, 43.24647266417742], [76.95291426032782, 43.2464699819684], [76.95291761308908, 43.24647132307291], [76.95292364805937, 43.24647132307291], [76.95293303579092, 43.24647333472967], [76.9529290124774, 43.24647467583418]]]}, "properties": {"id": 366, "class": "road", "confidence": 100.0, "source": "Almaty_9", "source_model": "unet-roads", "centroid_wkt": "POINT (76.95291535391131 43.24647245846912)", "bbox": [76.95289749652147, 43.2464699819684, 76.95293303579092, 43.24647467583418], "pixel_bbox": [8047, 3328, 8100, 3335], "area_m2": 0.878}}, {"type": "Feature", "geometry": {"type": "Polygon", "coordinates": [[[76.95053044706583, 43.246474005281925], [76.95050697773695, 43.246474005281925], [76.95050697773695, 43.24647266417742], [76.95050965994596, 43.246471993625164], [76.95050831884146, 43.24646729975939], [76.9505163654685, 43.246463276445866], [76.95052910596132, 43.24646260589361], [76.95053178817034, 43.24646394699812], [76.9505351409316, 43.24646394699812], [76.95053983479738, 43.24646729975939], [76.95053916424513, 43.2464699819684], [76.95052977651358, 43.24647065252066], [76.95052910596132, 43.24647266417742], [76.95053044706583, 43.246474005281925]]]}, "properties": {"id": 367, "class": "road", "confidence": 100.0, "source": "Almaty_9", "source_model": "unet-roads", "centroid_wkt": "POINT (76.95052306887196 43.246468181022415)", "bbox": [76.95050697773695, 43.24646260589361, 76.95053983479738, 43.246474005281925], "pixel_bbox": [4482, 3329, 4531, 3346], "area_m2": 2.461}}, {"type": "Feature", "geometry": {"type": "Polygon", "coordinates": [[[76.9530114904046, 43.24658799916506], [76.95299606770277, 43.24658330529928], [76.95299472659826, 43.246581964194775], [76.95299405604601, 43.246574588119984], [76.95298667997122, 43.246573247015476], [76.95298198610544, 43.246569223701954], [76.9529752805829, 43.246565870940685], [76.95295985788107, 43.24656318873167], [76.95295047014952, 43.2465598359704], [76.9529477879405, 43.24655648320913], [76.9529477879405, 43.24655380100012], [76.95295449346304, 43.24654910713434], [76.9529665634036, 43.24654709547758], [76.95297192782164, 43.24654307216406], [76.95297326892614, 43.246540389955044], [76.95297259837389, 43.24653033167124], [76.95297461003065, 43.24652295559645], [76.95297461003065, 43.24651625007391], [76.95297662168741, 43.24650686234236], [76.95297997444868, 43.246500827372074], [76.95298131555319, 43.24650015681982], [76.95298131555319, 43.24649814516306], [76.95298667997122, 43.24649278074503], [76.95298802107573, 43.24648942798376], [76.95298936218023, 43.24648808687925], [76.9529927149415, 43.24648808687925], [76.95299405604601, 43.24648540467024], [76.95299472659826, 43.24646461755037], [76.95299673825502, 43.24646461755037], [76.95299874991179, 43.246466629207134], [76.95300009101629, 43.246466629207134], [76.9530014321208, 43.24646461755037], [76.95300478488207, 43.246463276445866], [76.95302221924067, 43.246463276445866], [76.9530289247632, 43.24645858258009], [76.95303697139025, 43.246457912027836], [76.95304434746504, 43.24645455926657], [76.95305306464434, 43.246455900371075], [76.95305977016687, 43.24645858258009], [76.95306044071913, 43.2464599236846], [76.95306245237589, 43.2464599236846], [76.95306245237589, 43.24646729975939], [76.9530651345849, 43.246468640863895], [76.9530637934804, 43.24646931141615], [76.95306446403265, 43.24647132307291], [76.95307452231646, 43.24647266417742], [76.95307184010744, 43.246474005281925], [76.95305440574884, 43.24647534638643], [76.95306982845068, 43.246476016938686], [76.95306915789843, 43.246477358043194], [76.95306044071913, 43.24647802859545], [76.95305977016687, 43.246479369699955], [76.95306178182364, 43.24648071080446], [76.9530738517642, 43.24648205190897], [76.95307586342096, 43.24648339301348], [76.95308726280928, 43.24648607522249], [76.95308726280928, 43.24648942798376], [76.95308994501829, 43.24649143964052], [76.95308927446604, 43.24649680405855], [76.95309061557055, 43.24650418013334], [76.95308860391378, 43.24650686234236], [76.95308726280928, 43.246511556208134], [76.95308726280928, 43.24651759117842], [76.95308592170477, 43.246520943939686], [76.95308592170477, 43.246532343328], [76.95309061557055, 43.246545754373074], [76.95309061557055, 43.24655245989561], [76.95308860391378, 43.24655715376139], [76.953081227839, 43.24656318873167], [76.95307184010744, 43.246567882597446], [76.95306781679392, 43.2465685531497], [76.95306714624166, 43.24656989425421], [76.9530651345849, 43.24656989425421], [76.95306446403265, 43.246571235358715], [76.95305977016687, 43.24657257646322], [76.95305239409208, 43.246577270329], [76.95305038243532, 43.246577270329], [76.9530463591218, 43.24657995253801], [76.95304434746504, 43.24657995253801], [76.9530376419425, 43.24658330529928], [76.95303160697222, 43.246583975851536], [76.95303026586771, 43.24658531695604], [76.95302154868841, 43.246587328612804], [76.9530114904046, 43.24658799916506]]]}, "properties": {"id": 368, "class": "road", "confidence": 100.0, "source": "Almaty_9", "source_model": "unet-roads", "centroid_wkt": "POINT (76.95302942466314 43.246524078771166)", "bbox": [76.9529477879405, 43.24645455926657, 76.95309061557055, 43.24658799916506], "pixel_bbox": [8122, 3159, 8335, 3358], "area_m2": 112.1}}, {"type": "Feature", "geometry": {"type": "Polygon", "coordinates": [[[76.95429492741823, 43.24647467583418], [76.95429492741823, 43.246471993625164], [76.95429224520922, 43.2464699819684], [76.95429157465696, 43.24646797031164], [76.95429157465696, 43.24646461755037], [76.95429358631372, 43.24646193534136], [76.95429358631372, 43.2464599236846], [76.954296939075, 43.24645657092333], [76.954296939075, 43.24645522981882], [76.9543083384633, 43.246450535953045], [76.95432107895613, 43.246450535953045], [76.95432309061289, 43.24645187705755], [76.95433247834444, 43.24645388871431], [76.95433784276247, 43.24645657092333], [76.95434253662825, 43.246461264789104], [76.9543432071805, 43.24646595865488], [76.95434588938951, 43.246466629207134], [76.95434790104628, 43.246468640863895], [76.95434723049402, 43.24647132307291], [76.95434857159853, 43.24647132307291], [76.95434857159853, 43.246474005281925], [76.95434387773275, 43.24647467583418], [76.95429492741823, 43.24647467583418]]]}, "properties": {"id": 369, "class": "road", "confidence": 100.0, "source": "Almaty_9", "source_model": "unet-roads", "centroid_wkt": "POINT (76.95431880545746 43.24646377673084)", "bbox": [76.95429157465696, 43.246450535953045, 76.95434857159853, 43.24647467583418], "pixel_bbox": [10126, 3328, 10211, 3364], "area_m2": 9.873}}, {"type": "Feature", "geometry": {"type": "Polygon", "coordinates": [[[76.9488761946559, 43.24647467583418], [76.94887485355139, 43.24647333472967], [76.94887485355139, 43.246400244534016], [76.9488761946559, 43.24639555066824], [76.94887887686491, 43.246397562325], [76.94888759404421, 43.246397562325], [76.94889228790998, 43.24639957398176], [76.9489050284028, 43.24640225619078], [76.94892313331366, 43.246403597295284], [76.9489311799407, 43.246405608952045], [76.94894928485155, 43.24640762060881], [76.9489573314786, 43.246410973370075], [76.94896001368761, 43.24641365557909], [76.94896135479212, 43.246418349444866], [76.94896001368761, 43.2464250549674], [76.94895330816507, 43.24643310159445], [76.94895196706057, 43.24643310159445], [76.94895062595606, 43.24643511325121], [76.94894660264254, 43.24643645435572], [76.94894324988127, 43.24643913656473], [76.94893654435873, 43.24644114822149], [76.94892380386591, 43.24644047766924], [76.94890435785055, 43.24643511325121], [76.94889228790998, 43.24643511325121], [76.9488849118352, 43.24643712490797], [76.94887954741716, 43.246442489326], [76.94887954741716, 43.246450535953045], [76.94888088852167, 43.2464512065053], [76.94888222962618, 43.24645455926657], [76.94888357073069, 43.24645455926657], [76.94888826459646, 43.24645925313234], [76.94889362901449, 43.24646193534136], [76.94889966398478, 43.246463276445866], [76.94891307502985, 43.24646394699812], [76.94891911000013, 43.24646528810263], [76.94893319159746, 43.24646528810263], [76.94893453270197, 43.24646729975939], [76.94893453270197, 43.2464699819684], [76.94892916828394, 43.24647065252066], [76.94892782717943, 43.246471993625164], [76.94893050938845, 43.246474005281925], [76.9488761946559, 43.24647467583418]]]}, "properties": {"id": 370, "class": "road", "confidence": 100.0, "source": "Almaty_9", "source_model": "unet-roads", "centroid_wkt": "POINT (76.94891063845802 43.24642965631498)", "bbox": [76.94887485355139, 43.24639555066824, 76.94896135479212, 43.24647467583418], "pixel_bbox": [2048, 3328, 2177, 3446], "area_m2": 33.227}}, {"type": "Feature", "geometry": {"type": "Polygon", "coordinates": [[[76.94833975285292, 43.24646729975939], [76.94830756634474, 43.24646260589361], [76.94824855774641, 43.24646260589361], [76.94824252277613, 43.24646059423685], [76.94823581725359, 43.2464599236846], [76.94823045283556, 43.24645724147558], [76.94822575896978, 43.24645187705755], [76.94822575896978, 43.24644651263952], [76.9482284411788, 43.246442489326], [76.94822911173105, 43.24643913656473], [76.94823179394007, 43.24643712490797], [76.94823179394007, 43.24642840772867], [76.94823313504457, 43.2464250549674], [76.94823179394007, 43.246423713862896], [76.94823246449232, 43.246421702206135], [76.94823045283556, 43.246419690549374], [76.94822777062654, 43.24641231447458], [76.94822642952204, 43.24641164392233], [76.94822575896978, 43.24640695005655], [76.94822710007429, 43.246403597295284], [76.94823447614908, 43.246397562325], [76.94823984056711, 43.24639555066824], [76.94827135652304, 43.24639085680246], [76.94829482585192, 43.24639152735472], [76.94831024855375, 43.24639085680246], [76.94831360131502, 43.246389515697956], [76.9483283534646, 43.246389515697956], [76.94834645837545, 43.24639018625021], [76.94835316389799, 43.24639219790697], [76.94835986942053, 43.24639219790697], [76.94835986942053, 43.24641767889261], [76.94836053997278, 43.246419690549374], [76.94836188107729, 43.246419690549374], [76.94836188107729, 43.24642103165388], [76.9483645632863, 43.24642237275839], [76.94836657494307, 43.24642639607191], [76.94836724549532, 43.24643108993769], [76.94836858659983, 43.24643176048994], [76.94836858659983, 43.24644047766924], [76.94836590439081, 43.24644584208727], [76.9483645632863, 43.246452547609806], [76.94836255162954, 43.24645388871431], [76.94836188107729, 43.24645657092333], [76.94836053997278, 43.24645657092333], [76.94835986942053, 43.24646729975939], [76.94835919886827, 43.24646595865488], [76.94835182279348, 43.24646729975939], [76.94833975285292, 43.24646729975939]]]}, "properties": {"id": 371, "class": "road", "confidence": 100.0, "source": "Almaty_9", "source_model": "unet-roads", "centroid_wkt": "POINT (76.94829845164296 43.24642760475441)", "bbox": [76.94822575896978, 43.246389515697956, 76.94836858659983, 43.24646729975939], "pixel_bbox": [1080, 3339, 1293, 3455], "area_m2": 86.629}}, {"type": "Feature", "geometry": {"type": "Polygon", "coordinates": [[[76.94844033569098, 43.24647467583418], [76.94843430072069, 43.24647333472967], [76.9484356418252, 43.24647266417742], [76.9484356418252, 43.24647065252066], [76.94843161851168, 43.24646931141615], [76.94843161851168, 43.24646394699812], [76.94843363016844, 43.24646193534136], [76.94843430072069, 43.24645657092333], [76.9484369829297, 43.24645522981882], [76.9484369829297, 43.2464512065053], [76.94843832403421, 43.2464512065053], [76.94844301789999, 43.246447183191776], [76.9484530761838, 43.246447183191776], [76.94845575839281, 43.24644986540079], [76.94846112281084, 43.24644986540079], [76.94846246391535, 43.246448524296284], [76.94846715778112, 43.246448524296284], [76.94847587496042, 43.24644584208727], [76.94848861545324, 43.24644584208727], [76.94849129766226, 43.246447183191776], [76.94849733263254, 43.24644785374403], [76.9484993442893, 43.24644919484854], [76.94851879030466, 43.24644919484854], [76.94852415472269, 43.246450535953045], [76.9485268369317, 43.24645321816206], [76.94852750748396, 43.24645187705755], [76.94853018969297, 43.246452547609806], [76.94853153079748, 43.246448524296284], [76.94853153079748, 43.246397562325], [76.94853287190199, 43.24639152735472], [76.94853354245424, 43.246392868459225], [76.94853622466326, 43.24639353901148], [76.94853689521551, 43.24639219790697], [76.94855432957411, 43.246392868459225], [76.94855768233538, 43.246394880115986], [76.94856572896242, 43.24639622122049], [76.94857109338045, 43.24639957398176], [76.9485791400075, 43.246400244534016], [76.94858584553003, 43.24639689177275], [76.9485878571868, 43.24639689177275], [76.94858852773905, 43.24639555066824], [76.94859188050032, 43.246394880115986], [76.94859456270933, 43.24639152735472], [76.94860059767962, 43.2463888451457], [76.94860462099314, 43.246385492384434], [76.94860864430666, 43.246384151279926], [76.9486166909337, 43.246384151279926], [76.94862473756075, 43.246385492384434], [76.94862809032202, 43.246387504041195], [76.94863211363554, 43.24638817459345], [76.94863546639681, 43.24639085680246], [76.94864351302385, 43.24639420956373], [76.94864887744188, 43.246398232877254], [76.9486515596509, 43.246398232877254], [76.94865357130766, 43.24639957398176], [76.94866698235273, 43.24640292674303], [76.94869380444288, 43.246405608952045], [76.94869983941317, 43.24640829116106], [76.94870252162218, 43.24640829116106], [76.94870319217443, 43.24640963226557], [76.94870319217443, 43.24647333472967], [76.94870118051767, 43.24647467583418], [76.94853153079748, 43.24647467583418], [76.94853086024523, 43.246471993625164], [76.94852482527494, 43.24647266417742], [76.94852415472269, 43.24647467583418], [76.94844033569098, 43.24647467583418]], [[76.94845777004957, 43.246450535953045], [76.94845844060183, 43.2464512065053], [76.94845844060183, 43.246450535953045], [76.94845777004957, 43.246450535953045]]]}, "properties": {"id": 372, "class": "road", "confidence": 100.0, "source": "Almaty_9", "source_model": "unet-roads", "centroid_wkt": "POINT (76.94859447791015 43.24643877867799)", "bbox": [76.94843161851168, 43.246384151279926, 76.94870319217443, 43.24647467583418], "pixel_bbox": [1387, 3328, 1792, 3463], "area_m2": 145.021}}, {"type": "Feature", "geometry": {"type": "Polygon", "coordinates": [[[76.94977339357138, 43.24647467583418], [76.94976802915335, 43.24646797031164], [76.94976802915335, 43.246463276445866], [76.94976601749659, 43.24645858258009], [76.94976601749659, 43.24645388871431], [76.94976400583982, 43.246445171535015], [76.94976199418306, 43.246443159878254], [76.94976199418306, 43.24644114822149], [76.9497599825263, 43.24643913656473], [76.94975931197405, 43.24643645435572], [76.94975797086954, 43.24643578380346], [76.94975394755602, 43.24642572551966], [76.949751265347, 43.246423713862896], [76.9497499242425, 43.24642036110163], [76.94974590092897, 43.24641700834036], [76.94974590092897, 43.2464149966836], [76.94974455982447, 43.246414326131344], [76.94974321871996, 43.246410973370075], [76.9497425481677, 43.246405608952045], [76.94974053651094, 43.24640292674303], [76.94974053651094, 43.24639957398176], [76.94974187761545, 43.24639890342951], [76.94974187761545, 43.24639353901148], [76.94974053651094, 43.24639353901148], [76.94973852485418, 43.24639152735472], [76.94973852485418, 43.24638683348894], [76.9497412070632, 43.24638616293669], [76.9497412070632, 43.24638482183218], [76.94974455982447, 43.24638281017542], [76.94974523037672, 43.24637945741415], [76.94974657148123, 43.24637945741415], [76.94974724203348, 43.24637744575739], [76.949751265347, 43.246374763548374], [76.94975730031729, 43.24637409299612], [76.94976132363081, 43.24637543410063], [76.94976467639208, 43.24637945741415], [76.9497673586011, 43.246380127966404], [76.9497673586011, 43.24638146907091], [76.9497686997056, 43.24638146907091], [76.94977004081011, 43.246384151279926], [76.94977138191462, 43.246384151279926], [76.94977406412363, 43.246387504041195], [76.94977540522814, 43.246387504041195], [76.94977540522814, 43.2463888451457], [76.94977808743715, 43.246389515697956], [76.94977808743715, 43.24639085680246], [76.94978076964617, 43.24639219790697], [76.94978412240744, 43.246398232877254], [76.9497861340642, 43.24639957398176], [76.9497874751687, 43.246403597295284], [76.94978881627321, 43.24640426784754], [76.94978881627321, 43.2464062795043], [76.94979015737772, 43.24640695005655], [76.94979283958673, 43.24641231447458], [76.94979283958673, 43.2464149966836], [76.94979418069124, 43.24641700834036], [76.9497948512435, 43.246442489326], [76.94979686290026, 43.246448524296284], [76.94979686290026, 43.24645321816206], [76.94980088621378, 43.24645858258009], [76.94980222731829, 43.24646461755037], [76.9498035684228, 43.24646595865488], [76.9498035684228, 43.2464699819684], [76.94980222731829, 43.2464699819684], [76.94980021566153, 43.246474005281925], [76.94979820400476, 43.24647467583418], [76.94977339357138, 43.24647467583418]]]}, "properties": {"id": 373, "class": "road", "confidence": 100.0, "source": "Almaty_9", "source_model": "unet-roads", "centroid_wkt": "POINT (76.9497722987723 43.246424079596224)", "bbox": [76.94973852485418, 43.24637409299612, 76.9498035684228, 43.24647467583418], "pixel_bbox": [3336, 3328, 3433, 3478], "area_m2": 33.048}}, {"type": "Feature", "geometry": {"type": "Polygon", "coordinates": [[[76.95316437631845, 43.24645455926657], [76.95316102355719, 43.24644986540079], [76.95315901190042, 43.246450535953045], [76.95315700024366, 43.24645321816206], [76.95314560085535, 43.246452547609806], [76.95314023643732, 43.24644986540079], [76.95312682539225, 43.246447183191776], [76.95312280207872, 43.246445171535015], [76.95310939103365, 43.246442489326], [76.95310469716787, 43.246442489326], [76.95308994501829, 43.246437795460224], [76.9530564174056, 43.24643310159445], [76.9530477002263, 43.24643310159445], [76.95304032415152, 43.24643041938543], [76.95302825421095, 43.246429078280926], [76.9530101493001, 43.24642304331064], [76.95300344377756, 43.24642304331064], [76.95299874991179, 43.24642438441515], [76.95299807935953, 43.24642304331064], [76.95299539715052, 43.24642237275839], [76.95299472659826, 43.246434442698956], [76.95298869162798, 43.2464337721467], [76.95298131555319, 43.24643511325121], [76.95296790450811, 43.24643310159445], [76.95294577628374, 43.24643310159445], [76.95293236523867, 43.24643578380346], [76.95292834192514, 43.24643846601248], [76.95292431861162, 43.24643913656473], [76.95292230695486, 43.24644114822149], [76.9529115781188, 43.24644047766924], [76.95290219038725, 43.24643511325121], [76.95290219038725, 43.2464337721467], [76.95289883762598, 43.24643041938543], [76.95289682596922, 43.246423713862896], [76.95289146155119, 43.24642036110163], [76.95289079099894, 43.246416337788105], [76.95288944989443, 43.2464149966836], [76.95288944989443, 43.24640829116106], [76.95289079099894, 43.24640695005655], [76.95289079099894, 43.24640426784754], [76.95289347320795, 43.24639890342951], [76.95290084928274, 43.246397562325], [76.9529028609395, 43.24639555066824], [76.9529028609395, 43.24639420956373], [76.95290822535753, 43.24639018625021], [76.95291426032782, 43.24639018625021], [76.95291627198458, 43.24638817459345], [76.95292096585035, 43.24638683348894], [76.9529216364026, 43.246385492384434], [76.95292364805937, 43.246385492384434], [76.95292633026838, 43.24638281017542], [76.95293571799994, 43.246380127966404], [76.95293840020895, 43.24637811630964], [76.95294041186571, 43.24637811630964], [76.95294108241796, 43.246376775205135], [76.95294309407473, 43.246376775205135], [76.95294376462698, 43.24637543410063], [76.95294577628374, 43.24637543410063], [76.95294912904501, 43.24637275189161], [76.95295449346304, 43.246371410787106], [76.9529551640153, 43.2463700696826], [76.95296455174685, 43.24636738747358], [76.95297930389643, 43.24636805802584], [76.95298600941896, 43.2463700696826], [76.95299204438925, 43.24637409299612], [76.95299472659826, 43.24637275189161], [76.95299472659826, 43.24638281017542], [76.95299606770277, 43.24638482183218], [76.95299807935953, 43.24638482183218], [76.9530014321208, 43.246387504041195], [76.95300478488207, 43.24638817459345], [76.95301283150911, 43.246392868459225], [76.95301551371813, 43.246392868459225], [76.95302288979292, 43.24639622122049], [76.9530289247632, 43.24639622122049], [76.95303227752447, 43.246394880115986], [76.95304300636053, 43.246394880115986], [76.9530463591218, 43.24639420956373], [76.9530477002263, 43.246392868459225], [76.95305909961462, 43.24639152735472], [76.95306044071913, 43.24639018625021], [76.9530637934804, 43.24639018625021], [76.95307854562998, 43.24638616293669], [76.95310268551111, 43.24638281017542], [76.95312414318323, 43.24638281017542], [76.95313420146704, 43.246385492384434], [76.95314358919859, 43.24638616293669], [76.95314761251211, 43.24638817459345], [76.9531549885869, 43.24638817459345], [76.95315565913916, 43.246389515697956], [76.95316035300493, 43.24639085680246], [76.95316035300493, 43.24639219790697], [76.95316303521395, 43.24639085680246], [76.95316303521395, 43.2463888451457], [76.95316638797522, 43.2463888451457], [76.95316638797522, 43.24645455926657], [76.95316437631845, 43.24645455926657]]]}, "properties": {"id": 374, "class": "road", "confidence": 100.0, "source": "Almaty_9", "source_model": "unet-roads", "centroid_wkt": "POINT (76.95303435720152 43.24641034221137)", "bbox": [76.95288944989443, 43.24636738747358, 76.95316638797522, 43.24645455926657], "pixel_bbox": [8035, 3358, 8448, 3488], "area_m2": 128.355}}, {"type": "Feature", "geometry": {"type": "Polygon", "coordinates": [[[76.95229534059763, 43.246416337788105], [76.95226851850748, 43.2464149966836], [76.95225644856691, 43.24641164392233], [76.95224437862635, 43.24641164392233], [76.95223297923803, 43.246408961713314], [76.95222895592451, 43.246405608952045], [76.95222761482, 43.246405608952045], [76.95222426205873, 43.24640158563852], [76.95222426205873, 43.246400244534016], [76.95222225040197, 43.24639890342951], [76.95222225040197, 43.246387504041195], [76.95222493261099, 43.24638482183218], [76.95222493261099, 43.24638348072767], [76.95223230868578, 43.24637744575739], [76.95224974304438, 43.2463700696826], [76.95228796452284, 43.24636336416006], [76.9523000344634, 43.246364034712315], [76.95230204612017, 43.24636537581682], [76.95230673998594, 43.24636537581682], [76.95230808109045, 43.246364034712315], [76.95230808109045, 43.246412985026836], [76.95229534059763, 43.246416337788105]]]}, "properties": {"id": 375, "class": "road", "confidence": 100.0, "source": "Almaty_9", "source_model": "unet-roads", "centroid_wkt": "POINT (76.95227037976419 43.246390352551835)", "bbox": [76.95222225040197, 43.24636336416006, 76.95230808109045, 43.246416337788105], "pixel_bbox": [7040, 3415, 7168, 3494], "area_m2": 33.417}}, {"type": "Feature", "geometry": {"type": "Polygon", "coordinates": [[[76.95162277668715, 43.246358670294285], [76.95162143558264, 43.24634660035372], [76.95162210613489, 43.24630368500948], [76.951640881598, 43.246303014457226], [76.95164356380701, 43.24630569666624], [76.95164356380701, 43.24630971997976], [76.95164691656828, 43.246313743293285], [76.95164758712053, 43.24631977826357], [76.95164624601603, 43.24632581323385], [76.95164490491152, 43.24632715433836], [76.95164423435926, 43.246331848204136], [76.95164021104574, 43.24633654206991], [76.95163954049349, 43.24633922427893], [76.9516335055232, 43.24634525924921], [76.95162881165743, 43.246347941458225], [76.95162881165743, 43.24634928256273], [76.95162545889616, 43.24635196477175], [76.9516247883439, 43.24635464698076], [76.9516234472394, 43.246355317533016], [76.95162277668715, 43.246358670294285]]]}, "properties": {"id": 376, "class": "road", "confidence": 100.0, "source": "Almaty_9", "source_model": "unet-roads", "centroid_wkt": "POINT (76.95163279776993 43.24632439409541)", "bbox": [76.95162143558264, 43.246303014457226, 76.95164758712053, 43.246358670294285], "pixel_bbox": [6144, 3501, 6183, 3584], "area_m2": 8.739}}, {"type": "Feature", "geometry": {"type": "Polygon", "coordinates": [[[76.95369344204664, 43.246324472129345], [76.9536867365241, 43.246322460472584], [76.95368271321058, 43.24632313102484], [76.95368137210608, 43.24631843715906], [76.95368137210608, 43.246308378875256], [76.95368271321058, 43.24630569666624], [76.95369075983763, 43.246306367218494], [76.95369478315115, 43.24630435556173], [76.9537028297782, 43.24630435556173], [76.9537041708827, 43.246303014457226], [76.95372495800257, 43.246303014457226], [76.95373501628637, 43.24630435556173], [76.95373501628637, 43.24630703777075], [76.95373635739088, 43.24630703777075], [76.95373971015215, 43.24631106108427], [76.95373971015215, 43.24631575495005], [76.95373300462961, 43.246321119368076], [76.95372696965933, 43.246322460472584], [76.95370752364397, 43.246322460472584], [76.95370215922594, 43.24632313102484], [76.95370014756918, 43.246324472129345], [76.95369344204664, 43.246324472129345]]]}, "properties": {"id": 377, "class": "road", "confidence": 100.0, "source": "Almaty_9", "source_model": "unet-roads", "centroid_wkt": "POINT (76.95370998589722 43.24631305560662)", "bbox": [76.95368137210608, 43.246303014457226, 76.95373971015215, 43.246324472129345], "pixel_bbox": [9216, 3552, 9303, 3584], "area_m2": 9.42}}, {"type": "Feature", "geometry": {"type": "Polygon", "coordinates": [[[76.94851476699114, 43.24633453041315], [76.94849263876677, 43.24632380157709], [76.94846514612436, 43.24631575495005], [76.94846246391535, 43.24631307274103], [76.94846246391535, 43.24631039053202], [76.94846112281084, 43.24631039053202], [76.94846045225859, 43.24630904942751], [76.94845709949732, 43.24630904942751], [76.94845642894506, 43.246307708323], [76.94845173507929, 43.246306367218494], [76.94844905287027, 43.24630435556173], [76.94846112281084, 43.246303014457226], [76.94853153079748, 43.246303014457226], [76.94853153079748, 43.24633318930864], [76.94851476699114, 43.24633453041315]]]}, "properties": {"id": 378, "class": "road", "confidence": 100.0, "source": "Almaty_9", "source_model": "unet-roads", "centroid_wkt": "POINT (76.94850146345225 43.246314810584366)", "bbox": [76.94844905287027, 43.246303014457226, 76.94853153079748, 43.24633453041315], "pixel_bbox": [1413, 3537, 1536, 3584], "area_m2": 14.82}}, {"type": "Feature", "geometry": {"type": "Polygon", "coordinates": [[[76.94860998541117, 43.246321119368076], [76.94860596209764, 43.24631977826357], [76.94860126823187, 43.24632044881582], [76.94859523326159, 43.24631843715906], [76.9485878571868, 43.24631843715906], [76.94857981055975, 43.2463164255023], [76.94857645779848, 43.24631307274103], [76.94857444614172, 43.246307708323], [76.9485717639327, 43.24630703777075], [76.9485704228282, 43.24630435556173], [76.94857578724623, 43.246303014457226], [76.948625408113, 43.246303014457226], [76.94863546639681, 43.24630435556173], [76.9486341252923, 43.246306367218494], [76.94863144308329, 43.246306367218494], [76.94863077253103, 43.246307708323], [76.94862943142653, 43.246307708323], [76.94862943142653, 43.24631441384554], [76.94862607866526, 43.246317096054554], [76.94862205535173, 43.246319107711315], [76.94860998541117, 43.246321119368076]]]}, "properties": {"id": 379, "class": "road", "confidence": 100.0, "source": "Almaty_9", "source_model": "unet-roads", "centroid_wkt": "POINT (76.94860344459327 43.24631036449256)", "bbox": [76.9485704228282, 43.246303014457226, 76.94863546639681, 43.246321119368076], "pixel_bbox": [1594, 3557, 1691, 3584], "area_m2": 7.844}}, {"type": "Feature", "geometry": {"type": "Polygon", "coordinates": [[[76.95183869451284, 43.246544413268566], [76.95183534175158, 43.24654307216406], [76.95182461291552, 43.246542401611805], [76.95181589573622, 43.246537037193775], [76.95181455463171, 43.24653368443251], [76.95180986076593, 43.24652899056673], [76.95180986076593, 43.2465236261487], [76.95180650800467, 43.24651625007391], [76.9518044963479, 43.2465149089694], [76.9518031552434, 43.246511556208134], [76.95179309695959, 43.24650149792433], [76.95179309695959, 43.24647467583418], [76.95178370922804, 43.24647467583418], [76.95178505033255, 43.246468640863895], [76.95178907364607, 43.246463276445866], [76.95178907364607, 43.24646193534136], [76.95179108530283, 43.24646059423685], [76.95179309695959, 43.24645522981882], [76.95179242640734, 43.24637744575739], [76.95178236812353, 43.246376775205135], [76.95178102701902, 43.246374763548374], [76.95177834481001, 43.24637409299612], [76.95177633315325, 43.24637208133936], [76.95177365094423, 43.246364034712315], [76.95177230983973, 43.246364034712315], [76.95177230983973, 43.24636269360781], [76.95176962763071, 43.24636001139879], [76.9517682865262, 43.24636001139879], [76.9517682865262, 43.246358670294285], [76.9517669454217, 43.246358670294285], [76.9517669454217, 43.24635732918978], [76.95176426321268, 43.246355317533016], [76.95176292210817, 43.24635196477175], [76.95176023989916, 43.246351294219494], [76.9517595693469, 43.24634861201048], [76.95175353437662, 43.246342577040195], [76.95175219327211, 43.24633855372667], [76.95174884051085, 43.246335200965405], [76.95174749940634, 43.246331848204136], [76.95173341780901, 43.24631776660681], [76.95173341780901, 43.24631106108427], [76.95173610001802, 43.246307708323], [76.9517320767045, 43.246306367218494], [76.9517307356, 43.24630435556173], [76.9517407938838, 43.246303014457226], [76.95179309695959, 43.246303014457226], [76.95180047303438, 43.24630167335272], [76.9518132135272, 43.246303014457226], [76.951865516603, 43.246303014457226], [76.95187222212553, 43.24630435556173], [76.95187222212553, 43.24630569666624], [76.95187088102102, 43.24630569666624], [76.95186886936426, 43.246307708323], [76.95186886936426, 43.24630971997976], [76.95187021046877, 43.24630971997976], [76.95187021046877, 43.24631106108427], [76.95187289267778, 43.24631240218878], [76.95187289267778, 43.246317096054554], [76.95187155157328, 43.24631843715906], [76.95187155157328, 43.246321119368076], [76.95187021046877, 43.24632178992033], [76.95186886936426, 43.24632581323385], [76.95186484605074, 43.24632916599512], [76.95186417549849, 43.246331848204136], [76.95186216384172, 43.24633318930864], [76.95186082273722, 43.24633989483118], [76.95185881108046, 43.24634190648794], [76.9518581405282, 43.246345929801464], [76.95185545831919, 43.24635062366724], [76.95185545831919, 43.246353305876255], [76.95185411721468, 43.24635397642851], [76.95185411721468, 43.246356658637524], [76.95185277611017, 43.24635799974203], [76.95185277611017, 43.246360681951046], [76.95185143500566, 43.2463613525033], [76.95184875279665, 43.24637275189161], [76.95184875279665, 43.24638616293669], [76.95185076445341, 43.24639018625021], [76.95185076445341, 43.246392868459225], [76.95185411721468, 43.246398232877254], [76.95185411721468, 43.246400244534016], [76.95185948163271, 43.24640493839979], [76.95185948163271, 43.2464062795043], [76.95186216384172, 43.246408961713314], [76.95186283439398, 43.24641164392233], [76.95186484605074, 43.246412985026836], [76.95186484605074, 43.2464149966836], [76.95186752825975, 43.24641767889261], [76.95186752825975, 43.246419690549374], [76.95186953991652, 43.24642103165388], [76.95187021046877, 43.24642438441515], [76.95187155157328, 43.24642572551966], [76.9518755748868, 43.24644584208727], [76.9518755748868, 43.24645522981882], [76.9518769159913, 43.246455900371075], [76.95187825709581, 43.2464599236846], [76.95187825709581, 43.24646595865488], [76.95187959820032, 43.24646729975939], [76.95188026875257, 43.24647333472967], [76.95187825709581, 43.24647467583418], [76.95186015218496, 43.24647467583418], [76.95186015218496, 43.246479369699955], [76.95186216384172, 43.246484734117985], [76.95186216384172, 43.246492110192776], [76.95186082273722, 43.24649479240179], [76.95186082273722, 43.24649881571531], [76.95185948163271, 43.24650015681982], [76.95185948163271, 43.24650350958109], [76.9518567994237, 43.24650887399912], [76.95185612887144, 43.246513567864895], [76.95185411721468, 43.246515579521656], [76.95185277611017, 43.24651960283518], [76.95185143500566, 43.24652027338743], [76.95185143500566, 43.246529661118984], [76.95184875279665, 43.24653368443251], [76.95184875279665, 43.24653837829828], [76.95184271782637, 43.24654374271631], [76.95183869451284, 43.246544413268566]]]}, "properties": {"id": 380, "class": "road", "confidence": 100.0, "source": "Almaty_9", "source_model": "unet-roads", "centroid_wkt": "POINT (76.95182012236542 43.246404299654195)", "bbox": [76.9517307356, 43.24630167335272, 76.95188026875257, 43.246544413268566], "pixel_bbox": [6307, 3224, 6530, 3586], "area_m2": 170.774}}, {"type": "Feature", "geometry": {"type": "Polygon", "coordinates": [[[76.9527231529355, 43.246303014457226], [76.95271108299494, 43.24630033224821], [76.95271041244268, 43.24629697948694], [76.95271510630846, 43.24629429727793], [76.95272650569677, 43.24629295617342], [76.95277813822031, 43.246292285621166], [76.9527855142951, 43.24629496783018], [76.95278618484735, 43.24629697948694], [76.95278752595186, 43.24629697948694], [76.95279087871313, 43.24630033224821], [76.95279356092215, 43.24630033224821], [76.95279356092215, 43.24630167335272], [76.95279691368341, 43.24630234390497], [76.9527231529355, 43.246303014457226]]]}, "properties": {"id": 381, "class": "road", "confidence": 100.0, "source": "Almaty_9", "source_model": "unet-roads", "centroid_wkt": "POINT (76.95275143141203 43.24629754410725)", "bbox": [76.95271041244268, 43.246292285621166, 76.95279691368341, 43.246303014457226], "pixel_bbox": [7768, 3584, 7897, 3600], "area_m2": 6.692}}, {"type": "Feature", "geometry": {"type": "Polygon", "coordinates": [[[76.95105079561472, 43.246303014457226], [76.95104945451021, 43.24630167335272], [76.95105079561472, 43.246301002800465], [76.95105012506247, 43.2462989911437], [76.9510467723012, 43.24629630893469], [76.95104744285345, 43.2462889328599], [76.95105079561472, 43.246284909546375], [76.95105079561472, 43.24628356844187], [76.95105481892824, 43.246279545128345], [76.9510642066598, 43.24627552181482], [76.9510655477643, 43.24627283960581], [76.95107493549585, 43.24627283960581], [76.9510843232274, 43.24627820402384], [76.9510843232274, 43.246279545128345], [76.95108566433191, 43.246279545128345], [76.95109236985445, 43.246286921203136], [76.95109572261572, 43.24629966169596], [76.95109572261572, 43.246301002800465], [76.95109102874994, 43.246303014457226], [76.95105079561472, 43.246303014457226]]]}, "properties": {"id": 382, "class": "road", "confidence": 100.0, "source": "Almaty_9", "source_model": "unet-roads", "centroid_wkt": "POINT (76.95107130424158 43.24628980761978)", "bbox": [76.9510467723012, 43.24627283960581, 76.95109572261572, 43.246303014457226], "pixel_bbox": [5287, 3584, 5360, 3629], "area_m2": 10.284}}, {"type": "Feature", "geometry": {"type": "Polygon", "coordinates": [[[76.95329245179892, 43.246303014457226], [76.95329312235117, 43.24630033224821], [76.95328574627638, 43.2462989911437], [76.95328440517187, 43.24629630893469], [76.95328440517187, 43.24629295617342], [76.95329044014215, 43.24628759175539], [76.95330251008272, 43.24628423899412], [76.9533072039485, 43.24628155678511], [76.95331793278456, 43.2462802156806], [76.95332664996386, 43.24627619236708], [76.95333134382963, 43.24627552181482], [76.95333268493414, 43.246274180710316], [76.95333603769541, 43.24627485126257], [76.95333804935217, 43.246272169053555], [76.95335011929274, 43.24627485126257], [76.95335481315851, 43.246277533471584], [76.95336285978556, 43.246279545128345], [76.95336554199457, 43.24628155678511], [76.95337694138288, 43.24628423899412], [76.95337828248739, 43.24628558009863], [76.95338163524866, 43.24628625065088], [76.95338431745768, 43.2462889328599], [76.95338767021894, 43.24628960341215], [76.95339169353247, 43.246293626725674], [76.95339169353247, 43.246297650039196], [76.95339035242796, 43.2462989911437], [76.95338632911444, 43.24629966169596], [76.95338565856218, 43.246301002800465], [76.95338699966669, 43.24630234390497], [76.95338498800993, 43.246303014457226], [76.95329245179892, 43.246303014457226]]]}, "properties": {"id": 383, "class": "road", "confidence": 100.0, "source": "Almaty_9", "source_model": "unet-roads", "centroid_wkt": "POINT (76.95333866387644 43.246290897626665)", "bbox": [76.95328440517187, 43.246272169053555, 76.95339169353247, 43.246303014457226], "pixel_bbox": [8624, 3584, 8784, 3630], "area_m2": 20.591}}, {"type": "Feature", "geometry": {"type": "Polygon", "coordinates": [[[76.95247907191515, 43.246303014457226], [76.95238720625639, 43.24630234390497], [76.95238720625639, 43.24630033224821], [76.95238385349512, 43.246297650039196], [76.95238318294287, 43.246293626725674], [76.95238452404737, 43.24628558009863], [76.95239190012217, 43.24627082794905], [76.95239391177893, 43.246268816292286], [76.95239458233118, 43.246264792978764], [76.95239659398794, 43.246261440217495], [76.95239659398794, 43.24625473469496], [76.95239927619696, 43.24624802917242], [76.95240128785372, 43.24624735862017], [76.9524059817195, 43.246237970888615], [76.95241067558527, 43.24623394757509], [76.95241268724203, 43.24622992426157], [76.95241805166006, 43.246225230395794], [76.95242274552584, 43.24622388929129], [76.95242408663034, 43.24622254818678], [76.95243012160063, 43.246221877634525], [76.95243280380964, 43.246219865977764], [76.95243950933218, 43.24621852487326], [76.95244956761599, 43.24621852487326], [76.95246566087008, 43.24621517211199], [76.95246834307909, 43.24621517211199], [76.9524710252881, 43.246216513216496], [76.9524710252881, 43.246217854321], [76.95247236639261, 43.24621718376875], [76.95247303694487, 43.24621852487326], [76.95247504860163, 43.24621852487326], [76.95247773081064, 43.24621383100748], [76.9524797424674, 43.246214501559734], [76.95248041301966, 43.24629094451666], [76.95248108357191, 43.24628625065088], [76.95248242467642, 43.246290273964405], [76.95248242467642, 43.24628423899412], [76.95248510688543, 43.24628423899412], [76.95248510688543, 43.246282897889614], [76.95248778909445, 43.24628155678511], [76.95250455290079, 43.246282897889614], [76.95251125842333, 43.2462802156806], [76.95252265781164, 43.24627887457609], [76.95252869278193, 43.24628088623285], [76.95253875106573, 43.24628960341215], [76.95254076272249, 43.24628960341215], [76.95254277437925, 43.24629161506891], [76.95254612714052, 43.246292285621166], [76.95254880934954, 43.24629697948694], [76.95256490260363, 43.24629496783018], [76.95257093757391, 43.24629161506891], [76.95258501917124, 43.246288262307644], [76.95259038358927, 43.2462889328599], [76.95259172469378, 43.246290273964405], [76.95259977132082, 43.246290273964405], [76.95260312408209, 43.246292285621166], [76.95261050015688, 43.246292285621166], [76.95261251181364, 43.24629429727793], [76.95261251181364, 43.246297650039196], [76.95260982960463, 43.2462989911437], [76.95260781794786, 43.2462989911437], [76.95260647684336, 43.24630033224821], [76.95260245352983, 43.24630033224821], [76.95260044187307, 43.2462989911437], [76.95259373635054, 43.2462989911437], [76.95259306579828, 43.24630033224821], [76.95259507745504, 43.24630234390497], [76.95259105414152, 43.246303014457226], [76.95256892591715, 43.24630234390497], [76.95256557315588, 43.24630167335272], [76.95256356149912, 43.2462989911437], [76.95255886763334, 43.24629832059145], [76.95254478603601, 43.2462989911437], [76.95254478603601, 43.24630167335272], [76.95254076272249, 43.246303014457226], [76.95249248296022, 43.246303014457226], [76.9524884596467, 43.24630167335272], [76.95248108357191, 43.24630167335272], [76.95248041301966, 43.24630033224821], [76.95247907191515, 43.246303014457226]], [[76.9524797424674, 43.246297650039196], [76.95248108357191, 43.24629697948694], [76.95248108357191, 43.24629161506891], [76.9524797424674, 43.24629161506891], [76.9524797424674, 43.246297650039196]]]}, "properties": {"id": 384, "class": "road", "confidence": 100.0, "source": "Almaty_9", "source_model": "unet-roads", "centroid_wkt": "POINT (76.95245862122752 43.24626970537697)", "bbox": [76.95238318294287, 43.24621383100748, 76.95261251181364, 43.246303014457226], "pixel_bbox": [7280, 3584, 7622, 3717], "area_m2": 79.221}}, {"type": "Feature", "geometry": {"type": "Polygon", "coordinates": [[[76.94997858256102, 43.246303014457226], [76.94997388869524, 43.24630033224821], [76.94997388869524, 43.24629832059145], [76.94997187703848, 43.246297650039196], [76.94996852427721, 43.24629161506891], [76.94996383041143, 43.246290273964405], [76.94995980709791, 43.24628759175539], [76.94995645433664, 43.24628759175539], [76.94995108991861, 43.246284909546375], [76.94995041936636, 43.24628356844187], [76.94994572550058, 43.246282897889614], [76.94994505494833, 43.24628155678511], [76.94994036108255, 43.2462802156806], [76.94993633776903, 43.24627619236708], [76.94992829114199, 43.246272169053555], [76.94992426782846, 43.24626814574003], [76.94992426782846, 43.246266804635525], [76.94991689175367, 43.24626009911299], [76.94991555064917, 43.24625741690397], [76.94991555064917, 43.24624735862017], [76.94991420954466, 43.246239982545376], [76.94991555064917, 43.24623730033636], [76.94991756230593, 43.24623730033636], [76.94991890341043, 43.24623595923185], [76.9499209150672, 43.24623126536608], [76.94992627948523, 43.24622590094805], [76.94993298500776, 43.24622321873903], [76.94993365556002, 43.246221877634525], [76.94993767887354, 43.246219865977764], [76.94994505494833, 43.246217854321], [76.9499497488141, 43.246214501559734], [76.94997321814299, 43.24620980769396], [76.94997992366552, 43.24620980769396], [76.9500107690692, 43.24621852487326], [76.95003893226385, 43.24621852487326], [76.95004630833864, 43.24622053653002], [76.95005234330893, 43.24622053653002], [76.95007044821978, 43.2462265715003], [76.95007313042879, 43.24622590094805], [76.95007380098104, 43.24622455984354], [76.95007648319006, 43.24622455984354], [76.95007648319006, 43.24625138193369], [76.9500744715333, 43.24625205248594], [76.95007044821978, 43.24625138193369], [76.95007044821978, 43.2462527230382], [76.95006910711527, 43.24625339359045], [76.9500556960702, 43.24625205248594], [76.95004161447287, 43.24625205248594], [76.95003356784582, 43.246254064142704], [76.95001881569624, 43.246254064142704], [76.95001278072596, 43.24625205248594], [76.9499859586358, 43.24625138193369], [76.94998260587454, 43.2462527230382], [76.94997858256102, 43.2462527230382], [76.94996785372496, 43.246258087456226], [76.94996852427721, 43.246264792978764], [76.94997120648623, 43.24626747518778], [76.94997187703848, 43.24627015739679], [76.94997925311327, 43.24627485126257], [76.9500020518899, 43.24627619236708], [76.95000674575567, 43.24627485126257], [76.95001278072596, 43.24627485126257], [76.95002216845751, 43.246272169053555], [76.95003155618906, 43.246272169053555], [76.95004899054766, 43.246277533471584], [76.95006508380175, 43.2462802156806], [76.95006776601076, 43.24628155678511], [76.95006843656301, 43.24628423899412], [76.95006977766752, 43.246284909546375], [76.95006977766752, 43.246288262307644], [76.95006910711527, 43.24628960341215], [76.95006776601076, 43.24628960341215], [76.95006776601076, 43.24629161506891], [76.95006642490625, 43.24629161506891], [76.95006441324949, 43.24629496783018], [76.95004228502512, 43.246303014457226], [76.94997858256102, 43.246303014457226]]]}, "properties": {"id": 385, "class": "road", "confidence": 100.0, "source": "Almaty_9", "source_model": "unet-roads", "centroid_wkt": "POINT (76.949994214175 43.246254073572025)", "bbox": [76.94991420954466, 43.24620980769396, 76.95007648319006, 43.246303014457226], "pixel_bbox": [3598, 3584, 3840, 3723], "area_m2": 85.759}}, {"type": "Feature", "geometry": {"type": "Polygon", "coordinates": [[[76.94784488528967, 43.246303014457226], [76.94784488528967, 43.24629429727793], [76.9478401914239, 43.246290273964405], [76.94783482700586, 43.24627619236708], [76.94783482700586, 43.246264792978764], [76.9478401914239, 43.24625138193369], [76.94784488528967, 43.246245346963406], [76.94784488528967, 43.2461990788579], [76.94784622639418, 43.24619438499212], [76.94784890860319, 43.24619438499212], [76.94784890860319, 43.24619572609663], [76.94785293191671, 43.24619773775339], [76.947858966887, 43.24619706720114], [76.94786500185728, 43.2461990788579], [76.94786701351404, 43.24620310217142], [76.94786835461855, 43.24620310217142], [76.94787103682756, 43.246205784380436], [76.94787438958883, 43.24621248990297], [76.94787975400686, 43.24621852487326], [76.94788109511137, 43.24622254818678], [76.94788109511137, 43.246227242052555], [76.94788310676813, 43.246232606470585], [76.94788310676813, 43.246237970888615], [76.94788578897715, 43.24624668806791], [76.94788713008165, 43.24626546353102], [76.94788444787264, 43.24627619236708], [76.94788444787264, 43.24628759175539], [76.94788310676813, 43.246290273964405], [76.94788310676813, 43.24629496783018], [76.94787975400686, 43.24630234390497], [76.94784488528967, 43.246303014457226]]]}, "properties": {"id": 386, "class": "road", "confidence": 100.0, "source": "Almaty_9", "source_model": "unet-roads", "centroid_wkt": "POINT (76.94786209620241 43.24625415302243)", "bbox": [76.94783482700586, 43.24619438499212, 76.94788713008165, 43.246303014457226], "pixel_bbox": [497, 3584, 575, 3746], "area_m2": 38.01}}, {"type": "Feature", "geometry": {"type": "Polygon", "coordinates": [[[76.94801788777113, 43.24622992426157], [76.94801654666662, 43.24622053653002], [76.94801721721888, 43.24617560952902], [76.94801855832338, 43.246174938976765], [76.94802056998014, 43.246176950633526], [76.94802325218916, 43.246174938976765], [76.9480312988162, 43.246174938976765], [76.94803666323423, 43.24617762118578], [76.9480400159955, 43.24618097394705], [76.94804068654776, 43.24618432670832], [76.94804269820452, 43.24618499726057], [76.94804538041353, 43.24618835002184], [76.94804538041353, 43.246193043887615], [76.94804672151804, 43.24619371443987], [76.94804806262255, 43.24619773775339], [76.9480473920703, 43.246209137141705], [76.94804605096579, 43.24621248990297], [76.94804403930902, 43.24621383100748], [76.94804269820452, 43.246217854321], [76.94803398102522, 43.24622590094805], [76.94802928715944, 43.24622791260481], [76.94802593439817, 43.24622791260481], [76.94802325218916, 43.246229253709316], [76.9480212405324, 43.24622858315706], [76.94802056998014, 43.24622992426157], [76.94801788777113, 43.24622992426157]]]}, "properties": {"id": 387, "class": "road", "confidence": 100.0, "source": "Almaty_9", "source_model": "unet-roads", "centroid_wkt": "POINT (76.94803065902123 43.24620125538966)", "bbox": [76.94801654666662, 43.246174938976765, 76.94804806262255, 43.24622992426157], "pixel_bbox": [768, 3693, 815, 3775], "area_m2": 12.471}}, {"type": "Feature", "geometry": {"type": "Polygon", "coordinates": [[[76.95074502378702, 43.246303014457226], [76.95074837654829, 43.246301002800465], [76.95074703544378, 43.246301002800465], [76.95074703544378, 43.24629966169596], [76.95074502378702, 43.24629966169596], [76.95073965936899, 43.24628356844187], [76.95073563605547, 43.24628155678511], [76.95073362439871, 43.246277533471584], [76.95073362439871, 43.246274180710316], [76.95073563605547, 43.24627015739679], [76.95073630660772, 43.24626546353102], [76.95073630660772, 43.24624802917242], [76.95073362439871, 43.24624199420214], [76.9507322832942, 43.24623394757509], [76.9507309421897, 43.24623327702284], [76.95073027163744, 43.24622791260481], [76.9507309421897, 43.246221877634525], [76.95072960108519, 43.24621383100748], [76.9507309421897, 43.24619773775339], [76.9507322832942, 43.24619438499212], [76.95073362439871, 43.24619371443987], [76.95073429495096, 43.24618969112635], [76.95073630660772, 43.24618700891733], [76.95073898881674, 43.24617829173803], [76.95074435323477, 43.24617292732], [76.95074502378702, 43.24617091566324], [76.95074837654829, 43.246169574558735], [76.95075307041407, 43.24617024511099], [76.95075508207083, 43.246167562901974], [76.95076178759336, 43.24617024511099], [76.95076312869787, 43.246167562901974], [76.95076312869787, 43.246301002800465], [76.9507597759366, 43.24630167335272], [76.95076245814562, 43.246303014457226], [76.95074502378702, 43.246303014457226]], [[76.95075709372759, 43.24630234390497], [76.9507584348321, 43.24630234390497], [76.9507584348321, 43.246301002800465], [76.95075776427984, 43.246301002800465], [76.95075709372759, 43.24630234390497]]]}, "properties": {"id": 388, "class": "road", "confidence": 100.0, "source": "Almaty_9", "source_model": "unet-roads", "centroid_wkt": "POINT (76.95074928685887 43.246233555742904)", "bbox": [76.95072960108519, 43.246167562901974, 76.95076312869787, 43.246303014457226], "pixel_bbox": [4814, 3584, 4864, 3786], "area_m2": 33.166}}, {"type": "Feature", "geometry": {"type": "Polygon", "coordinates": [[[76.95586737245321, 43.2461903616786], [76.9558559730649, 43.246187679469585], [76.95585194975138, 43.24618432670832], [76.95585060864687, 43.24618432670832], [76.95584859699011, 43.2461816444993], [76.9558459147811, 43.246180303394794], [76.95584055036306, 43.24617091566324], [76.95584055036306, 43.24616689234972], [76.95584189146757, 43.24616555124521], [76.95584189146757, 43.24616353958845], [76.95584457367659, 43.24616152793169], [76.95584524422884, 43.246158845722675], [76.95585060864687, 43.246153481304646], [76.9558559730649, 43.24615079909563], [76.9558646902442, 43.24615012854338], [76.95586871355772, 43.24615214020014], [76.95586938410997, 43.246153481304646], [76.95587206631899, 43.2461541518569], [76.95587743073702, 43.24615951627493], [76.95587743073702, 43.24616152793169], [76.95587877184153, 43.246162198483944], [76.95587877184153, 43.246164210140705], [76.95588011294603, 43.24616488069296], [76.95588011294603, 43.24616689234972], [76.9558821246028, 43.24617024511099], [76.95588279515505, 43.24617896229029], [76.95588011294603, 43.246185667812824], [76.955874748528, 43.24618969112635], [76.95586737245321, 43.2461903616786]]]}, "properties": {"id": 389, "class": "road", "confidence": 100.0, "source": "Almaty_9", "source_model": "unet-roads", "centroid_wkt": "POINT (76.95586283922805 43.24617031320079)", "bbox": [76.95584055036306, 43.24615012854338, 76.95588279515505, 43.2461903616786], "pixel_bbox": [12436, 3752, 12499, 3812], "area_m2": 11.307}}, {"type": "Feature", "geometry": {"type": "Polygon", "coordinates": [[[76.9538751617074, 43.24616890400648], [76.95386979728937, 43.24616689234972], [76.9538664445281, 43.24616353958845], [76.95386577397585, 43.24616018682718], [76.95386778563261, 43.246156834065914], [76.95386711508036, 43.2461541518569], [76.95386979728937, 43.24615012854338], [76.95387046784163, 43.246146105229855], [76.95387784391642, 43.24614208191633], [76.95387918502092, 43.24614476412535], [76.95388052612543, 43.24614409357309], [76.95388320833445, 43.2461454346776], [76.95388320833445, 43.24614677578211], [76.95388454943895, 43.24614677578211], [76.95388521999121, 43.24615079909563], [76.95388656109571, 43.246151469647884], [76.95388656109571, 43.24615951627493], [76.95388052612543, 43.246167562901974], [76.9538751617074, 43.24616890400648]]]}, "properties": {"id": 390, "class": "road", "confidence": 100.0, "source": "Almaty_9", "source_model": "unet-roads", "centroid_wkt": "POINT (76.95387689546558 43.24615589696308)", "bbox": [76.95386577397585, 43.24614208191633, 76.95388656109571, 43.24616890400648], "pixel_bbox": [9491, 3784, 9522, 3824], "area_m2": 3.556}}, {"type": "Feature", "geometry": {"type": "Polygon", "coordinates": [[[76.95383492857218, 43.246232606470585], [76.95381950587034, 43.24622992426157], [76.9538128003478, 43.2462265715003], [76.95381011813879, 43.2462265715003], [76.95380944758654, 43.246225230395794], [76.95379938930273, 43.24622321873903], [76.95379871875048, 43.246221877634525], [76.95379670709372, 43.246221877634525], [76.95379201322794, 43.246217854321], [76.95379067212343, 43.246217854321], [76.95378731936216, 43.24621181935072], [76.95378731936216, 43.24620511382818], [76.95379000157118, 43.2461990788579], [76.95379804819822, 43.246195055544376], [76.9538040831685, 43.2461903616786], [76.95380676537752, 43.24618969112635], [76.95380944758654, 43.24618700891733], [76.95381212979555, 43.24618633836508], [76.95381414145231, 43.24618365615606], [76.95381816476583, 43.2461816444993], [76.9538201764226, 43.24617762118578], [76.9538215175271, 43.246176950633526], [76.95382218807936, 43.246169574558735], [76.9538201764226, 43.246164210140705], [76.95381749421358, 43.246162198483944], [76.95381615310907, 43.24615951627493], [76.95381481200457, 43.24615951627493], [76.95381078869104, 43.24615549296141], [76.95380542427301, 43.24615281075239], [76.95380542427301, 43.246151469647884], [76.953802742064, 43.24614878743887], [76.953802742064, 43.246146105229855], [76.95380475372076, 43.24614409357309], [76.95380609482527, 43.24614409357309], [76.95380542427301, 43.246142752468586], [76.95380676537752, 43.24614141136408], [76.9538114592433, 43.246138729155064], [76.95381615310907, 43.24613805860281], [76.95381615310907, 43.24613604694605], [76.9538040831685, 43.24613403528929], [76.9538040831685, 43.246132023632526], [76.95385236293077, 43.24613135308027], [76.95385370403528, 43.246200419962406], [76.95386711508036, 43.2461990788579], [76.95387784391642, 43.24619974941015], [76.95388454943895, 43.24620310217142], [76.95388454943895, 43.24620444327593], [76.95388589054346, 43.24620444327593], [76.95388991385698, 43.24620846658945], [76.95388991385698, 43.24621047824621], [76.95389125496149, 43.24621047824621], [76.95389192551374, 43.24621181935072], [76.95389125496149, 43.246219865977764], [76.95388857275248, 43.24622321873903], [76.95388723164797, 43.24622321873903], [76.95388521999121, 43.246225230395794], [76.95387113839388, 43.24622791260481], [76.95385504513979, 43.24622791260481], [76.95385303348303, 43.246229253709316], [76.95385303348303, 43.246232606470585], [76.95385169237852, 43.24623193591833], [76.95385169237852, 43.246230594813824], [76.95385035127401, 43.246230594813824], [76.95384833961725, 43.246232606470585], [76.95383492857218, 43.246232606470585]]]}, "properties": {"id": 391, "class": "road", "confidence": 100.0, "source": "Almaty_9", "source_model": "unet-roads", "centroid_wkt": "POINT (76.95383585164753 43.24618954834079)", "bbox": [76.95378731936216, 43.24613135308027, 76.95389192551374, 43.246232606470585], "pixel_bbox": [9374, 3689, 9530, 3840], "area_m2": 51.146}}, {"type": "Feature", "geometry": {"type": "Polygon", "coordinates": [[[76.95299472659826, 43.246303014457226], [76.95294175297022, 43.24630234390497], [76.95294108241796, 43.246301002800465], [76.95295449346304, 43.24630033224821], [76.9529565051198, 43.24629966169596], [76.9529565051198, 43.246297650039196], [76.95295382291079, 43.24629697948694], [76.95295382291079, 43.246295638382435], [76.95295248180628, 43.246295638382435], [76.95295181125402, 43.24629429727793], [76.9529390707612, 43.246288262307644], [76.9529377296567, 43.24628625065088], [76.95293504744768, 43.24628558009863], [76.9529290124774, 43.2462802156806], [76.95292633026838, 43.246279545128345], [76.95292565971613, 43.24627820402384], [76.95292297750711, 43.246277533471584], [76.95292230695486, 43.24627619236708], [76.95291962474585, 43.24627552181482], [76.95291895419359, 43.246274180710316], [76.95291358977556, 43.2462714985013], [76.95291358977556, 43.24627015739679], [76.95291224867105, 43.24627015739679], [76.95290420204401, 43.24626211076975], [76.95290420204401, 43.24626076966524], [76.9529028609395, 43.24626076966524], [76.9529028609395, 43.246259428560734], [76.95289950817823, 43.24625674635172], [76.95289682596922, 43.24625205248594], [76.95289481431246, 43.24625138193369], [76.9528941437602, 43.246248699724674], [76.95289079099894, 43.24624601751566], [76.95289079099894, 43.24624467641115], [76.95288810878992, 43.246243335306644], [76.9528854265809, 43.246237970888615], [76.9528854265809, 43.24623193591833], [76.95288944989443, 43.24622254818678], [76.95289079099894, 43.24622254818678], [76.95289481431246, 43.24621718376875], [76.95289615541697, 43.24621718376875], [76.95289749652147, 43.24621517211199], [76.95289883762598, 43.24621517211199], [76.95290017873049, 43.24621316045523], [76.9529028609395, 43.24621248990297], [76.95290956646204, 43.24620712548494], [76.95291761308908, 43.24620310217142], [76.95293169468641, 43.2461990788579], [76.9529377296567, 43.24619438499212], [76.95294108241796, 43.24619438499212], [76.95294979959726, 43.246191032230854], [76.95295851677656, 43.24618969112635], [76.95296455174685, 43.24618633836508], [76.95297058671713, 43.24617762118578], [76.95296991616488, 43.24617091566324], [76.95296589285135, 43.2461628690362], [76.95296455174685, 43.2461628690362], [76.95296321064234, 43.24616085737944], [76.95296052843332, 43.24616018682718], [76.9529551640153, 43.24615616351366], [76.95294845849276, 43.24615482240915], [76.95294711738825, 43.24615281075239], [76.95294443517923, 43.24615214020014], [76.9529390707612, 43.24614744633436], [76.9529377296567, 43.24614744633436], [76.9529377296567, 43.246142752468586], [76.95294309407473, 43.24613805860281], [76.95294443517923, 43.246138729155064], [76.95294510573149, 43.24613604694605], [76.95294242352247, 43.24613604694605], [76.95294175297022, 43.24613470584154], [76.95293303579092, 43.24613403528929], [76.9529303535819, 43.24613269418478], [76.95295047014952, 43.24613135308027], [76.95297461003065, 43.24613135308027], [76.95297461003065, 43.24612934142351], [76.95297796279192, 43.24612867087126], [76.95297997444868, 43.2461266592145], [76.95297997444868, 43.24612531810999], [76.9529826566577, 43.24612330645323], [76.9529826566577, 43.24612196534872], [76.95298533886671, 43.24612062424421], [76.95299338549376, 43.24612330645323], [76.95299472659826, 43.2461179420352], [76.95299539715052, 43.24618365615606], [76.95300411432981, 43.24618097394705], [76.95300612598658, 43.24617896229029], [76.95300746709108, 43.246174938976765], [76.95301283150911, 43.24617292732], [76.95301283150911, 43.24617024511099], [76.95301417261362, 43.24617024511099], [76.95301484316587, 43.24616823345423], [76.95301752537489, 43.246166221797466], [76.95301752537489, 43.24616152793169], [76.95301484316587, 43.24615817517042], [76.95301350206137, 43.2461541518569], [76.95301216095686, 43.246153481304646], [76.95301081985235, 43.24614945799112], [76.9530114904046, 43.246142752468586], [76.95301283150911, 43.246142752468586], [76.95301283150911, 43.24614141136408], [76.95301551371813, 43.24614007025957], [76.95301953703165, 43.24613939970732], [76.95302691310644, 43.24613939970732], [76.95303361862898, 43.24614141136408], [76.95303428918123, 43.246142752468586], [76.95304099470377, 43.246146105229855], [76.95304233580828, 43.24614878743887], [76.95304367691278, 43.24614878743887], [76.95304501801729, 43.24615281075239], [76.95304904133081, 43.24615750461817], [76.95305038243532, 43.2461628690362], [76.95305574685335, 43.24616823345423], [76.95305574685335, 43.246169574558735], [76.95305708795786, 43.246169574558735], [76.95305977016687, 43.24617225676775], [76.95305977016687, 43.24617359787226], [76.9530637934804, 43.246176950633526], [76.95306580513716, 43.24618097394705], [76.95306915789843, 43.24618365615606], [76.95307184010744, 43.24619170278311], [76.95307318121195, 43.24619170278311], [76.9530738517642, 43.24619371443987], [76.95307854562998, 43.246198408305645], [76.95307921618223, 43.24620243161917], [76.953081227839, 43.24620444327593], [76.9530825689435, 43.246211148798466], [76.9530825689435, 43.24622053653002], [76.95307720452547, 43.24623126536608], [76.95307452231646, 43.246232606470585], [76.95307452231646, 43.24623394757509], [76.95307049900293, 43.246237970888615], [76.95306915789843, 43.246237970888615], [76.95306446403265, 43.24624266475439], [76.95305909961462, 43.2462440058589], [76.9530564174056, 43.24624668806791], [76.95305306464434, 43.24624735862017], [76.95305172353983, 43.246248699724674], [76.95304099470377, 43.24625138193369], [76.95303227752447, 43.24625138193369], [76.95302221924067, 43.246248699724674], [76.95301081985235, 43.246248699724674], [76.95300813764334, 43.24625138193369], [76.95300813764334, 43.2462527230382], [76.95300545543432, 43.246254064142704], [76.95300344377756, 43.24625674635172], [76.95300210267305, 43.24627283960581], [76.95299874991179, 43.2462802156806], [76.95299673825502, 43.24628155678511], [76.95299673825502, 43.246282897889614], [76.95299539715052, 43.246282897889614], [76.95299472659826, 43.246303014457226]]]}, "properties": {"id": 392, "class": "road", "confidence": 100.0, "source": "Almaty_9", "source_model": "unet-roads", "centroid_wkt": "POINT (76.95298573526264 43.24621687400039)", "bbox": [76.9528854265809, 43.2461179420352, 76.9530825689435, 43.246303014457226], "pixel_bbox": [8029, 3584, 8323, 3860], "area_m2": 171.548}}, {"type": "Feature", "geometry": {"type": "Polygon", "coordinates": [[[76.95092339068651, 43.24623327702284], [76.95091869682074, 43.24623126536608], [76.95091266185045, 43.246225230395794], [76.95090729743242, 43.24622254818678], [76.95090528577566, 43.24622254818678], [76.95090461522341, 43.24622120708227], [76.95088651031256, 43.24622053653002], [76.95087309926748, 43.246217854321], [76.95087108761072, 43.246216513216496], [76.9508583471179, 43.24621584266424], [76.95084560662508, 43.24621316045523], [76.95083621889353, 43.2462077960372], [76.95083621889353, 43.24620645493269], [76.95083353668451, 43.24620511382818], [76.95083353668451, 43.246203772723675], [76.95082817226648, 43.2461990788579], [76.95082683116198, 43.24619572609663], [76.95082481950521, 43.24619438499212], [76.95082414895296, 43.24619170278311], [76.95082146674395, 43.24618835002184], [76.95082012563944, 43.246180303394794], [76.95081811398268, 43.24617560952902], [76.95081610232592, 43.24615281075239], [76.95081409066916, 43.24614476412535], [76.9508134201169, 43.24613135308027], [76.95081073790789, 43.24613068252802], [76.9508120790124, 43.246130011975765], [76.95081140846014, 43.24612330645323], [76.95081409066916, 43.24611458927393], [76.95081409066916, 43.24610721319914], [76.95081744343042, 43.24609313160181], [76.95082280784845, 43.24608240276575], [76.95082750171423, 43.24607703834772], [76.95083688944578, 43.246075697243214], [76.95084158331156, 43.24608039110899], [76.95084359496832, 43.24608039110899], [76.9508482888341, 43.246085084974766], [76.95085097104311, 43.24608575552702], [76.95085968822241, 43.24609246104956], [76.95087779313326, 43.24609849601984], [76.9508932158351, 43.24609849601984], [76.9509119912982, 43.24609246104956], [76.9509207084775, 43.24609246104956], [76.95092540234327, 43.24609447270632], [76.95093143731356, 43.24609447270632], [76.95093277841806, 43.246095813810825], [76.95093479007483, 43.246095813810825], [76.95093479007483, 43.24613135308027], [76.95093613117933, 43.24613135308027], [76.95093479007483, 43.24613403528929], [76.95093546062708, 43.246169574558735], [76.95095289498568, 43.24617560952902], [76.95095356553793, 43.246176950633526], [76.95095490664244, 43.246176950633526], [76.95096027106047, 43.24618097394705], [76.95096094161272, 43.24618499726057], [76.9509569182992, 43.24618969112635], [76.95095557719469, 43.24619371443987], [76.95095423609018, 43.24619371443987], [76.95095021277666, 43.246198408305645], [76.95093546062708, 43.246205784380436], [76.95093479007483, 43.24623327702284], [76.95093411952257, 43.24623193591833], [76.95092339068651, 43.24623327702284]]]}, "properties": {"id": 393, "class": "road", "confidence": 100.0, "source": "Almaty_9", "source_model": "unet-roads", "centroid_wkt": "POINT (76.95087992625174 43.2461546628215)", "bbox": [76.95081073790789, 43.246075697243214, 76.95096094161272, 43.24623327702284], "pixel_bbox": [4935, 3688, 5159, 3923], "area_m2": 140.745}}, {"type": "Feature", "geometry": {"type": "Polygon", "coordinates": [[[76.95385236293077, 43.24608575552702], [76.95385102182627, 43.24608240276575], [76.95384632796049, 43.24608374387026], [76.95384498685598, 43.24608240276575], [76.95384029299021, 43.2460817322135], [76.95383291691542, 43.24607502669096], [76.95382956415415, 43.246074356138706], [76.95382822304964, 43.2460730150342], [76.95382822304964, 43.24607100337744], [76.95382688194513, 43.24607100337744], [76.95381615310907, 43.24606295675039], [76.95381347090006, 43.24605759233236], [76.95381347090006, 43.24605491012335], [76.95381212979555, 43.24605356901884], [76.9538114592433, 43.24604753404856], [76.95381481200457, 43.24604216963053], [76.95381481200457, 43.246040157973766], [76.95381749421358, 43.24603747576475], [76.95381749421358, 43.24603345245123], [76.95382352918386, 43.24603345245123], [76.95382755249739, 43.24603546410799], [76.95383090525866, 43.24603546410799], [76.95383224636316, 43.2460368052125], [76.9538389518857, 43.2460368052125], [76.95384230464697, 43.24603948742151], [76.95384632796049, 43.246040157973766], [76.95384699851274, 43.246041499078274], [76.95384833961725, 43.246041499078274], [76.9538490101695, 43.24603948742151], [76.95385035127401, 43.246040157973766], [76.95385035127401, 43.246041499078274], [76.95385169237852, 43.246041499078274], [76.95385169237852, 43.246040157973766], [76.95385303348303, 43.24603948742151], [76.95385236293077, 43.24608575552702]]]}, "properties": {"id": 394, "class": "road", "confidence": 100.0, "source": "Almaty_9", "source_model": "unet-roads", "centroid_wkt": "POINT (76.95383499601424 43.246056203331264)", "bbox": [76.9538114592433, 43.24603345245123, 76.95385303348303, 43.24608575552702], "pixel_bbox": [9410, 3908, 9472, 3986], "area_m2": 13.362}}, {"type": "Feature", "geometry": {"type": "Polygon", "coordinates": [[[76.95388454943895, 43.24609246104956], [76.95387985557318, 43.246090449392796], [76.95387650281191, 43.246090449392796], [76.95387583225965, 43.24608910828829], [76.95387113839388, 43.24608776718378], [76.9538651034236, 43.24608240276575], [76.95386376231909, 43.24608240276575], [76.95385839790106, 43.2460730150342], [76.95385839790106, 43.24606966227293], [76.95386175066233, 43.24606563895941], [76.95386175066233, 43.2460642978549], [76.95386376231909, 43.24606295675039], [76.95386376231909, 43.246061615645885], [76.95386577397585, 43.24606027454138], [76.95387113839388, 43.246050886809826], [76.95388119667768, 43.24604082852602], [76.95388186722994, 43.246038146317005], [76.95388320833445, 43.246038146317005], [76.95388320833445, 43.2460368052125], [76.95388454943895, 43.246036134660244], [76.95388723164797, 43.246030770242214], [76.95388991385698, 43.24602875858545], [76.95388991385698, 43.246027417480946], [76.95389192551374, 43.24602607637644], [76.95389192551374, 43.24602473527193], [76.95389661937952, 43.24602138251066], [76.95389930158854, 43.24602138251066], [76.95390064269304, 43.24602339416742], [76.95390198379755, 43.24602339416742], [76.95390332490206, 43.246027417480946], [76.95390466600657, 43.2460280880332], [76.95390600711107, 43.24603345245123], [76.95390734821558, 43.24603345245123], [76.95390868932009, 43.24604216963053], [76.95390801876783, 43.2460642978549], [76.95390600711107, 43.24606832116842], [76.95390466600657, 43.24607703834772], [76.9539026543498, 43.246079720556736], [76.95390198379755, 43.24608374387026], [76.95390064269304, 43.24608374387026], [76.95389930158854, 43.24608709663153], [76.95389796048403, 43.24608709663153], [76.95389460772276, 43.246090449392796], [76.953892596066, 43.246090449392796], [76.95389192551374, 43.2460917904973], [76.95388454943895, 43.24609246104956]]]}, "properties": {"id": 395, "class": "road", "confidence": 100.0, "source": "Almaty_9", "source_model": "unet-roads", "centroid_wkt": "POINT (76.95388779927505 43.24606068938581)", "bbox": [76.95385839790106, 43.24602138251066, 76.95390868932009, 43.24609246104956], "pixel_bbox": [9480, 3898, 9555, 4004], "area_m2": 20.48}}, {"type": "Feature", "geometry": {"type": "Polygon", "coordinates": [[[76.95539932698011, 43.24607703834772], [76.9553979858756, 43.246074356138706], [76.9553979858756, 43.246050886809826], [76.9553966447711, 43.24604954570532], [76.95539262145758, 43.24604954570532], [76.95538993924856, 43.246046863496304], [76.9553879275918, 43.24604082852602], [76.9553879275918, 43.24603144079447], [76.95538993924856, 43.2460280880332], [76.95538993924856, 43.24602272361517], [76.95539195090532, 43.2460193708539], [76.95539329200983, 43.246012665331364], [76.9553979858756, 43.246007300913334], [76.9553979858756, 43.245996572077274], [76.95540335029364, 43.24599523097277], [76.95540603250265, 43.24599254876375], [76.95541072636843, 43.24599053710699], [76.95543017238379, 43.24599053710699], [76.95543888956308, 43.24599456042051], [76.95544559508562, 43.24600126594305], [76.95544693619013, 43.246005959808826], [76.95544693619013, 43.246014676988125], [76.95544559508562, 43.246020041406155], [76.9554415717721, 43.246027417480946], [76.95543821901083, 43.246030770242214], [76.95543687790632, 43.246041499078274], [76.95543419569731, 43.246046863496304], [76.95543218404055, 43.24604820460081], [76.95543218404055, 43.24605155736208], [76.95542950183153, 43.24605759233236], [76.9554154202342, 43.24607167392969], [76.95539932698011, 43.24607703834772]]]}, "properties": {"id": 396, "class": "road", "confidence": 100.0, "source": "Almaty_9", "source_model": "unet-roads", "centroid_wkt": "POINT (76.95541653623442 43.246028065268874)", "bbox": [76.9553879275918, 43.24599053710699, 76.95544693619013, 43.24607703834772], "pixel_bbox": [11761, 3921, 11849, 4050], "area_m2": 31.43}}, {"type": "Feature", "geometry": {"type": "Polygon", "coordinates": [[[76.95249516516924, 43.246011324226856], [76.95249181240797, 43.24600998312235], [76.95248041301966, 43.24600998312235], [76.9524797424674, 43.24598450213671], [76.95248778909445, 43.24598517268896], [76.95249583572149, 43.24598852545023], [76.95250052958727, 43.24598919600248], [76.95250187069178, 43.24599053710699], [76.95251394063234, 43.2459918782115], [76.95251729339361, 43.24599388986826], [76.95251863449812, 43.245996572077274], [76.95251863449812, 43.24599992483854], [76.95251528173685, 43.246005959808826], [76.95251394063234, 43.246005959808826], [76.95251058787107, 43.246009312570095], [76.95250656455755, 43.2460106536746], [76.95249516516924, 43.246011324226856]]]}, "properties": {"id": 397, "class": "road", "confidence": 100.0, "source": "Almaty_9", "source_model": "unet-roads", "centroid_wkt": "POINT (76.95249730723778 43.245998721172654)", "bbox": [76.9524797424674, 43.24598450213671, 76.95251863449812, 43.246011324226856], "pixel_bbox": [7424, 4019, 7482, 4059], "area_m2": 7.098}}, {"type": "Feature", "geometry": {"type": "Polygon", "coordinates": [[[76.95511166006327, 43.2459744438529], [76.95510562509298, 43.24597176164389], [76.95510495454073, 43.245969749987125], [76.95510227233171, 43.24596907943487], [76.95510227233171, 43.24596639722586], [76.95510428398848, 43.24596505612135], [76.95510428398848, 43.24596304446459], [76.95510227233171, 43.24596304446459], [76.95510093122721, 43.24596103280783], [76.95512842386961, 43.24596103280783], [76.95512373000383, 43.245964385569096], [76.95512373000383, 43.24596639722586], [76.95512507110834, 43.24596639722586], [76.9551270827651, 43.24596840888262], [76.9551257416606, 43.245969749987125], [76.9551257416606, 43.24597176164389], [76.95512037724257, 43.2459744438529], [76.95511166006327, 43.2459744438529]]]}, "properties": {"id": 398, "class": "road", "confidence": 100.0, "source": "Almaty_9", "source_model": "unet-roads", "centroid_wkt": "POINT (76.95511497695695 43.245966876153034)", "bbox": [76.95510093122721, 43.24596103280783, 76.95512842386961, 43.2459744438529], "pixel_bbox": [11333, 4074, 11374, 4094], "area_m2": 2.509}}, {"type": "Feature", "geometry": {"type": "Polygon", "coordinates": [[[76.95122715085745, 43.24627082794905], [76.9512264803052, 43.24626948684454], [76.95122312754393, 43.246268816292286], [76.95122111588717, 43.246266804635525], [76.9512191042304, 43.246266804635525], [76.9512191042304, 43.24626546353102], [76.95121642202139, 43.24626412242651], [76.95121575146914, 43.246261440217495], [76.95121306926012, 43.246258087456226], [76.95121105760336, 43.24624802917242], [76.95121105760336, 43.246234618127346], [76.95121441036463, 43.24622053653002], [76.95121843367815, 43.24617829173803], [76.95122513920069, 43.24615817517042], [76.95122580975294, 43.246142752468586], [76.95122715085745, 43.246138729155064], [76.9512264803052, 43.24613269418478], [76.95122849196196, 43.24613135308027], [76.95124458521605, 43.24613068252802], [76.95124726742506, 43.24612598866224], [76.95124793797731, 43.2461179420352], [76.95124927908182, 43.24611593037844], [76.95124927908182, 43.2461092248559], [76.95124793797731, 43.24610721319914], [76.95124726742506, 43.246099166572094], [76.95125062018633, 43.2460917904973], [76.95125129073858, 43.24607905000448], [76.9512465968728, 43.246068991720676], [76.95124123245478, 43.24606295675039], [76.95123855024576, 43.2460555806756], [76.95123855024576, 43.24604820460081], [76.95123989135027, 43.24604216963053], [76.95123989135027, 43.24601333588362], [76.95124190300703, 43.24600461870432], [76.95124726742506, 43.24599523097277], [76.95124726742506, 43.24599053710699], [76.9512452557683, 43.24598651379347], [76.95124324411154, 43.24597779661417], [76.95124324411154, 43.24597042053938], [76.9512452557683, 43.24596639722586], [76.95124458521605, 43.24596103280783], [76.95124726742506, 43.24595969170332], [76.95127811282873, 43.24595969170332], [76.95127811282873, 43.245977126061916], [76.95128012448549, 43.24597913771868], [76.95128280669451, 43.24597980827093], [76.9512915238738, 43.24598919600248], [76.95129621773958, 43.24599925428629], [76.95129755884409, 43.24601601809263], [76.95129621773958, 43.24601802974939], [76.95129554718733, 43.246025405824184], [76.95129353553057, 43.246030770242214], [76.95129420608282, 43.2460368052125], [76.95129755884409, 43.24604284018278], [76.9512988999486, 43.246043510735035], [76.9512988999486, 43.24604485183954], [76.95130225270987, 43.24604820460081], [76.95130828768015, 43.24605155736208], [76.95131432265043, 43.24605155736208], [76.9513176754117, 43.24605289846659], [76.95131968706846, 43.24605692178011], [76.95132303982973, 43.24606027454138], [76.951326392591, 43.24606094509363], [76.9513277336955, 43.24606563895941], [76.95133175700903, 43.2460730150342], [76.95133309811354, 43.24607905000448], [76.95133175700903, 43.24609111994505], [76.95133175700903, 43.24611056596041], [76.95133309811354, 43.24612129479647], [76.95133242756128, 43.24613068252802], [76.9513351097703, 43.24613135308027], [76.95133578032255, 43.246138729155064], [76.95133376866579, 43.2461454346776], [76.95133242756128, 43.246146105229855], [76.95133108645678, 43.24615079909563], [76.95132572203875, 43.24615951627493], [76.95132303982973, 43.24617426842451], [76.95132035762072, 43.246180303394794], [76.95132102817297, 43.24620310217142], [76.95132035762072, 43.24620980769396], [76.95131901651621, 43.24621248990297], [76.95131901651621, 43.24621852487326], [76.9513176754117, 43.246219865977764], [76.9513163343072, 43.246227242052555], [76.95131365209818, 43.246232606470585], [76.95131164044142, 43.24623394757509], [76.95131164044142, 43.2462352886796], [76.9513089582324, 43.24623595923185], [76.95130225270987, 43.24624132364988], [76.95129621773958, 43.24624199420214], [76.95129353553057, 43.2462440058589], [76.95128615945578, 43.246245346963406], [76.95128548890352, 43.24624668806791], [76.95128280669451, 43.24624668806791], [76.95128079503775, 43.246248699724674], [76.95127878338099, 43.246248699724674], [76.95127677172422, 43.246245346963406], [76.95127476006746, 43.246245346963406], [76.95127476006746, 43.24624668806791], [76.9512727484107, 43.24624668806791], [76.95127207785845, 43.24624802917242], [76.95126000791788, 43.246254064142704], [76.95126000791788, 43.24625540524721], [76.95125799626112, 43.246256075799465], [76.95125598460436, 43.24625875800848], [76.95125464349985, 43.24625875800848], [76.95125196129084, 43.24626211076975], [76.95125062018633, 43.24626211076975], [76.95124793797731, 43.246264792978764], [76.95124592632055, 43.246264792978764], [76.95124324411154, 43.24626747518778], [76.95123855024576, 43.24626814574003], [76.95123787969351, 43.24626948684454], [76.95122715085745, 43.24627082794905]]]}, "properties": {"id": 399, "class": "road", "confidence": 100.0, "source": "Almaty_9", "source_model": "unet-roads", "centroid_wkt": "POINT (76.95127378645344 43.24613012671017)", "bbox": [76.95121105760336, 43.24595969170332, 76.95133578032255, 43.24627082794905], "pixel_bbox": [5532, 3632, 5718, 4096], "area_m2": 216.059}}, {"type": "Feature", "geometry": {"type": "Polygon", "coordinates": [[[76.94997120648623, 43.24598986655474], [76.9499584659934, 43.24598517268896], [76.94995243102312, 43.24597980827093], [76.94994907826185, 43.245973102748394], [76.9499497488141, 43.24596505612135], [76.94994706660509, 43.24596103280783], [76.94995243102312, 43.24595969170332], [76.95002283900976, 43.24595969170332], [76.95002686232328, 43.24596103280783], [76.95002485066652, 43.24596304446459], [76.95002485066652, 43.24597243219614], [76.95002216845751, 43.245975114405155], [76.9500194862485, 43.245975114405155], [76.95001412183046, 43.245980478823185], [76.9500121101737, 43.245980478823185], [76.95000875741243, 43.2459831610322], [76.95000071078539, 43.245985843241215], [76.94999668747187, 43.245985843241215], [76.94999400526285, 43.24598718434572], [76.94997992366552, 43.24598986655474], [76.94997120648623, 43.24598986655474]]]}, "properties": {"id": 400, "class": "road", "confidence": 100.0, "source": "Almaty_9", "source_model": "unet-roads", "centroid_wkt": "POINT (76.94998560536328 43.245972262029)", "bbox": [76.94994706660509, 43.24595969170332, 76.95002686232328, 43.24598986655474], "pixel_bbox": [3647, 4051, 3766, 4096], "area_m2": 17.031}}, {"type": "Feature", "geometry": {"type": "Polygon", "coordinates": [[[76.95189636200666, 43.24597913771868], [76.95188697427511, 43.245978467166424], [76.95188026875257, 43.24597645550966], [76.95187758654356, 43.245973102748394], [76.95187624543905, 43.245973102748394], [76.95187624543905, 43.24597176164389], [76.95187490433455, 43.24597176164389], [76.95187423378229, 43.245969749987125], [76.95187289267778, 43.245969749987125], [76.95187289267778, 43.24596840888262], [76.95187155157328, 43.24596840888262], [76.95187289267778, 43.245967738330364], [76.95187155157328, 43.24596639722586], [76.95187222212553, 43.245964385569096], [76.95187155157328, 43.24596304446459], [76.95186953991652, 43.24596304446459], [76.95186819881201, 43.24596103280783], [76.95187624543905, 43.24595969170332], [76.95193458348513, 43.24595969170332], [76.95195134729147, 43.24596103280783], [76.95195067673922, 43.245962373912334], [76.9519466534257, 43.245964385569096], [76.95193994790316, 43.245964385569096], [76.95194128900766, 43.24596505612135], [76.95194061845541, 43.24596840888262], [76.9519379362464, 43.245969749987125], [76.95193592458963, 43.24597243219614], [76.95193458348513, 43.24597243219614], [76.95193458348513, 43.24597377330065], [76.95193324238062, 43.2459744438529], [76.95191714912653, 43.24597779661417], [76.95189636200666, 43.24597913771868]]]}, "properties": {"id": 401, "class": "road", "confidence": 100.0, "source": "Almaty_9", "source_model": "unet-roads", "centroid_wkt": "POINT (76.95190692940403 43.24596773333259)", "bbox": [76.95186819881201, 43.24595969170332, 76.95195134729147, 43.24597913771868], "pixel_bbox": [6512, 4067, 6636, 4096], "area_m2": 10.66}}, {"type": "Feature", "geometry": {"type": "Polygon", "coordinates": [[[76.9524797424674, 43.24595969170332], [76.9524797424674, 43.24593622237444], [76.95248108357191, 43.245935551822186], [76.9524871185422, 43.24593622237444], [76.95248980075121, 43.2459382340312], [76.95250321179628, 43.245938904583454], [76.9525058940053, 43.24594024568796], [76.9525058940053, 43.24594158679247], [76.95251125842333, 43.24594225734472], [76.95251528173685, 43.2459469512105], [76.95251528173685, 43.245953656733036], [76.95251394063234, 43.24595633894205], [76.95251394063234, 43.245959021151066], [76.95251528173685, 43.24595969170332], [76.9524797424674, 43.24595969170332]]]}, "properties": {"id": 402, "class": "road", "confidence": 100.0, "source": "Almaty_9", "source_model": "unet-roads", "centroid_wkt": "POINT (76.95249641751295 43.245948854304636)", "bbox": [76.9524797424674, 43.245935551822186, 76.95251528173685, 43.24595969170332], "pixel_bbox": [7424, 4096, 7477, 4132], "area_m2": 6.526}}, {"type": "Feature", "geometry": {"type": "Polygon", "coordinates": [[[76.94864217191935, 43.24595969170332], [76.94854360073805, 43.245959021151066], [76.9485442712903, 43.24595768004656], [76.94854158908129, 43.245957009494305], [76.94854091852903, 43.2459556683898], [76.94854225963354, 43.24595231562853], [76.94854494184256, 43.245949633419514], [76.94855701178312, 43.24594292789698], [76.94856237620115, 43.24594158679247], [76.9485630467534, 43.24594024568796], [76.94856707006693, 43.245938904583454], [76.94856774061918, 43.24593756347895], [76.9485717639327, 43.245935551822186], [76.9485791400075, 43.245933540165424], [76.9485891982913, 43.245935551822186], [76.94859657436609, 43.245938904583454], [76.94859724491835, 43.24594024568796], [76.94859925657511, 43.24594024568796], [76.94860730320215, 43.245944269001484], [76.94860998541117, 43.245944269001484], [76.94861132651567, 43.24594561010599], [76.9486240670085, 43.24594762176275], [76.94864083081484, 43.24594762176275], [76.94864485412836, 43.245948292315006], [76.94864887744188, 43.24595097452402], [76.94864820688963, 43.24595499783754], [76.94864351302385, 43.2459556683898], [76.94864150136709, 43.245957009494305], [76.94864485412836, 43.24595835059881], [76.94864217191935, 43.24595969170332]]]}, "properties": {"id": 403, "class": "road", "confidence": 100.0, "source": "Almaty_9", "source_model": "unet-roads", "centroid_wkt": "POINT (76.94859143676784 43.24594983741247)", "bbox": [76.94854091852903, 43.245933540165424, 76.94864887744188, 43.24595969170332], "pixel_bbox": [1550, 4096, 1711, 4135], "area_m2": 15.652}}, {"type": "Feature", "geometry": {"type": "Polygon", "coordinates": [[[76.95081878453493, 43.24603412300348], [76.95081476122141, 43.246032781898975], [76.9508134201169, 43.246030770242214], [76.95081140846014, 43.246030770242214], [76.95081073790789, 43.24602942913771], [76.95080939680338, 43.24602942913771], [76.95080872625113, 43.2460280880332], [76.95080604404211, 43.246027417480946], [76.95080067962408, 43.24602339416742], [76.95079732686281, 43.24602339416742], [76.95079062134027, 43.24602071195841], [76.95078324526548, 43.24602071195841], [76.9507758691907, 43.24602339416742], [76.95077184587717, 43.24602272361517], [76.95076782256365, 43.24602473527193], [76.95076446980238, 43.24602406471968], [76.95076312869787, 43.24602071195841], [76.95076312869787, 43.24598852545023], [76.95076245814562, 43.24598718434572], [76.95076044648886, 43.24598718434572], [76.95075910538435, 43.24598852545023], [76.95074904710054, 43.24598852545023], [76.95074569433928, 43.24598986655474], [76.95074569433928, 43.245991207659245], [76.95074301213026, 43.2459918782115], [76.95073831826448, 43.245987854897976], [76.95073898881674, 43.245985843241215], [76.95073764771223, 43.24598517268896], [76.95073429495096, 43.24597779661417], [76.95073563605547, 43.24596840888262], [76.95073697715998, 43.24596706777811], [76.95073630660772, 43.24596103280783], [76.95073831826448, 43.24595969170332], [76.95076312869787, 43.24595969170332], [76.95076312869787, 43.24595097452402], [76.95076446980238, 43.24595030397177], [76.95076983422041, 43.24595097452402], [76.9507758691907, 43.24594896286726], [76.9507772102952, 43.245949633419514], [76.95077989250422, 43.245948292315006], [76.95080269128084, 43.24594493955374], [76.95081006735563, 43.24594225734472], [76.95082414895296, 43.24594024568796], [76.95084493607283, 43.24593219906092], [76.95085767656565, 43.24593152850866], [76.95086438208818, 43.245933540165424], [76.95086907595396, 43.24593622237444], [76.95087242871523, 43.24594158679247], [76.95087242871523, 43.2459556683898], [76.95087108761072, 43.24595768004656], [76.95087175816298, 43.24595969170332], [76.95087376981974, 43.24595969170332], [76.95087242871523, 43.245962373912334], [76.95087242871523, 43.24596907943487], [76.95086974650621, 43.2459744438529], [76.95086773484945, 43.24597578495741], [76.9508670642972, 43.245978467166424], [76.95086304098368, 43.2459831610322], [76.95086237043142, 43.245985843241215], [76.95086102932692, 43.24598651379347], [76.95085968822241, 43.245991207659245], [76.95085767656565, 43.24599388986826], [76.95085633546114, 43.24599992483854], [76.95085432380438, 43.246001936495304], [76.95085365325212, 43.24600528925657], [76.95085097104311, 43.246007300913334], [76.9508482888341, 43.24601199477911], [76.95084694772959, 43.24601199477911], [76.95084560662508, 43.246014676988125], [76.95084426552057, 43.246014676988125], [76.95084225386381, 43.24601735919714], [76.95083823055029, 43.24601870030165], [76.95083755999804, 43.246020041406155], [76.95083487778902, 43.24602071195841], [76.95083219558, 43.24602406471968], [76.9508308544755, 43.24602406471968], [76.95082951337099, 43.246025405824184], [76.95082951337099, 43.246027417480946], [76.95082414895296, 43.24603345245123], [76.95081878453493, 43.24603412300348]]]}, "properties": {"id": 404, "class": "road", "confidence": 100.0, "source": "Almaty_9", "source_model": "unet-roads", "centroid_wkt": "POINT (76.95081034449065 43.24597942670782)", "bbox": [76.95073429495096, 43.24593152850866, 76.95087376981974, 43.24603412300348], "pixel_bbox": [4821, 3985, 5029, 4138], "area_m2": 81.891}}, {"type": "Feature", "geometry": {"type": "Polygon", "coordinates": [[[76.94887485355139, 43.24595969170332], [76.94887485355139, 43.245912082493305], [76.9488761946559, 43.245901353657246], [76.94887686520815, 43.24590269476175], [76.94887820631266, 43.2459020242095], [76.94887954741716, 43.24590336531401], [76.94889094680548, 43.24590336531401], [76.94889295846224, 43.245904706418514], [76.94889698177576, 43.245904706418514], [76.9489050284028, 43.24590738862753], [76.94890905171633, 43.2459107413888], [76.94891173392534, 43.24591610580683], [76.9489137455821, 43.24591677635908], [76.94891575723886, 43.245919458568096], [76.94892179220915, 43.24592147022486], [76.94893587380648, 43.245922811329365], [76.94894257932901, 43.24592415243387], [76.94894459098577, 43.24592549353838], [76.94895129650831, 43.24592616409063], [76.94895464926958, 43.24592884629965], [76.94896001368761, 43.2459295168519], [76.94896336644888, 43.24593152850866], [76.94897007197142, 43.24593286961317], [76.94897074252367, 43.24593421071768], [76.9489761069417, 43.24593622237444], [76.94898080080748, 43.24594225734472], [76.94898013025522, 43.24595298618078], [76.94897744804621, 43.2459556683898], [76.94897208362818, 43.24595633894205], [76.94897141307592, 43.24595768004656], [76.94897275418043, 43.245959021151066], [76.94896940141916, 43.24595969170332], [76.94887485355139, 43.24595969170332]]]}, "properties": {"id": 405, "class": "road", "confidence": 100.0, "source": "Almaty_9", "source_model": "unet-roads", "centroid_wkt": "POINT (76.9489191548973 43.24593740612796)", "bbox": [76.94887485355139, 43.245901353657246, 76.94898080080748, 43.24595969170332], "pixel_bbox": [2048, 4096, 2206, 4183], "area_m2": 38.158}}, {"type": "Feature", "geometry": {"type": "Polygon", "coordinates": [[[76.94801922887564, 43.24598181992769], [76.94801922887564, 43.24597980827093], [76.94801788777113, 43.24598114937544], [76.94801721721888, 43.24597779661417], [76.94801788777113, 43.24597042053938], [76.94801922887564, 43.24597042053938], [76.94801922887564, 43.24596907943487], [76.94802325218916, 43.24596907943487], [76.94802459329367, 43.245967738330364], [76.94802928715944, 43.24596706777811], [76.94803062826395, 43.24596304446459], [76.94802794605494, 43.24596103280783], [76.94803062826395, 43.24596103280783], [76.94803062826395, 43.24595969170332], [76.94801654666662, 43.24595969170332], [76.94801721721888, 43.24589196592569], [76.94801855832338, 43.24588995426893], [76.94801855832338, 43.24589129537344], [76.94801989942789, 43.24589263647795], [76.9480212405324, 43.24589196592569], [76.94802191108465, 43.2458933070302], [76.94802191108465, 43.24589129537344], [76.94802660495043, 43.245890624821186], [76.9480312988162, 43.24588593095541], [76.94803532212973, 43.245885260403156], [76.94803733378649, 43.245883248746395], [76.9480400159955, 43.245883248746395], [76.94804202765226, 43.245881237089634], [76.94805007427931, 43.24588190764189], [76.94805409759283, 43.24588391929865], [76.9480574503541, 43.24588727205992], [76.9480574503541, 43.245888613164425], [76.94805946201086, 43.24588995426893], [76.94806013256311, 43.24589263647795], [76.94806281477213, 43.24589531868696], [76.94806415587664, 43.24590001255274], [76.94806549698114, 43.245901353657246], [76.94806683808565, 43.2459107413888], [76.94806817919016, 43.24591275304556], [76.94806884974241, 43.24591811746359], [76.94806817919016, 43.245922811329365], [76.94806683808565, 43.245922811329365], [76.94806683808565, 43.24592415243387], [76.94806884974241, 43.24593286961317], [76.94806817919016, 43.24594158679247], [76.94806683808565, 43.24594292789698], [76.9480661675334, 43.24595969170332], [76.94804068654776, 43.24596036225557], [76.94805275648832, 43.24596103280783], [76.94805141538382, 43.24596170336008], [76.94805141538382, 43.24596371501684], [76.94805409759283, 43.2459657266736], [76.94805342704058, 43.24596907943487], [76.94804605096579, 43.24597109109163], [76.94804336875677, 43.2459744438529], [76.9480400159955, 43.245975114405155], [76.94803934544325, 43.245977126061916], [76.94803465157747, 43.24597779661417], [76.94803263992071, 43.24597980827093], [76.94802928715944, 43.24597913771868], [76.94802928715944, 43.24597779661417], [76.94802794605494, 43.245977126061916], [76.94802459329367, 43.24597779661417], [76.94802392274141, 43.245975114405155], [76.9480225816369, 43.245980478823185], [76.9480212405324, 43.24597980827093], [76.94802056998014, 43.24598181992769], [76.94801922887564, 43.24598181992769]], [[76.94802191108465, 43.24597578495741], [76.94802325218916, 43.24597578495741], [76.94802325218916, 43.24597377330065], [76.9480225816369, 43.24597377330065], [76.94802191108465, 43.24597578495741]], [[76.94804202765226, 43.24596170336008], [76.9480473920703, 43.245964385569096], [76.9480473920703, 43.24596170336008], [76.94804202765226, 43.24596170336008]], [[76.94803465157747, 43.24596103280783], [76.9480400159955, 43.24596103280783], [76.9480400159955, 43.24596036225557], [76.94803465157747, 43.24595969170332], [76.94803465157747, 43.24596103280783]]]}, "properties": {"id": 406, "class": "road", "confidence": 100.0, "source": "Almaty_9", "source_model": "unet-roads", "centroid_wkt": "POINT (76.94804154178576 43.24592834555986)", "bbox": [76.94801654666662, 43.245881237089634, 76.94806884974241, 43.24598181992769], "pixel_bbox": [768, 4063, 846, 4213], "area_m2": 36.856}}, {"type": "Feature", "geometry": {"type": "Polygon", "coordinates": [[[76.95308391004801, 43.24605893343687], [76.95306781679392, 43.24605491012335], [76.95305842906237, 43.24605021625757], [76.95305373519659, 43.24604619294405], [76.95305105298758, 43.246045522391796], [76.95304837077856, 43.24604216963053], [76.95304904133081, 43.24603345245123], [76.95305038243532, 43.246032781898975], [76.95305239409208, 43.24602272361517], [76.95305373519659, 43.246022053062916], [76.95305909961462, 43.246011324226856], [76.95305842906237, 43.2460005953908], [76.95305440574884, 43.2459918782115], [76.95305440574884, 43.24598852545023], [76.95305105298758, 43.24597980827093], [76.95305038243532, 43.2459744438529], [76.95305172353983, 43.24597109109163], [76.95306044071913, 43.24596706777811], [76.95306044071913, 43.245964385569096], [76.95305775851011, 43.24596103280783], [76.95306178182364, 43.24596036225557], [76.95305172353983, 43.245959021151066], [76.95305105298758, 43.24595768004656], [76.9530651345849, 43.24595633894205], [76.95306647568941, 43.24595499783754], [76.95306580513716, 43.245953656733036], [76.95306848734617, 43.24595298618078], [76.95306848734617, 43.24595097452402], [76.95306982845068, 43.24595030397177], [76.95307184010744, 43.245944269001484], [76.95307519286871, 43.24594292789698], [76.95307921618223, 43.245938904583454], [76.953081227839, 43.245938904583454], [76.95308726280928, 43.245933540165424], [76.95308659225702, 43.24592683464289], [76.9530825689435, 43.245919458568096], [76.95308189839125, 43.245915435254574], [76.95307988673449, 43.24591342359781], [76.95307854562998, 43.24590872973204], [76.95307720452547, 43.24590805917978], [76.95307653397322, 43.24590336531401], [76.95307452231646, 43.245901353657246], [76.9530738517642, 43.24589867144823], [76.95307452231646, 43.2458933070302], [76.95307318121195, 43.245890624821186], [76.95307318121195, 43.24588727205992], [76.9530738517642, 43.24588391929865], [76.95307653397322, 43.245881237089634], [76.95307720452547, 43.24587855488062], [76.95307854562998, 43.24587855488062], [76.95307988673449, 43.245875872671604], [76.953081227839, 43.245875872671604], [76.95308458060026, 43.245872519910336], [76.95309396833181, 43.24586782604456], [76.95310268551111, 43.2458658143878], [76.95311341434717, 43.245865143835545], [76.95313084870577, 43.245870508253574], [76.95314694195986, 43.245883248746395], [76.95314962416887, 43.24588794261217], [76.95315230637789, 43.24589867144823], [76.9531536474824, 43.24590001255274], [76.9531536474824, 43.24590805917978], [76.95315096527338, 43.24591610580683], [76.95314291864634, 43.24592549353838], [76.95314157754183, 43.24592549353838], [76.95313889533281, 43.245928175747395], [76.9531274959445, 43.24593085795641], [76.95312414318323, 43.245933540165424], [76.95312011986971, 43.24593488126993], [76.95311944931746, 43.24593689292669], [76.9531174376607, 43.24593756347895], [76.9531174376607, 43.245938904583454], [76.95311341434717, 43.24594292789698], [76.95311207324266, 43.2459469512105], [76.95310939103365, 43.24594896286726], [76.95310939103365, 43.24595298618078], [76.95310804992914, 43.24595432728529], [76.95310804992914, 43.24595633894205], [76.95312548428774, 43.24595835059881], [76.95311609655619, 43.24595969170332], [76.95314291864634, 43.24595969170332], [76.95315565913916, 43.24596036225557], [76.95315968245268, 43.24596170336008], [76.95314157754183, 43.24596371501684], [76.95313487201929, 43.2459657266736], [76.95313554257154, 43.24596706777811], [76.95313822478056, 43.24596706777811], [76.95314157754183, 43.24596907943487], [76.95314157754183, 43.24597042053938], [76.95313956588507, 43.24597042053938], [76.95314023643732, 43.24597176164389], [76.95314694195986, 43.245973102748394], [76.95314962416887, 43.245975114405155], [76.95315163582563, 43.245975114405155], [76.95315230637789, 43.24597645550966], [76.95315431803465, 43.24597645550966], [76.9531549885869, 43.24597779661417], [76.95315431803465, 43.24598181992769], [76.95315096527338, 43.24598517268896], [76.9531462714076, 43.245985843241215], [76.95314560085535, 43.24598718434572], [76.95314090698957, 43.24598852545023], [76.95314023643732, 43.24598986655474], [76.95313286036253, 43.2459918782115], [76.95312950760126, 43.24599523097277], [76.95312950760126, 43.24600126594305], [76.9531375542283, 43.24601199477911], [76.95313889533281, 43.24601534754038], [76.95313889533281, 43.2460193708539], [76.95314023643732, 43.24602138251066], [76.95314023643732, 43.246027417480946], [76.95313889533281, 43.24602875858545], [76.95313889533281, 43.24603211134672], [76.9531362131238, 43.2460368052125], [76.9531274959445, 43.24604485183954], [76.95312347263098, 43.24604619294405], [76.95312280207872, 43.24604753404856], [76.95311475545168, 43.24605155736208], [76.95310804992914, 43.24605356901884], [76.95310603827238, 43.2460555806756], [76.95309530943632, 43.24605826288462], [76.95308391004801, 43.24605893343687]]]}, "properties": {"id": 407, "class": "road", "confidence": 100.0, "source": "Almaty_9", "source_model": "unet-roads", "centroid_wkt": "POINT (76.95310169860333 43.24596639646626)", "bbox": [76.95304837077856, 43.245865143835545, 76.95315968245268, 43.24605893343687], "pixel_bbox": [8272, 3948, 8438, 4237], "area_m2": 120.872}}, {"type": "Feature", "geometry": {"type": "Polygon", "coordinates": [[[76.9522799178958, 43.246151469647884], [76.95227790623903, 43.24614945799112], [76.9522712007165, 43.24614677578211], [76.95226784795523, 43.246142752468586], [76.95226784795523, 43.24613403528929], [76.95226650685072, 43.246133364737034], [76.95226784795523, 43.24613269418478], [76.95226784795523, 43.24613135308027], [76.9522624835372, 43.24613135308027], [76.9522624835372, 43.24612867087126], [76.9522638246417, 43.24612867087126], [76.9522638246417, 43.246122635900974], [76.9522624835372, 43.24611995369196], [76.9522638246417, 43.24611324816942], [76.95226315408945, 43.246111907064915], [76.95226784795523, 43.24610788375139], [76.95226985961199, 43.246101178228855], [76.952272541821, 43.24609782546759], [76.95227321237326, 43.246088437736034], [76.95227455347776, 43.24608776718378], [76.95227455347776, 43.24608240276575], [76.95227321237326, 43.246079720556736], [76.95226717740297, 43.246074356138706], [76.9522624835372, 43.2460730150342], [76.95224639028311, 43.246064968407154], [76.95224437862635, 43.24606295675039], [76.95224437862635, 43.246059603989124], [76.95224639028311, 43.2460555806756], [76.95225913077593, 43.246041499078274], [76.95225913077593, 43.24603948742151], [76.95226315408945, 43.24603412300348], [76.95226784795523, 43.24602272361517], [76.95226851850748, 43.2460106536746], [76.95227321237326, 43.245993219316006], [76.95227321237326, 43.24597377330065], [76.95227589458227, 43.245967738330364], [76.95227790623903, 43.24596639722586], [76.95227790623903, 43.24596371501684], [76.95227321237326, 43.24596103280783], [76.95227857679129, 43.24595969170332], [76.9522624835372, 43.24595969170332], [76.95225577801466, 43.24595768004656], [76.95226583629847, 43.24595768004656], [76.952272541821, 43.24595633894205], [76.95226985961199, 43.24595231562853], [76.95226851850748, 43.2459469512105], [76.9522712007165, 43.24594561010599], [76.95227388292551, 43.24593756347895], [76.95227187126875, 43.245935551822186], [76.9522712007165, 43.24593152850866], [76.95226985961199, 43.24593152850866], [76.95226851850748, 43.245928175747395], [76.95226717740297, 43.24592750519514], [76.95226650685072, 43.24592415243387], [76.95226181298494, 43.24592348188162], [76.95225980132818, 43.24592147022486], [76.95225711911917, 43.24592147022486], [76.95225644856691, 43.24592012912035], [76.95225242525339, 43.245919458568096], [76.95225175470114, 43.24591677635908], [76.95224773138762, 43.245915435254574], [76.9522450491786, 43.245912082493305], [76.95223767310381, 43.2459107413888], [76.9522349908948, 43.24590940028429], [76.95223230868578, 43.24590604752302], [76.95223096758127, 43.24590604752302], [76.95222426205873, 43.24589867144823], [76.95222225040197, 43.24589129537344], [76.95222359150648, 43.24588727205992], [76.95222962647676, 43.24588190764189], [76.95223163813353, 43.24588190764189], [76.95223901420832, 43.24587855488062], [76.95224236696959, 43.24587855488062], [76.95224840193987, 43.245875872671604], [76.95225108414888, 43.245875872671604], [76.95225644856691, 43.24587319046259], [76.9522638246417, 43.24587184935808], [76.95226516574621, 43.245870508253574], [76.95226918905973, 43.24586983770132], [76.95227723568678, 43.2458658143878], [76.95228192955256, 43.245865143835545], [76.95229802280664, 43.2458570972085], [76.95230338722467, 43.2458570972085], [76.95230606943369, 43.24585910886526], [76.95230808109045, 43.24585508555174], [76.9523087516427, 43.24586380273104], [76.95232685655355, 43.24586380273104], [76.95233959704638, 43.245867155492306], [76.9523436203599, 43.24586916714907], [76.95234764367342, 43.24587319046259], [76.95234965533018, 43.24587922543287], [76.95234764367342, 43.2458845898509], [76.95234630256891, 43.2458845898509], [76.95234630256891, 43.24588593095541], [76.9523436203599, 43.24588727205992], [76.95234227925539, 43.24588928371668], [76.95234093815088, 43.24588928371668], [76.95233959704638, 43.24589129537344], [76.95232752710581, 43.24589733034372], [76.9523261860013, 43.245899342000484], [76.95232283324003, 43.24590001255274], [76.95231880992651, 43.24590403586626], [76.95231411606073, 43.24590604752302], [76.9523087516427, 43.245906718075275], [76.9523087516427, 43.245998583734035], [76.95231009274721, 43.24600260704756], [76.95231210440397, 43.24600461870432], [76.95231277495623, 43.246009312570095], [76.95231411606073, 43.24600998312235], [76.95231545716524, 43.24601601809263], [76.95231813937426, 43.24602138251066], [76.95231813937426, 43.24602473527193], [76.95231948047876, 43.246027417480946], [76.95231948047876, 43.246041499078274], [76.95231813937426, 43.24604753404856], [76.95231411606073, 43.2460555806756], [76.95231277495623, 43.2460555806756], [76.95231143385172, 43.24605893343687], [76.9523087516427, 43.24606094509363], [76.95230808109045, 43.24606563895941], [76.95230808109045, 43.24613135308027], [76.9523000344634, 43.24613135308027], [76.9523000344634, 43.24613269418478], [76.95230271667242, 43.246133364737034], [76.9523000344634, 43.24613403528929], [76.95229936391115, 43.246140740811825], [76.95229735225439, 43.24614208191633], [76.95229735225439, 43.24614342302084], [76.95229467004538, 43.24614409357309], [76.95229467004538, 43.2461454346776], [76.95229332894087, 43.2461454346776], [76.95228863507509, 43.24615079909563], [76.9522799178958, 43.246151469647884]]]}, "properties": {"id": 408, "class": "road", "confidence": 100.0, "source": "Almaty_9", "source_model": "unet-roads", "centroid_wkt": "POINT (76.95228740127658 43.24598480322416)", "bbox": [76.95222225040197, 43.24585508555174, 76.95234965533018, 43.246151469647884], "pixel_bbox": [7040, 3810, 7230, 4252], "area_m2": 135.735}}, {"type": "Feature", "geometry": {"type": "Polygon", "coordinates": [[[76.95566017180681, 43.245957009494305], [76.95565547794104, 43.24595499783754], [76.95565279573202, 43.245949633419514], [76.95564609020948, 43.24594359844923], [76.95564407855272, 43.24593622237444], [76.95564474910498, 43.24592348188162], [76.95564609020948, 43.24591878801584], [76.95564944297075, 43.24591342359781], [76.95564944297075, 43.245910070836544], [76.95565145462751, 43.245906718075275], [76.95565346628428, 43.24589531868696], [76.9556574895978, 43.24588727205992], [76.95566352456808, 43.245867155492306], [76.95566486567259, 43.24586648494005], [76.9556662067771, 43.24586246162653], [76.95566821843386, 43.245861791074276], [76.95566821843386, 43.24586044996977], [76.95566955953836, 43.24586044996977], [76.9556749239564, 43.24585508555174], [76.95568431168795, 43.245851062238216], [76.95568833500147, 43.24586380273104], [76.95568967610598, 43.245865143835545], [76.95568967610598, 43.24586782604456], [76.95569235831499, 43.24587184935808], [76.95569235831499, 43.24587520211935], [76.955695040524, 43.24588056653738], [76.955695040524, 43.2458845898509], [76.95569906383753, 43.24589733034372], [76.95570040494204, 43.24591275304556], [76.95569906383753, 43.245915435254574], [76.95569772273302, 43.24592683464289], [76.95569638162851, 43.24593152850866], [76.95569235831499, 43.24593756347895], [76.95569235831499, 43.24594024568796], [76.95568632334471, 43.24594762176275], [76.95568364113569, 43.245948292315006], [76.95567961782217, 43.24595231562853], [76.95567358285189, 43.24595432728529], [76.95567090064287, 43.24595633894205], [76.95566017180681, 43.245957009494305]]]}, "properties": {"id": 409, "class": "road", "confidence": 100.0, "source": "Almaty_9", "source_model": "unet-roads", "centroid_wkt": "POINT (76.95567374670638 43.24590923172219)", "bbox": [76.95564407855272, 43.245851062238216, 76.95570040494204, 43.245957009494305], "pixel_bbox": [12143, 4100, 12227, 4258], "area_m2": 36.31}}, {"type": "Feature", "geometry": {"type": "Polygon", "coordinates": [[[76.94894392043352, 43.245788030326366], [76.94894459098577, 43.245786018669605], [76.94894660264254, 43.245786018669605], [76.94894526153803, 43.245780654251575], [76.94894727319479, 43.24577931314707], [76.94894794374704, 43.24577663093805], [76.94895062595606, 43.245775289833546], [76.94895397871733, 43.24577126652002], [76.94896470755339, 43.2457672432065], [76.94900963455439, 43.245767913758755], [76.94901566952467, 43.245769925415516], [76.949029751122, 43.24577193707228], [76.94903779774904, 43.245775289833546], [76.94904383271933, 43.24577461928129], [76.94904517382383, 43.24577730149031], [76.94904651492834, 43.24577461928129], [76.94904651492834, 43.24578534811735], [76.94904182106256, 43.245786018669605], [76.94904182106256, 43.245784007012844], [76.9490398094058, 43.245784007012844], [76.94904115051031, 43.24578534811735], [76.94903645664454, 43.24578735977411], [76.94894392043352, 43.245788030326366]]]}, "properties": {"id": 410, "class": "road", "confidence": 100.0, "source": "Almaty_9", "source_model": "unet-roads", "centroid_wkt": "POINT (76.94899415666819 43.24577821299944)", "bbox": [76.94894392043352, 43.2457672432065, 76.94904651492834, 43.245788030326366], "pixel_bbox": [2151, 4352, 2304, 4383], "area_m2": 15.82}}, {"type": "Feature", "geometry": {"type": "Polygon", "coordinates": [[[76.9564688578248, 43.24581351131201], [76.95646550506353, 43.24581015855074], [76.95646550506353, 43.24580881744623], [76.95646349340677, 43.24580814689398], [76.95646282285452, 43.24580546468496], [76.9564601406455, 43.2458034530282], [76.95645745843649, 43.24579808861017], [76.95645678788424, 43.245788030326366], [76.95645947009325, 43.24578735977411], [76.95645947009325, 43.24578333646059], [76.95646215230227, 43.245778642594814], [76.95646148175001, 43.24577663093805], [76.95646349340677, 43.24577461928129], [76.95646349340677, 43.24577193707228], [76.95646617561579, 43.245767913758755], [76.95646617561579, 43.24576389044523], [76.9564688578248, 43.24576187878847], [76.95646952837706, 43.245759196579456], [76.95647288113832, 43.2457585260272], [76.95647355169058, 43.245757184922695], [76.9564775750041, 43.245755173265934], [76.95648428052664, 43.245755173265934], [76.95648562163115, 43.24575651437044], [76.95649098604918, 43.24575785547495], [76.95649165660143, 43.245759196579456], [76.95649903267622, 43.24576321989298], [76.95649970322847, 43.24576523154974], [76.95650104433298, 43.24576523154974], [76.95650238543749, 43.245767913758755], [76.95650104433298, 43.245778642594814], [76.95649970322847, 43.24577931314707], [76.95649970322847, 43.245780654251575], [76.95649836212397, 43.245780654251575], [76.95649836212397, 43.24578199535608], [76.95649702101946, 43.24578199535608], [76.9564963504672, 43.245784007012844], [76.9564950093627, 43.245784007012844], [76.95649232715368, 43.24578668922186], [76.95649299770594, 43.245788030326366], [76.95648897439241, 43.245788030326366], [76.95648696273565, 43.24579004198313], [76.95648360997438, 43.24579741805792], [76.95648360997438, 43.24579942971468], [76.95648226886988, 43.24580010026693], [76.95648226886988, 43.245802111923695], [76.95648092776537, 43.2458034530282], [76.95648092776537, 43.24580546468496], [76.9564775750041, 43.24580881744623], [76.9564775750041, 43.24581015855074], [76.95647489279509, 43.245812840759754], [76.9564688578248, 43.24581351131201]]]}, "properties": {"id": 411, "class": "road", "confidence": 100.0, "source": "Almaty_9", "source_model": "unet-roads", "centroid_wkt": "POINT (76.95647817998507 43.24578140580184)", "bbox": [76.95645678788424, 43.245755173265934, 76.95650238543749, 43.24581351131201], "pixel_bbox": [13355, 4314, 13423, 4401], "area_m2": 14.666}}, {"type": "Feature", "geometry": {"type": "Polygon", "coordinates": [[[76.9539388641715, 43.24573438614607], [76.953937523067, 43.24573304504156], [76.95393215864897, 43.245731703937054], [76.95393081754446, 43.24572902172804], [76.95392545312643, 43.24572432786226], [76.95391070097685, 43.24571963399649], [76.95390198379755, 43.24571494013071], [76.95388790220022, 43.24571091681719], [76.95388723164797, 43.24570957571268], [76.95388454943895, 43.24570890516043], [76.95388454943895, 43.24570756405592], [76.95388186722994, 43.245704881846905], [76.95388186722994, 43.24570219963789], [76.95388723164797, 43.245697505772114], [76.95389728993177, 43.2456948235631], [76.95390399545431, 43.24569147080183], [76.95391070097685, 43.24569012969732], [76.95391204208136, 43.245688788592815], [76.95392478257418, 43.24568476527929], [76.9539301469922, 43.24568208307028], [76.95393081754446, 43.24568074196577], [76.95393282920122, 43.24568074196577], [76.95393349975348, 43.24567940086126], [76.95393551141024, 43.24567940086126], [76.95393618196249, 43.245678059756756], [76.95394020527601, 43.24567671865225], [76.95394422858953, 43.24567336589098], [76.95395831018686, 43.245670683681965], [76.95396233350039, 43.24567403644323], [76.9539650157094, 43.24567470699549], [76.95396903902292, 43.24567940086126], [76.95397038012743, 43.24567940086126], [76.95397038012743, 43.24568074196577], [76.95397440344095, 43.24568275362253], [76.95397775620222, 43.2456861063838], [76.95397775620222, 43.24568744748831], [76.95398110896349, 43.24569012969732], [76.95398110896349, 43.24569147080183], [76.95398513227701, 43.2456948235631], [76.95398513227701, 43.245696164667606], [76.95398915559053, 43.24569884687662], [76.95398982614279, 43.245702870190144], [76.9539925083518, 43.2457035407424], [76.95399384945631, 43.24570555239916], [76.95399586111307, 43.24570622295141], [76.95399653166533, 43.245710246264935], [76.95399854332209, 43.245712257921696], [76.95399854332209, 43.245715610682964], [76.95399452000856, 43.24572030454874], [76.95398848503828, 43.245722986757755], [76.95396300405264, 43.24572768062353], [76.95394892245531, 43.245733715593815], [76.9539388641715, 43.24573438614607]]]}, "properties": {"id": 412, "class": "road", "confidence": 100.0, "source": "Almaty_9", "source_model": "unet-roads", "centroid_wkt": "POINT (76.95394507802582 43.24570391868897)", "bbox": [76.95388186722994, 43.245670683681965, 76.95399854332209, 43.24573438614607], "pixel_bbox": [9515, 4432, 9689, 4527], "area_m2": 38.805}}, {"type": "Feature", "geometry": {"type": "Polygon", "coordinates": [[[76.95311140269041, 43.245746456086636], [76.95310067385435, 43.24574310332537], [76.95309530943632, 43.24574042111635], [76.95309463888407, 43.245739080011845], [76.95308927446604, 43.24573706835508], [76.95308860391378, 43.245735727250576], [76.95308391004801, 43.245733715593815], [76.95308189839125, 43.2457310333848], [76.95308055728674, 43.2457310333848], [76.95307452231646, 43.24572499841452], [76.95307184010744, 43.24572030454874], [76.95307184010744, 43.24571292847395], [76.95307318121195, 43.245710246264935], [76.95307988673449, 43.2457035407424], [76.95308793336153, 43.245699517428875], [76.95311140269041, 43.24569348245859], [76.95313956588507, 43.24569080024958], [76.95314224809408, 43.245688788592815], [76.95314694195986, 43.24568811804056], [76.95314895361662, 43.24568409472704], [76.95314761251211, 43.24568208307028], [76.95314090698957, 43.24567873030901], [76.95313822478056, 43.24567873030901], [76.95313084870577, 43.24567537754774], [76.95312481373549, 43.24567470699549], [76.95311944931746, 43.24567202478647], [76.95311542600393, 43.24567135423422], [76.95311207324266, 43.24566800147295], [76.95310536772013, 43.24566464871168], [76.95310335606337, 43.24566263705492], [76.95310335606337, 43.24566062539816], [76.95310201495886, 43.245659954845905], [76.95310268551111, 43.24565123766661], [76.95310939103365, 43.245647214353085], [76.95311207324266, 43.245647214353085], [76.95311542600393, 43.24564520269632], [76.95313353091478, 43.245641849935055], [76.95314023643732, 43.24563916772604], [76.95314694195986, 43.24563916772604], [76.95315431803465, 43.245636485517025], [76.95315700024366, 43.245636485517025], [76.95315767079592, 43.24563782662153], [76.9531623646617, 43.245639838278294], [76.95316504687071, 43.245639838278294], [76.95316638797522, 43.24563782662153], [76.95316638797522, 43.24568074196577], [76.9531637057662, 43.24567940086126], [76.95315632969141, 43.24568409472704], [76.95315767079592, 43.24568811804056], [76.95316035300493, 43.24569012969732], [76.95316102355719, 43.24569281190634], [76.9531623646617, 43.24569281190634], [76.9531637057662, 43.2456948235631], [76.95316638797522, 43.2456948235631], [76.95316638797522, 43.24573706835508], [76.95316504687071, 43.24573639780283], [76.95316035300493, 43.24573840945959], [76.95315632969141, 43.24573840945959], [76.95314358919859, 43.24574377387762], [76.9531362131238, 43.245744444429874], [76.95313084870577, 43.245746456086636], [76.95311140269041, 43.245746456086636]]]}, "properties": {"id": 413, "class": "road", "confidence": 100.0, "source": "Almaty_9", "source_model": "unet-roads", "centroid_wkt": "POINT (76.95312939789788 43.24569781538726)", "bbox": [76.95307184010744, 43.245636485517025, 76.95316638797522, 43.245746456086636], "pixel_bbox": [8307, 4414, 8448, 4578], "area_m2": 59.121}}, {"type": "Feature", "geometry": {"type": "Polygon", "coordinates": [[[76.9505438581109, 43.24571628123522], [76.95054184645414, 43.24571426957846], [76.95053581148386, 43.24571158736944], [76.95053245872259, 43.24570823460817], [76.95052977651358, 43.245699517428875], [76.95053044706583, 43.24569080024958], [76.95053447037935, 43.24568275362253], [76.95053849369287, 43.245678059756756], [76.95054050534964, 43.245670683681965], [76.95053849369287, 43.24565526098013], [76.95053849369287, 43.24564654380083], [76.95053983479738, 43.24564587324858], [76.95053983479738, 43.24564319103956], [76.9505438581109, 43.24563916772604], [76.9505438581109, 43.24563715606928], [76.95054519921541, 43.24563581496477], [76.95055324584246, 43.24563380330801], [76.95055861026049, 43.24563380330801], [76.95056866854429, 43.24563581496477], [76.95057068020105, 43.24563715606928], [76.95057403296232, 43.24563715606928], [76.95057805627584, 43.245639838278294], [76.95058140903711, 43.24564050883055], [76.95058207958937, 43.245641849935055], [76.95058543235064, 43.24564319103956], [76.95058610290289, 43.24564520269632], [76.95058811455965, 43.24564453214407], [76.95058811455965, 43.24564319103956], [76.95058945566416, 43.24564252048731], [76.95059012621641, 43.24564453214407], [76.95059146732092, 43.24564453214407], [76.95059146732092, 43.24570421129465], [76.95058543235064, 43.24570421129465], [76.95058409124613, 43.245706893503666], [76.95058207958937, 43.245706893503666], [76.9505800679326, 43.24570890516043], [76.95056866854429, 43.24571091681719], [76.95056397467852, 43.24571292847395], [76.95056062191725, 43.24571292847395], [76.95055726915598, 43.24571494013071], [76.95055458694696, 43.24571494013071], [76.95055391639471, 43.24571628123522], [76.9505438581109, 43.24571628123522]]]}, "properties": {"id": 414, "class": "road", "confidence": 100.0, "source": "Almaty_9", "source_model": "unet-roads", "centroid_wkt": "POINT (76.95056284126294 43.24567560029034)", "bbox": [76.95052977651358, 43.24563380330801, 76.95059146732092, 43.24571628123522], "pixel_bbox": [4516, 4459, 4608, 4582], "area_m2": 36.866}}, {"type": "Feature", "geometry": {"type": "Polygon", "coordinates": [[[76.94822777062654, 43.245672695338726], [76.94821771234274, 43.245667330920696], [76.94820899516344, 43.24565727263689], [76.94820765405893, 43.24565324932337], [76.94820631295443, 43.245652578771114], [76.94820430129766, 43.24564855545759], [76.9482022896409, 43.245639838278294], [76.9482009485364, 43.24563916772604], [76.94819625467062, 43.24562977999449], [76.94819491356611, 43.245629109442234], [76.94819424301386, 43.24562106281519], [76.9481922313571, 43.24561972171068], [76.9481922313571, 43.24561771005392], [76.94819692522287, 43.24561636894941], [76.94822911173105, 43.24561636894941], [76.94823447614908, 43.24561905115843], [76.9482371583581, 43.24562441557646], [76.94823984056711, 43.24562642723322], [76.94824319332838, 43.24563581496477], [76.94824319332838, 43.24565123766661], [76.94824118167162, 43.24566129595041], [76.94823984056711, 43.24566263705492], [76.94823984056711, 43.24566598981619], [76.9482371583581, 43.245670683681965], [76.94823313504457, 43.245672695338726], [76.94822777062654, 43.245672695338726]]]}, "properties": {"id": 415, "class": "road", "confidence": 100.0, "source": "Almaty_9", "source_model": "unet-roads", "centroid_wkt": "POINT (76.94822179354396 43.24564060850186)", "bbox": [76.9481922313571, 43.24561636894941, 76.94824319332838, 43.245672695338726], "pixel_bbox": [1030, 4524, 1106, 4608], "area_m2": 18.23}}, {"type": "Feature", "geometry": {"type": "Polygon", "coordinates": [[[76.95397306233644, 43.245641849935055], [76.95396568626165, 43.245639838278294], [76.95395965129137, 43.24563380330801], [76.95395965129137, 43.2456324622035], [76.9539549574256, 43.245629109442234], [76.9539549574256, 43.24562508612871], [76.95395696908236, 43.24562508612871], [76.95396032184362, 43.2456224039197], [76.95396032184362, 43.24562106281519], [76.95396166294813, 43.24562106281519], [76.95396032184362, 43.24561771005392], [76.95396300405264, 43.24561636894941], [76.953982450068, 43.24561636894941], [76.95399720221758, 43.24561771005392], [76.953982450068, 43.245620392262936], [76.95398177951574, 43.2456224039197], [76.95398312062025, 43.2456224039197], [76.95398446172476, 43.24562441557646], [76.95398647338152, 43.24562441557646], [76.95399049669504, 43.24562977999449], [76.95399049669504, 43.245634473860264], [76.95398714393377, 43.24563782662153], [76.95398714393377, 43.24563916772604], [76.9539837911725, 43.245641849935055], [76.95397306233644, 43.245641849935055]]]}, "properties": {"id": 416, "class": "road", "confidence": 100.0, "source": "Almaty_9", "source_model": "unet-roads", "centroid_wkt": "POINT (76.95397430921723 43.245628303799)", "bbox": [76.9539549574256, 43.24561636894941, 76.95399720221758, 43.245641849935055], "pixel_bbox": [9624, 4570, 9687, 4608], "area_m2": 6.335}}, {"type": "Feature", "geometry": {"type": "Polygon", "coordinates": [[[76.95165362209082, 43.24561636894941], [76.9516509398818, 43.2456136867404], [76.9516509398818, 43.24561033397913], [76.95165161043406, 43.24559960514307], [76.95165429264307, 43.24558887630701], [76.95165429264307, 43.245580829679966], [76.95165295153856, 43.245578818023205], [76.95165295153856, 43.24557613581419], [76.95165026932955, 43.245573453605175], [76.95164892822504, 43.245573453605175], [76.95164892822504, 43.24557211250067], [76.95164758712053, 43.24557211250067], [76.95164356380701, 43.245568089187145], [76.95164289325476, 43.245566077530384], [76.95164423435926, 43.245562724769115], [76.95164624601603, 43.24556205421686], [76.95164758712053, 43.2455600425601], [76.95165630429983, 43.24555668979883], [76.95166435092688, 43.24555668979883], [76.95166904479265, 43.24555870145559], [76.95167038589716, 43.2455687597394], [76.95167440921068, 43.24557211250067], [76.95168513804674, 43.2455774769187], [76.95168513804674, 43.245578818023205], [76.9516945257783, 43.2455875352025], [76.9516945257783, 43.24558887630701], [76.95170123130083, 43.24559558182955], [76.95170391350985, 43.2455962523818], [76.95170525461435, 43.24559826403856], [76.95170659571886, 43.24559826403856], [76.95170659571886, 43.24559960514307], [76.95170927792788, 43.245600275695324], [76.95170927792788, 43.24560161679983], [76.95171061903238, 43.24560161679983], [76.95171196013689, 43.245604299008846], [76.9517133012414, 43.245604299008846], [76.9517133012414, 43.245605640113354], [76.95171598345041, 43.245607651770115], [76.95171866565943, 43.245613016188145], [76.95172067731619, 43.2456136867404], [76.95171732455492, 43.24561636894941], [76.95165362209082, 43.24561636894941]]]}, "properties": {"id": 417, "class": "road", "confidence": 100.0, "source": "Almaty_9", "source_model": "unet-roads", "centroid_wkt": "POINT (76.95167574574603 43.24559277340118)", "bbox": [76.95164289325476, 43.24555668979883, 76.95172067731619, 43.24561636894941], "pixel_bbox": [6176, 4608, 6292, 4697], "area_m2": 22.575}}, {"type": "Feature", "geometry": {"type": "Polygon", "coordinates": [[[76.94857377558947, 43.24561636894941], [76.94857310503721, 43.245615027844906], [76.94857444614172, 43.2456136867404], [76.94857310503721, 43.24561234563589], [76.94857109338045, 43.24561234563589], [76.9485704228282, 43.24560899287462], [76.94856841117144, 43.24560698121786], [76.94856841117144, 43.24560362845659], [76.94856572896242, 43.24559960514307], [76.94856639951468, 43.245596922934055], [76.94856774061918, 43.245596922934055], [76.94856841117144, 43.24559088796377], [76.94856975227594, 43.24559021741152], [76.94857109338045, 43.245586194097996], [76.94857779890299, 43.24558351188898], [76.9485791400075, 43.24558150023222], [76.94858450442553, 43.245578818023205], [76.94860462099314, 43.245575465261936], [76.94860864430666, 43.24557278305292], [76.94861065596342, 43.24557278305292], [76.94861467927694, 43.245570100843906], [76.94861937314272, 43.2455687597394], [76.94862004369497, 43.24556741863489], [76.94864016026258, 43.245557360351086], [76.94865692406893, 43.24555333703756], [76.9486689940095, 43.24555333703756], [76.94868039339781, 43.245555348694324], [76.94869179278612, 43.2455600425601], [76.94869246333838, 43.24556138366461], [76.94869514554739, 43.24556205421686], [76.94869581609964, 43.24556339532137], [76.94869983941317, 43.24556540697813], [76.94870185106993, 43.24556540697813], [76.94870319217443, 43.24556674808264], [76.94870319217443, 43.245591558516026], [76.94870453327894, 43.24558552354574], [76.9487052038312, 43.2455875352025], [76.9487065449357, 43.245586194097996], [76.9487065449357, 43.2455875352025], [76.94870922714472, 43.24558820575476], [76.94871190935373, 43.24559088796377], [76.9487239792943, 43.24559289962053], [76.94873537868261, 43.24559289962053], [76.9487501308322, 43.24559021741152], [76.94875616580248, 43.24559021741152], [76.94875951856375, 43.24558887630701], [76.94876555353403, 43.24558887630701], [76.94877628237009, 43.245586194097996], [76.9487876817584, 43.24558552354574], [76.94880846887827, 43.245589546859264], [76.94880980998278, 43.24559088796377], [76.94881651550531, 43.24559222906828], [76.94881785660982, 43.24559357017279], [76.9488238915801, 43.245594911277294], [76.94882858544588, 43.24559759348631], [76.94883193820715, 43.24559759348631], [76.9488413259387, 43.245600275695324], [76.94885272532701, 43.24560094624758], [76.94885406643152, 43.24559960514307], [76.94885741919279, 43.24559893459082], [76.9488587602973, 43.24559960514307], [76.9488674774766, 43.24559826403856], [76.94887217134237, 43.24559960514307], [76.94887418299913, 43.245596922934055], [76.94887485355139, 43.245605640113354], [76.9488761946559, 43.245604299008846], [76.94887820631266, 43.245605640113354], [76.94888088852167, 43.245605640113354], [76.94888222962618, 43.24560698121786], [76.9488849118352, 43.24560698121786], [76.94889094680548, 43.24561033397913], [76.94889027625322, 43.245613016188145], [76.94889295846224, 43.2456136867404], [76.94889295846224, 43.245615027844906], [76.94889161735773, 43.24561569839716], [76.9488849118352, 43.24561636894941], [76.94887686520815, 43.24561636894941], [76.94887552410364, 43.245615027844906], [76.94887284189463, 43.24561636894941], [76.9487052038312, 43.24561636894941], [76.94870386272669, 43.245615027844906], [76.94870252162218, 43.245615027844906], [76.94870185106993, 43.24561636894941], [76.94857377558947, 43.24561636894941]]]}, "properties": {"id": 418, "class": "road", "confidence": 100.0, "source": "Almaty_9", "source_model": "unet-roads", "centroid_wkt": "POINT (76.94869802657294 43.24559497325755)", "bbox": [76.94856572896242, 43.24555333703756, 76.94889295846224, 43.24561636894941], "pixel_bbox": [1587, 4608, 2075, 4702], "area_m2": 99.902}}, {"type": "Feature", "geometry": {"type": "Polygon", "coordinates": [[[76.9560718908906, 43.24562642723322], [76.95606585592031, 43.24562441557646], [76.95605713874102, 43.245623745024204], [76.9560457393527, 43.245618380606174], [76.9560457393527, 43.24561636894941], [76.95604171603918, 43.24561636894941], [76.95604171603918, 43.24561435729265], [76.95603836327791, 43.24561100453138], [76.9560356810689, 43.24560295790434], [76.95603501051664, 43.245591558516026], [76.95603165775537, 43.24558217078447], [76.95603232830763, 43.245568089187145], [76.95603433996439, 43.24556406587362], [76.95604037493467, 43.24555803090334], [76.95605043321848, 43.24555266648531], [76.95606049150229, 43.245549984276295], [76.95607122033834, 43.24554864317179], [76.95607792586088, 43.24554931372404], [76.95607993751764, 43.24555065482855], [76.95608396083117, 43.24555065482855], [76.95608463138342, 43.24554931372404], [76.95608530193567, 43.24555870145559], [76.95608865469694, 43.24555870145559], [76.95609871298075, 43.24556205421686], [76.95610407739878, 43.24556473642588], [76.9561094418168, 43.245570100843906], [76.9561094418168, 43.245571441948414], [76.95611145347357, 43.245573453605175], [76.95611346513033, 43.245580829679966], [76.95611279457808, 43.2455875352025], [76.95611145347357, 43.24558887630701], [76.95611078292131, 43.24559357017279], [76.95610877126455, 43.24559558182955], [76.9561081007123, 43.24559893459082], [76.95610608905554, 43.24559960514307], [76.95610273629427, 43.245607651770115], [76.9560980424285, 43.245609663426876], [76.95609737187624, 43.24561100453138], [76.95609536021948, 43.24561100453138], [76.95609468966722, 43.24561234563589], [76.95609267801046, 43.24561234563589], [76.95608798414469, 43.24561636894941], [76.95608463138342, 43.24561636894941], [76.95608463138342, 43.24562441557646], [76.95608261972666, 43.24562173336744], [76.95608127862215, 43.24562173336744], [76.95608127862215, 43.24562307447195], [76.95607792586088, 43.245623745024204], [76.95607658475637, 43.245625756680965], [76.9560718908906, 43.24562642723322]]]}, "properties": {"id": 419, "class": "road", "confidence": 100.0, "source": "Almaty_9", "source_model": "unet-roads", "centroid_wkt": "POINT (76.95607053198249 43.24558601973817)", "bbox": [76.95603165775537, 43.24554864317179, 76.95611346513033, 43.24562642723322], "pixel_bbox": [12721, 4593, 12843, 4709], "area_m2": 42.428}}, {"type": "Feature", "geometry": {"type": "Polygon", "coordinates": [[[76.94818753749132, 43.24556138366461], [76.94818619638681, 43.245555348694324], [76.94818217307329, 43.245555348694324], [76.94818083196878, 43.24555333703756], [76.94817680865526, 43.245551995933056], [76.94817680865526, 43.24555065482855], [76.9481747969985, 43.24554931372404], [76.94817278534174, 43.24554529041052], [76.94817278534174, 43.24553858488798], [76.9481747969985, 43.24553456157446], [76.94817747920752, 43.2455325499177], [76.94817747920752, 43.24553120881319], [76.94817949086428, 43.24553053826094], [76.94818150252104, 43.24552785605192], [76.94818619638681, 43.24552785605192], [76.94818753749132, 43.245526514947414], [76.94818820804358, 43.245523162186146], [76.94818753749132, 43.24556138366461]]]}, "properties": {"id": 420, "class": "road", "confidence": 100.0, "source": "Almaty_9", "source_model": "unet-roads", "centroid_wkt": "POINT (76.9481818906232 43.245541294245754)", "bbox": [76.94817278534174, 43.245523162186146, 76.94818820804358, 43.24556138366461], "pixel_bbox": [1001, 4690, 1024, 4747], "area_m2": 3.081}}, {"type": "Feature", "geometry": {"type": "Polygon", "coordinates": [[[76.95378731936216, 43.245609663426876], [76.95377189666033, 43.24560698121786], [76.9537665322423, 43.245604299008846], [76.95376586169004, 43.24560295790434], [76.95375647395849, 43.24559893459082], [76.9537477567792, 43.24559088796377], [76.95374641567469, 43.24559088796377], [76.95374306291342, 43.2455875352025], [76.95374105125666, 43.24558351188898], [76.95374105125666, 43.24557814747095], [76.95374239236116, 43.245576806366444], [76.95374306291342, 43.24557278305292], [76.95374641567469, 43.2455687597394], [76.95374641567469, 43.24556674808264], [76.9537477567792, 43.245566077530384], [76.95375178009272, 43.24555803090334], [76.95375379174948, 43.2455513253808], [76.95375312119722, 43.24554059654474], [76.95375110954046, 43.24553657323122], [76.95374507457018, 43.24553120881319], [76.95374373346567, 43.24552517384291], [76.95374507457018, 43.24552249163389], [76.9537490978837, 43.24551913887262], [76.95376452058554, 43.245512433350086], [76.95379737764597, 43.245507068932056], [76.95380944758654, 43.245503045618534], [76.95382621139288, 43.24550170451403], [76.95384364575148, 43.24550170451403], [76.95385035127401, 43.24550371617079], [76.95385303348303, 43.245503045618534], [76.95385370403528, 43.24551310390234], [76.95385839790106, 43.245515786111355], [76.95386175066233, 43.24552047997713], [76.95386443287134, 43.245521150529385], [76.95386443287134, 43.24552249163389], [76.95386778563261, 43.24552584439516], [76.95387315005064, 43.24552785605192], [76.95387650281191, 43.24552785605192], [76.95387985557318, 43.24553053826094], [76.95388924330473, 43.245531879365444], [76.95389460772276, 43.24553053826094], [76.9539100304246, 43.24553053826094], [76.95392813533545, 43.24552785605192], [76.95397574454546, 43.24552785605192], [76.95398781448603, 43.24553053826094], [76.95398915559053, 43.245531879365444], [76.9539998844266, 43.24553523212671], [76.95400457829237, 43.24553791433573], [76.95400524884462, 43.24553992599249], [76.95400658994913, 43.24553992599249], [76.95401061326265, 43.24554529041052], [76.95401061326265, 43.24554864317179], [76.95400927215815, 43.24554931372404], [76.95400927215815, 43.24555065482855], [76.9540012255311, 43.24555668979883], [76.95399921387434, 43.24555668979883], [76.95399854332209, 43.24555803090334], [76.95399049669504, 43.24556205421686], [76.95398848503828, 43.24556205421686], [76.95398781448603, 43.24556339532137], [76.95398580282927, 43.24556339532137], [76.95398513227701, 43.24556473642588], [76.95398312062025, 43.24556473642588], [76.95397909730673, 43.24556741863489], [76.95397708564997, 43.24556741863489], [76.9539737328887, 43.245570100843906], [76.95396836847067, 43.245571441948414], [76.95396434515715, 43.24557412415743], [76.95395361632109, 43.245576806366444], [76.95394825190306, 43.245575465261936], [76.9539475813508, 43.24557412415743], [76.95394489914179, 43.245573453605175], [76.95394288748503, 43.24557077139616], [76.95393618196249, 43.24556943029165], [76.95393215864897, 43.24556741863489], [76.95392679423094, 43.24556205421686], [76.95391204208136, 43.24555467814207], [76.95390600711107, 43.24555333703756], [76.95389527827501, 43.24555400758982], [76.953892596066, 43.245555348694324], [76.95389058440924, 43.24555467814207], [76.95388320833445, 43.24556339532137], [76.9538751617074, 43.24556674808264], [76.9538738206029, 43.2455687597394], [76.95387247949839, 43.2455687597394], [76.95386912673712, 43.24557211250067], [76.9538651034236, 43.245573453605175], [76.95386175066233, 43.245576806366444], [76.9538563862443, 43.2455774769187], [76.95385370403528, 43.24557479470968], [76.95385303348303, 43.24560362845659], [76.95384632796049, 43.24560362845659], [76.95384498685598, 43.2456049695611], [76.95384163409472, 43.245605640113354], [76.95383157581091, 43.2456049695611], [76.95382688194513, 43.24560295790434], [76.95381749421358, 43.24560362845659], [76.95381548255682, 43.2456049695611], [76.9538114592433, 43.2456049695611], [76.95381078869104, 43.24560631066561], [76.95380475372076, 43.24560832232237], [76.95378731936216, 43.245609663426876]]]}, "properties": {"id": 421, "class": "road", "confidence": 100.0, "source": "Almaty_9", "source_model": "unet-roads", "centroid_wkt": "POINT (76.95384661726462 43.24555278804277)", "bbox": [76.95374105125666, 43.24550170451403, 76.95401061326265, 43.245609663426876], "pixel_bbox": [9305, 4618, 9707, 4779], "area_m2": 144.045}}, {"type": "Feature", "geometry": {"type": "Polygon", "coordinates": [[[76.95641253143549, 43.245537243783474], [76.95641119033098, 43.24553590267897], [76.95640783756971, 43.24553523212671], [76.95640381425619, 43.24553120881319], [76.95640314370394, 43.24552785605192], [76.95640113204718, 43.24552517384291], [76.95639979094267, 43.24551846832037], [76.95640046149492, 43.245515786111355], [76.95640180259943, 43.2455151155591], [76.95640247315168, 43.24551176279783], [76.95640582591295, 43.245508410036564], [76.9564064964652, 43.24550572782755], [76.95640783756971, 43.24550572782755], [76.95641051977873, 43.245503045618534], [76.95641320198774, 43.24550170451403], [76.95642460137606, 43.24550170451403], [76.95642460137606, 43.24550036340952], [76.95642795413733, 43.24549902230501], [76.95642795413733, 43.24553590267897], [76.95642661303282, 43.24553657323122], [76.95642460137606, 43.24553523212671], [76.95642191916704, 43.245537243783474], [76.95641253143549, 43.245537243783474]]]}, "properties": {"id": 422, "class": "road", "confidence": 100.0, "source": "Almaty_9", "source_model": "unet-roads", "centroid_wkt": "POINT (76.95641610415876 43.245519039913425)", "bbox": [76.95639979094267, 43.24549902230501, 76.95642795413733, 43.245537243783474], "pixel_bbox": [13270, 4726, 13312, 4783], "area_m2": 7.652}}, {"type": "Feature", "geometry": {"type": "Polygon", "coordinates": [[[76.95277880877256, 43.24551109224558], [76.95277009159327, 43.245507068932056], [76.9527680799365, 43.245507068932056], [76.952766738832, 43.24550572782755], [76.95276472717524, 43.24550572782755], [76.9527593627572, 43.24550237506628], [76.95275399833918, 43.24550103396177], [76.95275265723467, 43.24550170451403], [76.95274595171213, 43.24549835175276], [76.95273991674185, 43.245497681200504], [76.95273790508509, 43.245496340096], [76.95273723453283, 43.245494328439236], [76.95273857563734, 43.245494328439236], [76.9527392461896, 43.245492316782475], [76.95274394005537, 43.24548963457346], [76.95275265723467, 43.24548963457346], [76.95275399833918, 43.24549097567797], [76.95275735110044, 43.24549097567797], [76.95276003330946, 43.245492316782475], [76.95276606827974, 43.245492316782475], [76.9527680799365, 43.24549097567797], [76.95277344435453, 43.24549097567797], [76.95277612656355, 43.24548963457346], [76.95278350263834, 43.24548963457346], [76.95278685539961, 43.24549030512571], [76.95278819650412, 43.24549164623022], [76.9527955725789, 43.24549164623022], [76.95280093699694, 43.24549499899149], [76.95280160754919, 43.24550036340952], [76.95279959589243, 43.245503045618534], [76.95279959589243, 43.245505057275295], [76.95279825478792, 43.245505057275295], [76.95279691368341, 43.24550773948431], [76.95278886705637, 43.24551109224558], [76.95277880877256, 43.24551109224558]]]}, "properties": {"id": 423, "class": "road", "confidence": 100.0, "source": "Almaty_9", "source_model": "unet-roads", "centroid_wkt": "POINT (76.95277435120141 43.2454985607633)", "bbox": [76.95273723453283, 43.24548963457346, 76.95280160754919, 43.24551109224558], "pixel_bbox": [7808, 4765, 7904, 4797], "area_m2": 8.126}}, {"type": "Feature", "geometry": {"type": "Polygon", "coordinates": [[[76.94818753749132, 43.24550975114107], [76.94818686693907, 43.24550371617079], [76.94818552583456, 43.245503045618534], [76.94818418473005, 43.24550438672304], [76.94818016141653, 43.24550237506628], [76.94817949086428, 43.24550036340952], [76.94817680865526, 43.24549835175276], [76.9481747969985, 43.245494328439236], [76.9481747969985, 43.24548427015543], [76.94817680865526, 43.245479576289654], [76.94818217307329, 43.245474211871624], [76.9481848552823, 43.245474211871624], [76.94818686693907, 43.24547287076712], [76.94818820804358, 43.24546750634909], [76.94818753749132, 43.24550975114107]]]}, "properties": {"id": 424, "class": "road", "confidence": 100.0, "source": "Almaty_9", "source_model": "unet-roads", "centroid_wkt": "POINT (76.94818257279093 43.24548831780351)", "bbox": [76.9481747969985, 43.24546750634909, 76.94818820804358, 43.24550975114107], "pixel_bbox": [1004, 4767, 1024, 4830], "area_m2": 3.018}}, {"type": "Feature", "geometry": {"type": "Polygon", "coordinates": [[[76.95282239466906, 43.245499692857265], [76.95282105356455, 43.245494328439236], [76.95281770080328, 43.245494328439236], [76.95281568914652, 43.245492316782475], [76.95281568914652, 43.24548561125994], [76.95281904190779, 43.245478235185146], [76.9528217241168, 43.24547689408064], [76.95282306522131, 43.24547354131937], [76.95282306522131, 43.24546080082655], [76.95285726338625, 43.24546080082655], [76.95287000387907, 43.245465494692326], [76.95287134498358, 43.24546750634909], [76.95287335664034, 43.24546817690134], [76.95287402719259, 43.245470859110355], [76.95287603884935, 43.24547220021486], [76.95287603884935, 43.24548225849867], [76.95287268608809, 43.24548561125994], [76.95287067443132, 43.24548561125994], [76.95287000387907, 43.245486952364445], [76.95286262780428, 43.24549030512571], [76.95286195725203, 43.24549164623022], [76.95285994559526, 43.24549164623022], [76.95285458117723, 43.245494328439236], [76.95284385234118, 43.24549499899149], [76.95284117013216, 43.245496340096], [76.95283111184835, 43.245497681200504], [76.95282373577356, 43.24549566954374], [76.95282239466906, 43.245499692857265]]]}, "properties": {"id": 425, "class": "road", "confidence": 100.0, "source": "Almaty_9", "source_model": "unet-roads", "centroid_wkt": "POINT (76.95284522308835 43.24547814330294)", "bbox": [76.95281568914652, 43.24546080082655, 76.95287603884935, 43.245499692857265], "pixel_bbox": [7925, 4782, 8015, 4840], "area_m2": 15.808}}, {"type": "Feature", "geometry": {"type": "Polygon", "coordinates": [[[76.94854896515608, 43.24553322046995], [76.94854829460382, 43.245531879365444], [76.94854561239481, 43.24553120881319], [76.94853957742453, 43.24553120881319], [76.94853689521551, 43.24552182108164], [76.9485342130065, 43.24551980942488], [76.9485342130065, 43.245503045618534], [76.94853689521551, 43.24550103396177], [76.94853756576777, 43.24549499899149], [76.94853890687227, 43.24549499899149], [76.94853957742453, 43.24549298733473], [76.94854158908129, 43.245492316782475], [76.94854158908129, 43.24549097567797], [76.94854762405157, 43.24548963457346], [76.94855432957411, 43.24549030512571], [76.94855835288763, 43.245488964021206], [76.94857645779848, 43.24548963457346], [76.94858316332102, 43.24549164623022], [76.94859053939581, 43.24549164623022], [76.94859389215708, 43.24549030512571], [76.94859657436609, 43.245486952364445], [76.94859724491835, 43.24548427015543], [76.94859858602285, 43.245483599603176], [76.94860059767962, 43.245478235185146], [76.94860327988863, 43.24547555297613], [76.94860395044088, 43.24547152966261], [76.94860596209764, 43.24546817690134], [76.94860730320215, 43.24545945972204], [76.94861132651567, 43.245451413095], [76.94861400872469, 43.245449401438236], [76.94861266762018, 43.24544604867697], [76.94861467927694, 43.245445378124714], [76.94867435842752, 43.24544470757246], [76.9486777111888, 43.24544604867697], [76.94867569953203, 43.245447389781475], [76.94867502897978, 43.245449401438236], [76.94867502897978, 43.24546281248331], [76.94867301732302, 43.24546616524458], [76.94867301732302, 43.245468847453594], [76.948670335114, 43.24547287076712], [76.948670335114, 43.24547555297613], [76.9486689940095, 43.24547689408064], [76.94866765290499, 43.24548292905092], [76.94866362959146, 43.24548829346895], [76.94866362959146, 43.24548963457346], [76.94866228848696, 43.24549030512571], [76.94866228848696, 43.24549164623022], [76.94865692406893, 43.24549701064825], [76.94865424185991, 43.245497681200504], [76.9486529007554, 43.245499692857265], [76.94864954799414, 43.24550036340952], [76.94864820688963, 43.24550170451403], [76.94863479584455, 43.245505057275295], [76.9486166909337, 43.245505057275295], [76.94859724491835, 43.245499692857265], [76.94859188050032, 43.24550036340952], [76.94859053939581, 43.24550237506628], [76.94858718663454, 43.24550371617079], [76.94858718663454, 43.245505057275295], [76.94858316332102, 43.245508410036564], [76.94858316332102, 43.245510421693325], [76.94857981055975, 43.245513774454594], [76.94857846945524, 43.245517797768116], [76.94857243448496, 43.24552517384291], [76.94856908172369, 43.24552584439516], [76.94856774061918, 43.24552785605192], [76.94856639951468, 43.24552785605192], [76.94856639951468, 43.24552919715643], [76.94856438785791, 43.24553120881319], [76.9485617056489, 43.24553120881319], [76.94855835288763, 43.24553322046995], [76.94854896515608, 43.24553322046995]]]}, "properties": {"id": 426, "class": "road", "confidence": 100.0, "source": "Almaty_9", "source_model": "unet-roads", "centroid_wkt": "POINT (76.94861081904246 43.24548527019692)", "bbox": [76.9485342130065, 43.24544470757246, 76.9486777111888, 43.24553322046995], "pixel_bbox": [1540, 4732, 1754, 4864], "area_m2": 51.79}}, {"type": "Feature", "geometry": {"type": "Polygon", "coordinates": [[[76.95263799279928, 43.24544470757246], [76.95263933390379, 43.24544336646795], [76.95264134556055, 43.24544336646795], [76.9526406750083, 43.245442025363445], [76.9526420161128, 43.245442025363445], [76.95264335721731, 43.245440013706684], [76.95265006273985, 43.24543934315443], [76.95265140384436, 43.24543531984091], [76.95265207439661, 43.24543733149767], [76.95265408605337, 43.24543800204992], [76.9526581093669, 43.245434649288654], [76.95266280323267, 43.245434649288654], [76.95266682654619, 43.24543330818415], [76.95266749709845, 43.24543196707964], [76.95267420262098, 43.245429284870625], [76.95267487317324, 43.24542794376612], [76.95267889648676, 43.245425932109356], [76.95268493145704, 43.2454252615571], [76.95269096642733, 43.24542257934809], [76.95269767194986, 43.24542123824358], [76.9527030363679, 43.245421908795834], [76.95270638912916, 43.245423920452595], [76.95271108299494, 43.24542459100485], [76.95271912962198, 43.24542794376612], [76.95272449404001, 43.24542861431837], [76.95273455232382, 43.24543263763189], [76.95274259895086, 43.2454339787364], [76.95274461060762, 43.24543531984091], [76.95274863392115, 43.24543531984091], [76.95274997502565, 43.245436660945415], [76.95275533944368, 43.24543800204992], [76.95275600999594, 43.24544068425894], [76.95275399833918, 43.24544135481119], [76.95275533944368, 43.2454426959157], [76.95275735110044, 43.2454426959157], [76.95275735110044, 43.24544403702021], [76.95275600999594, 43.24544470757246], [76.9526507332921, 43.24544470757246], [76.9526507332921, 43.245442025363445], [76.95264872163534, 43.245442025363445], [76.95264805108309, 43.24544470757246], [76.95263799279928, 43.24544470757246]]]}, "properties": {"id": 427, "class": "road", "confidence": 100.0, "source": "Almaty_9", "source_model": "unet-roads", "centroid_wkt": "POINT (76.95270079768314 43.245436035267595)", "bbox": [76.95263799279928, 43.24542123824358, 76.95275735110044, 43.24544470757246], "pixel_bbox": [7660, 4864, 7838, 4899], "area_m2": 14.853}}, {"type": "Feature", "geometry": {"type": "Polygon", "coordinates": [[[76.94825526326895, 43.245512433350086], [76.94825191050768, 43.245510421693325], [76.94824989885092, 43.245510421693325], [76.94824922829866, 43.24550908058882], [76.9482472166419, 43.24550908058882], [76.94824051111937, 43.245503045618534], [76.94823917001486, 43.245503045618534], [76.9482384994626, 43.24550103396177], [76.94823313504457, 43.245496340096], [76.94823313504457, 43.24549499899149], [76.9482297822833, 43.24549164623022], [76.94822642952204, 43.24549030512571], [76.94822307676077, 43.24548628181219], [76.94821704179049, 43.245484940707684], [76.94821167737246, 43.24548091739416], [76.94821167737246, 43.245474211871624], [76.94821435958147, 43.2454701885581], [76.94821570068598, 43.245465494692326], [76.94821838289499, 43.24546281248331], [76.9482197239995, 43.24545878916979], [76.94822106510401, 43.245458118617535], [76.94822508841753, 43.245450742542744], [76.94822508841753, 43.24544604867697], [76.94822710007429, 43.245445378124714], [76.94822441786528, 43.24544470757246], [76.94822441786528, 43.245429284870625], [76.94822106510401, 43.245413191616535], [76.94822240620852, 43.245406486094], [76.94822240620852, 43.24539575725794], [76.94822710007429, 43.2453890517354], [76.9482371583581, 43.24538569897413], [76.94824520498514, 43.24538569897413], [76.94825392216444, 43.2453890517354], [76.94825794547796, 43.24539240449667], [76.94826263934374, 43.24539307504892], [76.94826666265726, 43.245395086705685], [76.94826733320951, 43.24539642781019], [76.94827403873205, 43.2453977689147], [76.94827806204557, 43.24540313333273], [76.94828007370234, 43.24541050940752], [76.94827940315008, 43.24542459100485], [76.94828141480684, 43.24542861431837], [76.94828141480684, 43.24544135481119], [76.94827940315008, 43.24544135481119], [76.94827873259783, 43.24544336646795], [76.9482820853591, 43.24544403702021], [76.94827873259783, 43.245445378124714], [76.94827873259783, 43.24548024684191], [76.94828074425459, 43.245492316782475], [76.94828007370234, 43.24550036340952], [76.94827135652304, 43.245508410036564], [76.94826800376177, 43.245508410036564], [76.94826666265726, 43.245510421693325], [76.94826062768698, 43.245512433350086], [76.94825526326895, 43.245512433350086]]]}, "properties": {"id": 428, "class": "road", "confidence": 100.0, "source": "Almaty_9", "source_model": "unet-roads", "centroid_wkt": "POINT (76.94825079182625 43.24544833598393)", "bbox": [76.94821167737246, 43.24538569897413, 76.9482820853591, 43.245512433350086], "pixel_bbox": [1059, 4763, 1164, 4952], "area_m2": 59.663}}, {"type": "Feature", "geometry": {"type": "Polygon", "coordinates": [[[76.9534795358777, 43.24540514498949], [76.95347551256418, 43.24540313333273], [76.95347417145967, 43.24540112167597], [76.9534694775939, 43.24539911001921], [76.9534607604146, 43.24539039283991], [76.95346008986235, 43.245387710630894], [76.95345807820559, 43.245386369526386], [76.95345673710108, 43.245382346212864], [76.95345539599657, 43.24538167566061], [76.95345271378756, 43.24537631124258], [76.95345271378756, 43.24536893516779], [76.95345405489206, 43.24536893516779], [76.95345539599657, 43.24536558240652], [76.9534594193101, 43.24536357074976], [76.9534607604146, 43.245361559093], [76.95347215980291, 43.245357535779476], [76.9534869119525, 43.245358876883984], [76.95349495857954, 43.245361559093], [76.95349831134081, 43.245361559093], [76.95350032299757, 43.245362900197506], [76.95350367575884, 43.245362900197506], [76.95350367575884, 43.24536424130201], [76.95350501686335, 43.24536491185427], [76.95350635796785, 43.245362900197506], [76.95350836962461, 43.24536357074976], [76.95350971072912, 43.245360888540745], [76.95350971072912, 43.24540380388498], [76.95350904017687, 43.24540112167597], [76.95350702852011, 43.24540112167597], [76.95350702852011, 43.245402462780476], [76.95350367575884, 43.24540179222822], [76.95350367575884, 43.24540380388498], [76.95350233465433, 43.24540380388498], [76.95350233465433, 43.24540514498949], [76.95349965244532, 43.24540514498949], [76.95349898189306, 43.24540380388498], [76.95349629968405, 43.24540380388498], [76.95349428802729, 43.245402462780476], [76.95348892360926, 43.245402462780476], [76.9534869119525, 43.24540380388498], [76.95348422974348, 43.24540380388498], [76.95348288863897, 43.24540514498949], [76.9534795358777, 43.24540514498949]]]}, "properties": {"id": 429, "class": "road", "confidence": 100.0, "source": "Almaty_9", "source_model": "unet-roads", "centroid_wkt": "POINT (76.95348403026543 43.24538024208452)", "bbox": [76.95345271378756, 43.245357535779476, 76.95350971072912, 43.24540514498949], "pixel_bbox": [8875, 4923, 8960, 4994], "area_m2": 19.559}}, {"type": "Feature", "geometry": {"type": "Polygon", "coordinates": [[[76.95360023528337, 43.24538301676512], [76.95358883589506, 43.245378993451595], [76.9535868242383, 43.24537631124258], [76.95358548313379, 43.24537631124258], [76.95358548313379, 43.24537497013807], [76.95358347147703, 43.24537295848131], [76.95358347147703, 43.24536692351103], [76.95358615368605, 43.245361559093], [76.95359285920858, 43.24535619467497], [76.95359889417887, 43.24535418301821], [76.95360761135817, 43.245353512465954], [76.95361968129873, 43.245355524122715], [76.95364516228437, 43.24535686522722], [76.95365656167269, 43.24535954743624], [76.95366594940424, 43.24536357074976], [76.95366863161325, 43.24536357074976], [76.95367198437452, 43.245366252958775], [76.95367466658354, 43.24536491185427], [76.95368137210608, 43.24536491185427], [76.95368137210608, 43.245378993451595], [76.95368070155382, 43.24537765234709], [76.95367198437452, 43.24537765234709], [76.95366863161325, 43.245378993451595], [76.95365857332945, 43.24537966400385], [76.95364985615015, 43.24538167566061], [76.95361632853746, 43.24538167566061], [76.95360895246267, 43.24538301676512], [76.95360023528337, 43.24538301676512]]]}, "properties": {"id": 430, "class": "road", "confidence": 100.0, "source": "Almaty_9", "source_model": "unet-roads", "centroid_wkt": "POINT (76.95362884969451 43.24536885211921)", "bbox": [76.95358347147703, 43.245353512465954, 76.95368137210608, 43.24538301676512], "pixel_bbox": [9070, 4956, 9216, 5000], "area_m2": 19.788}}, {"type": "Feature", "geometry": {"type": "Polygon", "coordinates": [[[76.94790925830603, 43.245618380606174], [76.94790724664927, 43.24561636894941], [76.94790456444025, 43.24561636894941], [76.9479052349925, 43.245615027844906], [76.94790054112673, 43.245613016188145], [76.94790054112673, 43.24561167508364], [76.94789785891771, 43.245609663426876], [76.94789718836546, 43.24560631066561], [76.9478951767087, 43.245604299008846], [76.94789249449968, 43.24559826403856], [76.94788914173841, 43.24558284133673], [76.94788780063391, 43.2455687597394], [76.94788780063391, 43.24554193764925], [76.94788914173841, 43.24553456157446], [76.94788847118616, 43.24549365788698], [76.94789048284292, 43.245483599603176], [76.94789048284292, 43.24547756463289], [76.9478951767087, 43.245458118617535], [76.94790054112673, 43.24545208364725], [76.94790054112673, 43.24544806033373], [76.94789920002222, 43.24544806033373], [76.94789852946997, 43.24544604867697], [76.94790054112673, 43.24544604867697], [76.94790188223124, 43.24544470757246], [76.94790590554476, 43.24544470757246], [76.94790724664927, 43.24544336646795], [76.94791059941053, 43.24542257934809], [76.94791328161955, 43.24541788548231], [76.94791529327631, 43.24540983885527], [76.94791797548532, 43.245406486094], [76.94792065769434, 43.24540112167597], [76.94792065769434, 43.24539911001921], [76.94792199879885, 43.24539843946695], [76.94792199879885, 43.24539642781019], [76.94792401045561, 43.24539374560118], [76.94792803376913, 43.24538167566061], [76.94792803376913, 43.245378993451595], [76.94793004542589, 43.24537497013807], [76.94793205708265, 43.24536021798849], [76.94793473929167, 43.24535485357046], [76.94793876260519, 43.245350159704685], [76.94794680923223, 43.245348148047924], [76.94794949144125, 43.245350159704685], [76.94795150309801, 43.24535485357046], [76.94795686751604, 43.24535954743624], [76.9479575380683, 43.24536222964525], [76.94795954972506, 43.24536357074976], [76.94796089082956, 43.24536759406328], [76.94796223193407, 43.245368264615536], [76.94796357303858, 43.24537631124258], [76.94796692579985, 43.245386369526386], [76.94797027856112, 43.245391733944416], [76.94797161966562, 43.245406486094], [76.94797363132238, 43.24541587382555], [76.94797296077013, 43.24541989713907], [76.94797430187464, 43.245436660945415], [76.94797229021788, 43.24544068425894], [76.94797229021788, 43.24544336646795], [76.94797094911337, 43.24544470757246], [76.94796089082956, 43.24544470757246], [76.9479575380683, 43.245458118617535], [76.94795820862055, 43.24547555297613], [76.94795954972506, 43.245478235185146], [76.94795954972506, 43.24548427015543], [76.94796089082956, 43.2454876229167], [76.94796156138182, 43.24549566954374], [76.94796491414309, 43.24550438672304], [76.94796491414309, 43.245508410036564], [76.94796223193407, 43.24551913887262], [76.94795217365026, 43.2455325499177], [76.94795150309801, 43.24553590267897], [76.9479501619935, 43.24553657323122], [76.94794747978449, 43.245542608201504], [76.94794613867998, 43.245555348694324], [76.94794747978449, 43.245576806366444], [76.94794479757547, 43.24558351188898], [76.94794077426195, 43.2455875352025], [76.94794077426195, 43.24558887630701], [76.94793876260519, 43.245589546859264], [76.94793339818716, 43.24559893459082], [76.9479313865304, 43.245600275695324], [76.94793071597815, 43.24560295790434], [76.94792669266462, 43.24560631066561], [76.94792669266462, 43.245607651770115], [76.94792468100786, 43.24560899287462], [76.9479226693511, 43.245613016188145], [76.94792065769434, 43.245613016188145], [76.94791931658983, 43.245615027844906], [76.94791797548532, 43.245615027844906], [76.94791797548532, 43.24561636894941], [76.94791529327631, 43.24561636894941], [76.9479126110673, 43.245618380606174], [76.94790925830603, 43.245618380606174]]]}, "properties": {"id": 431, "class": "road", "confidence": 100.0, "source": "Almaty_9", "source_model": "unet-roads", "centroid_wkt": "POINT (76.94792884165822 43.245487630385554)", "bbox": [76.94788780063391, 43.245348148047924, 76.94797430187464, 43.245618380606174], "pixel_bbox": [576, 4605, 705, 5008], "area_m2": 132.31}}, {"type": "Feature", "geometry": {"type": "Polygon", "coordinates": [[[76.95385303348303, 43.24544470757246], [76.95375848561525, 43.24544403702021], [76.95375714451075, 43.2454426959157], [76.95378463715315, 43.245442025363445], [76.95379201322794, 43.245440013706684], [76.95379067212343, 43.24543934315443], [76.9537926837802, 43.24543867260218], [76.95379201322794, 43.24543599039316], [76.95378798991442, 43.24543263763189], [76.95379000157118, 43.24542727321386], [76.95379134267569, 43.24542727321386], [76.95379134267569, 43.2454252615571], [76.95379000157118, 43.245423920452595], [76.95378933101892, 43.24541922658682], [76.95378798991442, 43.245418556034565], [76.95378798991442, 43.24540983885527], [76.95378329604864, 43.24540514498949], [76.95377390831709, 43.245400451123714], [76.95377256721258, 43.24539843946695], [76.95376988500357, 43.2453977689147], [76.9537678733468, 43.245395086705685], [76.9537665322423, 43.245395086705685], [76.95376586169004, 43.24539307504892], [76.95376452058554, 43.24539307504892], [76.95376452058554, 43.245391733944416], [76.95376183837652, 43.245389722287655], [76.95376183837652, 43.24538838118315], [76.95375848561525, 43.24538502842188], [76.95375848561525, 43.24538301676512], [76.95375714451075, 43.245382346212864], [76.95375647395849, 43.24537429958582], [76.95375848561525, 43.2453702762723], [76.9537665322423, 43.24536357074976], [76.95378731936216, 43.245355524122715], [76.9538128003478, 43.2453528419137], [76.95385236293077, 43.24535418301821], [76.95385437458754, 43.24534613639116], [76.9538563862443, 43.24534747749567], [76.95386175066233, 43.24534747749567], [76.95386443287134, 43.24534546583891], [76.95387113839388, 43.245344795286655], [76.9538738206029, 43.24534211307764], [76.95387784391642, 43.24534144252539], [76.95387851446867, 43.24534010142088], [76.95388119667768, 43.245339430868626], [76.95388119667768, 43.24533808976412], [76.95388589054346, 43.24533473700285], [76.95388790220022, 43.24533473700285], [76.95388790220022, 43.24533607810736], [76.95389058440924, 43.24533473700285], [76.95391405373812, 43.2453354075551], [76.95392344146967, 43.24533272534609], [76.9539301469922, 43.245326690375805], [76.95394087582827, 43.2453253492713], [76.95394422858953, 43.245323337614536], [76.95396903902292, 43.245323337614536], [76.95397038012743, 43.245324678719044], [76.95397842675447, 43.245326690375805], [76.95397842675447, 43.24532803148031], [76.95398110896349, 43.245328702032566], [76.95398647338152, 43.245334066450596], [76.95399183779955, 43.24533674865961], [76.95399183779955, 43.24533808976412], [76.95399317890406, 43.24533808976412], [76.95399452000856, 43.24534077197313], [76.95399720221758, 43.245342783629894], [76.95399720221758, 43.245344795286655], [76.9539998844266, 43.24534747749567], [76.9539998844266, 43.24534948915243], [76.95400256663561, 43.24535083025694], [76.95400256663561, 43.245352171361446], [76.95401061326265, 43.24536021798849], [76.95401061326265, 43.245361559093], [76.95401329547167, 43.24536357074976], [76.95401597768068, 43.245368264615536], [76.9540186598897, 43.245368264615536], [76.9540200009942, 43.24536960572004], [76.95402134209871, 43.24537295848131], [76.95402134209871, 43.24537631124258], [76.95402268320322, 43.24537832289934], [76.95402268320322, 43.245382346212864], [76.95402402430773, 43.24538502842188], [76.95402402430773, 43.24539575725794], [76.95402134209871, 43.245402462780476], [76.9540186598897, 43.24540514498949], [76.95401329547167, 43.24540715664625], [76.9540099427104, 43.24541050940752], [76.95399317890406, 43.245418556034565], [76.95397641509771, 43.24541989713907], [76.95397440344095, 43.24542123824358], [76.95396836847067, 43.24542123824358], [76.95396568626165, 43.245423920452595], [76.95395093411207, 43.2454252615571], [76.95393215864897, 43.245423920452595], [76.95393081754446, 43.24542257934809], [76.95392813533545, 43.24542257934809], [76.95392344146967, 43.24541989713907], [76.95391941815615, 43.24541922658682], [76.95391673594713, 43.24541721493006], [76.95391405373812, 43.24541721493006], [76.95390600711107, 43.24541386216879], [76.9539013132453, 43.245413191616535], [76.95389997214079, 43.24541185051203], [76.95389125496149, 43.24540916830301], [76.95388723164797, 43.245406486094], [76.95387851446867, 43.24540380388498], [76.9538664445281, 43.2453977689147], [76.9538577273488, 43.24539039283991], [76.95385705679655, 43.245391733944416], [76.95385571569204, 43.245391733944416], [76.95385504513979, 43.245395086705685], [76.95385437458754, 43.24539307504892], [76.95385303348303, 43.24539307504892], [76.95385303348303, 43.24544470757246]]]}, "properties": {"id": 432, "class": "road", "confidence": 100.0, "source": "Almaty_9", "source_model": "unet-roads", "centroid_wkt": "POINT (76.95389569231618 43.24538218066852)", "bbox": [76.95375647395849, 43.245323337614536, 76.95402402430773, 43.24544470757246], "pixel_bbox": [9328, 4864, 9727, 5045], "area_m2": 181.041}}, {"type": "Feature", "geometry": {"type": "Polygon", "coordinates": [[[76.94826666265726, 43.24534747749567], [76.94824185222387, 43.24534546583891], [76.94822240620852, 43.24534613639116], [76.94822039455175, 43.245344795286655], [76.94821503013372, 43.245344795286655], [76.94821033626795, 43.24534345418215], [76.94820497184992, 43.24534077197313], [76.94820363074541, 43.24533876031637], [76.9482022896409, 43.24533876031637], [76.9482022896409, 43.245337419211864], [76.94820027798414, 43.24533607810736], [76.94819826632738, 43.245332054793835], [76.94819826632738, 43.24532266706228], [76.94819960743189, 43.24531193822622], [76.9482022896409, 43.24530456215143], [76.94820296019316, 43.24529718607664], [76.94820430129766, 43.24529383331537], [76.94821637123823, 43.24528243392706], [76.94822307676077, 43.245279751718044], [76.94822441786528, 43.24527774006128], [76.9482284411788, 43.245276398956776], [76.94822911173105, 43.24527505785227], [76.94823447614908, 43.24527505785227], [76.94823581725359, 43.245274387300014], [76.94823581725359, 43.24527304619551], [76.94830555468798, 43.24527371674776], [76.94830555468798, 43.24527774006128], [76.94830890744925, 43.24528444558382], [76.948310919106, 43.245295844972134], [76.94831494241953, 43.24530389159918], [76.94831494241953, 43.24530925601721], [76.94831695407629, 43.245316632092], [76.94831628352404, 43.2453253492713], [76.94831494241953, 43.24532937258482], [76.94830555468798, 43.245339430868626], [76.9483008608222, 43.24534211307764], [76.94828476756811, 43.24534613639116], [76.94826666265726, 43.24534747749567]]]}, "properties": {"id": 433, "class": "road", "confidence": 100.0, "source": "Almaty_9", "source_model": "unet-roads", "centroid_wkt": "POINT (76.94825847904609 43.24531048594275)", "bbox": [76.94819826632738, 43.24527304619551, 76.94831695407629, 43.24534747749567], "pixel_bbox": [1039, 5009, 1216, 5120], "area_m2": 68.824}}, {"type": "Feature", "geometry": {"type": "Polygon", "coordinates": [[[76.95179242640734, 43.245348148047924], [76.95179175585508, 43.24534546583891], [76.95178907364607, 43.2453441247344], [76.95178907364607, 43.245342783629894], [76.95178773254156, 43.24534211307764], [76.9517857208848, 43.24534211307764], [76.95178437978029, 43.2453441247344], [76.95177968591452, 43.24534345418215], [76.95177834481001, 43.245339430868626], [76.95177633315325, 43.24533808976412], [76.95177365094423, 43.24533138424158], [76.95177230983973, 43.24533071368933], [76.95176895707846, 43.24532266706228], [76.95176627486944, 43.2453079149127], [76.95176560431719, 43.24528779834509], [76.9517682865262, 43.245274387300014], [76.95177096873522, 43.24527304619551], [76.95179242640734, 43.24527304619551], [76.95179309695959, 43.245274387300014], [76.95179242640734, 43.245348148047924]]]}, "properties": {"id": 434, "class": "road", "confidence": 100.0, "source": "Almaty_9", "source_model": "unet-roads", "centroid_wkt": "POINT (76.95178092031917 43.24530526133559)", "bbox": [76.95176560431719, 43.24527304619551, 76.95179309695959, 43.245348148047924], "pixel_bbox": [6359, 5008, 6400, 5120], "area_m2": 15.147}}, {"type": "Feature", "geometry": {"type": "Polygon", "coordinates": [[[76.95264738053083, 43.24527304619551], [76.95253673940897, 43.24527237564325], [76.95253606885672, 43.245271034538746], [76.95254344493151, 43.24526969343424], [76.95254344493151, 43.24526701122522], [76.95254746824503, 43.24526634067297], [76.95254813879728, 43.24526499956846], [76.95255551487207, 43.2452629879117], [76.9525595381856, 43.245260305702686], [76.95256758481264, 43.245258294045925], [76.95260245352983, 43.24525896459818], [76.95260915905237, 43.24526231735945], [76.9526131823659, 43.2452629879117], [76.95261519402266, 43.24526499956846], [76.95262391120195, 43.24526499956846], [76.95262659341097, 43.24526701122522], [76.95263061672449, 43.24526701122522], [76.952631957829, 43.24526835232973], [76.95263531059027, 43.24526835232973], [76.95263665169477, 43.24526969343424], [76.95264805108309, 43.245271034538746], [76.95264738053083, 43.24527304619551]]]}, "properties": {"id": 435, "class": "road", "confidence": 100.0, "source": "Almaty_9", "source_model": "unet-roads", "centroid_wkt": "POINT (76.9525883292714 43.24526661391395)", "bbox": [76.95253606885672, 43.245258294045925, 76.95264805108309, 43.24527304619551], "pixel_bbox": [7508, 5120, 7675, 5142], "area_m2": 9.502}}, {"type": "Feature", "geometry": {"type": "Polygon", "coordinates": [[[76.95345606654882, 43.24527304619551], [76.9534507021308, 43.245271705091], [76.95345271378756, 43.24526969343424], [76.95345271378756, 43.24526701122522], [76.9534594193101, 43.24526432901621], [76.95346143096685, 43.24526231735945], [76.95347148925066, 43.24525896459818], [76.95348288863897, 43.24525695294142], [76.95348490029573, 43.24525561183691], [76.95349361747503, 43.24525360018015], [76.95350367575884, 43.2452542707324], [76.95350769907236, 43.24525561183691], [76.95350971072912, 43.24525762349367], [76.95350971072912, 43.245269022881985], [76.95350836962461, 43.24527237564325], [76.95345606654882, 43.24527304619551]]]}, "properties": {"id": 436, "class": "road", "confidence": 100.0, "source": "Almaty_9", "source_model": "unet-roads", "centroid_wkt": "POINT (76.95348514259436 43.245264498406584)", "bbox": [76.9534507021308, 43.24525360018015, 76.95350971072912, 43.24527304619551], "pixel_bbox": [8872, 5120, 8960, 5149], "area_m2": 7.568}}, {"type": "Feature", "geometry": {"type": "Polygon", "coordinates": [[[76.95603232830763, 43.24535418301821], [76.95602562278509, 43.2453528419137], [76.9560182467103, 43.24534948915243], [76.95601757615805, 43.245348148047924], [76.95601422339678, 43.24534680694342], [76.95601288229227, 43.2453441247344], [76.95600885897875, 43.24534077197313], [76.95600617676973, 43.2453354075551], [76.95600349456072, 43.24533339589834], [76.95600148290396, 43.24532803148031], [76.95600014179945, 43.24532736092806], [76.95599813014269, 43.24531998485327], [76.95599678903818, 43.245319314301014], [76.95599611848593, 43.245316632092], [76.9559907540679, 43.24531126767397], [76.9559907540679, 43.24530992656946], [76.95598874241114, 43.245308585464954], [76.95598404854536, 43.245299868285656], [76.9559820368886, 43.24529852718115], [76.95597935467958, 43.24529316276312], [76.95597734302282, 43.24529182165861], [76.95597667247057, 43.24528846889734], [76.95597533136606, 43.24528779834509], [76.95597399026155, 43.24528310447931], [76.95597264915705, 43.245281763374805], [76.95597264915705, 43.24527908116579], [76.95597533136606, 43.24527371674776], [76.95596393197775, 43.24527237564325], [76.95596393197775, 43.24526701122522], [76.95596594363451, 43.24526499956846], [76.95596594363451, 43.245263658463955], [76.95596795529127, 43.24526231735945], [76.95596929639578, 43.24525896459818], [76.95597130805254, 43.245258294045925], [76.95597130805254, 43.24525695294142], [76.95597264915705, 43.24525695294142], [76.95597734302282, 43.245252929627895], [76.95599343627691, 43.24524890631437], [76.95600550621748, 43.24524957686663], [76.95600885897875, 43.24525225907564], [76.95601891726255, 43.245256282389164], [76.95602294057608, 43.245260305702686], [76.95602562278509, 43.24526634067297], [76.95602763444185, 43.24526634067297], [76.9560283049941, 43.24526835232973], [76.95603031665087, 43.24526835232973], [76.95603098720312, 43.245271705091], [76.95603299885988, 43.24527237564325], [76.95610206574202, 43.24527371674776], [76.95610139518976, 43.245281763374805], [76.956099383533, 43.24528578668833], [76.95609737187624, 43.245294503867626], [76.95609737187624, 43.245303221046925], [76.95609871298075, 43.24530389159918], [76.95609871298075, 43.24530657380819], [76.95610273629427, 43.24531797319651], [76.95610273629427, 43.245321325957775], [76.95610541850328, 43.245324678719044], [76.95610541850328, 43.245328702032566], [76.95610675960779, 43.24533071368933], [76.95610608905554, 43.24533808976412], [76.95610273629427, 43.24534211307764], [76.95610273629427, 43.24534345418215], [76.95610005408525, 43.24534613639116], [76.95609401911497, 43.24534948915243], [76.95608463138342, 43.24535083025694], [76.95608463138342, 43.2453528419137], [76.95608261972666, 43.24535150080919], [76.95607926696539, 43.24535150080919], [76.95607390254736, 43.2453528419137], [76.95605915039778, 43.245352171361446], [76.9560457393527, 43.24535418301821], [76.95603232830763, 43.24535418301821]]]}, "properties": {"id": 437, "class": "road", "confidence": 100.0, "source": "Almaty_9", "source_model": "unet-roads", "centroid_wkt": "POINT (76.9560399671508 43.24530388191036)", "bbox": [76.95596393197775, 43.24524890631437, 76.95610675960779, 43.24535418301821], "pixel_bbox": [12620, 4999, 12833, 5156], "area_m2": 88.728}}, {"type": "Feature", "geometry": {"type": "Polygon", "coordinates": [[[76.95233020931482, 43.24527304619551], [76.95232551544905, 43.245271034538746], [76.95233155041933, 43.245271034538746], [76.9523362442851, 43.24526969343424], [76.9523362442851, 43.24526701122522], [76.95233825594187, 43.245265670120716], [76.95233892649412, 43.24525561183691], [76.95234227925539, 43.24525225907564], [76.9523523375392, 43.24524823576212], [76.9523798301816, 43.24524689465761], [76.95238050073385, 43.245245553553104], [76.95238318294287, 43.245245553553104], [76.95238519459963, 43.24524287134409], [76.9523898884654, 43.245240189135075], [76.95239525288343, 43.24523214250803], [76.95239324122667, 43.24522677809], [76.95239190012217, 43.24522677809], [76.95239190012217, 43.24522543698549], [76.95239055901766, 43.24522543698549], [76.95239055901766, 43.245224095880985], [76.95238921791315, 43.245224095880985], [76.95238921791315, 43.24522275477648], [76.95238452404737, 43.24521940201521], [76.95238318294287, 43.24521604925394], [76.95238184183836, 43.24521604925394], [76.95238184183836, 43.24521470814943], [76.95238050073385, 43.24521470814943], [76.95238050073385, 43.245213367044926], [76.95237915962934, 43.245213367044926], [76.95237781852484, 43.24521068483591], [76.9523711130023, 43.24520733207464], [76.95236440747976, 43.24520733207464], [76.95236306637526, 43.24520867317915], [76.95235904306173, 43.2452093437314], [76.95235703140497, 43.245211355388165], [76.95235703140497, 43.24521403759718], [76.95235501974821, 43.24521537870169], [76.9523436203599, 43.24521269649267], [76.95233758538961, 43.2452093437314], [76.95233691483736, 43.245208002626896], [76.95233423262835, 43.24520733207464], [76.95233356207609, 43.24520532041788], [76.95233155041933, 43.24520464986563], [76.95233155041933, 43.245202638208866], [76.95233289152384, 43.245202638208866], [76.95233423262835, 43.24519995599985], [76.9523362442851, 43.24519995599985], [76.95233959704638, 43.24519660323858], [76.95234160870314, 43.24519660323858], [76.95234227925539, 43.245195262134075], [76.95234429091215, 43.245195262134075], [76.95234764367342, 43.245193250477314], [76.95237312465906, 43.24519392102957], [76.95237647742033, 43.24519257992506], [76.95239190012217, 43.24519123882055], [76.95239324122667, 43.2451905682683], [76.95239324122667, 43.24518721550703], [76.95239793509245, 43.24518587440252], [76.95239994674921, 43.24518386274576], [76.952407322824, 43.245182521641254], [76.95241536945105, 43.245182521641254], [76.95242810994387, 43.24518319219351], [76.95244085043669, 43.24518587440252], [76.95244286209345, 43.245187886059284], [76.95244286209345, 43.24518922716379], [76.95244621485472, 43.245189897716045], [76.95244688540697, 43.24519257992506], [76.95244822651148, 43.245193250477314], [76.95244688540697, 43.24519392102957], [76.95244688540697, 43.245195262134075], [76.95245627313852, 43.24520196765661], [76.95245560258627, 43.24521202594042], [76.95245828479528, 43.245216719806194], [76.95245828479528, 43.24522007256746], [76.9524623081088, 43.24522476643324], [76.95246297866106, 43.24523348361254], [76.95246163755655, 43.245240189135075], [76.95245493203402, 43.24525762349367], [76.952452249825, 43.24525963515043], [76.95244956761599, 43.24526432901621], [76.95244755595922, 43.24526499956846], [76.95244755595922, 43.24526634067297], [76.9524421915412, 43.245269022881985], [76.9524421915412, 43.24527036398649], [76.95244487375021, 43.24527036398649], [76.95244554430246, 43.24527237564325], [76.95233020931482, 43.24527304619551]]]}, "properties": {"id": 438, "class": "road", "confidence": 100.0, "source": "Almaty_9", "source_model": "unet-roads", "centroid_wkt": "POINT (76.95240638823084 43.245230395029836)", "bbox": [76.95232551544905, 43.245182521641254, 76.95246297866106, 43.24527304619551], "pixel_bbox": [7194, 5120, 7399, 5255], "area_m2": 72.459}}, {"type": "Feature", "geometry": {"type": "Polygon", "coordinates": [[[76.95312883704901, 43.245258294045925], [76.95310536772013, 43.24525561183691], [76.95308994501829, 43.24524957686663], [76.95308927446604, 43.24524823576212], [76.95308793336153, 43.24524823576212], [76.95307988673449, 43.245242200791836], [76.95307720452547, 43.245236836373806], [76.95307720452547, 43.245234824717045], [76.95307586342096, 43.24523415416479], [76.95307452231646, 43.245229460299015], [76.95307318121195, 43.24522811919451], [76.95306982845068, 43.24521403759718], [76.95306781679392, 43.24521001428366], [76.95306647568941, 43.2452093437314], [76.95306647568941, 43.24520733207464], [76.95306044071913, 43.24519593268633], [76.95305842906237, 43.24518654495478], [76.95305708795786, 43.245184533298016], [76.95305708795786, 43.245179168879986], [76.95306111127138, 43.245171792805195], [76.95306714624166, 43.24517045170069], [76.95307720452547, 43.24517045170069], [76.95308927446604, 43.24517447501421], [76.95309061557055, 43.24517849832773], [76.95309195667505, 43.24517849832773], [76.95309329777956, 43.24518118053675], [76.95309530943632, 43.245182521641254], [76.95309732109308, 43.24518922716379], [76.95309866219759, 43.245202638208866], [76.9531000033021, 43.24520330876112], [76.9531013444066, 43.24520867317915], [76.95310335606337, 43.24521068483591], [76.9531087204814, 43.24521269649267], [76.95310939103365, 43.24521403759718], [76.95311140269041, 43.24521403759718], [76.95311207324266, 43.24521537870169], [76.95312481373549, 43.245216719806194], [76.95314358919859, 43.245216719806194], [76.95315163582563, 43.24521470814943], [76.95316638797522, 43.245213367044926], [76.95316839963198, 43.24521470814943], [76.9531811401248, 43.24521604925394], [76.95318382233381, 43.2452180609107], [76.95318583399057, 43.2452180609107], [76.95318851619959, 43.24521940201521], [76.9531898573041, 43.24522141367197], [76.9531911984086, 43.24522141367197], [76.95319589227438, 43.24522811919451], [76.95319522172213, 43.24523415416479], [76.9531898573041, 43.24524085968733], [76.95317979902029, 43.245245553553104], [76.95317778736353, 43.245247565209866], [76.95317376405, 43.24524823576212], [76.95316974073648, 43.245250917971134], [76.95316638797522, 43.24525158852339], [76.95316638797522, 43.245252929627895], [76.95316437631845, 43.24525225907564], [76.95316303521395, 43.24525360018015], [76.95315029472113, 43.245256282389164], [76.95312883704901, 43.245258294045925]]]}, "properties": {"id": 439, "class": "road", "confidence": 100.0, "source": "Almaty_9", "source_model": "unet-roads", "centroid_wkt": "POINT (76.95311891700803 43.2452230365974)", "bbox": [76.95305708795786, 43.24517045170069, 76.95319589227438, 43.245258294045925], "pixel_bbox": [8285, 5142, 8492, 5273], "area_m2": 53.072}}, {"type": "Feature", "geometry": {"type": "Polygon", "coordinates": [[[76.95575673133135, 43.24526835232973], [76.95575337857008, 43.24526768177748], [76.95575203746557, 43.24526634067297], [76.95574935525656, 43.24526634067297], [76.95574667304754, 43.24526432901621], [76.95574264973402, 43.24526432901621], [76.95574130862951, 43.24525225907564], [76.95574197918177, 43.245205990970135], [76.95574264973402, 43.245202638208866], [76.95574399083853, 43.24520330876112], [76.95574399083853, 43.24520196765661], [76.95574667304754, 43.24520464986563], [76.95574667304754, 43.24520330876112], [76.95574935525656, 43.245203979313374], [76.95575539022684, 43.245200626552105], [76.9557560607791, 43.245193250477314], [76.9557574018836, 43.24519190937281], [76.95575874298811, 43.24518721550703], [76.95575807243586, 43.24518050998449], [76.95576008409262, 43.245164416730404], [76.95576209574938, 43.24516173452139], [76.95576410740614, 43.24515502899885], [76.95576678961515, 43.24515234678984], [76.95577014237642, 43.24515100568533], [76.9557748362422, 43.24515100568533], [76.95578221231699, 43.24515704065561], [76.95578221231699, 43.245159052312374], [76.9557835534215, 43.24515972286463], [76.9557835534215, 43.24516173452139], [76.955784894526, 43.2451630756259], [76.95578757673502, 43.24517648667097], [76.95578757673502, 43.245184533298016], [76.955784894526, 43.24519123882055], [76.95578288286924, 43.24519257992506], [76.95578154176474, 43.24519593268633], [76.9557761773467, 43.245200626552105], [76.9557748362422, 43.245205990970135], [76.95577282458544, 43.245208002626896], [76.95577282458544, 43.245211355388165], [76.95577550679445, 43.24521403759718], [76.95577550679445, 43.24521537870169], [76.95577751845121, 43.24521604925394], [76.95577953010798, 43.245218731462955], [76.95578221231699, 43.24521940201521], [76.95578288286924, 43.24522141367197], [76.95578623563051, 43.245224095880985], [76.95578623563051, 43.24522543698549], [76.95578958839178, 43.24522811919451], [76.95579025894403, 43.2452354952693], [76.95578891783953, 43.245242200791836], [76.9557835534215, 43.24524890631437], [76.9557835534215, 43.24525158852339], [76.95578020066023, 43.24525963515043], [76.95577953010798, 43.24526432901621], [76.95577416568995, 43.24526701122522], [76.95575673133135, 43.24526835232973]]]}, "properties": {"id": 440, "class": "road", "confidence": 100.0, "source": "Almaty_9", "source_model": "unet-roads", "centroid_wkt": "POINT (76.95576593416412 43.245216761549585)", "bbox": [76.95574130862951, 43.24515100568533, 76.95579025894403, 43.24526835232973], "pixel_bbox": [12288, 5127, 12361, 5302], "area_m2": 34.97}}, {"type": "Feature", "geometry": {"type": "Polygon", "coordinates": [[[76.94821637123823, 43.24512753635645], [76.9482096657157, 43.24512619525194], [76.94820698350668, 43.24512418359518], [76.9482022896409, 43.245124854147434], [76.94819625467062, 43.24512351304293], [76.9481935724616, 43.245121501386166], [76.94818954914808, 43.245121501386166], [76.94818820804358, 43.24511680752039], [76.94818820804358, 43.24510272592306], [76.94819089025259, 43.245101384818554], [76.94825928658247, 43.245101384818554], [76.94830555468798, 43.24510272592306], [76.94830220192671, 43.245103396475315], [76.9483008608222, 43.245105408132076], [76.94829482585192, 43.24510607868433], [76.94829750806093, 43.245106749236584], [76.94829817861319, 43.245110772550106], [76.94829281419516, 43.24511144310236], [76.94829415529966, 43.24511211365461], [76.94829415529966, 43.24511345475912], [76.94828812032938, 43.24511345475912], [76.94828812032938, 43.24511144310236], [76.94828677922487, 43.24511144310236], [76.94828543812037, 43.245108760893345], [76.94828409701586, 43.245108760893345], [76.94828409701586, 43.24510607868433], [76.94827672094107, 43.245106749236584], [76.9482733681798, 43.245105408132076], [76.94827001541853, 43.24510607868433], [76.94827001541853, 43.24510741978884], [76.94826800376177, 43.24510741978884], [76.94826934486628, 43.24510809034109], [76.94826934486628, 43.2451094314456], [76.94827135652304, 43.24511010199785], [76.94827068597078, 43.24511144310236], [76.94826196879148, 43.24511345475912], [76.94825861603022, 43.245116136968136], [76.94825392216444, 43.24511680752039], [76.94823782891035, 43.245124854147434], [76.94823514670134, 43.245124854147434], [76.9482297822833, 43.24512753635645], [76.94821637123823, 43.24512753635645]]]}, "properties": {"id": 441, "class": "road", "confidence": 100.0, "source": "Almaty_9", "source_model": "unet-roads", "centroid_wkt": "POINT (76.94823232870998 43.24511140468036)", "bbox": [76.94818820804358, 43.245101384818554, 76.94830555468798, 43.24512753635645], "pixel_bbox": [1024, 5337, 1199, 5376], "area_m2": 17.194}}, {"type": "Feature", "geometry": {"type": "Polygon", "coordinates": [[[76.94843027740717, 43.245169781148434], [76.9484168663621, 43.24516709893942], [76.94841083139181, 43.24516374617815], [76.9484094902873, 43.24516173452139], [76.94840144366026, 43.245159052312374], [76.94839540868998, 43.2451543584466], [76.94838535040617, 43.24515100568533], [76.94837864488363, 43.24514765292406], [76.94837797433138, 43.24514631181955], [76.94835986942053, 43.24514362961054], [76.94835986942053, 43.245101384818554], [76.94839540868998, 43.245101384818554], [76.94839607924223, 43.245091997087], [76.94839809089899, 43.24508663266897], [76.94840144366026, 43.24508395045996], [76.94840278476477, 43.24508126825094], [76.94840680807829, 43.245079927146435], [76.94840747863054, 43.24507858604193], [76.9484094902873, 43.24507858604193], [76.94841016083956, 43.24507724493742], [76.94841351360083, 43.245076574385166], [76.94841485470533, 43.24507523328066], [76.94842088967562, 43.24507389217615], [76.94842625409365, 43.24507389217615], [76.94843430072069, 43.24507188051939], [76.94845642894506, 43.245069198310375], [76.94847051054239, 43.245071209967136], [76.94847721606493, 43.24507724493742], [76.94847922772169, 43.245081938803196], [76.94847922772169, 43.24508931487799], [76.94847453385592, 43.24509937316179], [76.94847319275141, 43.24510004371405], [76.94847453385592, 43.245101384818554], [76.94853153079748, 43.245101384818554], [76.94853153079748, 43.245116136968136], [76.94852951914072, 43.2451181486249], [76.94852951914072, 43.245119489729404], [76.94852750748396, 43.245121501386166], [76.94852616637945, 43.245121501386166], [76.9485254958272, 43.24512351304293], [76.94852415472269, 43.24512351304293], [76.94852281361818, 43.24512552469969], [76.94852147251368, 43.24512552469969], [76.94852013140917, 43.24512753635645], [76.94851610809565, 43.24512954801321], [76.94851409643888, 43.245132230222225], [76.94851074367762, 43.24513357132673], [76.94850873202085, 43.245135582983494], [76.94850873202085, 43.245136924088], [76.94850604981184, 43.24513893574476], [76.94850470870733, 43.24514228850603], [76.94850001484156, 43.24514631181955], [76.94849867373705, 43.24514966458082], [76.94849330931902, 43.2451543584466], [76.94849330931902, 43.245155699551105], [76.94849062711, 43.24515838176012], [76.94848794490099, 43.245159052312374], [76.94848660379648, 43.245161063969135], [76.94848258048296, 43.24516240507364], [76.9484805688262, 43.245164416730404], [76.94846380501986, 43.24516911059618], [76.94843027740717, 43.245169781148434]]]}, "properties": {"id": 442, "class": "road", "confidence": 100.0, "source": "Almaty_9", "source_model": "unet-roads", "centroid_wkt": "POINT (76.9484414894743 43.245121483885434)", "bbox": [76.94835986942053, 43.245069198310375, 76.94853153079748, 43.245169781148434], "pixel_bbox": [1280, 5274, 1536, 5424], "area_m2": 103.412}}, {"type": "Feature", "geometry": {"type": "Polygon", "coordinates": [[[76.95383492857218, 43.245011530816555], [76.95383157581091, 43.24501018971205], [76.95382352918386, 43.24501018971205], [76.95381749421358, 43.245008178055286], [76.95381414145231, 43.245008178055286], [76.95381212979555, 43.24500683695078], [76.9538114592433, 43.24500348418951], [76.9538201764226, 43.24500013142824], [76.95382688194513, 43.24499946087599], [76.95383694022894, 43.244995437562466], [76.95384632796049, 43.24499610811472], [76.95384699851274, 43.24499476701021], [76.95384833961725, 43.24499610811472], [76.9538490101695, 43.244993425905704], [76.95385236293077, 43.24499275535345], [76.95385303348303, 43.244988061487675], [76.95385303348303, 43.24500884860754], [76.9538490101695, 43.245009519159794], [76.95384833961725, 43.245008178055286], [76.95384833961725, 43.245009519159794], [76.95384364575148, 43.245011530816555], [76.95383492857218, 43.245011530816555]]]}, "properties": {"id": 443, "class": "road", "confidence": 100.0, "source": "Almaty_9", "source_model": "unet-roads", "centroid_wkt": "POINT (76.95383612463871 43.24500322630008)", "bbox": [76.9538114592433, 43.244988061487675, 76.95385303348303, 43.245011530816555], "pixel_bbox": [9410, 5510, 9472, 5545], "area_m2": 4.564}}, {"type": "Feature", "geometry": {"type": "Polygon", "coordinates": [[[76.95510294288397, 43.24505243450403], [76.95508550852537, 43.24504975229502], [76.95506405085325, 43.24504304677248], [76.95505935698748, 43.245042376220226], [76.95505801588297, 43.245043717324734], [76.95505600422621, 43.245043717324734], [76.9550546631217, 43.24503567069769], [76.95505600422621, 43.24496794492006], [76.95505667477846, 43.244969956576824], [76.95505801588297, 43.24496928602457], [76.95505868643522, 43.24497129768133], [76.95506405085325, 43.24497129768133], [76.95506606251001, 43.244975320994854], [76.9550647214055, 43.24498202651739], [76.95506203919649, 43.24498537927866], [76.95506136864424, 43.244988061487675], [76.95506203919649, 43.24499946087599], [76.955063380301, 43.24499946087599], [76.95506405085325, 43.24500147253275], [76.95506673306227, 43.24500281363726], [76.95506807416677, 43.24500482529402], [76.9550720974803, 43.245006166398525], [76.95507612079382, 43.245009519159794], [76.9550821557641, 43.2450108602643], [76.95508349686861, 43.24501220136881], [76.9550895318389, 43.24501220136881], [76.95509623736143, 43.24501421302557], [76.95511166006327, 43.24501555413008], [76.95514183491468, 43.24502091854811], [76.95515591651201, 43.24502158910036], [76.95516463369131, 43.24502494186163], [76.95518877357244, 43.24502561241388], [76.95519212633371, 43.24502695351839], [76.95520017296076, 43.245027624070644], [76.95520151406527, 43.24502896517515], [76.95520754903555, 43.24502695351839], [76.95521157234907, 43.24502695351839], [76.95521023124456, 43.24503097683191], [76.95520285516977, 43.24503432959318], [76.95520218461752, 43.24503567069769], [76.95519749075174, 43.2450370118022], [76.95519614964724, 43.245038352906704], [76.95518542081118, 43.24504103511572], [76.95516128093004, 43.245042376220226], [76.95515993982553, 43.245043717324734], [76.95515189319849, 43.24504438787699], [76.95514988154173, 43.245045728981495], [76.95514049381018, 43.245047070086], [76.95513311773539, 43.24504975229502], [76.95510294288397, 43.24505243450403]]]}, "properties": {"id": 444, "class": "road", "confidence": 100.0, "source": "Almaty_9", "source_model": "unet-roads", "centroid_wkt": "POINT (76.95511224116473 43.24502832875906)", "bbox": [76.9550546631217, 43.24496794492006, 76.95521157234907, 43.24505243450403], "pixel_bbox": [11264, 5449, 11498, 5575], "area_m2": 40.345}}, {"type": "Feature", "geometry": {"type": "Polygon", "coordinates": [[[76.947948820889, 43.245252929627895], [76.94794345647097, 43.24524890631437], [76.94794211536646, 43.24524488300085], [76.94794211536646, 43.24523817747831], [76.94793742150068, 43.24522811919451], [76.94793540984392, 43.24520733207464], [76.94793540984392, 43.24519593268633], [76.94793943315744, 43.245171792805195], [76.94794077426195, 43.245169781148434], [76.9479414448142, 43.24514765292406], [76.94794345647097, 43.245140947401524], [76.94794345647097, 43.24512753635645], [76.94794546812773, 43.245119489729404], [76.94794546812773, 43.245101384818554], [76.94794412702322, 43.245101384818554], [76.94794345647097, 43.245096020400524], [76.94794412702322, 43.24507858604193], [76.94794345647097, 43.24506785720587], [76.94794211536646, 43.24506517499685], [76.94794211536646, 43.245051093399525], [76.94794278591871, 43.24503634124994], [76.94794412702322, 43.245032988488674], [76.94794412702322, 43.24502561241388], [76.94794680923223, 43.24501287192106], [76.94794680923223, 43.24500683695078], [76.94794815033674, 43.24500549584627], [76.94794815033674, 43.245002143085], [76.94794949144125, 43.245000801980495], [76.94795083254576, 43.24499275535345], [76.94795418530703, 43.24498739093542], [76.94795686751604, 43.244979344308376], [76.94796022027731, 43.24497599154711], [76.94796223193407, 43.24497599154711], [76.9479662552476, 43.24497129768133], [76.94797161966562, 43.24497062712908], [76.94797430187464, 43.24496794492006], [76.9479776546359, 43.244966603815556], [76.94797899574041, 43.244964592158794], [76.94798033684492, 43.244964592158794], [76.94798704236746, 43.24495788663626], [76.94798771291971, 43.24495453387499], [76.94799173623323, 43.244950510561466], [76.94799777120352, 43.24493978172541], [76.94800313562155, 43.24493911117315], [76.94800447672606, 43.244937770068645], [76.94800850003958, 43.244937770068645], [76.94801118224859, 43.24494581669569], [76.9480125233531, 43.24494581669569], [76.94801453500986, 43.24494246393442], [76.94801654666662, 43.244945146143436], [76.94801654666662, 43.24506584554911], [76.94801855832338, 43.245071209967136], [76.94801855832338, 43.24507523328066], [76.94801989942789, 43.24507724493742], [76.94801989942789, 43.24508126825094], [76.9480212405324, 43.2450832799077], [76.94802191108465, 43.24508797377348], [76.94802191108465, 43.245092667639256], [76.94801989942789, 43.2451007142663], [76.94801654666662, 43.245101384818554], [76.94801587611437, 43.245142959058285], [76.94801386445761, 43.24514027684927], [76.94801319390535, 43.24514631181955], [76.94801118224859, 43.245148323476315], [76.94800984114408, 43.245155699551105], [76.94800782948732, 43.24515972286463], [76.94800581783056, 43.245161063969135], [76.94800514727831, 43.245164416730404], [76.9480038061738, 43.24516508728266], [76.94800112396479, 43.24517045170069], [76.94799710065126, 43.245187886059284], [76.9479950889945, 43.2451905682683], [76.94799240678549, 43.245200626552105], [76.94798905402422, 43.245205990970135], [76.94798905402422, 43.245208002626896], [76.9479863718152, 43.245213367044926], [76.94798368960619, 43.24521537870169], [76.94798368960619, 43.24521739035845], [76.94797832518816, 43.245224095880985], [76.94797832518816, 43.245226107537746], [76.94797698408365, 43.24522677809], [76.94797564297915, 43.24523080140352], [76.94797296077013, 43.245232813060284], [76.94797094911337, 43.245236836373806], [76.94796893745661, 43.24523750692606], [76.9479675963521, 43.24524085968733], [76.9479662552476, 43.24524085968733], [76.94796290248632, 43.2452442124486], [76.94796089082956, 43.24524890631437], [76.94795686751604, 43.245250917971134], [76.94795619696379, 43.24525225907564], [76.947948820889, 43.245252929627895]]]}, "properties": {"id": 445, "class": "road", "confidence": 100.0, "source": "Almaty_9", "source_model": "unet-roads", "centroid_wkt": "POINT (76.94797835385329 43.245092694887695)", "bbox": [76.94793540984392, 43.244937770068645, 76.94802191108465, 43.245252929627895], "pixel_bbox": [647, 5150, 776, 5620], "area_m2": 168.987}}, {"type": "Feature", "geometry": {"type": "Polygon", "coordinates": [[[76.95385236293077, 43.244977332651615], [76.95385169237852, 43.24496727436781], [76.95384632796049, 43.244964592158794], [76.95384431630373, 43.24495855718851], [76.95384029299021, 43.24495654553175], [76.95383761078119, 43.244948498904705], [76.9538389518857, 43.24494447559118], [76.95384096354246, 43.24494246393442], [76.95384565740824, 43.244941122829914], [76.95385303348303, 43.24493441730738], [76.95385236293077, 43.244977332651615]]]}, "properties": {"id": 446, "class": "road", "confidence": 100.0, "source": "Almaty_9", "source_model": "unet-roads", "centroid_wkt": "POINT (76.95384739333973 43.244950974622355)", "bbox": [76.95383761078119, 43.24493441730738, 76.95385303348303, 43.244977332651615], "pixel_bbox": [9449, 5561, 9472, 5625], "area_m2": 2.81}}, {"type": "Feature", "geometry": {"type": "Polygon", "coordinates": [[[76.94878164678812, 43.24492905288935], [76.94878231734037, 43.24492771178484], [76.94879371672869, 43.24492771178484], [76.94879371672869, 43.24492637068033], [76.94877695292234, 43.24492570012808], [76.94877427071333, 43.24492368847132], [76.94878030568361, 43.244923017919064], [76.94878298789263, 43.24492033571005], [76.94879237562418, 43.244917653501034], [76.94879908114672, 43.244917653501034], [76.94880444556475, 43.24492033571005], [76.94880444556475, 43.24492435902357], [76.94880176335573, 43.24492570012808], [76.94880109280348, 43.24492905288935], [76.94878164678812, 43.24492905288935]]]}, "properties": {"id": 447, "class": "road", "confidence": 100.0, "source": "Almaty_9", "source_model": "unet-roads", "centroid_wkt": "POINT (76.94879260290107 43.24492308183001)", "bbox": [76.94877427071333, 43.244917653501034, 76.94880444556475, 43.24492905288935], "pixel_bbox": [1898, 5633, 1943, 5650], "area_m2": 1.99}}, {"type": "Feature", "geometry": {"type": "Polygon", "coordinates": [[[76.94873135536909, 43.2449297234416], [76.94872599095106, 43.24492838233709], [76.94872733205557, 43.24492637068033], [76.94872733205557, 43.2449210062623], [76.94872934371233, 43.24491899460554], [76.94873202592134, 43.24491832405329], [76.94873336702585, 43.24491564184427], [76.94873739033937, 43.244914300739765], [76.94874677807093, 43.24491564184427], [76.94876220077276, 43.24492368847132], [76.94876689463854, 43.24492368847132], [76.94876689463854, 43.24492570012808], [76.94876488298178, 43.24492570012808], [76.94876689463854, 43.24492637068033], [76.94876488298178, 43.24492905288935], [76.94873135536909, 43.2449297234416]]]}, "properties": {"id": 448, "class": "road", "confidence": 100.0, "source": "Almaty_9", "source_model": "unet-roads", "centroid_wkt": "POINT (76.94874471105922 43.24492305940613)", "bbox": [76.94872599095106, 43.244914300739765, 76.94876689463854, 43.2449297234416], "pixel_bbox": [1826, 5632, 1887, 5655], "area_m2": 3.891}}, {"type": "Feature", "geometry": {"type": "Polygon", "coordinates": [[[76.94865021854639, 43.2449297234416], [76.94858986884356, 43.24492905288935], [76.9485891982913, 43.24492771178484], [76.94859120994806, 43.24492771178484], [76.94859322160482, 43.24492435902357], [76.94859523326159, 43.24492435902357], [76.94861333817244, 43.244914300739765], [76.94862473756075, 43.24491161853075], [76.9486327841878, 43.244912289083004], [76.94864351302385, 43.244916312396526], [76.94864351302385, 43.244917653501034], [76.94864485412836, 43.244917653501034], [76.94864619523287, 43.24492033571005], [76.94864619523287, 43.24492234736681], [76.94864351302385, 43.244925029575825], [76.9486515596509, 43.24492771178484], [76.9486515596509, 43.24492905288935], [76.94865021854639, 43.2449297234416]]]}, "properties": {"id": 449, "class": "road", "confidence": 100.0, "source": "Almaty_9", "source_model": "unet-roads", "centroid_wkt": "POINT (76.94862317397171 43.244921949084386)", "bbox": [76.9485891982913, 43.24491161853075, 76.9486515596509, 43.2449297234416], "pixel_bbox": [1622, 5632, 1715, 5659], "area_m2": 6.585}}, {"type": "Feature", "geometry": {"type": "Polygon", "coordinates": [[[76.953712888062, 43.2449297234416], [76.95371489971876, 43.24492838233709], [76.95371355861425, 43.244927041232586], [76.95371355861425, 43.24492368847132], [76.95371959358454, 43.24491899460554], [76.9537216052413, 43.24491899460554], [76.95372428745031, 43.24491698294878], [76.95373568683863, 43.24491295963526], [76.95375714451075, 43.24491027742624], [76.95377122610807, 43.24490960687399], [76.95377457886934, 43.2449109479785], [76.9537839666009, 43.24491161853075], [76.9537926837802, 43.244916312396526], [76.95379603654146, 43.244919665157795], [76.95379804819822, 43.24492368847132], [76.95379603654146, 43.24492637068033], [76.95379737764597, 43.2449297234416], [76.953712888062, 43.2449297234416]]]}, "properties": {"id": 450, "class": "road", "confidence": 100.0, "source": "Almaty_9", "source_model": "unet-roads", "centroid_wkt": "POINT (76.95375781890148 43.24492083718481)", "bbox": [76.953712888062, 43.24490960687399, 76.95379804819822, 43.2449297234416], "pixel_bbox": [9263, 5632, 9390, 5662], "area_m2": 12.285}}, {"type": "Feature", "geometry": {"type": "Polygon", "coordinates": [[[76.95573594421148, 43.244995437562466], [76.95571448653936, 43.24499409645796], [76.95570979267359, 43.24499275535345], [76.95570845156908, 43.24499141424894], [76.9557037577033, 43.24499141424894], [76.95569034665823, 43.244988061487675], [76.95568766444921, 43.24498604983091], [76.95568565279245, 43.24498604983091], [76.9556849822402, 43.244984708726406], [76.95567961782217, 43.2449833676219], [76.95566955953836, 43.2449746504426], [76.95566955953836, 43.24497330933809], [76.9556675478816, 43.244971968233585], [76.95566486567259, 43.244966603815556], [76.95566486567259, 43.244957216084], [76.95566821843386, 43.244945146143436], [76.95567157119513, 43.2449384406209], [76.95567358285189, 43.24493709951639], [76.9556762650609, 43.2449297234416], [76.95561926811934, 43.2449297234416], [76.95562060922384, 43.24493106454611], [76.95562396198511, 43.24493106454611], [76.95562530308962, 43.244935758411884], [76.95562664419413, 43.24493709951639], [76.95562664419413, 43.244941122829914], [76.9556226208806, 43.244946487247944], [76.95560786873102, 43.244950510561466], [76.95560451596975, 43.24495319277048], [76.95559915155172, 43.244955874979496], [76.95559713989496, 43.244955874979496], [76.95559311658144, 43.24496056884527], [76.95558976382017, 43.244961239397526], [76.95558775216341, 43.24496325105429], [76.95557702332735, 43.24496325105429], [76.95557367056608, 43.24496392160654], [76.95557165890932, 43.2449659332633], [76.95557031780481, 43.24496526271105], [76.95556964725256, 43.244957216084], [76.95556964725256, 43.2449297234416], [76.95554483681917, 43.2449297234416], [76.95554617792368, 43.24493173509836], [76.95554483681917, 43.24493642896414], [76.95554483681917, 43.24494179338217], [76.95554349571466, 43.24494447559118], [76.95554081350565, 43.244946487247944], [76.9555401429534, 43.244948498904705], [76.95553880184889, 43.244948498904705], [76.95553679019213, 43.244950510561466], [76.95553679019213, 43.244951851665974], [76.9555314257741, 43.24495654553175], [76.9555314257741, 43.24495788663626], [76.95552606135607, 43.24496325105429], [76.95551868528128, 43.244966603815556], [76.9555139914155, 43.244966603815556], [76.95550594478846, 43.24496392160654], [76.95550058037043, 43.244959227740765], [76.95549789816141, 43.24495855718851], [76.95549454540014, 43.24495520442724], [76.95549253374338, 43.244950510561466], [76.95548985153437, 43.244948498904705], [76.95548918098211, 43.24494581669569], [76.95549119263887, 43.24494581669569], [76.95549186319113, 43.24494380503893], [76.95549789816141, 43.244941122829914], [76.95549789816141, 43.24493911117315], [76.9554965570569, 43.2449384406209], [76.95549856871367, 43.24493642896414], [76.95549722760916, 43.244932405650616], [76.95549856871367, 43.2449297234416], [76.95553008466959, 43.24492905288935], [76.95552941411734, 43.244927041232586], [76.95552740246058, 43.244927041232586], [76.95552606135607, 43.24492234736681], [76.95552941411734, 43.244916312396526], [76.95553477853537, 43.2449109479785], [76.9555488601327, 43.244903571903706], [76.95555288344622, 43.244903571903706], [76.9555589184165, 43.244901560246944], [76.95556964725256, 43.2449022307992], [76.95556964725256, 43.24489686638117], [76.95557098835707, 43.24489552527666], [76.95557434111834, 43.24489887803793], [76.95557702332735, 43.24489954859018], [76.95557836443186, 43.244901560246944], [76.95558037608862, 43.244901560246944], [76.95558104664087, 43.24490290135145], [76.95558305829763, 43.24490290135145], [76.9555864110589, 43.24490558356047], [76.95559445768595, 43.24490759521723], [76.95560116320848, 43.2449109479785], [76.955605186522, 43.2449109479785], [76.95560988038778, 43.24491295963526], [76.95562597364187, 43.24491295963526], [76.95563536137342, 43.2449109479785], [76.95564340800047, 43.24491161853075], [76.95565078407526, 43.2449109479785], [76.95565279573202, 43.24490960687399], [76.95567224174738, 43.24490960687399], [76.95568028837442, 43.24491161853075], [76.95568162947893, 43.24491295963526], [76.95568699389696, 43.24491295963526], [76.95569235831499, 43.24491564184427], [76.95569772273302, 43.244916312396526], [76.95570308715105, 43.244921676814556], [76.95570442825556, 43.24492435902357], [76.9557037577033, 43.24492838233709], [76.95570711046457, 43.24492905288935], [76.9557037577033, 43.24493106454611], [76.95570845156908, 43.24493374675512], [76.95570979267359, 43.244935758411884], [76.9557111337781, 43.244935758411884], [76.95571381598711, 43.24494045227766], [76.95571582764387, 43.24494179338217], [76.95571582764387, 43.244943134486675], [76.95572253316641, 43.24494984000921], [76.95572387427092, 43.24494984000921], [76.95572588592768, 43.24495252221823], [76.95572856813669, 43.244953863322735], [76.95572856813669, 43.24495520442724], [76.9557299092412, 43.24495520442724], [76.95573527365923, 43.24495989829302], [76.95573929697275, 43.24495989829302], [76.95573929697275, 43.24495855718851], [76.95574130862951, 43.244957216084], [76.95574130862951, 43.244995437562466], [76.95573795586824, 43.24499275535345], [76.95573594421148, 43.244993425905704], [76.95573594421148, 43.244995437562466]], [[76.95567961782217, 43.24493307620287], [76.95568162947893, 43.24493307620287], [76.95568095892668, 43.244930393993855], [76.95567760616541, 43.2449297234416], [76.95567760616541, 43.24493106454611], [76.95567961782217, 43.24493307620287]]]}, "properties": {"id": 451, "class": "road", "confidence": 100.0, "source": "Almaty_9", "source_model": "unet-roads", "centroid_wkt": "POINT (76.9556271160999 43.244942150762526)", "bbox": [76.95548918098211, 43.24489552527666, 76.95574130862951, 43.244995437562466], "pixel_bbox": [11912, 5534, 12288, 5683], "area_m2": 92.511}}, {"type": "Feature", "geometry": {"type": "Polygon", "coordinates": [[[76.9495078548789, 43.244912289083004], [76.94950047880411, 43.24491027742624], [76.9494977965951, 43.24490759521723], [76.94948706775904, 43.2449022307992], [76.94948103278875, 43.24489418417215], [76.94948170334101, 43.244887478649616], [76.94948639720678, 43.244885466992855], [76.94948840886354, 43.24488278478384], [76.94949444383383, 43.244880102574825], [76.94950986653566, 43.24487876147032], [76.9495165720582, 43.24488077312708], [76.94951925426722, 43.24488278478384], [76.94952730089426, 43.2448847964406], [76.9495340064168, 43.24489150196314], [76.94953467696905, 43.24489418417215], [76.94953668862581, 43.244896195828915], [76.94953668862581, 43.244898207485676], [76.94953802973032, 43.244898207485676], [76.94953870028257, 43.244903571903706], [76.94953802973032, 43.24490491300821], [76.94953668862581, 43.24490424245596], [76.94953333586454, 43.24491027742624], [76.9495078548789, 43.244912289083004]]]}, "properties": {"id": 452, "class": "road", "confidence": 100.0, "source": "Almaty_9", "source_model": "unet-roads", "centroid_wkt": "POINT (76.9495103179853 43.24489545869852)", "bbox": [76.94948103278875, 43.24487876147032, 76.94953870028257, 43.244912289083004], "pixel_bbox": [2952, 5658, 3038, 5708], "area_m2": 12.735}}, {"type": "Feature", "geometry": {"type": "Polygon", "coordinates": [[[76.94802928715944, 43.24489686638117], [76.9480212405324, 43.24489418417215], [76.94801788777113, 43.24489016085863], [76.94801587611437, 43.244890831410885], [76.94801587611437, 43.24487943202257], [76.94801788777113, 43.24487876147032], [76.94801989942789, 43.2448760792613], [76.9480225816369, 43.24487540870905], [76.94802392274141, 43.24487339705229], [76.94802526384592, 43.24487339705229], [76.94802794605494, 43.24487004429102], [76.9480312988162, 43.24486870318651], [76.948038674891, 43.24486870318651], [76.94804202765226, 43.24487138539553], [76.94804672151804, 43.244872726500034], [76.9480487331748, 43.24487674981356], [76.9480487331748, 43.244880102574825], [76.9480473920703, 43.2448847964406], [76.94804403930902, 43.24488814920187], [76.94804269820452, 43.24489217251539], [76.9480400159955, 43.244892843067646], [76.94803599268198, 43.244896195828915], [76.94802928715944, 43.24489686638117]]]}, "properties": {"id": 453, "class": "road", "confidence": 100.0, "source": "Almaty_9", "source_model": "unet-roads", "centroid_wkt": "POINT (76.94803259648546 43.24488236630264)", "bbox": [76.94801587611437, 43.24486870318651, 76.9480487331748, 43.24489686638117], "pixel_bbox": [767, 5681, 816, 5723], "area_m2": 6.185}}, {"type": "Feature", "geometry": {"type": "Polygon", "coordinates": [[[76.94834176450968, 43.244890831410885], [76.94832567125559, 43.2448847964406], [76.94831896573305, 43.24487876147032], [76.94831896573305, 43.24487339705229], [76.94832030683756, 43.24487138539553], [76.94832030683756, 43.24486870318651], [76.94832567125559, 43.24486132711172], [76.94832500070333, 43.2448573037982], [76.94832231849432, 43.24485260993242], [76.94832030683756, 43.24485059827566], [76.94831896573305, 43.24485059827566], [76.94831561297178, 43.244845904409885], [76.94831158965826, 43.24484456330538], [76.948310919106, 43.24484322220087], [76.94830555468798, 43.244840539991856], [76.94830019026995, 43.244835175573826], [76.9482995197177, 43.244833163917065], [76.94830019026995, 43.24482511729002], [76.94830622524023, 43.24481841176748], [76.94830756634474, 43.24481841176748], [76.9483095780015, 43.24481640011072], [76.94831427186728, 43.24481572955847], [76.94831695407629, 43.24481371790171], [76.94832365959883, 43.244811706244946], [76.9483457878232, 43.24481103569269], [76.94835383445024, 43.24481438845396], [76.94835852831602, 43.24481304734945], [76.94835986942053, 43.244811706244946], [76.94835986942053, 43.244888819754124], [76.94835383445024, 43.244888819754124], [76.94834981113672, 43.244890831410885], [76.94834176450968, 43.244890831410885]]]}, "properties": {"id": 454, "class": "road", "confidence": 100.0, "source": "Almaty_9", "source_model": "unet-roads", "centroid_wkt": "POINT (76.94833663980556 43.24484671564935)", "bbox": [76.9482995197177, 43.24481103569269, 76.94835986942053, 43.244890831410885], "pixel_bbox": [1190, 5690, 1280, 5809], "area_m2": 31.41}}, {"type": "Feature", "geometry": {"type": "Polygon", "coordinates": [[[76.94840010255575, 43.244858644902706], [76.94838803261518, 43.24485260993242], [76.94838535040617, 43.24484992772341], [76.94838535040617, 43.2448485866189], [76.94838132709265, 43.24484523385763], [76.9483806565404, 43.24484322220087], [76.94837931543589, 43.24484322220087], [76.94837730377913, 43.24484121054411], [76.94837529212236, 43.24484121054411], [76.94837126880884, 43.24483584612608], [76.94836858659983, 43.244835175573826], [76.94836791604757, 43.24483048170805], [76.94839473813772, 43.24481908231974], [76.94840680807829, 43.24481841176748], [76.94841619580984, 43.24481640011072], [76.94842290133238, 43.244817070662975], [76.94843497127295, 43.244815059006214], [76.94844033569098, 43.24481304734945], [76.94844972342253, 43.2448123767972], [76.94845575839281, 43.24481036514044], [76.94846648722887, 43.24481036514044], [76.94847386330366, 43.24480902403593], [76.94848593324423, 43.24481036514044], [76.94850001484156, 43.244815059006214], [76.94850068539381, 43.24481640011072], [76.94850336760283, 43.244817070662975], [76.9485067203641, 43.244820423424244], [76.9485080614686, 43.244820423424244], [76.94851208478212, 43.244824446737766], [76.94851543754339, 43.24483182281256], [76.94851610809565, 43.24483718723059], [76.94851476699114, 43.24484188109636], [76.94851275533438, 43.24484322220087], [76.94851141422987, 43.244845904409885], [76.94850940257311, 43.244845904409885], [76.94850873202085, 43.24484724551439], [76.94850403815508, 43.24484724551439], [76.94850001484156, 43.2448485866189], [76.94847922772169, 43.2448485866189], [76.94846715778112, 43.24484657496214], [76.94843832403421, 43.24484791606665], [76.94843631237745, 43.244849257171154], [76.94843295961618, 43.244849257171154], [76.94842088967562, 43.24485260993242], [76.9484094902873, 43.24485797435045], [76.94840010255575, 43.244858644902706]]]}, "properties": {"id": 455, "class": "road", "confidence": 100.0, "source": "Almaty_9", "source_model": "unet-roads", "centroid_wkt": "POINT (76.94844498823451 43.2448323340283)", "bbox": [76.94836791604757, 43.24480902403593, 76.94851610809565, 43.244858644902706], "pixel_bbox": [1292, 5738, 1513, 5812], "area_m2": 43.38}}, {"type": "Feature", "geometry": {"type": "Polygon", "coordinates": [[[76.9547126814723, 43.244815059006214], [76.9547126814723, 43.24481304734945], [76.9547113403678, 43.244811706244946], [76.9547113403678, 43.24479762464762], [76.9547126814723, 43.2447949424386], [76.95471335202456, 43.244796954095364], [76.95471402257681, 43.244795612990856], [76.95472475141287, 43.2447949424386], [76.95472609251738, 43.2447949424386], [76.95472810417414, 43.244796954095364], [76.95473749190569, 43.244796954095364], [76.95474419742823, 43.24480164796114], [76.95474352687597, 43.24480701237917], [76.9547388330102, 43.24481103569269], [76.95472743362188, 43.24481371790171], [76.95471871644258, 43.2448123767972], [76.95471603423357, 43.24481304734945], [76.95471469312906, 43.244815059006214], [76.95471335202456, 43.24481371790171], [76.9547126814723, 43.244815059006214]]]}, "properties": {"id": 456, "class": "road", "confidence": 100.0, "source": "Almaty_9", "source_model": "unet-roads", "centroid_wkt": "POINT (76.95472642155718 43.2448041088305)", "bbox": [76.9547113403678, 43.2447949424386, 76.95474419742823, 43.244815059006214], "pixel_bbox": [10752, 5803, 10801, 5833], "area_m2": 4.58}}, {"type": "Feature", "geometry": {"type": "Polygon", "coordinates": [[[76.95574264973402, 43.24481841176748], [76.95574130862951, 43.24480231851339], [76.95574197918177, 43.24477683752775], [76.95574332028627, 43.24477817863226], [76.95574332028627, 43.24478019028902], [76.95574533194304, 43.244780860841274], [76.95574600249529, 43.24478354305029], [76.95575002580881, 43.2447848841548], [76.95575069636106, 43.2447949424386], [76.95575069636106, 43.24479762464762], [76.9557473435998, 43.24480164796114], [76.9557473435998, 43.24481371790171], [76.95574600249529, 43.24481304734945], [76.95574466139078, 43.244817070662975], [76.95574332028627, 43.244817070662975], [76.95574264973402, 43.24481841176748]]]}, "properties": {"id": 457, "class": "road", "confidence": 100.0, "source": "Almaty_9", "source_model": "unet-roads", "centroid_wkt": "POINT (76.95574555648953 43.24479656304279)", "bbox": [76.95574130862951, 43.24477683752775, 76.95575069636106, 43.24481841176748], "pixel_bbox": [12288, 5798, 12302, 5860], "area_m2": 2.203}}, {"type": "Feature", "geometry": {"type": "Polygon", "coordinates": [[[76.94870453327894, 43.24487138539553], [76.94870319217443, 43.244861997663975], [76.94870386272669, 43.244804330170155], [76.94870855659246, 43.244804330170155], [76.94871257990599, 43.24480164796114], [76.9487139210105, 43.24479762464762], [76.94871727377176, 43.24479427188635], [76.94871861487627, 43.244790248572826], [76.94872666150331, 43.24478019028902], [76.94873001426458, 43.2447674497962], [76.94873470813036, 43.24476610869169], [76.94873806089163, 43.24476342648268], [76.94874744862318, 43.24476409703493], [76.94874878972769, 43.24476610869169], [76.94875080138445, 43.244766779243946], [76.94874946027994, 43.24476879090071], [76.9487501308322, 43.24477348476648], [76.94875214248896, 43.244775496423244], [76.94875348359346, 43.244775496423244], [76.94875348359346, 43.24477683752775], [76.94875616580248, 43.24477951973677], [76.9487588480115, 43.244780860841274], [76.9487588480115, 43.24478220194578], [76.94876085966825, 43.24478354305029], [76.94876085966825, 43.2447848841548], [76.94876220077276, 43.24478555470705], [76.94876287132502, 43.244788236916065], [76.94876555353403, 43.244791589677334], [76.94877494126558, 43.24479628354311], [76.94878298789263, 43.24479762464762], [76.9487963989377, 43.24480298906565], [76.94880176335573, 43.244809694588184], [76.94880042225122, 43.24481572955847], [76.94879908114672, 43.24481640011072], [76.94879908114672, 43.24481774121523], [76.94879371672869, 43.24481908231974], [76.94879371672869, 43.244820423424244], [76.94879103451967, 43.244822435081005], [76.9487876817584, 43.244822435081005], [76.9487863406539, 43.24482377618551], [76.94878164678812, 43.244824446737766], [76.94877158850431, 43.24482914060354], [76.94876689463854, 43.24483383446932], [76.94876421242952, 43.24483919888735], [76.94876153022051, 43.24484121054411], [76.94875951856375, 43.24484657496214], [76.94875750690699, 43.24484791606665], [76.94875750690699, 43.244849257171154], [76.94875616580248, 43.24484992772341], [76.94875482469797, 43.244853280484676], [76.9487514719367, 43.24485596269369], [76.9487514719367, 43.2448573037982], [76.94873940199614, 43.24486669152975], [76.94872263818979, 43.24487071484327], [76.94871861487627, 43.24487071484327], [76.94871325045824, 43.244869373738766], [76.94871056824923, 43.244867362082005], [76.9487065449357, 43.244867362082005], [76.94870453327894, 43.24487138539553]]]}, "properties": {"id": 458, "class": "road", "confidence": 100.0, "source": "Almaty_9", "source_model": "unet-roads", "centroid_wkt": "POINT (76.94874184142968 43.244819336572895)", "bbox": [76.94870319217443, 43.24476342648268, 76.94880176335573, 43.24487138539553], "pixel_bbox": [1792, 5719, 1939, 5880], "area_m2": 54.081}}, {"type": "Feature", "geometry": {"type": "Polygon", "coordinates": [[[76.95437606424093, 43.244820423424244], [76.95437405258417, 43.24481908231974], [76.95437137037516, 43.24481908231974], [76.95436801761389, 43.24481438845396], [76.95436801761389, 43.2448036596179], [76.95436265319586, 43.24479963630438], [76.9543606415391, 43.2447949424386], [76.95435997098684, 43.24478890746832], [76.95435795933008, 43.244786225259304], [76.95435661822557, 43.244780860841274], [76.95435930043459, 43.2447761669755], [76.95435930043459, 43.24477348476648], [76.95436265319586, 43.24477080255747], [76.95436734706163, 43.244770132005215], [76.95436801761389, 43.244759403169155], [76.95437137037516, 43.24475806206465], [76.95447530597448, 43.2447587326169], [76.95447664707899, 43.24476007372141], [76.95447597652674, 43.244761414825916], [76.95447329431772, 43.24476208537817], [76.95447329431772, 43.24476342648268], [76.95447463542223, 43.24476342648268], [76.95447463542223, 43.244764767587185], [76.95447731763124, 43.24476610869169], [76.95447999984026, 43.24476610869169], [76.95448201149702, 43.2447674497962], [76.95448938757181, 43.24476879090071], [76.95449274033308, 43.24477080255747], [76.9544954225421, 43.24477080255747], [76.95449944585562, 43.24477348476648], [76.95450145751238, 43.24477348476648], [76.95450145751238, 43.24477482587099], [76.9545054808259, 43.2447761669755], [76.95450950413942, 43.24477951973677], [76.95451620966196, 43.24478220194578], [76.95453096181154, 43.24478421360254], [76.95453230291605, 43.24478555470705], [76.95453565567732, 43.24478555470705], [76.95453632622957, 43.24478689581156], [76.95453833788633, 43.24478689581156], [76.95453900843859, 43.2447848841548], [76.9545403495431, 43.2447848841548], [76.9545416906476, 43.244786225259304], [76.9545490667224, 43.244786225259304], [76.95455577224493, 43.24478756636381], [76.95456180721521, 43.24479091912508], [76.95456448942423, 43.24479427188635], [76.95456583052874, 43.24479427188635], [76.95456851273775, 43.244798965752125], [76.95456851273775, 43.2448036596179], [76.95456717163324, 43.244806341826916], [76.95456314831972, 43.244809694588184], [76.95456180721521, 43.244809694588184], [76.9545604661107, 43.244811706244946], [76.95455376058817, 43.24481371790171], [76.95454437285662, 43.24481304734945], [76.95454303175211, 43.24481371790171], [76.95454303175211, 43.244815059006214], [76.95454236119986, 43.24481371790171], [76.95454102009535, 43.244815059006214], [76.95454102009535, 43.2448123767972], [76.95453967899084, 43.24481036514044], [76.95453967899084, 43.244800977408886], [76.95453766733408, 43.244798965752125], [76.9545329734683, 43.24479963630438], [76.95452962070704, 43.24479829519987], [76.95451688021421, 43.24479829519987], [76.95451151579618, 43.24480030685663], [76.95451084524393, 43.24480164796114], [76.95450682193041, 43.2448036596179], [76.95450078696012, 43.24480567127466], [76.95450011640787, 43.24480701237917], [76.95448938757181, 43.2448123767972], [76.9544880464673, 43.24481438845396], [76.95447999984026, 43.24481774121523], [76.95446323603392, 43.24481841176748], [76.95445720106363, 43.24481640011072], [76.95445317775011, 43.24481371790171], [76.95444781333208, 43.24481304734945], [76.95444513112307, 43.24481103569269], [76.95443172007799, 43.24480835348368], [76.95442233234644, 43.24480835348368], [76.95441160351038, 43.24481103569269], [76.95440288633108, 43.244815059006214], [76.95439416915178, 43.24481640011072], [76.95439148694277, 43.24481841176748], [76.95438411086798, 43.24481908231974], [76.95438344031572, 43.244820423424244], [76.95437606424093, 43.244820423424244]]]}, "properties": {"id": 459, "class": "road", "confidence": 100.0, "source": "Almaty_9", "source_model": "unet-roads", "centroid_wkt": "POINT (76.95444577626286 43.24478816082759)", "bbox": [76.95435661822557, 43.24475806206465, 76.95456851273775, 43.244820423424244], "pixel_bbox": [10223, 5795, 10539, 5888], "area_m2": 79.166}}, {"type": "Feature", "geometry": {"type": "Polygon", "coordinates": [[[76.95392947643995, 43.24478555470705], [76.95390935987234, 43.24478421360254], [76.95388656109571, 43.24477884918451], [76.95388320833445, 43.2447761669755], [76.95387918502092, 43.24477482587099], [76.95387650281191, 43.244772143661976], [76.95387650281191, 43.24477080255747], [76.9538751617074, 43.24477080255747], [76.9538738206029, 43.24476208537817], [76.95386912673712, 43.244759403169155], [76.95388186722994, 43.24475806206465], [76.95402335375547, 43.24475806206465], [76.95402469485998, 43.244759403169155], [76.95402469485998, 43.24477817863226], [76.95402402430773, 43.2447761669755], [76.95401933044195, 43.2447761669755], [76.95401664823294, 43.24477817863226], [76.95400256663561, 43.24477817863226], [76.95397775620222, 43.24478220194578], [76.95395562797785, 43.24478220194578], [76.95395160466433, 43.24478354305029], [76.95394355803728, 43.24478354305029], [76.95392947643995, 43.24478555470705]]]}, "properties": {"id": 460, "class": "road", "confidence": 100.0, "source": "Almaty_9", "source_model": "unet-roads", "centroid_wkt": "POINT (76.95394870830533 43.24476947742675)", "bbox": [76.95386912673712, 43.24475806206465, 76.95402469485998, 43.24478555470705], "pixel_bbox": [9496, 5847, 9728, 5888], "area_m2": 31.365}}, {"type": "Feature", "geometry": {"type": "Polygon", "coordinates": [[[76.95418361574411, 43.24481103569269], [76.9541708752513, 43.24480835348368], [76.95416953414679, 43.24480701237917], [76.9541634991765, 43.24480567127466], [76.95416014641523, 43.2448036596179], [76.95413533598185, 43.24480231851339], [76.95413265377283, 43.244800977408886], [76.95412661880255, 43.24480164796114], [76.95412058383226, 43.24480030685663], [76.95411253720522, 43.24480030685663], [76.95409577339888, 43.24479628354311], [76.95408906787634, 43.24479293078184], [76.95407632738352, 43.24478957802057], [76.95406023412943, 43.24478153139353], [76.95405688136816, 43.24477884918451], [76.95405151695013, 43.244777508080006], [76.95404682308435, 43.24477348476648], [76.95404414087534, 43.24477281421423], [76.95403877645731, 43.244766779243946], [76.95404145866632, 43.244762755930424], [76.95403676480055, 43.24476208537817], [76.95403542369604, 43.24476007372141], [76.95403341203928, 43.244759403169155], [76.95404347032309, 43.24475806206465], [76.95412259548903, 43.24475806206465], [76.95413131266832, 43.24475470930338], [76.95413667708635, 43.244754038751125], [76.95416416972876, 43.24475470930338], [76.95417355746031, 43.24475537985563], [76.95418495684862, 43.24475806206465], [76.95419635623693, 43.24475806206465], [76.95419635623693, 43.244762755930424], [76.9541983678937, 43.244766779243946], [76.95420172065496, 43.24476543813944], [76.95420641452074, 43.244766779243946], [76.95420909672976, 43.24476812034845], [76.95420976728201, 43.24477080255747], [76.95420574396849, 43.24477080255747], [76.95420507341623, 43.24476946145296], [76.95420373231173, 43.244772143661976], [76.95420172065496, 43.24477080255747], [76.95419702678919, 43.24477080255747], [76.95419635623693, 43.24480902403593], [76.95419166237116, 43.24480902403593], [76.9541896507144, 43.24481036514044], [76.95418361574411, 43.24481103569269]]]}, "properties": {"id": 461, "class": "road", "confidence": 100.0, "source": "Almaty_9", "source_model": "unet-roads", "centroid_wkt": "POINT (76.9541317796965 43.24477787498678)", "bbox": [76.95403341203928, 43.244754038751125, 76.95420976728201, 43.24481103569269], "pixel_bbox": [9741, 5809, 10004, 5894], "area_m2": 57.138}}, {"type": "Feature", "geometry": {"type": "Polygon", "coordinates": [[[76.95514384657145, 43.244757391512394], [76.95512037724257, 43.244757391512394], [76.95512037724257, 43.24475605040789], [76.95512171834707, 43.24475605040789], [76.95512171834707, 43.24475470930338], [76.95512373000383, 43.24475336819887], [76.95512440055609, 43.24475135654211], [76.95512305945158, 43.244748674333096], [76.9551270827651, 43.24474599212408], [76.9551270827651, 43.24474398046732], [76.95512909442186, 43.24474398046732], [76.95513177663088, 43.24474196881056], [76.95513848215342, 43.24474263936281], [76.95513848215342, 43.24474599212408], [76.95514116436243, 43.24474733322859], [76.95514250546694, 43.24474934488535], [76.95514250546694, 43.24475135654211], [76.95513848215342, 43.24475336819887], [76.95513848215342, 43.24475470930338], [76.95514384657145, 43.244757391512394]]]}, "properties": {"id": 462, "class": "road", "confidence": 100.0, "source": "Almaty_9", "source_model": "unet-roads", "centroid_wkt": "POINT (76.95513264962 43.24475040685792)", "bbox": [76.95512037724257, 43.24474196881056, 76.95514384657145, 43.244757391512394], "pixel_bbox": [11362, 5889, 11397, 5912], "area_m2": 2.14}}, {"type": "Feature", "geometry": {"type": "Polygon", "coordinates": [[[76.95120301097631, 43.24475806206465], [76.95115674287081, 43.244757391512394], [76.95115607231855, 43.24475537985563], [76.95115339010954, 43.24475537985563], [76.95115339010954, 43.244754038751125], [76.95115204900503, 43.244754038751125], [76.95115271955729, 43.24474934488535], [76.95115406066179, 43.244748674333096], [76.95115406066179, 43.24474733322859], [76.9511554017663, 43.24474733322859], [76.95115808397532, 43.24474398046732], [76.95115942507982, 43.24474398046732], [76.95116210728884, 43.244741298258305], [76.95117551833391, 43.244735933840275], [76.9511902704835, 43.244735933840275], [76.95119965821505, 43.24474062770605], [76.95120703428984, 43.24474934488535], [76.95120703428984, 43.24475336819887], [76.95120435208082, 43.244754038751125], [76.95120502263308, 43.24475672096014], [76.95120301097631, 43.24475806206465]]]}, "properties": {"id": 463, "class": "road", "confidence": 100.0, "source": "Almaty_9", "source_model": "unet-roads", "centroid_wkt": "POINT (76.95118083957723 43.2447478436285)", "bbox": [76.95115204900503, 43.244735933840275, 76.95120703428984, 43.24475806206465], "pixel_bbox": [5444, 5888, 5526, 5921], "area_m2": 8.601}}, {"type": "Feature", "geometry": {"type": "Polygon", "coordinates": [[[76.95044863969088, 43.24475470930338], [76.95044059306383, 43.24475269764662], [76.95043925195932, 43.24474800378084], [76.95043724030256, 43.24474532157183], [76.95043656975031, 43.244741298258305], [76.95043724030256, 43.24473861604929], [76.95044193416834, 43.24473325163126], [76.95045065134764, 43.244728557765484], [76.9504526630044, 43.24472922831774], [76.95045534521341, 43.24473191052675], [76.95045534521341, 43.24473325163126], [76.95045869797468, 43.244735933840275], [76.95045936852694, 43.2447399571538], [76.95046070963144, 43.24474062770605], [76.95046205073595, 43.24474398046732], [76.9504627212882, 43.24475135654211], [76.95046070963144, 43.244754038751125], [76.95044863969088, 43.24475470930338]]]}, "properties": {"id": 464, "class": "road", "confidence": 100.0, "source": "Almaty_9", "source_model": "unet-roads", "centroid_wkt": "POINT (76.9504501541861 43.24474280038658)", "bbox": [76.95043656975031, 43.244728557765484, 76.9504627212882, 43.24475470930338], "pixel_bbox": [4377, 5893, 4416, 5932], "area_m2": 4.473}}, {"type": "Feature", "geometry": {"type": "Polygon", "coordinates": [[[76.95007782429457, 43.24475672096014], [76.95007715374231, 43.24472788721323], [76.95007849484682, 43.24472453445196], [76.95007849484682, 43.244727216660976], [76.95007983595133, 43.24472654610872], [76.95007983595133, 43.24472788721323], [76.95008117705584, 43.244728557765484], [76.95008117705584, 43.24473191052675], [76.95008251816034, 43.2447312399745], [76.95008385926485, 43.244737945497036], [76.95008251816034, 43.2447399571538], [76.95008251816034, 43.24474465101957], [76.95008050650358, 43.24474733322859], [76.95007983595133, 43.24475672096014], [76.95007782429457, 43.24475672096014]]]}, "properties": {"id": 465, "class": "road", "confidence": 100.0, "source": "Almaty_9", "source_model": "unet-roads", "centroid_wkt": "POINT (76.9500800786678 43.24473957256642)", "bbox": [76.95007715374231, 43.24472453445196, 76.95008385926485, 43.24475672096014], "pixel_bbox": [3841, 5890, 3851, 5938], "area_m2": 1.122}}, {"type": "Feature", "geometry": {"type": "Polygon", "coordinates": [[[76.95363644510508, 43.244712464511395], [76.95363242179155, 43.24471112340689], [76.95362973958254, 43.24471179395914], [76.95362571626902, 43.24471045285463], [76.9536129757762, 43.244709111750126], [76.95359285920858, 43.244709111750126], [76.9535868242383, 43.24470642954111], [76.95358280092478, 43.24470240622759], [76.95358145982027, 43.244699724018574], [76.95358145982027, 43.244694359600544], [76.95358414202929, 43.244688995182514], [76.9535868242383, 43.24468698352575], [76.95360358804464, 43.24468296021223], [76.95360828191042, 43.24468296021223], [76.9536129757762, 43.244685642421246], [76.95361632853746, 43.244685642421246], [76.95361834019423, 43.24468698352575], [76.95362638682127, 43.24468832463026], [76.95362705737352, 43.24468966573477], [76.95363309234381, 43.24469033628702], [76.95363778620958, 43.24469234794378], [76.9536404684186, 43.24469570070505], [76.95364449173212, 43.24469771236181], [76.95364717394114, 43.244701735675335], [76.95364717394114, 43.24470575898886], [76.95364583283663, 43.24470642954111], [76.95364583283663, 43.24470777064562], [76.95364315062761, 43.244709111750126], [76.9536418095231, 43.24471179395914], [76.95363644510508, 43.244712464511395]]]}, "properties": {"id": 466, "class": "road", "confidence": 100.0, "source": "Almaty_9", "source_model": "unet-roads", "centroid_wkt": "POINT (76.95361331520232 43.24469804996776)", "bbox": [76.95358145982027, 43.24468296021223, 76.95364717394114, 43.244712464511395], "pixel_bbox": [9067, 5956, 9165, 6000], "area_m2": 12.455}}, {"type": "Feature", "geometry": {"type": "Polygon", "coordinates": [[[76.95117216557264, 43.244719840586185], [76.95114735513926, 43.2447138056159], [76.95114601403475, 43.244712464511395], [76.95113930851221, 43.24471112340689], [76.95113729685545, 43.244709111750126], [76.95113461464643, 43.24470844119787], [76.95113394409418, 43.24470642954111], [76.95113260298967, 43.24470642954111], [76.95113260298967, 43.2447050884366], [76.95113126188517, 43.24470441788435], [76.95113126188517, 43.24470240622759], [76.9511292502284, 43.244698382914066], [76.9511279091239, 43.24469771236181], [76.95112656801939, 43.24469368904829], [76.95112656801939, 43.24468497186899], [76.9511279091239, 43.24468094855547], [76.95113595575094, 43.24467424303293], [76.95114601403475, 43.24467223137617], [76.95116076618433, 43.244674913585186], [76.95116277784109, 43.24467625468969], [76.95118557661772, 43.24467893689871], [76.951191611588, 43.24468161910772], [76.95119697600603, 43.24468765407801], [76.95119898766279, 43.24468832463026], [76.95119965821505, 43.244691006839275], [76.95120099931955, 43.24469167739153], [76.9512016698718, 43.244698382914066], [76.95119965821505, 43.2447050884366], [76.95119831711054, 43.24470575898886], [76.95119563490152, 43.24471112340689], [76.95119362324476, 43.24471179395914], [76.95119295269251, 43.2447138056159], [76.9511902704835, 43.244714476168156], [76.95118825882673, 43.24471715837717], [76.95118021219969, 43.244719840586185], [76.95117216557264, 43.244719840586185]]]}, "properties": {"id": 467, "class": "road", "confidence": 100.0, "source": "Almaty_9", "source_model": "unet-roads", "centroid_wkt": "POINT (76.95116394192017 43.24469550431499)", "bbox": [76.95112656801939, 43.24467223137617, 76.9512016698718, 43.244719840586185], "pixel_bbox": [5406, 5945, 5518, 6016], "area_m2": 24.211}}, {"type": "Feature", "geometry": {"type": "Polygon", "coordinates": [[[76.95024479180574, 43.24468497186899], [76.95022132247686, 43.24468430131674], [76.95022065192461, 43.24468296021223], [76.9502179697156, 43.24468228965998], [76.95021528750658, 43.244680278003216], [76.95021528750658, 43.24467893689871], [76.95021327584982, 43.24467692524195], [76.95021327584982, 43.24467223137617], [76.9502193108201, 43.24466686695814], [76.95022132247686, 43.24466686695814], [76.95022199302912, 43.24466485530138], [76.95022400468588, 43.24466485530138], [76.95022400468588, 43.24466284364462], [76.95022534579039, 43.24466150254011], [76.95022735744715, 43.24466150254011], [76.95023205131292, 43.24465613812208], [76.95023607462645, 43.244654797017574], [76.95024143904448, 43.244654797017574], [76.95024613291025, 43.24465613812208], [76.95024814456701, 43.24465412646532], [76.95024814456701, 43.244683630764484], [76.95024479180574, 43.24468497186899]]]}, "properties": {"id": 468, "class": "road", "confidence": 100.0, "source": "Almaty_9", "source_model": "unet-roads", "centroid_wkt": "POINT (76.95023383724892 43.24467105527795)", "bbox": [76.95021327584982, 43.24465412646532, 76.95024814456701, 43.24468497186899], "pixel_bbox": [4044, 5997, 4096, 6043], "area_m2": 7.408}}, {"type": "Feature", "geometry": {"type": "Polygon", "coordinates": [[[76.95007782429457, 43.24467893689871], [76.95007648319006, 43.2446688786149], [76.95007648319006, 43.24465412646532], [76.95007782429457, 43.24465345591307], [76.95007782429457, 43.24465211480856], [76.95007983595133, 43.24465211480856], [76.95008385926485, 43.24465613812208], [76.95008788257837, 43.24465747922659], [76.95009123533964, 43.244660161435604], [76.95009257644415, 43.244664184749126], [76.95009257644415, 43.244669549167156], [76.95008654147387, 43.24467558413744], [76.95008117705584, 43.24467692524195], [76.95007983595133, 43.244678266346455], [76.95007849484682, 43.24467692524195], [76.95007782429457, 43.24467893689871]]]}, "properties": {"id": 469, "class": "road", "confidence": 100.0, "source": "Almaty_9", "source_model": "unet-roads", "centroid_wkt": "POINT (76.9500837325607 43.24466516600055)", "bbox": [76.95007648319006, 43.24465211480856, 76.95009257644415, 43.24467893689871], "pixel_bbox": [3840, 6006, 3864, 6046], "area_m2": 2.73}}, {"type": "Feature", "geometry": {"type": "Polygon", "coordinates": [[[76.95664253085852, 43.244853280484676], [76.95663515478373, 43.24484657496214], [76.95663180202246, 43.24483450502157], [76.95663180202246, 43.24482511729002], [76.95663448423147, 43.24481975287199], [76.95663716644049, 43.24480768293142], [76.95664186030626, 43.244798965752125], [76.95664253085852, 43.24479427188635], [76.95664253085852, 43.244788236916065], [76.95664051920176, 43.244786225259304], [76.9566398486495, 43.24478153139353], [76.95663716644049, 43.24477683752775], [76.95663716644049, 43.2447674497962], [76.956638507545, 43.24476007372141], [76.95663917809725, 43.24475806206465], [76.95664588361979, 43.24475806206465], [76.95664789527655, 43.24475672096014], [76.95664789527655, 43.24475269764662], [76.95664990693331, 43.24474934488535], [76.95664990693331, 43.24474599212408], [76.95665258914232, 43.24473928660154], [76.95665594190359, 43.244709111750126], [76.9566586241126, 43.24470240622759], [76.95666063576937, 43.24469167739153], [76.9566673412919, 43.24467692524195], [76.95666868239641, 43.24467625468969], [76.95667203515768, 43.24466820806265], [76.9566747173667, 43.24466485530138], [76.9566747173667, 43.24466284364462], [76.95667739957571, 43.244660161435604], [76.95667739957571, 43.24465814977884], [76.95667874068022, 43.24465747922659], [76.95668008178473, 43.24465278536081], [76.95668209344149, 43.244651444256306], [76.95668209344149, 43.2446501031518], [76.956683434546, 43.2446501031518], [76.9566847756505, 43.24464473873377], [76.95668611675501, 43.244644068181515], [76.95668611675501, 43.244654797017574], [76.95668879896402, 43.24465345591307], [76.95669215172529, 43.24465345591307], [76.95669282227755, 43.24465211480856], [76.95669818669558, 43.24465211480856], [76.95670019835234, 43.24465412646532], [76.95670623332262, 43.24465412646532], [76.95670891553164, 43.244656808674335], [76.95671360939741, 43.24465814977884], [76.9567196443677, 43.24466351419687], [76.95672299712896, 43.24467424303293], [76.95672299712896, 43.24468765407801], [76.95672165602446, 43.24469167739153], [76.95672232657671, 43.24470844119787], [76.95672500878572, 43.24471179395914], [76.95672567933798, 43.244714476168156], [76.95672769099474, 43.24471581727266], [76.95672769099474, 43.24471715837717], [76.95673372596502, 43.244723193347454], [76.95673506706953, 43.244723193347454], [76.95673506706953, 43.24472453445196], [76.95673640817404, 43.24472453445196], [76.9567471370101, 43.244735933840275], [76.95675048977137, 43.24474934488535], [76.95675048977137, 43.24475470930338], [76.95674914866686, 43.244757391512394], [76.95675183087587, 43.24475806206465], [76.95674512535334, 43.2447587326169], [76.95674646645784, 43.244759403169155], [76.95674646645784, 43.244762755930424], [76.95674780756235, 43.24476342648268], [76.9567471370101, 43.24476879090071], [76.95674177259207, 43.244772143661976], [76.9567384198308, 43.244772143661976], [76.95673640817404, 43.24477415531874], [76.95673104375601, 43.244775496423244], [76.95671830326319, 43.2447761669755], [76.95671562105417, 43.244777508080006], [76.95670690387487, 43.24477817863226], [76.95670422166586, 43.24478019028902], [76.95669684559107, 43.244780860841274], [76.9566934928298, 43.24478220194578], [76.95669282227755, 43.24478354305029], [76.95669081062078, 43.24478354305029], [76.95668678730726, 43.24478689581156], [76.95668678730726, 43.24481036514044], [76.95668812841177, 43.24481304734945], [76.95669014006853, 43.24481371790171], [76.95669081062078, 43.244817070662975], [76.95669282227755, 43.24481841176748], [76.9566934928298, 43.24482176452875], [76.9566948339343, 43.244822435081005], [76.95669751614332, 43.24482847005129], [76.95669684559107, 43.244835175573826], [76.9566934928298, 43.24483919888735], [76.95669081062078, 43.24483919888735], [76.95668678730726, 43.24484121054411], [76.95668611675501, 43.24484523385763], [76.9566847756505, 43.244845904409885], [76.95668008178473, 43.244845904409885], [76.9566760584712, 43.24484791606665], [76.95666130632162, 43.24485059827566], [76.95665594190359, 43.24485260993242], [76.95664253085852, 43.244853280484676]]]}, "properties": {"id": 470, "class": "road", "confidence": 100.0, "source": "Almaty_9", "source_model": "unet-roads", "centroid_wkt": "POINT (76.95668561000245 43.24475169770832)", "bbox": [76.95663180202246, 43.244644068181515, 76.95675183087587, 43.244853280484676], "pixel_bbox": [13616, 5746, 13795, 6058], "area_m2": 120.165}}, {"type": "Feature", "geometry": {"type": "Polygon", "coordinates": [[[76.95046205073595, 43.24463937431574], [76.95046070963144, 43.244638703763485], [76.9504613801837, 43.244636692106724], [76.95045802742243, 43.244636692106724], [76.95045601576567, 43.244633339345455], [76.95045601576567, 43.24461925774813], [76.95045936852694, 43.24460584670305], [76.95046070963144, 43.244604505598545], [76.95046406239271, 43.244604505598545], [76.95046741515398, 43.2446051761508], [76.950470097363, 43.24460718780756], [76.95047277957201, 43.24461791664362], [76.95047277957201, 43.24462730437517], [76.9504714384675, 43.24463199824095], [76.950470097363, 43.2446326687932], [76.950470097363, 43.24463468044996], [76.95046741515398, 43.24463602155447], [76.95046674460173, 43.24463803321123], [76.95046205073595, 43.24463937431574]]]}, "properties": {"id": 471, "class": "road", "confidence": 100.0, "source": "Almaty_9", "source_model": "unet-roads", "centroid_wkt": "POINT (76.95046453463947 43.244621427773865)", "bbox": [76.95045601576567, 43.244604505598545, 76.95047277957201, 43.24463937431574], "pixel_bbox": [4406, 6065, 4431, 6117], "area_m2": 4.28}}, {"type": "Feature", "geometry": {"type": "Polygon", "coordinates": [[[76.95608127862215, 43.2445964589715], [76.95607859641314, 43.24459511786699], [76.95607859641314, 43.244593776762486], [76.95607390254736, 43.24459511786699], [76.95606384426355, 43.24459511786699], [76.9560631737113, 43.244593776762486], [76.95605713874102, 43.24459243565798], [76.95605713874102, 43.24459109455347], [76.95605579763651, 43.24459109455347], [76.95605713874102, 43.24459042400122], [76.95605646818876, 43.24458908289671], [76.95605177432299, 43.2445877417922], [76.95608396083117, 43.2445877417922], [76.95608396083117, 43.24458975344896], [76.95608261972666, 43.24458908289671], [76.95608261972666, 43.24459042400122], [76.9560718908906, 43.24458975344896], [76.9560718908906, 43.24459109455347], [76.95607054978609, 43.24459109455347], [76.9560732319951, 43.244591765105724], [76.95607390254736, 43.24459310621023], [76.95608463138342, 43.24459243565798], [76.95608463138342, 43.2445964589715], [76.95608127862215, 43.2445964589715]], [[76.95606719702482, 43.24459109455347], [76.95606786757708, 43.244591765105724], [76.95606786757708, 43.24459109455347], [76.95606719702482, 43.24459109455347]]]}, "properties": {"id": 472, "class": "road", "confidence": 100.0, "source": "Almaty_9", "source_model": "unet-roads", "centroid_wkt": "POINT (76.95607027832804 43.244590948573475)", "bbox": [76.95605177432299, 43.2445877417922, 76.95608463138342, 43.2445964589715], "pixel_bbox": [12751, 6129, 12800, 6142], "area_m2": 1.471}}, {"type": "Feature", "geometry": {"type": "Polygon", "coordinates": [[[76.95505600422621, 43.244636692106724], [76.9550546631217, 43.244615234434605], [76.9550546631217, 43.24458707123995], [76.95509824901819, 43.244586400687695], [76.95510093122721, 43.2445877417922], [76.95510093122721, 43.24458908289671], [76.95509891957045, 43.24459042400122], [76.9550995901227, 43.24459578841925], [76.95509690791368, 43.24459847062826], [76.95509690791368, 43.24459981173277], [76.95509422570467, 43.244602493941784], [76.95509154349566, 43.24460316449404], [76.95508886128664, 43.24460584670305], [76.95508684962988, 43.24460584670305], [76.95508349686861, 43.24460919946432], [76.95508014410734, 43.24461054056883], [76.95507813245058, 43.24461322277784], [76.95507679134607, 43.24461322277784], [76.95507545024157, 43.24461590498686], [76.95507276803255, 43.24461791664362], [76.95507276803255, 43.24461925774813], [76.95507008582354, 43.24462126940489], [76.95507008582354, 43.24462328106165], [76.95506606251001, 43.24462730437517], [76.95506606251001, 43.24462864547968], [76.9550647214055, 43.24462864547968], [76.9550647214055, 43.24462998658419], [76.95506203919649, 43.24463065713644], [76.95506069809198, 43.2446326687932], [76.95505935698748, 43.24463199824095], [76.95505935698748, 43.244633339345455], [76.95505667477846, 43.24463468044996], [76.95505600422621, 43.244636692106724]]]}, "properties": {"id": 473, "class": "road", "confidence": 100.0, "source": "Almaty_9", "source_model": "unet-roads", "centroid_wkt": "POINT (76.95507242811833 43.2446032163827)", "bbox": [76.9550546631217, 43.244586400687695, 76.95510093122721, 43.244636692106724], "pixel_bbox": [11264, 6069, 11333, 6144], "area_m2": 11.731}}, {"type": "Feature", "geometry": {"type": "Polygon", "coordinates": [[[76.94804068654776, 43.244586400687695], [76.94803465157747, 43.24458438903093], [76.9480487331748, 43.244583047926426], [76.94805074483156, 43.24458036571741], [76.94805543869734, 43.244581036269665], [76.94805812090635, 43.244583047926426], [76.94806952029467, 43.244583047926426], [76.94807421416044, 43.24458438903093], [76.94807220250368, 43.24458573013544], [76.9480675086379, 43.244586400687695], [76.94804068654776, 43.244586400687695]]]}, "properties": {"id": 474, "class": "road", "confidence": 100.0, "source": "Almaty_9", "source_model": "unet-roads", "centroid_wkt": "POINT (76.94805551141022 43.244584070090305)", "bbox": [76.94803465157747, 43.24458036571741, 76.94807421416044, 43.244586400687695], "pixel_bbox": [795, 6144, 854, 6153], "area_m2": 1.138}}, {"type": "Feature", "geometry": {"type": "Polygon", "coordinates": [[[76.94864820688963, 43.24458036571741], [76.94863948971033, 43.24457969516516], [76.94863747805357, 43.24457701295614], [76.94863747805357, 43.2445689663291], [76.94864016026258, 43.24456628412008], [76.94864820688963, 43.24456628412008], [76.94865088909864, 43.24456762522459], [76.94865424185991, 43.244572319090366], [76.9486529007554, 43.24457701295614], [76.94864820688963, 43.24458036571741]]]}, "properties": {"id": 475, "class": "road", "confidence": 100.0, "source": "Almaty_9", "source_model": "unet-roads", "centroid_wkt": "POINT (76.94864553302082 43.24457285684094)", "bbox": [76.94863747805357, 43.24456628412008, 76.94865424185991, 43.24458036571741], "pixel_bbox": [1694, 6153, 1719, 6174], "area_m2": 1.767}}, {"type": "Feature", "geometry": {"type": "Polygon", "coordinates": [[[76.95592168718576, 43.24462529271841], [76.95591297000647, 43.244620598852634], [76.95591297000647, 43.2445877417922], [76.95591632276773, 43.2445877417922], [76.95591297000647, 43.24458707123995], [76.95591364055872, 43.24454750865698], [76.95591766387224, 43.24454952031374], [76.9559183344245, 43.24455086141825], [76.95592369884253, 43.24455086141825], [76.95593509823084, 43.244554214179516], [76.95593912154436, 43.244554214179516], [76.95595186203718, 43.244557566940784], [76.95595253258944, 43.24455890804529], [76.95595923811197, 43.24456159025431], [76.95596393197775, 43.24456226080656], [76.95598941296339, 43.24456159025431], [76.95599611848593, 43.2445602491498], [76.95601154118776, 43.2445602491498], [76.95602092891932, 43.24455890804529], [76.95605043321848, 43.24455890804529], [76.95605847984552, 43.2445602491498], [76.95606853812933, 43.244559578597546], [76.95607792586088, 43.24456159025431], [76.95608463138342, 43.2445602491498], [76.95608463138342, 43.24456561356783], [76.95608597248793, 43.24456427246332], [76.95608798414469, 43.24456427246332], [76.95608798414469, 43.24456561356783], [76.95609334856272, 43.244568295776844], [76.9560980424285, 43.244568295776844], [76.95610273629427, 43.244570307433605], [76.95611078292131, 43.244570307433605], [76.95611480623484, 43.24457164853811], [76.95613089948893, 43.24457164853811], [76.95614095777273, 43.24457298964262], [76.956144310534, 43.244575671851635], [76.95614766329527, 43.24457634240389], [76.95614833384752, 43.244579024612904], [76.95614967495203, 43.24457969516516], [76.95615168660879, 43.24457835406065], [76.9561543688178, 43.244579024612904], [76.9561543688178, 43.244581036269665], [76.95615168660879, 43.244583047926426], [76.9561543688178, 43.244583047926426], [76.95615503937006, 43.24458438903093], [76.95615638047457, 43.24458438903093], [76.95615570992231, 43.24458573013544], [76.95614565163851, 43.244586400687695], [76.95599611848593, 43.244586400687695], [76.95600349456072, 43.2445877417922], [76.95600282400846, 43.24458908289671], [76.9560008123517, 43.24458908289671], [76.9560008123517, 43.244591765105724], [76.95600215345621, 43.244591765105724], [76.95600215345621, 43.24459310621023], [76.95600014179945, 43.24459444731474], [76.9560008123517, 43.2445964589715], [76.95599880069494, 43.24459981173277], [76.95599276572466, 43.244602493941784], [76.9559558853507, 43.24460584670305], [76.9559545442462, 43.24460919946432], [76.95595119148493, 43.24461054056883], [76.95594850927591, 43.24461590498686], [76.95594180375338, 43.24462193995714], [76.95593308657408, 43.24462529271841], [76.95592168718576, 43.24462529271841]], [[76.95593576878309, 43.24459109455347], [76.95594113320112, 43.24459109455347], [76.95594314485788, 43.24458975344896], [76.9559471681714, 43.24458975344896], [76.95595387369394, 43.24458707123995], [76.95592503994703, 43.24458707123995], [76.95593107491732, 43.244588412344456], [76.95593576878309, 43.24459109455347]]]}, "properties": {"id": 476, "class": "road", "confidence": 100.0, "source": "Almaty_9", "source_model": "unet-roads", "centroid_wkt": "POINT (76.95599842400547 43.24458077944767)", "bbox": [76.95591297000647, 43.24454750865698, 76.95615638047457, 43.24462529271841], "pixel_bbox": [12544, 6086, 12907, 6202], "area_m2": 71.965}}, {"type": "Feature", "geometry": {"type": "Polygon", "coordinates": [[[76.95102330297232, 43.244586400687695], [76.9510206207633, 43.24458505958319], [76.95102263242006, 43.24458438903093], [76.95102397352457, 43.24458170682192], [76.95102196186781, 43.24458170682192], [76.9510206207633, 43.24457969516516], [76.95102263242006, 43.244577683508396], [76.95102263242006, 43.24457634240389], [76.95101995021105, 43.24457500129938], [76.9510192796588, 43.24457097798586], [76.95102129131556, 43.24456561356783], [76.95102129131556, 43.24455823749304], [76.95102263242006, 43.24455622583628], [76.95102330297232, 43.24455086141825], [76.95102665573359, 43.244544826447964], [76.95102866739035, 43.2445428147912], [76.95103000849485, 43.2445428147912], [76.95103000849485, 43.244541473686695], [76.95103202015162, 43.24454013258219], [76.95103269070387, 43.24453745037317], [76.95103671401739, 43.24453677982092], [76.95103671401739, 43.24453476816416], [76.9510380551219, 43.24453476816416], [76.9510380551219, 43.244536109268665], [76.95104073733091, 43.24453812092543], [76.95104207843542, 43.24454080313444], [76.95104207843542, 43.244554214179516], [76.95104073733091, 43.24455555528402], [76.95104073733091, 43.24456561356783], [76.95103738456964, 43.244577683508396], [76.9510380551219, 43.24457969516516], [76.95103671401739, 43.24457969516516], [76.95103604346514, 43.24458170682192], [76.95103269070387, 43.24458170682192], [76.95103336125612, 43.244583047926426], [76.95103537291288, 43.244583047926426], [76.95103604346514, 43.24458573013544], [76.95102330297232, 43.244586400687695]]]}, "properties": {"id": 477, "class": "road", "confidence": 100.0, "source": "Almaty_9", "source_model": "unet-roads", "centroid_wkt": "POINT (76.95103174804211 43.244561733257385)", "bbox": [76.9510192796588, 43.24453476816416, 76.95104207843542, 43.244586400687695], "pixel_bbox": [5246, 6144, 5280, 6221], "area_m2": 7.358}}, {"type": "Feature", "geometry": {"type": "Polygon", "coordinates": [[[76.95149067789316, 43.244723193347454], [76.95148464292288, 43.24471648782492], [76.95148531347513, 43.24471313506365], [76.95148397237062, 43.24470978230238], [76.95148464292288, 43.24470642954111], [76.95148330181837, 43.24470307677984], [76.95148330181837, 43.24469704180956], [76.95148129016161, 43.244691006839275], [76.95148129016161, 43.2446863129735], [76.95147927850485, 43.24468228965998], [76.95147927850485, 43.2446775957942], [76.95147793740034, 43.244674913585186], [76.95147726684809, 43.24466619640589], [76.95147592574358, 43.24466284364462], [76.95147458463907, 43.24463400989771], [76.95147793740034, 43.244607858359814], [76.95147793740034, 43.24459511786699], [76.95147927850485, 43.24458975344896], [76.95148061960936, 43.244588412344456], [76.9514799490571, 43.244586400687695], [76.95148129016161, 43.24458573013544], [76.95148196071386, 43.24457969516516], [76.95148397237062, 43.244575671851635], [76.95148397237062, 43.244572319090366], [76.95148665457964, 43.24456561356783], [76.95148665457964, 43.244562931358814], [76.95149134844542, 43.24455086141825], [76.95149268954992, 43.24455019086599], [76.95149671286345, 43.24454214423895], [76.95150073617697, 43.24453745037317], [76.95150408893824, 43.244536109268665], [76.95150408893824, 43.24453476816416], [76.95150543004274, 43.24453476816416], [76.95150677114725, 43.2445327565074], [76.95151213556528, 43.2445327565074], [76.9515148177743, 43.244534097611904], [76.95151749998331, 43.24453745037317], [76.95151884108782, 43.24453745037317], [76.9515235349536, 43.244548849761486], [76.95152286440134, 43.24455890804529], [76.95152420550585, 43.24456091970205], [76.95152554661036, 43.244572319090366], [76.95152688771486, 43.24457433074713], [76.95152688771486, 43.24459578841925], [76.95152554661036, 43.24460182338953], [76.95152420550585, 43.24460316449404], [76.9515235349536, 43.24461322277784], [76.95152152329683, 43.24461925774813], [76.95152152329683, 43.244622610509396], [76.95152018219233, 43.24462462216616], [76.95151951164007, 43.2446413859725], [76.95151749998331, 43.244646079838276], [76.9515161588788, 43.24466150254011], [76.95151414722204, 43.24466686695814], [76.95151347666979, 43.24467558413744], [76.95151079446077, 43.244683630764484], [76.95150811225176, 43.24468497186899], [76.9515074416995, 43.244688995182514], [76.95150543004274, 43.244691006839275], [76.95150140672922, 43.24470106512308], [76.95150274783373, 43.244709111750126], [76.95150140672922, 43.24470978230238], [76.95150140672922, 43.24471179395914], [76.95149939507246, 43.2447138056159], [76.95149805396795, 43.2447138056159], [76.95149805396795, 43.24471514672041], [76.95149604231119, 43.24471648782492], [76.95149470120668, 43.24472118169069], [76.95149067789316, 43.244723193347454]]]}, "properties": {"id": 478, "class": "road", "confidence": 100.0, "source": "Almaty_9", "source_model": "unet-roads", "centroid_wkt": "POINT (76.9515002919201 43.24462062022569)", "bbox": [76.95147458463907, 43.2445327565074, 76.95152688771486, 43.244723193347454], "pixel_bbox": [5925, 5940, 6003, 6224], "area_m2": 60.228}}, {"type": "Feature", "geometry": {"type": "Polygon", "coordinates": [[[76.95426072925329, 43.244586400687695], [76.95425871759653, 43.24458438903093], [76.95426005870104, 43.244573660194874], [76.9542634114623, 43.24456762522459], [76.95426609367132, 43.244564943015575], [76.95426609367132, 43.24456159025431], [76.95426743477583, 43.24456091970205], [76.95426743477583, 43.24455622583628], [76.95427145808935, 43.24454415589571], [76.9542707875371, 43.244525380432606], [76.9542721286416, 43.24451867491007], [76.95427481085062, 43.244515992701054], [76.95427615195513, 43.244510628283024], [76.95427816361189, 43.24450861662626], [76.95428218692541, 43.244507275521755], [76.95428352802992, 43.244505263864994], [76.95428755134344, 43.24450392276049], [76.95429291576147, 43.2445066049695], [76.954296939075, 43.244507275521755], [76.95429962128401, 43.244509287178516], [76.95429962128401, 43.24451129883528], [76.95430297404528, 43.244515992701054], [76.95430297404528, 43.24451934546232], [76.95430498570204, 43.24452269822359], [76.95430431514978, 43.24455287307501], [76.95430297404528, 43.24455890804529], [76.95430096238852, 43.244562931358814], [76.9542982801795, 43.244564943015575], [76.95429760962725, 43.24456762522459], [76.95429559797049, 43.2445689663291], [76.95429492741823, 43.244573660194874], [76.95429224520922, 43.24457835406065], [76.95428688079119, 43.24458237737417], [76.9542808458209, 43.244583047926426], [76.9542808458209, 43.24458438903093], [76.95428285747766, 43.24458438903093], [76.95428352802992, 43.24458573013544], [76.95426072925329, 43.244586400687695]]]}, "properties": {"id": 479, "class": "road", "confidence": 100.0, "source": "Almaty_9", "source_model": "unet-roads", "centroid_wkt": "POINT (76.9542847834942 43.244546720107586)", "bbox": [76.95425871759653, 43.24450392276049, 76.95430498570204, 43.244586400687695], "pixel_bbox": [10077, 6144, 10146, 6267], "area_m2": 22.967}}, {"type": "Feature", "geometry": {"type": "Polygon", "coordinates": [[[76.94811578840017, 43.244505263864994], [76.9481124356389, 43.24450459331274], [76.94811176508665, 43.244501911103725], [76.94811042398214, 43.24450124055147], [76.9481110945344, 43.24449252337217], [76.9481124356389, 43.24449319392443], [76.94811310619116, 43.244491182267666], [76.94811511784792, 43.244491182267666], [76.94811780005693, 43.244489170610905], [76.9481211528182, 43.244489170610905], [76.94812249392271, 43.24449319392443], [76.9481211528182, 43.24449386447668], [76.94812182337046, 43.24449922889471], [76.9481198117137, 43.24450124055147], [76.94811780005693, 43.24450124055147], [76.94811780005693, 43.244499899446964], [76.94811511784792, 43.24449855834246], [76.94811444729567, 43.24449587613344], [76.9481124356389, 43.24449587613344], [76.94811176508665, 43.244494535028934], [76.94811176508665, 43.24449922889471], [76.94811444729567, 43.244499899446964], [76.94811444729567, 43.24450124055147], [76.94811712950468, 43.24450258165598], [76.94811578840017, 43.244505263864994]], [[76.94811310619116, 43.244494535028934], [76.94811377674341, 43.24449520558119], [76.94811377674341, 43.244494535028934], [76.94811310619116, 43.244494535028934]]]}, "properties": {"id": 480, "class": "road", "confidence": 100.0, "source": "Almaty_9", "source_model": "unet-roads", "centroid_wkt": "POINT (76.94811689232537 43.244495998642485)", "bbox": [76.94811042398214, 43.244489170610905, 76.94812249392271, 43.244505263864994], "pixel_bbox": [908, 6265, 926, 6289], "area_m2": 1.012}}, {"type": "Feature", "geometry": {"type": "Polygon", "coordinates": [[[76.95004094392061, 43.24447978287935], [76.95003692060709, 43.24447710067034], [76.95003692060709, 43.244473077356815], [76.95003893226385, 43.244471065700054], [76.95004161447287, 43.24446972459555], [76.9500483199954, 43.24446972459555], [76.95005368441343, 43.244473077356815], [76.95005368441343, 43.24447575956583], [76.95005234330893, 43.244476430118084], [76.95005234330893, 43.24447777122259], [76.9500483199954, 43.24447978287935], [76.95004094392061, 43.24447978287935]]]}, "properties": {"id": 481, "class": "road", "confidence": 100.0, "source": "Almaty_9", "source_model": "unet-roads", "centroid_wkt": "POINT (76.950045369167 43.24447445885385)", "bbox": [76.95003692060709, 43.24446972459555, 76.95005368441343, 43.24447978287935], "pixel_bbox": [3781, 6303, 3806, 6318], "area_m2": 1.252}}, {"type": "Feature", "geometry": {"type": "Polygon", "coordinates": [[[76.95475090295076, 43.24449252337217], [76.95474285632372, 43.244489170610905], [76.95473749190569, 43.244483806192875], [76.95473615080118, 43.244483806192875], [76.9547314569354, 43.24447777122259], [76.95472944527864, 43.24447240680456], [76.95472877472639, 43.244452960789204], [76.9547314569354, 43.244447596371174], [76.95473279803991, 43.24443954974413], [76.95473413914442, 43.244438879191875], [76.95473682135344, 43.244433514773846], [76.95473950356245, 43.244433514773846], [76.95474151521921, 43.24443552643061], [76.95474151521921, 43.24443753808737], [76.95474687963724, 43.24443753808737], [76.95474687963724, 43.244438879191875], [76.95474956184626, 43.24444022029638], [76.95475157350302, 43.2444429025054], [76.95475358515978, 43.2444429025054], [76.95475492626429, 43.24444491416216], [76.9547562673688, 43.24444491416216], [76.9547576084733, 43.24444692581892], [76.95476163178682, 43.24444893747568], [76.95476163178682, 43.24445027858019], [76.95476431399584, 43.244451619684696], [76.95476498454809, 43.24445430189371], [76.95476699620485, 43.24445564299822], [76.95477034896612, 43.24446436017752], [76.95477101951838, 43.24446905404329], [76.95476967841387, 43.24447240680456], [76.95476967841387, 43.24447710067034], [76.95476699620485, 43.244483806192875], [76.95476431399584, 43.24448715895414], [76.95476431399584, 43.244489170610905], [76.95475962013006, 43.24449185281992], [76.95475090295076, 43.24449252337217]]]}, "properties": {"id": 482, "class": "road", "confidence": 100.0, "source": "Almaty_9", "source_model": "unet-roads", "centroid_wkt": "POINT (76.95474904371035 43.24446483984658)", "bbox": [76.95472877472639, 43.244433514773846, 76.95477101951838, 43.24449252337217], "pixel_bbox": [10778, 6284, 10841, 6372], "area_m2": 15.936}}, {"type": "Feature", "geometry": {"type": "Polygon", "coordinates": [[[76.95642929524183, 43.24442747980356], [76.95642929524183, 43.244415409862995], [76.95643063634634, 43.24441608041525], [76.95643533021212, 43.24441473931074], [76.95644337683916, 43.24441473931074], [76.95644203573465, 43.24441608041525], [76.95644404739141, 43.24441608041525], [76.95644471794367, 43.244420774281025], [76.9564413651824, 43.24442211538553], [76.95643533021212, 43.24442211538553], [76.95643398910761, 43.24442345649004], [76.9564326480031, 43.244422785937786], [76.9564313068986, 43.24442680925131], [76.95642996579409, 43.244426138699055], [76.95642929524183, 43.24442747980356]]]}, "properties": {"id": 483, "class": "road", "confidence": 100.0, "source": "Almaty_9", "source_model": "unet-roads", "centroid_wkt": "POINT (76.9564364373285 43.24441892652279)", "bbox": [76.95642929524183, 43.24441473931074, 76.95644471794367, 43.24442747980356], "pixel_bbox": [13314, 6381, 13337, 6400], "area_m2": 1.061}}, {"type": "Feature", "geometry": {"type": "Polygon", "coordinates": [[[76.9553255662322, 43.24480835348368], [76.9553168490529, 43.24480835348368], [76.9553155079484, 43.24480567127466], [76.95531416684389, 43.24480567127466], [76.95531416684389, 43.24479963630438], [76.95531215518713, 43.24479762464762], [76.95531282573938, 43.2447848841548], [76.95531148463488, 43.24478354305029], [76.95531148463488, 43.24477884918451], [76.95531349629164, 43.24477683752775], [76.95531416684389, 43.24477415531874], [76.95531282573938, 43.24477348476648], [76.95531148463488, 43.24476812034845], [76.95531282573938, 43.244764767587185], [76.95531483739614, 43.244762755930424], [76.95531617850065, 43.244762755930424], [76.95531751960516, 43.244759403169155], [76.95531953126192, 43.244759403169155], [76.95531953126192, 43.24475806206465], [76.9553255662322, 43.24475806206465], [76.95533026009798, 43.24475672096014], [76.95532891899347, 43.24475537985563], [76.95532891899347, 43.24475336819887], [76.955332942307, 43.24474196881056], [76.955332942307, 43.24472788721323], [76.95532891899347, 43.24471514672041], [76.95532891899347, 43.24470777064562], [76.95533160120249, 43.24469905346632], [76.95533763617277, 43.24469368904829], [76.95533763617277, 43.24469234794378], [76.95534031838179, 43.24469033628702], [76.9553416594863, 43.24468765407801], [76.9553430005908, 43.2446775957942], [76.95534098893404, 43.24467558413744], [76.95533830672503, 43.244674913585186], [76.95533696562052, 43.244672901928425], [76.9553342834115, 43.24467223137617], [76.95532757788897, 43.24467357248068], [76.95531282573938, 43.24467357248068], [76.95531148463488, 43.24467223137617], [76.95530947297812, 43.24467223137617], [76.95530410856009, 43.244667537510395], [76.95530410856009, 43.24466619640589], [76.95530075579882, 43.24466284364462], [76.95529539138079, 43.244660161435604], [76.95529539138079, 43.2446588203311], [76.95529405027628, 43.2446588203311], [76.95529270917177, 43.24465613812208], [76.95529136806726, 43.24465613812208], [76.95529002696276, 43.24465412646532], [76.95528868585825, 43.24465412646532], [76.955288015306, 43.24465278536081], [76.95528466254473, 43.244651444256306], [76.95528198033571, 43.24464809149504], [76.95527996867895, 43.24464742094278], [76.95527728646994, 43.244640715420246], [76.95527728646994, 43.24462998658419], [76.95528130978346, 43.2446239516139], [76.95528265088797, 43.244615234434605], [76.95528533309698, 43.244609870016575], [76.95528533309698, 43.244607858359814], [76.955288015306, 43.24460383504629], [76.955288015306, 43.24460182338953], [76.95529203861952, 43.2445964589715], [76.95529270917177, 43.24459310621023], [76.95529472082853, 43.244591765105724], [76.95529405027628, 43.2445877417922], [76.95529941469431, 43.244586400687695], [76.95538256317377, 43.24458573013544], [76.95538256317377, 43.24458371847868], [76.95538122206926, 43.24458371847868], [76.95537988096476, 43.24458036571741], [76.95538122206926, 43.244573660194874], [76.9553879275918, 43.244568295776844], [76.9553879275918, 43.24456695467234], [76.95539195090532, 43.24456360191107], [76.95539195090532, 43.24456226080656], [76.95539463311434, 43.2445602491498], [76.95539463311434, 43.24455890804529], [76.95539731532335, 43.24455689638853], [76.9553979858756, 43.24455488473177], [76.9553979858756, 43.24441473931074], [76.95543151348829, 43.24441406875849], [76.95543218404055, 43.24440937489271], [76.95543687790632, 43.244408033788204], [76.95544090121984, 43.24440333992243], [76.95544693619013, 43.24439998716116], [76.95544961839914, 43.244397304952145], [76.95544961839914, 43.24439596384764], [76.95545565336943, 43.24439529329538], [76.95545766502619, 43.244393952190876], [76.95546235889196, 43.244393952190876], [76.95546973496675, 43.24439663439989], [76.95547241717577, 43.24439864605665], [76.95547241717577, 43.24439998716116], [76.95547509938478, 43.24440132826567], [76.9554777815938, 43.2444066926837], [76.9554777815938, 43.24441138654947], [76.95547644048929, 43.24441205710173], [76.95547644048929, 43.24441406875849], [76.9554777815938, 43.24441473931074], [76.95553075522184, 43.24441473931074], [76.95553477853537, 43.24441608041525], [76.9555327668786, 43.244418762624264], [76.9555327668786, 43.24442144483328], [76.95553477853537, 43.24442747980356], [76.95553544908762, 43.24443820863962], [76.95553679019213, 43.24443954974413], [76.95553746074438, 43.2444429025054], [76.95554617792368, 43.24445363134146], [76.95555221289396, 43.24445631355047], [76.95555422455072, 43.24445899575949], [76.95555556565523, 43.24445899575949], [76.95555690675974, 43.24446100741625], [76.95556093007326, 43.24446301907301], [76.95556830614805, 43.24446301907301], [76.95556830614805, 43.2444616779685], [76.95556964725256, 43.2444616779685], [76.95556964725256, 43.24445430189371], [76.95557098835707, 43.244452960789204], [76.95557501167059, 43.244452960789204], [76.95557568222284, 43.244451619684696], [76.9555776938796, 43.244451619684696], [76.95558037608862, 43.244449608027935], [76.9555850699544, 43.24444826692343], [76.9555850699544, 43.24444692581892], [76.95558708161116, 43.24444491416216], [76.95559311658144, 43.24444156140089], [76.95559915155172, 43.24444156140089], [76.95560183376074, 43.24444357305765], [76.9556038454175, 43.24444357305765], [76.9556038454175, 43.24444491416216], [76.95561122149229, 43.24444558471441], [76.95561189204454, 43.24444692581892], [76.95562195032835, 43.244451619684696], [76.9556226208806, 43.24445363134146], [76.95562664419413, 43.244456984102726], [76.95562865585089, 43.244462348520756], [76.95563066750765, 43.24446436017752], [76.9556313380599, 43.24448648840189], [76.95563066750765, 43.24449051171541], [76.95562865585089, 43.24449252337217], [76.95562731474638, 43.24449922889471], [76.95562597364187, 43.24450056999922], [76.95562530308962, 43.24450459331274], [76.95562195032835, 43.24450995773077], [76.95562060922384, 43.244514651596546], [76.95562060922384, 43.24453745037317], [76.95561591535807, 43.244543485343456], [76.95561189204454, 43.24454549700022], [76.95561122149229, 43.24454817920923], [76.95560786873102, 43.2445515319705], [76.95560183376074, 43.244554214179516], [76.95559915155172, 43.244557566940784], [76.95559646934271, 43.24455823749304], [76.95559445768595, 43.2445602491498], [76.95559445768595, 43.24456159025431], [76.95559177547693, 43.24456360191107], [76.95559043437243, 43.24456695467234], [76.95558842271566, 43.24456762522459], [76.95558775216341, 43.244572319090366], [76.95558574050665, 43.244573660194874], [76.95558372884989, 43.244579024612904], [76.95557970553637, 43.244583047926426], [76.95558171719313, 43.24458371847868], [76.95558238774538, 43.244586400687695], [76.95556964725256, 43.244586400687695], [76.95556964725256, 43.24462193995714], [76.9555689767003, 43.24461925774813], [76.9555676355958, 43.24461992830038], [76.9555676355958, 43.24461456388235], [76.95556629449129, 43.24461791664362], [76.95556629449129, 43.24461255222559], [76.95556495338678, 43.24460919946432], [76.95556227117777, 43.244611881673336], [76.95556025952101, 43.24461121112108], [76.95556025952101, 43.244609870016575], [76.95555824786425, 43.244609870016575], [76.95555288344622, 43.244604505598545], [76.9555502012372, 43.24460383504629], [76.9555502012372, 43.244602493941784], [76.95554751902819, 43.24459981173277], [76.95554483681917, 43.244599141180515], [76.9555401429534, 43.24459511786699], [76.95553544908762, 43.24459511786699], [76.95553410798311, 43.2445964589715], [76.95552874356508, 43.24459780007601], [76.95552337914705, 43.24460383504629], [76.95552069693804, 43.2446051761508], [76.95552069693804, 43.244606517255306], [76.95551600307226, 43.24461054056883], [76.95551466196775, 43.24461322277784], [76.95551466196775, 43.24461590498686], [76.955512650311, 43.24461992830038], [76.955512650311, 43.2446239516139], [76.95551600307226, 43.24462663382292], [76.95551734417677, 43.24463065713644], [76.95552002638578, 43.244633339345455], [76.9555240496993, 43.244642056524754], [76.95552740246058, 43.24464473873377], [76.95553008466959, 43.2446501031518], [76.9555314257741, 43.2446501031518], [76.9555314257741, 43.244651444256306], [76.95553343743086, 43.24465211480856], [76.95553477853537, 43.244654797017574], [76.95553477853537, 43.24465814977884], [76.95553880184889, 43.24467156082392], [76.95553880184889, 43.2446775957942], [76.95553544908762, 43.24468497186899], [76.95552874356508, 43.24469167739153], [76.95552337914705, 43.24469234794378], [76.95552203804255, 43.24469368904829], [76.95551600307226, 43.24469301849604], [76.95550862699747, 43.24468698352575], [76.95550192147493, 43.24467357248068], [76.95548985153437, 43.24466150254011], [76.9554791226983, 43.244656808674335], [76.95546369999647, 43.24465814977884], [76.95545498281717, 43.24466619640589], [76.95545230060816, 43.24467156082392], [76.95545230060816, 43.24467357248068], [76.95545095950365, 43.24467424303293], [76.95545095950365, 43.24467692524195], [76.95544961839914, 43.24467893689871], [76.95544894784689, 43.24469301849604], [76.95544626563787, 43.24470106512308], [76.95544425398111, 43.24470240622759], [76.9554429128766, 43.24470575898886], [76.95543754845858, 43.24471045285463], [76.95543352514505, 43.244712464511395], [76.95542816072702, 43.244712464511395], [76.95541273802519, 43.24471581727266], [76.95540804415941, 43.24471849948168], [76.95540267974138, 43.24472386389971], [76.95540133863688, 43.24472788721323], [76.95539999753237, 43.244728557765484], [76.9553979858756, 43.244732581079006], [76.9553979858756, 43.24475806206465], [76.95537116378546, 43.24475806206465], [76.95536848157644, 43.24476007372141], [76.95536445826292, 43.24476074427366], [76.95535909384489, 43.24476543813944], [76.95535507053137, 43.24476610869169], [76.95535372942686, 43.24476812034845], [76.95535037666559, 43.24476812034845], [76.95534970611334, 43.24476946145296], [76.95534836500883, 43.24476946145296], [76.95534769445658, 43.244772143661976], [76.95534233003855, 43.24477683752775], [76.95534233003855, 43.24477884918451], [76.95534501224756, 43.244780860841274], [76.95534501224756, 43.24478421360254], [76.95534367114305, 43.24478890746832], [76.95534098893404, 43.244791589677334], [76.95534098893404, 43.244795612990856], [76.95533830672503, 43.244796954095364], [76.95533763617277, 43.24480030685663], [76.955332942307, 43.244804330170155], [76.95532958954573, 43.2448036596179], [76.9553255662322, 43.24480835348368]], [[76.95556830614805, 43.24461791664362], [76.9555689767003, 43.24461858719587], [76.9555689767003, 43.24461791664362], [76.95556830614805, 43.24461791664362]]]}, "properties": {"id": 484, "class": "road", "confidence": 100.0, "source": "Almaty_9", "source_model": "unet-roads", "centroid_wkt": "POINT (76.95545414095186 43.24457377119765)", "bbox": [76.95527728646994, 43.244393952190876, 76.9556313380599, 43.24480835348368], "pixel_bbox": [11596, 5813, 12124, 6431], "area_m2": 595.61}}, {"type": "Feature", "geometry": {"type": "Polygon", "coordinates": [[[76.95562463253736, 43.24441473931074], [76.9556226208806, 43.244413398206234], [76.95562396198511, 43.24441272765398], [76.95562396198511, 43.24441071599722], [76.9556212797761, 43.24440937489271], [76.9556226208806, 43.24440401047468], [76.95562463253736, 43.24440199881792], [76.95562932640314, 43.24440065771341], [76.95563066750765, 43.244399316608906], [76.9556299969554, 43.2443979755044], [76.9556313380599, 43.2443979755044], [76.95563603192568, 43.244393952190876], [76.95564676076174, 43.24439059942961], [76.95566955953836, 43.244389928877354], [76.95567827671766, 43.244391940534115], [76.95568900555372, 43.24439261108637], [76.95569638162851, 43.24439462274313], [76.9557024165988, 43.24439462274313], [76.95570509880781, 43.24439596384764], [76.95571716874838, 43.24439596384764], [76.95572052150965, 43.24439462274313], [76.95574063807726, 43.24439462274313], [76.95574197918177, 43.2443892583251], [76.95575337857008, 43.2443892583251], [76.95576678961515, 43.24438724666834], [76.95580702275038, 43.24438724666834], [76.95580970495939, 43.24438590556383], [76.95583116263151, 43.24438724666834], [76.95584256201982, 43.24439059942961], [76.9558459147811, 43.24439059942961], [76.95585396140814, 43.24439328163862], [76.95585530251265, 43.24439462274313], [76.95585932582617, 43.24439529329538], [76.955874748528, 43.244402669370174], [76.95588011294603, 43.24440870434046], [76.95587877184153, 43.24441138654947], [76.9558821246028, 43.244413398206234], [76.95587608963251, 43.24441473931074], [76.95574197918177, 43.24441473931074], [76.95574130862951, 43.244413398206234], [76.95573929697275, 43.24441473931074], [76.95562463253736, 43.24441473931074]]]}, "properties": {"id": 485, "class": "road", "confidence": 100.0, "source": "Almaty_9", "source_model": "unet-roads", "centroid_wkt": "POINT (76.9557533118337 43.244402487234765)", "bbox": [76.9556212797761, 43.24438590556383, 76.9558821246028, 43.24441473931074], "pixel_bbox": [12109, 6400, 12498, 6443], "area_m2": 53.185}}, {"type": "Feature", "geometry": {"type": "Polygon", "coordinates": [[[76.95474620908499, 43.24441473931074], [76.95474822074175, 43.24441205710173], [76.95475023239851, 43.24441138654947], [76.95475023239851, 43.24439998716116], [76.95475157350302, 43.24439126998186], [76.95475358515978, 43.244388587772846], [76.95475559681654, 43.24438255280256], [76.95476297289133, 43.244373835623264], [76.95476833730936, 43.2443718239665], [76.95477839559317, 43.24437249451876], [76.95478241890669, 43.244375847280025], [76.95478711277246, 43.24437718838453], [76.95478979498148, 43.24437987059355], [76.95478979498148, 43.244381211698055], [76.95479113608599, 43.24438188225031], [76.95479113608599, 43.244384564459324], [76.9547924771905, 43.244384564459324], [76.954793818295, 43.244389928877354], [76.95479515939951, 43.24439059942961], [76.95479515939951, 43.24439261108637], [76.95479717105627, 43.24439529329538], [76.95479717105627, 43.24440199881792], [76.95479582995176, 43.244408033788204], [76.95479314774275, 43.244410045444965], [76.95478979498148, 43.244410045444965], [76.95478979498148, 43.24441406875849], [76.95474620908499, 43.24441473931074]]]}, "properties": {"id": 486, "class": "road", "confidence": 100.0, "source": "Almaty_9", "source_model": "unet-roads", "centroid_wkt": "POINT (76.95477320012054 43.24439519505353)", "bbox": [76.95474620908499, 43.2443718239665, 76.95479717105627, 43.24441473931074], "pixel_bbox": [10804, 6400, 10880, 6464], "area_m2": 14.827}}, {"type": "Feature", "geometry": {"type": "Polygon", "coordinates": [[[76.94812383502722, 43.24441473931074], [76.94810505956411, 43.24441406875849], [76.94810304790735, 43.24441205710173], [76.94810438901186, 43.24441071599722], [76.9481023773551, 43.24441071599722], [76.9481023773551, 43.24440937489271], [76.94810103625059, 43.24440937489271], [76.94810170680285, 43.24440602213144], [76.94809902459383, 43.244402669370174], [76.94809902459383, 43.244399316608906], [76.94809768348932, 43.244399316608906], [76.94809768348932, 43.2443979755044], [76.94809567183256, 43.2443979755044], [76.94809433072805, 43.24439529329538], [76.94809164851904, 43.24439529329538], [76.94808695465326, 43.24439328163862], [76.9480849429965, 43.24439126998186], [76.9480849429965, 43.244389928877354], [76.94807890802622, 43.24438523501158], [76.94807756692171, 43.24438188225031], [76.94807756692171, 43.24437785893679], [76.9480762258172, 43.24437517672777], [76.9480762258172, 43.24436578899622], [76.94807823747396, 43.244359754025936], [76.94808024913073, 43.244357742369175], [76.94808293133974, 43.24435170739889], [76.94808628410101, 43.24434902518988], [76.94809030741453, 43.24434768408537], [76.94809030741453, 43.24434634298086], [76.94809835404158, 43.244347013533115], [76.94810505956411, 43.2443530485034], [76.94810505956411, 43.244354389607906], [76.94810707122087, 43.244355730712414], [76.94810774177313, 43.24435841292143], [76.94811042398214, 43.24436042457819], [76.94811176508665, 43.244363106787205], [76.94811444729567, 43.24437517672777], [76.94812048226595, 43.244386576116085], [76.94812584668398, 43.2443892583251], [76.94812718778849, 43.244391940534115], [76.9481298699975, 43.244393952190876], [76.9481298699975, 43.24439529329538], [76.94813389331102, 43.24439663439989], [76.94813389331102, 43.24439864605665], [76.94813657552004, 43.24440199881792], [76.94813791662455, 43.24440937489271], [76.94813456386328, 43.24441205710173], [76.94813456386328, 43.24441473931074], [76.94812785834074, 43.24441406875849], [76.9481298699975, 43.24441205710173], [76.94812718778849, 43.24441205710173], [76.94812718778849, 43.24441406875849], [76.94812383502722, 43.24441473931074]]]}, "properties": {"id": 487, "class": "road", "confidence": 100.0, "source": "Almaty_9", "source_model": "unet-roads", "centroid_wkt": "POINT (76.94810396589587 43.24438266788213)", "bbox": [76.9480762258172, 43.24434634298086, 76.94813791662455, 43.24441473931074], "pixel_bbox": [857, 6400, 949, 6502], "area_m2": 20.89}}, {"type": "Feature", "geometry": {"type": "Polygon", "coordinates": [[[76.94956284016371, 43.244347013533115], [76.94956216961145, 43.244328908622265], [76.94956284016371, 43.24432756751776], [76.94956351071596, 43.244328908622265], [76.94956418126822, 43.24432756751776], [76.94956552237272, 43.24432756751776], [76.94956753402948, 43.244330920279026], [76.949571557343, 43.24433159083128], [76.94957692176104, 43.244334273040295], [76.9495789334178, 43.244336284697056], [76.94957960397005, 43.24433896690607], [76.94957558065653, 43.24434097856283], [76.94957491010427, 43.24434231966734], [76.94956887513399, 43.24434231966734], [76.94956753402948, 43.24434366077185], [76.94956619292498, 43.24434299021959], [76.94956284016371, 43.244347013533115]]]}, "properties": {"id": 488, "class": "road", "confidence": 100.0, "source": "Almaty_9", "source_model": "unet-roads", "centroid_wkt": "POINT (76.94956939373242 43.24433648445047)", "bbox": [76.94956216961145, 43.24432756751776, 76.94957960397005, 43.244347013533115], "pixel_bbox": [3073, 6501, 3099, 6530], "area_m2": 1.67}}, {"type": "Feature", "geometry": {"type": "Polygon", "coordinates": [[[76.95594515651464, 43.24437517672777], [76.9559270516038, 43.24437249451876], [76.95591565221548, 43.24437316507101], [76.95591297000647, 43.244370482861996], [76.95591297000647, 43.24435506016016], [76.95589821785688, 43.24435170739889], [76.95588413625956, 43.24435170739889], [76.95586670190096, 43.24435506016016], [76.95586200803518, 43.24435506016016], [76.95581238716841, 43.24436578899622], [76.95578891783953, 43.244365118443966], [76.95578221231699, 43.244363106787205], [76.9557748362422, 43.24436243623495], [76.95576075464487, 43.24435707181692], [76.95575337857008, 43.24435707181692], [76.95574667304754, 43.244355730712414], [76.95574264973402, 43.24435640126467], [76.95574130862951, 43.24435371905565], [76.95574197918177, 43.24427727609873], [76.95574332028627, 43.24427593499422], [76.95574332028627, 43.24427727609873], [76.9557486847043, 43.244278617203236], [76.95575673133135, 43.24428532272577], [76.95576075464487, 43.24429739266634], [76.95576209574938, 43.244298063218594], [76.95576209574938, 43.244300074875355], [76.9557647779584, 43.244302086532116], [76.9557647779584, 43.24430342763662], [76.95576678961515, 43.24430409818888], [76.95576813071966, 43.24430678039789], [76.95577684789896, 43.24431147426367], [76.95578891783953, 43.24431348592043], [76.95580568164587, 43.244312815368176], [76.95581037551165, 43.244310803711414], [76.95581305772066, 43.244310803711414], [76.95581909269094, 43.24430678039789], [76.95581909269094, 43.244305439293385], [76.95582177489996, 43.24430275708437], [76.95582244545221, 43.244296722114086], [76.95581641048193, 43.24428599327803], [76.95581641048193, 43.24428062886], [76.9558197632432, 43.244276605546474], [76.95582445710897, 43.24427392333746], [76.95582646876574, 43.24427392333746], [76.95582780987024, 43.24427258223295], [76.95584256201982, 43.24427258223295], [76.95584524422884, 43.24427392333746], [76.95585060864687, 43.24427392333746], [76.95585664361715, 43.24427593499422], [76.95585798472166, 43.24427794665098], [76.95586200803518, 43.24427928775549], [76.95586737245321, 43.24428331106901], [76.95587139576674, 43.24428331106901], [76.95587273687124, 43.24428532272577], [76.955874748528, 43.24428532272577], [76.95587877184153, 43.24428331106901], [76.95588011294603, 43.24428129941225], [76.9558821246028, 43.24428129941225], [76.95588279515505, 43.24427995830774], [76.95588748902082, 43.24427794665098], [76.95589888840914, 43.24427593499422], [76.95590425282717, 43.24427392333746], [76.95591297000647, 43.24427392333746], [76.95591364055872, 43.244255147874355], [76.95591498166323, 43.244255147874355], [76.95591766387224, 43.244258500635624], [76.9559283927083, 43.244260512292385], [76.95593107491732, 43.244262523949146], [76.95593308657408, 43.244262523949146], [76.95593442767859, 43.244263865053654], [76.95593845099211, 43.24426453560591], [76.9559471681714, 43.24426855891943], [76.95595119148493, 43.24426855891943], [76.95595387369394, 43.24426990002394], [76.95596259087324, 43.24427057057619], [76.95596862584352, 43.24427258223295], [76.95597801357508, 43.244273252785206], [76.9559820368886, 43.24427459388971], [76.95599276572466, 43.24427459388971], [76.95600751787424, 43.24427928775549], [76.95600885897875, 43.24428129941225], [76.95601221174002, 43.24428264051676], [76.95601221174002, 43.244283981621265], [76.95601489394903, 43.24428599327803], [76.95601556450129, 43.24428800493479], [76.95601489394903, 43.24429873377085], [76.95601154118776, 43.244305439293385], [76.956009529531, 43.24430678039789], [76.9560081884265, 43.24431147426367], [76.9560081884265, 43.2443168386817], [76.956009529531, 43.24432019144297], [76.95601154118776, 43.244321532547474], [76.95601221174002, 43.24432421475649], [76.95602361112833, 43.2443356141448], [76.95602495223284, 43.244339637458324], [76.95602763444185, 43.244341649115086], [76.9560283049941, 43.244345001876354], [76.95603098720312, 43.24434902518988], [76.95603031665087, 43.244355730712414], [76.95602294057608, 43.24436243623495], [76.956009529531, 43.244368471205235], [76.95600550621748, 43.244368471205235], [76.95599678903818, 43.24437115341425], [76.95597063750029, 43.24437517672777], [76.95594515651464, 43.24437517672777]]]}, "properties": {"id": 489, "class": "road", "confidence": 100.0, "source": "Almaty_9", "source_model": "unet-roads", "centroid_wkt": "POINT (76.95589432358385 43.24432190759335)", "bbox": [76.95574130862951, 43.244255147874355, 76.95603098720312, 43.24437517672777], "pixel_bbox": [12288, 6459, 12720, 6638], "area_m2": 205.014}}, {"type": "Feature", "geometry": {"type": "Polygon", "coordinates": [[[76.9495963677764, 43.24426990002394], [76.94959368556738, 43.24426855891943], [76.94959368556738, 43.24426721781492], [76.94959033280611, 43.24426453560591], [76.94958630949259, 43.24425715953112], [76.94959100335836, 43.244253136217594], [76.94959703832865, 43.24425179511309], [76.94960039108992, 43.244263865053654], [76.94959904998541, 43.24426922947168], [76.9495963677764, 43.24426990002394]]]}, "properties": {"id": 490, "class": "road", "confidence": 100.0, "source": "Almaty_9", "source_model": "unet-roads", "centroid_wkt": "POINT (76.94959457581623 43.24426016268822)", "bbox": [76.94958630949259, 43.24425179511309, 76.94960039108992, 43.24426990002394], "pixel_bbox": [3109, 6616, 3130, 6643], "area_m2": 1.424}}, {"type": "Feature", "geometry": {"type": "Polygon", "coordinates": [[[76.95110578089952, 43.244365118443966], [76.95110578089952, 43.244359754025936], [76.95110443979502, 43.24435841292143], [76.95110443979502, 43.24435371905565], [76.95110309869051, 43.244355730712414], [76.95110242813826, 43.24434835463762], [76.95110108703375, 43.24434768408537], [76.9511004164815, 43.244350366294384], [76.95109907537699, 43.24434969574213], [76.95109907537699, 43.24435103684664], [76.95109706372023, 43.244352377951145], [76.9510930404067, 43.244352377951145], [76.9510916993022, 43.24434969574213], [76.95108968764544, 43.24434902518988], [76.95108700543642, 43.24434231966734], [76.95108700543642, 43.24433695524931], [76.9510843232274, 43.24432220309973], [76.9510843232274, 43.24428867548704], [76.95108231157064, 43.24427995830774], [76.95108164101839, 43.24426654726267], [76.95107828825712, 43.24425783008337], [76.95107560604811, 43.24425648897886], [76.9510742649436, 43.2442544773221], [76.95106755942106, 43.244255147874355], [76.95106353610754, 43.24425917118788], [76.95106152445078, 43.2442631945014], [76.95106018334627, 43.2442631945014], [76.95105884224176, 43.24426654726267], [76.95105750113726, 43.24426654726267], [76.95104274898767, 43.24428129941225], [76.95104140788317, 43.24428129941225], [76.95104140788317, 43.24428264051676], [76.95103671401739, 43.244287334382534], [76.95102665573359, 43.244292698800564], [76.95101860910654, 43.24429538100958], [76.95101592689753, 43.244294710457325], [76.95101458579302, 43.24429605156183], [76.951011903584, 43.24429605156183], [76.95100989192724, 43.24429739266634], [76.95100050419569, 43.24429739266634], [76.9509931281209, 43.24429605156183], [76.95099044591188, 43.24429336935282], [76.95098843425512, 43.24429336935282], [76.95097971707582, 43.24428867548704], [76.95097301155329, 43.24428867548704], [76.95096630603075, 43.2442906871438], [76.95096228271723, 43.24429538100958], [76.95095222443342, 43.244300074875355], [76.95094484835863, 43.24430141597986], [76.95093546062708, 43.24430141597986], [76.95093479007483, 43.24424307793379], [76.95110645145178, 43.24424307793379], [76.95110578089952, 43.244365118443966]]]}, "properties": {"id": 491, "class": "road", "confidence": 100.0, "source": "Almaty_9", "source_model": "unet-roads", "centroid_wkt": "POINT (76.95102395260068 43.24427425822302)", "bbox": [76.95093479007483, 43.24424307793379, 76.95110645145178, 43.244365118443966], "pixel_bbox": [5120, 6474, 5376, 6656], "area_m2": 78.943}}, {"type": "Feature", "geometry": {"type": "Polygon", "coordinates": [[[76.95564541965723, 43.24434231966734], [76.95563334971666, 43.24434097856283], [76.95561658591032, 43.24433695524931], [76.9556139037013, 43.24433494359255], [76.95561189204454, 43.24433494359255], [76.95561055094004, 43.24433360248804], [76.95560853928328, 43.24433360248804], [76.95560585707426, 43.24433159083128], [76.9556038454175, 43.24433159083128], [76.95559848099947, 43.244328908622265], [76.9555951282382, 43.244325555860996], [76.95559177547693, 43.24432421475649], [76.95558976382017, 43.244321532547474], [76.95558305829763, 43.24431885033846], [76.95558104664087, 43.2443168386817], [76.95558104664087, 43.24431549757719], [76.95557970553637, 43.24431482702494], [76.95558037608862, 43.2443081215024], [76.95558171719313, 43.2443081215024], [76.95558238774538, 43.24430476874113], [76.95558574050665, 43.24430141597986], [76.95558708161116, 43.244298063218594], [76.95559043437243, 43.24429538100958], [76.95559043437243, 43.24429403990507], [76.95559311658144, 43.244292698800564], [76.95559781044722, 43.244287334382534], [76.95559915155172, 43.244287334382534], [76.95560049265623, 43.24428465217352], [76.95560049265623, 43.24427928775549], [76.95559781044722, 43.24427392333746], [76.9555951282382, 43.2442719116807], [76.9555951282382, 43.24427057057619], [76.95559043437243, 43.244267888367176], [76.95558909326792, 43.244265876710415], [76.95557970553637, 43.244260512292385], [76.95557568222284, 43.24425917118788], [76.95557031780481, 43.24425917118788], [76.95557031780481, 43.24424374848604], [76.95568967610598, 43.24424307793379], [76.95569302886724, 43.244244419038296], [76.95569235831499, 43.24424710124731], [76.95569101721048, 43.244247771799564], [76.95569235831499, 43.24424911290407], [76.95569168776274, 43.24425112456083], [76.95569302886724, 43.24425380676985], [76.95569235831499, 43.244260512292385], [76.95567760616541, 43.244273252785206], [76.9556574895978, 43.24428264051676], [76.95565614849329, 43.24428800493479], [76.95566017180681, 43.24429202824831], [76.95567023009062, 43.24429538100958], [76.95567425340414, 43.24429739266634], [76.9556749239564, 43.24429873377085], [76.95568162947893, 43.24430141597986], [76.95568699389696, 43.24430610984564], [76.95568833500147, 43.24430610984564], [76.95568900555372, 43.2443081215024], [76.95569235831499, 43.244310803711414], [76.95569772273302, 43.24432086199522], [76.95569638162851, 43.244326896965504], [76.955695040524, 43.24432957917452], [76.95568900555372, 43.244334273040295], [76.95567358285189, 43.24434030801058], [76.95566151291132, 43.24434231966734], [76.95564541965723, 43.24434231966734]]]}, "properties": {"id": 492, "class": "road", "confidence": 100.0, "source": "Almaty_9", "source_model": "unet-roads", "centroid_wkt": "POINT (76.95563676111858 43.24428999460303)", "bbox": [76.95557031780481, 43.24424307793379, 76.95569772273302, 43.24434231966734], "pixel_bbox": [12033, 6508, 12223, 6656], "area_m2": 82.39}}, {"type": "Feature", "geometry": {"type": "Polygon", "coordinates": [[[76.95110242813826, 43.24422027915716], [76.95109974592924, 43.2442182675004], [76.95109102874994, 43.24421625584364], [76.95108834654093, 43.244213573634624], [76.95108767598867, 43.24420887976885], [76.95109236985445, 43.24420217424631], [76.951101757586, 43.244202844798565], [76.95110309869051, 43.244199492037296], [76.95110443979502, 43.24420016258955], [76.95110511034727, 43.244197480380535], [76.95110645145178, 43.24419680982828], [76.95110645145178, 43.24422027915716], [76.95110242813826, 43.24422027915716]]]}, "properties": {"id": 493, "class": "road", "confidence": 100.0, "source": "Almaty_9", "source_model": "unet-roads", "centroid_wkt": "POINT (76.95109891902057 43.24420966260864)", "bbox": [76.95108767598867, 43.24419680982828, 76.95110645145178, 43.24422027915716], "pixel_bbox": [5348, 6690, 5376, 6725], "area_m2": 2.572}}, {"type": "Feature", "geometry": {"type": "Polygon", "coordinates": [[[76.95526119321585, 43.2443081215024], [76.95525851100683, 43.24430678039789], [76.9552531465888, 43.24430141597986], [76.95524644106627, 43.244287334382534], [76.95524577051401, 43.24428062886], [76.955243088305, 43.244276605546474], [76.95524040609598, 43.244262523949146], [76.95523705333471, 43.244258500635624], [76.95523638278246, 43.2442544773221], [76.9552343711257, 43.24425246566534], [76.95523504167795, 43.24424374848604], [76.95522632449865, 43.244242407381535], [76.95522632449865, 43.24419680982828], [76.95522766560316, 43.24419278651476], [76.95522900670767, 43.244192115962505], [76.95523034781218, 43.24419345706701], [76.95524644106627, 43.24419345706701], [76.95524778217077, 43.24419479817152], [76.95525046437979, 43.24419479817152], [76.9552531465888, 43.24419680982828], [76.95525515824556, 43.24419680982828], [76.95525918155909, 43.244200833141804], [76.95525918155909, 43.24420351535082], [76.95526119321585, 43.24420552700758], [76.95526119321585, 43.24420753866434], [76.95526588708162, 43.24421491473913], [76.95526655763388, 43.24421960860491], [76.95526856929064, 43.24422162026167], [76.9552705809474, 43.24422765523195], [76.95527527481318, 43.24423234909773], [76.95527527481318, 43.244233690202236], [76.95527795702219, 43.244235031306744], [76.95528130978346, 43.24424173682928], [76.95528466254473, 43.24424307793379], [76.95528466254473, 43.24424508959055], [76.95528600364923, 43.24424508959055], [76.9552893564105, 43.24424844235182], [76.95529136806726, 43.24425380676985], [76.95529270917177, 43.2442544773221], [76.95529539138079, 43.244262523949146], [76.95529539138079, 43.24427258223295], [76.95529337972403, 43.244278617203236], [76.95529337972403, 43.244281969964504], [76.95528868585825, 43.2442906871438], [76.95528734475374, 43.2442906871438], [76.95528734475374, 43.24429336935282], [76.95528466254473, 43.24429605156183], [76.95528399199247, 43.2442994043231], [76.95527728646994, 43.24430610984564], [76.95526923984289, 43.2443081215024], [76.95526119321585, 43.2443081215024]]]}, "properties": {"id": 494, "class": "road", "confidence": 100.0, "source": "Almaty_9", "source_model": "unet-roads", "centroid_wkt": "POINT (76.95525931023327 43.24425088416811)", "bbox": [76.95522632449865, 43.244192115962505, 76.95529539138079, 43.2443081215024], "pixel_bbox": [11520, 6559, 11623, 6732], "area_m2": 45.139}}, {"type": "Feature", "geometry": {"type": "Polygon", "coordinates": [[[76.94847989827394, 43.244145847857], [76.94847453385592, 43.244141824543476], [76.94847319275141, 43.2441371306777], [76.9484718516469, 43.244136460125446], [76.9484718516469, 43.24412506073713], [76.94847386330366, 43.24412103742361], [76.9484819099307, 43.24411366134882], [76.94848660379648, 43.244112990796566], [76.94848794490099, 43.24410829693079], [76.94849062711, 43.244107626378536], [76.94849532097578, 43.244103603065014], [76.94850068539381, 43.244102261960506], [76.94850336760283, 43.24410427361727], [76.94850470870733, 43.244107626378536], [76.94850336760283, 43.24411164969206], [76.94850403815508, 43.24412304908037], [76.94850135594606, 43.2441284134984], [76.94850135594606, 43.24413176625967], [76.94850001484156, 43.24413377791643], [76.94850068539381, 43.24413511902094], [76.94849465042353, 43.24414249509573], [76.94848727434874, 43.244145847857], [76.94847989827394, 43.244145847857]]]}, "properties": {"id": 495, "class": "road", "confidence": 100.0, "source": "Almaty_9", "source_model": "unet-roads", "centroid_wkt": "POINT (76.94848916081327 43.24412539110977)", "bbox": [76.9484718516469, 43.244102261960506, 76.94850470870733, 43.244145847857], "pixel_bbox": [1447, 6801, 1496, 6866], "area_m2": 8.877}}, {"type": "Feature", "geometry": {"type": "Polygon", "coordinates": [[[76.95539865642786, 43.24437785893679], [76.9553979858756, 43.24424374848604], [76.9553704932332, 43.24424307793379], [76.9553604349494, 43.24424173682928], [76.95535641163588, 43.244239054620266], [76.95535507053137, 43.24423436075449], [76.95535507053137, 43.24421625584364], [76.95535708218813, 43.244208209216595], [76.95535842329264, 43.24419412761927], [76.9553617760539, 43.244184739887714], [76.9553691521287, 43.24417803436518], [76.95537585765123, 43.24417468160391], [76.95538189262152, 43.24417266994715], [76.9553979858756, 43.244170658290386], [76.9553979858756, 43.244071416556835], [76.95550929754972, 43.244071416556835], [76.95551734417677, 43.24407275766134], [76.95551533252001, 43.24407543987036], [76.95551332086325, 43.24407611042261], [76.9555139914155, 43.24407812207937], [76.955512650311, 43.244084157049656], [76.95550996810198, 43.24408885091543], [76.95550594478846, 43.244092874228954], [76.95550460368395, 43.244092874228954], [76.9555039331317, 43.244094885885715], [76.95550058037043, 43.244098238646984], [76.95549923926592, 43.244098238646984], [76.95549923926592, 43.24409957975149], [76.95549789816141, 43.24409957975149], [76.95549588650465, 43.244107626378536], [76.9554965570569, 43.244112990796566], [76.95549856871367, 43.24411567300558], [76.95549990981817, 43.244121707975864], [76.95549856871367, 43.244139812886715], [76.95549923926592, 43.244170658290386], [76.95549722760916, 43.24418004602194], [76.9554965570569, 43.24419412761927], [76.95549789816141, 43.24419815093279], [76.95549923926592, 43.24421290308237], [76.95550192147493, 43.24421960860491], [76.95550259202719, 43.244224302470684], [76.95550728589296, 43.24423301964998], [76.95550795644522, 43.24424173682928], [76.95550996810198, 43.24424307793379], [76.95553611963987, 43.24424307793379], [76.95552874356508, 43.24427392333746], [76.95552807301283, 43.244312815368176], [76.95552539080381, 43.24431549757719], [76.95551600307226, 43.24431750923395], [76.95550661534071, 43.244316168129444], [76.95550192147493, 43.2443168386817], [76.9554965570569, 43.24431549757719], [76.95546437054873, 43.24431549757719], [76.95546302944422, 43.2443168386817], [76.9554590061307, 43.2443168386817], [76.95545766502619, 43.24431952089071], [76.95545230060816, 43.24432488530874], [76.95545095950365, 43.24432488530874], [76.95545095950365, 43.24432622641325], [76.95544626563787, 43.244330920279026], [76.95544559508562, 43.244334273040295], [76.95544358342886, 43.244336284697056], [76.95544358342886, 43.24433829635382], [76.9554415717721, 43.24434097856283], [76.95544023066759, 43.24434567242861], [76.95544023066759, 43.24434969574213], [76.95543888956308, 43.244352377951145], [76.95543888956308, 43.244359754025936], [76.95543553680182, 43.24436780065298], [76.95543017238379, 43.24437249451876], [76.9554241374135, 43.24437517672777], [76.95541609078646, 43.244375847280025], [76.95541273802519, 43.24437718838453], [76.95539865642786, 43.24437785893679]]]}, "properties": {"id": 496, "class": "road", "confidence": 100.0, "source": "Almaty_9", "source_model": "unet-roads", "centroid_wkt": "POINT (76.95544599967779 43.244211843372206)", "bbox": [76.95535507053137, 43.244071416556835, 76.95553611963987, 43.24437785893679], "pixel_bbox": [11712, 6455, 11982, 6912], "area_m2": 295.478}}, {"type": "Feature", "geometry": {"type": "Polygon", "coordinates": [[[76.95643600076437, 43.24424307793379], [76.95643868297338, 43.24424173682928], [76.95643868297338, 43.24423972517252], [76.95643600076437, 43.244239054620266], [76.95643533021212, 43.244237042963505], [76.95643734186888, 43.2442269846797], [76.9564413651824, 43.24422162026167], [76.9564413651824, 43.24422027915716], [76.95644270628691, 43.24421960860491], [76.95644270628691, 43.2442182675004], [76.95644404739141, 43.24421759694815], [76.95644605904818, 43.24421290308237], [76.95644874125719, 43.24421089142561], [76.95645477622747, 43.24419882148504], [76.95645678788424, 43.244186751544476], [76.95645477622747, 43.24417803436518], [76.95644874125719, 43.244168646633625], [76.95644605904818, 43.24415925890207], [76.95644538849592, 43.2441371306777], [76.95644337683916, 43.244129084050655], [76.95644337683916, 43.244108967483044], [76.95644471794367, 43.244105614721775], [76.95644672960043, 43.24408885091543], [76.9564500823617, 43.244076780974865], [76.9564514234662, 43.24407543987036], [76.9564514234662, 43.24407275766134], [76.95645276457071, 43.244071416556835], [76.95647824555635, 43.24407074600458], [76.95648293942213, 43.24406672269106], [76.95648293942213, 43.24406538158655], [76.95648562163115, 43.24406269937754], [76.95648696273565, 43.24406269937754], [76.95649366825819, 43.244055993855], [76.95649769157171, 43.24405465275049], [76.95649836212397, 43.244053311645985], [76.95650640875101, 43.24404928833246], [76.95651110261679, 43.24404861778021], [76.95651847869158, 43.24404526501894], [76.95652518421412, 43.244044594466686], [76.95653054863214, 43.24404124170542], [76.95653725415468, 43.24404124170542], [76.9565412774682, 43.244042582809925], [76.95654530078173, 43.244044594466686], [76.95654664188623, 43.24404660612345], [76.95654798299074, 43.24404660612345], [76.95654798299074, 43.244047947227955], [76.95654932409525, 43.244047947227955], [76.95655066519976, 43.244049958884716], [76.95655200630426, 43.244049958884716], [76.95655334740877, 43.24405398219824], [76.95655535906553, 43.244055993855], [76.95655602961779, 43.24405934661627], [76.95655602961779, 43.24406806379557], [76.95655468851328, 43.244069404900074], [76.95655468851328, 43.24407074600458], [76.95655602961779, 43.244071416556835], [76.95659827440977, 43.244071416556835], [76.95659961551428, 43.24407275766134], [76.95659961551428, 43.24409622699022], [76.95659894496202, 43.24410293251276], [76.95659760385752, 43.24410427361727], [76.95659760385752, 43.24410628527403], [76.95659894496202, 43.24410628527403], [76.95659961551428, 43.244112990796566], [76.95659961551428, 43.244184739887714], [76.95659290999174, 43.244184739887714], [76.95659022778273, 43.24418809264898], [76.95658888667822, 43.24418809264898], [76.95658821612597, 43.244190104305744], [76.95658687502146, 43.244190104305744], [76.9565848633647, 43.244192115962505], [76.95658285170794, 43.244192115962505], [76.95657815784216, 43.244197480380535], [76.95657681673765, 43.244197480380535], [76.95657212287188, 43.24420686811209], [76.95657212287188, 43.24421625584364], [76.95657346397638, 43.24421759694815], [76.95657480508089, 43.24422296136618], [76.9565761461854, 43.24422296136618], [76.9565774872899, 43.244226314127445], [76.95658218115568, 43.24422899633646], [76.95658821612597, 43.244235701859], [76.95658821612597, 43.24424173682928], [76.95658419281244, 43.24424307793379], [76.95643600076437, 43.24424307793379]]]}, "properties": {"id": 497, "class": "road", "confidence": 100.0, "source": "Almaty_9", "source_model": "unet-roads", "centroid_wkt": "POINT (76.95652049595404 43.24414871878561)", "bbox": [76.95643533021212, 43.24404124170542, 76.95659961551428, 43.24424307793379], "pixel_bbox": [13323, 6656, 13568, 6957], "area_m2": 241.2}}, {"type": "Feature", "geometry": {"type": "Polygon", "coordinates": [[[76.95621605962515, 43.2441371306777], [76.95620734244585, 43.24413377791643], [76.95620063692331, 43.24412640184164], [76.9561979547143, 43.24412103742361], [76.9561979547143, 43.244118355214596], [76.95619594305754, 43.24411366134882], [76.95619594305754, 43.244108967483044], [76.95619393140078, 43.24410628527403], [76.95619393140078, 43.24409153312445], [76.95619728416204, 43.24407208710909], [76.95618454366922, 43.24407074600458], [76.95618186146021, 43.244055993855], [76.95618253201246, 43.24405197054148], [76.95618454366922, 43.244049958884716], [76.95618588477373, 43.24404325336218], [76.956189237535, 43.24403587728739], [76.95619124919176, 43.24402581900358], [76.95619728416204, 43.244013749063015], [76.95620331913233, 43.24400771409273], [76.95620331913233, 43.244006372988224], [76.9562080129981, 43.244001008570194], [76.9562080129981, 43.24399966746569], [76.95621002465487, 43.243997655808926], [76.95621203631163, 43.243997655808926], [76.9562167301774, 43.24399497359991], [76.95622477680445, 43.24399497359991], [76.95622678846121, 43.2439936324954], [76.95623215287924, 43.2439936324954], [76.9562355056405, 43.24399497359991], [76.95623952895403, 43.24399497359991], [76.95624019950628, 43.24399631470442], [76.95624556392431, 43.24399631470442], [76.9562515988946, 43.24399966746569], [76.95625629276037, 43.24399899691343], [76.95625629276037, 43.24406269937754], [76.95625428110361, 43.244060687720776], [76.9562529399991, 43.24406135827303], [76.9562529399991, 43.244064040482044], [76.9562515988946, 43.24406336992979], [76.9562515988946, 43.24406739324331], [76.95625025779009, 43.24406806379557], [76.95625025779009, 43.244071416556835], [76.956234164536, 43.24407208710909], [76.956234164536, 43.244087509810925], [76.9562355056405, 43.244100920856], [76.9562355056405, 43.24411232024431], [76.956234164536, 43.244118355214596], [76.95623282343149, 43.24411902576685], [76.95623282343149, 43.24412103742361], [76.95623148232698, 43.244121707975864], [76.95623081177473, 43.24412439018488], [76.95622947067022, 43.24412506073713], [76.95622880011797, 43.24412774294615], [76.95622611790895, 43.24412975460291], [76.95622611790895, 43.24413109570742], [76.95622075349092, 43.24413578957319], [76.95621605962515, 43.2441371306777]]]}, "properties": {"id": 498, "class": "road", "confidence": 100.0, "source": "Almaty_9", "source_model": "unet-roads", "centroid_wkt": "POINT (76.95622073013338 43.24405680015214)", "bbox": [76.95618186146021, 43.2439936324954, 76.95625629276037, 43.2441371306777], "pixel_bbox": [12945, 6814, 13056, 7028], "area_m2": 64.555}}, {"type": "Feature", "geometry": {"type": "Polygon", "coordinates": [[[76.95622343569994, 43.2439574226737], [76.95621605962515, 43.24395541101694], [76.95621136575937, 43.243952728807926], [76.9562080129981, 43.24394937604666], [76.95620600134134, 43.243945352733135], [76.95620600134134, 43.243943341076374], [76.95620466023684, 43.24394199997187], [76.95620466023684, 43.24393395334482], [76.95620533078909, 43.24393127113581], [76.95620868355036, 43.24392791837454], [76.95620868355036, 43.24392657727003], [76.95621404796839, 43.243921212852], [76.95622075349092, 43.24391786009073], [76.95623282343149, 43.24391584843397], [76.95624221116304, 43.243919871747494], [76.95624556392431, 43.24392456561327], [76.95624824613333, 43.24392523616552], [76.95624891668558, 43.243927247822285], [76.95625092834234, 43.24392791837454], [76.95625428110361, 43.24393395334482], [76.95625629276037, 43.24393060058355], [76.95625629276037, 43.243914507329464], [76.95625830441713, 43.24391383677721], [76.95626098662615, 43.24392054229975], [76.95626098662615, 43.24392858892679], [76.95625964552164, 43.243932612240314], [76.95625830441713, 43.24393395334482], [76.95625629276037, 43.24393395334482], [76.95625629276037, 43.243937976658344], [76.95625428110361, 43.24393663555384], [76.9562529399991, 43.243939988315105], [76.95624824613333, 43.24394267052412], [76.95624824613333, 43.24394401162863], [76.95624489337206, 43.24394669383764], [76.95624489337206, 43.24394803494215], [76.95624355226755, 43.24394803494215], [76.95624154061079, 43.243950717151165], [76.95624019950628, 43.243950717151165], [76.95623818784952, 43.24395339936018], [76.9562355056405, 43.243954069912434], [76.95623483508825, 43.24395541101694], [76.95623282343149, 43.24395541101694], [76.95623081177473, 43.2439574226737], [76.95622343569994, 43.2439574226737]]]}, "properties": {"id": 499, "class": "road", "confidence": 100.0, "source": "Almaty_9", "source_model": "unet-roads", "centroid_wkt": "POINT (76.95623005288626 43.24393569734792)", "bbox": [76.95620466023684, 43.24391383677721, 76.95626098662615, 43.2439574226737], "pixel_bbox": [12979, 7082, 13063, 7147], "area_m2": 14.228}}, {"type": "Feature", "geometry": {"type": "Polygon", "coordinates": [[[76.95520419627428, 43.243927247822285], [76.95519346743822, 43.24392456561327], [76.95518340915442, 43.243919871747494], [76.95518273860216, 43.243918530642986], [76.95517804473639, 43.24391786009073], [76.9551720097661, 43.24391517788172], [76.95516597479582, 43.24390981346369], [76.95516463369131, 43.24390444904566], [76.9551632925868, 43.243903778493404], [76.95516262203455, 43.24390109628439], [76.95516396313906, 43.24389975517988], [76.95522632449865, 43.24389975517988], [76.95522632449865, 43.24392590671778], [76.95522028952837, 43.24392590671778], [76.95521626621485, 43.243927247822285], [76.95520419627428, 43.243927247822285]]]}, "properties": {"id": 500, "class": "road", "confidence": 100.0, "source": "Almaty_9", "source_model": "unet-roads", "centroid_wkt": "POINT (76.95519946302345 43.243911302585595)", "bbox": [76.95516262203455, 43.24389975517988, 76.95522632449865, 43.243927247822285], "pixel_bbox": [11425, 7127, 11520, 7168], "area_m2": 12.618}}, {"type": "Feature", "geometry": {"type": "Polygon", "coordinates": [[[76.95067796856165, 43.244071416556835], [76.95067528635263, 43.24407007545233], [76.9506772980094, 43.24406806379557], [76.95067595690489, 43.244066052138805], [76.95067595690489, 43.24406202882528], [76.95068065077066, 43.24405733495951], [76.95068199187517, 43.244053311645985], [76.95068467408419, 43.24405197054148], [76.9506873562932, 43.24404124170542], [76.95068869739771, 43.24403923004866], [76.95068869739771, 43.244035206735134], [76.9506873562932, 43.24403319507837], [76.95068802684546, 43.24402045458555], [76.95068668574095, 43.244017101824284], [76.9506860151887, 43.24399698525667], [76.95068802684546, 43.243984915316105], [76.95068802684546, 43.24397820979357], [76.95069137960672, 43.243966139853], [76.95069272071123, 43.24396479874849], [76.95069272071123, 43.24396211653948], [76.95069540292025, 43.243958093225956], [76.95069540292025, 43.243956081569195], [76.95069875568151, 43.24394937604666], [76.95070009678602, 43.243948705494404], [76.95070277899504, 43.243943341076374], [76.95071082562208, 43.24393596500158], [76.95071082562208, 43.243934623897076], [76.9507135078311, 43.243932612240314], [76.95071551948786, 43.24392858892679], [76.95071686059237, 43.24392858892679], [76.95071686059237, 43.243927247822285], [76.95072155445814, 43.24392456561327], [76.95072691887617, 43.243918530642986], [76.95072825998068, 43.243918530642986], [76.95073697715998, 43.24390981346369], [76.95073831826448, 43.24390981346369], [76.95073898881674, 43.24390780180693], [76.950742341578, 43.24390511959791], [76.95074368268251, 43.24390176683664], [76.95074703544378, 43.24389975517988], [76.95078928023577, 43.24389908462763], [76.95079196244478, 43.243898414075375], [76.95078928023577, 43.243895061314106], [76.95079665631056, 43.2438937202096], [76.95079866796732, 43.24389573186636], [76.95079799741507, 43.24389707297087], [76.95079933851957, 43.243898414075375], [76.95080738514662, 43.24389975517988], [76.95085097104311, 43.243900425732136], [76.95085298269987, 43.24390176683664], [76.9508482888341, 43.24390444904566], [76.95085097104311, 43.24391048401594], [76.95085030049086, 43.24392054229975], [76.95085097104311, 43.24392322450876], [76.95085231214762, 43.24392322450876], [76.95085566490889, 43.24393060058355], [76.95085968822241, 43.24393529444933], [76.95086102932692, 43.24393529444933], [76.95086169987917, 43.24393663555384], [76.9508670642972, 43.24393663555384], [76.95086907595396, 43.2439386472106], [76.95087242871523, 43.24393931776285], [76.95088919252157, 43.243939988315105], [76.95090796798468, 43.243945352733135], [76.95091266185045, 43.24394937604666], [76.95091534405947, 43.24395004659891], [76.95091802626848, 43.24395474046469], [76.9509207084775, 43.24395541101694], [76.95092272013426, 43.243958093225956], [76.95092406123877, 43.243958093225956], [76.95092339068651, 43.243963457643986], [76.9509207084775, 43.243966139853], [76.9509207084775, 43.24396748095751], [76.95091936737299, 43.24396748095751], [76.95091936737299, 43.24396949261427], [76.95091534405947, 43.24396949261427], [76.95091065019369, 43.243974186480045], [76.95090796798468, 43.2439748570323], [76.95090461522341, 43.243977539241314], [76.95090193301439, 43.243977539241314], [76.95089925080538, 43.243979550898075], [76.95088248699903, 43.243979550898075], [76.95088047534227, 43.24397820979357], [76.9508684054017, 43.243977539241314], [76.9508670642972, 43.24397888034582], [76.95085968822241, 43.243979550898075], [76.95085901767015, 43.24398089200258], [76.95085365325212, 43.2439835742116], [76.95085097104311, 43.243986926972866], [76.9508496299386, 43.243986926972866], [76.95084627717733, 43.243990279734135], [76.95084493607283, 43.24399296194315], [76.95084158331156, 43.24399430304766], [76.95084024220705, 43.24399698525667], [76.95083823055029, 43.24399832636118], [76.95083755999804, 43.244001008570194], [76.95083286613226, 43.244006372988224], [76.95083018392324, 43.24401240795851], [76.95082549005747, 43.24401777237654], [76.95082280784845, 43.244024477899075], [76.95082146674395, 43.24402514845133], [76.95082146674395, 43.24402716010809], [76.95081610232592, 43.24403252452612], [76.95081610232592, 43.24403386563063], [76.95080403238535, 43.244045935571194], [76.95080135017633, 43.24404660612345], [76.95079732686281, 43.24405129998922], [76.9507946446538, 43.24405197054148], [76.9507946446538, 43.244053311645985], [76.95079330354929, 43.244053311645985], [76.95078793913126, 43.24405934661627], [76.9507859274745, 43.24405934661627], [76.95078391581774, 43.24406135827303], [76.95078257471323, 43.24406135827303], [76.95077989250422, 43.244064040482044], [76.95077989250422, 43.24406538158655], [76.95077519863844, 43.244066052138805], [76.95077385753393, 43.24406806379557], [76.95077519863844, 43.24406806379557], [76.9507758691907, 43.24407007545233], [76.95077251642942, 43.24407007545233], [76.95077117532492, 43.244071416556835], [76.95067796856165, 43.244071416556835]]]}, "properties": {"id": 501, "class": "road", "confidence": 100.0, "source": "Almaty_9", "source_model": "unet-roads", "centroid_wkt": "POINT (76.95077789088097 43.24398077756222)", "bbox": [76.95067528635263, 43.2438937202096, 76.95092406123877, 43.244071416556835], "pixel_bbox": [4733, 6912, 5104, 7177], "area_m2": 234.855}}, {"type": "Feature", "geometry": {"type": "Polygon", "coordinates": [[[76.95104409009218, 43.24411902576685], [76.95103336125612, 43.24411366134882], [76.95102531462908, 43.244105614721775], [76.95102330297232, 43.244098238646984], [76.95102129131556, 43.24409555643797], [76.9510192796588, 43.244089521467686], [76.9510192796588, 43.24407275766134], [76.95102263242006, 43.244071416556835], [76.9510393962264, 43.24407074600458], [76.95103671401739, 43.24406806379557], [76.9510380551219, 43.24406538158655], [76.95103671401739, 43.244055323302746], [76.95103336125612, 43.24404928833246], [76.95103000849485, 43.244045935571194], [76.95103000849485, 43.244044594466686], [76.95102531462908, 43.24403990060091], [76.95102531462908, 43.24403788894415], [76.95102263242006, 43.244035206735134], [76.95101860910654, 43.24402514845133], [76.95101458579302, 43.243982903659344], [76.951011903584, 43.24398022145033], [76.951011903584, 43.24397888034582], [76.95100788027048, 43.24397820979357], [76.95100653916597, 43.24397686868906], [76.95100452750921, 43.24397284537554], [76.95100452750921, 43.24396412819624], [76.95100788027048, 43.243958093225956], [76.95101458579302, 43.24395541101694], [76.95101525634527, 43.243952728807926], [76.95101793855429, 43.243950717151165], [76.9510206207633, 43.24394132941961], [76.95102330297232, 43.24393663555384], [76.95102464407682, 43.24393663555384], [76.95102531462908, 43.243934623897076], [76.95102866739035, 43.24393328279257], [76.95103470236063, 43.24392657727003], [76.95103671401739, 43.24392590671778], [76.9510380551219, 43.243921883404255], [76.95104006677866, 43.243921212852], [76.95104207843542, 43.243918530642986], [76.95104207843542, 43.24391584843397], [76.95104409009218, 43.24391316622496], [76.95104409009218, 43.243911154568195], [76.95104610174894, 43.24391048401594], [76.95104878395796, 43.24390646070242], [76.95105951279402, 43.243903778493404], [76.95106219500303, 43.24390109628439], [76.95106353610754, 43.24390109628439], [76.95106286555529, 43.24389975517988], [76.95110645145178, 43.24389975517988], [76.95110645145178, 43.24388835579157], [76.95110779255629, 43.243885673582554], [76.95110846310854, 43.243887685239315], [76.95111114531755, 43.243887685239315], [76.95111114531755, 43.24389036744833], [76.95111248642206, 43.243889696896076], [76.95111382752657, 43.24389439076185], [76.95111516863108, 43.24389439076185], [76.95111382752657, 43.243898414075375], [76.9511191919446, 43.24389975517988], [76.95112992078066, 43.24389975517988], [76.95113059133291, 43.24390109628439], [76.9511279091239, 43.24390511959791], [76.95112723857164, 43.24390981346369], [76.95112522691488, 43.243911154568195], [76.95112522691488, 43.24391316622496], [76.95112254470587, 43.24391584843397], [76.9511205330491, 43.243921212852], [76.95111718028784, 43.24392456561327], [76.95111382752657, 43.243932612240314], [76.95111449807882, 43.24394065886736], [76.95111718028784, 43.243945352733135], [76.9511191919446, 43.24394669383764], [76.9511205330491, 43.24395138770342], [76.95112187415361, 43.24395205825567], [76.95112522691488, 43.243958093225956], [76.95112723857164, 43.243968822062016], [76.95112589746714, 43.243981562554836], [76.95112455636263, 43.243984915316105], [76.95112254470587, 43.24398625642061], [76.95112120360136, 43.243990279734135], [76.95111382752657, 43.24399698525667], [76.95110846310854, 43.24399832636118], [76.95110846310854, 43.24399966746569], [76.95110712200403, 43.24399832636118], [76.95110645145178, 43.24399966746569], [76.95110645145178, 43.24399162083864], [76.95110443979502, 43.24399095028639], [76.95110309869051, 43.24399296194315], [76.95109639316797, 43.243995644152164], [76.95109102874994, 43.244001008570194], [76.9510843232274, 43.24400436133146], [76.95107895880938, 43.24400972574949], [76.95107895880938, 43.244011066854], [76.95107627660036, 43.24401240795851], [76.95107225328684, 43.24402313679457], [76.95107158273458, 43.24403252452612], [76.95107359439135, 43.244037218391895], [76.95108029991388, 43.24404392391443], [76.95108029991388, 43.24404526501894], [76.95108365267515, 43.2440472766757], [76.95108365267515, 43.24404861778021], [76.95108566433191, 43.244049958884716], [76.95108700543642, 43.24405264109373], [76.95108901709318, 43.24405934661627], [76.95108901709318, 43.244066052138805], [76.95108767598867, 43.24406806379557], [76.95108767598867, 43.24407074600458], [76.95108633488417, 43.244071416556835], [76.95108968764544, 43.244071416556835], [76.95109035819769, 43.24407275766134], [76.95108968764544, 43.24408147484064], [76.95108231157064, 43.24409555643797], [76.95108097046614, 43.24410159140825], [76.95107962936163, 43.24410293251276], [76.95107895880938, 43.24410829693079], [76.95107493549585, 43.24411366134882], [76.95107091218233, 43.24411567300558], [76.95106890052557, 43.24411500245333], [76.95106822997332, 43.244116343557835], [76.9510655477643, 43.24411701411009], [76.9510554894805, 43.24411768466234], [76.95105213671923, 43.24411902576685], [76.95104409009218, 43.24411902576685]]]}, "properties": {"id": 502, "class": "road", "confidence": 100.0, "source": "Almaty_9", "source_model": "unet-roads", "centroid_wkt": "POINT (76.95106446849701 43.24399489331198)", "bbox": [76.95100452750921, 43.243885673582554, 76.95113059133291, 43.24411902576685], "pixel_bbox": [5224, 6841, 5412, 7189], "area_m2": 148.889}}, {"type": "Feature", "geometry": {"type": "Polygon", "coordinates": [[[76.95479650050402, 43.24397619813681], [76.95478845387697, 43.24397351592779], [76.95478577166796, 43.24397150427103], [76.95478174835443, 43.24397083371878], [76.9547750428319, 43.243966810405254], [76.95477303117514, 43.243966810405254], [76.95476967841387, 43.24396412819624], [76.95476498454809, 43.24396278709173], [76.95475962013006, 43.243958093225956], [76.95475827902555, 43.243952728807926], [76.95475827902555, 43.24394199997187], [76.95475962013006, 43.243939988315105], [76.95475827902555, 43.24393127113581], [76.9547562673688, 43.2439299300313], [76.9547562673688, 43.24392858892679], [76.95475224405527, 43.24392456561327], [76.95475224405527, 43.24392322450876], [76.95475090295076, 43.24392322450876], [76.95474956184626, 43.24392054229975], [76.95474822074175, 43.24392054229975], [76.95474822074175, 43.24391920119524], [76.95474687963724, 43.24391920119524], [76.95474687963724, 43.24391786009073], [76.95474352687597, 43.243914507329464], [76.9547401741147, 43.243905790150166], [76.95474084466696, 43.243900425732136], [76.95472810417414, 43.24389975517988], [76.95473682135344, 43.243898414075375], [76.9547301158309, 43.24389573186636], [76.95473078638315, 43.24388835579157], [76.95473346859217, 43.24388835579157], [76.95473548024893, 43.2438850030303], [76.9547401741147, 43.2438850030303], [76.954748891294, 43.243876956403255], [76.95475090295076, 43.243876956403255], [76.95475291460752, 43.243874944746494], [76.95475962013006, 43.243871591985226], [76.95476163178682, 43.243871591985226], [76.95476498454809, 43.24386890977621], [76.9547676667571, 43.24386890977621], [76.95477034896612, 43.24386689811945], [76.95477303117514, 43.24386689811945], [76.9547750428319, 43.24386555701494], [76.95477973669767, 43.24386488646269], [76.95478174835443, 43.24386287480593], [76.95478443056345, 43.24386287480593], [76.95478577166796, 43.243860863149166], [76.95478711277246, 43.243860863149166], [76.9547924771905, 43.24385616928339], [76.95479784160852, 43.24385415762663], [76.95480789989233, 43.243855498731136], [76.95481527596712, 43.24385818094015], [76.95482198148966, 43.24385818094015], [76.95482801645994, 43.243860863149166], [76.95483338087797, 43.24386153370142], [76.95484075695276, 43.24386488646269], [76.95484679192305, 43.24386555701494], [76.95485081523657, 43.2438675686717], [76.9548561796546, 43.2438675686717], [76.95486087352037, 43.243869580328465], [76.95486154407263, 43.24387092143297], [76.95486690849066, 43.24387226253748], [76.95487160235643, 43.24387762695551], [76.95487428456545, 43.24388299137354], [76.95487428456545, 43.2438937202096], [76.95487227290869, 43.24389774352312], [76.95487294346094, 43.24389975517988], [76.95486087352037, 43.243900425732136], [76.95486221462488, 43.24390310794115], [76.95486154407263, 43.24390981346369], [76.95485550910234, 43.24392791837454], [76.95485349744558, 43.24393060058355], [76.95485215634108, 43.24394267052412], [76.95485282689333, 43.24394937604666], [76.95485148578882, 43.24395541101694], [76.95485014468431, 43.243956081569195], [76.95484880357981, 43.24396077543497], [76.9548474624753, 43.24396077543497], [76.9548474624753, 43.24396211653948], [76.95484545081854, 43.24396278709173], [76.95484410971403, 43.24396479874849], [76.95483271032572, 43.24396949261427], [76.95482064038515, 43.24397150427103], [76.95481661707163, 43.243974186480045], [76.95481058210135, 43.24397552758455], [76.95479650050402, 43.24397619813681]]]}, "properties": {"id": 503, "class": "road", "confidence": 100.0, "source": "Almaty_9", "source_model": "unet-roads", "centroid_wkt": "POINT (76.95480550575147 43.24391234496082)", "bbox": [76.95472810417414, 43.24385415762663, 76.95487428456545, 43.24397619813681], "pixel_bbox": [10777, 7054, 10995, 7236], "area_m2": 106.67}}, {"type": "Feature", "geometry": {"type": "Polygon", "coordinates": [[[76.9496238604188, 43.243880309164524], [76.94962050765753, 43.243876956403255], [76.94961916655302, 43.243876956403255], [76.94961447268724, 43.243871591985226], [76.94961380213499, 43.24386823922396], [76.94961246103048, 43.24386689811945], [76.94961246103048, 43.243860863149166], [76.94962587207556, 43.24385415762663], [76.94963593035936, 43.24385415762663], [76.94964397698641, 43.24385616928339], [76.94964598864317, 43.24385818094015], [76.94964665919542, 43.243864215910435], [76.94964531809092, 43.24386555701494], [76.94964531809092, 43.24386823922396], [76.94964062422514, 43.24387360364199], [76.94964062422514, 43.243874944746494], [76.94963525980711, 43.24387896806002], [76.94963056594133, 43.24387762695551], [76.94962922483683, 43.24387896806002], [76.94962721318007, 43.24387896806002], [76.94962721318007, 43.243880309164524], [76.9496238604188, 43.243880309164524]]]}, "properties": {"id": 504, "class": "road", "confidence": 100.0, "source": "Almaty_9", "source_model": "unet-roads", "centroid_wkt": "POINT (76.94962992357236 43.24386582333197)", "bbox": [76.94961246103048, 43.24385415762663, 76.94964665919542, 43.243880309164524], "pixel_bbox": [3148, 7197, 3199, 7236], "area_m2": 6.049}}, {"type": "Feature", "geometry": {"type": "Polygon", "coordinates": [[[76.95042114704847, 43.24409890919924], [76.95041980594397, 43.24409756809473], [76.95041846483946, 43.24407611042261], [76.95041712373495, 43.24407611042261], [76.9504164531827, 43.24407812207937], [76.95041578263044, 43.244076780974865], [76.95041444152594, 43.24407745152712], [76.95041444152594, 43.244080133736134], [76.95041310042143, 43.244080133736134], [76.95041377097368, 43.24408147484064], [76.95041242986917, 43.2440834864974], [76.95040304213762, 43.244084157049656], [76.95039834827185, 43.24408080428839], [76.95038426667452, 43.24408080428839], [76.95038426667452, 43.244078792631626], [76.95038560777903, 43.24407812207937], [76.95038493722677, 43.24407543987036], [76.95037823170424, 43.24407543987036], [76.95037689059973, 43.244074769318104], [76.95037689059973, 43.244073428213596], [76.9503728672862, 43.24407275766134], [76.95041846483946, 43.244071416556835], [76.95041980594397, 43.24407409876585], [76.95041980594397, 43.244071416556835], [76.95051770657301, 43.24407074600458], [76.9505163654685, 43.24406873434782], [76.95051301270723, 43.24406739324331], [76.95050898939371, 43.24406269937754], [76.95050563663244, 43.24405666440725], [76.95050496608019, 43.244053311645985], [76.95050496608019, 43.24405062943697], [76.9505076482892, 43.244045935571194], [76.9505076482892, 43.24404392391443], [76.95050965994596, 43.24404325336218], [76.95051100105047, 43.24403923004866], [76.95051301270723, 43.24403788894415], [76.95051368325949, 43.244035206735134], [76.9505163654685, 43.244031853973866], [76.95051837712526, 43.24402246624231], [76.95052038878202, 43.244019113481045], [76.95052038878202, 43.24400972574949], [76.95051368325949, 43.2440023496747], [76.95051234215498, 43.2440023496747], [76.9505076482892, 43.243997655808926], [76.9505063071847, 43.243997655808926], [76.95050295442343, 43.24399296194315], [76.95050161331892, 43.24399296194315], [76.9504989311099, 43.24398960918188], [76.95049490779638, 43.24398759752512], [76.95049088448286, 43.243982903659344], [76.95048954337835, 43.243982903659344], [76.95048954337835, 43.243981562554836], [76.95048686116934, 43.24397888034582], [76.95047277957201, 43.24397284537554], [76.95046205073595, 43.24397351592779], [76.95045802742243, 43.24397552758455], [76.95044931024313, 43.24397619813681], [76.95044260472059, 43.243979550898075], [76.95043120533228, 43.243979550898075], [76.95042785257101, 43.243977539241314], [76.95042181760073, 43.243979550898075], [76.95042181760073, 43.24398089200258], [76.95042047649622, 43.243979550898075], [76.95041913539171, 43.243900425732136], [76.95041980594397, 43.24383806437254], [76.95042047649622, 43.243835382163525], [76.95042181760073, 43.243835382163525], [76.95042382925749, 43.243837393820286], [76.95042852312326, 43.24383806437254], [76.95043187588453, 43.243837393820286], [76.95043254643679, 43.24383605271578], [76.95043455809355, 43.24383672326803], [76.95043656975031, 43.243835382163525], [76.95044260472059, 43.243835382163525], [76.95044796913862, 43.24383269995451], [76.95045668631792, 43.24383269995451], [76.9504627212882, 43.24383404105902], [76.95046741515398, 43.24383672326803], [76.95047948509455, 43.24383940547705], [76.95048484951258, 43.24384208768606], [76.9504902139306, 43.243842758238316], [76.95049624890089, 43.243846110999584], [76.95049960166216, 43.243851475417614], [76.95049960166216, 43.24385616928339], [76.95049826055765, 43.243858851492405], [76.95049624890089, 43.24386019259691], [76.95049624890089, 43.24386153370142], [76.95049356669188, 43.24386287480593], [76.95049356669188, 43.243864215910435], [76.95048954337835, 43.24386555701494], [76.95047613233328, 43.24386488646269], [76.95046942681074, 43.24386287480593], [76.95046607404947, 43.243864215910435], [76.95046607404947, 43.24386689811945], [76.95046473294497, 43.24386823922396], [76.95046406239271, 43.243871591985226], [76.95046406239271, 43.24387561529875], [76.95046607404947, 43.24387829750776], [76.95046607404947, 43.24389908462763], [76.95059213787317, 43.24389975517988], [76.95059213787317, 43.24393931776285], [76.95059347897768, 43.24393931776285], [76.95059347897768, 43.243937976658344], [76.9505961611867, 43.24393596500158], [76.95059683173895, 43.24393328279257], [76.95060219615698, 43.24393328279257], [76.95060219615698, 43.243934623897076], [76.950604878366, 43.24393730610609], [76.95061024278402, 43.243937976658344], [76.95061091333628, 43.24393931776285], [76.95061828941107, 43.24394065886736], [76.95061895996332, 43.24394199997187], [76.95062030106783, 43.24394199997187], [76.95061963051558, 43.24394602328539], [76.95062097162008, 43.243947364389896], [76.95062097162008, 43.243950717151165], [76.95061895996332, 43.24395474046469], [76.95061895996332, 43.243958093225956], [76.95061694830656, 43.243966139853], [76.9506149366498, 43.24396949261427], [76.9506149366498, 43.24397284537554], [76.95061359554529, 43.243974186480045], [76.95061359554529, 43.243979550898075], [76.95061225444078, 43.243981562554836], [76.95061225444078, 43.24399497359991], [76.95061091333628, 43.243997655808926], [76.95060890167952, 43.24399899691343], [76.95060420781374, 43.24400905519724], [76.95060018450022, 43.24401240795851], [76.95060018450022, 43.244013749063015], [76.95059884339571, 43.244013749063015], [76.9505961611867, 43.24401643127203], [76.9505961611867, 43.24402045458555], [76.95059482008219, 43.244021125137806], [76.95059414952993, 43.244029842317104], [76.95059146732092, 43.244037218391895], [76.95059146732092, 43.244071416556835], [76.95057269185781, 43.244071416556835], [76.95056866854429, 43.244074769318104], [76.95056263357401, 43.24407745152712], [76.95056263357401, 43.244078792631626], [76.950559951365, 43.24407946318388], [76.95055793970823, 43.24408147484064], [76.95055592805147, 43.24408147484064], [76.95054855197668, 43.24408482760191], [76.95054117590189, 43.24408616870642], [76.95053715258837, 43.24408818036318], [76.95053648203611, 43.244089521467686], [76.95053111761808, 43.24409086257219], [76.95052776485682, 43.24409354478121], [76.95052307099104, 43.24409421533346], [76.9505163654685, 43.24409756809473], [76.95050228387117, 43.24409756809473], [76.95047948509455, 43.244092874228954], [76.95046339184046, 43.2440922036767], [76.95044461637735, 43.244094885885715], [76.95043724030256, 43.24409689754248], [76.95043254643679, 43.24409689754248], [76.9504265114665, 43.24409890919924], [76.95042114704847, 43.24409890919924]], [[76.95041242986917, 43.24407543987036], [76.95041377097368, 43.24407611042261], [76.95041377097368, 43.24407543987036], [76.95041242986917, 43.24407543987036]]]}, "properties": {"id": 505, "class": "road", "confidence": 100.0, "source": "Almaty_9", "source_model": "unet-roads", "centroid_wkt": "POINT (76.9505129548238 43.24396921351262)", "bbox": [76.9503728672862, 43.24383269995451, 76.95062097162008, 43.24409890919924], "pixel_bbox": [4282, 6871, 4652, 7268], "area_m2": 271.554}}, {"type": "Feature", "geometry": {"type": "Polygon", "coordinates": [[[76.95061761885881, 43.24392858892679], [76.95061694830656, 43.243923895061016], [76.95061895996332, 43.24392255395651], [76.95061895996332, 43.24392054229975], [76.95061761885881, 43.24392054229975], [76.95061694830656, 43.24391584843397], [76.95061292499304, 43.24391048401594], [76.95061292499304, 43.24389908462763], [76.95061426609755, 43.24389707297087], [76.95061359554529, 43.24389439076185], [76.95061560720205, 43.24388634413481], [76.95061426609755, 43.24387092143297], [76.95061292499304, 43.243869580328465], [76.95061158388853, 43.24386488646269], [76.95060756057501, 43.24385952204466], [76.9506062194705, 43.24385482817888], [76.95060689002275, 43.24385080486536], [76.95060420781374, 43.24384745210409], [76.95060353726149, 43.24384208768606], [76.95060554891825, 43.2438400760293], [76.9506062194705, 43.243837393820286], [76.95060957223177, 43.24383471161127], [76.95060957223177, 43.24383337050676], [76.95061560720205, 43.243832029402256], [76.95062030106783, 43.24382934719324], [76.95062700659037, 43.24382867664099], [76.95063840597868, 43.243832029402256], [76.95063907653093, 43.24383337050676], [76.95064444094896, 43.243835382163525], [76.95064511150122, 43.24383672326803], [76.95064779371023, 43.243837393820286], [76.9506511464715, 43.243840746581554], [76.95065248757601, 43.243840746581554], [76.95065718144178, 43.24385013431311], [76.95065785199404, 43.24385952204466], [76.95065919309855, 43.24386354535818], [76.95065785199404, 43.24387092143297], [76.95065516978502, 43.24387561529875], [76.95065449923277, 43.24388097971678], [76.9506511464715, 43.243887685239315], [76.95064913481474, 43.24388902634382], [76.95064846426249, 43.2438937202096], [76.95064712315798, 43.243895061314106], [76.95064712315798, 43.24389707297087], [76.95064578205347, 43.24389774352312], [76.95064578205347, 43.24389975517988], [76.95064377039671, 43.24389975517988], [76.95064175873995, 43.243905790150166], [76.95063907653093, 43.24390713125467], [76.95063773542643, 43.243911154568195], [76.95063505321741, 43.2439124956727], [76.9506323710084, 43.24391786009073], [76.95062767714262, 43.24392054229975], [76.95062834769487, 43.24392523616552], [76.95062097162008, 43.24392590671778], [76.95062097162008, 43.243927247822285], [76.95061761885881, 43.24392858892679]]]}, "properties": {"id": 506, "class": "road", "confidence": 100.0, "source": "Almaty_9", "source_model": "unet-roads", "centroid_wkt": "POINT (76.95063135342204 43.24387058235834)", "bbox": [76.95060353726149, 43.24382867664099, 76.95065919309855, 43.24392858892679], "pixel_bbox": [4626, 7125, 4709, 7274], "area_m2": 31.275}}, {"type": "Feature", "geometry": {"type": "Polygon", "coordinates": [[[76.9503641501069, 43.24386488646269], [76.95035945624113, 43.24386488646269], [76.95035878568888, 43.24386153370142], [76.95035677403212, 43.24386153370142], [76.95035476237535, 43.24385415762663], [76.95035342127085, 43.243853487074375], [76.9503527507186, 43.24385013431311], [76.95035006850958, 43.24384678155184], [76.95034872740507, 43.243842758238316], [76.95034872740507, 43.243835382163525], [76.95035073906183, 43.24383135885], [76.95035543292761, 43.243826664984226], [76.95035811513662, 43.24382599443197], [76.95035878568888, 43.243824653327465], [76.95036951452494, 43.24382197111845], [76.95037353783846, 43.24382331222296], [76.95037622004747, 43.24382599443197], [76.95037689059973, 43.24382934719324], [76.95037890225649, 43.24383135885], [76.95037890225649, 43.243837393820286], [76.95037689059973, 43.243840746581554], [76.95037622004747, 43.24384544044733], [76.95037420839071, 43.24384745210409], [76.95037353783846, 43.24385080486536], [76.95037085562944, 43.24385281652212], [76.95036951452494, 43.2438575103879], [76.95036482065916, 43.24386153370142], [76.9503641501069, 43.24386488646269]]]}, "properties": {"id": 507, "class": "road", "confidence": 100.0, "source": "Almaty_9", "source_model": "unet-roads", "centroid_wkt": "POINT (76.95036395735114 43.243840796702074)", "bbox": [76.95034872740507, 43.24382197111845, 76.95037890225649, 43.24386488646269], "pixel_bbox": [4246, 7220, 4291, 7284], "area_m2": 7.893}}, {"type": "Feature", "geometry": {"type": "Polygon", "coordinates": [[[76.94909144192934, 43.24389975517988], [76.94909144192934, 43.24389707297087], [76.94908875972033, 43.24389573186636], [76.94908808916807, 43.2438937202096], [76.94908808916807, 43.24388701468706], [76.9490921124816, 43.24387427419424], [76.9490934535861, 43.24387360364199], [76.94909479469061, 43.24386890977621], [76.94909613579512, 43.24386823922396], [76.94910082966089, 43.243858851492405], [76.94911558181047, 43.24384476989508], [76.949119605124, 43.24384342879057], [76.94912027567625, 43.24384208768606], [76.94912429898977, 43.243840746581554], [76.94912765175104, 43.24383806437254], [76.9491296634078, 43.24383806437254], [76.94913435727358, 43.24383404105902], [76.94913636893034, 43.24383404105902], [76.9491383805871, 43.243832029402256], [76.94914173334837, 43.24383135885], [76.94914374500513, 43.24382934719324], [76.9491558149457, 43.24382331222296], [76.94916922599077, 43.24381995946169], [76.94918531924486, 43.24381995946169], [76.94918867200613, 43.243821300566196], [76.94919269531965, 43.243821300566196], [76.94920744746923, 43.24382599443197], [76.94921214133501, 43.24382867664099], [76.94921348243952, 43.24383068829775], [76.9492181763053, 43.24383068829775], [76.9492181763053, 43.24388902634382], [76.94921750575304, 43.24389036744833], [76.94921616464853, 43.243889696896076], [76.94921616464853, 43.24388835579157], [76.94921482354403, 43.24388902634382], [76.94921415299177, 43.24389640241861], [76.94921348243952, 43.24389774352312], [76.94921214133501, 43.24389774352312], [76.94921147078276, 43.24389975517988], [76.94909144192934, 43.24389975517988]]]}, "properties": {"id": 508, "class": "road", "confidence": 100.0, "source": "Almaty_9", "source_model": "unet-roads", "centroid_wkt": "POINT (76.94916081225341 43.24386455551677)", "bbox": [76.94908808916807, 43.24381995946169, 76.9492181763053, 43.24389975517988], "pixel_bbox": [2366, 7168, 2560, 7287], "area_m2": 76.23}}, {"type": "Feature", "geometry": {"type": "Polygon", "coordinates": [[[76.95109102874994, 43.243876956403255], [76.95109035819769, 43.24387561529875], [76.95108767598867, 43.243874944746494], [76.95108700543642, 43.24387360364199], [76.95108164101839, 43.24387092143297], [76.95107493549585, 43.243869580328465], [76.95107292383909, 43.24386823922396], [76.95106890052557, 43.24386823922396], [76.95106487721205, 43.243866227567196], [76.95104140788317, 43.24386488646269], [76.95103470236063, 43.24386287480593], [76.95102665573359, 43.243862204253674], [76.9510192796588, 43.243858851492405], [76.95101525634527, 43.24385818094015], [76.95101123303175, 43.24385616928339], [76.95100519806147, 43.24384946376085], [76.95100385695696, 43.24384678155184], [76.95100385695696, 43.243837393820286], [76.95100586861372, 43.24383471161127], [76.95100720971823, 43.243830017745495], [76.95100855082273, 43.24382934719324], [76.951011903584, 43.243822641670704], [76.95101458579302, 43.24382063001394], [76.95101592689753, 43.243817277252674], [76.95101726800203, 43.243817277252674], [76.95101726800203, 43.24381593614817], [76.95101860910654, 43.24381593614817], [76.95101995021105, 43.24381325393915], [76.95102129131556, 43.24381325393915], [76.95102464407682, 43.24380990117788], [76.95102531462908, 43.243806548416615], [76.95102799683809, 43.2438038662076], [76.95103000849485, 43.243797831237316], [76.95103403180838, 43.24379447847605], [76.95103738456964, 43.243788443505764], [76.9510467723012, 43.24378106743097], [76.95105817168951, 43.24377503246069], [76.95106487721205, 43.24377369135618], [76.95107024163008, 43.24377100914717], [76.95107828825712, 43.24376966804266], [76.95109438151121, 43.24376966804266], [76.95110242813826, 43.24377167969942], [76.95110645145178, 43.24376966804266], [76.95110645145178, 43.24387427419424], [76.95110511034727, 43.24387092143297], [76.95110376924276, 43.24387092143297], [76.95110242813826, 43.24387427419424], [76.95109907537699, 43.243874944746494], [76.95109773427248, 43.243876956403255], [76.95109102874994, 43.243876956403255]]]}, "properties": {"id": 509, "class": "road", "confidence": 100.0, "source": "Almaty_9", "source_model": "unet-roads", "centroid_wkt": "POINT (76.95106463586004 43.243823691577724)", "bbox": [76.95100385695696, 43.24376966804266, 76.95110645145178, 43.243876956403255], "pixel_bbox": [5223, 7202, 5376, 7362], "area_m2": 73.436}}, {"type": "Feature", "geometry": {"type": "Polygon", "coordinates": [[[76.94956284016371, 43.24385482817888], [76.9495614990592, 43.243848122656345], [76.9495614990592, 43.24377369135618], [76.94956284016371, 43.243761621415615], [76.94956485182047, 43.243763633072376], [76.94956485182047, 43.243764974176884], [76.94956619292498, 43.243764974176884], [76.94956619292498, 43.24376631528139], [76.94956686347723, 43.243764974176884], [76.94956887513399, 43.243764974176884], [76.94957356899977, 43.2437676563859], [76.94957491010427, 43.24376631528139], [76.94958094507456, 43.243766985833645], [76.94958563894033, 43.24376564472914], [76.9495876505971, 43.2437676563859], [76.94959502667189, 43.24376832693815], [76.94960039108992, 43.243772350251675], [76.94960441440344, 43.243772350251675], [76.94960776716471, 43.24377570301294], [76.94961044937372, 43.24377570301294], [76.94961111992598, 43.243777714669704], [76.94961380213499, 43.24377838522196], [76.94961447268724, 43.243779726326466], [76.94962050765753, 43.24378173798323], [76.94962318986654, 43.24378374963999], [76.94963324815035, 43.24378576129675], [76.94963861256838, 43.243788443505764], [76.94964196532965, 43.24379179626703], [76.94964464753866, 43.24379716068506], [76.94964464753866, 43.243803195655346], [76.94964330643415, 43.24380788952112], [76.94964062422514, 43.24381057173014], [76.9496339187026, 43.24381325393915], [76.94961715489626, 43.24381459504366], [76.94961246103048, 43.24381660670042], [76.94961179047823, 43.24381794780493], [76.94960709661245, 43.243819288909435], [76.9496064260602, 43.243821300566196], [76.94960374385118, 43.243822641670704], [76.94960240274668, 43.243826664984226], [76.94959972053766, 43.24382934719324], [76.94959837943316, 43.24383337050676], [76.9495963677764, 43.24383471161127], [76.94959569722414, 43.243837393820286], [76.94959301501513, 43.2438400760293], [76.94958966225386, 43.24384678155184], [76.94958832114935, 43.24384678155184], [76.94958698004484, 43.2438487932086], [76.94958295673132, 43.24385080486536], [76.94957692176104, 43.243851475417614], [76.94957222789526, 43.243853487074375], [76.94956753402948, 43.24385281652212], [76.94956552237272, 43.24385482817888], [76.94956284016371, 43.24385482817888]]]}, "properties": {"id": 510, "class": "road", "confidence": 100.0, "source": "Almaty_9", "source_model": "unet-roads", "centroid_wkt": "POINT (76.94959249983208 43.2438044595143)", "bbox": [76.9495614990592, 43.243761621415615, 76.94964464753866, 43.24385482817888], "pixel_bbox": [3072, 7235, 3196, 7374], "area_m2": 41.567}}, {"type": "Feature", "geometry": {"type": "Polygon", "coordinates": [[[76.9507959857583, 43.24388835579157], [76.95079330354929, 43.243885673582554], [76.95078928023577, 43.243884332478046], [76.95078928023577, 43.24388299137354], [76.95078793913126, 43.24388299137354], [76.95078793913126, 43.24388165026903], [76.95078659802675, 43.24388165026903], [76.95078659802675, 43.243880309164524], [76.95078391581774, 43.24387896806002], [76.95078123360872, 43.24387561529875], [76.95077989250422, 43.24387561529875], [76.95077855139971, 43.24387360364199], [76.9507772102952, 43.24387360364199], [76.9507758691907, 43.243871591985226], [76.95077318698168, 43.24387092143297], [76.95077117532492, 43.24386823922396], [76.95076648145914, 43.24386555701494], [76.95076446980238, 43.24386153370142], [76.95076312869787, 43.243862204253674], [76.95076379925013, 43.24376229196787], [76.95076514035463, 43.243761621415615], [76.95076514035463, 43.24376296252012], [76.9507684931159, 43.24376296252012], [76.95076983422041, 43.24376095086336], [76.95077184587717, 43.24376095086336], [76.95077452808619, 43.24375826865435], [76.95077855139971, 43.24375759810209], [76.95078391581774, 43.24375491589308], [76.95078659802675, 43.24375223368406], [76.95078995078802, 43.24375156313181], [76.95079732686281, 43.24374753981829], [76.95080537348986, 43.24374619871378], [76.95081073790789, 43.243743516504765], [76.95081543177366, 43.24374284595251], [76.95081677287817, 43.243741504848], [76.95083621889353, 43.243738152086735], [76.9508583471179, 43.243738152086735], [76.95087511092424, 43.24373949319124], [76.9508858397603, 43.243743516504765], [76.95088651031256, 43.24374485760927], [76.95088785141706, 43.24374485760927], [76.95088852196932, 43.24374619871378], [76.95088986307383, 43.24374619871378], [76.95089053362608, 43.24374753981829], [76.9508932158351, 43.24374821037054], [76.9508945569396, 43.2437502220273], [76.95090193301439, 43.243754245340824], [76.95090193301439, 43.24375558644533], [76.9509032741189, 43.24375558644533], [76.95090997964144, 43.243763633072376], [76.95091132074594, 43.243768997490406], [76.95091132074594, 43.24377503246069], [76.95090729743242, 43.24378374963999], [76.95090260356665, 43.24378777295351], [76.95090260356665, 43.24378911405802], [76.95090059190989, 43.24379112571478], [76.95089656859636, 43.24379313737154], [76.95089656859636, 43.24379447847605], [76.95089388638735, 43.24379649013281], [76.95089187473059, 43.24380051344633], [76.95089120417833, 43.24380923062563], [76.9508932158351, 43.2438125833869], [76.95089589804411, 43.243824653327465], [76.95089589804411, 43.243840746581554], [76.95089388638735, 43.24384342879057], [76.95089388638735, 43.24384544044733], [76.9508858397603, 43.243853487074375], [76.95088315755129, 43.24385415762663], [76.95088181644678, 43.24385616928339], [76.95087980479002, 43.24385616928339], [76.95087645202875, 43.243858851492405], [76.95086505264044, 43.24386153370142], [76.95085901767015, 43.24386153370142], [76.95085231214762, 43.24386354535818], [76.95084426552057, 43.243864215910435], [76.95084292441607, 43.24386555701494], [76.95083688944578, 43.24386689811945], [76.95082616060972, 43.24387226253748], [76.95082146674395, 43.243876285851], [76.95081811398268, 43.243876956403255], [76.95081610232592, 43.24387896806002], [76.9508120790124, 43.243880309164524], [76.9508120790124, 43.24388165026903], [76.95081073790789, 43.24388165026903], [76.95080939680338, 43.24388366192579], [76.95080537348986, 43.243884332478046], [76.95080403238535, 43.243887685239315], [76.9507959857583, 43.24388835579157]]]}, "properties": {"id": 511, "class": "road", "confidence": 100.0, "source": "Almaty_9", "source_model": "unet-roads", "centroid_wkt": "POINT (76.95083068313787 43.243806079695915)", "bbox": [76.95076312869787, 43.243738152086735, 76.95091132074594, 43.24388835579157], "pixel_bbox": [4864, 7185, 5085, 7409], "area_m2": 151.577}}, {"type": "Feature", "geometry": {"type": "Polygon", "coordinates": [[[76.95506136864424, 43.24384208768606], [76.95505935698748, 43.2438400760293], [76.95505734533072, 43.2438400760293], [76.95505600422621, 43.24383806437254], [76.9550546631217, 43.24383806437254], [76.9550546631217, 43.24382532387972], [76.95505332201719, 43.24382063001394], [76.95505332201719, 43.2438125833869], [76.95505198091269, 43.24381057173014], [76.95505198091269, 43.243803195655346], [76.95505332201719, 43.243801183998585], [76.9550546631217, 43.24379313737154], [76.9550546631217, 43.24372809380293], [76.95510696619749, 43.24372809380293], [76.95510897785425, 43.24373010545969], [76.95510897785425, 43.243732787668705], [76.95511031895876, 43.24373345822096], [76.95511568337679, 43.24373345822096], [76.9551183655858, 43.24373546987772], [76.95512238889933, 43.24373546987772], [76.95512641221285, 43.24373748153448], [76.95513647049665, 43.24373949319124], [76.95514921098948, 43.24375223368406], [76.95515256375074, 43.2437589392066], [76.95515189319849, 43.24376966804266], [76.95515055209398, 43.243772350251675], [76.95514854043722, 43.24377302080393], [76.95514652878046, 43.24377570301294], [76.9551458582282, 43.24377905577421], [76.95514317601919, 43.243779726326466], [76.95514250546694, 43.24378173798323], [76.95514049381018, 43.24378173798323], [76.95513848215342, 43.24378374963999], [76.95512842386961, 43.243783079087734], [76.95512507110834, 43.24378039687872], [76.95511970669031, 43.243779726326466], [76.95511769503355, 43.24377838522196], [76.95511098951101, 43.24377905577421], [76.95510562509298, 43.24378173798323], [76.95509891957045, 43.2437951490283], [76.95509757846594, 43.243795819580555], [76.95509422570467, 43.24380923062563], [76.95509154349566, 43.24381325393915], [76.95509154349566, 43.24381593614817], [76.95508752018213, 43.243821300566196], [76.95508752018213, 43.24382331222296], [76.95508617907763, 43.24382398277521], [76.95508416742086, 43.24382867664099], [76.9550808146596, 43.243832029402256], [76.95507947355509, 43.243832029402256], [76.95507880300283, 43.24383404105902], [76.95507612079382, 43.24383471161127], [76.95506941527128, 43.2438400760293], [76.95506136864424, 43.24384208768606]]]}, "properties": {"id": 512, "class": "road", "confidence": 100.0, "source": "Almaty_9", "source_model": "unet-roads", "centroid_wkt": "POINT (76.95509120034836 43.24377257830901)", "bbox": [76.95505198091269, 43.24372809380293, 76.95515256375074, 43.24384208768606], "pixel_bbox": [11260, 7254, 11410, 7424], "area_m2": 61.523}}, {"type": "Feature", "geometry": {"type": "Polygon", "coordinates": [[[76.95589888840914, 43.24374686926603], [76.95589620620012, 43.24374485760927], [76.95589486509562, 43.243741504848], [76.95589620620012, 43.24373546987772], [76.95589955896139, 43.243732787668705], [76.9559009000659, 43.24373010545969], [76.95590827614069, 43.24373010545969], [76.95591162890196, 43.24372809380293], [76.95591297000647, 43.24373010545969], [76.95591297000647, 43.243745528161526], [76.95591028779745, 43.24374619871378], [76.95590894669294, 43.24374418705702], [76.95590693503618, 43.24374418705702], [76.95590559393167, 43.24374619871378], [76.95589888840914, 43.24374686926603]]]}, "properties": {"id": 513, "class": "road", "confidence": 100.0, "source": "Almaty_9", "source_model": "unet-roads", "centroid_wkt": "POINT (76.95590510124346 43.24373790986209)", "bbox": [76.95589486509562, 43.24372809380293, 76.95591297000647, 43.24374686926603], "pixel_bbox": [12517, 7396, 12544, 7424], "area_m2": 2.339}}, {"type": "Feature", "geometry": {"type": "Polygon", "coordinates": [[[76.95554617792368, 43.24379984289408], [76.95553477853537, 43.24379716068506], [76.95553008466959, 43.24379447847605], [76.95552740246058, 43.24379447847605], [76.95552673190832, 43.24379313737154], [76.95552539080381, 43.24379313737154], [76.95552472025156, 43.24379179626703], [76.95551667362452, 43.24378777295351], [76.95551063865423, 43.24378240853548], [76.95550929754972, 43.24378240853548], [76.95550795644522, 43.243779726326466], [76.95550929754972, 43.24377503246069], [76.95551130920649, 43.24377503246069], [76.95551600307226, 43.24377033859491], [76.95551734417677, 43.24377033859491], [76.95552069693804, 43.24376631528139], [76.95552203804255, 43.24376631528139], [76.95552337914705, 43.243763633072376], [76.9555240496993, 43.243759609758854], [76.9555227085948, 43.243759609758854], [76.95552069693804, 43.24375558644533], [76.95551533252001, 43.24375491589308], [76.95550728589296, 43.24375692754984], [76.95550594478846, 43.2437589392066], [76.9555039331317, 43.243759609758854], [76.95550259202719, 43.243763633072376], [76.95550058037043, 43.243764974176884], [76.95550058037043, 43.24376631528139], [76.95549923926592, 43.24376631528139], [76.95549722760916, 43.24377167969942], [76.95549588650465, 43.24377302080393], [76.95549387484789, 43.24377302080393], [76.95549387484789, 43.243774361908436], [76.95548716932535, 43.24377503246069], [76.9554791226983, 43.24377302080393], [76.95547845214605, 43.24377167969942], [76.95547107607126, 43.2437676563859], [76.9554690644145, 43.243764974176884], [76.95546705275774, 43.243764974176884], [76.95546705275774, 43.243763633072376], [76.95546571165323, 43.243763633072376], [76.95546437054873, 43.24376095086336], [76.95546302944422, 43.24376095086336], [76.9554603472352, 43.24375759810209], [76.95545699447393, 43.243756256997585], [76.95545565336943, 43.243754245340824], [76.95545297116041, 43.24375357478857], [76.95544827729464, 43.24374821037054], [76.95544559508562, 43.24374686926603], [76.95544559508562, 43.243745528161526], [76.9554415717721, 43.243741504848], [76.9554415717721, 43.24373748153448], [76.9554429128766, 43.243734799325466], [76.95544224232435, 43.243729434907436], [76.95544626563787, 43.24372809380293], [76.95556964725256, 43.24372809380293], [76.95556964725256, 43.243795819580555], [76.95556830614805, 43.24379716068506], [76.95556160062551, 43.24379716068506], [76.95555623620749, 43.24379984289408], [76.95554617792368, 43.24379984289408]]]}, "properties": {"id": 514, "class": "road", "confidence": 100.0, "source": "Almaty_9", "source_model": "unet-roads", "centroid_wkt": "POINT (76.9555182832301 43.243755762096235)", "bbox": [76.9554415717721, 43.24372809380293, 76.95556964725256, 43.24379984289408], "pixel_bbox": [11841, 7317, 12032, 7424], "area_m2": 55.993}}, {"type": "Feature", "geometry": {"type": "Polygon", "coordinates": [[[76.94894190877676, 43.243727423250675], [76.94894190877676, 43.243725411593914], [76.94893989712, 43.243725411593914], [76.94893855601549, 43.243722058832645], [76.94894056767225, 43.243714682757854], [76.9489412382245, 43.24371334165335], [76.94894257932901, 43.24371334165335], [76.94894392043352, 43.24370998889208], [76.94895129650831, 43.243709318339825], [76.94895464926958, 43.24371200054884], [76.9489573314786, 43.24371267110109], [76.9489573314786, 43.2437140122056], [76.9489586725831, 43.243714682757854], [76.9489586725831, 43.24371736496687], [76.94896001368761, 43.24371870607138], [76.94896001368761, 43.243722058832645], [76.9489573314786, 43.24372407048941], [76.94895330816507, 43.24372407048941], [76.94895330816507, 43.243725411593914], [76.9489573314786, 43.243725411593914], [76.9489586725831, 43.24372675269842], [76.94894190877676, 43.243727423250675]]]}, "properties": {"id": 515, "class": "road", "confidence": 100.0, "source": "Almaty_9", "source_model": "unet-roads", "centroid_wkt": "POINT (76.94894947372632 43.2437185875033)", "bbox": [76.94893855601549, 43.243709318339825, 76.94896001368761, 43.243727423250675], "pixel_bbox": [2143, 7425, 2175, 7452], "area_m2": 2.664}}, {"type": "Feature", "geometry": {"type": "Polygon", "coordinates": [[[76.95507075637579, 43.24371602386236], [76.95507008582354, 43.243705965578556], [76.95507142692804, 43.24370261281729], [76.95507410913706, 43.243700601160526], [76.95507545024157, 43.243696577847004], [76.95507813245058, 43.24369456619024], [76.95508282631636, 43.243685849010944], [76.95509422570467, 43.24367377907038], [76.95510160177946, 43.24367042630911], [76.95510763674974, 43.243669755756855], [76.95510897785425, 43.24366841465235], [76.95512104779482, 43.24366707354784], [76.95512507110834, 43.243664391338825], [76.95513781160116, 43.243662379682064], [76.95514854043722, 43.243662379682064], [76.95515189319849, 43.24366372078657], [76.95515189319849, 43.24366506189108], [76.955153234303, 43.24366506189108], [76.955153234303, 43.243666402995586], [76.9551545754075, 43.24366707354784], [76.95515524595976, 43.24367377907038], [76.95515055209398, 43.24367981404066], [76.95515055209398, 43.24368115514517], [76.95514786988497, 43.243682496249676], [76.95514652878046, 43.24368450790644], [76.95513714104891, 43.24368719011545], [76.95513244718313, 43.24368987232447], [76.9551183655858, 43.24369188398123], [76.95511568337679, 43.24369389563799], [76.9551096484065, 43.2436952367425], [76.9551096484065, 43.243696577847004], [76.955108307302, 43.243696577847004], [76.95510562509298, 43.24369993060827], [76.95510227233171, 43.243700601160526], [76.95509891957045, 43.2437052950263], [76.95508886128664, 43.24370797723532], [76.95508684962988, 43.24371065944433], [76.9550808146596, 43.24371200054884], [76.9550808146596, 43.24371334165335], [76.95507746189833, 43.2437140122056], [76.95507679134607, 43.24371535331011], [76.95507075637579, 43.24371602386236]]]}, "properties": {"id": 516, "class": "road", "confidence": 100.0, "source": "Almaty_9", "source_model": "unet-roads", "centroid_wkt": "POINT (76.95511184465778 43.243684465715106)", "bbox": [76.95507008582354, 43.243662379682064, 76.95515524595976, 43.24371602386236], "pixel_bbox": [11287, 7442, 11414, 7522], "area_m2": 19.006}}, {"type": "Feature", "geometry": {"type": "Polygon", "coordinates": [[[76.9488761946559, 43.24370998889208], [76.94887485355139, 43.243666402995586], [76.94887485355139, 43.243617452681065], [76.9488761946559, 43.24361879378557], [76.94887820631266, 43.24361678212881], [76.94888021796942, 43.243617452681065], [76.94888222962618, 43.2436154410243], [76.94888826459646, 43.24361477047205], [76.94890435785055, 43.24360806494951], [76.94891508668661, 43.24360739439726], [76.94891978055239, 43.243608735501766], [76.9489224627614, 43.24361074715853], [76.94892313331366, 43.243617452681065], [76.94892045110464, 43.24362549930811], [76.94891911000013, 43.24362616986036], [76.94891709834337, 43.24363220483065], [76.94891307502985, 43.24363823980093], [76.94891307502985, 43.24364025145769], [76.94890636950731, 43.24364695698023], [76.94890636950731, 43.243648298084736], [76.9489050284028, 43.243648298084736], [76.94890435785055, 43.2436503097415], [76.94890301674604, 43.2436503097415], [76.94890033453703, 43.24365299195051], [76.94889899343252, 43.243657015264034], [76.948894970119, 43.2436603680253], [76.948894970119, 43.24366170912981], [76.94889161735773, 43.24366506189108], [76.94889027625322, 43.24366506189108], [76.94889027625322, 43.243666402995586], [76.94888893514872, 43.243666402995586], [76.94888357073069, 43.24367243796587], [76.94888222962618, 43.24367243796587], [76.94888155907393, 43.24367579072714], [76.94887954741716, 43.243677131831646], [76.94887954741716, 43.24369188398123], [76.94888088852167, 43.24369389563799], [76.94888088852167, 43.2437052950263], [76.94887954741716, 43.243705965578556], [76.94887887686491, 43.243709318339825], [76.94887686520815, 43.24370864778757], [76.9488761946559, 43.24370998889208]]]}, "properties": {"id": 517, "class": "road", "confidence": 100.0, "source": "Almaty_9", "source_model": "unet-roads", "centroid_wkt": "POINT (76.94889386910059 43.243639384660156)", "bbox": [76.94887485355139, 43.24360739439726, 76.94892313331366, 43.24370998889208], "pixel_bbox": [2048, 7451, 2120, 7604], "area_m2": 19.868}}, {"type": "Feature", "geometry": {"type": "Polygon", "coordinates": [[[76.95515859872103, 43.24361879378557], [76.95515591651201, 43.243617452681065], [76.95515055209398, 43.24361074715853], [76.95515055209398, 43.243608735501766], [76.95514921098948, 43.24360739439726], [76.95514921098948, 43.24360202997923], [76.95515189319849, 43.24359532445669], [76.9551545754075, 43.24359264224768], [76.95515792816877, 43.24359130114317], [76.95516530424356, 43.24359130114317], [76.95516932755709, 43.24359331279993], [76.95517402142286, 43.24359867721796], [76.95517536252737, 43.24360202997923], [76.95517536252737, 43.243608735501766], [76.95517268031836, 43.24361342936754], [76.9551706686616, 43.2436154410243], [76.95516865700483, 43.2436154410243], [76.95516664534807, 43.24361812323332], [76.95515859872103, 43.24361879378557]]]}, "properties": {"id": 518, "class": "road", "confidence": 100.0, "source": "Almaty_9", "source_model": "unet-roads", "centroid_wkt": "POINT (76.95516254101723 43.24360441004549)", "bbox": [76.95514921098948, 43.24359130114317, 76.95517536252737, 43.24361879378557], "pixel_bbox": [11405, 7587, 11444, 7628], "area_m2": 5.118}}, {"type": "Feature", "geometry": {"type": "Polygon", "coordinates": [[[76.94904785603285, 43.24363823980093], [76.94904651492834, 43.24363689869642], [76.94904651492834, 43.24361074715853], [76.94904785603285, 43.24360605329275], [76.94904651492834, 43.24358593672514], [76.9490485265851, 43.24358593672514], [76.94904919713736, 43.24358727782965], [76.94904919713736, 43.24358459562063], [76.94905053824186, 43.24358459562063], [76.94905053824186, 43.24359867721796], [76.94904986768961, 43.24360068887472], [76.9490485265851, 43.24360068887472], [76.9490485265851, 43.2436053827405], [76.94905053824186, 43.24360605329275], [76.94905120879412, 43.243608735501766], [76.94905389100313, 43.243608735501766], [76.94905389100313, 43.243610076606274], [76.94905523210764, 43.243610076606274], [76.9490572437644, 43.243614099919796], [76.94905992597342, 43.24361477047205], [76.94906126707792, 43.24361678212881], [76.94906394928694, 43.243617452681065], [76.9490673020482, 43.24362080544233], [76.94906864315271, 43.24362080544233], [76.94907266646624, 43.24362885206938], [76.94907400757074, 43.24362885206938], [76.949074678123, 43.243630193173885], [76.949074678123, 43.243633545935154], [76.94907400757074, 43.24363488703966], [76.94906663149595, 43.243637569248676], [76.94904785603285, 43.24363823980093]]]}, "properties": {"id": 519, "class": "road", "confidence": 100.0, "source": "Almaty_9", "source_model": "unet-roads", "centroid_wkt": "POINT (76.94905724189985 43.24362241287275)", "bbox": [76.94904651492834, 43.24358459562063, 76.949074678123, 43.24363823980093], "pixel_bbox": [2304, 7558, 2346, 7638], "area_m2": 5.958}}, {"type": "Feature", "geometry": {"type": "Polygon", "coordinates": [[[76.94928389042616, 43.24365098029375], [76.94927114993334, 43.24364963918924], [76.94925907999277, 43.24364695698023], [76.94925103336573, 43.24364360421896], [76.94924633949995, 43.24363958090544], [76.94924499839544, 43.24363153427839], [76.9492470100522, 43.243630193173885], [76.94924768060446, 43.243628181517124], [76.94924902170897, 43.243628181517124], [76.94925103336573, 43.24362549930811], [76.94925237447023, 43.24362549930811], [76.94925505667925, 43.24362214654684], [76.94925639778376, 43.24362214654684], [76.94926176220179, 43.243617452681065], [76.94926176220179, 43.24361611157656], [76.94926377385855, 43.24361477047205], [76.94926377385855, 43.243612088263035], [76.94925907999277, 43.24360806494951], [76.9492557272315, 43.243606723845005], [76.94925371557474, 43.24360404163599], [76.94925170391798, 43.24360404163599], [76.9492382928729, 43.24359733611345], [76.94923762232065, 43.243595995008945], [76.94923494011164, 43.24359532445669], [76.94923292845488, 43.24359264224768], [76.94923292845488, 43.24358727782965], [76.9492369517684, 43.24358459562063], [76.94923963397741, 43.2435792312026], [76.94924164563417, 43.243577890098095], [76.94924231618643, 43.243575878441334], [76.94924365729094, 43.243575878441334], [76.94924499839544, 43.24357319623232], [76.94925036281347, 43.243570514023304], [76.949254386127, 43.24356582015753], [76.94925706833601, 43.24356582015753], [76.9492631033063, 43.243561796844006], [76.94926712661982, 43.24356112629175], [76.94926712661982, 43.243559785187244], [76.9492631033063, 43.243559785187244], [76.94925975054502, 43.24355777353048], [76.94930132478476, 43.24355777353048], [76.94929998368025, 43.24355911463499], [76.94929730147123, 43.24355911463499], [76.94929663091898, 43.243561796844006], [76.949299313128, 43.24356313794851], [76.9493080303073, 43.24356313794851], [76.94931272417307, 43.24356447905302], [76.94931540638208, 43.24356649070978], [76.94932144135237, 43.243567161262035], [76.94932345300913, 43.24356850236654], [76.94932881742716, 43.24356850236654], [76.9493368640542, 43.243570514023304], [76.94933820515871, 43.24357185512781], [76.94934826344252, 43.24357319623232], [76.94935362786055, 43.243574537336826], [76.94935496896505, 43.243575878441334], [76.94936100393534, 43.24357654899359], [76.94937106221914, 43.243579901754856], [76.94937776774168, 43.24358593672514], [76.94937709718943, 43.24358996003866], [76.94937106221914, 43.24359264224768], [76.94936770945787, 43.243595995008945], [76.94935765117407, 43.24360001832247], [76.94934692233801, 43.24360806494951], [76.9493455812335, 43.24361074715853], [76.9493455812335, 43.243619464337826], [76.94934692233801, 43.243622817099094], [76.94934960454702, 43.24362549930811], [76.94935094565153, 43.243633545935154], [76.94934960454702, 43.24363689869642], [76.94934088736773, 43.24364494532347], [76.94933351129293, 43.24364762753248], [76.94931205362082, 43.24365098029375], [76.94928389042616, 43.24365098029375]], [[76.9492818787694, 43.243561796844006], [76.94929126650095, 43.243561796844006], [76.94928992539644, 43.24356112629175], [76.94929126650095, 43.243559785187244], [76.94928858429193, 43.243559785187244], [76.94928858429193, 43.24356112629175], [76.94928724318743, 43.24356112629175], [76.94928657263517, 43.243559785187244], [76.9492818787694, 43.243559785187244], [76.9492818787694, 43.243561796844006]]]}, "properties": {"id": 520, "class": "road", "confidence": 100.0, "source": "Almaty_9", "source_model": "unet-roads", "centroid_wkt": "POINT (76.94930057511469 43.24360404451053)", "bbox": [76.94923292845488, 43.24355777353048, 76.94937776774168, 43.24365098029375], "pixel_bbox": [2582, 7539, 2798, 7678], "area_m2": 81.944}}, {"type": "Feature", "geometry": {"type": "Polygon", "coordinates": [[[76.9493905082345, 43.2435879483819], [76.94938983768225, 43.24355777353048], [76.94939319044352, 43.243556432425976], [76.94954674690962, 43.243556432425976], [76.94955948740244, 43.24355710297823], [76.9495614990592, 43.24355911463499], [76.9495614990592, 43.24356984347105], [76.94955881685019, 43.243567161262035], [76.94955814629793, 43.243570514023304], [76.94955680519342, 43.2435691729188], [76.94955546408892, 43.24357118457556], [76.9495514407754, 43.24357185512781], [76.94954205304384, 43.24357654899359], [76.94953333586454, 43.243577890098095], [76.949526630342, 43.24358057230711], [76.94948974996805, 43.24358057230711], [76.94945488125086, 43.24358258396387], [76.94942001253366, 43.24358191341162], [76.9493992254138, 43.243585266172886], [76.9493905082345, 43.2435879483819]]]}, "properties": {"id": 521, "class": "road", "confidence": 100.0, "source": "Almaty_9", "source_model": "unet-roads", "centroid_wkt": "POINT (76.94946968268948 43.243568486585055)", "bbox": [76.94938983768225, 43.243556432425976, 76.9495614990592, 43.2435879483819], "pixel_bbox": [2816, 7633, 3072, 7680], "area_m2": 37.308}}, {"type": "Feature", "geometry": {"type": "Polygon", "coordinates": [[[76.95393417030573, 43.24357319623232], [76.95392344146967, 43.24357118457556], [76.95391941815615, 43.2435691729188], [76.95391204208136, 43.2435691729188], [76.95390399545431, 43.243567161262035], [76.953892596066, 43.24356649070978], [76.95388924330473, 43.243565149605274], [76.95388656109571, 43.24356246739626], [76.95388521999121, 43.24355777353048], [76.95388857275248, 43.243556432425976], [76.95394154638052, 43.243556432425976], [76.95395093411207, 43.24355777353048], [76.95395093411207, 43.24355911463499], [76.95394825190306, 43.24356112629175], [76.95394959300756, 43.24356313794851], [76.95394892245531, 43.24356649070978], [76.95394556969404, 43.24357118457556], [76.95393417030573, 43.24357319623232]]]}, "properties": {"id": 522, "class": "road", "confidence": 100.0, "source": "Almaty_9", "source_model": "unet-roads", "centroid_wkt": "POINT (76.9539210776206 43.243562794836215)", "bbox": [76.95388521999121, 43.243556432425976, 76.95395093411207, 43.24357319623232], "pixel_bbox": [9520, 7655, 9618, 7680], "area_m2": 7.291}}, {"type": "Feature", "geometry": {"type": "Polygon", "coordinates": [[[76.95256892591715, 43.2435792312026], [76.95254746824503, 43.2435792312026], [76.95253472775221, 43.24357386678457], [76.9525320455432, 43.24357118457556], [76.95253070443869, 43.243567161262035], [76.9525333866477, 43.24356313794851], [76.95253271609545, 43.243559785187244], [76.95252534002066, 43.243559785187244], [76.95252399891615, 43.24355777353048], [76.9525320455432, 43.24355777353048], [76.95253808051348, 43.243556432425976], [76.952587030828, 43.243556432425976], [76.95259105414152, 43.24355777353048], [76.9525883719325, 43.24356112629175], [76.95258904248476, 43.24356582015753], [76.95258434861898, 43.24357118457556], [76.95258099585772, 43.24357185512781], [76.9525783136487, 43.243574537336826], [76.95256892591715, 43.2435792312026]]]}, "properties": {"id": 523, "class": "road", "confidence": 100.0, "source": "Almaty_9", "source_model": "unet-roads", "centroid_wkt": "POINT (76.95255944597972 43.24356627762786)", "bbox": [76.95252399891615, 43.243556432425976, 76.95259105414152, 43.2435792312026], "pixel_bbox": [7490, 7646, 7590, 7680], "area_m2": 10.319}}, {"type": "Feature", "geometry": {"type": "Polygon", "coordinates": [[[76.95590425282717, 43.243590630590916], [76.95588547736406, 43.24358996003866], [76.9558821246028, 43.2435879483819], [76.95587206631899, 43.243585266172886], [76.95586401969194, 43.24358459562063], [76.95585798472166, 43.24358258396387], [76.95585262030363, 43.24358258396387], [76.95584457367659, 43.243579901754856], [76.9558385387063, 43.2435792312026], [76.95583451539278, 43.24357721954584], [76.95582915097475, 43.24357654899359], [76.95582579821348, 43.243574537336826], [76.95582311600447, 43.243574537336826], [76.95581573992968, 43.24356850236654], [76.95581573992968, 43.2435604557395], [76.95581439882517, 43.2435604557395], [76.95581305772066, 43.24355777353048], [76.95581909269094, 43.243556432425976], [76.95591297000647, 43.243556432425976], [76.95591297000647, 43.24358928948641], [76.95590425282717, 43.243590630590916]]]}, "properties": {"id": 524, "class": "road", "confidence": 100.0, "source": "Almaty_9", "source_model": "unet-roads", "centroid_wkt": "POINT (76.9558705836433 43.243570280749246)", "bbox": [76.95581305772066, 43.243556432425976, 76.95591297000647, 43.243590630590916], "pixel_bbox": [12395, 7629, 12544, 7680], "area_m2": 23.818}}, {"type": "Feature", "geometry": {"type": "Polygon", "coordinates": [[[76.95623148232698, 43.2436154410243], [76.95622880011797, 43.24361342936754], [76.95622812956572, 43.24361141771078], [76.95622678846121, 43.24361141771078], [76.95622209459543, 43.24360739439726], [76.95622075349092, 43.243603371083736], [76.95621941238642, 43.24360270053148], [76.95621941238642, 43.243599347770214], [76.95621807128191, 43.24359800666571], [76.95621807128191, 43.24359532445669], [76.9562153890729, 43.24358996003866], [76.95621203631163, 43.24357386678457], [76.95621203631163, 43.24356649070978], [76.9562153890729, 43.2435604557395], [76.95621404796839, 43.24355777353048], [76.95622209459543, 43.243556432425976], [76.95625495165586, 43.24355710297823], [76.95625629276037, 43.24356313794851], [76.95625629276037, 43.24356984347105], [76.95624891668558, 43.243581242859364], [76.95624824613333, 43.243601359426975], [76.95624690502882, 43.243603371083736], [76.95624556392431, 43.243603371083736], [76.95624489337206, 43.24361141771078], [76.95624355226755, 43.24361141771078], [76.95624154061079, 43.243614099919796], [76.95623818784952, 43.2436154410243], [76.95623148232698, 43.2436154410243]]]}, "properties": {"id": 525, "class": "road", "confidence": 100.0, "source": "Almaty_9", "source_model": "unet-roads", "centroid_wkt": "POINT (76.95623370694862 43.24358152198457)", "bbox": [76.95621203631163, 43.243556432425976, 76.95625629276037, 43.2436154410243], "pixel_bbox": [12990, 7592, 13056, 7680], "area_m2": 17.531}}, {"type": "Feature", "geometry": {"type": "Polygon", "coordinates": [[[76.95107560604811, 43.24351217597723], [76.95107225328684, 43.243507482111454], [76.95107158273458, 43.24350882321596], [76.95106957107782, 43.24350882321596], [76.95106822997332, 43.2435068115592], [76.9510655477643, 43.24350547045469], [76.95106018334627, 43.24350479990244], [76.9510554894805, 43.24350010603666], [76.95105347782373, 43.24349541217089], [76.95105347782373, 43.2434893772006], [76.95105079561472, 43.243484012782574], [76.95105079561472, 43.24347730726004], [76.95105347782373, 43.24347194284201], [76.95105750113726, 43.243467919528484], [76.95105750113726, 43.24346657842398], [76.95106085389853, 43.243464566767216], [76.95106487721205, 43.243464566767216], [76.95106755942106, 43.24346322566271], [76.95107828825712, 43.243464566767216], [76.95108365267515, 43.24346859008074], [76.95108566433191, 43.24346859008074], [76.95108968764544, 43.24347261339426], [76.95109102874994, 43.24347261339426], [76.95109102874994, 43.24347395449877], [76.95109639316797, 43.24347663670778], [76.95109639316797, 43.24347797781229], [76.95109773427248, 43.243478648364544], [76.95109907537699, 43.24348200112581], [76.9511004164815, 43.24348133057356], [76.9511004164815, 43.243482671678066], [76.95110309869051, 43.243480660021305], [76.95110309869051, 43.2434793189168], [76.95110376924276, 43.24348133057356], [76.95110578089952, 43.24348200112581], [76.95110645145178, 43.24347730726004], [76.95110645145178, 43.24349004775286], [76.95110578089952, 43.24348870664835], [76.95110376924276, 43.24348870664835], [76.95110309869051, 43.24349071830511], [76.95110242813826, 43.243488036096096], [76.95110108703375, 43.243488036096096], [76.9511004164815, 43.24349071830511], [76.95109907537699, 43.24349004775286], [76.95109907537699, 43.24349205940962], [76.95109639316797, 43.24349272996187], [76.95109572261572, 43.24349608272314], [76.9510930404067, 43.2434980943799], [76.9510930404067, 43.243504129350185], [76.95109102874994, 43.24350882321596], [76.95108968764544, 43.24350882321596], [76.95108968764544, 43.24351016432047], [76.95108767598867, 43.24351016432047], [76.95108700543642, 43.243511505424976], [76.95107560604811, 43.24351217597723]], [[76.95106957107782, 43.243504129350185], [76.95107091218233, 43.243504129350185], [76.95107091218233, 43.243502117693424], [76.95107024163008, 43.243502117693424], [76.95106957107782, 43.243504129350185]]]}, "properties": {"id": 526, "class": "road", "confidence": 100.0, "source": "Almaty_9", "source_model": "unet-roads", "centroid_wkt": "POINT (76.95107584872416 43.24348672706148)", "bbox": [76.95105079561472, 43.24346322566271, 76.95110645145178, 43.24351217597723], "pixel_bbox": [5293, 7746, 5376, 7819], "area_m2": 16.33}}, {"type": "Feature", "geometry": {"type": "Polygon", "coordinates": [[[76.95654664188623, 43.24337672442198], [76.95654530078173, 43.24337538331747], [76.9565412774682, 43.24337471276522], [76.95653859525919, 43.2433720305562], [76.95653859525919, 43.243370689451694], [76.95653457194567, 43.243367336690426], [76.95653457194567, 43.24336599558592], [76.95653323084116, 43.24336599558592], [76.95653390139341, 43.243361972272396], [76.95653188973665, 43.243359960615635], [76.95653188973665, 43.24335727840662], [76.95653323084116, 43.24335593730211], [76.95653725415468, 43.24335392564535], [76.9565399363637, 43.24335392564535], [76.95654194802046, 43.24335191398859], [76.95655066519976, 43.24335191398859], [76.95655535906553, 43.24335392564535], [76.9565587118268, 43.24335727840662], [76.9565587118268, 43.24336398392916], [76.95655602961779, 43.24336666613817], [76.95655670017004, 43.243370689451694], [76.95655535906553, 43.24337337166071], [76.95655066519976, 43.24337672442198], [76.95654664188623, 43.24337672442198]]]}, "properties": {"id": 527, "class": "road", "confidence": 100.0, "source": "Almaty_9", "source_model": "unet-roads", "centroid_wkt": "POINT (76.95654646625098 43.24336300443849)", "bbox": [76.95653188973665, 43.24335191398859, 76.9565587118268, 43.24337672442198], "pixel_bbox": [13467, 7948, 13507, 7985], "area_m2": 4.493}}, {"type": "Feature", "geometry": {"type": "Polygon", "coordinates": [[[76.95639241486788, 43.243367336690426], [76.95637967437506, 43.24336398392916], [76.9563790038228, 43.24336264282465], [76.95637632161379, 43.243361972272396], [76.95637162774801, 43.243356607854366], [76.956368945539, 43.24335124343634], [76.956368945539, 43.243343867361546], [76.95637296885252, 43.24333515018225], [76.9563790038228, 43.24332844465971], [76.95638503879309, 43.24332509189844], [76.95639979094267, 43.24332106858492], [76.95641186088324, 43.24331436306238], [76.95641856640577, 43.24331369251013], [76.95642191916704, 43.24331168085337], [76.95642594248056, 43.24331101030111], [76.95642728358507, 43.24330631643534], [76.95642795413733, 43.24331905692816], [76.95644337683916, 43.243318386375904], [76.95645544677973, 43.24332106858492], [76.95645611733198, 43.243322409689426], [76.956458799541, 43.24332308024168], [76.95645947009325, 43.24332442134619], [76.95646148175001, 43.24332442134619], [76.9564675167203, 43.24332978576422], [76.9564688578248, 43.24332978576422], [76.95647019892931, 43.24333246797323], [76.95647154003382, 43.24333246797323], [76.95647154003382, 43.24333380907774], [76.95647556334734, 43.24333716183901], [76.95647824555635, 43.243341855704784], [76.9564775750041, 43.243349231779575], [76.95647154003382, 43.243354596197605], [76.95646952837706, 43.243354596197605], [76.9564688578248, 43.24335593730211], [76.95646483451128, 43.24335727840662], [76.95646081119776, 43.24335727840662], [76.956458799541, 43.24335861951113], [76.95645544677973, 43.24335861951113], [76.95645343512297, 43.243359960615635], [76.95644605904818, 43.24336063116789], [76.95644270628691, 43.243361972272396], [76.95642862468958, 43.2433633133769], [76.95642795413733, 43.243365325033665], [76.95642527192831, 43.24336465448141], [76.95641856640577, 43.24336666613817], [76.95639241486788, 43.243367336690426]]]}, "properties": {"id": 528, "class": "road", "confidence": 100.0, "source": "Almaty_9", "source_model": "unet-roads", "centroid_wkt": "POINT (76.95642161819407 43.24334163831376)", "bbox": [76.956368945539, 43.24330631643534, 76.95647824555635, 43.243367336690426], "pixel_bbox": [13224, 7962, 13387, 8053], "area_m2": 38.967}}, {"type": "Feature", "geometry": {"type": "Polygon", "coordinates": [[[76.95019919425249, 43.24333179742098], [76.95019248872995, 43.24332978576422], [76.95019047707319, 43.24332643300295], [76.95019114762545, 43.24331436306238], [76.95019718259573, 43.243307657539845], [76.95019852370024, 43.243307657539845], [76.95019986480474, 43.24330564588308], [76.95020254701376, 43.24330564588308], [76.95020589977503, 43.24330363422632], [76.95021327584982, 43.24330296367407], [76.95022065192461, 43.243304304778576], [76.95022735744715, 43.2433083280921], [76.95022936910391, 43.24331436306238], [76.95022735744715, 43.243320398032665], [76.95022333413363, 43.24332442134619], [76.95022065192461, 43.24332509189844], [76.95022065192461, 43.24332643300295], [76.95021327584982, 43.24333045631647], [76.95020724087954, 43.24333179742098], [76.95019919425249, 43.24333179742098]]]}, "properties": {"id": 529, "class": "road", "confidence": 100.0, "source": "Almaty_9", "source_model": "unet-roads", "centroid_wkt": "POINT (76.95020938027304 43.24331715119871)", "bbox": [76.95019047707319, 43.24330296367407, 76.95022936910391, 43.24333179742098], "pixel_bbox": [4010, 8015, 4068, 8058], "area_m2": 7.776}}, {"type": "Feature", "geometry": {"type": "Polygon", "coordinates": [[[76.95151347666979, 43.2434256747365], [76.95150945335627, 43.24342433363199], [76.9515074416995, 43.24342232197523], [76.9515074416995, 43.24341896921396], [76.951506100595, 43.243417628109455], [76.95150543004274, 43.24341360479593], [76.951506100595, 43.243401534855366], [76.9515074416995, 43.2433981820941], [76.9515074416995, 43.2433894649148], [76.95150878280401, 43.24338611215353], [76.9515074416995, 43.24338477104902], [76.9515074416995, 43.24337471276522], [76.95150878280401, 43.24337136000395], [76.95150878280401, 43.24336264282465], [76.95151012390852, 43.24336130172014], [76.95151079446077, 43.24335593730211], [76.9515148177743, 43.24334587901831], [76.95151682943106, 43.2433445379138], [76.95151682943106, 43.24334319680929], [76.95151884108782, 43.243341855704784], [76.95151884108782, 43.24334051460028], [76.95152286440134, 43.2433358207345], [76.95152554661036, 43.243329115211964], [76.95152688771486, 43.24332844465971], [76.95152755826712, 43.24332509189844], [76.95152889937162, 43.24332442134619], [76.9515335932374, 43.243315033614635], [76.95153694599867, 43.24331101030111], [76.95154096931219, 43.243298940360546], [76.9515423104167, 43.24329826980829], [76.9515436515212, 43.243294917047024], [76.95154834538698, 43.24329022318125], [76.95155303925276, 43.24328821152449], [76.95155639201403, 43.24328821152449], [76.95156041532755, 43.2432908937335], [76.95156309753656, 43.24329759925604], [76.95156376808882, 43.243307657539845], [76.95156242698431, 43.24331101030111], [76.95156242698431, 43.243315033614635], [76.95156443864107, 43.24331771582365], [76.95156510919333, 43.24332308024168], [76.95156779140234, 43.243325762450695], [76.95156779140234, 43.2433271035552], [76.95157114416361, 43.24332978576422], [76.95157181471586, 43.24333246797323], [76.95157717913389, 43.24333716183901], [76.95157784968615, 43.24334319680929], [76.95157919079065, 43.24334319680929], [76.95158187299967, 43.24334654957056], [76.95158321410418, 43.24334654957056], [76.95158321410418, 43.24334789067507], [76.95158455520868, 43.24334789067507], [76.95158790796995, 43.24335191398859], [76.95158924907446, 43.24335191398859], [76.95158991962671, 43.2433532550931], [76.95159461349249, 43.2433532550931], [76.9515972957015, 43.24335191398859], [76.95160735398531, 43.243338502943516], [76.95161137729883, 43.243336491286755], [76.95161674171686, 43.24333716183901], [76.95161808282137, 43.24333447962999], [76.95161942392588, 43.2433358207345], [76.95161942392588, 43.24333447962999], [76.95162076503038, 43.24333447962999], [76.95162143558264, 43.243333138525486], [76.95162143558264, 43.243406899273396], [76.95162009447813, 43.24340287595987], [76.95161741226912, 43.24340354651213], [76.95161674171686, 43.24340220540762], [76.95161003619432, 43.24340019375086], [76.95160735398531, 43.24339751154184], [76.95160064846277, 43.243394158780575], [76.95159327238798, 43.243385441601276], [76.9515872374177, 43.24338477104902], [76.9515872374177, 43.243383429944515], [76.95157784968615, 43.24338007718325], [76.95157114416361, 43.24338007718325], [76.95156779140234, 43.243381418287754], [76.95156712085009, 43.24338275939226], [76.95156510919333, 43.24338275939226], [76.95156577974558, 43.24338410049677], [76.95156913250685, 43.24338477104902], [76.95154633373022, 43.243385441601276], [76.95154566317797, 43.24338745325804], [76.95154029875994, 43.24339147657156], [76.95153761655092, 43.24339684098959], [76.95153761655092, 43.24339885264635], [76.95153627544641, 43.24340019375086], [76.95153627544641, 43.24340891093016], [76.95153225213289, 43.24341896921396], [76.95152755826712, 43.243422992527485], [76.95152420550585, 43.24342366307974], [76.95152286440134, 43.243425004184246], [76.95151347666979, 43.2434256747365]]]}, "properties": {"id": 530, "class": "road", "confidence": 100.0, "source": "Almaty_9", "source_model": "unet-roads", "centroid_wkt": "POINT (76.95155763559998 43.24336118901592)", "bbox": [76.95150543004274, 43.24328821152449, 76.95162143558264, 43.2434256747365], "pixel_bbox": [5971, 7875, 6144, 8080], "area_m2": 70.974}}, {"type": "Feature", "geometry": {"type": "Polygon", "coordinates": [[[76.9516247883439, 43.24338477104902], [76.95163082331419, 43.243383429944515], [76.95162948220968, 43.24338275939226], [76.95162948220968, 43.243381418287754], [76.95162814110518, 43.243381418287754], [76.95162948220968, 43.24338007718325], [76.95162747055292, 43.24337538331747], [76.95162814110518, 43.24337001889944], [76.95163015276194, 43.24336867779493], [76.95163283497095, 43.243361972272396], [76.95163417607546, 43.243361972272396], [76.95163954049349, 43.24335124343634], [76.951640881598, 43.24333917349577], [76.9516422227025, 43.24333716183901], [76.95164356380701, 43.24333045631647], [76.95164490491152, 43.24331168085337], [76.95164624601603, 43.24330497533083], [76.95164758712053, 43.24330363422632], [76.95164825767279, 43.243294917047024], [76.95165026932955, 43.243293575942516], [76.9516509398818, 43.2432908937335], [76.95165295153856, 43.24328888207674], [76.95165429264307, 43.24328888207674], [76.95165496319532, 43.243286199867725], [76.95165630429983, 43.24328552931547], [76.95165697485209, 43.24328150600195], [76.95165831595659, 43.24328150600195], [76.9516596570611, 43.243278823792934], [76.95166099816561, 43.243278823792934], [76.95166099816561, 43.24327748268843], [76.95166233927011, 43.24327748268843], [76.95166368037462, 43.243275471031666], [76.9516683742404, 43.24327278882265], [76.95167507976294, 43.24327412992716], [76.95167507976294, 43.243275471031666], [76.95167910307646, 43.24327815324068], [76.95167642086744, 43.24328351765871], [76.9516770914197, 43.24328821152449], [76.95167507976294, 43.24328888207674], [76.95167642086744, 43.24329223483801], [76.95167642086744, 43.243300281465054], [76.95167440921068, 43.24330363422632], [76.95167440921068, 43.243309669196606], [76.95167038589716, 43.243315033614635], [76.9516683742404, 43.2433271035552], [76.95166435092688, 43.24332978576422], [76.95166435092688, 43.2433358207345], [76.95166233927011, 43.243338502943516], [76.95166300982237, 43.243341855704784], [76.95166099816561, 43.243343867361546], [76.95166368037462, 43.24335191398859], [76.95166233927011, 43.243357948958874], [76.95166368037462, 43.243359960615635], [76.95166368037462, 43.24336264282465], [76.95166502147913, 43.24336398392916], [76.95166233927011, 43.243376053869724], [76.95165831595659, 43.243381418287754], [76.95165362209082, 43.243383429944515], [76.95165429264307, 43.24338477104902], [76.9516247883439, 43.24338477104902]]]}, "properties": {"id": 531, "class": "road", "confidence": 100.0, "source": "Almaty_9", "source_model": "unet-roads", "centroid_wkt": "POINT (76.95165491149135 43.243332560891936)", "bbox": [76.9516247883439, 43.24327278882265, 76.95167910307646, 43.24338477104902], "pixel_bbox": [6149, 7936, 6230, 8103], "area_m2": 25.656}}, {"type": "Feature", "geometry": {"type": "Polygon", "coordinates": [[[76.95645075291395, 43.24328284710646], [76.95644337683916, 43.24328150600195], [76.9564413651824, 43.24327949434519], [76.95643533021212, 43.24327815324068], [76.9564326480031, 43.24327614158392], [76.95642996579409, 43.24327144771814], [76.95642862468958, 43.24327144771814], [76.95642795413733, 43.243273459374905], [76.95642795413733, 43.24328016489744], [76.95642527192831, 43.24327681213617], [76.9564239308238, 43.24327748268843], [76.95641722530127, 43.243275471031666], [76.95641655474901, 43.24327412992716], [76.95641320198774, 43.24327278882265], [76.95640917867422, 43.243268094956875], [76.95640783756971, 43.2432634010911], [76.95640917867422, 43.243255354464054], [76.95641186088324, 43.24325267225504], [76.95641722530127, 43.243249990046024], [76.9564239308238, 43.24324931949377], [76.9564239308238, 43.24324797838926], [76.95642728358507, 43.24324864894152], [76.95642795413733, 43.2432459667325], [76.95642862468958, 43.24326675385237], [76.95643063634634, 43.24326541274786], [76.95643197745085, 43.243262730538845], [76.95643465965986, 43.243262730538845], [76.95643935352564, 43.24326407164335], [76.95644069463015, 43.2432634010911], [76.9564514234662, 43.243268094956875], [76.95645611733198, 43.2432721182704], [76.95645745843649, 43.243280835449696], [76.95645611733198, 43.2432821765542], [76.95645075291395, 43.24328284710646]], [[76.95642862468958, 43.24326876550913], [76.95642929524183, 43.24326943606138], [76.95642929524183, 43.24326876550913], [76.95642862468958, 43.24326876550913]]]}, "properties": {"id": 532, "class": "road", "confidence": 100.0, "source": "Almaty_9", "source_model": "unet-roads", "centroid_wkt": "POINT (76.9564305027627 43.24326695997352)", "bbox": [76.95640783756971, 43.2432459667325, 76.95645745843649, 43.24328284710646], "pixel_bbox": [13282, 8088, 13356, 8143], "area_m2": 7.832}}, {"type": "Feature", "geometry": {"type": "Polygon", "coordinates": [[[76.95316839963198, 43.24321310967207], [76.95316638797522, 43.24321109801531], [76.95316705852747, 43.243199698626995], [76.95317041128874, 43.243199698626995], [76.9531724229455, 43.24319701641798], [76.9531898573041, 43.24319902807474], [76.95320058614016, 43.24320372194052], [76.95321399718523, 43.24320372194052], [76.95321802049875, 43.24320238083601], [76.9532274082303, 43.243201710283756], [76.95323545485735, 43.24319902807474], [76.95324148982763, 43.24319902807474], [76.95324618369341, 43.24319701641798], [76.95325087755919, 43.24319701641798], [76.95325423032045, 43.24319835752249], [76.95325624197721, 43.243197686970234], [76.95325758308172, 43.24319902807474], [76.95326093584299, 43.243199698626995], [76.95326630026102, 43.243207074701786], [76.95326562970877, 43.24320908635855], [76.95326093584299, 43.24320908635855], [76.9532622769475, 43.2432097569108], [76.95326160639524, 43.24321109801531], [76.95326294749975, 43.243212439119816], [76.95325624197721, 43.24321310967207], [76.95316839963198, 43.24321310967207]]]}, "properties": {"id": 533, "class": "road", "confidence": 100.0, "source": "Almaty_9", "source_model": "unet-roads", "centroid_wkt": "POINT (76.95321591543532 43.243206091442)", "bbox": [76.95316638797522, 43.24319701641798, 76.95326630026102, 43.24321310967207], "pixel_bbox": [8448, 8192, 8597, 8216], "area_m2": 11.291}}, {"type": "Feature", "geometry": {"type": "Polygon", "coordinates": [[[76.95167038589716, 43.24322249740362], [76.9516697153449, 43.24322048574686], [76.9516683742404, 43.24322048574686], [76.95166569203138, 43.24321378022432], [76.95166300982237, 43.24321310967207], [76.95166435092688, 43.243212439119816], [76.95166435092688, 43.24321109801531], [76.95166233927011, 43.24320908635855], [76.95166233927011, 43.243207074701786], [76.95166099816561, 43.243207074701786], [76.9516596570611, 43.24318829923868], [76.95166099816561, 43.24318293482065], [76.95166435092688, 43.24317891150713], [76.95166435092688, 43.24317757040262], [76.95166569203138, 43.24317757040262], [76.95166569203138, 43.243176229298115], [76.95167038589716, 43.2431735470891], [76.95167642086744, 43.2431735470891], [76.95167977362871, 43.24317488819361], [76.95167977362871, 43.243176229298115], [76.95168178528547, 43.24317757040262], [76.95168312638998, 43.2431822642684], [76.95168446749449, 43.24318293482065], [76.95168446749449, 43.24319031089544], [76.951685808599, 43.2431909814477], [76.95168647915125, 43.24319366365671], [76.95168513804674, 43.24319500476122], [76.95168513804674, 43.243199698626995], [76.95168178528547, 43.2432010397315], [76.95168379694223, 43.243205063045025], [76.95168178528547, 43.243207074701786], [76.95168245583773, 43.2432097569108], [76.95167977362871, 43.24321109801531], [76.95167977362871, 43.243212439119816], [76.95168111473322, 43.243212439119816], [76.95167977362871, 43.24321310967207], [76.95168044418097, 43.24321512132883], [76.95167910307646, 43.24321646243334], [76.95167575031519, 43.24321512132883], [76.95167575031519, 43.2432184740901], [76.95167306810617, 43.24322048574686], [76.95167373865843, 43.24322182685137], [76.95167038589716, 43.24322249740362]]]}, "properties": {"id": 534, "class": "road", "confidence": 100.0, "source": "Almaty_9", "source_model": "unet-roads", "centroid_wkt": "POINT (76.95167278782631 43.2431954664418)", "bbox": [76.9516596570611, 43.2431735470891, 76.95168647915125, 43.24322249740362], "pixel_bbox": [6201, 8178, 6241, 8251], "area_m2": 8.344}}, {"type": "Feature", "geometry": {"type": "Polygon", "coordinates": [[[76.95307653397322, 43.2431909814477], [76.95305842906237, 43.24318829923868], [76.95305708795786, 43.243186958134174], [76.95305105298758, 43.24318561702967], [76.95304837077856, 43.243183605372906], [76.95304099470377, 43.24318293482065], [76.95303831249475, 43.24318092316389], [76.95303563028574, 43.24318092316389], [76.95303428918123, 43.24317958205938], [76.95302959531546, 43.243178240954876], [76.9530289247632, 43.24317689985037], [76.95302288979292, 43.24317555874586], [76.95302221924067, 43.243174217641354], [76.95301953703165, 43.2431735470891], [76.95301551371813, 43.24317488819361], [76.95301350206137, 43.24317689985037], [76.95299606770277, 43.24317689985037], [76.95299472659826, 43.243170864880085], [76.95299539715052, 43.24311252683401], [76.95300076156855, 43.24311252683401], [76.95300344377756, 43.243111185729504], [76.95300813764334, 43.243111185729504], [76.95301216095686, 43.243109844624996], [76.95301819592714, 43.243109844624996], [76.95302288979292, 43.243107832968235], [76.95303227752447, 43.24310716241598], [76.95304300636053, 43.24310380965471], [76.9530477002263, 43.24310380965471], [76.95305172353983, 43.243102468550205], [76.95307988673449, 43.24310179799795], [76.95309463888407, 43.243105821311474], [76.95310737937689, 43.24310649186373], [76.95311073213816, 43.243107832968235], [76.95311944931746, 43.24310850352049], [76.95312414318323, 43.24311051517725], [76.95313487201929, 43.24311185628176], [76.95314023643732, 43.243113197386265], [76.95314157754183, 43.24311453849077], [76.95315297693014, 43.24311655014753], [76.95315565913916, 43.243118561804295], [76.95316035300493, 43.2431199029088], [76.95316102355719, 43.24312124401331], [76.9531637057662, 43.24312124401331], [76.95316638797522, 43.243118561804295], [76.95316638797522, 43.24315074831247], [76.95316504687071, 43.24315074831247], [76.95316437631845, 43.243149407207966], [76.95315901190042, 43.24315208941698], [76.9531462714076, 43.24315074831247], [76.95314358919859, 43.24315208941698], [76.9531362131238, 43.243152759969234], [76.95312950760126, 43.2431561127305], [76.9531274959445, 43.2431561127305], [76.95312682539225, 43.24315745383501], [76.95312079042196, 43.24315879493952], [76.9531174376607, 43.24316147714853], [76.95311408489943, 43.243168853223324], [76.95311676710844, 43.24317488819361], [76.95311676710844, 43.243181593716145], [76.95311341434717, 43.24318628758192], [76.95310939103365, 43.24318829923868], [76.95310201495886, 43.24318829923868], [76.95309597998857, 43.24319031089544], [76.95307653397322, 43.2431909814477]]]}, "properties": {"id": 535, "class": "road", "confidence": 100.0, "source": "Almaty_9", "source_model": "unet-roads", "centroid_wkt": "POINT (76.95307292058072 43.24314290198228)", "bbox": [76.95299472659826, 43.24310179799795, 76.95316638797522, 43.2431909814477], "pixel_bbox": [8192, 8225, 8448, 8358], "area_m2": 103.229}}, {"type": "Feature", "geometry": {"type": "Polygon", "coordinates": [[[76.95285458117723, 43.24311386793852], [76.95284251123667, 43.243113197386265], [76.95283513516188, 43.24310850352049], [76.95283513516188, 43.243105821311474], [76.95283714681864, 43.243105821311474], [76.95283781737089, 43.243102468550205], [76.95284385234118, 43.243102468550205], [76.95284653455019, 43.24310179799795], [76.95284720510244, 43.243100456893444], [76.95285458117723, 43.243100456893444], [76.95285927504301, 43.243102468550205], [76.95285994559526, 43.243104480206966], [76.95286128669977, 43.243104480206966], [76.95286195725203, 43.24310850352049], [76.9528579339385, 43.24311252683401], [76.95285458117723, 43.24311386793852]]]}, "properties": {"id": 536, "class": "road", "confidence": 100.0, "source": "Almaty_9", "source_model": "unet-roads", "centroid_wkt": "POINT (76.95284945454763 43.24310689293478)", "bbox": [76.95283513516188, 43.243100456893444, 76.95286195725203, 43.24311386793852], "pixel_bbox": [7954, 8340, 7994, 8360], "area_m2": 2.446}}, {"type": "Feature", "geometry": {"type": "Polygon", "coordinates": [[[76.95168111473322, 43.24312124401331], [76.95167507976294, 43.243115209043026], [76.95167373865843, 43.243111185729504], [76.95167172700167, 43.24310917407274], [76.95167105644941, 43.24309576302767], [76.95167306810617, 43.243091739714146], [76.95167306810617, 43.24308905750513], [76.95167440921068, 43.24308838695288], [76.95167440921068, 43.243086375296116], [76.95167776197195, 43.24308235198259], [76.95168312638998, 43.24307966977358], [76.95168916136026, 43.24307966977358], [76.95169184356928, 43.24308168143034], [76.95169519633055, 43.24308235198259], [76.95169787853956, 43.24308503419161], [76.95169787853956, 43.243095092475414], [76.95169653743505, 43.243097104132175], [76.95169720798731, 43.24310313910246], [76.9516945257783, 43.24310716241598], [76.9516945257783, 43.24311185628176], [76.95168983191252, 43.24311655014753], [76.95168983191252, 43.24311789125204], [76.95168513804674, 43.24312124401331], [76.95168111473322, 43.24312124401331]]]}, "properties": {"id": 537, "class": "road", "confidence": 100.0, "source": "Almaty_9", "source_model": "unet-roads", "centroid_wkt": "POINT (76.95168487358801 43.24309899168377)", "bbox": [76.95167105644941, 43.24307966977358, 76.95169787853956, 43.24312124401331], "pixel_bbox": [6218, 8329, 6258, 8391], "area_m2": 7.786}}, {"type": "Feature", "geometry": {"type": "Polygon", "coordinates": [[[76.95515591651201, 43.24316684156656], [76.9551357999444, 43.24316214770079], [76.95512238889933, 43.24315544217825], [76.95511434227228, 43.24315343052149], [76.95510897785425, 43.24315074831247], [76.95510629564524, 43.24314806610346], [76.95510227233171, 43.24314672499895], [76.95509623736143, 43.24313934892416], [76.95509489625692, 43.24313934892416], [76.95508752018213, 43.24313264340162], [76.95508282631636, 43.243131302297115], [76.9550808146596, 43.243129290640354], [76.95507276803255, 43.24312727898359], [76.95506270974874, 43.24312660843134], [76.95505600422621, 43.2431286200881], [76.9550546631217, 43.24312191456556], [76.9550546631217, 43.243086375296116], [76.95505600422621, 43.24307296425104], [76.95505667477846, 43.2430749759078], [76.95505734533072, 43.243073634803295], [76.95505801588297, 43.2430749759078], [76.95506405085325, 43.2430749759078], [76.95507410913706, 43.24306961148977], [76.95508617907763, 43.24306961148977], [76.95510495454073, 43.243075646460056], [76.95510897785425, 43.24307966977358], [76.95511568337679, 43.243081010878086], [76.95512305945158, 43.24308704584837], [76.95512507110834, 43.24308704584837], [76.95512842386961, 43.24308905750513], [76.9551344588399, 43.243089728057384], [76.95513714104891, 43.243091739714146], [76.95514049381018, 43.2430924102664], [76.95516865700483, 43.24309375137091], [76.95517737418413, 43.24309643357992], [76.95517804473639, 43.24309777468443], [76.95518206804991, 43.24309911578894], [76.95518273860216, 43.2431011274457], [76.95518407970667, 43.2431011274457], [76.95518542081118, 43.243105821311474], [76.95518810302019, 43.24310850352049], [76.95518810302019, 43.2431199029088], [76.95518340915442, 43.243123926222324], [76.95518273860216, 43.24312660843134], [76.9551807269454, 43.24312727898359], [76.95517871528864, 43.243129290640354], [76.95517871528864, 43.24313063174486], [76.95517603307962, 43.24313063174486], [76.95517536252737, 43.243129290640354], [76.95517133921385, 43.2431286200881], [76.9551632925868, 43.24311923235655], [76.95515859872103, 43.24311722069979], [76.95515792816877, 43.24311587959528], [76.955153234303, 43.24311386793852], [76.9551458582282, 43.24311252683401], [76.9551445171237, 43.24311051517725], [76.95514250546694, 43.24311051517725], [76.95514116436243, 43.24310917407274], [76.95512976497412, 43.24310917407274], [76.95512909442186, 43.24311051517725], [76.95512037724257, 43.24311185628176], [76.9551183655858, 43.24311453849077], [76.9551183655858, 43.24311722069979], [76.95511568337679, 43.243120573461056], [76.95511501282454, 43.24312526732683], [76.9551170244813, 43.24312794953585], [76.9551170244813, 43.24313063174486], [76.95511903613806, 43.24313197284937], [76.95511970669031, 43.24313398450613], [76.95512507110834, 43.243136666715145], [76.95514786988497, 43.24313934892416], [76.95516597479582, 43.24313934892416], [76.95516999810934, 43.2431373372674], [76.9551706686616, 43.24313599616289], [76.95517335087061, 43.24313599616289], [76.95517469197512, 43.2431373372674], [76.95517469197512, 43.24313934892416], [76.95517737418413, 43.24314337223768], [76.95517737418413, 43.24314873665571], [76.95517871528864, 43.243149407207966], [76.95517871528864, 43.2431561127305], [76.95517737418413, 43.24315678328276], [76.95517603307962, 43.243160136044025], [76.95517133921385, 43.24316415935755], [76.95516932755709, 43.24316415935755], [76.95516396313906, 43.24316684156656], [76.95515591651201, 43.24316684156656]]]}, "properties": {"id": 538, "class": "road", "confidence": 100.0, "source": "Almaty_9", "source_model": "unet-roads", "centroid_wkt": "POINT (76.95511692976385 43.243114661567716)", "bbox": [76.9550546631217, 43.24306961148977, 76.95518810302019, 43.24316684156656], "pixel_bbox": [11264, 8261, 11463, 8406], "area_m2": 63.858}}, {"type": "Feature", "geometry": {"type": "Polygon", "coordinates": [[[76.95402469485998, 43.24306223541498], [76.95402469485998, 43.243041448295116], [76.95406090468168, 43.243041448295116], [76.95407431572676, 43.243042789399624], [76.95407230407, 43.243044801056385], [76.95406761020422, 43.24304614216089], [76.95406761020422, 43.2430474832654], [76.95407096296549, 43.24305083602667], [76.95406962186098, 43.243052177131176], [76.95406761020422, 43.243052177131176], [76.95406626909971, 43.24305083602667], [76.95406425744295, 43.24305150657892], [76.9540635868907, 43.2430562004447], [76.95405688136816, 43.2430562004447], [76.95405218750238, 43.24305955320597], [76.95404078811407, 43.24306223541498], [76.95402469485998, 43.24306223541498]]]}, "properties": {"id": 539, "class": "road", "confidence": 100.0, "source": "Almaty_9", "source_model": "unet-roads", "centroid_wkt": "POINT (76.95404518911343 43.243050316176955)", "bbox": [76.95402469485998, 43.243041448295116, 76.95407431572676, 43.24306223541498], "pixel_bbox": [9728, 8417, 9802, 8448], "area_m2": 7.195}}, {"type": "Feature", "geometry": {"type": "Polygon", "coordinates": [[[76.94968152791262, 43.24312191456556], [76.9496701285243, 43.24312191456556], [76.94966610521078, 43.24311655014753], [76.94966744631529, 43.24309375137091], [76.94966543465853, 43.243089728057384], [76.9496600702405, 43.243084363639355], [76.94965202361345, 43.24308034032583], [76.94965068250895, 43.24307832866907], [76.9496412947774, 43.24307430535555], [76.94962855428457, 43.24306424707174], [76.94962855428457, 43.243062905967236], [76.94962587207556, 43.243060894310474], [76.9496238604188, 43.24305485934019], [76.94962453097105, 43.243046812713146], [76.94962587207556, 43.24304547160864], [76.94962654262781, 43.24304211884737], [76.94969359785318, 43.243041448295116], [76.9496976211667, 43.243042789399624], [76.94969560950994, 43.243046812713146], [76.94969695061445, 43.2430474832654], [76.9496976211667, 43.24305083602667], [76.94969896227121, 43.243052177131176], [76.94969896227121, 43.2430562004447], [76.94970164448023, 43.243064917624], [76.94970164448023, 43.24308302253485], [76.94969829171896, 43.24309777468443], [76.94969091564417, 43.24311386793852], [76.94968622177839, 43.24311923235655], [76.94968152791262, 43.24312191456556]]]}, "properties": {"id": 540, "class": "road", "confidence": 100.0, "source": "Almaty_9", "source_model": "unet-roads", "centroid_wkt": "POINT (76.9496704837306 43.24307203834989)", "bbox": [76.9496238604188, 43.243041448295116, 76.94970164448023, 43.24312191456556], "pixel_bbox": [3165, 8328, 3281, 8448], "area_m2": 35.127}}, {"type": "Feature", "geometry": {"type": "Polygon", "coordinates": [[[76.95365522056818, 43.243041448295116], [76.95357408374548, 43.24304077774286], [76.95357609540224, 43.2430387660861], [76.9535693898797, 43.243037424981594], [76.9535693898797, 43.24303608387709], [76.9535680487752, 43.24303608387709], [76.9535680487752, 43.24302937835455], [76.95357006043196, 43.24302535504103], [76.95357542484999, 43.24302066117525], [76.953578107059, 43.243019990623], [76.95357877761126, 43.24301864951849], [76.95358414202929, 43.243017978966236], [76.95358883589506, 43.243015967309475], [76.95361632853746, 43.24301663786173], [76.95362102240324, 43.24301462620497], [76.95362772792578, 43.243013955652714], [76.95362839847803, 43.243012614548206], [76.95363510400057, 43.24300993233919], [76.95364449173212, 43.24300993233919], [76.95364784449339, 43.243012614548206], [76.95365253835917, 43.243013955652714], [76.95365522056818, 43.24301663786173], [76.95365522056818, 43.24301864951849], [76.9536579027772, 43.24302200227976], [76.9536579027772, 43.24302468448877], [76.95365991443396, 43.243026696145535], [76.95365991443396, 43.24302937835455], [76.9536579027772, 43.24303139001131], [76.9536579027772, 43.24303608387709], [76.95365656167269, 43.24303608387709], [76.95365656167269, 43.24303809553385], [76.9536579027772, 43.24303809553385], [76.9536579027772, 43.243039436638355], [76.95365991443396, 43.24304010719061], [76.95365522056818, 43.243041448295116]]]}, "properties": {"id": 541, "class": "road", "confidence": 100.0, "source": "Almaty_9", "source_model": "unet-roads", "centroid_wkt": "POINT (76.95361693753694 43.243027680368264)", "bbox": [76.9535680487752, 43.24300993233919, 76.95365991443396, 43.243041448295116], "pixel_bbox": [9047, 8448, 9184, 8495], "area_m2": 20.42}}, {"type": "Feature", "geometry": {"type": "Polygon", "coordinates": [[[76.95544559508562, 43.243041448295116], [76.95544492453337, 43.24303809553385], [76.95544693619013, 43.24303675442934], [76.95544760674238, 43.2430300489068], [76.95544827729464, 43.24302803725004], [76.95544961839914, 43.24302803725004], [76.95544894784689, 43.243021331727505], [76.9554516300559, 43.243019320070744], [76.9554502889514, 43.24301730841398], [76.9554502889514, 43.243013955652714], [76.95545095950365, 43.243012614548206], [76.95545230060816, 43.243012614548206], [76.9554516300559, 43.243008591234684], [76.95545297116041, 43.243003226816654], [76.95545632392168, 43.242999874055386], [76.95546638220549, 43.242999874055386], [76.95546973496675, 43.24300121515989], [76.95546973496675, 43.2430025562644], [76.95547241717577, 43.24300389736891], [76.95547241717577, 43.243005238473415], [76.95547644048929, 43.24300993233919], [76.9554777815938, 43.243017978966236], [76.9554791226983, 43.24301864951849], [76.9554791226983, 43.243021331727505], [76.9554777815938, 43.24302267283201], [76.95547644048929, 43.243028707802296], [76.95547644048929, 43.24303675442934], [76.9554777815938, 43.243037424981594], [76.9554791226983, 43.24304077774286], [76.95544559508562, 43.243041448295116]]]}, "properties": {"id": 542, "class": "road", "confidence": 100.0, "source": "Almaty_9", "source_model": "unet-roads", "centroid_wkt": "POINT (76.95546325558117 43.24302210096402)", "bbox": [76.95544492453337, 43.242999874055386, 76.9554791226983, 43.243041448295116], "pixel_bbox": [11846, 8448, 11897, 8510], "area_m2": 9.78}}, {"type": "Feature", "geometry": {"type": "Polygon", "coordinates": [[[76.94990616291761, 43.24290331453085], [76.94990549236536, 43.242873810231686], [76.94990683346987, 43.24287246912718], [76.94990683346987, 43.242873810231686], [76.94990817457438, 43.24287313967943], [76.94990951567888, 43.24287582188845], [76.94991488009691, 43.24287850409746], [76.94991689175367, 43.24287850409746], [76.94991756230593, 43.24288051575422], [76.94991957396269, 43.24288118630648], [76.94992024451494, 43.24288319796324], [76.94992158561945, 43.24288319796324], [76.94992292672396, 43.24288588017225], [76.94992292672396, 43.242891915142536], [76.94992158561945, 43.242895267903805], [76.94991957396269, 43.24289660900831], [76.94991555064917, 43.24289660900831], [76.94991420954466, 43.242895267903805], [76.9499121978879, 43.242895267903805], [76.94991152733564, 43.242897279560566], [76.94990951567888, 43.24289795011282], [76.94990951567888, 43.24289929121733], [76.94990817457438, 43.24289996176958], [76.94990817457438, 43.242902643978596], [76.94990683346987, 43.24290197342634], [76.94990616291761, 43.24290331453085]]]}, "properties": {"id": 543, "class": "road", "confidence": 100.0, "source": "Almaty_9", "source_model": "unet-roads", "centroid_wkt": "POINT (76.94991329797624 43.24288716691397)", "bbox": [76.94990549236536, 43.24287246912718, 76.94992292672396, 43.24290331453085], "pixel_bbox": [3585, 8654, 3611, 8700], "area_m2": 2.915}}, {"type": "Feature", "geometry": {"type": "Polygon", "coordinates": [[[76.94822508841753, 43.24288386851549], [76.9482197239995, 43.24288185685873], [76.9482197239995, 43.24288051575422], [76.94821771234274, 43.242879174649715], [76.94821771234274, 43.242877162992954], [76.94821905344725, 43.24287582188845], [76.94822508841753, 43.24287448078394], [76.94822106510401, 43.24287313967943], [76.94822039455175, 43.24287112802267], [76.94823782891035, 43.24287112802267], [76.94823648780584, 43.24287246912718], [76.94823045283556, 43.24287313967943], [76.9482297822833, 43.24287448078394], [76.94823581725359, 43.24287582188845], [76.94823581725359, 43.24288185685873], [76.94823179394007, 43.24288386851549], [76.94822508841753, 43.24288386851549]]]}, "properties": {"id": 544, "class": "road", "confidence": 100.0, "source": "Almaty_9", "source_model": "unet-roads", "centroid_wkt": "POINT (76.94822781350426 43.242877274475035)", "bbox": [76.94821771234274, 43.24287112802267, 76.94823782891035, 43.24288386851549], "pixel_bbox": [1068, 8683, 1098, 8702], "area_m2": 1.639}}, {"type": "Feature", "geometry": {"type": "Polygon", "coordinates": [[[76.94970432668924, 43.24297238141298], [76.94969963282347, 43.24296969920397], [76.94969829171896, 43.24296433478594], [76.94970030337572, 43.242945559322834], [76.94970231503248, 43.24294354766607], [76.94970298558474, 43.24293952435255], [76.94970566779375, 43.242936842143536], [76.94970566779375, 43.24293281883001], [76.94970700889826, 43.24293080717325], [76.94970700889826, 43.24292007833719], [76.94970566779375, 43.242918737232685], [76.94970432668924, 43.24291203171015], [76.94970298558474, 43.24291203171015], [76.94970298558474, 43.24291069060564], [76.94970164448023, 43.24291069060564], [76.94970030337572, 43.242908008396626], [76.94969225674868, 43.24290733784437], [76.94969091564417, 43.24290465563536], [76.94968823343515, 43.2429039850831], [76.9496875628829, 43.242902643978596], [76.94968622177839, 43.242902643978596], [76.94968085736036, 43.24289862066507], [76.94968152791262, 43.24289660900831], [76.94968018680811, 43.242895267903805], [76.94967951625586, 43.242884539067745], [76.94968152791262, 43.24287984520197], [76.94968689233065, 43.24287448078394], [76.94968823343515, 43.24287112802267], [76.94969091564417, 43.24287045747042], [76.94971974939108, 43.24286978691816], [76.94972578436136, 43.24287112802267], [76.94972578436136, 43.24287515133619], [76.94972779601812, 43.2428764924407], [76.94972846657038, 43.24287515133619], [76.94972980767488, 43.24287515133619], [76.94973047822714, 43.242871798574924], [76.9497324898839, 43.242871798574924], [76.94973316043615, 43.24297171086073], [76.94973114877939, 43.24296969920397], [76.94973114877939, 43.24296835809946], [76.94972980767488, 43.24297036975622], [76.94972846657038, 43.24296701699495], [76.94972712546587, 43.24296701699495], [76.94972511380911, 43.24296835809946], [76.94971773773432, 43.24296969920397], [76.94971639662981, 43.242971040308475], [76.94970700889826, 43.242971040308475], [76.94970700889826, 43.24297238141298], [76.94970432668924, 43.24297238141298]]]}, "properties": {"id": 545, "class": "road", "confidence": 100.0, "source": "Almaty_9", "source_model": "unet-roads", "centroid_wkt": "POINT (76.9497129405644 43.24291494737475)", "bbox": [76.94967951625586, 43.24286978691816, 76.94973316043615, 43.24297238141298], "pixel_bbox": [3248, 8551, 3328, 8704], "area_m2": 33.466}}, {"type": "Feature", "geometry": {"type": "Polygon", "coordinates": [[[76.9482733681798, 43.24286911636591], [76.9482733681798, 43.2428677752614], [76.9482747092843, 43.2428677752614], [76.9482747092843, 43.24286576360464], [76.9482733681798, 43.24286576360464], [76.9482733681798, 43.24286442250013], [76.94826934486628, 43.24286442250013], [76.94826867431402, 43.24286710470915], [76.94826666265726, 43.24286710470915], [76.94826532155275, 43.24286174029112], [76.94826330989599, 43.242859058082104], [76.9482646510005, 43.242857716977596], [76.94826398044825, 43.242855705320835], [76.94826666265726, 43.24285302311182], [76.94826934486628, 43.24285302311182], [76.9482733681798, 43.24285838752985], [76.94827672094107, 43.24285637587309], [76.94828074425459, 43.24285838752985], [76.9482820853591, 43.24286241084337], [76.94828141480684, 43.24286442250013], [76.94828007370234, 43.24286576360464], [76.94827806204557, 43.24286576360464], [76.94827806204557, 43.24286710470915], [76.94827537983656, 43.24286710470915], [76.94827806204557, 43.242868445813656], [76.9482733681798, 43.24286911636591]], [[76.94826532155275, 43.24285637587309], [76.94826599210501, 43.24285704642534], [76.94826599210501, 43.24285637587309], [76.94826532155275, 43.24285637587309]]]}, "properties": {"id": 546, "class": "road", "confidence": 100.0, "source": "Almaty_9", "source_model": "unet-roads", "centroid_wkt": "POINT (76.94827278126155 43.242860522491256)", "bbox": [76.94826330989599, 43.24285302311182, 76.9482820853591, 43.24286911636591], "pixel_bbox": [1136, 8705, 1164, 8729], "area_m2": 1.532}}, {"type": "Feature", "geometry": {"type": "Polygon", "coordinates": [[[76.95110645145178, 43.24286911636591], [76.95104006677866, 43.24286911636591], [76.95104073733091, 43.242866434156895], [76.95103604346514, 43.24286241084337], [76.95103604346514, 43.242861069738865], [76.95103470236063, 43.242861069738865], [76.95103067904711, 43.24285704642534], [76.95103067904711, 43.242855705320835], [76.95102598518133, 43.24285101145506], [76.95102330297232, 43.24284631758928], [76.95102330297232, 43.24283894151449], [76.95102464407682, 43.242837600409985], [76.95102531462908, 43.242834247648716], [76.95103470236063, 43.24282418936491], [76.95103470236063, 43.2428228482604], [76.95103604346514, 43.2428228482604], [76.95103872567415, 43.24282016605139], [76.9510393962264, 43.24281681329012], [76.95104073733091, 43.242816142737865], [76.95104274898767, 43.242810778319836], [76.95104274898767, 43.2428040727973], [76.95103738456964, 43.24279334396124], [76.95103738456964, 43.24278865009546], [76.95103872567415, 43.24278596788645], [76.95104274898767, 43.242781944572926], [76.95104744285345, 43.24277926236391], [76.95106353610754, 43.24277523905039], [76.95107761770487, 43.24277523905039], [76.95108164101839, 43.242776580154896], [76.95109035819769, 43.24277725070715], [76.95110108703375, 43.24278127402067], [76.95110645145178, 43.24278127402067], [76.95110645145178, 43.24286911636591]]]}, "properties": {"id": 547, "class": "road", "confidence": 100.0, "source": "Almaty_9", "source_model": "unet-roads", "centroid_wkt": "POINT (76.95107059451192 43.24282448500131)", "bbox": [76.95102330297232, 43.24277523905039, 76.95110645145178, 43.24286911636591], "pixel_bbox": [5252, 8705, 5376, 8845], "area_m2": 59.081}}, {"type": "Feature", "geometry": {"type": "Polygon", "coordinates": [[[76.94832902401686, 43.24286978691816], [76.94832567125559, 43.242868445813656], [76.94832567125559, 43.242863081395626], [76.9483270123601, 43.24286039918661], [76.94834511727095, 43.242842964828014], [76.94834712892771, 43.24283894151449], [76.94834712892771, 43.242834247648716], [76.9483457878232, 43.2428315654397], [76.94833103567362, 43.24281815439463], [76.94831695407629, 43.24281211942434], [76.94830756634474, 43.24281144887209], [76.94830019026995, 43.24280943721533], [76.94829549640417, 43.24280675500631], [76.94829147309065, 43.24279870837927], [76.94829147309065, 43.24279334396124], [76.94829549640417, 43.242785297334194], [76.94830019026995, 43.24278060346842], [76.94830555468798, 43.24277859181166], [76.94830622524023, 43.24277725070715], [76.94831024855375, 43.24277590960264], [76.94831226021051, 43.24277389794588], [76.94831561297178, 43.24277322739363], [76.94831628352404, 43.24277188628912], [76.94832030683756, 43.24277054518461], [76.94832231849432, 43.24276853352785], [76.94834042340517, 43.24276249855757], [76.94834712892771, 43.24276249855757], [76.9483545050025, 43.242765851318836], [76.94835852831602, 43.242765851318836], [76.94835852831602, 43.24276451021433], [76.94835986942053, 43.242763839662075], [76.94835986942053, 43.24286911636591], [76.94832902401686, 43.24286978691816]]]}, "properties": {"id": 548, "class": "road", "confidence": 100.0, "source": "Almaty_9", "source_model": "unet-roads", "centroid_wkt": "POINT (76.94833574656386 43.24280706277111)", "bbox": [76.94829147309065, 43.24276249855757, 76.94835986942053, 43.24286978691816], "pixel_bbox": [1178, 8704, 1280, 8864], "area_m2": 37.314}}, {"type": "Feature", "geometry": {"type": "Polygon", "coordinates": [[[76.95267353206873, 43.24269812554121], [76.95267286151648, 43.242690078914165], [76.95267017930746, 43.24268203228712], [76.95266414433718, 43.242673985660076], [76.95266280323267, 43.242673985660076], [76.95265877991915, 43.2426692917943], [76.95265341550112, 43.242666609585285], [76.95265140384436, 43.24266392737627], [76.95265207439661, 43.24264246970415], [76.95266146212816, 43.242641128599644], [76.95267219096422, 43.242641128599644], [76.95268493145704, 43.24264448136091], [76.95269230753183, 43.242648504674435], [76.95269364863634, 43.242650516331196], [76.95269498974085, 43.242650516331196], [76.95269901305437, 43.24265453964472], [76.9527043774724, 43.24266392737627], [76.95270571857691, 43.242671974003315], [76.9527043774724, 43.242675326764584], [76.9527043774724, 43.24268069118261], [76.95270236581564, 43.242690078914165], [76.95270236581564, 43.24269812554121], [76.95267353206873, 43.24269812554121]]]}, "properties": {"id": 549, "class": "road", "confidence": 100.0, "source": "Almaty_9", "source_model": "unet-roads", "centroid_wkt": "POINT (76.95268040621262 43.24266783612166)", "bbox": [76.95265140384436, 43.242641128599644, 76.95270571857691, 43.24269812554121], "pixel_bbox": [7680, 8960, 7761, 9045], "area_m2": 20.175}}, {"type": "Feature", "geometry": {"type": "Polygon", "coordinates": [[[76.9517857208848, 43.24264649301767], [76.95177901536226, 43.242643140256405], [76.95177499204874, 43.24263911694288], [76.95176493376493, 43.242621682584286], [76.95175420492887, 43.24261028319597], [76.95175286382437, 43.24261028319597], [76.95174548774958, 43.24260290712118], [76.95174548774958, 43.242601566016674], [76.95174280554056, 43.24259888380766], [76.95174280554056, 43.24259217828512], [76.95174682885408, 43.242587484419346], [76.95175487548113, 43.24258346110582], [76.9517669454217, 43.24258077889681], [76.95179309695959, 43.24258077889681], [76.95179309695959, 43.242585472762585], [76.95180516690016, 43.242585472762585], [76.95181589573622, 43.24258681386709], [76.95184204727411, 43.24259351938963], [76.95185143500566, 43.242598213255405], [76.9518567994237, 43.242603577673435], [76.9518567994237, 43.242612294852734], [76.95185344666243, 43.24261497706175], [76.9518494233489, 43.242616318166256], [76.95181388407946, 43.24261900037527], [76.9518031552434, 43.24261900037527], [76.95179309695959, 43.24261765927076], [76.95179309695959, 43.24264582246542], [76.9517857208848, 43.24264649301767]]]}, "properties": {"id": 550, "class": "road", "confidence": 100.0, "source": "Almaty_9", "source_model": "unet-roads", "centroid_wkt": "POINT (76.95179494161869 43.24260544172196)", "bbox": [76.95174280554056, 43.24258077889681, 76.9518567994237, 43.24264649301767], "pixel_bbox": [6325, 9037, 6495, 9135], "area_m2": 35.756}}, {"type": "Feature", "geometry": {"type": "Polygon", "coordinates": [[[76.95113461464643, 43.24255261570215], [76.95112455636263, 43.242549262940884], [76.95112388581038, 43.242547921836376], [76.9511205330491, 43.24254658073187], [76.9511191919446, 43.2425432279706], [76.95111718028784, 43.24254188686609], [76.95111650973558, 43.24253719300032], [76.9511205330491, 43.24253249913454], [76.95112321525812, 43.24253182858229], [76.95112321525812, 43.242529816925526], [76.95112120360136, 43.242527805268764], [76.95113863795996, 43.24252646416426], [76.9511828944087, 43.242527805268764], [76.95117618888617, 43.242529816925526], [76.95117685943842, 43.24253182858229], [76.95118021219969, 43.24253249913454], [76.95118356496096, 43.24253585189581], [76.9511828944087, 43.24253920465708], [76.95118021219969, 43.24254188686609], [76.95117216557264, 43.24254456907511], [76.95117015391588, 43.24254658073187], [76.95115339010954, 43.2425519451499], [76.95113461464643, 43.24255261570215]]]}, "properties": {"id": 551, "class": "road", "confidence": 100.0, "source": "Almaty_9", "source_model": "unet-roads", "centroid_wkt": "POINT (76.95114882406273 43.24253826214881)", "bbox": [76.95111650973558, 43.24252646416426, 76.95118356496096, 43.24255261570215], "pixel_bbox": [5391, 9177, 5491, 9216], "area_m2": 12.31}}, {"type": "Feature", "geometry": {"type": "Polygon", "coordinates": [[[76.94904584437609, 43.242619670927525], [76.94904450327158, 43.24261832982302], [76.9490398094058, 43.24261900037527], [76.94902572780848, 43.24261698871851], [76.9490035995841, 43.242616318166256], [76.9489948824048, 43.24261497706175], [76.94895531982183, 43.24261497706175], [76.94894190877676, 43.242616318166256], [76.94891709834337, 43.242616318166256], [76.94891307502985, 43.24261497706175], [76.94889832288027, 43.242614306509495], [76.94889228790998, 43.242612294852734], [76.9488761946559, 43.24261028319597], [76.94887485355139, 43.24260961264372], [76.94887485355139, 43.242606930434704], [76.94886814802885, 43.24260625988245], [76.94885808974504, 43.242601566016674], [76.94885272532701, 43.242596201598644], [76.94885138422251, 43.24259217828512], [76.94885205477476, 43.24258144944906], [76.94885339587927, 43.242580108344555], [76.94885339587927, 43.242578096687794], [76.94885674864054, 43.24257541447878], [76.94886144250631, 43.24256602674723], [76.94886144250631, 43.242564015090466], [76.94886412471533, 43.2425606623292], [76.94886479526758, 43.24255730956793], [76.94886412471533, 43.24254523962736], [76.94886077195406, 43.24253719300032], [76.94886077195406, 43.2425345107913], [76.94886144250631, 43.24253249913454], [76.94886345416307, 43.24253115803003], [76.94886412471533, 43.242527805268764], [76.94886680692434, 43.242527805268764], [76.94886814802885, 43.24252646416426], [76.94884467869997, 43.242525793612], [76.9488587602973, 43.242525793612], [76.94886211305857, 43.242524452507496], [76.94886613637209, 43.242524452507496], [76.94887217134237, 43.242525793612], [76.94887083023787, 43.24252713471651], [76.94887552410364, 43.24252646416426], [76.94887552410364, 43.242527805268764], [76.94887954741716, 43.242527805268764], [76.94888155907393, 43.242529816925526], [76.94889094680548, 43.24253182858229], [76.9488963112235, 43.2425345107913], [76.9489050284028, 43.242535181343555], [76.94892849773169, 43.242535181343555], [76.94893185049295, 43.2425345107913], [76.94893319159746, 43.242533169686794], [76.94894056767225, 43.24253384023905], [76.94894056767225, 43.24253115803003], [76.94893788546324, 43.24253048747778], [76.94891575723886, 43.24252914637327], [76.9489137455821, 43.242527805268764], [76.94898281246424, 43.24252646416426], [76.94904584437609, 43.24252713471651], [76.94904584437609, 43.242619670927525]], [[76.9489499554038, 43.242582120001316], [76.94895599037409, 43.242582120001316], [76.9489673897624, 43.2425794377923], [76.94897007197142, 43.242576755583286], [76.9489761069417, 43.24257407337427], [76.94897677749395, 43.24257206171751], [76.94897476583719, 43.24257139116526], [76.94897342473269, 43.24256803840399], [76.94896806031466, 43.24256602674723], [76.94896470755339, 43.24256602674723], [76.94896135479212, 43.242564015090466], [76.94895330816507, 43.24256468564272], [76.94895263761282, 43.24256602674723], [76.9489499554038, 43.24256535619497], [76.9489486142993, 43.24256602674723], [76.9489486142993, 43.242569379508495], [76.94894459098577, 43.242572732269764], [76.94894727319479, 43.24258077889681], [76.94894928485155, 43.24258077889681], [76.9489499554038, 43.242582120001316]], [[76.9488688185811, 43.24252646416426], [76.94886948913336, 43.24252713471651], [76.94886948913336, 43.24252646416426], [76.9488688185811, 43.24252646416426]]]}, "properties": {"id": 552, "class": "road", "confidence": 100.0, "source": "Almaty_9", "source_model": "unet-roads", "centroid_wkt": "POINT (76.94895514176056 43.242571654847616)", "bbox": [76.94884467869997, 43.242524452507496, 76.94904584437609, 43.242619670927525], "pixel_bbox": [2003, 9077, 2303, 9219], "area_m2": 140.968}}, {"type": "Feature", "geometry": {"type": "Polygon", "coordinates": [[[76.94870453327894, 43.24250366538763], [76.94870319217443, 43.24250299483538], [76.94870319217443, 43.24249092489481], [76.94870453327894, 43.242486231029034], [76.94871325045824, 43.24248757213354], [76.94871928542852, 43.24249159544706], [76.94871995598078, 43.242493607103825], [76.94871861487627, 43.24249695986509], [76.94871593266726, 43.24249763041735], [76.94871325045824, 43.24250031262636], [76.94871123880148, 43.24250031262636], [76.94870453327894, 43.24250366538763]]]}, "properties": {"id": 553, "class": "road", "confidence": 100.0, "source": "Almaty_9", "source_model": "unet-roads", "centroid_wkt": "POINT (76.94871037434093 43.24249397060312)", "bbox": [76.94870319217443, 43.242486231029034, 76.94871995598078, 43.24250366538763], "pixel_bbox": [1792, 9250, 1817, 9276], "area_m2": 1.799}}, {"type": "Feature", "geometry": {"type": "Polygon", "coordinates": [[[76.95024948567152, 43.24249092489481], [76.95024814456701, 43.24248019605875], [76.95024881511927, 43.242427222430706], [76.95025015622377, 43.2424258813262], [76.95025015622377, 43.24242789298296], [76.95026557892561, 43.24242789298296], [76.95027362555265, 43.242430575191975], [76.95027429610491, 43.24243191629648], [76.95027630776167, 43.24243191629648], [76.95027697831392, 43.24243325740099], [76.95027966052294, 43.24243392795324], [76.95027966052294, 43.24243526905775], [76.95028100162745, 43.24243526905775], [76.95028435438871, 43.24243996292353], [76.95028636604548, 43.24245270341635], [76.95028502494097, 43.242470137774944], [76.95027831941843, 43.24247885495424], [76.95027697831392, 43.24247885495424], [76.95027496665716, 43.24248153716326], [76.95026826113462, 43.242484889924526], [76.95026759058237, 43.242486231029034], [76.95026088505983, 43.24248891323805], [76.95025216788054, 43.2424895837903], [76.95024948567152, 43.24249092489481]]]}, "properties": {"id": 554, "class": "road", "confidence": 100.0, "source": "Almaty_9", "source_model": "unet-roads", "centroid_wkt": "POINT (76.95026561949382 43.24245717677632)", "bbox": [76.95024814456701, 43.2424258813262, 76.95028636604548, 43.24249092489481], "pixel_bbox": [4096, 9269, 4153, 9366], "area_m2": 17.917}}, {"type": "Feature", "geometry": {"type": "Polygon", "coordinates": [[[76.9494267180562, 43.24242051690817], [76.94941062480211, 43.242417834699154], [76.94939520210028, 43.242417834699154], [76.94939184933901, 43.24241649359465], [76.94938983768225, 43.2424171641469], [76.94938916713, 43.242414481937885], [76.94937910884619, 43.24241381138563], [76.94937709718943, 43.242412470281124], [76.94936972111464, 43.24241112917662], [76.94936770945787, 43.242409117519855], [76.94936569780111, 43.242409117519855], [76.94936368614435, 43.24240643531084], [76.94936234503984, 43.24240643531084], [76.94936033338308, 43.24240308254957], [76.94936100393534, 43.24239905923605], [76.9493643566966, 43.242394365370274], [76.94936234503984, 43.24239235371351], [76.94937441498041, 43.242391012609005], [76.94944079965353, 43.242391012609005], [76.94945085793734, 43.24239235371351], [76.94944951683283, 43.24239369481802], [76.94945018738508, 43.242396377027035], [76.94945219904184, 43.24239704757929], [76.94945219904184, 43.242398388683796], [76.94945354014635, 43.24239905923605], [76.94945354014635, 43.242401741445065], [76.94945488125086, 43.242403753101826], [76.94945354014635, 43.24240978807211], [76.94945152848959, 43.24241179972887], [76.94945152848959, 43.24241314083338], [76.94944817572832, 43.24241649359465], [76.94944147020578, 43.242419846355915], [76.9494267180562, 43.24242051690817]]]}, "properties": {"id": 555, "class": "road", "confidence": 100.0, "source": "Almaty_9", "source_model": "unet-roads", "centroid_wkt": "POINT (76.94941043697244 43.24240380849298)", "bbox": [76.94936033338308, 43.242391012609005, 76.94945488125086, 43.24242051690817], "pixel_bbox": [2772, 9374, 2913, 9418], "area_m2": 20.666}}]}